2.397572299999999879e-01 6.358524000000000120e-02 5.438422800000000112e-01 1.016373779999999893e+00 7.806152600000000330e-01 0.000000000000000000e+00
2.145561300000000116e-01 5.726400000000000240e-02 5.386398100000000522e-01 1.010668710000000026e+00 6.227204600000000312e-01 0.000000000000000000e+00
1.191574799999999962e-01 7.464780000000000026e-02 6.218655199999999494e-01 1.076934889999999978e+00 9.842237499999999528e-01 0.000000000000000000e+00
3.038067300000000248e-01 2.391398999999999955e-02 8.788418999999999537e-01 1.143009310000000056e+00 8.129594999999999461e-01 0.000000000000000000e+00
3.667018899999999748e-01 7.458592999999999473e-02 5.648438599999999754e-01 1.023337909999999962e+00 7.366678599999999522e-01 0.000000000000000000e+00
2.407869499999999996e-01 2.570466999999999891e-02 6.590336100000000474e-01 8.854008100000000381e-01 8.714609100000000330e-01 0.000000000000000000e+00
2.208212300000000072e-01 4.663964000000000304e-02 8.549905100000000369e-01 1.096584009999999942e+00 7.440927899999999484e-01 0.000000000000000000e+00
1.650219400000000058e-01 2.060851000000000002e-02 8.916372999999999660e-01 1.108514329999999992e+00 7.644747699999999702e-01 0.000000000000000000e+00
2.517286300000000088e-01 2.151120000000000115e-02 5.995459100000000152e-01 1.070808009999999921e+00 7.667198800000000203e-01 0.000000000000000000e+00
3.035484299999999802e-01 2.891279000000000071e-02 7.912019300000000532e-01 1.188304189999999982e+00 9.501609100000000252e-01 0.000000000000000000e+00
2.073446599999999862e-01 6.738708000000000198e-02 8.917350299999999841e-01 1.118070820000000021e+00 6.228166600000000219e-01 0.000000000000000000e+00
2.102390799999999949e-01 6.710742999999999570e-02 5.249540200000000212e-01 1.089181469999999985e+00 7.257847099999999996e-01 0.000000000000000000e+00
1.544426100000000079e-01 7.134735999999999856e-02 8.665427399999999780e-01 1.098986889999999939e+00 9.484265600000000296e-01 0.000000000000000000e+00
3.480187699999999773e-01 5.359466000000000230e-02 5.806028199999999639e-01 1.058036570000000065e+00 9.394407999999999648e-01 0.000000000000000000e+00
1.994732600000000133e-01 3.211978000000000055e-02 8.992430399999999935e-01 9.830527300000000412e-01 9.565237300000000165e-01 0.000000000000000000e+00
1.309146999999999950e-01 6.495441000000000409e-02 5.692563499999999665e-01 1.026335020000000098e+00 6.725723200000000013e-01 0.000000000000000000e+00
2.343000000000000083e-01 4.827000000000000041e-02 6.479000000000000314e-01 9.755000000000000338e-01 7.946999999999999620e-01 2.064250000000000113e-02
2.732890800000000175e-01 5.435816999999999732e-02 7.467076799999999848e-01 1.155926680000000095e+00 8.356500399999999829e-01 0.000000000000000000e+00
1.455868200000000057e-01 6.383055999999999452e-02 8.460061599999999515e-01 9.397016000000000258e-01 7.003168100000000118e-01 0.000000000000000000e+00
4.252313600000000027e-01 3.045130999999999880e-02 8.066461600000000010e-01 8.498185099999999714e-01 6.006033899999999592e-01 0.000000000000000000e+00
1.119024500000000005e-01 5.689443000000000278e-02 8.598229400000000355e-01 9.555165199999999803e-01 7.716505399999999959e-01 0.000000000000000000e+00
2.724206599999999812e-01 6.616234000000000004e-02 5.643871799999999883e-01 1.097105100000000055e+00 7.086239800000000422e-01 0.000000000000000000e+00
4.410159799999999741e-01 6.512479000000000184e-02 5.405577499999999480e-01 1.136013479999999909e+00 9.589726200000000533e-01 0.000000000000000000e+00
3.362999999999999878e-01 5.661000000000000060e-02 6.097000000000000197e-01 1.179499999999999993e+00 8.063000000000000167e-01 2.295325000000000004e-01
1.624411299999999891e-01 6.145250000000000018e-02 8.746829499999999591e-01 9.383222100000000454e-01 9.828121399999999452e-01 0.000000000000000000e+00
4.445277499999999993e-01 7.252408999999999939e-02 6.254672100000000512e-01 9.140010499999999816e-01 7.962086099999999833e-01 0.000000000000000000e+00
2.141582800000000064e-01 3.563134999999999913e-02 6.589134300000000222e-01 9.517640800000000123e-01 6.169112799999999508e-01 0.000000000000000000e+00
1.248899799999999977e-01 5.187941000000000080e-02 8.029658100000000021e-01 8.696700499999999723e-01 6.668490099999999643e-01 0.000000000000000000e+00
2.279822499999999974e-01 6.943082999999999894e-02 5.238577100000000319e-01 8.705581799999999593e-01 6.652290199999999487e-01 0.000000000000000000e+00
4.021270800000000256e-01 2.606609000000000009e-02 6.986888999999999461e-01 1.079710320000000001e+00 9.368941800000000208e-01 0.000000000000000000e+00
2.027236099999999985e-01 6.922200000000000575e-02 6.901036299999999679e-01 8.797817399999999788e-01 8.689456199999999741e-01 0.000000000000000000e+00
1.458028299999999944e-01 4.453909000000000340e-02 6.282378600000000368e-01 8.401922400000000346e-01 7.789488599999999652e-01 0.000000000000000000e+00
4.310220699999999794e-01 7.576642999999999573e-02 6.023296999999999679e-01 1.146650270000000083e+00 7.582273000000000485e-01 0.000000000000000000e+00
4.684716700000000067e-01 7.245353999999999683e-02 6.937749699999999908e-01 9.917202800000000096e-01 7.785830900000000332e-01 0.000000000000000000e+00
4.199307199999999796e-01 3.959050000000000069e-02 6.331744000000000261e-01 9.639199000000000517e-01 7.777211699999999617e-01 0.000000000000000000e+00
1.854658999999999891e-01 6.974826000000000636e-02 5.865732999999999642e-01 1.030996129999999900e+00 6.648083799999999766e-01 0.000000000000000000e+00
2.817583699999999802e-01 7.663153000000000326e-02 6.635908700000000549e-01 1.158413579999999943e+00 7.434733399999999826e-01 0.000000000000000000e+00
4.967758400000000241e-01 7.054615999999999665e-02 8.053024500000000030e-01 9.230524399999999741e-01 8.524925899999999945e-01 0.000000000000000000e+00
2.219253900000000002e-01 3.146695000000000048e-02 8.162936200000000531e-01 8.135382700000000078e-01 8.542343100000000522e-01 0.000000000000000000e+00
2.068637799999999971e-01 7.384137999999999813e-02 7.712855800000000261e-01 9.068486999999999520e-01 6.403643199999999869e-01 0.000000000000000000e+00
3.300473700000000066e-01 4.018704000000000026e-02 8.239851000000000258e-01 9.627206099999999767e-01 9.360268099999999869e-01 0.000000000000000000e+00
4.849697600000000275e-01 6.843581999999999443e-02 5.602283500000000416e-01 8.336980299999999788e-01 6.362199499999999786e-01 0.000000000000000000e+00
1.351045200000000057e-01 3.511975999999999987e-02 5.637376699999999685e-01 9.432745099999999550e-01 7.832914500000000002e-01 0.000000000000000000e+00
1.258037200000000078e-01 7.168568999999999636e-02 8.508193299999999848e-01 9.458169499999999896e-01 7.285127599999999815e-01 0.000000000000000000e+00
4.843000000000000083e-01 3.013000000000000053e-02 8.680999999999999828e-01 1.094300000000000050e+00 9.388999999999999568e-01 3.547675000000000134e-01
3.595214600000000149e-01 3.436452000000000256e-02 7.539865000000000039e-01 9.829088299999999556e-01 7.337508000000000363e-01 0.000000000000000000e+00
4.141141700000000037e-01 5.262784999999999686e-02 5.562047500000000255e-01 1.076650480000000076e+00 9.281984300000000188e-01 0.000000000000000000e+00
1.445341199999999882e-01 5.212788000000000144e-02 8.123683000000000431e-01 1.128038840000000098e+00 9.179515099999999705e-01 0.000000000000000000e+00
3.798725600000000258e-01 3.705382000000000120e-02 5.392829900000000176e-01 8.411872299999999525e-01 7.440843600000000002e-01 0.000000000000000000e+00
4.806964599999999921e-01 5.914562999999999765e-02 6.548756399999999811e-01 1.053796430000000006e+00 8.473482399999999748e-01 0.000000000000000000e+00
4.204858100000000154e-01 2.075888000000000039e-02 8.806000699999999570e-01 1.123007370000000060e+00 9.540290399999999948e-01 0.000000000000000000e+00
2.207214200000000015e-01 3.960352000000000317e-02 5.105056999999999512e-01 1.108020039999999984e+00 9.483888600000000002e-01 0.000000000000000000e+00
4.350287199999999799e-01 4.595149999999999929e-02 5.778175399999999629e-01 1.073166990000000043e+00 8.002507700000000002e-01 0.000000000000000000e+00
3.056113200000000196e-01 2.251134999999999942e-02 6.638202800000000403e-01 1.160466119999999934e+00 9.209301699999999924e-01 0.000000000000000000e+00
3.805015999999999954e-01 3.968788000000000177e-02 7.280664900000000106e-01 1.145067880000000038e+00 7.396814099999999836e-01 0.000000000000000000e+00
3.034999999999999920e-01 4.501000000000000140e-02 5.302999999999999936e-01 9.221000000000000307e-01 8.879000000000000226e-01 5.136625000000000218e-01
3.157859299999999925e-01 3.512962000000000029e-02 5.433049699999999982e-01 1.063780640000000055e+00 6.745262600000000441e-01 0.000000000000000000e+00
4.172301999999999955e-01 4.460947999999999997e-02 7.096565000000000234e-01 1.115853100000000042e+00 8.699184199999999700e-01 0.000000000000000000e+00
4.747000000000000108e-01 3.891000000000000014e-02 8.615000000000000435e-01 1.088899999999999979e+00 7.399000000000000021e-01 3.810025000000000217e-01
1.092106600000000011e-01 5.507499999999999896e-02 6.855149499999999563e-01 1.144308160000000019e+00 7.990325799999999923e-01 0.000000000000000000e+00
2.697497600000000051e-01 2.156326999999999897e-02 5.650638000000000050e-01 1.171676369999999912e+00 6.415388100000000149e-01 0.000000000000000000e+00
4.707840699999999989e-01 7.792499999999999427e-02 5.262525999999999593e-01 9.878305800000000136e-01 6.088216199999999523e-01 0.000000000000000000e+00
3.865677100000000088e-01 3.159216000000000107e-02 7.556764799999999838e-01 9.465335400000000066e-01 9.450920600000000116e-01 0.000000000000000000e+00
1.911039399999999999e-01 4.013205000000000244e-02 6.132568200000000358e-01 9.593450100000000536e-01 7.431777499999999703e-01 0.000000000000000000e+00
1.897538500000000017e-01 7.164186999999999639e-02 7.774054099999999634e-01 9.695594100000000104e-01 7.185953099999999871e-01 0.000000000000000000e+00
1.887167999999999901e-01 3.314037999999999706e-02 7.806702899999999890e-01 1.122951459999999901e+00 8.129930300000000054e-01 0.000000000000000000e+00
1.834473600000000038e-01 4.240196999999999716e-02 7.224036200000000241e-01 1.116469139999999971e+00 8.411905499999999813e-01 0.000000000000000000e+00
4.819208400000000170e-01 7.286048999999999998e-02 8.064673399999999770e-01 1.088695449999999898e+00 9.954686600000000052e-01 0.000000000000000000e+00
2.659533499999999773e-01 2.539912000000000072e-02 8.987050500000000053e-01 9.679448200000000391e-01 6.809073599999999615e-01 0.000000000000000000e+00
2.798902899999999860e-01 4.461512000000000117e-02 8.786041300000000387e-01 9.126889799999999831e-01 8.495880799999999677e-01 0.000000000000000000e+00
1.935969800000000018e-01 7.618123999999999729e-02 8.436529400000000178e-01 8.115090400000000148e-01 8.570486099999999885e-01 0.000000000000000000e+00
1.436190199999999861e-01 2.256814000000000042e-02 5.044478799999999596e-01 1.000543359999999993e+00 9.303653699999999693e-01 0.000000000000000000e+00
4.807794100000000181e-01 6.508097000000000187e-02 6.140189299999999628e-01 1.160707280000000008e+00 9.943801199999999785e-01 0.000000000000000000e+00
2.544946000000000152e-01 3.858621999999999747e-02 5.806208099999999872e-01 1.008347490000000013e+00 7.937282399999999738e-01 0.000000000000000000e+00
4.711000000000000187e-01 6.535000000000000531e-02 8.552999999999999492e-01 8.545000000000000373e-01 8.729000000000000092e-01 3.438775000000000026e-01
3.246691199999999777e-01 3.839589000000000196e-02 6.840094199999999791e-01 9.431307799999999464e-01 9.077825999999999951e-01 0.000000000000000000e+00
4.871391099999999863e-01 6.639549000000000145e-02 7.099054599999999882e-01 8.393461399999999628e-01 9.044723300000000465e-01 0.000000000000000000e+00
2.692624000000000128e-01 6.090225999999999973e-02 5.092991700000000233e-01 8.737388999999999850e-01 7.239852799999999533e-01 0.000000000000000000e+00
2.768410199999999932e-01 3.644209999999999811e-02 5.264050500000000410e-01 1.158277870000000043e+00 7.836628799999999506e-01 0.000000000000000000e+00
1.283027899999999999e-01 7.019912000000000374e-02 5.761400599999999539e-01 1.079184820000000045e+00 9.561022500000000424e-01 0.000000000000000000e+00
2.989710899999999949e-01 7.025823000000000484e-02 8.500428899999999954e-01 8.004525599999999796e-01 7.671327599999999691e-01 0.000000000000000000e+00
1.582155199999999984e-01 5.298950000000000188e-02 6.872743700000000233e-01 1.032011870000000053e+00 6.710367299999999702e-01 0.000000000000000000e+00
3.698389799999999838e-01 5.600335000000000035e-02 5.061861699999999908e-01 9.853950000000000209e-01 9.080126299999999873e-01 0.000000000000000000e+00
3.333665800000000234e-01 6.007457000000000075e-02 8.936468100000000137e-01 8.252886699999999465e-01 7.179343000000000252e-01 0.000000000000000000e+00
2.530803899999999884e-01 3.530018000000000045e-02 7.766853799999999808e-01 1.101883509999999955e+00 6.644284099999999693e-01 0.000000000000000000e+00
1.426020100000000013e-01 3.400921999999999973e-02 7.467717900000000464e-01 1.039086769999999937e+00 7.532331199999999782e-01 0.000000000000000000e+00
1.362654899999999891e-01 5.109580999999999845e-02 7.244533100000000170e-01 1.127094510000000049e+00 8.364880599999999777e-01 0.000000000000000000e+00
2.905345699999999920e-01 2.917859999999999898e-02 6.594970100000000501e-01 1.023838620000000033e+00 7.547659899999999977e-01 0.000000000000000000e+00
2.068109499999999934e-01 4.842450000000000226e-02 7.143330599999999642e-01 1.183854790000000046e+00 8.111958000000000224e-01 0.000000000000000000e+00
1.992937800000000037e-01 4.838214999999999877e-02 8.054693000000000547e-01 1.172278399999999943e+00 6.783900000000000485e-01 0.000000000000000000e+00
1.398987200000000042e-01 2.597566000000000111e-02 8.217104200000000525e-01 1.105186800000000025e+00 6.463456300000000043e-01 0.000000000000000000e+00
4.319135000000000058e-01 6.260284000000000681e-02 5.724479999999999569e-01 9.279213400000000389e-01 8.502335100000000256e-01 0.000000000000000000e+00
1.061813300000000043e-01 2.275989999999999958e-02 8.972255199999999986e-01 1.016555400000000109e+00 9.928866100000000028e-01 0.000000000000000000e+00
4.568486500000000228e-01 4.823020000000000085e-02 5.026238100000000042e-01 9.958009199999999783e-01 8.440682600000000146e-01 0.000000000000000000e+00
3.931817799999999807e-01 4.472348999999999769e-02 5.850344699999999731e-01 8.600323899999999799e-01 9.251368500000000106e-01 0.000000000000000000e+00
2.005393699999999946e-01 5.517140000000000238e-02 6.791460499999999456e-01 1.122908830000000080e+00 9.337462899999999788e-01 0.000000000000000000e+00
4.096317300000000272e-01 2.211016999999999844e-02 6.699576499999999601e-01 1.181645679999999921e+00 7.618938899999999625e-01 0.000000000000000000e+00
2.842122000000000259e-01 2.513314999999999994e-02 6.665627600000000319e-01 9.114668400000000004e-01 8.381150000000000544e-01 0.000000000000000000e+00
3.753225099999999981e-01 4.513149000000000327e-02 7.192202100000000264e-01 1.003015919999999950e+00 8.919699700000000009e-01 0.000000000000000000e+00
1.355148300000000028e-01 6.342187999999999992e-02 6.614297700000000280e-01 1.198322300000000062e+00 6.671501199999999576e-01 0.000000000000000000e+00
4.060734699999999919e-01 6.913141999999999898e-02 5.406616300000000042e-01 8.713264200000000459e-01 9.065270399999999507e-01 0.000000000000000000e+00
4.362136099999999739e-01 2.815930999999999990e-02 5.495185599999999893e-01 1.121932839999999931e+00 6.348845800000000317e-01 0.000000000000000000e+00
3.654682899999999734e-01 2.578514999999999974e-02 5.805356400000000194e-01 9.336684800000000228e-01 8.049323999999999923e-01 0.000000000000000000e+00
2.582579300000000244e-01 3.721233000000000180e-02 8.204606100000000346e-01 1.115236520000000064e+00 8.032185099999999967e-01 0.000000000000000000e+00
3.408983199999999769e-01 2.019786000000000151e-02 5.826459899999999470e-01 1.151249689999999992e+00 6.758441899999999558e-01 0.000000000000000000e+00
3.995837700000000048e-01 3.886345000000000077e-02 8.333481299999999647e-01 8.871430599999999833e-01 9.161891500000000077e-01 0.000000000000000000e+00
4.067885900000000055e-01 3.324869999999999909e-02 6.100619400000000248e-01 1.124574659999999948e+00 6.681322200000000544e-01 0.000000000000000000e+00
1.503041999999999989e-01 5.241252999999999884e-02 5.950765999999999556e-01 1.191084480000000001e+00 6.656084100000000392e-01 0.000000000000000000e+00
3.520862599999999842e-01 3.618264000000000202e-02 6.639328599999999581e-01 1.127903529999999988e+00 8.771372800000000192e-01 0.000000000000000000e+00
4.986939200000000127e-01 5.211848000000000175e-02 8.613694200000000523e-01 1.070233109999999987e+00 7.507215299999999703e-01 0.000000000000000000e+00
3.896999999999999909e-01 4.691000000000000031e-02 6.751000000000000334e-01 1.021099999999999897e+00 8.567000000000000171e-01 2.404225000000000112e-01
1.060609299999999977e-01 5.786319000000000184e-02 7.291115000000000235e-01 8.380239900000000519e-01 6.216585000000000027e-01 0.000000000000000000e+00
3.821777599999999775e-01 7.626273999999999553e-02 5.603474099999999902e-01 1.049910740000000064e+00 8.905932399999999527e-01 0.000000000000000000e+00
3.662337099999999901e-01 3.856687000000000309e-02 8.870765200000000350e-01 1.167400460000000084e+00 6.817781400000000325e-01 0.000000000000000000e+00
4.577518199999999760e-01 2.578157000000000018e-02 8.958478699999999906e-01 8.058339300000000316e-01 6.612374199999999647e-01 0.000000000000000000e+00
3.442654800000000126e-01 7.420150000000000357e-02 6.493897699999999773e-01 9.563706899999999678e-01 7.757979200000000297e-01 0.000000000000000000e+00
2.745491999999999932e-01 6.351740999999999637e-02 7.382696399999999493e-01 1.111948280000000011e+00 7.539076700000000297e-01 0.000000000000000000e+00
4.998925000000000174e-01 3.723151999999999712e-02 5.290669799999999645e-01 1.021166969999999896e+00 7.523295399999999633e-01 0.000000000000000000e+00
1.489914200000000133e-01 2.064683000000000143e-02 6.981741999999999670e-01 1.013560770000000000e+00 7.880596500000000004e-01 0.000000000000000000e+00
3.849472800000000028e-01 6.094051999999999802e-02 5.042804899999999702e-01 9.965054599999999541e-01 7.876256900000000449e-01 0.000000000000000000e+00
1.452390400000000137e-01 2.908155999999999936e-02 5.947368600000000338e-01 8.644557999999999964e-01 7.119054799999999794e-01 0.000000000000000000e+00
2.944504000000000010e-01 5.223811999999999900e-02 5.019909399999999966e-01 8.556166099999999997e-01 6.785841900000000315e-01 0.000000000000000000e+00
2.725293500000000035e-01 7.461528000000000604e-02 5.981495000000000006e-01 9.530563199999999568e-01 9.775998099999999580e-01 0.000000000000000000e+00
2.224374299999999915e-01 2.585793000000000119e-02 6.161827300000000118e-01 1.095356229999999931e+00 7.700500700000000309e-01 0.000000000000000000e+00
1.517394699999999874e-01 4.690770999999999830e-02 7.845706500000000361e-01 1.048367140000000086e+00 9.735872300000000257e-01 0.000000000000000000e+00
1.292810000000000070e-01 7.210816000000000447e-02 5.340550600000000259e-01 8.747154799999999897e-01 6.189777600000000435e-01 0.000000000000000000e+00
3.780785999999999869e-01 2.600351999999999872e-02 8.240914599999999979e-01 9.489095400000000513e-01 8.675154400000000265e-01 0.000000000000000000e+00
1.996676300000000126e-01 4.696010999999999935e-02 7.597540400000000194e-01 8.548675000000000024e-01 7.977293699999999932e-01 0.000000000000000000e+00
3.874102099999999771e-01 5.673406999999999756e-02 5.377357099999999779e-01 1.183362650000000071e+00 9.802390300000000112e-01 0.000000000000000000e+00
3.426972400000000141e-01 5.495035999999999671e-02 8.754268400000000394e-01 8.212454999999999616e-01 9.389021899999999698e-01 0.000000000000000000e+00
4.069115400000000160e-01 3.878311000000000258e-02 7.499726500000000184e-01 8.690267600000000092e-01 7.990071499999999993e-01 0.000000000000000000e+00
2.914999999999999813e-01 5.149000000000000105e-02 7.771000000000000130e-01 1.143100000000000005e+00 6.794999999999999929e-01 1.869625000000000037e-01
1.968999999999999917e-01 3.789000000000000007e-02 5.241000000000000103e-01 8.493000000000000549e-01 7.687000000000000499e-01 9.670824999999999561e-01
1.346064800000000006e-01 3.072319999999999912e-02 6.602708600000000150e-01 1.128669450000000074e+00 7.433859800000000018e-01 0.000000000000000000e+00
3.789095900000000183e-01 4.042558000000000262e-02 5.317996099999999782e-01 9.204362900000000458e-01 7.552064200000000449e-01 0.000000000000000000e+00
1.805972200000000027e-01 7.879400000000000293e-02 8.943149599999999921e-01 9.129687100000000166e-01 9.555750800000000211e-01 0.000000000000000000e+00
3.672691299999999992e-01 7.835677000000000614e-02 8.352733399999999753e-01 9.976847500000000091e-01 7.483963599999999827e-01 0.000000000000000000e+00
1.712140099999999998e-01 4.174092000000000080e-02 5.788581600000000105e-01 1.025637939999999970e+00 6.267774600000000085e-01 0.000000000000000000e+00
4.587584299999999948e-01 4.307761999999999702e-02 7.421922399999999476e-01 9.006127499999999619e-01 9.392234600000000100e-01 0.000000000000000000e+00
3.411947499999999911e-01 4.306067999999999701e-02 7.137801900000000366e-01 1.121903660000000080e+00 6.639487600000000267e-01 0.000000000000000000e+00
2.859582199999999852e-01 3.610677999999999804e-02 7.950599900000000497e-01 8.035640899999999531e-01 7.740706899999999502e-01 0.000000000000000000e+00
4.594979299999999989e-01 6.539807000000000259e-02 7.531775200000000448e-01 1.069662380000000024e+00 8.568145299999999631e-01 0.000000000000000000e+00
1.289432799999999935e-01 6.756157999999999608e-02 7.881378199999999890e-01 9.814839699999999834e-01 9.604762100000000524e-01 0.000000000000000000e+00
4.199425199999999858e-01 5.714953999999999867e-02 5.285494299999999868e-01 1.097762230000000061e+00 9.581630199999999764e-01 0.000000000000000000e+00
3.497842299999999738e-01 2.043081000000000064e-02 7.640301499999999635e-01 1.082255650000000013e+00 9.705933300000000319e-01 0.000000000000000000e+00
4.348659500000000011e-01 4.859383999999999926e-02 7.444247000000000503e-01 1.183035920000000019e+00 7.667491600000000407e-01 0.000000000000000000e+00
2.938658000000000103e-01 6.716524999999999579e-02 6.390369700000000375e-01 9.838018499999999777e-01 8.639409999999999590e-01 0.000000000000000000e+00
1.862602499999999883e-01 6.895598999999999479e-02 6.591313500000000047e-01 8.879536700000000282e-01 9.162468900000000360e-01 0.000000000000000000e+00
3.049239599999999939e-01 2.767586000000000004e-02 7.627069699999999841e-01 8.050556599999999507e-01 8.506318600000000174e-01 0.000000000000000000e+00
3.564421400000000184e-01 5.613714999999999677e-02 8.143876300000000290e-01 8.787285900000000316e-01 9.183611200000000307e-01 0.000000000000000000e+00
1.089375100000000013e-01 5.117175000000000196e-02 6.199881000000000419e-01 1.171585040000000077e+00 9.745970999999999940e-01 0.000000000000000000e+00
4.566239599999999954e-01 5.849359999999999976e-02 6.947463299999999675e-01 1.041619660000000058e+00 8.381599199999999472e-01 0.000000000000000000e+00
4.709882499999999972e-01 7.832616000000000578e-02 8.541030400000000355e-01 1.148568529999999921e+00 6.801299200000000544e-01 0.000000000000000000e+00
3.564054300000000230e-01 7.238253000000000048e-02 5.114970800000000484e-01 8.221007999999999649e-01 6.674488899999999614e-01 0.000000000000000000e+00
4.938796500000000034e-01 2.017104000000000119e-02 5.479928699999999653e-01 1.058675929999999932e+00 7.753090099999999651e-01 0.000000000000000000e+00
2.957483499999999932e-01 4.491537999999999781e-02 8.319425299999999579e-01 1.093672940000000038e+00 6.637872299999999504e-01 0.000000000000000000e+00
3.714396200000000259e-01 7.405443999999999916e-02 8.788205100000000547e-01 9.484654799999999719e-01 7.019901299999999900e-01 0.000000000000000000e+00
1.658999999999999919e-01 6.848999999999999533e-02 6.633000000000000007e-01 8.038999999999999480e-01 7.931000000000000272e-01 8.329374999999999973e-01
4.067110500000000184e-01 7.053523999999999905e-02 8.570719199999999871e-01 9.518670099999999579e-01 6.966697400000000373e-01 0.000000000000000000e+00
1.417665399999999964e-01 2.791176000000000074e-02 5.113415199999999938e-01 1.056589409999999951e+00 6.613269200000000403e-01 0.000000000000000000e+00
2.539018599999999792e-01 7.151287000000000615e-02 5.786775899999999639e-01 1.065452269999999979e+00 6.168086200000000296e-01 0.000000000000000000e+00
1.169793600000000044e-01 6.541125000000000411e-02 5.519004800000000266e-01 1.080812689999999909e+00 8.031822400000000473e-01 0.000000000000000000e+00
4.955232399999999759e-01 3.088329000000000074e-02 7.203041300000000424e-01 1.168162939999999983e+00 9.971665600000000351e-01 0.000000000000000000e+00
3.581196799999999958e-01 4.312450999999999784e-02 6.059330699999999625e-01 9.357289399999999535e-01 6.205415499999999973e-01 0.000000000000000000e+00
2.928450899999999746e-01 5.885387999999999731e-02 5.988227999999999884e-01 1.016414259999999903e+00 8.605145499999999892e-01 0.000000000000000000e+00
1.269543800000000056e-01 6.927316000000000029e-02 8.367678899999999587e-01 8.930782400000000232e-01 9.960984899999999476e-01 0.000000000000000000e+00
4.650655000000000205e-01 4.391852999999999729e-02 8.494228099999999726e-01 1.067908019999999958e+00 7.158406299999999778e-01 0.000000000000000000e+00
3.012346699999999822e-01 2.343017999999999837e-02 7.248692799999999492e-01 9.743076299999999801e-01 9.297012099999999446e-01 0.000000000000000000e+00
1.680999999999999994e-01 6.553000000000000491e-02 7.854999999999999760e-01 1.170500000000000096e+00 7.158999999999999808e-01 5.656375000000000153e-01
2.430262099999999925e-01 6.283168000000000086e-02 6.435600900000000291e-01 8.249608099999999888e-01 8.875851900000000239e-01 0.000000000000000000e+00
1.603994300000000095e-01 5.654226999999999864e-02 8.661530299999999905e-01 9.951669699999999841e-01 6.010691700000000415e-01 0.000000000000000000e+00
2.756685700000000017e-01 3.854325000000000112e-02 8.764915199999999684e-01 1.090337780000000034e+00 6.048561199999999971e-01 0.000000000000000000e+00
1.637828899999999865e-01 4.806225000000000080e-02 6.728496000000000477e-01 8.524296300000000493e-01 8.523796099999999543e-01 0.000000000000000000e+00
2.543745900000000115e-01 3.421808999999999962e-02 7.841671700000000245e-01 1.040752219999999895e+00 9.801262400000000374e-01 0.000000000000000000e+00
4.044230699999999956e-01 7.987294000000000338e-02 7.129854199999999809e-01 9.557905399999999663e-01 7.159181100000000519e-01 0.000000000000000000e+00
2.297986499999999932e-01 2.392000000000000029e-02 5.247430699999999781e-01 9.981599500000000180e-01 7.854389999999999983e-01 0.000000000000000000e+00
3.565133100000000277e-01 7.684721999999999387e-02 5.261614999999999487e-01 1.128063650000000084e+00 8.484852800000000084e-01 0.000000000000000000e+00
3.381320999999999910e-01 7.459569000000000616e-02 8.821060200000000462e-01 9.355015500000000150e-01 6.040628799999999687e-01 0.000000000000000000e+00
4.819961999999999858e-01 5.160100000000000103e-02 8.746434199999999493e-01 1.194479870000000110e+00 8.487496399999999719e-01 0.000000000000000000e+00
3.812694799999999939e-01 7.550184999999999536e-02 7.723456400000000555e-01 9.398106000000000515e-01 8.947840900000000319e-01 0.000000000000000000e+00
3.289174999999999738e-01 2.080036999999999858e-02 8.970975399999999711e-01 1.056306339999999899e+00 6.975270000000000081e-01 0.000000000000000000e+00
2.856187900000000113e-01 6.461200999999999750e-02 6.857461099999999643e-01 8.857140300000000410e-01 6.169951399999999975e-01 0.000000000000000000e+00
2.784931700000000121e-01 4.657946999999999782e-02 5.627687799999999685e-01 8.578686899999999893e-01 7.905331399999999675e-01 0.000000000000000000e+00
1.647926100000000060e-01 4.927481000000000222e-02 8.222814099999999904e-01 8.706146000000000162e-01 7.819772400000000179e-01 0.000000000000000000e+00
4.522063499999999792e-01 2.868553000000000075e-02 6.200943500000000164e-01 1.089903779999999989e+00 9.474911900000000387e-01 0.000000000000000000e+00
2.395888300000000026e-01 3.460396999999999779e-02 6.616344499999999851e-01 1.111560579999999909e+00 6.767275600000000058e-01 0.000000000000000000e+00
4.051938500000000221e-01 7.902550999999999326e-02 8.421858100000000347e-01 1.112747429999999982e+00 8.643544899999999753e-01 0.000000000000000000e+00
4.628819000000000128e-01 7.664550000000000529e-02 6.434534899999999613e-01 8.343853599999999648e-01 6.018476000000000381e-01 0.000000000000000000e+00
4.408216200000000251e-01 5.005302999999999836e-02 6.004461599999999510e-01 1.001894070000000081e+00 7.985912699999999642e-01 0.000000000000000000e+00
4.371865500000000071e-01 5.959687999999999791e-02 8.350487699999999958e-01 9.813796799999999765e-01 9.021443399999999890e-01 0.000000000000000000e+00
4.592185699999999926e-01 6.166699999999999959e-02 5.318549700000000380e-01 8.011095400000000089e-01 9.682574299999999745e-01 0.000000000000000000e+00
3.819100100000000220e-01 6.884308999999999568e-02 7.060113399999999872e-01 1.086136269999999904e+00 8.380426600000000503e-01 0.000000000000000000e+00
4.180137400000000225e-01 5.833842000000000194e-02 5.348420900000000477e-01 8.593946599999999769e-01 9.516869999999999497e-01 0.000000000000000000e+00
4.365782999999999747e-01 2.956488000000000171e-02 6.907169499999999962e-01 8.052130699999999752e-01 7.421137899999999954e-01 0.000000000000000000e+00
4.268903700000000190e-01 5.140248000000000039e-02 5.710220599999999980e-01 8.451926699999999792e-01 9.202923800000000210e-01 0.000000000000000000e+00
3.539759399999999889e-01 3.654781000000000002e-02 6.386984900000000076e-01 9.542509900000000211e-01 7.845128300000000499e-01 0.000000000000000000e+00
3.007000000000000228e-01 4.173000000000000320e-02 5.828999999999999737e-01 1.181499999999999995e+00 8.488999999999999879e-01 6.384024999999999839e-01
3.845215599999999845e-01 5.860113000000000127e-02 6.609580999999999928e-01 1.075952550000000008e+00 6.823488699999999962e-01 0.000000000000000000e+00
4.176098599999999994e-01 2.897906999999999914e-02 5.718687999999999549e-01 8.925544899999999782e-01 6.014977900000000322e-01 0.000000000000000000e+00
2.879638999999999949e-01 3.293660000000000337e-02 7.390676299999999754e-01 9.986981299999999617e-01 7.664197900000000452e-01 0.000000000000000000e+00
3.978555899999999812e-01 2.311521999999999882e-02 8.021201399999999815e-01 9.602805500000000105e-01 9.202791000000000166e-01 0.000000000000000000e+00
4.337179899999999977e-01 6.119291999999999787e-02 7.827195399999999914e-01 9.701828099999999511e-01 9.578627600000000353e-01 0.000000000000000000e+00
2.719669499999999851e-01 2.795430999999999958e-02 8.726386099999999812e-01 1.146786379999999994e+00 6.490292399999999517e-01 0.000000000000000000e+00
1.207646299999999978e-01 4.133027999999999702e-02 8.922166799999999842e-01 9.232877600000000129e-01 9.578446900000000541e-01 0.000000000000000000e+00
1.696550500000000017e-01 5.444177000000000044e-02 8.760419799999999979e-01 1.137224220000000008e+00 8.993645200000000006e-01 0.000000000000000000e+00
4.526709999999999900e-01 7.971222999999999503e-02 8.606370899999999935e-01 9.564742600000000206e-01 6.048064300000000060e-01 0.000000000000000000e+00
4.581948000000000132e-01 7.303819000000000283e-02 5.865337999999999941e-01 8.861772399999999772e-01 7.042413400000000490e-01 0.000000000000000000e+00
2.574677899999999742e-01 4.732743999999999840e-02 5.592684399999999778e-01 1.160121629999999904e+00 6.994918399999999759e-01 0.000000000000000000e+00
4.894719799999999732e-01 3.795740000000000225e-02 6.651770399999999972e-01 9.263651000000000524e-01 8.542904599999999737e-01 0.000000000000000000e+00
2.058664900000000131e-01 3.934478999999999754e-02 6.504462100000000246e-01 9.608166700000000393e-01 9.171167599999999753e-01 0.000000000000000000e+00
2.063785800000000059e-01 5.164549000000000223e-02 5.276026099999999719e-01 9.666650300000000362e-01 6.026506200000000257e-01 0.000000000000000000e+00
3.961122499999999991e-01 2.561922000000000157e-02 8.725861099999999704e-01 9.890646899999999686e-01 7.823006000000000126e-01 0.000000000000000000e+00
4.522301200000000132e-01 6.061371000000000120e-02 8.090601699999999674e-01 9.307995799999999598e-01 8.656911400000000256e-01 0.000000000000000000e+00
1.711863999999999886e-01 6.869400000000000506e-02 8.572640700000000447e-01 1.010174750000000010e+00 8.893617900000000409e-01 0.000000000000000000e+00
3.485198500000000199e-01 4.509293999999999802e-02 5.777277299999999949e-01 8.110380000000000367e-01 6.414769200000000060e-01 0.000000000000000000e+00
4.277053399999999894e-01 3.205830999999999958e-02 8.144455900000000526e-01 9.135382199999999564e-01 6.984442100000000098e-01 0.000000000000000000e+00
3.819000000000000172e-01 3.756999999999999923e-02 5.047000000000000375e-01 9.021000000000000130e-01 6.469000000000000306e-01 7.849224999999999675e-01
1.703474199999999994e-01 7.649557999999999358e-02 7.156038500000000413e-01 8.890299400000000185e-01 6.978669899999999648e-01 0.000000000000000000e+00
2.382093499999999864e-01 6.378504000000000118e-02 7.400603100000000545e-01 8.433167999999999775e-01 7.150902500000000384e-01 0.000000000000000000e+00
3.426162200000000269e-01 3.484356999999999732e-02 7.450997400000000104e-01 1.048958849999999998e+00 6.723371099999999601e-01 0.000000000000000000e+00
1.159167299999999956e-01 5.866604999999999737e-02 6.158081499999999986e-01 1.061228630000000006e+00 7.050895600000000041e-01 0.000000000000000000e+00
1.017003199999999968e-01 6.942315999999999765e-02 7.521866299999999672e-01 8.589279399999999454e-01 7.876942900000000192e-01 0.000000000000000000e+00
2.113601300000000072e-01 3.174534999999999857e-02 8.090725399999999512e-01 1.021190980000000081e+00 6.828572600000000214e-01 0.000000000000000000e+00
4.684507399999999766e-01 3.800060000000000243e-02 7.669566599999999568e-01 9.692932100000000162e-01 9.411696400000000295e-01 0.000000000000000000e+00
1.926819399999999960e-01 5.013477000000000211e-02 8.334429300000000262e-01 1.147785449999999985e+00 6.647153399999999879e-01 0.000000000000000000e+00
1.345617299999999905e-01 3.347059000000000145e-02 8.174916300000000247e-01 1.015124579999999943e+00 8.770837500000000508e-01 0.000000000000000000e+00
4.017003100000000049e-01 4.622466000000000075e-02 6.730416200000000071e-01 1.109747169999999894e+00 6.584627199999999458e-01 0.000000000000000000e+00
2.107699399999999890e-01 6.149029000000000300e-02 8.687706899999999566e-01 9.672815099999999555e-01 8.321994799999999914e-01 0.000000000000000000e+00
2.266175699999999904e-01 4.080613999999999769e-02 8.103249500000000438e-01 1.036255029999999966e+00 9.979688199999999787e-01 0.000000000000000000e+00
4.156872500000000081e-01 3.955231000000000025e-02 7.902621699999999860e-01 1.149614289999999928e+00 9.128124699999999869e-01 0.000000000000000000e+00
1.415585099999999985e-01 3.083980000000000055e-02 8.831006500000000425e-01 8.048142799999999930e-01 6.278496799999999656e-01 0.000000000000000000e+00
3.497721699999999934e-01 3.606050000000000227e-02 6.602804399999999685e-01 1.013884589999999974e+00 6.215124499999999941e-01 0.000000000000000000e+00
4.379427699999999812e-01 4.435924000000000117e-02 6.785925299999999716e-01 1.025594279999999969e+00 7.936027799999999521e-01 0.000000000000000000e+00
3.303078700000000034e-01 5.244445999999999830e-02 7.786585099999999704e-01 1.024748800000000015e+00 9.302160699999999505e-01 0.000000000000000000e+00
2.861200500000000146e-01 2.625482000000000163e-02 5.710348200000000540e-01 1.104428200000000082e+00 7.311597600000000474e-01 0.000000000000000000e+00
3.629808199999999818e-01 5.820275999999999922e-02 7.500065599999999888e-01 8.861972000000000182e-01 7.938035599999999636e-01 0.000000000000000000e+00
4.232071199999999922e-01 2.654271999999999881e-02 7.444644700000000448e-01 1.001648759999999916e+00 9.900433299999999992e-01 0.000000000000000000e+00
2.413179400000000085e-01 6.048421999999999826e-02 8.020371899999999554e-01 8.793820900000000051e-01 9.955295299999999958e-01 0.000000000000000000e+00
1.147873600000000049e-01 2.953242999999999840e-02 5.566219199999999923e-01 1.106518600000000019e+00 6.645077200000000239e-01 0.000000000000000000e+00
2.495762499999999995e-01 6.337120999999999726e-02 8.764700399999999503e-01 8.958175999999999917e-01 9.157647799999999449e-01 0.000000000000000000e+00
3.976094499999999754e-01 4.221256000000000314e-02 8.536739800000000544e-01 9.266041600000000100e-01 7.591990600000000367e-01 0.000000000000000000e+00
2.708012699999999828e-01 7.459723000000000048e-02 6.221747399999999484e-01 1.004228590000000088e+00 8.336137500000000422e-01 0.000000000000000000e+00
2.028298099999999993e-01 6.142577999999999927e-02 8.087864599999999848e-01 8.465271599999999452e-01 8.816833499999999768e-01 0.000000000000000000e+00
3.784266000000000019e-01 4.937118000000000062e-02 8.322491899999999720e-01 1.063444969999999934e+00 6.224102099999999638e-01 0.000000000000000000e+00
1.524229300000000120e-01 5.616738000000000286e-02 8.059231300000000431e-01 8.158221300000000342e-01 6.507058100000000511e-01 0.000000000000000000e+00
3.606785499999999867e-01 6.326204000000000549e-02 7.394491899999999784e-01 9.627979399999999632e-01 8.819868800000000286e-01 0.000000000000000000e+00
3.014723999999999737e-01 2.611872000000000152e-02 5.535736100000000492e-01 8.819925100000000073e-01 6.899598500000000412e-01 0.000000000000000000e+00
1.988345400000000041e-01 5.020366999999999885e-02 7.189115299999999653e-01 9.173652599999999602e-01 7.712695200000000417e-01 0.000000000000000000e+00
1.646864000000000106e-01 4.224566999999999906e-02 5.684230900000000197e-01 9.340037599999999607e-01 9.854921599999999504e-01 0.000000000000000000e+00
1.666578800000000082e-01 4.987431999999999976e-02 8.975344699999999731e-01 1.047379760000000104e+00 8.800756699999999766e-01 0.000000000000000000e+00
4.173174099999999997e-01 5.143091999999999803e-02 5.575696999999999459e-01 9.573178100000000468e-01 8.921629399999999599e-01 0.000000000000000000e+00
4.085586299999999782e-01 6.408494000000000690e-02 7.884874299999999891e-01 8.303062300000000340e-01 7.299415700000000395e-01 0.000000000000000000e+00
1.154155899999999985e-01 6.981574999999999587e-02 8.944673300000000049e-01 8.172790899999999858e-01 6.198421200000000519e-01 0.000000000000000000e+00
4.155904999999999738e-01 7.579486000000000556e-02 6.137804900000000119e-01 1.058749460000000031e+00 6.301069299999999540e-01 0.000000000000000000e+00
1.233433300000000010e-01 5.384272999999999837e-02 5.430152400000000101e-01 9.023528899999999631e-01 9.195616199999999685e-01 0.000000000000000000e+00
1.896456599999999937e-01 4.312018000000000101e-02 6.760849700000000073e-01 1.058972880000000005e+00 7.372657400000000028e-01 0.000000000000000000e+00
3.205000000000000071e-01 4.161000000000000115e-02 5.192999999999999838e-01 1.081700000000000106e+00 6.649000000000000465e-01 3.770425000000000026e-01
1.904624699999999948e-01 6.419371000000000105e-02 6.209980000000000500e-01 8.288043499999999675e-01 9.763896699999999873e-01 0.000000000000000000e+00
1.848366499999999912e-01 3.620849000000000290e-02 7.523026200000000330e-01 1.132997320000000085e+00 6.531863999999999448e-01 0.000000000000000000e+00
1.550266299999999986e-01 7.117323000000000399e-02 5.749354100000000356e-01 9.980104899999999724e-01 7.119895200000000424e-01 0.000000000000000000e+00
1.694880099999999945e-01 5.981079000000000256e-02 5.158393100000000508e-01 8.060015000000000374e-01 7.035756300000000074e-01 0.000000000000000000e+00
4.041451200000000243e-01 3.895366000000000106e-02 6.797135399999999494e-01 1.042219280000000081e+00 9.106671100000000019e-01 0.000000000000000000e+00
1.068441599999999936e-01 4.157977000000000201e-02 6.553968700000000203e-01 1.052726700000000015e+00 6.140264500000000014e-01 0.000000000000000000e+00
1.865515500000000104e-01 4.641619000000000300e-02 6.703054299999999799e-01 9.622590800000000444e-01 7.756559400000000437e-01 0.000000000000000000e+00
2.404649899999999896e-01 7.090272000000000241e-02 8.514971700000000254e-01 1.182137989999999972e+00 9.134584000000000037e-01 0.000000000000000000e+00
1.370028600000000041e-01 5.572736999999999830e-02 5.116464499999999749e-01 8.372854299999999972e-01 8.281834399999999929e-01 0.000000000000000000e+00
2.092400100000000041e-01 2.498662000000000105e-02 5.032677800000000534e-01 1.096300550000000040e+00 6.764777699999999783e-01 0.000000000000000000e+00
3.252875100000000019e-01 7.464484000000000397e-02 6.976784600000000003e-01 9.037035700000000116e-01 8.736031100000000160e-01 0.000000000000000000e+00
3.616131100000000154e-01 7.575031999999999599e-02 7.629065299999999716e-01 1.056431939999999958e+00 7.454882600000000137e-01 0.000000000000000000e+00
3.402473699999999934e-01 7.336207999999999618e-02 6.317445499999999603e-01 9.406737899999999541e-01 9.365925099999999892e-01 0.000000000000000000e+00
3.704336400000000085e-01 2.621663000000000118e-02 5.659705000000000430e-01 1.025241639999999954e+00 7.573978500000000391e-01 0.000000000000000000e+00
4.021000000000000130e-01 6.980999999999999706e-02 5.968999999999999861e-01 8.225000000000000089e-01 7.901000000000000245e-01 4.542625000000000135e-01
3.746617799999999998e-01 2.613874000000000059e-02 7.495750399999999702e-01 1.078954720000000034e+00 8.402636999999999468e-01 0.000000000000000000e+00
1.074839199999999967e-01 5.754872999999999933e-02 7.925617700000000543e-01 9.728377799999999853e-01 6.703127100000000338e-01 0.000000000000000000e+00
4.146244000000000041e-01 5.823687000000000308e-02 7.559477999999999476e-01 8.072471500000000244e-01 6.444135899999999806e-01 0.000000000000000000e+00
2.561319699999999866e-01 4.745238000000000234e-02 5.194487300000000252e-01 1.026087760000000015e+00 6.491222899999999907e-01 0.000000000000000000e+00
3.776999999999999802e-01 3.092999999999999916e-02 6.205000000000000515e-01 1.082500000000000018e+00 6.421000000000000041e-01 4.354525000000000201e-01
2.814748999999999723e-01 7.022593000000000585e-02 5.420491899999999585e-01 1.187378379999999956e+00 8.552687199999999823e-01 0.000000000000000000e+00
3.030322100000000241e-01 5.409690000000000332e-02 5.733752500000000030e-01 9.242548299999999717e-01 7.871903700000000281e-01 0.000000000000000000e+00
4.823670400000000247e-01 4.978227000000000346e-02 7.505856499999999931e-01 9.393107699999999616e-01 9.008088100000000153e-01 0.000000000000000000e+00
3.739480499999999763e-01 2.162789999999999851e-02 5.365732600000000518e-01 9.813232499999999803e-01 8.446742299999999704e-01 0.000000000000000000e+00
4.961106299999999969e-01 2.892605999999999997e-02 7.649413099999999854e-01 9.857610599999999668e-01 6.280113000000000500e-01 0.000000000000000000e+00
1.952311200000000080e-01 4.694159999999999999e-02 8.357411900000000227e-01 1.100568079999999949e+00 6.416095699999999624e-01 0.000000000000000000e+00
2.308550400000000113e-01 5.979842999999999964e-02 5.405419599999999880e-01 1.021433229999999970e+00 8.808522899999999822e-01 0.000000000000000000e+00
1.635408499999999876e-01 3.038304000000000005e-02 6.639426400000000283e-01 1.017775609999999942e+00 9.615169000000000077e-01 0.000000000000000000e+00
3.472041799999999734e-01 3.356383000000000283e-02 8.373013000000000261e-01 1.177166410000000107e+00 6.667989300000000119e-01 0.000000000000000000e+00
1.707178099999999976e-01 3.266014999999999890e-02 7.675553600000000198e-01 8.560314199999999873e-01 9.601970399999999461e-01 0.000000000000000000e+00
1.044999999999999957e-01 5.045000000000000179e-02 5.339000000000000412e-01 1.047299999999999898e+00 8.588999999999999968e-01 6.210774999999999491e-01
2.211648300000000067e-01 2.800282999999999939e-02 8.003115200000000540e-01 1.016033100000000022e+00 9.830170400000000086e-01 0.000000000000000000e+00
2.252334000000000003e-01 4.562709999999999683e-02 5.173597100000000282e-01 8.592943499999999846e-01 8.700333099999999487e-01 0.000000000000000000e+00
3.046731500000000037e-01 3.247512999999999789e-02 8.013781500000000113e-01 1.039327569999999978e+00 9.306935499999999806e-01 0.000000000000000000e+00
3.068358400000000263e-01 3.786729999999999957e-02 8.248358000000000079e-01 1.193939829999999924e+00 8.721751699999999996e-01 0.000000000000000000e+00
1.554836599999999958e-01 4.821861000000000202e-02 6.595518700000000401e-01 9.766325700000000332e-01 7.480517300000000258e-01 0.000000000000000000e+00
1.172301800000000033e-01 6.974155999999999411e-02 6.155730400000000158e-01 8.651330600000000093e-01 9.777966500000000449e-01 0.000000000000000000e+00
2.963188600000000172e-01 3.065992000000000023e-02 6.418994700000000275e-01 1.136858200000000041e+00 7.677396699999999852e-01 0.000000000000000000e+00
1.322054500000000021e-01 5.769142000000000020e-02 8.216010299999999544e-01 9.761386300000000071e-01 8.634711000000000469e-01 0.000000000000000000e+00
1.341471899999999995e-01 7.548166000000000597e-02 8.557593799999999584e-01 8.255880799999999464e-01 6.982754199999999800e-01 0.000000000000000000e+00
4.266865499999999978e-01 3.665795000000000164e-02 7.381318599999999730e-01 9.714294399999999774e-01 7.727853099999999476e-01 0.000000000000000000e+00
2.409876800000000097e-01 7.126773000000000136e-02 8.263417699999999755e-01 9.124187599999999954e-01 6.247419699999999798e-01 0.000000000000000000e+00
4.522819799999999724e-01 6.266985999999999390e-02 7.406400699999999837e-01 1.074037810000000093e+00 7.850998900000000225e-01 0.000000000000000000e+00
2.000497199999999864e-01 3.272030000000000077e-02 6.929781400000000202e-01 1.026926849999999947e+00 7.743553600000000481e-01 0.000000000000000000e+00
4.491333699999999762e-01 3.602041999999999744e-02 7.974154700000000151e-01 1.047432949999999918e+00 9.405960100000000379e-01 0.000000000000000000e+00
3.845341700000000085e-01 4.476092000000000265e-02 5.507666799999999530e-01 9.607783899999999822e-01 8.502972100000000255e-01 0.000000000000000000e+00
4.939663400000000038e-01 5.868547999999999820e-02 7.004085100000000397e-01 1.025608040000000054e+00 8.756928899999999460e-01 0.000000000000000000e+00
3.075652099999999778e-01 6.497258000000000200e-02 8.589933400000000496e-01 1.031440829999999975e+00 8.955450999999999828e-01 0.000000000000000000e+00
1.876567299999999938e-01 3.096867000000000023e-02 6.481277899999999814e-01 1.108427669999999976e+00 9.025632399999999889e-01 0.000000000000000000e+00
4.903507200000000177e-01 5.843776999999999999e-02 5.443170200000000403e-01 1.106320879999999951e+00 7.716176700000000332e-01 0.000000000000000000e+00
2.303955699999999940e-01 2.500314000000000009e-02 7.375423199999999735e-01 8.323165300000000544e-01 6.201411100000000509e-01 0.000000000000000000e+00
4.515533700000000095e-01 2.085106999999999933e-02 8.935827499999999812e-01 9.670392799999999456e-01 8.995791199999999543e-01 0.000000000000000000e+00
3.690661199999999975e-01 3.946648999999999990e-02 7.306095799999999807e-01 1.041415240000000075e+00 8.133529699999999529e-01 0.000000000000000000e+00
4.465662200000000137e-01 5.283792999999999823e-02 8.429183199999999987e-01 8.015551199999999543e-01 9.160804299999999456e-01 0.000000000000000000e+00
2.891367599999999927e-01 3.454150000000000276e-02 6.891768499999999520e-01 8.558013399999999660e-01 6.438645400000000407e-01 0.000000000000000000e+00
2.629807900000000198e-01 2.744556000000000079e-02 6.747585499999999570e-01 1.132230899999999929e+00 6.523291199999999845e-01 0.000000000000000000e+00
3.327847999999999917e-01 2.982121999999999898e-02 8.283327600000000013e-01 1.185447759999999962e+00 9.670318599999999654e-01 0.000000000000000000e+00
1.408999999999999975e-01 6.840999999999999859e-02 8.879000000000000226e-01 9.236999999999999655e-01 7.936999999999999611e-01 7.715575000000000072e-01
1.332248099999999991e-01 3.439644000000000035e-02 5.687688600000000427e-01 8.008932100000000220e-01 8.737452300000000394e-01 0.000000000000000000e+00
4.568917299999999959e-01 5.285629000000000022e-02 8.946645699999999923e-01 8.735336500000000504e-01 7.344520599999999622e-01 0.000000000000000000e+00
1.200487600000000044e-01 3.614911999999999986e-02 8.851250600000000190e-01 8.401317099999999760e-01 9.412507799999999536e-01 0.000000000000000000e+00
2.197422099999999934e-01 3.943077999999999861e-02 8.060209000000000401e-01 8.074343099999999884e-01 7.119777699999999543e-01 0.000000000000000000e+00
2.776003799999999799e-01 6.731824999999999615e-02 6.233049400000000295e-01 8.830826299999999796e-01 9.387375399999999814e-01 0.000000000000000000e+00
2.084488499999999911e-01 7.246102999999999572e-02 7.288451400000000024e-01 9.273896799999999940e-01 7.958562099999999528e-01 0.000000000000000000e+00
3.940162199999999726e-01 6.070139000000000090e-02 6.968713199999999608e-01 8.432062599999999852e-01 8.180467599999999839e-01 0.000000000000000000e+00
1.645536400000000010e-01 7.891441000000000427e-02 7.832014800000000054e-01 9.502793400000000279e-01 6.858653200000000005e-01 0.000000000000000000e+00
2.038067500000000087e-01 6.067142999999999842e-02 5.963628399999999496e-01 8.875769700000000206e-01 9.331914399999999832e-01 0.000000000000000000e+00
1.928892100000000054e-01 5.361545000000000200e-02 5.610003900000000154e-01 9.901761300000000432e-01 6.492668000000000328e-01 0.000000000000000000e+00
1.886036500000000116e-01 5.556230999999999670e-02 6.139328099999999955e-01 8.843860700000000241e-01 6.073452499999999477e-01 0.000000000000000000e+00
2.742155299999999851e-01 6.691700999999999899e-02 6.483661800000000142e-01 1.013704090000000058e+00 7.146102699999999919e-01 0.000000000000000000e+00
2.558622099999999788e-01 2.158726999999999868e-02 7.159630299999999448e-01 1.024910189999999943e+00 8.371810699999999716e-01 0.000000000000000000e+00
4.717471100000000250e-01 6.360797999999999452e-02 8.934725999999999502e-01 1.139141579999999987e+00 6.164876299999999532e-01 0.000000000000000000e+00
1.505000800000000083e-01 6.757311000000000567e-02 6.584273099999999879e-01 1.069442219999999999e+00 8.802393899999999549e-01 0.000000000000000000e+00
4.450446800000000258e-01 2.661898999999999862e-02 7.125359300000000395e-01 1.012249299999999907e+00 7.381396999999999542e-01 0.000000000000000000e+00
3.826996599999999971e-01 2.631939000000000153e-02 5.308257199999999454e-01 9.422300300000000517e-01 9.343010400000000271e-01 0.000000000000000000e+00
3.473742499999999955e-01 7.652201999999999615e-02 5.116377300000000128e-01 9.209424400000000288e-01 9.063070100000000240e-01 0.000000000000000000e+00
4.762850000000000139e-01 5.507288999999999934e-02 8.187982299999999602e-01 8.130321900000000435e-01 9.632541900000000101e-01 0.000000000000000000e+00
1.590315700000000110e-01 6.830084000000000155e-02 6.729108999999999785e-01 1.028743409999999914e+00 6.323456200000000527e-01 0.000000000000000000e+00
1.793369300000000055e-01 2.679076000000000027e-02 7.980032900000000318e-01 1.091184429999999983e+00 8.051089999999999636e-01 0.000000000000000000e+00
2.830151200000000089e-01 7.001925999999999983e-02 7.488598600000000438e-01 9.596662599999999932e-01 8.397420899999999966e-01 0.000000000000000000e+00
1.661267200000000055e-01 2.820691999999999991e-02 5.734596400000000482e-01 8.232628600000000407e-01 6.699896400000000529e-01 0.000000000000000000e+00
2.597483800000000009e-01 6.283826000000000689e-02 5.585919700000000487e-01 1.083597329999999914e+00 7.511593500000000034e-01 0.000000000000000000e+00
4.961230799999999941e-01 4.326673000000000324e-02 6.623113299999999759e-01 9.166324099999999531e-01 9.766099000000000308e-01 0.000000000000000000e+00
3.610601700000000136e-01 4.888620999999999939e-02 8.645487299999999875e-01 1.138345189999999896e+00 8.238480099999999640e-01 0.000000000000000000e+00
2.116421099999999944e-01 5.554536999999999669e-02 6.425520300000000518e-01 1.088092180000000075e+00 9.832302600000000226e-01 0.000000000000000000e+00
3.910988300000000084e-01 2.472198999999999924e-02 7.111763199999999729e-01 9.498755700000000024e-01 9.860512700000000352e-01 0.000000000000000000e+00
4.804849600000000165e-01 2.767274999999999943e-02 5.381102899999999911e-01 1.174137739999999930e+00 9.450104499999999463e-01 0.000000000000000000e+00
1.170322699999999938e-01 7.003254000000000423e-02 7.196551100000000423e-01 1.162984819999999919e+00 7.634299300000000343e-01 0.000000000000000000e+00
4.724525500000000267e-01 2.315147999999999859e-02 6.741807100000000164e-01 9.719413300000000477e-01 8.458636499999999669e-01 0.000000000000000000e+00
4.744407400000000274e-01 7.118296000000000345e-02 7.791634600000000299e-01 1.008247469999999923e+00 7.202182499999999488e-01 0.000000000000000000e+00
1.132149999999999962e-01 4.598394000000000092e-02 6.749900800000000478e-01 9.650982700000000358e-01 9.805788300000000124e-01 0.000000000000000000e+00
2.572999999999999732e-01 3.048999999999999974e-02 6.020999999999999686e-01 1.006699999999999928e+00 6.085000000000000409e-01 4.092175000000000118e-01
3.242503199999999808e-01 4.933393999999999974e-02 7.659966200000000169e-01 8.295155300000000009e-01 9.357892799999999456e-01 0.000000000000000000e+00
1.970875500000000002e-01 5.142937000000000203e-02 7.474921199999999821e-01 1.075992969999999938e+00 6.716863299999999981e-01 0.000000000000000000e+00
4.011233300000000002e-01 5.396051999999999793e-02 5.802379300000000129e-01 1.038844730000000105e+00 6.916074100000000335e-01 0.000000000000000000e+00
2.557461699999999949e-01 7.800229999999999664e-02 8.513449899999999682e-01 1.087223629999999996e+00 6.621002999999999750e-01 0.000000000000000000e+00
2.672566100000000056e-01 2.013817000000000038e-02 8.361612099999999881e-01 1.052005199999999974e+00 9.553132300000000132e-01 0.000000000000000000e+00
2.812695000000000056e-01 3.920938000000000201e-02 6.524687200000000020e-01 1.092093870000000022e+00 9.529064200000000318e-01 0.000000000000000000e+00
2.239041900000000029e-01 6.161811999999999845e-02 7.553697600000000012e-01 1.096931270000000014e+00 8.504604100000000555e-01 0.000000000000000000e+00
2.593151799999999785e-01 2.729277999999999912e-02 6.902948399999999651e-01 1.031536479999999978e+00 7.271194699999999900e-01 0.000000000000000000e+00
2.246817500000000134e-01 3.460549999999999737e-02 8.959212300000000129e-01 9.725176500000000113e-01 6.203796000000000310e-01 0.000000000000000000e+00
2.446660999999999975e-01 7.241680999999999813e-02 7.686956900000000426e-01 1.041643710000000000e+00 9.188897599999999999e-01 0.000000000000000000e+00
1.138023699999999999e-01 4.405979000000000145e-02 6.164992599999999934e-01 1.182552840000000050e+00 6.442417900000000364e-01 0.000000000000000000e+00
2.976212899999999828e-01 3.099562999999999971e-02 6.671772200000000153e-01 9.577458599999999489e-01 8.688646300000000267e-01 0.000000000000000000e+00
2.694893199999999767e-01 5.566901999999999961e-02 6.216332100000000471e-01 8.190675099999999986e-01 6.609903799999999885e-01 0.000000000000000000e+00
2.815514299999999914e-01 4.906811999999999979e-02 6.850684000000000218e-01 9.580178499999999486e-01 7.342847700000000311e-01 0.000000000000000000e+00
1.601577499999999876e-01 2.663596000000000019e-02 7.268290499999999765e-01 8.780552700000000543e-01 7.033944699999999939e-01 0.000000000000000000e+00
4.717871699999999779e-01 4.539984999999999854e-02 8.552878600000000109e-01 1.180672549999999932e+00 7.038451999999999487e-01 0.000000000000000000e+00
1.912271500000000124e-01 2.890759999999999857e-02 8.222588800000000253e-01 9.917505399999999582e-01 9.298443100000000072e-01 0.000000000000000000e+00
3.301599299999999904e-01 4.667207000000000300e-02 7.953268799999999583e-01 9.916644300000000412e-01 6.742383100000000073e-01 0.000000000000000000e+00
1.924787299999999868e-01 5.708031999999999689e-02 5.460590800000000300e-01 9.128752199999999872e-01 8.239951399999999593e-01 0.000000000000000000e+00
1.017433699999999996e-01 2.902566999999999994e-02 6.443265000000000242e-01 9.873597600000000307e-01 8.783649399999999829e-01 0.000000000000000000e+00
1.610188300000000017e-01 7.547333000000000514e-02 5.978738500000000400e-01 1.112838130000000092e+00 7.672573599999999994e-01 0.000000000000000000e+00
1.831811100000000081e-01 4.801373999999999920e-02 5.224637699999999940e-01 9.986784100000000164e-01 7.316167799999999666e-01 0.000000000000000000e+00
3.208767900000000228e-01 6.137486000000000330e-02 6.386771199999999871e-01 1.159730790000000011e+00 8.986072999999999977e-01 0.000000000000000000e+00
4.144565100000000002e-01 3.128378999999999882e-02 6.829118400000000477e-01 8.285694900000000196e-01 8.820223299999999655e-01 0.000000000000000000e+00
4.936727300000000040e-01 7.830610000000000348e-02 6.885846599999999595e-01 9.845347199999999743e-01 6.239839799999999936e-01 0.000000000000000000e+00
1.932500699999999960e-01 3.983972000000000208e-02 7.204637499999999584e-01 1.056415529999999992e+00 9.045918899999999541e-01 0.000000000000000000e+00
1.754957400000000112e-01 3.104037000000000115e-02 8.324393700000000118e-01 1.127359390000000072e+00 7.689544299999999666e-01 0.000000000000000000e+00
2.653445500000000123e-01 6.809703000000000284e-02 5.591346699999999448e-01 9.336978999999999695e-01 8.165702799999999817e-01 0.000000000000000000e+00
4.523914099999999938e-01 6.950283999999999629e-02 8.768258599999999570e-01 1.093687059999999933e+00 8.863188699999999809e-01 0.000000000000000000e+00
3.146773800000000065e-01 3.767161000000000121e-02 5.232960899999999915e-01 1.010637549999999996e+00 6.112809500000000451e-01 0.000000000000000000e+00
4.509439000000000086e-01 6.765854000000000312e-02 5.676350500000000299e-01 1.135757139999999943e+00 7.272585700000000486e-01 0.000000000000000000e+00
3.975027099999999813e-01 2.019135999999999848e-02 6.812074900000000266e-01 1.027469659999999951e+00 7.397805600000000315e-01 0.000000000000000000e+00
2.513906000000000196e-01 2.667115999999999931e-02 7.579635399999999912e-01 1.025618340000000073e+00 6.743963400000000386e-01 0.000000000000000000e+00
4.605709599999999737e-01 7.581488000000000116e-02 8.830210400000000348e-01 8.553212500000000329e-01 8.798061400000000143e-01 0.000000000000000000e+00
2.394995900000000122e-01 2.662360999999999894e-02 7.046559799999999596e-01 1.099342489999999950e+00 8.810250800000000160e-01 0.000000000000000000e+00
2.677128300000000127e-01 2.417338000000000126e-02 8.708296500000000107e-01 1.026193359999999943e+00 7.808229100000000367e-01 0.000000000000000000e+00
3.600423600000000057e-01 6.023252999999999940e-02 8.554692499999999589e-01 8.149932699999999919e-01 8.121472100000000083e-01 0.000000000000000000e+00
1.831376000000000115e-01 3.846842999999999790e-02 7.814849900000000460e-01 1.192195200000000010e+00 6.164072800000000019e-01 0.000000000000000000e+00
2.671545900000000251e-01 2.840171999999999836e-02 8.872037200000000290e-01 8.380543499999999479e-01 9.889939300000000211e-01 0.000000000000000000e+00
4.296793199999999757e-01 3.034227999999999925e-02 6.777470500000000175e-01 8.957161999999999624e-01 9.954713600000000273e-01 0.000000000000000000e+00
1.429474299999999864e-01 5.919536999999999716e-02 7.896250500000000505e-01 8.637399900000000130e-01 9.952068099999999973e-01 0.000000000000000000e+00
3.750999999999999890e-01 4.841000000000000164e-02 6.090999999999999748e-01 8.992999999999999883e-01 6.237000000000000322e-01 2.127024999999999888e-01
4.297258099999999859e-01 3.268970999999999683e-02 8.678662999999999794e-01 8.007218799999999970e-01 8.878203599999999751e-01 0.000000000000000000e+00
1.299474800000000041e-01 7.835519999999999985e-02 7.546100100000000532e-01 1.194915820000000073e+00 7.718425399999999659e-01 0.000000000000000000e+00
4.612982700000000102e-01 7.721745000000000692e-02 6.743106800000000511e-01 8.473859000000000252e-01 9.847475500000000270e-01 0.000000000000000000e+00
1.737230600000000125e-01 4.099536000000000152e-02 5.252559100000000480e-01 1.138603809999999994e+00 8.345115199999999511e-01 0.000000000000000000e+00
3.914366000000000234e-01 4.382276999999999700e-02 6.026209399999999938e-01 8.258499400000000046e-01 9.449897999999999909e-01 0.000000000000000000e+00
1.005467699999999936e-01 5.937189999999999829e-02 5.833753600000000095e-01 1.102015259999999941e+00 8.763275400000000159e-01 0.000000000000000000e+00
4.915197399999999828e-01 3.197305000000000286e-02 5.713873000000000424e-01 9.435319199999999684e-01 9.431696899999999495e-01 0.000000000000000000e+00
4.613752400000000198e-01 2.927350999999999911e-02 8.514455600000000457e-01 9.476690800000000525e-01 9.070806700000000333e-01 0.000000000000000000e+00
4.480389599999999861e-01 3.288848999999999939e-02 8.960853600000000529e-01 9.015144200000000385e-01 9.126138400000000095e-01 0.000000000000000000e+00
4.297695599999999949e-01 6.558018999999999654e-02 5.349060799999999505e-01 9.283783199999999791e-01 7.782041699999999729e-01 0.000000000000000000e+00
1.927380700000000113e-01 4.737612000000000073e-02 5.630828700000000131e-01 1.019988579999999923e+00 9.551907299999999879e-01 0.000000000000000000e+00
1.391000000000000014e-01 6.078999999999999682e-02 6.713000000000000078e-01 9.338999999999999524e-01 8.255000000000000115e-01 9.180774999999999908e-01
1.253626700000000094e-01 6.868731000000000142e-02 7.409756400000000465e-01 8.952761099999999583e-01 7.523501900000000298e-01 0.000000000000000000e+00
3.582145199999999807e-01 6.804817000000000504e-02 7.883291000000000048e-01 1.072536329999999927e+00 8.027721899999999966e-01 0.000000000000000000e+00
3.084318600000000021e-01 6.966150000000000120e-02 6.734024199999999460e-01 1.143874379999999968e+00 6.171773799999999977e-01 0.000000000000000000e+00
2.545194599999999752e-01 6.665063999999999711e-02 7.914596799999999988e-01 9.740738599999999581e-01 6.243304299999999918e-01 0.000000000000000000e+00
1.706019099999999955e-01 6.680909000000000153e-02 8.028776600000000485e-01 8.437488199999999550e-01 7.358616500000000338e-01 0.000000000000000000e+00
2.000061599999999884e-01 2.353024999999999908e-02 8.027800800000000070e-01 8.329928300000000174e-01 6.768211100000000036e-01 0.000000000000000000e+00
4.817417099999999897e-01 6.133837000000000317e-02 7.623925400000000074e-01 1.149139069999999929e+00 9.865369299999999786e-01 0.000000000000000000e+00
4.443270200000000170e-01 2.819154999999999925e-02 8.583942199999999856e-01 8.901325100000000434e-01 9.499710300000000496e-01 0.000000000000000000e+00
1.298214000000000035e-01 4.344250999999999668e-02 7.097683900000000268e-01 9.210437900000000289e-01 9.797223800000000038e-01 0.000000000000000000e+00
2.071575300000000064e-01 3.818470000000000197e-02 7.027889499999999678e-01 1.010229559999999971e+00 7.189044500000000282e-01 0.000000000000000000e+00
2.728909400000000263e-01 2.392659000000000105e-02 6.770183600000000412e-01 1.107296920000000018e+00 8.720601100000000550e-01 0.000000000000000000e+00
3.885173599999999783e-01 7.729590999999999545e-02 6.535093800000000286e-01 9.826357100000000511e-01 6.668199200000000104e-01 0.000000000000000000e+00
2.030447499999999961e-01 7.281382000000000132e-02 7.598781100000000510e-01 9.913463599999999820e-01 8.972450299999999990e-01 0.000000000000000000e+00
2.712999999999999856e-01 4.066999999999999782e-02 7.203000000000000513e-01 9.121000000000000218e-01 7.976999999999999647e-01 1.335024999999999962e-01
1.702419599999999977e-01 6.927938999999999625e-02 7.642050500000000524e-01 1.002984260000000072e+00 6.581100800000000417e-01 0.000000000000000000e+00
3.008393799999999896e-01 3.545158000000000337e-02 5.566067199999999993e-01 1.047802349999999993e+00 7.988781900000000435e-01 0.000000000000000000e+00
4.501898100000000236e-01 5.223012999999999961e-02 5.784905399999999975e-01 1.126537700000000086e+00 7.636177699999999735e-01 0.000000000000000000e+00
2.296837300000000026e-01 5.772660999999999765e-02 8.904300699999999624e-01 1.126826880000000086e+00 9.080941399999999941e-01 0.000000000000000000e+00
4.620772400000000002e-01 3.469552000000000053e-02 8.998876099999999489e-01 1.178844170000000080e+00 8.931030500000000094e-01 0.000000000000000000e+00
2.732106999999999730e-01 6.580698000000000103e-02 8.971277500000000016e-01 1.006995630000000030e+00 8.447953900000000349e-01 0.000000000000000000e+00
4.405224999999999835e-01 5.788580000000000114e-02 7.342735799999999813e-01 9.166491599999999629e-01 6.915138400000000463e-01 0.000000000000000000e+00
2.696999999999999953e-01 5.161000000000000310e-02 8.001000000000000334e-01 9.463000000000000300e-01 8.061000000000000387e-01 5.468275000000000219e-01
1.401758600000000132e-01 5.128999000000000058e-02 8.645886699999999481e-01 9.790595199999999609e-01 8.052146199999999920e-01 0.000000000000000000e+00
4.024606900000000098e-01 3.059117999999999907e-02 6.871922299999999595e-01 1.100228760000000028e+00 6.448219800000000168e-01 0.000000000000000000e+00
3.238605700000000143e-01 3.262973999999999736e-02 8.358420600000000533e-01 1.140070820000000040e+00 8.554813100000000503e-01 0.000000000000000000e+00
1.925000000000000044e-01 5.893000000000000321e-02 5.039000000000000146e-01 1.144900000000000029e+00 6.434999999999999609e-01 5.790024999999999755e-01
1.606252900000000039e-01 3.102061000000000054e-02 6.231648800000000321e-01 9.883654699999999682e-01 7.252962800000000154e-01 0.000000000000000000e+00
1.327000000000000124e-01 6.085000000000000131e-02 5.621000000000000441e-01 1.176700000000000079e+00 7.105000000000000204e-01 1.721125000000000016e-01
1.788177400000000028e-01 4.715683999999999848e-02 7.752902699999999481e-01 9.555856700000000536e-01 6.229316900000000379e-01 0.000000000000000000e+00
2.735503200000000135e-01 3.349271000000000192e-02 5.814418099999999479e-01 1.076408239999999905e+00 9.893341799999999520e-01 0.000000000000000000e+00
4.502523199999999837e-01 3.036370999999999862e-02 7.700082999999999789e-01 1.157941249999999922e+00 8.639894200000000080e-01 0.000000000000000000e+00
1.465232599999999885e-01 6.628715000000000301e-02 8.649836300000000033e-01 1.076826239999999935e+00 7.453568799999999994e-01 0.000000000000000000e+00
1.009925099999999937e-01 7.895813999999999611e-02 8.565650200000000103e-01 9.281005500000000241e-01 6.737122399999999622e-01 0.000000000000000000e+00
1.066045300000000029e-01 2.189933999999999978e-02 7.365894100000000000e-01 1.069455929999999944e+00 7.887454900000000491e-01 0.000000000000000000e+00
1.472473699999999885e-01 5.287325999999999832e-02 8.589575099999999797e-01 1.039341690000000096e+00 7.191911800000000410e-01 0.000000000000000000e+00
4.762158200000000119e-01 3.498425000000000146e-02 7.509714600000000351e-01 1.041568180000000066e+00 6.481787900000000047e-01 0.000000000000000000e+00
1.987582900000000041e-01 4.487846000000000196e-02 7.894491399999999937e-01 1.024870109999999945e+00 6.024773300000000331e-01 0.000000000000000000e+00
4.729496999999999729e-01 7.889670000000000016e-02 8.289956099999999939e-01 9.694746899999999723e-01 9.812546699999999955e-01 0.000000000000000000e+00
3.649000000000000021e-01 6.004999999999999921e-02 7.801000000000000156e-01 1.158900000000000041e+00 8.884999999999999565e-01 5.281750000000000334e-02
4.237736899999999807e-01 6.022856000000000043e-02 6.660211299999999612e-01 8.733884299999999934e-01 7.158250000000000446e-01 0.000000000000000000e+00
3.270310599999999845e-01 7.622212000000000431e-02 6.702930200000000172e-01 1.090437960000000039e+00 9.740660399999999663e-01 0.000000000000000000e+00
1.280999999999999917e-01 5.702999999999999736e-02 8.752999999999999670e-01 8.143000000000000238e-01 8.447000000000000064e-01 8.037324999999999608e-01
2.919903999999999833e-01 5.295123999999999664e-02 6.912780200000000486e-01 1.198122759999999953e+00 9.773949899999999635e-01 0.000000000000000000e+00
2.308715000000000073e-01 6.298600000000000032e-02 8.280242700000000067e-01 8.423816100000000029e-01 6.336883100000000324e-01 0.000000000000000000e+00
1.131910700000000047e-01 7.404773000000000605e-02 8.608293799999999774e-01 1.005605080000000040e+00 8.124766300000000330e-01 0.000000000000000000e+00
1.442089900000000091e-01 3.254131999999999858e-02 6.095634899999999856e-01 9.139206100000000221e-01 7.814457399999999998e-01 0.000000000000000000e+00
1.898948099999999972e-01 3.809363000000000332e-02 5.618862700000000210e-01 8.660931400000000391e-01 7.009190299999999985e-01 0.000000000000000000e+00
3.573030899999999899e-01 4.936953000000000175e-02 6.229629300000000258e-01 8.024753100000000527e-01 6.785539200000000326e-01 0.000000000000000000e+00
4.253626600000000035e-01 4.683647999999999978e-02 6.341800899999999741e-01 1.149122259999999951e+00 6.952412399999999826e-01 0.000000000000000000e+00
4.247101099999999740e-01 4.363431999999999727e-02 6.717862999999999474e-01 1.063559939999999981e+00 7.965238199999999935e-01 0.000000000000000000e+00
1.326970500000000108e-01 6.556889000000000467e-02 6.779669299999999676e-01 9.475769000000000553e-01 8.765142400000000000e-01 0.000000000000000000e+00
4.892229799999999740e-01 7.004016999999999882e-02 8.419353499999999713e-01 1.017842130000000012e+00 7.094502299999999595e-01 0.000000000000000000e+00
1.159048699999999932e-01 4.482782999999999907e-02 5.209030399999999839e-01 9.770892399999999700e-01 9.371423500000000129e-01 0.000000000000000000e+00
3.253908400000000145e-01 7.005166000000000170e-02 6.298240200000000399e-01 1.068779279999999998e+00 8.186196799999999607e-01 0.000000000000000000e+00
4.990655199999999847e-01 6.367865999999999804e-02 5.886610599999999582e-01 1.158664750000000021e+00 7.787756599999999807e-01 0.000000000000000000e+00
4.019303799999999760e-01 4.093300999999999884e-02 5.602833400000000186e-01 1.158164140000000009e+00 7.206763600000000158e-01 0.000000000000000000e+00
3.681056999999999801e-01 7.349432999999999661e-02 6.472741800000000323e-01 1.087593720000000097e+00 7.432305000000000161e-01 0.000000000000000000e+00
2.081360600000000116e-01 6.841121000000000008e-02 7.625358800000000548e-01 9.500765399999999694e-01 9.711278700000000041e-01 0.000000000000000000e+00
4.524563999999999808e-01 4.847332000000000030e-02 7.464105800000000457e-01 8.644044499999999909e-01 7.024442199999999525e-01 0.000000000000000000e+00
4.212935400000000219e-01 5.568909999999999832e-02 5.003594500000000389e-01 9.080981500000000484e-01 8.582318500000000183e-01 0.000000000000000000e+00
3.031657200000000274e-01 4.467594999999999900e-02 5.274315099999999923e-01 8.150069800000000475e-01 7.192403400000000335e-01 0.000000000000000000e+00
4.253508100000000236e-01 6.490447000000000577e-02 5.290943599999999858e-01 8.141223699999999841e-01 8.631891999999999898e-01 0.000000000000000000e+00
1.252857599999999960e-01 4.389320000000000027e-02 8.853622399999999670e-01 1.072215270000000054e+00 8.362244599999999473e-01 0.000000000000000000e+00
4.649206200000000067e-01 5.695656000000000330e-02 8.264914799999999451e-01 9.469396199999999819e-01 8.858824299999999985e-01 0.000000000000000000e+00
2.275663900000000073e-01 7.289818000000000686e-02 8.261482500000000284e-01 9.567451399999999939e-01 6.931866199999999756e-01 0.000000000000000000e+00
2.832015500000000241e-01 5.269287000000000276e-02 5.232775600000000304e-01 1.060533429999999999e+00 8.593372599999999917e-01 0.000000000000000000e+00
4.528846499999999997e-01 2.362726000000000062e-02 7.189818100000000545e-01 9.437943199999999644e-01 8.803115799999999824e-01 0.000000000000000000e+00
2.089912800000000015e-01 7.599155999999999966e-02 5.207173999999999969e-01 9.138518100000000421e-01 9.189923300000000239e-01 0.000000000000000000e+00
3.970766299999999860e-01 6.683973999999999471e-02 6.269150900000000082e-01 1.016712829999999901e+00 8.020602199999999904e-01 0.000000000000000000e+00
4.110504899999999906e-01 4.151822000000000151e-02 7.166276900000000394e-01 8.034321500000000116e-01 7.372524299999999586e-01 0.000000000000000000e+00
3.247274900000000075e-01 5.566697000000000312e-02 6.710253400000000257e-01 9.768988400000000460e-01 8.187725099999999534e-01 0.000000000000000000e+00
3.859102699999999997e-01 7.332761999999999614e-02 8.650567999999999591e-01 1.145273779999999908e+00 7.863073600000000107e-01 0.000000000000000000e+00
2.305487400000000020e-01 5.099369000000000124e-02 5.220186100000000495e-01 9.287510500000000224e-01 6.118396900000000471e-01 0.000000000000000000e+00
2.461202899999999916e-01 6.403172000000000030e-02 5.089687299999999803e-01 9.247132799999999708e-01 8.313244300000000031e-01 0.000000000000000000e+00
3.753000000000000225e-01 4.358999999999999680e-02 8.063000000000000167e-01 1.058699999999999974e+00 6.619000000000000439e-01 6.893875000000000419e-01
4.030002599999999990e-01 4.783761999999999737e-02 6.777245299999999917e-01 9.668652500000000094e-01 7.413364399999999854e-01 0.000000000000000000e+00
3.464941000000000271e-01 2.304155999999999913e-02 7.747687599999999453e-01 9.515890500000000474e-01 8.091429900000000064e-01 0.000000000000000000e+00
2.974778299999999986e-01 3.258115000000000316e-02 5.831070900000000501e-01 1.037704369999999932e+00 7.756766000000000494e-01 0.000000000000000000e+00
1.833762499999999906e-01 3.294177000000000216e-02 6.372899199999999542e-01 8.642416499999999724e-01 9.228222799999999948e-01 0.000000000000000000e+00
4.613626699999999747e-01 7.496653000000000344e-02 7.618290899999999866e-01 1.014037470000000107e+00 7.250770699999999902e-01 0.000000000000000000e+00
1.992696300000000031e-01 7.657139000000000306e-02 6.165054199999999707e-01 8.070189899999999916e-01 7.097978600000000027e-01 0.000000000000000000e+00
3.358999999999999764e-01 5.217000000000000109e-02 6.858999999999999542e-01 1.079700000000000104e+00 6.796999999999999709e-01 8.250174999999999592e-01
3.794120999999999744e-01 3.368568999999999730e-02 6.406375199999999603e-01 1.107808970000000004e+00 7.216743799999999487e-01 0.000000000000000000e+00
2.979990200000000033e-01 6.012793999999999778e-02 6.270274200000000020e-01 9.902957399999999799e-01 7.218004300000000484e-01 0.000000000000000000e+00
1.931834299999999893e-01 7.382901999999999521e-02 7.973516499999999674e-01 1.115641829999999945e+00 9.627092800000000006e-01 0.000000000000000000e+00
1.152070199999999933e-01 6.908453000000000510e-02 6.682041199999999570e-01 9.522658000000000511e-01 7.859334500000000334e-01 0.000000000000000000e+00
3.346082400000000012e-01 4.531310999999999672e-02 7.653204000000000118e-01 1.162950109999999926e+00 9.866502299999999614e-01 0.000000000000000000e+00
4.486896000000000218e-01 2.382584999999999911e-02 6.160551800000000355e-01 1.030606059999999990e+00 8.653158399999999473e-01 0.000000000000000000e+00
3.944385799999999831e-01 7.850637000000000587e-02 7.154393000000000002e-01 8.350341599999999698e-01 9.933280700000000074e-01 0.000000000000000000e+00
3.173445200000000188e-01 2.163607000000000030e-02 6.257177699999999509e-01 8.083274799999999871e-01 9.834509099999999560e-01 0.000000000000000000e+00
3.553115600000000263e-01 7.785095999999999683e-02 7.733502599999999561e-01 1.120713349999999942e+00 9.087334400000000034e-01 0.000000000000000000e+00
1.313849500000000003e-01 5.706052999999999820e-02 7.508403999999999634e-01 1.123066329999999891e+00 6.735142899999999599e-01 0.000000000000000000e+00
3.600302499999999961e-01 7.600872000000000184e-02 5.717712099999999742e-01 8.841698999999999531e-01 7.612101100000000509e-01 0.000000000000000000e+00
3.184624400000000133e-01 4.800274999999999681e-02 7.359363799999999456e-01 9.159469099999999475e-01 9.479559899999999706e-01 0.000000000000000000e+00
4.804546800000000228e-01 7.731370999999999383e-02 6.001739499999999561e-01 1.034354020000000096e+00 6.864510200000000228e-01 0.000000000000000000e+00
2.380359099999999895e-01 6.246468000000000159e-02 6.684477899999999861e-01 1.094692039999999977e+00 7.988604099999999653e-01 0.000000000000000000e+00
1.221146699999999946e-01 6.498832000000000220e-02 6.198069999999999968e-01 1.122581889999999971e+00 9.434324299999999885e-01 0.000000000000000000e+00
2.691000000000000059e-01 6.162999999999999728e-02 5.614999999999999991e-01 1.129299999999999971e+00 6.743000000000000105e-01 5.889024999999999954e-01
3.080783599999999955e-01 3.069509999999999947e-02 8.851347400000000309e-01 9.048141600000000340e-01 8.193741599999999625e-01 0.000000000000000000e+00
4.204422700000000068e-01 3.370262000000000258e-02 6.153531300000000259e-01 9.165999900000000311e-01 8.939949799999999946e-01 0.000000000000000000e+00
2.763329900000000006e-01 2.755308999999999883e-02 8.974795300000000253e-01 9.501494900000000410e-01 8.233615399999999473e-01 0.000000000000000000e+00
1.875071799999999955e-01 3.254950999999999678e-02 5.015827499999999661e-01 8.901405599999999696e-01 6.466790300000000435e-01 0.000000000000000000e+00
4.217946799999999774e-01 7.742577999999999960e-02 6.224785800000000036e-01 1.119957759999999913e+00 8.184482800000000280e-01 0.000000000000000000e+00
1.510312600000000005e-01 4.147383000000000319e-02 8.804066400000000181e-01 1.166755820000000110e+00 8.877582800000000107e-01 0.000000000000000000e+00
4.098677199999999909e-01 5.747217000000000298e-02 5.715388799999999714e-01 1.013814620000000000e+00 8.840041199999999488e-01 0.000000000000000000e+00
1.140999999999999931e-01 6.647000000000000131e-02 6.926999999999999824e-01 1.199699999999999989e+00 6.916999999999999815e-01 6.859224999999999905e-01
3.921772199999999930e-01 7.701682999999999446e-02 5.009787399999999780e-01 9.689267799999999875e-01 6.227823599999999793e-01 0.000000000000000000e+00
4.553851800000000005e-01 4.565170999999999812e-02 7.087037600000000159e-01 9.256795500000000176e-01 7.351169600000000415e-01 0.000000000000000000e+00
3.388628499999999932e-01 7.901490999999999376e-02 7.221889999999999699e-01 8.860365999999999520e-01 6.768013099999999893e-01 0.000000000000000000e+00
2.348733199999999965e-01 7.785317999999999405e-02 5.317174700000000254e-01 8.395381899999999620e-01 7.289797900000000164e-01 0.000000000000000000e+00
2.324587899999999985e-01 6.622066999999999537e-02 6.972081399999999762e-01 9.790334600000000220e-01 8.967315000000000147e-01 0.000000000000000000e+00
4.293638200000000071e-01 3.605806999999999762e-02 7.629462200000000083e-01 1.148176290000000099e+00 8.654150499999999635e-01 0.000000000000000000e+00
1.137691900000000061e-01 6.147644000000000025e-02 6.285151700000000119e-01 1.147612859999999957e+00 7.322767599999999710e-01 0.000000000000000000e+00
3.371788700000000194e-01 7.163448000000000038e-02 6.499752199999999647e-01 9.120142199999999866e-01 7.077434900000000306e-01 0.000000000000000000e+00
2.124999999999999944e-01 6.739000000000000545e-02 7.554999999999999494e-01 8.747000000000000330e-01 6.125000000000000444e-01 1.399374999999999925e-01
2.970604099999999970e-01 7.393226999999999438e-02 7.911352900000000465e-01 1.138969829999999961e+00 7.044664499999999663e-01 0.000000000000000000e+00
1.855320400000000092e-01 5.945605000000000334e-02 6.050794600000000134e-01 8.683000400000000507e-01 8.362095600000000184e-01 0.000000000000000000e+00
1.290802400000000127e-01 2.673559000000000005e-02 7.513202700000000123e-01 9.477280500000000441e-01 8.723434899999999992e-01 0.000000000000000000e+00
1.318174300000000132e-01 7.439916000000000584e-02 7.767555999999999905e-01 1.093728140000000071e+00 9.468422699999999859e-01 0.000000000000000000e+00
2.720188499999999787e-01 3.376210999999999796e-02 7.776552399999999698e-01 8.517887699999999729e-01 9.048637600000000170e-01 0.000000000000000000e+00
1.067110700000000051e-01 4.499654000000000154e-02 5.677721000000000018e-01 1.004271579999999942e+00 7.510437500000000099e-01 0.000000000000000000e+00
2.620999999999999996e-01 6.979000000000000481e-02 8.218999999999999639e-01 1.026100000000000012e+00 9.606999999999999984e-01 4.473325000000000218e-01
4.898342099999999921e-01 2.690626000000000129e-02 5.163781200000000515e-01 8.866120600000000351e-01 8.637043699999999991e-01 0.000000000000000000e+00
1.026019499999999973e-01 3.726101999999999886e-02 6.293527199999999766e-01 1.072079730000000009e+00 6.997039400000000242e-01 0.000000000000000000e+00
4.614938299999999938e-01 6.232030999999999682e-02 5.846858299999999620e-01 9.131444300000000069e-01 7.696909299999999954e-01 0.000000000000000000e+00
4.120967400000000169e-01 3.117645999999999959e-02 8.437318299999999605e-01 8.612225700000000206e-01 6.097857500000000153e-01 0.000000000000000000e+00
1.276158900000000096e-01 7.462855999999999657e-02 5.703226399999999918e-01 1.174343319999999968e+00 6.005794599999999539e-01 0.000000000000000000e+00
3.345956800000000064e-01 5.775596000000000202e-02 8.729544399999999982e-01 8.971695200000000536e-01 7.561553500000000039e-01 0.000000000000000000e+00
4.993215599999999976e-01 4.042337000000000014e-02 8.414508600000000227e-01 8.424052699999999838e-01 9.114015300000000153e-01 0.000000000000000000e+00
1.399874899999999922e-01 3.673590000000000189e-02 6.441769099999999915e-01 8.058821999999999930e-01 6.519519299999999573e-01 0.000000000000000000e+00
2.697932000000000108e-01 3.497212999999999711e-02 7.310729000000000255e-01 9.655841499999999744e-01 7.065034000000000036e-01 0.000000000000000000e+00
3.316631299999999727e-01 3.379371999999999931e-02 7.634599699999999878e-01 1.035982799999999981e+00 9.395998500000000142e-01 0.000000000000000000e+00
4.723974000000000228e-01 7.840281000000000333e-02 7.285274999999999945e-01 8.942693900000000529e-01 7.365404500000000132e-01 0.000000000000000000e+00
3.877969299999999842e-01 4.102847999999999912e-02 8.402003300000000507e-01 1.144440649999999948e+00 6.082182400000000211e-01 0.000000000000000000e+00
4.577275299999999936e-01 5.396692000000000156e-02 6.816871300000000300e-01 1.164869329999999925e+00 7.302673600000000320e-01 0.000000000000000000e+00
2.982056000000000151e-01 2.903895000000000087e-02 6.243106400000000278e-01 1.189903740000000099e+00 7.059590199999999927e-01 0.000000000000000000e+00
3.705971200000000021e-01 3.767975999999999964e-02 6.155602900000000099e-01 1.186857510000000060e+00 7.730938099999999924e-01 0.000000000000000000e+00
4.554654599999999887e-01 7.167914000000000230e-02 7.855764899999999606e-01 8.975985100000000161e-01 7.947971200000000236e-01 0.000000000000000000e+00
1.510680100000000026e-01 2.722163000000000013e-02 5.954786699999999877e-01 1.135933590000000049e+00 7.386767400000000539e-01 0.000000000000000000e+00
1.533314199999999961e-01 3.275373000000000173e-02 5.135690699999999609e-01 9.030398800000000170e-01 7.685098999999999680e-01 0.000000000000000000e+00
4.802629199999999821e-01 7.893791000000000002e-02 7.788175600000000198e-01 8.794910799999999806e-01 6.026919299999999868e-01 0.000000000000000000e+00
4.814116500000000243e-01 6.649882999999999489e-02 7.851102599999999487e-01 1.066099289999999922e+00 6.087158200000000186e-01 0.000000000000000000e+00
4.128776299999999955e-01 4.459914999999999713e-02 8.856434600000000490e-01 8.646801100000000018e-01 9.134146199999999549e-01 0.000000000000000000e+00
1.328391399999999944e-01 7.868598999999999732e-02 5.230704099999999857e-01 8.432910399999999917e-01 7.860733699999999935e-01 0.000000000000000000e+00
2.631545699999999766e-01 4.001931999999999712e-02 6.310279300000000147e-01 9.246456499999999856e-01 9.866831099999999743e-01 0.000000000000000000e+00
2.091658700000000037e-01 4.950700000000000239e-02 8.431422499999999820e-01 9.472104700000000266e-01 7.565766000000000435e-01 0.000000000000000000e+00
4.595000000000000195e-01 5.967000000000000082e-02 7.479000000000000092e-01 8.737000000000000322e-01 8.355000000000000204e-01 6.577075000000000005e-01
1.448037899999999878e-01 7.881427000000000571e-02 6.026333000000000384e-01 1.122965170000000068e+00 7.058999099999999638e-01 0.000000000000000000e+00
3.204378399999999738e-01 2.272000000000000061e-02 5.221194000000000113e-01 9.085750900000000296e-01 9.397055600000000508e-01 0.000000000000000000e+00
1.812015200000000048e-01 2.267239999999999880e-02 7.354960699999999463e-01 9.756787300000000496e-01 7.310811999999999866e-01 0.000000000000000000e+00
2.386440300000000070e-01 5.328248000000000012e-02 7.270010000000000083e-01 9.634750800000000392e-01 8.040740299999999952e-01 0.000000000000000000e+00
3.298852400000000240e-01 5.010368999999999934e-02 8.373620999999999981e-01 9.039654299999999587e-01 8.499391600000000269e-01 0.000000000000000000e+00
2.447841600000000006e-01 3.578656999999999672e-02 7.238534899999999883e-01 8.678601599999999916e-01 7.295531699999999731e-01 0.000000000000000000e+00
1.849367299999999936e-01 2.808133999999999977e-02 7.165972900000000534e-01 1.027600150000000045e+00 7.001997500000000096e-01 0.000000000000000000e+00
3.312166500000000013e-01 2.724622999999999975e-02 7.805971099999999829e-01 1.055290319999999893e+00 8.537787000000000015e-01 0.000000000000000000e+00
2.813876200000000050e-01 7.900388999999999329e-02 5.203900599999999876e-01 8.628730500000000303e-01 6.366347700000000165e-01 0.000000000000000000e+00
4.091459800000000202e-01 6.227752999999999761e-02 7.465857299999999475e-01 1.022031240000000007e+00 8.951857600000000525e-01 0.000000000000000000e+00
4.370368000000000031e-01 7.695691000000000337e-02 8.251805800000000524e-01 1.148409840000000015e+00 8.117455999999999561e-01 0.000000000000000000e+00
2.317294099999999968e-01 3.287286999999999848e-02 6.313658199999999665e-01 8.415316299999999750e-01 8.734331800000000312e-01 0.000000000000000000e+00
4.177782800000000019e-01 4.551888999999999935e-02 5.281072300000000386e-01 1.050545620000000069e+00 9.358571999999999447e-01 0.000000000000000000e+00
4.414333100000000232e-01 2.000443000000000013e-02 8.689967600000000347e-01 1.185091780000000039e+00 9.573580299999999710e-01 0.000000000000000000e+00
4.863366100000000025e-01 5.167033000000000043e-02 7.486593200000000170e-01 8.487791599999999770e-01 9.923436900000000005e-01 0.000000000000000000e+00
1.227187099999999947e-01 2.152714999999999837e-02 6.414714700000000436e-01 8.954515600000000353e-01 6.482144300000000081e-01 0.000000000000000000e+00
1.009799400000000041e-01 3.279655000000000070e-02 7.551597599999999577e-01 1.011730999999999936e+00 8.932234799999999586e-01 0.000000000000000000e+00
4.351907999999999888e-01 5.574339999999999851e-02 7.191099199999999581e-01 1.069822980000000090e+00 9.647681000000000173e-01 0.000000000000000000e+00
3.413304799999999917e-01 7.170142999999999656e-02 6.154931900000000233e-01 8.113171399999999922e-01 6.825343099999999774e-01 0.000000000000000000e+00
2.096300600000000069e-01 3.705159999999999704e-02 7.556214300000000383e-01 1.122365550000000045e+00 9.174570100000000172e-01 0.000000000000000000e+00
4.008999999999999786e-01 4.997000000000000053e-02 7.480999999999999872e-01 1.113099999999999978e+00 8.934999999999999609e-01 9.834175000000000555e-01
3.807472900000000160e-01 6.116523000000000099e-02 7.478720699999999999e-01 8.651090399999999958e-01 8.588915599999999984e-01 0.000000000000000000e+00
3.805955599999999994e-01 4.766882000000000064e-02 6.820223800000000391e-01 1.056480410000000036e+00 9.431963399999999664e-01 0.000000000000000000e+00
2.618390199999999779e-01 3.729195999999999900e-02 6.884443399999999880e-01 1.167774920000000050e+00 7.991672300000000062e-01 0.000000000000000000e+00
3.211897100000000171e-01 2.547280000000000030e-02 7.109024800000000033e-01 1.006195069999999969e+00 9.441100399999999837e-01 0.000000000000000000e+00
4.532322200000000190e-01 4.524448999999999832e-02 7.373865800000000137e-01 1.068461780000000028e+00 6.344011999999999984e-01 0.000000000000000000e+00
3.915366599999999808e-01 3.679535999999999918e-02 7.564791699999999786e-01 9.632389799999999669e-01 7.469424700000000250e-01 0.000000000000000000e+00
3.489510100000000059e-01 7.673280000000000378e-02 7.044852299999999623e-01 1.144754739999999993e+00 9.972241600000000261e-01 0.000000000000000000e+00
1.998999999999999944e-01 6.590999999999999637e-02 7.654999999999999583e-01 8.665000000000000480e-01 7.375000000000000444e-01 4.696075000000000110e-01
2.413981799999999900e-01 6.889765999999999946e-02 7.834341799999999800e-01 1.016685990000000039e+00 7.054025800000000013e-01 0.000000000000000000e+00
1.569286000000000014e-01 4.724981999999999793e-02 8.955223100000000436e-01 1.176195620000000108e+00 9.680872000000000366e-01 0.000000000000000000e+00
2.394239700000000137e-01 6.873825999999999548e-02 5.212466599999999728e-01 1.198864200000000046e+00 8.022352000000000372e-01 0.000000000000000000e+00
1.351907800000000104e-01 2.884238999999999900e-02 6.060766699999999840e-01 9.236691099999999599e-01 8.812913900000000078e-01 0.000000000000000000e+00
1.770683100000000065e-01 4.470970999999999973e-02 7.484394599999999453e-01 9.937935199999999858e-01 8.859102199999999705e-01 0.000000000000000000e+00
1.363836400000000004e-01 4.041760999999999965e-02 5.012067500000000342e-01 1.027383539999999984e+00 8.592720299999999645e-01 0.000000000000000000e+00
4.417546700000000159e-01 3.920221000000000122e-02 7.248387099999999972e-01 1.027761010000000086e+00 9.731333300000000186e-01 0.000000000000000000e+00
2.905763900000000177e-01 2.712231000000000017e-02 8.442690800000000051e-01 8.178195299999999612e-01 6.963920700000000297e-01 0.000000000000000000e+00
3.039808999999999983e-01 4.051364999999999827e-02 6.950488299999999509e-01 1.087323669999999964e+00 9.183828400000000336e-01 0.000000000000000000e+00
1.130857299999999954e-01 4.072147000000000266e-02 5.622410100000000410e-01 9.166799399999999709e-01 8.433783799999999831e-01 0.000000000000000000e+00
1.185307399999999955e-01 3.749079000000000300e-02 5.711613500000000121e-01 1.112915609999999944e+00 9.192818200000000273e-01 0.000000000000000000e+00
4.813681599999999894e-01 7.980871999999999966e-02 5.191314700000000393e-01 8.725314699999999757e-01 7.424330799999999675e-01 0.000000000000000000e+00
2.604319299999999782e-01 4.211253000000000218e-02 6.259142300000000159e-01 8.520790499999999490e-01 8.747487499999999638e-01 0.000000000000000000e+00
4.540711900000000134e-01 4.003483000000000042e-02 8.917466899999999530e-01 8.338463999999999876e-01 8.274888299999999530e-01 0.000000000000000000e+00
1.027671400000000068e-01 4.743548999999999682e-02 6.990041999999999645e-01 9.007540699999999623e-01 6.425718900000000344e-01 0.000000000000000000e+00
4.437450399999999795e-01 2.691794999999999952e-02 7.524968100000000160e-01 1.176748869999999947e+00 7.886001900000000342e-01 0.000000000000000000e+00
4.344999999999999973e-01 4.309000000000000330e-02 7.923000000000000043e-01 1.093900000000000095e+00 9.403000000000000247e-01 6.804774999999999574e-01
4.808927299999999905e-01 7.430617000000000472e-02 5.916210699999999711e-01 1.181763459999999988e+00 6.076823000000000086e-01 0.000000000000000000e+00
3.341919400000000206e-01 6.353614999999999957e-02 7.020528299999999611e-01 9.773919100000000304e-01 7.887013200000000390e-01 0.000000000000000000e+00
4.662999999999999923e-01 4.236999999999999794e-02 7.193000000000000504e-01 1.176299999999999901e+00 7.203000000000000513e-01 1.988425000000000054e-01
1.060081600000000041e-01 4.815646999999999983e-02 6.882596600000000509e-01 1.034149580000000013e+00 7.809144099999999478e-01 0.000000000000000000e+00
1.151652999999999982e-01 6.065650000000000208e-02 5.493077100000000046e-01 1.139179109999999939e+00 9.135372600000000176e-01 0.000000000000000000e+00
1.744156699999999949e-01 7.604267000000000665e-02 8.818567499999999670e-01 1.020230839999999972e+00 7.592525700000000155e-01 0.000000000000000000e+00
1.803169799999999878e-01 5.747267999999999821e-02 7.366565200000000369e-01 9.450874299999999506e-01 6.544545200000000396e-01 0.000000000000000000e+00
4.803743799999999897e-01 3.629294999999999743e-02 6.801429900000000028e-01 1.193587139999999991e+00 6.461318400000000128e-01 0.000000000000000000e+00
4.903817899999999841e-01 3.883558000000000149e-02 8.521778800000000542e-01 1.034889839999999950e+00 8.623860399999999649e-01 0.000000000000000000e+00
3.992892299999999950e-01 6.139577000000000229e-02 7.090629800000000094e-01 8.975431299999999668e-01 9.671253699999999842e-01 0.000000000000000000e+00
4.243681400000000048e-01 7.244539999999999313e-02 5.923440800000000506e-01 8.186223000000000249e-01 6.432920699999999936e-01 0.000000000000000000e+00
1.431914699999999874e-01 7.735540000000000471e-02 7.412019699999999878e-01 8.489846899999999863e-01 7.343201999999999785e-01 0.000000000000000000e+00
2.505017299999999780e-01 3.265777000000000263e-02 6.591859300000000310e-01 9.842520200000000052e-01 7.040995799999999472e-01 0.000000000000000000e+00
2.478010999999999964e-01 3.536041000000000184e-02 6.906833300000000397e-01 9.405147900000000449e-01 6.202341399999999894e-01 0.000000000000000000e+00
2.520999999999999908e-01 4.105000000000000315e-02 6.192999999999999616e-01 9.962999999999999634e-01 8.084999999999999964e-01 2.344825000000000104e-01
2.036303499999999878e-01 7.915149999999999963e-02 6.474725700000000250e-01 9.495952800000000416e-01 9.488629800000000225e-01 0.000000000000000000e+00
1.800689199999999934e-01 2.163821000000000147e-02 5.563841000000000481e-01 1.011619779999999968e+00 9.100308700000000472e-01 0.000000000000000000e+00
1.432206699999999944e-01 3.634263000000000077e-02 7.641134299999999824e-01 9.769560299999999753e-01 7.986639700000000008e-01 0.000000000000000000e+00
4.524229000000000167e-01 2.923902999999999919e-02 5.188663599999999709e-01 1.165102890000000002e+00 7.953552000000000399e-01 0.000000000000000000e+00
2.456942900000000096e-01 4.389557000000000181e-02 5.882628699999999933e-01 1.187502049999999976e+00 6.800171000000000410e-01 0.000000000000000000e+00
3.534649400000000052e-01 7.200239999999999418e-02 7.678420099999999637e-01 1.164350530000000106e+00 6.777724699999999602e-01 0.000000000000000000e+00
4.789138800000000140e-01 4.409140999999999755e-02 6.306728799999999913e-01 9.046328399999999936e-01 6.095000200000000312e-01 0.000000000000000000e+00
4.065410400000000202e-01 2.736426999999999957e-02 5.815147800000000089e-01 1.145630839999999928e+00 9.298301199999999822e-01 0.000000000000000000e+00
3.654993100000000217e-01 5.975864000000000176e-02 5.013437899999999559e-01 8.931023099999999548e-01 8.655899000000000232e-01 0.000000000000000000e+00
2.512095999999999774e-01 4.035426999999999764e-02 7.392292700000000494e-01 8.171877699999999800e-01 9.900064899999999612e-01 0.000000000000000000e+00
3.076363300000000134e-01 7.045034999999999492e-02 5.942047099999999693e-01 9.867695800000000350e-01 9.654390099999999864e-01 0.000000000000000000e+00
3.774743300000000246e-01 7.440539000000000180e-02 7.585943200000000441e-01 9.616129399999999716e-01 6.425813400000000009e-01 0.000000000000000000e+00
2.421573900000000001e-01 5.432630000000000098e-02 7.688929100000000405e-01 1.019850729999999928e+00 7.916992499999999655e-01 0.000000000000000000e+00
2.678552399999999944e-01 2.128139000000000072e-02 6.015117500000000117e-01 1.117509169999999941e+00 8.393264299999999567e-01 0.000000000000000000e+00
1.934216099999999938e-01 5.663580000000000003e-02 6.464173199999999619e-01 8.376883200000000418e-01 6.690999699999999883e-01 0.000000000000000000e+00
4.822012900000000046e-01 2.303842999999999863e-02 5.595393899999999698e-01 9.100331200000000287e-01 7.128847799999999957e-01 0.000000000000000000e+00
2.443076600000000098e-01 2.899753999999999873e-02 8.569181900000000240e-01 8.999626200000000464e-01 8.306717399999999918e-01 0.000000000000000000e+00
2.468252099999999893e-01 2.479477000000000070e-02 8.983807600000000004e-01 1.086526679999999967e+00 6.389619100000000218e-01 0.000000000000000000e+00
2.285923400000000050e-01 3.677955000000000113e-02 6.975064300000000106e-01 1.154469200000000084e+00 6.947763799999999712e-01 0.000000000000000000e+00
1.766209199999999868e-01 3.439012999999999792e-02 6.673746099999999792e-01 9.777967199999999526e-01 9.106300099999999897e-01 0.000000000000000000e+00
1.023593700000000051e-01 6.172481999999999969e-02 6.462651400000000157e-01 9.427555600000000480e-01 9.048512499999999958e-01 0.000000000000000000e+00
4.357114999999999738e-01 3.612695999999999963e-02 8.768808099999999550e-01 9.177564900000000359e-01 9.705787900000000246e-01 0.000000000000000000e+00
3.351000000000000090e-01 5.684999999999999776e-02 5.508999999999999453e-01 1.143699999999999939e+00 9.870999999999999774e-01 7.492824999999999624e-01
1.636306499999999886e-01 6.578357999999999428e-02 8.157866000000000284e-01 8.592527100000000306e-01 9.767240799999999945e-01 0.000000000000000000e+00
4.509994500000000239e-01 2.444674000000000152e-02 8.024689900000000486e-01 9.428511099999999923e-01 6.740694200000000302e-01 0.000000000000000000e+00
1.846285699999999919e-01 6.699346000000000467e-02 7.995751100000000333e-01 9.333837200000000278e-01 6.690037800000000479e-01 0.000000000000000000e+00
4.533557400000000071e-01 2.072372999999999924e-02 6.224999199999999844e-01 9.129383300000000201e-01 7.043203000000000102e-01 0.000000000000000000e+00
3.581628099999999981e-01 5.538243999999999806e-02 7.983651899999999468e-01 8.070438699999999965e-01 9.111145999999999967e-01 0.000000000000000000e+00
3.046173600000000037e-01 2.291518000000000027e-02 6.916457400000000089e-01 8.453938600000000525e-01 8.204645600000000094e-01 0.000000000000000000e+00
2.385423899999999930e-01 6.032397999999999927e-02 6.825149099999999747e-01 8.256687700000000518e-01 6.005573800000000295e-01 0.000000000000000000e+00
1.139531500000000031e-01 4.674654000000000309e-02 8.612070600000000242e-01 1.073646590000000067e+00 9.855569800000000269e-01 0.000000000000000000e+00
4.571210900000000077e-01 3.578872000000000303e-02 8.924089200000000499e-01 1.064585019999999993e+00 7.529911500000000535e-01 0.000000000000000000e+00
1.810826199999999997e-01 5.571911999999999698e-02 6.006444800000000361e-01 9.601850600000000346e-01 9.936914199999999919e-01 0.000000000000000000e+00
4.985101699999999747e-01 3.778411999999999743e-02 6.286439700000000519e-01 1.146340080000000095e+00 9.033181700000000314e-01 0.000000000000000000e+00
4.795951600000000203e-01 2.104579999999999992e-02 8.743436100000000488e-01 9.691374299999999664e-01 6.475797300000000201e-01 0.000000000000000000e+00
4.265566599999999764e-01 6.172978999999999966e-02 7.503694499999999934e-01 1.196931119999999904e+00 6.968737099999999796e-01 0.000000000000000000e+00
1.520174099999999917e-01 5.557720000000000021e-02 6.771982100000000226e-01 1.195512029999999948e+00 8.843536600000000414e-01 0.000000000000000000e+00
2.092210899999999985e-01 4.469399999999999762e-02 6.847623800000000038e-01 8.089950900000000278e-01 8.228804100000000066e-01 0.000000000000000000e+00
4.487259900000000190e-01 3.992375000000000090e-02 7.064975999999999479e-01 1.074709439999999905e+00 7.143052100000000237e-01 0.000000000000000000e+00
1.600955099999999964e-01 7.652765000000000262e-02 6.798025300000000160e-01 1.124002769999999929e+00 9.860029900000000236e-01 0.000000000000000000e+00
4.196717500000000101e-01 6.279141000000000583e-02 7.288292600000000343e-01 8.175562600000000346e-01 6.677357000000000431e-01 0.000000000000000000e+00
4.200487399999999760e-01 7.856098000000000248e-02 5.900605799999999457e-01 1.190851330000000097e+00 8.110587099999999605e-01 0.000000000000000000e+00
4.279442299999999810e-01 5.994407999999999681e-02 6.912044899999999492e-01 1.029876350000000107e+00 9.432844599999999913e-01 0.000000000000000000e+00
3.462449100000000168e-01 5.513177999999999829e-02 5.448862100000000375e-01 1.091703410000000041e+00 7.522177799999999470e-01 0.000000000000000000e+00
2.543000000000000260e-01 6.958999999999999908e-02 8.378999999999999782e-01 8.467000000000000082e-01 6.487000000000000544e-01 5.389074999999999838e-01
4.298635199999999990e-01 7.260658000000000389e-02 8.810540900000000120e-01 8.669667100000000293e-01 9.762502400000000469e-01 0.000000000000000000e+00
4.427336000000000049e-01 3.890952000000000299e-02 6.164468100000000117e-01 9.252217700000000544e-01 7.868912099999999521e-01 0.000000000000000000e+00
2.902208399999999799e-01 2.480121999999999882e-02 7.904969499999999760e-01 1.109722349999999969e+00 7.766628599999999549e-01 0.000000000000000000e+00
4.891810699999999956e-01 7.549856000000000622e-02 6.508810299999999716e-01 8.239104200000000322e-01 6.385768699999999631e-01 0.000000000000000000e+00
2.591606399999999977e-01 2.976463999999999846e-02 5.779424399999999462e-01 1.086203269999999943e+00 6.891255699999999651e-01 0.000000000000000000e+00
4.359000000000000097e-01 5.580999999999999850e-02 7.991000000000000325e-01 1.127499999999999947e+00 7.869000000000000439e-01 2.656675000000000009e-01
2.643896299999999866e-01 2.053135000000000029e-02 5.537662100000000365e-01 1.130928350000000027e+00 8.960712899999999648e-01 0.000000000000000000e+00
3.149295999999999762e-01 3.244505999999999779e-02 5.907202700000000473e-01 9.727377200000000279e-01 6.407037899999999953e-01 0.000000000000000000e+00
1.609044799999999886e-01 5.250623000000000096e-02 8.252357200000000059e-01 9.209176300000000426e-01 8.257060999999999984e-01 0.000000000000000000e+00
3.372609400000000091e-01 3.203044000000000030e-02 8.953969699999999587e-01 1.164427300000000054e+00 7.292001500000000469e-01 0.000000000000000000e+00
3.962322699999999975e-01 6.446124000000000298e-02 7.045673099999999467e-01 1.168444400000000050e+00 8.031382599999999927e-01 0.000000000000000000e+00
3.777656300000000189e-01 3.698146000000000072e-02 7.697684299999999480e-01 8.890409999999999702e-01 8.520392199999999860e-01 0.000000000000000000e+00
3.880595000000000017e-01 7.562389999999999390e-02 6.957014900000000335e-01 1.137626720000000091e+00 7.341666799999999604e-01 0.000000000000000000e+00
3.333914499999999781e-01 2.814084000000000030e-02 6.796825600000000467e-01 1.190726799999999974e+00 6.985624799999999857e-01 0.000000000000000000e+00
3.183920100000000031e-01 7.184105000000000352e-02 8.912543299999999835e-01 1.139020060000000001e+00 6.626896300000000295e-01 0.000000000000000000e+00
4.182224299999999784e-01 2.688484000000000013e-02 8.366660799999999787e-01 1.173789809999999934e+00 9.955769300000000266e-01 0.000000000000000000e+00
3.518999999999999906e-01 5.117000000000000021e-02 8.447000000000000064e-01 1.013700000000000045e+00 9.935000000000000497e-01 9.192250000000000421e-02
1.373441199999999862e-01 2.831799000000000122e-02 6.275205499999999548e-01 1.082192299999999996e+00 9.820014200000000137e-01 0.000000000000000000e+00
3.943244499999999930e-01 3.671694000000000346e-02 6.138323500000000266e-01 1.148934890000000042e+00 9.617548500000000500e-01 0.000000000000000000e+00
4.968413099999999805e-01 4.950547999999999754e-02 7.749759200000000403e-01 1.143831610000000110e+00 7.362697200000000164e-01 0.000000000000000000e+00
2.951341499999999840e-01 4.275145999999999807e-02 6.823016600000000320e-01 1.086401680000000036e+00 9.955085799999999763e-01 0.000000000000000000e+00
3.665687999999999724e-01 7.210664999999999436e-02 6.526120699999999886e-01 1.071745589999999915e+00 6.986739299999999986e-01 0.000000000000000000e+00
2.633920399999999939e-01 6.595196999999999865e-02 8.090512499999999996e-01 8.141471500000000416e-01 9.938115100000000091e-01 0.000000000000000000e+00
1.940477100000000121e-01 7.793379000000000278e-02 8.709818099999999674e-01 1.145910879999999965e+00 9.925800299999999465e-01 0.000000000000000000e+00
3.767449099999999884e-01 2.655599999999999974e-02 7.244413100000000050e-01 8.241147100000000281e-01 6.130352199999999918e-01 0.000000000000000000e+00
1.266746099999999930e-01 6.487655000000000505e-02 7.403323699999999619e-01 1.078874899999999970e+00 9.297539500000000512e-01 0.000000000000000000e+00
1.357879800000000026e-01 5.940141000000000171e-02 6.455122899999999886e-01 1.124061130000000075e+00 8.908530199999999954e-01 0.000000000000000000e+00
2.225645400000000051e-01 4.510238999999999915e-02 8.189360100000000475e-01 1.053542069999999997e+00 9.569247699999999801e-01 0.000000000000000000e+00
4.566000000000000059e-01 3.042482000000000172e-02 8.839055099999999499e-01 9.759587199999999463e-01 9.687636400000000370e-01 0.000000000000000000e+00
3.481139200000000211e-01 7.576125000000000220e-02 7.244197799999999576e-01 1.018632600000000110e+00 9.021176800000000329e-01 0.000000000000000000e+00
1.097079599999999933e-01 2.919553999999999899e-02 6.839997399999999672e-01 8.017662399999999634e-01 8.296623199999999532e-01 0.000000000000000000e+00
1.254139800000000082e-01 5.475891000000000092e-02 7.442047800000000102e-01 1.034498619999999924e+00 6.614883400000000080e-01 0.000000000000000000e+00
4.679936399999999885e-01 3.377770000000000078e-02 7.926528499999999644e-01 8.396956100000000367e-01 6.635683599999999682e-01 0.000000000000000000e+00
2.265130599999999883e-01 2.177339000000000011e-02 7.286647099999999933e-01 1.034805250000000010e+00 7.429189600000000171e-01 0.000000000000000000e+00
3.647481900000000277e-01 6.250993999999999995e-02 7.125878300000000332e-01 1.195495989999999953e+00 8.697852799999999940e-01 0.000000000000000000e+00
3.527068099999999817e-01 6.200018000000000196e-02 8.329934399999999739e-01 1.130711770000000005e+00 9.375283500000000103e-01 0.000000000000000000e+00
4.089744299999999999e-01 4.919808999999999988e-02 6.210773800000000122e-01 8.782981199999999600e-01 7.283339399999999575e-01 0.000000000000000000e+00
2.978999999999999981e-01 3.481000000000000066e-02 5.701000000000000512e-01 1.087499999999999911e+00 6.918999999999999595e-01 6.552324999999999955e-01
3.059848800000000146e-01 3.639939999999999842e-02 8.047406400000000071e-01 8.369856599999999647e-01 7.518507500000000121e-01 0.000000000000000000e+00
4.010044600000000070e-01 2.091348999999999986e-02 8.586186599999999780e-01 1.022215960000000035e+00 8.292161000000000115e-01 0.000000000000000000e+00
1.837099600000000055e-01 2.091412000000000132e-02 6.487867099999999887e-01 9.409888899999999667e-01 6.088389300000000004e-01 0.000000000000000000e+00
4.837535099999999977e-01 5.177924999999999889e-02 5.666420800000000479e-01 8.962379000000000318e-01 6.099688500000000069e-01 0.000000000000000000e+00
3.546877600000000186e-01 7.700242000000000198e-02 5.892745000000000344e-01 1.061313409999999902e+00 8.997763600000000528e-01 0.000000000000000000e+00
4.522181499999999854e-01 7.439864999999999673e-02 5.181793500000000385e-01 9.749033299999999569e-01 7.169940200000000097e-01 0.000000000000000000e+00
3.375983499999999915e-01 6.854279000000000621e-02 7.106922900000000043e-01 9.065855699999999517e-01 9.907485700000000506e-01 0.000000000000000000e+00
1.900023200000000023e-01 4.607308999999999710e-02 8.032445700000000466e-01 9.292900299999999891e-01 9.036544300000000085e-01 0.000000000000000000e+00
3.882346899999999934e-01 7.312444999999999362e-02 7.239424899999999941e-01 9.987769499999999967e-01 7.549863700000000177e-01 0.000000000000000000e+00
3.456573700000000193e-01 5.694297000000000247e-02 5.903043000000000040e-01 8.621854500000000199e-01 8.229112600000000333e-01 0.000000000000000000e+00
1.384600900000000079e-01 3.320242999999999806e-02 7.714937400000000389e-01 8.662122199999999772e-01 8.583558999999999495e-01 0.000000000000000000e+00
1.037190199999999951e-01 7.261607000000000478e-02 5.226529100000000261e-01 1.024316049999999922e+00 6.221301200000000087e-01 0.000000000000000000e+00
1.433614900000000081e-01 3.412215999999999860e-02 6.171099799999999469e-01 1.055251380000000072e+00 8.925660600000000500e-01 0.000000000000000000e+00
3.267379499999999992e-01 3.868129000000000012e-02 6.591433799999999454e-01 1.160080170000000077e+00 7.334497199999999717e-01 0.000000000000000000e+00
2.720377600000000173e-01 5.274841000000000252e-02 7.045278299999999660e-01 9.238085999999999798e-01 9.653258999999999590e-01 0.000000000000000000e+00
1.657348600000000116e-01 4.538179999999999992e-02 7.075395100000000381e-01 1.199964070000000049e+00 8.007877599999999596e-01 0.000000000000000000e+00
4.999985699999999755e-01 4.520330000000000181e-02 8.860515799999999498e-01 1.183555149999999889e+00 9.558441899999999825e-01 0.000000000000000000e+00
2.408861900000000000e-01 7.828965999999999703e-02 5.833202400000000454e-01 8.984429200000000337e-01 8.204443000000000152e-01 0.000000000000000000e+00
2.888999999999999901e-01 4.139000000000000318e-02 6.666999999999999593e-01 8.155000000000000027e-01 6.925000000000000044e-01 5.057424999999999837e-01
2.861326499999999884e-01 7.055983999999999867e-02 6.656775400000000120e-01 8.323027699999999696e-01 9.116550199999999826e-01 0.000000000000000000e+00
1.307325400000000082e-01 3.181457000000000035e-02 5.790151599999999732e-01 8.259362500000000384e-01 6.504983100000000240e-01 0.000000000000000000e+00
4.748944500000000235e-01 6.040489000000000275e-02 7.550548599999999944e-01 1.175732589999999966e+00 8.969160299999999753e-01 0.000000000000000000e+00
1.318292299999999917e-01 2.868410000000000057e-02 8.849693800000000277e-01 9.711278300000000252e-01 7.148321899999999784e-01 0.000000000000000000e+00
1.987190100000000015e-01 6.416964999999999475e-02 7.524385700000000288e-01 1.058246639999999905e+00 7.147295200000000071e-01 0.000000000000000000e+00
3.414285899999999763e-01 4.735601999999999867e-02 6.589720100000000524e-01 1.109082939999999962e+00 7.517481900000000383e-01 0.000000000000000000e+00
3.852570799999999740e-01 4.048898000000000080e-02 6.205517099999999786e-01 1.138453979999999977e+00 6.619338900000000248e-01 0.000000000000000000e+00
2.242799500000000057e-01 6.407137999999999722e-02 5.278174799999999500e-01 9.141222700000000145e-01 6.840106099999999634e-01 0.000000000000000000e+00
2.649000000000000243e-01 6.951000000000000234e-02 8.131000000000000449e-01 1.035300000000000109e+00 7.602999999999999758e-01 4.364425000000000110e-01
3.441761500000000140e-01 6.624483000000000454e-02 7.907524299999999506e-01 8.451268600000000353e-01 9.785313599999999612e-01 0.000000000000000000e+00
4.855320200000000086e-01 2.501306000000000015e-02 7.196858900000000503e-01 1.112869220000000103e+00 9.161731699999999812e-01 0.000000000000000000e+00
2.556785200000000202e-01 5.266888000000000125e-02 7.327407799999999805e-01 8.245275399999999477e-01 8.404793999999999876e-01 0.000000000000000000e+00
3.181158499999999778e-01 6.790851000000000526e-02 8.001403799999999844e-01 1.164758469999999990e+00 8.886936699999999911e-01 0.000000000000000000e+00
4.336177800000000082e-01 6.701840000000000575e-02 7.485766200000000259e-01 8.630770199999999726e-01 8.111484100000000419e-01 0.000000000000000000e+00
3.116420999999999775e-01 2.997750000000000067e-02 7.326346200000000142e-01 9.436233299999999824e-01 8.628001499999999879e-01 0.000000000000000000e+00
3.494510699999999748e-01 5.544169000000000180e-02 8.655731700000000028e-01 1.112814069999999989e+00 6.991305199999999775e-01 0.000000000000000000e+00
4.909354400000000007e-01 3.392981999999999942e-02 5.136796300000000537e-01 1.110354660000000049e+00 6.818508100000000294e-01 0.000000000000000000e+00
2.628326200000000168e-01 3.598413999999999779e-02 6.651092800000000249e-01 9.973571199999999859e-01 7.619547700000000034e-01 0.000000000000000000e+00
3.622338299999999789e-01 3.217652000000000012e-02 7.336125900000000088e-01 8.309364000000000194e-01 9.908628900000000517e-01 0.000000000000000000e+00
1.154591900000000032e-01 2.307870999999999881e-02 5.354023100000000479e-01 1.010167150000000014e+00 7.791469100000000259e-01 0.000000000000000000e+00
1.998924900000000060e-01 7.736189000000000260e-02 8.457227499999999676e-01 9.718858200000000114e-01 6.938045699999999538e-01 0.000000000000000000e+00
4.618316399999999877e-01 6.618691999999999631e-02 8.761269600000000102e-01 8.109941600000000195e-01 7.113505599999999651e-01 0.000000000000000000e+00
2.210669000000000106e-01 5.235345000000000276e-02 8.693639499999999964e-01 9.135546199999999839e-01 8.514496999999999760e-01 0.000000000000000000e+00
2.381320700000000012e-01 4.010691999999999729e-02 5.927085300000000112e-01 1.083121730000000005e+00 7.498837799999999998e-01 0.000000000000000000e+00
2.623840599999999745e-01 4.048013000000000305e-02 7.758278800000000253e-01 9.965358600000000511e-01 9.394906499999999827e-01 0.000000000000000000e+00
1.710635600000000034e-01 7.617179000000000311e-02 6.029392999999999558e-01 1.072381419999999919e+00 8.383983099999999800e-01 0.000000000000000000e+00
2.589651299999999878e-01 4.463152000000000091e-02 6.630856499999999709e-01 1.151670339999999904e+00 8.557462500000000416e-01 0.000000000000000000e+00
1.333564299999999980e-01 7.513317999999999386e-02 5.823472800000000227e-01 8.660141300000000486e-01 9.621750100000000527e-01 0.000000000000000000e+00
2.440234300000000134e-01 2.036537000000000069e-02 7.347081899999999832e-01 8.710432000000000174e-01 7.674611999999999545e-01 0.000000000000000000e+00
3.567722600000000077e-01 7.535186000000000661e-02 8.384969500000000187e-01 9.115089899999999634e-01 6.893951200000000279e-01 0.000000000000000000e+00
4.630536800000000230e-01 3.344149999999999900e-02 7.177894599999999903e-01 1.065652250000000079e+00 9.748517300000000274e-01 0.000000000000000000e+00
2.588033100000000086e-01 3.290457000000000104e-02 8.906192099999999945e-01 8.523672500000000207e-01 8.488037099999999890e-01 0.000000000000000000e+00
1.179464300000000049e-01 3.566860000000000169e-02 5.140277399999999552e-01 9.331592800000000354e-01 6.556013600000000219e-01 0.000000000000000000e+00
2.624485400000000079e-01 5.027936000000000211e-02 7.628384599999999960e-01 9.365599000000000007e-01 8.277255999999999503e-01 0.000000000000000000e+00
4.172475099999999881e-01 2.494638999999999884e-02 8.781616700000000053e-01 9.785491800000000184e-01 6.295519000000000531e-01 0.000000000000000000e+00
2.314916099999999866e-01 3.853685999999999917e-02 7.873652899999999955e-01 1.113333560000000055e+00 7.670186500000000240e-01 0.000000000000000000e+00
4.813801300000000172e-01 6.371072999999999320e-02 8.036158100000000415e-01 8.284032000000000062e-01 8.933755899999999972e-01 0.000000000000000000e+00
1.352661900000000084e-01 3.568049000000000220e-02 6.625340800000000252e-01 8.180769700000000144e-01 9.346462700000000012e-01 0.000000000000000000e+00
1.109118300000000029e-01 7.226327000000000444e-02 5.911675699999999756e-01 1.057021189999999944e+00 9.207792299999999486e-01 0.000000000000000000e+00
1.422550999999999954e-01 5.019722000000000073e-02 8.172349500000000155e-01 8.910476800000000086e-01 6.068556099999999898e-01 0.000000000000000000e+00
1.521000000000000130e-01 6.122999999999999970e-02 8.707000000000000295e-01 8.196999999999999842e-01 9.693000000000000504e-01 1.349875000000000103e-01
2.716165799999999964e-01 5.987904000000000143e-02 6.363505499999999593e-01 1.007307890000000095e+00 8.691798899999999550e-01 0.000000000000000000e+00
3.573246999999999951e-01 7.585395000000000332e-02 7.381592999999999627e-01 8.367065999999999670e-01 8.411404799999999682e-01 0.000000000000000000e+00
4.157634499999999789e-01 6.509921999999999931e-02 6.736005699999999541e-01 1.114326549999999916e+00 7.502014299999999469e-01 0.000000000000000000e+00
2.468559700000000079e-01 7.253671000000000424e-02 5.059479199999999954e-01 1.158198859999999941e+00 9.294372600000000428e-01 0.000000000000000000e+00
3.817583800000000083e-01 3.795501999999999904e-02 7.615957300000000263e-01 8.107925900000000352e-01 6.104000200000000431e-01 0.000000000000000000e+00
4.210833999999999966e-01 5.342269999999999658e-02 8.708412599999999504e-01 9.234030100000000241e-01 9.698701400000000472e-01 0.000000000000000000e+00
4.731702600000000092e-01 3.212584999999999746e-02 5.033411100000000360e-01 1.125704959999999977e+00 6.418564599999999620e-01 0.000000000000000000e+00
3.498279100000000197e-01 5.683399000000000090e-02 7.191989699999999930e-01 8.084720899999999766e-01 7.809637699999999461e-01 0.000000000000000000e+00
2.833049200000000156e-01 6.308669999999999556e-02 5.553723799999999988e-01 9.139147499999999980e-01 8.016133500000000023e-01 0.000000000000000000e+00
4.811720099999999833e-01 3.546952999999999911e-02 7.567808599999999997e-01 1.102702520000000019e+00 9.072849299999999895e-01 0.000000000000000000e+00
1.786016400000000059e-01 7.604539999999999911e-02 7.322064200000000245e-01 1.128686260000000052e+00 8.255018499999999815e-01 0.000000000000000000e+00
4.172593600000000236e-01 7.063780000000000059e-02 7.835495199999999993e-01 1.056619259999999949e+00 8.100429799999999680e-01 0.000000000000000000e+00
4.674093000000000275e-01 3.188193000000000277e-02 7.472496699999999770e-01 1.006417750000000000e+00 9.116062600000000016e-01 0.000000000000000000e+00
3.533885999999999972e-01 3.848659000000000108e-02 6.964172699999999772e-01 1.199638320000000036e+00 8.403568000000000149e-01 0.000000000000000000e+00
4.469321299999999830e-01 4.105940000000000284e-02 8.811154100000000433e-01 1.039358929999999903e+00 7.093416500000000458e-01 0.000000000000000000e+00
2.457825700000000058e-01 6.743082999999999716e-02 8.050245499999999499e-01 8.010854800000000164e-01 8.997418600000000044e-01 0.000000000000000000e+00
2.634911699999999968e-01 2.865271999999999958e-02 7.333119399999999954e-01 8.010081399999999796e-01 9.447489700000000212e-01 0.000000000000000000e+00
4.957198899999999964e-01 4.598524999999999835e-02 8.332230600000000154e-01 1.096325329999999987e+00 7.570856000000000252e-01 0.000000000000000000e+00
3.792724399999999885e-01 3.584939000000000181e-02 7.905828700000000486e-01 8.357631899999999892e-01 8.152602700000000091e-01 0.000000000000000000e+00
1.612680300000000067e-01 7.814537000000000566e-02 7.296917400000000331e-01 1.030861349999999899e+00 8.025041800000000114e-01 0.000000000000000000e+00
4.202006600000000036e-01 2.760519000000000167e-02 8.304584999999999884e-01 9.869864600000000099e-01 9.891012399999999927e-01 0.000000000000000000e+00
2.502841900000000175e-01 7.383320999999999634e-02 8.664237700000000375e-01 8.831693400000000249e-01 7.752609299999999593e-01 0.000000000000000000e+00
3.020905300000000238e-01 7.163658000000000525e-02 8.092436800000000208e-01 1.173042059999999998e+00 7.888993300000000097e-01 0.000000000000000000e+00
1.271280599999999872e-01 3.528871000000000091e-02 5.020887200000000439e-01 8.710600899999999536e-01 7.337095300000000542e-01 0.000000000000000000e+00
2.357253900000000069e-01 5.311384999999999718e-02 7.866748999999999548e-01 1.042885400000000073e+00 6.843084799999999968e-01 0.000000000000000000e+00
1.716929600000000056e-01 3.464713999999999988e-02 7.223455899999999819e-01 1.097857450000000012e+00 6.144788100000000419e-01 0.000000000000000000e+00
2.156980599999999970e-01 7.243713999999999709e-02 5.779697799999999885e-01 8.807234600000000135e-01 9.750431999999999988e-01 0.000000000000000000e+00
1.078161200000000014e-01 5.556900000000000034e-02 5.850927200000000106e-01 1.019487430000000083e+00 9.437710999999999739e-01 0.000000000000000000e+00
4.708240000000000203e-01 5.965560999999999781e-02 7.022324300000000186e-01 1.088503149999999975e+00 6.893790400000000540e-01 0.000000000000000000e+00
3.905345399999999856e-01 5.611060999999999827e-02 7.652991999999999573e-01 9.699924100000000271e-01 6.976166000000000311e-01 0.000000000000000000e+00
4.332248000000000210e-01 5.008039999999999714e-02 8.560208599999999945e-01 1.154836629999999920e+00 9.785596399999999528e-01 0.000000000000000000e+00
2.139640499999999890e-01 3.592494999999999716e-02 7.513143500000000197e-01 1.051178310000000060e+00 8.304738799999999976e-01 0.000000000000000000e+00
1.287451199999999907e-01 5.324525000000000091e-02 5.856031499999999612e-01 8.379145799999999644e-01 8.581847000000000225e-01 0.000000000000000000e+00
1.134078300000000011e-01 7.367107000000000516e-02 7.595770600000000261e-01 1.130798079999999928e+00 6.572151600000000204e-01 0.000000000000000000e+00
1.172716300000000017e-01 2.759361000000000105e-02 7.825151700000000377e-01 9.936562399999999684e-01 6.936689200000000222e-01 0.000000000000000000e+00
2.855767000000000166e-01 6.553001999999999438e-02 5.043501000000000234e-01 1.023017980000000104e+00 8.823660899999999918e-01 0.000000000000000000e+00
3.131375299999999973e-01 4.649382999999999988e-02 5.765763799999999994e-01 1.029951719999999904e+00 7.557867900000000416e-01 0.000000000000000000e+00
4.853178000000000214e-01 5.441862000000000088e-02 8.873320300000000493e-01 1.008012530000000018e+00 8.138352899999999890e-01 0.000000000000000000e+00
2.347451700000000030e-01 2.173891000000000018e-02 6.978983399999999504e-01 8.522343000000000002e-01 9.546459400000000262e-01 0.000000000000000000e+00
1.718306699999999909e-01 7.441752999999999563e-02 7.359240099999999618e-01 1.031331629999999944e+00 7.027137500000000259e-01 0.000000000000000000e+00
2.915027299999999877e-01 3.049098000000000086e-02 6.801528599999999702e-01 1.052140740000000019e+00 7.180113099999999582e-01 0.000000000000000000e+00
1.240318799999999971e-01 7.709496999999999878e-02 6.544047600000000298e-01 1.072906609999999983e+00 7.213966099999999937e-01 0.000000000000000000e+00
4.197000000000000175e-01 5.136999999999999900e-02 8.225000000000000089e-01 1.125899999999999901e+00 8.809000000000000163e-01 3.676375000000000060e-01
1.671463499999999991e-01 7.229836000000000595e-02 8.863939299999999966e-01 1.102736689999999964e+00 6.143617000000000106e-01 0.000000000000000000e+00
2.371481300000000125e-01 6.886024000000000311e-02 7.553973699999999569e-01 1.115842030000000040e+00 6.801998799999999790e-01 0.000000000000000000e+00
3.971966499999999844e-01 4.568169999999999870e-02 5.962953600000000520e-01 8.382785000000000375e-01 7.874970000000000026e-01 0.000000000000000000e+00
3.136999999999999789e-01 5.913000000000000200e-02 8.041000000000000369e-01 1.172700000000000076e+00 6.761000000000000343e-01 1.537975000000000037e-01
3.897221599999999841e-01 6.582171000000000549e-02 8.741591699999999854e-01 1.034414029999999984e+00 9.433638300000000143e-01 0.000000000000000000e+00
4.172716100000000150e-01 5.688218999999999914e-02 6.923228000000000160e-01 1.038248300000000013e+00 7.602045899999999579e-01 0.000000000000000000e+00
4.386967199999999845e-01 2.666591999999999921e-02 8.273002600000000095e-01 8.287042100000000522e-01 6.447201799999999761e-01 0.000000000000000000e+00
3.789342600000000227e-01 7.235514999999999308e-02 7.457650399999999902e-01 1.061203810000000081e+00 6.362985199999999786e-01 0.000000000000000000e+00
3.397171500000000233e-01 6.936272999999999744e-02 8.178141799999999462e-01 9.052551699999999979e-01 7.595090899999999978e-01 0.000000000000000000e+00
2.469000000000000083e-01 4.487000000000000016e-02 7.045000000000000151e-01 9.570999999999999508e-01 6.249000000000000110e-01 5.794974999999999987e-01
4.187493800000000044e-01 7.821815000000000018e-02 5.253873599999999700e-01 1.020199230000000012e+00 8.622029300000000340e-01 0.000000000000000000e+00
2.507505300000000270e-01 6.819580999999999560e-02 6.667248700000000250e-01 1.000923180000000023e+00 8.973266800000000432e-01 0.000000000000000000e+00
4.720114499999999991e-01 6.274496000000000240e-02 5.899480000000000279e-01 1.120778819999999953e+00 9.924362899999999987e-01 0.000000000000000000e+00
4.937657599999999980e-01 4.435287999999999731e-02 5.833078699999999506e-01 1.151911899999999989e+00 6.282719700000000129e-01 0.000000000000000000e+00
1.501000000000000112e-01 6.285000000000000309e-02 5.489000000000000545e-01 8.931000000000000050e-01 7.540999999999999925e-01 9.443124999999999991e-01
3.511211900000000274e-01 5.219651000000000152e-02 8.671338600000000341e-01 1.109779360000000104e+00 8.945860900000000004e-01 0.000000000000000000e+00
3.880038499999999835e-01 6.971512000000000542e-02 8.116778900000000130e-01 9.440611199999999759e-01 6.177849399999999491e-01 0.000000000000000000e+00
4.489225900000000102e-01 2.508637000000000020e-02 8.462246399999999724e-01 1.190492370000000077e+00 9.304740900000000314e-01 0.000000000000000000e+00
4.560568099999999792e-01 3.710544999999999816e-02 7.859785299999999530e-01 8.293128499999999903e-01 6.212283199999999450e-01 0.000000000000000000e+00
3.293097500000000122e-01 3.784698999999999702e-02 6.343052599999999819e-01 9.329117999999999578e-01 8.283254599999999579e-01 0.000000000000000000e+00
4.016877400000000153e-01 5.819160999999999778e-02 5.652458399999999994e-01 8.254213000000000244e-01 8.780162799999999823e-01 0.000000000000000000e+00
4.999620900000000256e-01 3.097940000000000069e-02 5.898214999999999986e-01 1.114451379999999991e+00 6.052191199999999993e-01 0.000000000000000000e+00
1.884977599999999864e-01 7.646102999999999927e-02 6.547656800000000166e-01 9.792334000000000316e-01 7.603135899999999836e-01 0.000000000000000000e+00
4.461032600000000015e-01 6.483753000000000433e-02 5.071244499999999489e-01 9.148900399999999600e-01 9.380260700000000451e-01 0.000000000000000000e+00
4.050778600000000118e-01 2.244248999999999897e-02 7.751252699999999773e-01 1.175069930000000040e+00 6.396174100000000529e-01 0.000000000000000000e+00
1.931538800000000000e-01 6.224848999999999660e-02 8.461176200000000147e-01 1.071410680000000060e+00 9.536737899999999657e-01 0.000000000000000000e+00
1.165662100000000034e-01 2.159055000000000002e-02 5.061985900000000038e-01 1.063469030000000037e+00 7.409014000000000433e-01 0.000000000000000000e+00
3.800968399999999914e-01 4.100202000000000013e-02 5.552016300000000015e-01 8.685001700000000158e-01 9.201798399999999711e-01 0.000000000000000000e+00
4.426141000000000103e-01 6.586245999999999767e-02 7.442908999999999775e-01 9.106435999999999975e-01 9.493068900000000143e-01 0.000000000000000000e+00
4.211574100000000098e-01 6.100301999999999808e-02 6.126042699999999508e-01 9.596415000000000362e-01 9.204445100000000490e-01 0.000000000000000000e+00
2.313310600000000050e-01 4.850866000000000205e-02 8.996223199999999753e-01 1.168053940000000068e+00 6.042312699999999870e-01 0.000000000000000000e+00
3.779026999999999803e-01 2.524712000000000137e-02 5.953499399999999664e-01 1.188171599999999994e+00 8.466343899999999589e-01 0.000000000000000000e+00
3.061856499999999759e-01 5.165668000000000343e-02 6.845425000000000537e-01 9.608465899999999449e-01 9.051187800000000117e-01 0.000000000000000000e+00
1.572955900000000129e-01 6.237109999999999876e-02 5.140550900000000478e-01 1.127703120000000059e+00 9.665587700000000115e-01 0.000000000000000000e+00
2.600176599999999838e-01 5.722566999999999932e-02 7.582603500000000274e-01 8.002785599999999722e-01 8.732257100000000438e-01 0.000000000000000000e+00
4.520295400000000074e-01 4.616216000000000069e-02 6.763652700000000184e-01 8.545689199999999541e-01 6.131059399999999604e-01 0.000000000000000000e+00
2.825101899999999944e-01 5.942200000000000260e-02 5.719610699999999603e-01 8.495090699999999773e-01 8.975317000000000434e-01 0.000000000000000000e+00
4.024488900000000036e-01 7.253603999999999608e-02 5.760944399999999854e-01 8.349396799999999619e-01 8.127630700000000319e-01 0.000000000000000000e+00
3.607531500000000224e-01 6.880000000000000004e-02 6.011005999999999849e-01 1.018211530000000087e+00 9.511667299999999603e-01 0.000000000000000000e+00
2.337443100000000107e-01 5.424371000000000054e-02 5.242433300000000074e-01 1.172817470000000029e+00 9.873902799999999536e-01 0.000000000000000000e+00
2.837763700000000000e-01 3.829657000000000200e-02 6.701802599999999721e-01 1.171441340000000109e+00 9.480465700000000329e-01 0.000000000000000000e+00
2.082746400000000109e-01 6.878971000000000391e-02 6.501524600000000431e-01 1.185381149999999995e+00 7.182876099999999653e-01 0.000000000000000000e+00
2.110870099999999916e-01 2.826682000000000153e-02 8.995997900000000103e-01 1.093779829999999897e+00 8.591543000000000374e-01 0.000000000000000000e+00
1.294095600000000068e-01 7.320266000000000273e-02 5.880762800000000068e-01 1.102413270000000001e+00 6.637990200000000174e-01 0.000000000000000000e+00
2.176503100000000135e-01 7.027556999999999554e-02 8.280577399999999866e-01 9.737637799999999677e-01 8.103019700000000380e-01 0.000000000000000000e+00
3.958737399999999740e-01 3.604472999999999705e-02 8.210338400000000147e-01 9.227712200000000031e-01 9.464205700000000165e-01 0.000000000000000000e+00
1.960684699999999947e-01 2.241247000000000031e-02 8.754392100000000232e-01 1.130670190000000019e+00 7.123548600000000341e-01 0.000000000000000000e+00
4.141259700000000099e-01 3.643686000000000147e-02 6.570699100000000348e-01 9.616674100000000003e-01 7.102096399999999754e-01 0.000000000000000000e+00
4.841548900000000044e-01 2.136207999999999857e-02 8.094270199999999971e-01 8.421332799999999841e-01 6.979490499999999598e-01 0.000000000000000000e+00
3.648462100000000041e-01 2.686977000000000115e-02 7.567992399999999842e-01 8.999024700000000099e-01 9.896825999999999679e-01 0.000000000000000000e+00
1.802932399999999935e-01 2.554239000000000162e-02 5.474969100000000033e-01 1.085771320000000095e+00 7.354978300000000191e-01 0.000000000000000000e+00
3.440360299999999927e-01 4.663381999999999944e-02 5.477613000000000065e-01 8.383083700000000249e-01 8.544750899999999927e-01 0.000000000000000000e+00
1.334919499999999981e-01 3.840592000000000311e-02 7.660525299999999538e-01 8.497141200000000172e-01 6.617791299999999932e-01 0.000000000000000000e+00
1.039476200000000045e-01 3.102701000000000070e-02 5.153252900000000469e-01 8.153666499999999706e-01 6.903289400000000020e-01 0.000000000000000000e+00
3.725167300000000181e-01 5.589815000000000061e-02 7.851040099999999633e-01 9.312956300000000409e-01 6.880376599999999954e-01 0.000000000000000000e+00
3.936802099999999749e-01 5.292331000000000119e-02 8.767830399999999580e-01 9.089812499999999629e-01 8.171046499999999879e-01 0.000000000000000000e+00
1.474875999999999965e-01 2.500716999999999871e-02 6.357158099999999923e-01 9.040609099999999954e-01 8.640314100000000552e-01 0.000000000000000000e+00
4.897447799999999907e-01 3.487791999999999976e-02 8.749237500000000001e-01 9.243947700000000323e-01 6.656585200000000313e-01 0.000000000000000000e+00
2.996723700000000212e-01 5.374683999999999712e-02 7.605202699999999982e-01 1.191453890000000015e+00 8.239149999999999530e-01 0.000000000000000000e+00
1.010939200000000038e-01 7.098005000000000286e-02 5.027067400000000408e-01 8.641215700000000055e-01 8.717601099999999770e-01 0.000000000000000000e+00
2.314550499999999955e-01 2.240957000000000018e-02 6.898865800000000270e-01 1.182510659999999936e+00 8.157153799999999899e-01 0.000000000000000000e+00
3.630703200000000019e-01 3.825694999999999790e-02 5.046338200000000107e-01 1.040045950000000108e+00 7.660907999999999607e-01 0.000000000000000000e+00
3.982877699999999854e-01 6.740495000000000514e-02 8.556369999999999809e-01 9.964036800000000138e-01 6.326091600000000037e-01 0.000000000000000000e+00
2.877699000000000229e-01 4.801107999999999765e-02 8.011547999999999448e-01 8.641636400000000107e-01 9.752263100000000406e-01 0.000000000000000000e+00
1.650999999999999968e-01 3.307000000000000217e-02 5.571000000000000396e-01 8.565000000000000391e-01 7.040999999999999481e-01 5.686075000000000434e-01
3.487988000000000199e-01 6.843153999999999904e-02 7.738960700000000470e-01 8.796790899999999969e-01 9.418499200000000071e-01 0.000000000000000000e+00
3.055405099999999874e-01 5.602705000000000185e-02 7.969141499999999878e-01 1.175544930000000043e+00 7.585388699999999762e-01 0.000000000000000000e+00
3.830812699999999738e-01 7.094420999999999367e-02 6.559238200000000463e-01 1.168337229999999893e+00 9.730963500000000543e-01 0.000000000000000000e+00
1.335626599999999997e-01 7.361518000000000228e-02 8.107345799999999825e-01 1.020487190000000099e+00 9.268061199999999555e-01 0.000000000000000000e+00
1.019182899999999947e-01 5.778900000000000009e-02 5.611532900000000268e-01 8.921248999999999985e-01 9.760031200000000018e-01 0.000000000000000000e+00
2.063082900000000053e-01 2.469243999999999953e-02 8.116474900000000270e-01 9.941522999999999888e-01 8.650418800000000408e-01 0.000000000000000000e+00
4.331861499999999920e-01 5.725233999999999879e-02 5.684047500000000142e-01 9.838881499999999614e-01 7.319739600000000346e-01 0.000000000000000000e+00
3.318999999999999728e-01 4.218999999999999834e-02 6.170999999999999819e-01 8.602999999999999536e-01 6.307000000000000384e-01 2.750724999999999976e-01
2.130751700000000082e-01 4.473142000000000090e-02 6.502864600000000106e-01 9.082983700000000216e-01 9.976708399999999477e-01 0.000000000000000000e+00
2.920770200000000205e-01 5.782630999999999882e-02 6.711860499999999785e-01 8.517418599999999618e-01 7.088219399999999837e-01 0.000000000000000000e+00
2.000864300000000096e-01 4.697247000000000228e-02 7.842735299999999965e-01 1.071079539999999941e+00 8.242002699999999571e-01 0.000000000000000000e+00
1.300996399999999886e-01 5.023516000000000092e-02 6.016134699999999835e-01 8.728704800000000041e-01 8.654400300000000268e-01 0.000000000000000000e+00
1.970999999999999974e-01 4.560999999999999777e-02 5.154999999999999583e-01 1.174299999999999899e+00 6.653000000000000025e-01 2.686374999999999735e-01
2.288449499999999914e-01 5.708382000000000039e-02 7.323891599999999835e-01 9.739437800000000367e-01 7.042826300000000206e-01 0.000000000000000000e+00
1.440646100000000096e-01 4.588749999999999774e-02 6.006656599999999901e-01 1.153164889999999998e+00 6.796577499999999494e-01 0.000000000000000000e+00
3.784931899999999794e-01 6.789747000000000143e-02 8.624354100000000134e-01 1.110174889999999914e+00 6.570659599999999489e-01 0.000000000000000000e+00
1.474002199999999985e-01 3.328503000000000017e-02 6.019428100000000503e-01 1.045754120000000009e+00 6.450679700000000460e-01 0.000000000000000000e+00
2.308182799999999868e-01 7.545746000000000397e-02 8.368930599999999664e-01 1.078036620000000001e+00 7.302020099999999569e-01 0.000000000000000000e+00
2.606973899999999733e-01 6.233704999999999802e-02 6.588922299999999677e-01 1.158808679999999924e+00 9.060544999999999849e-01 0.000000000000000000e+00
2.127789300000000050e-01 6.644838000000000133e-02 7.428049799999999481e-01 1.096863340000000075e+00 7.787221600000000521e-01 0.000000000000000000e+00
1.420497300000000129e-01 3.793292000000000191e-02 6.142224099999999964e-01 8.716596500000000081e-01 6.151727999999999641e-01 0.000000000000000000e+00
2.156662799999999880e-01 4.594850999999999797e-02 5.042010799999999682e-01 9.463891100000000334e-01 9.419253300000000051e-01 0.000000000000000000e+00
4.159257900000000174e-01 3.683629000000000070e-02 5.318823099999999693e-01 1.006591629999999959e+00 6.541140199999999627e-01 0.000000000000000000e+00
2.550069200000000258e-01 2.906554000000000082e-02 5.741262000000000310e-01 1.061137250000000032e+00 8.850195899999999671e-01 0.000000000000000000e+00
2.752585200000000065e-01 5.189544000000000101e-02 8.284458900000000181e-01 1.054629019999999917e+00 9.425753100000000551e-01 0.000000000000000000e+00
4.642999999999999905e-01 6.636999999999999844e-02 5.870999999999999552e-01 1.157299999999999995e+00 9.031000000000000139e-01 9.641125000000000389e-01
3.093645600000000107e-01 6.854549999999999532e-02 8.596193600000000545e-01 8.415989200000000281e-01 6.244992999999999794e-01 0.000000000000000000e+00
1.209030499999999980e-01 4.571386000000000199e-02 7.799757200000000390e-01 9.716923600000000327e-01 8.208271000000000317e-01 0.000000000000000000e+00
4.730997800000000253e-01 5.767267999999999700e-02 8.327961400000000181e-01 1.110308529999999960e+00 8.794674399999999892e-01 0.000000000000000000e+00
1.759551699999999941e-01 7.035909999999999387e-02 7.427291400000000099e-01 9.826028900000000066e-01 6.806082100000000468e-01 0.000000000000000000e+00
2.792598399999999814e-01 3.211785999999999808e-02 5.771406500000000328e-01 8.547894999999999799e-01 7.003287099999999654e-01 0.000000000000000000e+00
4.328266100000000005e-01 2.048292000000000168e-02 5.241474999999999884e-01 1.106988120000000020e+00 9.164643500000000387e-01 0.000000000000000000e+00
1.042583299999999963e-01 6.217505999999999727e-02 5.710806099999999885e-01 1.087680030000000020e+00 8.612329199999999574e-01 0.000000000000000000e+00
3.944754799999999895e-01 6.428254999999999386e-02 6.118131900000000067e-01 8.659051199999999726e-01 6.426773999999999543e-01 0.000000000000000000e+00
2.187796100000000132e-01 2.745384000000000019e-02 5.637069799999999686e-01 1.059331250000000058e+00 7.132960999999999885e-01 0.000000000000000000e+00
1.337891900000000023e-01 4.867570000000000230e-02 7.541179399999999866e-01 9.702632500000000215e-01 9.698912600000000328e-01 0.000000000000000000e+00
2.998884399999999784e-01 2.193847000000000158e-02 8.465242899999999571e-01 1.086886360000000051e+00 9.215650100000000178e-01 0.000000000000000000e+00
2.272685200000000016e-01 6.831476999999999689e-02 7.118564800000000137e-01 1.168186589999999914e+00 6.701949999999999852e-01 0.000000000000000000e+00
2.777405499999999750e-01 4.930484000000000255e-02 8.663059499999999913e-01 8.770120300000000535e-01 8.130212100000000497e-01 0.000000000000000000e+00
1.500988900000000126e-01 3.702347000000000277e-02 7.152991499999999947e-01 1.017296839999999980e+00 8.180959899999999951e-01 0.000000000000000000e+00
4.647407299999999908e-01 7.123580000000000190e-02 6.473992600000000319e-01 8.788036200000000076e-01 9.835840500000000430e-01 0.000000000000000000e+00
4.831810999999999745e-01 6.751716000000000661e-02 8.026921500000000487e-01 1.044807459999999910e+00 6.145098399999999739e-01 0.000000000000000000e+00
2.750032700000000219e-01 6.467995999999999468e-02 7.408165899999999970e-01 1.003046040000000083e+00 8.803626100000000454e-01 0.000000000000000000e+00
1.586088800000000076e-01 6.594679000000000513e-02 5.173322599999999882e-01 9.487927400000000233e-01 7.376163599999999709e-01 0.000000000000000000e+00
2.449000000000000066e-01 6.259000000000000674e-02 6.733000000000000096e-01 8.987000000000000544e-01 7.764999999999999680e-01 3.549250000000000321e-02
1.704102200000000011e-01 4.139223000000000208e-02 8.584244699999999950e-01 1.065961359999999969e+00 9.125765599999999811e-01 0.000000000000000000e+00
4.441963899999999965e-01 3.633150000000000268e-02 8.230056999999999512e-01 9.954774600000000362e-01 8.965939800000000126e-01 0.000000000000000000e+00
4.846532800000000196e-01 7.952906999999999338e-02 8.897654099999999788e-01 9.451677899999999521e-01 6.081232899999999830e-01 0.000000000000000000e+00
1.990833200000000081e-01 4.894298999999999872e-02 7.051713200000000459e-01 1.097471499999999933e+00 8.270103699999999947e-01 0.000000000000000000e+00
4.425369499999999845e-01 2.377893999999999841e-02 5.300492799999999560e-01 8.095608699999999880e-01 9.706749399999999861e-01 0.000000000000000000e+00
3.232720099999999985e-01 6.288370999999999544e-02 8.988116499999999620e-01 8.986678299999999453e-01 6.033132100000000442e-01 0.000000000000000000e+00
4.201763199999999920e-01 5.942357000000000194e-02 6.412992699999999768e-01 1.046217200000000069e+00 8.209502199999999528e-01 0.000000000000000000e+00
1.777000699999999878e-01 7.109915999999999459e-02 8.696890800000000032e-01 9.034995399999999899e-01 6.988987500000000130e-01 0.000000000000000000e+00
1.906284199999999929e-01 6.023183000000000009e-02 8.265488899999999806e-01 1.192161349999999898e+00 9.456675300000000339e-01 0.000000000000000000e+00
2.559924399999999878e-01 6.044387999999999844e-02 8.604472399999999466e-01 8.456848000000000143e-01 7.521832200000000412e-01 0.000000000000000000e+00
2.007548100000000058e-01 5.607795000000000141e-02 7.012347700000000073e-01 9.649062200000000367e-01 9.554067400000000321e-01 0.000000000000000000e+00
3.858561999999999825e-01 7.128231999999999624e-02 6.310795099999999547e-01 9.388645799999999486e-01 6.648476700000000017e-01 0.000000000000000000e+00
4.598478300000000130e-01 4.078405000000000225e-02 5.272014200000000317e-01 9.861424100000000248e-01 7.014579100000000178e-01 0.000000000000000000e+00
1.075479000000000018e-01 7.956256000000000439e-02 5.665872699999999762e-01 1.071971489999999916e+00 6.274811200000000033e-01 0.000000000000000000e+00
1.879000000000000115e-01 6.834999999999999409e-02 8.303000000000000380e-01 8.587000000000000188e-01 6.542999999999999927e-01 1.240974999999999995e-01
1.914678900000000017e-01 5.501803999999999722e-02 7.963342900000000002e-01 9.070439500000000432e-01 7.416604300000000372e-01 0.000000000000000000e+00
4.287043999999999855e-01 2.852019000000000082e-02 6.323444000000000287e-01 1.050383810000000029e+00 6.294471000000000371e-01 0.000000000000000000e+00
4.415517999999999943e-01 7.604331000000000285e-02 6.232317699999999627e-01 9.390555499999999611e-01 9.795966900000000477e-01 0.000000000000000000e+00
2.971131799999999767e-01 3.492925000000000196e-02 6.258685200000000393e-01 9.335821600000000497e-01 6.950091200000000358e-01 0.000000000000000000e+00
2.770360900000000126e-01 2.154408999999999838e-02 6.146230299999999591e-01 1.080408449999999965e+00 9.737087199999999720e-01 0.000000000000000000e+00
4.936269300000000193e-01 7.332220999999999878e-02 5.617165899999999601e-01 1.016883900000000063e+00 9.299170300000000333e-01 0.000000000000000000e+00
1.031462600000000035e-01 4.574497000000000285e-02 5.261495099999999869e-01 8.246837399999999985e-01 6.000631199999999499e-01 0.000000000000000000e+00
3.012747299999999906e-01 7.084682000000000479e-02 7.364884600000000114e-01 9.080262900000000137e-01 8.437169300000000316e-01 0.000000000000000000e+00
1.550458100000000061e-01 4.516164000000000289e-02 5.447491800000000550e-01 8.259999599999999775e-01 7.710831299999999500e-01 0.000000000000000000e+00
2.608091799999999738e-01 5.593328000000000189e-02 6.786439199999999561e-01 8.913222200000000539e-01 7.874206500000000553e-01 0.000000000000000000e+00
1.929432000000000091e-01 6.269199000000000299e-02 7.457808299999999502e-01 1.196193309999999954e+00 7.019280300000000361e-01 0.000000000000000000e+00
3.444037699999999980e-01 4.900068999999999952e-02 6.924757400000000063e-01 1.134149669999999999e+00 9.726418300000000405e-01 0.000000000000000000e+00
1.852406400000000120e-01 3.704744000000000093e-02 5.310247200000000056e-01 8.533124300000000106e-01 8.867503399999999703e-01 0.000000000000000000e+00
1.264449500000000004e-01 7.254206000000000543e-02 8.204331200000000157e-01 1.079740310000000036e+00 7.856324099999999477e-01 0.000000000000000000e+00
2.621207799999999977e-01 2.855941000000000035e-02 5.855634800000000251e-01 9.539738199999999724e-01 7.281107799999999575e-01 0.000000000000000000e+00
1.431789400000000045e-01 6.169648999999999966e-02 6.315455800000000508e-01 8.548812199999999972e-01 8.829932700000000523e-01 0.000000000000000000e+00
3.908072000000000212e-01 6.229080000000000034e-02 7.218865199999999760e-01 8.007404200000000083e-01 7.204847500000000071e-01 0.000000000000000000e+00
3.603357300000000207e-01 2.082675999999999972e-02 8.247530499999999876e-01 1.117910240000000055e+00 9.281873000000000484e-01 0.000000000000000000e+00
2.663452099999999989e-01 4.068983000000000322e-02 6.327831999999999901e-01 1.041244009999999998e+00 8.493032200000000254e-01 0.000000000000000000e+00
2.369080799999999931e-01 3.720377999999999880e-02 5.251249500000000348e-01 8.274865700000000324e-01 9.373127500000000278e-01 0.000000000000000000e+00
1.973000000000000032e-01 6.393000000000000071e-02 7.006999999999999895e-01 8.468999999999999861e-01 6.322999999999999732e-01 4.913874999999999771e-01
3.494141100000000000e-01 6.931315000000000393e-02 5.618739099999999764e-01 1.181966759999999894e+00 9.493839299999999870e-01 0.000000000000000000e+00
1.466901700000000086e-01 3.564842000000000011e-02 7.295640500000000195e-01 1.194089079999999914e+00 6.492450600000000405e-01 0.000000000000000000e+00
2.340381699999999898e-01 3.179036999999999835e-02 5.103684699999999630e-01 1.076615759999999922e+00 7.216833700000000462e-01 0.000000000000000000e+00
3.003691399999999789e-01 7.340620000000000478e-02 6.716056799999999827e-01 1.026798220000000095e+00 7.595986000000000127e-01 0.000000000000000000e+00
3.533168999999999893e-01 2.896804000000000046e-02 7.566286599999999529e-01 8.442606599999999961e-01 9.204320000000000279e-01 0.000000000000000000e+00
1.791054800000000113e-01 2.588147999999999838e-02 5.647206399999999960e-01 1.125241539999999985e+00 9.891156700000000024e-01 0.000000000000000000e+00
1.576691400000000132e-01 7.895183000000000062e-02 7.549693100000000046e-01 8.509986600000000179e-01 7.106626000000000332e-01 0.000000000000000000e+00
2.663089200000000045e-01 2.681702999999999865e-02 7.415395999999999654e-01 1.059591320000000003e+00 7.990680100000000508e-01 0.000000000000000000e+00
1.475308499999999912e-01 4.467523999999999801e-02 5.546123800000000159e-01 1.192147639999999953e+00 6.354267099999999502e-01 0.000000000000000000e+00
2.262367000000000128e-01 4.026633000000000295e-02 8.774754500000000457e-01 1.178072000000000008e+00 7.266385899999999731e-01 0.000000000000000000e+00
1.279693100000000028e-01 5.728157999999999861e-02 5.946760700000000011e-01 1.041669750000000061e+00 9.791551099999999952e-01 0.000000000000000000e+00
3.482557499999999751e-01 2.522322000000000106e-02 7.014999899999999622e-01 9.977561700000000533e-01 6.961874799999999697e-01 0.000000000000000000e+00
2.858443399999999746e-01 6.005052000000000306e-02 8.426006299999999616e-01 9.705830600000000530e-01 9.506912199999999480e-01 0.000000000000000000e+00
1.036441300000000010e-01 5.207819999999999810e-02 8.374297099999999938e-01 9.689019899999999907e-01 7.420795399999999820e-01 0.000000000000000000e+00
3.231490599999999880e-01 7.211481999999999615e-02 5.604874800000000379e-01 1.144840499999999928e+00 7.357012200000000446e-01 0.000000000000000000e+00
1.894512799999999997e-01 2.798774999999999874e-02 5.641365099999999799e-01 1.180494589999999899e+00 9.210860499999999895e-01 0.000000000000000000e+00
3.113130100000000011e-01 6.987828999999999569e-02 5.193657299999999699e-01 1.107688140000000043e+00 6.729078400000000348e-01 0.000000000000000000e+00
3.063083200000000228e-01 5.966656000000000043e-02 5.135570799999999991e-01 1.049681469999999894e+00 9.825510699999999709e-01 0.000000000000000000e+00
2.333000000000000074e-01 4.195000000000000118e-02 5.678999999999999604e-01 1.153299999999999992e+00 6.801000000000000378e-01 9.552024999999999544e-01
2.209728599999999932e-01 7.562705000000000122e-02 8.117345799999999834e-01 8.188995500000000316e-01 9.043407700000000160e-01 0.000000000000000000e+00
4.034376399999999863e-01 3.125692000000000054e-02 7.249883400000000089e-01 1.159270620000000029e+00 7.966229400000000016e-01 0.000000000000000000e+00
2.403016699999999950e-01 4.434251000000000165e-02 5.528233399999999964e-01 8.963622599999999663e-01 9.322399399999999892e-01 0.000000000000000000e+00
3.325964900000000224e-01 6.086798999999999682e-02 7.646432600000000468e-01 1.093282910000000108e+00 8.631197499999999634e-01 0.000000000000000000e+00
4.823000000000000065e-01 6.235000000000000264e-02 5.836999999999999966e-01 1.048699999999999966e+00 8.859000000000000208e-01 7.586874999999999591e-01
3.203985500000000042e-01 7.198190000000000144e-02 5.353079600000000271e-01 9.747156000000000153e-01 8.274533699999999659e-01 0.000000000000000000e+00
4.792738200000000170e-01 3.292268999999999751e-02 5.756625399999999448e-01 8.582406700000000388e-01 6.194327299999999870e-01 0.000000000000000000e+00
1.690552100000000113e-01 7.246484000000000258e-02 5.432926000000000144e-01 9.857913099999999762e-01 8.761711800000000494e-01 0.000000000000000000e+00
4.223000000000000087e-01 4.052999999999999658e-02 8.588999999999999968e-01 1.005300000000000082e+00 8.680999999999999828e-01 3.735775000000000068e-01
4.099908600000000125e-01 7.795167000000000068e-02 8.816644200000000042e-01 9.675808999999999660e-01 9.515909000000000173e-01 0.000000000000000000e+00
3.523997999999999853e-01 5.720751000000000308e-02 8.046403600000000544e-01 8.194754800000000339e-01 7.690041300000000080e-01 0.000000000000000000e+00
1.197151699999999958e-01 3.192633000000000276e-02 8.623838400000000126e-01 9.696314000000000322e-01 6.633831300000000430e-01 0.000000000000000000e+00
2.466615100000000005e-01 2.814552000000000026e-02 7.857255199999999551e-01 1.031872109999999898e+00 7.761631399999999736e-01 0.000000000000000000e+00
4.700414700000000168e-01 7.455166000000000570e-02 5.464055500000000176e-01 8.742092999999999670e-01 6.918370999999999826e-01 0.000000000000000000e+00
3.251246899999999940e-01 7.944273000000000307e-02 8.298871799999999466e-01 8.401000400000000479e-01 7.086554200000000359e-01 0.000000000000000000e+00
1.783825500000000008e-01 2.933728000000000030e-02 6.065519499999999509e-01 9.724498999999999782e-01 7.978223899999999924e-01 0.000000000000000000e+00
2.456573499999999965e-01 2.765062000000000075e-02 8.844854100000000274e-01 1.106679149999999945e+00 9.310339699999999885e-01 0.000000000000000000e+00
1.016999999999999987e-01 4.558999999999999858e-02 8.528999999999999915e-01 1.120900000000000007e+00 8.213000000000000300e-01 5.522725000000000550e-01
1.355493899999999918e-01 3.116669000000000037e-02 5.599461900000000103e-01 1.003873229999999950e+00 9.885152299999999670e-01 0.000000000000000000e+00
3.677000000000000268e-01 3.608999999999999708e-02 8.710999999999999854e-01 9.503000000000000336e-01 9.785000000000000364e-01 8.953075000000000339e-01
1.921058999999999961e-01 6.842723000000000555e-02 7.934850900000000040e-01 1.172536369999999994e+00 6.444493500000000319e-01 0.000000000000000000e+00
2.942875600000000036e-01 6.481745999999999341e-02 6.147324299999999964e-01 8.009604700000000355e-01 7.407848000000000210e-01 0.000000000000000000e+00
2.027934799999999982e-01 7.764084000000000263e-02 5.186613399999999707e-01 8.523504499999999817e-01 7.323096000000000050e-01 0.000000000000000000e+00
3.396753299999999975e-01 6.090541000000000010e-02 7.989177699999999716e-01 1.192560650000000111e+00 9.379108400000000234e-01 0.000000000000000000e+00
4.512256399999999834e-01 5.892601000000000089e-02 6.579182500000000378e-01 9.484946800000000344e-01 7.999523200000000500e-01 0.000000000000000000e+00
2.227165500000000131e-01 7.871015000000000650e-02 6.407169900000000418e-01 1.157107419999999998e+00 9.736249200000000048e-01 0.000000000000000000e+00
3.120185100000000267e-01 6.108734999999999860e-02 7.739297899999999508e-01 9.106699000000000321e-01 7.153331000000000550e-01 0.000000000000000000e+00
2.506250999999999896e-01 4.218013999999999791e-02 7.943973100000000231e-01 1.035136749999999939e+00 6.349132899999999635e-01 0.000000000000000000e+00
2.311993499999999979e-01 2.442031000000000063e-02 6.236005199999999915e-01 8.733468500000000079e-01 9.340597400000000272e-01 0.000000000000000000e+00
2.100740200000000002e-01 2.674620999999999943e-02 6.367673400000000150e-01 1.105647470000000077e+00 8.923473600000000339e-01 0.000000000000000000e+00
3.205684699999999943e-01 4.119972999999999691e-02 6.717160599999999482e-01 8.543814899999999657e-01 9.298033700000000179e-01 0.000000000000000000e+00
1.533991199999999999e-01 5.173549000000000203e-02 5.937131799999999515e-01 8.748768399999999890e-01 7.016278700000000423e-01 0.000000000000000000e+00
2.519217599999999946e-01 6.608004000000000655e-02 7.166404499999999844e-01 1.143820550000000047e+00 9.138363600000000142e-01 0.000000000000000000e+00
4.042271900000000140e-01 6.494563000000000419e-02 8.280419599999999658e-01 8.836828399999999695e-01 9.259225399999999606e-01 0.000000000000000000e+00
2.085564699999999938e-01 7.949531999999999432e-02 6.874822699999999509e-01 8.647816999999999865e-01 9.993727199999999922e-01 0.000000000000000000e+00
4.675047900000000034e-01 4.014090000000000019e-02 7.841517399999999860e-01 1.101069400000000087e+00 8.582467099999999682e-01 0.000000000000000000e+00
2.302118099999999890e-01 7.055340999999999696e-02 5.704417200000000410e-01 9.593024399999999785e-01 8.727202200000000465e-01 0.000000000000000000e+00
4.860973100000000047e-01 6.948996000000000339e-02 6.675456600000000407e-01 8.296565200000000084e-01 8.174777500000000030e-01 0.000000000000000000e+00
3.558999999999999941e-01 6.292999999999999983e-02 7.278999999999999915e-01 1.005900000000000016e+00 8.418999999999999817e-01 3.018024999999999736e-01
4.977150000000000185e-01 6.664585000000000647e-02 7.155582700000000518e-01 1.043820449999999900e+00 7.334859400000000029e-01 0.000000000000000000e+00
4.817016599999999760e-01 4.395057000000000130e-02 7.990155500000000188e-01 1.184176040000000096e+00 8.993811600000000128e-01 0.000000000000000000e+00
4.847000000000000197e-01 6.458999999999999464e-02 5.097000000000000419e-01 8.937000000000000499e-01 8.959000000000000297e-01 1.420749999999999964e-02
3.541485799999999906e-01 3.253765000000000129e-02 8.476640699999999917e-01 9.968446300000000093e-01 9.979315300000000111e-01 0.000000000000000000e+00
4.707966800000000229e-01 3.364016999999999702e-02 6.370359700000000069e-01 1.072362279999999890e+00 8.267695900000000542e-01 0.000000000000000000e+00
3.629023800000000244e-01 7.224113000000000062e-02 8.315005800000000447e-01 1.023893259999999916e+00 9.037010699999999952e-01 0.000000000000000000e+00
1.988779800000000098e-01 6.349530999999999925e-02 5.849395899999999537e-01 1.123798250000000110e+00 6.798885300000000464e-01 0.000000000000000000e+00
3.166174900000000014e-01 3.961482000000000198e-02 6.516134300000000490e-01 1.114804029999999946e+00 6.438287700000000502e-01 0.000000000000000000e+00
1.559484399999999937e-01 3.762523000000000256e-02 7.904541699999999560e-01 8.881966999999999501e-01 7.200952099999999856e-01 0.000000000000000000e+00
2.470964700000000125e-01 5.912009000000000014e-02 8.961850599999999778e-01 9.657873900000000233e-01 9.835274699999999592e-01 0.000000000000000000e+00
2.696751199999999904e-01 4.578923000000000021e-02 8.752869800000000478e-01 8.223168100000000091e-01 7.223763600000000507e-01 0.000000000000000000e+00
1.562181900000000068e-01 2.833522000000000124e-02 6.506777599999999939e-01 1.143586400000000003e+00 6.376707700000000534e-01 0.000000000000000000e+00
4.107869599999999788e-01 7.643154000000000614e-02 5.552718300000000218e-01 9.267573399999999850e-01 6.877629600000000343e-01 0.000000000000000000e+00
3.661915499999999768e-01 6.963805000000000689e-02 8.297462500000000185e-01 9.420545200000000063e-01 8.666603099999999893e-01 0.000000000000000000e+00
3.039559800000000145e-01 7.244296999999999542e-02 8.840142699999999909e-01 9.466612199999999699e-01 8.994993900000000098e-01 0.000000000000000000e+00
1.862209400000000015e-01 2.156749000000000166e-02 6.959519499999999859e-01 8.295395500000000144e-01 8.040851100000000473e-01 0.000000000000000000e+00
4.556982299999999819e-01 3.567837000000000092e-02 8.292523899999999504e-01 1.149401660000000103e+00 7.018958400000000486e-01 0.000000000000000000e+00
3.140098299999999898e-01 7.380235999999999741e-02 5.761728000000000405e-01 1.099410199999999893e+00 6.289648100000000408e-01 0.000000000000000000e+00
1.548124800000000023e-01 7.007649999999999990e-02 8.462428300000000014e-01 1.139998339999999999e+00 7.769619899999999912e-01 0.000000000000000000e+00
3.390888699999999867e-01 7.583090000000000663e-02 8.608601299999999457e-01 1.070355299999999898e+00 7.045193600000000389e-01 0.000000000000000000e+00
1.565365700000000138e-01 7.768255999999999772e-02 5.274198900000000023e-01 1.136934759999999933e+00 9.302602100000000318e-01 0.000000000000000000e+00
4.521000000000000019e-01 5.788999999999999702e-02 5.913000000000000478e-01 8.957000000000000517e-01 7.894999999999999796e-01 3.418975000000000208e-01
2.554915200000000275e-01 3.723587999999999898e-02 5.529755699999999718e-01 9.982923200000000108e-01 6.929791800000000279e-01 0.000000000000000000e+00
2.292206900000000047e-01 5.460215999999999681e-02 5.595273600000000291e-01 1.038000819999999935e+00 9.362459699999999829e-01 0.000000000000000000e+00
3.249605199999999749e-01 6.092216000000000298e-02 5.583937500000000220e-01 9.284331799999999690e-01 9.567544500000000340e-01 0.000000000000000000e+00
2.723316399999999859e-01 3.029737000000000055e-02 7.183781900000000276e-01 8.260627400000000176e-01 7.308617200000000480e-01 0.000000000000000000e+00
1.413230299999999884e-01 3.880926999999999988e-02 8.027861400000000369e-01 1.167720169999999946e+00 6.201555699999999893e-01 0.000000000000000000e+00
4.983372699999999988e-01 6.567821000000000076e-02 5.471075499999999980e-01 1.185105539999999902e+00 6.736567700000000158e-01 0.000000000000000000e+00
1.342803700000000100e-01 7.110563000000000300e-02 7.679957600000000273e-01 8.803054200000000051e-01 7.354760999999999660e-01 0.000000000000000000e+00
3.986626400000000126e-01 6.617116000000000664e-02 8.321632599999999602e-01 8.428806599999999483e-01 8.927852200000000460e-01 0.000000000000000000e+00
2.228999999999999870e-01 5.186999999999999944e-02 7.367000000000000215e-01 8.892999999999999794e-01 8.840999999999999970e-01 3.196224999999999761e-01
2.898050699999999980e-01 6.990783999999999887e-02 6.190891899999999559e-01 1.161339810000000083e+00 7.751703899999999869e-01 0.000000000000000000e+00
3.049654199999999871e-01 6.983137000000000372e-02 6.329703700000000044e-01 9.271703000000000028e-01 7.662049100000000168e-01 0.000000000000000000e+00
3.200936600000000021e-01 7.659623000000000126e-02 8.064334600000000464e-01 9.779320200000000129e-01 8.952063099999999496e-01 0.000000000000000000e+00
1.817417299999999902e-01 2.313072999999999865e-02 6.628358699999999937e-01 8.952684600000000437e-01 8.657679299999999634e-01 0.000000000000000000e+00
3.346622699999999839e-01 3.999021999999999993e-02 5.305232600000000520e-01 9.694306400000000101e-01 8.652891900000000414e-01 0.000000000000000000e+00
1.056376499999999996e-01 3.299128999999999950e-02 8.307408299999999857e-01 9.574367299999999581e-01 9.492373899999999587e-01 0.000000000000000000e+00
3.255403499999999783e-01 6.846628999999999909e-02 5.200702400000000170e-01 9.262734200000000140e-01 7.368574100000000460e-01 0.000000000000000000e+00
4.013004099999999963e-01 4.281648999999999872e-02 6.401432999999999707e-01 1.051560569999999917e+00 8.169298400000000182e-01 0.000000000000000000e+00
3.480436299999999927e-01 2.165684999999999832e-02 7.914420599999999473e-01 9.236043000000000447e-01 8.708242400000000272e-01 0.000000000000000000e+00
1.333140300000000000e-01 2.735450000000000034e-02 8.149166799999999489e-01 9.880860399999999988e-01 6.717911800000000433e-01 0.000000000000000000e+00
3.889000699999999866e-01 6.388120999999999383e-02 8.155158799999999708e-01 1.009341220000000039e+00 8.102160499999999654e-01 0.000000000000000000e+00
4.555379399999999745e-01 7.908368000000000342e-02 5.304896799999999635e-01 8.353971799999999615e-01 7.453715100000000149e-01 0.000000000000000000e+00
2.151238400000000106e-01 5.184244999999999826e-02 5.120849200000000545e-01 8.658462399999999892e-01 7.774695799999999934e-01 0.000000000000000000e+00
2.232396799999999959e-01 2.737782999999999883e-02 7.457472800000000124e-01 1.011478880000000080e+00 8.843426199999999682e-01 0.000000000000000000e+00
1.560371600000000081e-01 5.847560999999999731e-02 5.422982699999999712e-01 1.035898070000000004e+00 7.415584699999999696e-01 0.000000000000000000e+00
2.008760599999999952e-01 6.348296000000000494e-02 5.586790400000000156e-01 9.021228000000000025e-01 9.044430700000000156e-01 0.000000000000000000e+00
4.479070900000000077e-01 3.913148000000000321e-02 8.353069300000000030e-01 8.067159200000000308e-01 8.659672499999999662e-01 0.000000000000000000e+00
4.129535200000000184e-01 3.853800999999999755e-02 7.071548500000000015e-01 8.936239299999999552e-01 6.751483099999999737e-01 0.000000000000000000e+00
4.389792900000000220e-01 6.353971999999999398e-02 6.242985800000000474e-01 8.620120599999999689e-01 9.451038600000000178e-01 0.000000000000000000e+00
3.939320099999999991e-01 2.190138000000000154e-02 8.547526800000000424e-01 8.723144900000000534e-01 7.184563499999999658e-01 0.000000000000000000e+00
3.340330599999999928e-01 7.705562000000000522e-02 7.958235700000000357e-01 1.167008210000000101e+00 8.730674999999999963e-01 0.000000000000000000e+00
1.608105099999999898e-01 5.954773000000000011e-02 5.838774399999999698e-01 8.837003500000000233e-01 6.292206099999999580e-01 0.000000000000000000e+00
3.615571499999999938e-01 2.597932999999999840e-02 6.335612900000000547e-01 1.184778120000000046e+00 8.361591099999999832e-01 0.000000000000000000e+00
4.472058300000000264e-01 6.620528000000000524e-02 8.364917499999999784e-01 8.640152500000000124e-01 9.422214700000000054e-01 0.000000000000000000e+00
4.959428499999999906e-01 2.854022999999999977e-02 8.644572700000000554e-01 8.605511799999999711e-01 8.789998300000000375e-01 0.000000000000000000e+00
3.060160399999999892e-01 7.741215999999999375e-02 8.755762799999999846e-01 9.901513199999999459e-01 7.187326099999999940e-01 0.000000000000000000e+00
3.208086299999999835e-01 2.035680000000000128e-02 6.681031299999999895e-01 1.012717150000000066e+00 8.340442200000000028e-01 0.000000000000000000e+00
3.410631399999999869e-01 6.223560000000000203e-02 7.255946899999999866e-01 1.157282380000000055e+00 7.501340699999999861e-01 0.000000000000000000e+00
2.459098000000000117e-01 6.353145999999999793e-02 6.085091200000000144e-01 8.499185299999999499e-01 6.866103099999999460e-01 0.000000000000000000e+00
1.473124399999999889e-01 2.624307000000000029e-02 7.573648899999999573e-01 1.158947970000000049e+00 8.470199800000000057e-01 0.000000000000000000e+00
1.455748600000000004e-01 7.960676999999999337e-02 5.298785999999999774e-01 9.580974500000000171e-01 8.513271999999999506e-01 0.000000000000000000e+00
2.613207699999999800e-01 7.641146999999999523e-02 6.730299699999999774e-01 8.375313800000000475e-01 8.912539200000000328e-01 0.000000000000000000e+00
1.519105500000000053e-01 3.321335999999999733e-02 7.158440600000000043e-01 8.086989599999999667e-01 6.892529800000000151e-01 0.000000000000000000e+00
1.939091900000000090e-01 6.537637000000000309e-02 7.582418399999999448e-01 1.197506310000000074e+00 8.297934099999999535e-01 0.000000000000000000e+00
2.856963900000000223e-01 3.904558000000000334e-02 8.313873800000000092e-01 1.037993219999999939e+00 6.447566300000000528e-01 0.000000000000000000e+00
3.731291800000000047e-01 2.588079999999999894e-02 5.407594100000000514e-01 8.551047099999999901e-01 8.561809500000000517e-01 0.000000000000000000e+00
1.458395100000000055e-01 3.075554999999999956e-02 7.445104399999999956e-01 8.593689599999999595e-01 8.287865199999999710e-01 0.000000000000000000e+00
2.282706399999999969e-01 2.459957000000000116e-02 7.163666199999999540e-01 1.173542330000000078e+00 7.197155400000000425e-01 0.000000000000000000e+00
2.042194999999999983e-01 4.771784999999999916e-02 7.371006700000000134e-01 1.158801079999999928e+00 6.129493000000000302e-01 0.000000000000000000e+00
3.894311899999999826e-01 4.339811999999999836e-02 8.598693600000000270e-01 1.114970180000000033e+00 7.528207500000000385e-01 0.000000000000000000e+00
2.406814300000000018e-01 7.796195000000000208e-02 8.113172499999999898e-01 1.037718130000000016e+00 8.937057299999999760e-01 0.000000000000000000e+00
2.981428999999999885e-01 5.301279999999999881e-02 5.548324900000000115e-01 9.676049700000000087e-01 8.835837800000000408e-01 0.000000000000000000e+00
4.605000000000000204e-01 5.376999999999999835e-02 6.826999999999999735e-01 9.613000000000000433e-01 6.549000000000000377e-01 8.126425000000000454e-01
1.132568999999999937e-01 4.052926999999999919e-02 8.339391499999999624e-01 1.171188569999999984e+00 8.705945000000000489e-01 0.000000000000000000e+00
4.233283500000000199e-01 4.702026000000000122e-02 6.093629499999999588e-01 9.540601100000000168e-01 8.709423099999999973e-01 0.000000000000000000e+00
2.615450599999999959e-01 7.294747000000000037e-02 6.325021400000000460e-01 8.649301700000000537e-01 6.667696199999999518e-01 0.000000000000000000e+00
2.453240799999999999e-01 7.836882000000000570e-02 5.450180199999999919e-01 9.152864200000000450e-01 8.715398800000000445e-01 0.000000000000000000e+00
1.326546500000000128e-01 3.270048999999999872e-02 7.201061199999999607e-01 8.190260600000000002e-01 7.918003799999999703e-01 0.000000000000000000e+00
1.811841399999999935e-01 6.369181999999999622e-02 7.591885299999999726e-01 8.476008200000000326e-01 7.893938200000000238e-01 0.000000000000000000e+00
2.835286599999999879e-01 7.940746999999999389e-02 5.491445600000000038e-01 1.130484370000000016e+00 7.360345700000000546e-01 0.000000000000000000e+00
2.339561199999999896e-01 5.700693999999999900e-02 8.967346400000000273e-01 9.151928900000000366e-01 9.015819299999999759e-01 0.000000000000000000e+00
4.530075599999999758e-01 4.434098999999999680e-02 6.338802900000000129e-01 1.099318430000000069e+00 9.619254400000000205e-01 0.000000000000000000e+00
1.435890400000000011e-01 4.787580000000000308e-02 6.858437099999999953e-01 8.878488300000000333e-01 7.706647800000000492e-01 0.000000000000000000e+00
2.523000000000000242e-01 5.287000000000000033e-02 6.135000000000000453e-01 1.167100000000000026e+00 6.713000000000000078e-01 7.954749999999999321e-02
4.653866099999999784e-01 6.259488000000000552e-02 6.261884300000000181e-01 1.168210600000000099e+00 7.884172200000000297e-01 0.000000000000000000e+00
4.200920799999999788e-01 5.135399000000000214e-02 6.211645799999999662e-01 9.035473800000000111e-01 6.894865999999999495e-01 0.000000000000000000e+00
2.332170100000000024e-01 2.293043999999999985e-02 6.687036800000000225e-01 8.241278600000000454e-01 9.163273800000000247e-01 0.000000000000000000e+00
4.246531499999999792e-01 2.083128999999999884e-02 6.095182399999999889e-01 1.168907949999999918e+00 6.498825799999999875e-01 0.000000000000000000e+00
2.983048400000000155e-01 6.651261999999999452e-02 5.485606400000000438e-01 1.175202230000000014e+00 7.554316500000000101e-01 0.000000000000000000e+00
1.476489599999999958e-01 6.571575000000000333e-02 6.225310699999999642e-01 9.628220100000000059e-01 9.500137800000000299e-01 0.000000000000000000e+00
4.052062000000000164e-01 6.465511999999999648e-02 5.321369799999999817e-01 1.181924820000000098e+00 7.152667499999999512e-01 0.000000000000000000e+00
1.012672000000000017e-01 2.238976000000000161e-02 7.231972199999999740e-01 9.653808699999999465e-01 8.489761399999999902e-01 0.000000000000000000e+00
4.087506799999999774e-01 7.887001000000000428e-02 5.843780499999999822e-01 9.984429999999999694e-01 6.259838500000000083e-01 0.000000000000000000e+00
2.803787899999999889e-01 6.718557999999999475e-02 8.928267500000000023e-01 8.367928900000000114e-01 6.588996700000000484e-01 0.000000000000000000e+00
4.037993000000000277e-01 2.782139999999999960e-02 7.836794599999999944e-01 1.131872009999999928e+00 9.703748700000000005e-01 0.000000000000000000e+00
3.470723399999999792e-01 5.458990999999999844e-02 7.926254000000000355e-01 9.557573299999999605e-01 9.444235800000000403e-01 0.000000000000000000e+00
3.865000000000000102e-01 4.766999999999999710e-02 5.544999999999999929e-01 8.627000000000000224e-01 9.092999999999999972e-01 5.677750000000000158e-02
3.324139600000000083e-01 2.843031000000000030e-02 7.868898199999999621e-01 8.936563100000000093e-01 8.598026800000000414e-01 0.000000000000000000e+00
1.471932900000000044e-01 6.242948999999999721e-02 6.499843199999999488e-01 8.453827999999999898e-01 6.296170199999999717e-01 0.000000000000000000e+00
3.734729800000000099e-01 7.342991000000000101e-02 8.251953400000000549e-01 8.372606599999999899e-01 9.100794300000000225e-01 0.000000000000000000e+00
2.850891400000000186e-01 7.442435999999999496e-02 8.034240999999999744e-01 9.675161100000000403e-01 9.401636399999999671e-01 0.000000000000000000e+00
4.505126700000000040e-01 6.379028000000000476e-02 8.715033100000000310e-01 1.039860130000000105e+00 7.916721100000000400e-01 0.000000000000000000e+00
3.447404399999999813e-01 2.239961999999999856e-02 7.963222500000000093e-01 1.041771149999999979e+00 9.088143800000000327e-01 0.000000000000000000e+00
1.460064299999999926e-01 5.992634000000000155e-02 8.609480400000000255e-01 9.638899100000000164e-01 9.264613200000000326e-01 0.000000000000000000e+00
3.966991899999999793e-01 4.045661999999999869e-02 7.871666200000000391e-01 8.737944199999999606e-01 9.719421900000000392e-01 0.000000000000000000e+00
3.695144200000000101e-01 6.061728000000000255e-02 5.172922500000000090e-01 8.086050399999999971e-01 6.219960700000000120e-01 0.000000000000000000e+00
2.766653199999999924e-01 2.557927999999999938e-02 6.799547900000000311e-01 1.004669620000000041e+00 7.999081500000000400e-01 0.000000000000000000e+00
2.967116499999999935e-01 6.104841999999999907e-02 7.851496000000000031e-01 1.176503590000000044e+00 7.305955299999999930e-01 0.000000000000000000e+00
3.118069900000000061e-01 3.211460000000000009e-02 7.185766700000000284e-01 1.186114239999999986e+00 9.362256300000000309e-01 0.000000000000000000e+00
3.055286600000000075e-01 3.983408000000000088e-02 8.897989499999999774e-01 8.595747000000000249e-01 9.780500899999999831e-01 0.000000000000000000e+00
4.525105200000000272e-01 3.504986999999999686e-02 5.624336199999999675e-01 1.070497059999999889e+00 6.487078299999999853e-01 0.000000000000000000e+00
1.122667400000000038e-01 4.118432999999999816e-02 8.070903799999999961e-01 9.884844200000000303e-01 8.843692800000000354e-01 0.000000000000000000e+00
1.978154900000000105e-01 5.495508999999999811e-02 8.575826199999999622e-01 1.126624300000000023e+00 6.474586399999999742e-01 0.000000000000000000e+00
3.275955700000000026e-01 7.566781999999999675e-02 5.690650200000000325e-01 1.165252540000000003e+00 7.187801700000000515e-01 0.000000000000000000e+00
1.621098800000000117e-01 2.501820999999999906e-02 6.769151300000000315e-01 9.709494899999999706e-01 6.824025500000000521e-01 0.000000000000000000e+00
1.258702600000000116e-01 4.567451000000000150e-02 8.309624399999999689e-01 8.801481500000000180e-01 7.889501700000000062e-01 0.000000000000000000e+00
1.674211200000000066e-01 3.561348000000000291e-02 5.353195699999999668e-01 1.077982970000000096e+00 6.228299400000000263e-01 0.000000000000000000e+00
4.842195699999999881e-01 3.972317999999999683e-02 7.590178300000000045e-01 9.957409099999999791e-01 6.825460700000000047e-01 0.000000000000000000e+00
4.249527900000000247e-01 5.737363999999999659e-02 6.541276299999999599e-01 9.465893399999999458e-01 8.016836899999999488e-01 0.000000000000000000e+00
1.008445599999999998e-01 2.004121000000000027e-02 8.678142300000000198e-01 1.057076380000000038e+00 9.312053200000000031e-01 0.000000000000000000e+00
1.275197100000000083e-01 2.232924999999999841e-02 6.962557000000000329e-01 1.159744909999999907e+00 6.515094799999999742e-01 0.000000000000000000e+00
3.946367499999999806e-01 4.707300999999999847e-02 6.003839600000000498e-01 1.069480750000000091e+00 6.698667000000000371e-01 0.000000000000000000e+00
1.101103400000000010e-01 7.097064000000000150e-02 8.707320699999999691e-01 1.047081020000000029e+00 6.318590800000000174e-01 0.000000000000000000e+00
2.337253599999999931e-01 2.822385999999999992e-02 5.950369199999999692e-01 1.000803880000000090e+00 9.456793300000000402e-01 0.000000000000000000e+00
1.349564900000000123e-01 6.385908999999999336e-02 5.619138200000000083e-01 1.073135450000000102e+00 8.150136500000000339e-01 0.000000000000000000e+00
4.973834300000000153e-01 4.100415999999999783e-02 8.711517100000000235e-01 9.966856699999999680e-01 7.639848700000000381e-01 0.000000000000000000e+00
4.516835499999999892e-01 6.217256000000000171e-02 5.215908200000000106e-01 1.107997920000000081e+00 6.191130799999999823e-01 0.000000000000000000e+00
2.358512899999999912e-01 7.969036999999999649e-02 5.769396399999999758e-01 1.006550049999999974e+00 8.957921699999999987e-01 0.000000000000000000e+00
1.391277499999999945e-01 2.726185000000000067e-02 5.421467399999999603e-01 1.189150020000000030e+00 9.070737399999999617e-01 0.000000000000000000e+00
1.681012600000000023e-01 5.890457999999999805e-02 7.267439399999999772e-01 1.003319169999999927e+00 9.860990499999999770e-01 0.000000000000000000e+00
4.153081699999999765e-01 3.774918000000000023e-02 8.345947500000000518e-01 1.025728870000000015e+00 9.297339399999999809e-01 0.000000000000000000e+00
4.654634999999999745e-01 7.351601000000000663e-02 5.797807900000000458e-01 1.018887639999999983e+00 7.795770400000000544e-01 0.000000000000000000e+00
2.945495200000000091e-01 2.788366000000000108e-02 5.704203799999999491e-01 1.152283790000000030e+00 7.617629200000000100e-01 0.000000000000000000e+00
2.286041299999999887e-01 5.246139999999999831e-02 5.892194499999999779e-01 8.822617600000000060e-01 8.627720399999999623e-01 0.000000000000000000e+00
1.842385199999999890e-01 5.492845999999999840e-02 5.471925199999999601e-01 8.604257899999999681e-01 9.374489299999999581e-01 0.000000000000000000e+00
1.276495599999999953e-01 6.289427999999999686e-02 7.947345999999999577e-01 8.734747499999999665e-01 6.949735900000000299e-01 0.000000000000000000e+00
3.220331000000000166e-01 6.121541999999999956e-02 8.503665000000000251e-01 1.030972079999999957e+00 7.953174100000000024e-01 0.000000000000000000e+00
1.915000000000000036e-01 4.385000000000000009e-02 7.961000000000000298e-01 1.026499999999999968e+00 6.684999999999999831e-01 9.888624999999999776e-01
2.388387200000000044e-01 6.844329000000000385e-02 8.140272899999999590e-01 8.978874300000000419e-01 6.378684799999999600e-01 0.000000000000000000e+00
3.075401500000000121e-01 3.304250999999999716e-02 6.700278899999999593e-01 9.970741699999999819e-01 9.145033099999999582e-01 0.000000000000000000e+00
3.172370700000000099e-01 2.866348999999999980e-02 7.843596499999999638e-01 9.963269200000000048e-01 7.869672399999999568e-01 0.000000000000000000e+00
3.355819199999999780e-01 3.012748000000000162e-02 5.616188199999999631e-01 1.006518749999999907e+00 8.827901599999999904e-01 0.000000000000000000e+00
1.319013699999999900e-01 3.820657000000000220e-02 5.748682400000000303e-01 1.021987959999999918e+00 6.464448499999999598e-01 0.000000000000000000e+00
4.702300099999999761e-01 2.988216999999999957e-02 7.634815900000000433e-01 9.470997300000000285e-01 8.385682599999999542e-01 0.000000000000000000e+00
4.872522599999999926e-01 3.006226999999999858e-02 5.572314699999999510e-01 1.086949659999999929e+00 9.321787400000000057e-01 0.000000000000000000e+00
2.042320300000000088e-01 3.197109000000000062e-02 6.403349299999999689e-01 1.140478090000000000e+00 9.634950599999999588e-01 0.000000000000000000e+00
4.732242799999999971e-01 2.256957000000000060e-02 7.881202499999999667e-01 9.317704599999999671e-01 7.069702100000000433e-01 0.000000000000000000e+00
4.395473999999999770e-01 5.981416999999999984e-02 7.759658600000000073e-01 1.137274410000000069e+00 9.333204999999999973e-01 0.000000000000000000e+00
1.121853399999999945e-01 7.628733999999999515e-02 7.626061200000000539e-01 1.166290279999999902e+00 7.051825999999999928e-01 0.000000000000000000e+00
4.092939600000000122e-01 3.869261999999999702e-02 7.289408000000000554e-01 9.928040000000000198e-01 7.003819900000000098e-01 0.000000000000000000e+00
4.755196800000000001e-01 2.618896000000000071e-02 7.281956899999999511e-01 1.137837530000000097e+00 7.081665400000000110e-01 0.000000000000000000e+00
4.557625299999999990e-01 7.453503999999999685e-02 7.970732499999999554e-01 9.208026499999999448e-01 8.868686700000000256e-01 0.000000000000000000e+00
3.699701499999999976e-01 4.704731000000000191e-02 5.856484600000000373e-01 1.078616570000000108e+00 8.643181800000000470e-01 0.000000000000000000e+00
2.127670200000000011e-01 5.081922999999999996e-02 6.328842500000000371e-01 1.002685859999999929e+00 8.289752500000000524e-01 0.000000000000000000e+00
2.532029700000000272e-01 4.727768000000000248e-02 8.141680999999999502e-01 9.270644900000000188e-01 8.095846700000000062e-01 0.000000000000000000e+00
3.517960099999999923e-01 7.499073000000000544e-02 7.306703300000000345e-01 8.647108700000000203e-01 6.964698499999999459e-01 0.000000000000000000e+00
1.861410900000000090e-01 4.875009999999999760e-02 5.144582899999999848e-01 1.066454390000000085e+00 6.949945899999999677e-01 0.000000000000000000e+00
1.365712699999999946e-01 7.482788999999999413e-02 8.031154400000000138e-01 9.386476000000000264e-01 8.903326000000000295e-01 0.000000000000000000e+00
1.234999999999999987e-01 6.894999999999999740e-02 7.005000000000000115e-01 1.173899999999999944e+00 6.012999999999999456e-01 2.369574999999999876e-01
3.811703399999999964e-01 4.716991000000000239e-02 8.557465800000000344e-01 1.122421359999999924e+00 8.529842600000000497e-01 0.000000000000000000e+00
2.987000000000000210e-01 3.613000000000000239e-02 5.741000000000000547e-01 9.458999999999999631e-01 7.866999999999999549e-01 3.354624999999999968e-01
3.304274099999999770e-01 2.596027000000000057e-02 6.570881499999999820e-01 1.039436980000000066e+00 7.926065700000000103e-01 0.000000000000000000e+00
1.142739700000000025e-01 2.016971999999999862e-02 7.563111500000000431e-01 9.773510899999999779e-01 9.611835199999999579e-01 0.000000000000000000e+00
3.862496899999999789e-01 2.595381999999999897e-02 5.555962100000000348e-01 1.163117890000000099e+00 6.292685900000000165e-01 0.000000000000000000e+00
2.959940600000000033e-01 5.420156000000000279e-02 8.424088699999999763e-01 9.227537900000000182e-01 9.312945400000000040e-01 0.000000000000000000e+00
4.073399300000000167e-01 3.663359000000000060e-02 6.790512699999999846e-01 8.624621399999999882e-01 6.854394400000000109e-01 0.000000000000000000e+00
2.547124599999999739e-01 6.647321000000000479e-02 6.998777200000000365e-01 1.072706890000000080e+00 8.355477300000000440e-01 0.000000000000000000e+00
3.898597699999999944e-01 3.259137000000000145e-02 6.289145200000000324e-01 1.031994700000000043e+00 8.790662299999999485e-01 0.000000000000000000e+00
2.609725800000000095e-01 7.344638000000000555e-02 8.048716999999999677e-01 9.061650199999999877e-01 7.265026199999999879e-01 0.000000000000000000e+00
4.288636399999999904e-01 5.841144000000000197e-02 5.746971100000000110e-01 1.170522140000000100e+00 7.255590200000000545e-01 0.000000000000000000e+00
4.403899000000000008e-01 2.095344999999999847e-02 5.173502199999999718e-01 9.988839400000000257e-01 9.919098899999999608e-01 0.000000000000000000e+00
1.113879799999999975e-01 6.195035000000000125e-02 7.771717999999999682e-01 1.169467089999999931e+00 7.915295599999999654e-01 0.000000000000000000e+00
4.798263099999999781e-01 3.509273999999999727e-02 8.571878699999999629e-01 1.027498889999999943e+00 7.621797000000000155e-01 0.000000000000000000e+00
2.316874499999999892e-01 2.366814999999999891e-02 8.723880099999999915e-01 1.047965620000000042e+00 9.754117500000000218e-01 0.000000000000000000e+00
2.078109700000000115e-01 7.847118000000000149e-02 5.582834100000000355e-01 1.004552600000000018e+00 6.445734600000000425e-01 0.000000000000000000e+00
3.257958699999999874e-01 3.882465999999999695e-02 6.635017600000000515e-01 1.076927640000000075e+00 7.656960999999999906e-01 0.000000000000000000e+00
1.424304100000000073e-01 7.700028000000000428e-02 6.207205999999999557e-01 8.578506000000000187e-01 8.200727500000000170e-01 0.000000000000000000e+00
2.986929199999999729e-01 6.705975999999999604e-02 5.626593699999999920e-01 1.035757229999999973e+00 9.199626199999999532e-01 0.000000000000000000e+00
3.483856900000000256e-01 6.406534999999999314e-02 8.694156400000000451e-01 1.169323179999999907e+00 9.173909700000000278e-01 0.000000000000000000e+00
4.691626999999999881e-01 2.008696000000000093e-02 6.630457400000000501e-01 1.093226789999999893e+00 9.838726800000000550e-01 0.000000000000000000e+00
3.327290099999999917e-01 2.390876000000000112e-02 6.631164299999999789e-01 9.789671300000000187e-01 8.818038200000000160e-01 0.000000000000000000e+00
2.243873600000000079e-01 5.703525999999999735e-02 8.816739999999999577e-01 8.780981399999999715e-01 8.859642699999999982e-01 0.000000000000000000e+00
1.502349000000000045e-01 7.556714999999999960e-02 5.363240799999999808e-01 1.098431439999999926e+00 7.185057999999999723e-01 0.000000000000000000e+00
2.667803599999999942e-01 7.362844999999999807e-02 8.329084599999999616e-01 8.054460799999999532e-01 6.512751100000000459e-01 0.000000000000000000e+00
2.878336200000000122e-01 5.792796000000000056e-02 8.375847800000000287e-01 8.058411800000000458e-01 8.888534099999999549e-01 0.000000000000000000e+00
3.863321299999999958e-01 6.284336999999999562e-02 8.388619899999999463e-01 8.262982899999999908e-01 8.474176399999999720e-01 0.000000000000000000e+00
3.790776699999999777e-01 6.597237999999999714e-02 8.039319499999999508e-01 9.437487500000000251e-01 9.176220899999999459e-01 0.000000000000000000e+00
4.031882500000000258e-01 7.476433999999999858e-02 6.580307399999999474e-01 9.630870200000000159e-01 6.058789999999999454e-01 0.000000000000000000e+00
1.597672300000000101e-01 3.982969000000000093e-02 8.717228900000000280e-01 1.191714219999999935e+00 6.863868300000000033e-01 0.000000000000000000e+00
4.428662999999999905e-01 7.744587999999999473e-02 8.319545699999999488e-01 9.590499399999999897e-01 8.873009899999999561e-01 0.000000000000000000e+00
1.881728900000000093e-01 2.213874999999999871e-02 5.696697099999999958e-01 1.137369590000000041e+00 6.893455499999999736e-01 0.000000000000000000e+00
3.755724200000000179e-01 2.439625999999999947e-02 6.745490400000000442e-01 9.311659300000000306e-01 7.980912000000000006e-01 0.000000000000000000e+00
1.164350900000000050e-01 4.082849999999999674e-02 7.286585599999999552e-01 9.625774499999999456e-01 7.605209400000000342e-01 0.000000000000000000e+00
1.997133899999999906e-01 4.443405000000000271e-02 8.905276100000000250e-01 1.149664809999999981e+00 8.546381199999999456e-01 0.000000000000000000e+00
2.218082399999999899e-01 3.418295999999999835e-02 5.127812000000000481e-01 8.451816100000000276e-01 7.297861500000000223e-01 0.000000000000000000e+00
1.491126600000000080e-01 4.493321000000000121e-02 7.615224099999999829e-01 9.675467500000000109e-01 6.697032400000000329e-01 0.000000000000000000e+00
1.758408700000000102e-01 4.920134999999999786e-02 8.871121199999999485e-01 1.159473369999999948e+00 9.081593799999999606e-01 0.000000000000000000e+00
3.373393100000000033e-01 4.314205000000000123e-02 7.480478299999999692e-01 1.022722820000000032e+00 7.387422300000000552e-01 0.000000000000000000e+00
2.450866299999999998e-01 7.553261999999999476e-02 6.813469899999999857e-01 1.131052989999999925e+00 9.469378200000000412e-01 0.000000000000000000e+00
1.499245600000000123e-01 3.217500000000000221e-02 8.529508399999999879e-01 1.028071399999999969e+00 9.142888500000000418e-01 0.000000000000000000e+00
1.883091100000000018e-01 4.797792000000000029e-02 5.381950699999999976e-01 8.994697999999999860e-01 6.564136000000000415e-01 0.000000000000000000e+00
1.766667199999999993e-01 2.893739000000000033e-02 5.825238400000000150e-01 1.020497849999999929e+00 6.417086899999999705e-01 0.000000000000000000e+00
1.721264499999999864e-01 5.554255000000000303e-02 8.296587699999999899e-01 1.048526309999999961e+00 6.884919999999999929e-01 0.000000000000000000e+00
3.817246899999999776e-01 2.434750000000000109e-02 5.856148100000000412e-01 1.110120800000000019e+00 6.909269700000000292e-01 0.000000000000000000e+00
1.884406299999999979e-01 2.967559000000000169e-02 7.153387300000000337e-01 1.198799539999999997e+00 6.383561300000000216e-01 0.000000000000000000e+00
1.728737999999999941e-01 5.970742999999999884e-02 7.994256699999999771e-01 8.522899400000000236e-01 8.987368100000000526e-01 0.000000000000000000e+00
4.191825599999999818e-01 7.164033000000000206e-02 5.175245600000000223e-01 1.088335419999999942e+00 9.452897999999999579e-01 0.000000000000000000e+00
1.499496200000000057e-01 6.399448000000000636e-02 6.639853999999999479e-01 9.934132100000000465e-01 8.957715299999999825e-01 0.000000000000000000e+00
2.142461700000000135e-01 4.267238999999999755e-02 7.003694099999999700e-01 8.403523699999999597e-01 8.126132999999999829e-01 0.000000000000000000e+00
3.738654100000000091e-01 6.048107999999999956e-02 6.936578300000000308e-01 1.160557339999999993e+00 7.659752100000000175e-01 0.000000000000000000e+00
3.254155599999999926e-01 4.198194999999999705e-02 8.406644100000000286e-01 9.097362199999999843e-01 9.992463799999999896e-01 0.000000000000000000e+00
4.073524199999999929e-01 2.085740999999999984e-02 7.952707300000000368e-01 8.433583799999999631e-01 9.347961200000000082e-01 0.000000000000000000e+00
4.861846400000000012e-01 7.973252999999999591e-02 6.951129000000000335e-01 1.120580319999999963e+00 6.984529900000000513e-01 0.000000000000000000e+00
1.771881499999999887e-01 2.042356000000000033e-02 6.102255199999999657e-01 1.049317690000000081e+00 9.534918500000000297e-01 0.000000000000000000e+00
3.624921300000000235e-01 2.123068999999999998e-02 8.463433999999999680e-01 8.762327699999999941e-01 8.288570400000000449e-01 0.000000000000000000e+00
2.399339699999999964e-01 4.572609999999999869e-02 6.069373399999999918e-01 1.176492880000000074e+00 8.375160499999999564e-01 0.000000000000000000e+00
3.491688700000000201e-01 7.951790000000000247e-02 6.760977599999999921e-01 9.930160599999999782e-01 9.137946599999999808e-01 0.000000000000000000e+00
3.546441300000000019e-01 7.465499000000000440e-02 7.555639499999999842e-01 1.040685819999999984e+00 9.921211699999999967e-01 0.000000000000000000e+00
1.895277999999999963e-01 5.322223999999999705e-02 8.285637900000000222e-01 8.175152199999999869e-01 7.025209399999999826e-01 0.000000000000000000e+00
2.799267999999999756e-01 3.039174999999999863e-02 5.939488800000000124e-01 9.817927400000000526e-01 7.989629700000000501e-01 0.000000000000000000e+00
1.354612000000000038e-01 3.807018000000000207e-02 7.412632500000000402e-01 1.069841889999999962e+00 9.511801500000000020e-01 0.000000000000000000e+00
1.014306600000000058e-01 3.514342000000000160e-02 7.794634799999999863e-01 1.179280209999999940e+00 7.146457200000000398e-01 0.000000000000000000e+00
2.649890100000000248e-01 6.667865000000000597e-02 6.006259999999999932e-01 1.038760139999999943e+00 9.097317200000000215e-01 0.000000000000000000e+00
3.019967100000000015e-01 7.961659999999999571e-02 5.506019199999999669e-01 1.034847400000000084e+00 9.908533800000000058e-01 0.000000000000000000e+00
1.132028800000000057e-01 3.020787000000000125e-02 7.524446999999999663e-01 9.342752899999999805e-01 6.304234399999999461e-01 0.000000000000000000e+00
2.043696000000000124e-01 3.071275999999999867e-02 7.278160799999999764e-01 9.239242399999999522e-01 7.227702400000000083e-01 0.000000000000000000e+00
1.931173399999999984e-01 7.650112000000000578e-02 5.311341099999999926e-01 1.028063750000000054e+00 6.042202599999999535e-01 0.000000000000000000e+00
1.758866699999999950e-01 4.433147999999999950e-02 7.625877899999999876e-01 8.418241300000000038e-01 6.394822700000000193e-01 0.000000000000000000e+00
2.784812799999999977e-01 3.223789999999999989e-02 8.597832399999999486e-01 8.395458000000000087e-01 8.392236699999999772e-01 0.000000000000000000e+00
2.900713300000000161e-01 2.357046999999999962e-02 8.596013999999999600e-01 8.920685200000000314e-01 8.709740400000000049e-01 0.000000000000000000e+00
3.639896899999999769e-01 4.925812999999999720e-02 7.464881899999999959e-01 1.001537249999999935e+00 9.424985900000000250e-01 0.000000000000000000e+00
2.595265399999999723e-01 7.915785999999999656e-02 5.398214500000000360e-01 8.732777000000000456e-01 8.855117799999999706e-01 0.000000000000000000e+00
1.427575399999999883e-01 4.386484999999999690e-02 5.192379000000000300e-01 9.399507799999999857e-01 7.477004600000000112e-01 0.000000000000000000e+00
4.835361499999999979e-01 6.423181999999999503e-02 8.252870300000000325e-01 1.164953710000000031e+00 9.933562500000000517e-01 0.000000000000000000e+00
4.912271300000000118e-01 5.638160999999999867e-02 5.029756199999999566e-01 1.039369629999999933e+00 8.225398099999999824e-01 0.000000000000000000e+00
1.313391999999999893e-01 5.125256999999999730e-02 8.988747099999999657e-01 8.782670700000000386e-01 9.803743099999999711e-01 0.000000000000000000e+00
2.855246100000000120e-01 5.602469999999999672e-02 5.073931200000000308e-01 8.567690700000000215e-01 9.787959600000000204e-01 0.000000000000000000e+00
1.827755899999999878e-01 3.416074000000000194e-02 8.859415999999999958e-01 8.588025299999999529e-01 6.428332700000000122e-01 0.000000000000000000e+00
1.972013800000000094e-01 7.279689000000000298e-02 7.836125400000000241e-01 1.181390240000000036e+00 7.246804199999999918e-01 0.000000000000000000e+00
1.022231299999999954e-01 3.599427999999999656e-02 8.506558199999999514e-01 9.392667700000000286e-01 8.660178400000000387e-01 0.000000000000000000e+00
3.340204999999999980e-01 3.464185000000000181e-02 8.909025400000000205e-01 8.946983200000000469e-01 6.910635299999999814e-01 0.000000000000000000e+00
2.688397200000000042e-01 6.496767999999999987e-02 5.992404900000000145e-01 8.480128599999999794e-01 9.492507000000000028e-01 0.000000000000000000e+00
2.260664500000000021e-01 5.716167999999999944e-02 5.519064000000000192e-01 9.217931000000000319e-01 8.996427500000000466e-01 0.000000000000000000e+00
2.718351199999999857e-01 7.103735999999999384e-02 8.266035099999999858e-01 1.043641189999999996e+00 6.577995700000000001e-01 0.000000000000000000e+00
1.219790399999999969e-01 2.615893999999999858e-02 8.286676200000000492e-01 1.193147109999999955e+00 6.430226199999999892e-01 0.000000000000000000e+00
1.589948399999999984e-01 5.264193000000000344e-02 7.512165800000000226e-01 1.072090439999999978e+00 9.817938600000000182e-01 0.000000000000000000e+00
3.364188699999999810e-01 5.717287000000000063e-02 6.102127299999999810e-01 9.025996200000000469e-01 7.956152100000000171e-01 0.000000000000000000e+00
1.192255200000000015e-01 5.496867999999999893e-02 5.903713000000000433e-01 8.146309699999999543e-01 7.182716300000000498e-01 0.000000000000000000e+00
1.583354100000000098e-01 7.522125000000000339e-02 6.441225099999999815e-01 1.126224399999999903e+00 7.239997400000000027e-01 0.000000000000000000e+00
4.256927699999999981e-01 2.105931999999999943e-02 6.069702900000000234e-01 1.066109989999999952e+00 9.218896199999999652e-01 0.000000000000000000e+00
4.195169899999999785e-01 6.709191999999999934e-02 7.602794200000000391e-01 1.155468200000000056e+00 6.850432600000000427e-01 0.000000000000000000e+00
1.007720000000000005e-01 2.756342000000000167e-02 6.220770199999999805e-01 1.019278480000000098e+00 9.786776299999999651e-01 0.000000000000000000e+00
2.206805000000000017e-01 3.804953999999999975e-02 8.228781499999999749e-01 9.305317899999999698e-01 7.887309300000000523e-01 0.000000000000000000e+00
1.416664499999999993e-01 2.088995999999999909e-02 8.543630599999999520e-01 1.144957159999999918e+00 8.593743299999999641e-01 0.000000000000000000e+00
3.213917000000000024e-01 5.273172000000000276e-02 7.535735799999999651e-01 8.785145500000000052e-01 7.043328399999999601e-01 0.000000000000000000e+00
4.310901600000000000e-01 4.650065999999999922e-02 6.590732299999999544e-01 9.688719999999999555e-01 9.933406399999999969e-01 0.000000000000000000e+00
1.229359299999999988e-01 5.029099000000000069e-02 5.530731599999999526e-01 9.750637899999999858e-01 7.442900099999999464e-01 0.000000000000000000e+00
4.103268099999999863e-01 2.831285999999999872e-02 7.691185999999999856e-01 8.278213800000000511e-01 6.165895300000000523e-01 0.000000000000000000e+00
4.625239099999999826e-01 5.756479999999999930e-02 5.875157699999999927e-01 9.776405299999999521e-01 6.177068199999999898e-01 0.000000000000000000e+00
3.095013600000000031e-01 5.845471000000000000e-02 5.243018900000000482e-01 9.162798500000000068e-01 8.439626000000000072e-01 0.000000000000000000e+00
2.413428099999999910e-01 2.866865000000000038e-02 6.130733400000000222e-01 1.138977429999999957e+00 8.145365700000000153e-01 0.000000000000000000e+00
1.028374700000000003e-01 7.232871000000000439e-02 5.308842700000000470e-01 1.129237320000000100e+00 9.711973200000000306e-01 0.000000000000000000e+00
1.269440099999999960e-01 6.795693999999999346e-02 5.493474600000000097e-01 1.070664260000000034e+00 7.432703999999999978e-01 0.000000000000000000e+00
4.753241799999999850e-01 4.129000000000000031e-02 8.183011999999999508e-01 1.021956939999999925e+00 9.493965899999999847e-01 0.000000000000000000e+00
2.814190100000000250e-01 3.750682000000000321e-02 5.974268600000000040e-01 9.095993500000000287e-01 6.962898800000000277e-01 0.000000000000000000e+00
4.602636600000000189e-01 5.079741000000000117e-02 7.929331800000000152e-01 1.066485429999999957e+00 8.462483400000000433e-01 0.000000000000000000e+00
2.722489200000000054e-01 2.281601999999999936e-02 8.899961899999999648e-01 8.033231400000000466e-01 8.676633099999999654e-01 0.000000000000000000e+00
2.580442499999999750e-01 6.331196000000000046e-02 7.624236800000000480e-01 1.177951930000000091e+00 6.788722600000000051e-01 0.000000000000000000e+00
3.317510399999999970e-01 2.582252000000000158e-02 6.204445400000000443e-01 1.174934359999999955e+00 7.431161600000000256e-01 0.000000000000000000e+00
1.015616500000000033e-01 7.504022999999999943e-02 8.472870099999999516e-01 9.506893800000000283e-01 8.999114999999999753e-01 0.000000000000000000e+00
2.836145199999999811e-01 2.375705999999999998e-02 8.957682799999999723e-01 8.705719400000000441e-01 9.533781999999999535e-01 0.000000000000000000e+00
4.236491900000000088e-01 2.045264999999999930e-02 5.106943699999999531e-01 1.094105630000000051e+00 8.946214900000000192e-01 0.000000000000000000e+00
2.966991700000000121e-01 7.494905999999999791e-02 6.875977199999999678e-01 1.119825819999999972e+00 8.804587799999999964e-01 0.000000000000000000e+00
4.632527399999999962e-01 7.898993999999999460e-02 5.975671000000000177e-01 1.142766359999999981e+00 7.211800600000000117e-01 0.000000000000000000e+00
3.363642000000000021e-01 4.502649999999999708e-02 7.932706099999999871e-01 8.311900800000000533e-01 8.859931199999999674e-01 0.000000000000000000e+00
1.985224399999999945e-01 6.208058999999999800e-02 6.310702999999999729e-01 8.037383799999999745e-01 7.992210899999999674e-01 0.000000000000000000e+00
2.901668399999999814e-01 3.059651999999999858e-02 5.057491800000000204e-01 9.033131100000000302e-01 6.744891600000000320e-01 0.000000000000000000e+00
2.198981299999999972e-01 2.303279000000000090e-02 6.288730099999999545e-01 1.106741210000000031e+00 7.925592200000000087e-01 0.000000000000000000e+00
3.703817799999999938e-01 2.041190000000000018e-02 6.843172199999999483e-01 9.702392600000000478e-01 8.886719499999999883e-01 0.000000000000000000e+00
1.646194800000000125e-01 2.351842000000000169e-02 6.125461300000000220e-01 8.788208400000000475e-01 9.949991500000000544e-01 0.000000000000000000e+00
3.867794800000000088e-01 6.671124000000000498e-02 5.473964599999999736e-01 9.495386999999999578e-01 8.836024300000000498e-01 0.000000000000000000e+00
2.434058900000000136e-01 3.710747999999999824e-02 8.053152099999999480e-01 1.026521039999999996e+00 6.977897800000000261e-01 0.000000000000000000e+00
1.791847099999999970e-01 5.939492999999999856e-02 5.409975799999999779e-01 1.097255230000000026e+00 9.310221199999999531e-01 0.000000000000000000e+00
3.740353799999999729e-01 3.007993000000000125e-02 5.008654399999999951e-01 1.068536689999999956e+00 6.636378000000000554e-01 0.000000000000000000e+00
3.024590300000000176e-01 2.676432000000000117e-02 5.753352400000000255e-01 1.124647310000000067e+00 7.905204500000000412e-01 0.000000000000000000e+00
2.360880099999999870e-01 6.655645999999999785e-02 6.220217500000000399e-01 1.103070709999999899e+00 7.916062400000000165e-01 0.000000000000000000e+00
4.866530700000000209e-01 7.613580000000000347e-02 6.104450200000000049e-01 1.194732240000000001e+00 8.747927199999999681e-01 0.000000000000000000e+00
4.655654399999999971e-01 2.265061000000000158e-02 7.280849000000000348e-01 8.540840400000000443e-01 7.572841799999999735e-01 0.000000000000000000e+00
3.307115600000000155e-01 2.367887000000000117e-02 7.154606799999999600e-01 1.029552049999999941e+00 6.792456199999999944e-01 0.000000000000000000e+00
3.002548500000000176e-01 3.724845999999999713e-02 5.020213300000000434e-01 8.061228000000000282e-01 8.258464800000000494e-01 0.000000000000000000e+00
3.325025999999999815e-01 5.288889000000000090e-02 6.200668900000000372e-01 1.105085249999999908e+00 6.666360000000000063e-01 0.000000000000000000e+00
2.143452899999999939e-01 5.008110000000000339e-02 8.260232199999999469e-01 8.257547200000000531e-01 8.636424999999999796e-01 0.000000000000000000e+00
3.201254800000000178e-01 5.763465000000000255e-02 7.622310599999999603e-01 8.348712799999999934e-01 8.852858099999999508e-01 0.000000000000000000e+00
2.083865500000000037e-01 4.868292999999999926e-02 5.195325400000000426e-01 9.568935200000000529e-01 8.954723399999999778e-01 0.000000000000000000e+00
2.452947500000000058e-01 4.514561000000000268e-02 5.241381999999999985e-01 1.048065259999999999e+00 8.445877299999999810e-01 0.000000000000000000e+00
1.757252099999999928e-01 5.952410999999999813e-02 7.746090199999999815e-01 1.044715400000000072e+00 6.728665499999999522e-01 0.000000000000000000e+00
4.677000000000000046e-01 4.708999999999999991e-02 7.504999999999999449e-01 8.290999999999999481e-01 8.862999999999999767e-01 9.665875000000000439e-01
2.985633999999999788e-01 5.588955999999999785e-02 6.185051400000000088e-01 1.177071240000000074e+00 9.105288700000000457e-01 0.000000000000000000e+00
4.314716299999999949e-01 2.347814000000000151e-02 6.886058999999999930e-01 1.179053380000000040e+00 9.098926499999999695e-01 0.000000000000000000e+00
1.315000000000000058e-01 3.586999999999999911e-02 5.773000000000000353e-01 1.149699999999999944e+00 9.805000000000000382e-01 3.334825000000000150e-01
2.150681500000000135e-01 6.466901999999999373e-02 7.968568999999999791e-01 1.071887330000000027e+00 6.736855000000000482e-01 0.000000000000000000e+00
3.165645400000000054e-01 3.664926999999999768e-02 8.197955399999999893e-01 1.028993440000000037e+00 9.853382800000000108e-01 0.000000000000000000e+00
3.661095899999999848e-01 3.425575000000000148e-02 6.781220999999999499e-01 1.181845739999999978e+00 8.951967499999999855e-01 0.000000000000000000e+00
2.972261800000000065e-01 4.288608000000000003e-02 8.018475999999999937e-01 1.034255479999999894e+00 6.005417499999999853e-01 0.000000000000000000e+00
4.888412699999999944e-01 2.519644999999999871e-02 7.666403999999999996e-01 8.934686699999999648e-01 7.956522600000000001e-01 0.000000000000000000e+00
2.801000000000000156e-01 4.191000000000000281e-02 5.785000000000000142e-01 1.184700000000000086e+00 7.325000000000000400e-01 6.024249999999999744e-02
3.134421800000000147e-01 2.473397999999999916e-02 6.408881199999999501e-01 1.012088799999999900e+00 8.546669999999999545e-01 0.000000000000000000e+00
1.494999999999999940e-01 6.421000000000000318e-02 5.254999999999999671e-01 1.100300000000000056e+00 9.044999999999999707e-01 4.032775000000000110e-01
1.210715400000000053e-01 7.969816999999999874e-02 6.592835299999999510e-01 9.922462499999999963e-01 6.582420599999999622e-01 0.000000000000000000e+00
2.698636799999999947e-01 6.051916000000000240e-02 6.081833399999999612e-01 9.985520100000000454e-01 9.691144499999999606e-01 0.000000000000000000e+00
2.583037300000000092e-01 3.926972000000000101e-02 7.294330799999999559e-01 8.829358000000000484e-01 7.475784300000000160e-01 0.000000000000000000e+00
4.049976299999999974e-01 6.392172999999999605e-02 7.050924800000000214e-01 1.046988959999999969e+00 6.805234199999999900e-01 0.000000000000000000e+00
2.998078299999999974e-01 6.342593000000000536e-02 8.727559599999999973e-01 1.139860029999999913e+00 9.611277099999999685e-01 0.000000000000000000e+00
4.665425100000000214e-01 4.219575999999999882e-02 5.328511299999999506e-01 1.118849779999999905e+00 7.761100199999999560e-01 0.000000000000000000e+00
2.565901199999999771e-01 7.173047000000000450e-02 5.151921400000000206e-01 8.571550100000000505e-01 7.662153699999999512e-01 0.000000000000000000e+00
1.996380000000000099e-01 6.547815999999999359e-02 7.334519900000000536e-01 9.203407999999999589e-01 7.317986800000000347e-01 0.000000000000000000e+00
3.221875399999999945e-01 5.596009999999999873e-02 7.626464099999999968e-01 1.076312689999999961e+00 6.333120399999999650e-01 0.000000000000000000e+00
4.501771900000000048e-01 3.607377999999999973e-02 6.832344299999999482e-01 8.101688400000000012e-01 9.940649499999999472e-01 0.000000000000000000e+00
2.332725900000000019e-01 3.260761000000000215e-02 8.277259799999999723e-01 1.017719290000000054e+00 8.325144100000000380e-01 0.000000000000000000e+00
3.827889400000000220e-01 3.335537999999999698e-02 8.846838500000000494e-01 8.561806699999999770e-01 7.362536699999999712e-01 0.000000000000000000e+00
3.459335299999999891e-01 5.299473999999999851e-02 5.058313700000000024e-01 8.348112600000000549e-01 6.475907400000000536e-01 0.000000000000000000e+00
2.995541999999999927e-01 4.163309999999999927e-02 5.653838199999999814e-01 1.091152260000000096e+00 8.968456000000000206e-01 0.000000000000000000e+00
2.479172500000000057e-01 2.383841000000000085e-02 5.402614799999999606e-01 8.974417900000000170e-01 6.102083499999999550e-01 0.000000000000000000e+00
2.221291999999999989e-01 7.672420000000000628e-02 6.992084400000000421e-01 9.905318699999999810e-01 6.013438800000000528e-01 0.000000000000000000e+00
3.548198900000000267e-01 4.097644999999999760e-02 6.339504400000000039e-01 8.842781299999999955e-01 7.147786600000000101e-01 0.000000000000000000e+00
3.265548899999999866e-01 5.090830999999999829e-02 8.621580599999999484e-01 1.177993730000000072e+00 7.386640300000000270e-01 0.000000000000000000e+00
4.338447999999999749e-01 7.956844000000000416e-02 8.363112400000000113e-01 8.177485700000000080e-01 9.741431200000000290e-01 0.000000000000000000e+00
1.691746500000000097e-01 7.817372000000000209e-02 6.655205199999999488e-01 9.568749500000000019e-01 7.128079699999999574e-01 0.000000000000000000e+00
4.729281900000000260e-01 4.444349999999999690e-02 5.067419399999999463e-01 9.915845599999999482e-01 7.438656399999999946e-01 0.000000000000000000e+00
3.858680700000000074e-01 5.740949000000000052e-02 7.461607700000000287e-01 9.571870999999999574e-01 9.147109700000000121e-01 0.000000000000000000e+00
1.406915099999999919e-01 2.274545999999999860e-02 8.120821700000000476e-01 9.026920099999999891e-01 7.160001799999999861e-01 0.000000000000000000e+00
3.551134799999999814e-01 7.839836999999999501e-02 6.447064300000000525e-01 9.662289299999999859e-01 9.804430499999999826e-01 0.000000000000000000e+00
2.298527200000000104e-01 2.983252000000000126e-02 7.837101199999999546e-01 1.192118739999999955e+00 6.626125299999999774e-01 0.000000000000000000e+00
2.447286599999999868e-01 4.860946000000000017e-02 5.828297000000000061e-01 1.073877329999999963e+00 6.192734399999999528e-01 0.000000000000000000e+00
1.813681799999999900e-01 3.548707000000000250e-02 8.061028000000000082e-01 1.121690150000000052e+00 6.099449300000000518e-01 0.000000000000000000e+00
2.148208600000000024e-01 7.557142999999999500e-02 7.484353099999999648e-01 1.039944720000000045e+00 8.096743600000000374e-01 0.000000000000000000e+00
3.272285500000000069e-01 3.055468000000000073e-02 8.405214800000000430e-01 1.113647339999999986e+00 7.204065899999999578e-01 0.000000000000000000e+00
2.511852900000000055e-01 7.217740000000000267e-02 5.250700499999999549e-01 1.151952719999999930e+00 8.218050199999999972e-01 0.000000000000000000e+00
1.585906599999999944e-01 7.183388999999999747e-02 5.313901699999999950e-01 1.180944779999999916e+00 6.610170499999999949e-01 0.000000000000000000e+00
2.216963600000000090e-01 4.153189999999999660e-02 5.559089099999999783e-01 9.380784899999999871e-01 6.769202199999999614e-01 0.000000000000000000e+00
2.412909000000000026e-01 3.493741999999999681e-02 5.368407400000000385e-01 8.564848200000000356e-01 7.331161000000000483e-01 0.000000000000000000e+00
4.729038999999999882e-01 7.251209999999999600e-02 7.207073499999999688e-01 1.025993799999999956e+00 6.632618399999999914e-01 0.000000000000000000e+00
3.261538700000000124e-01 6.797322000000000086e-02 6.188910600000000484e-01 8.014831999999999512e-01 9.827437900000000059e-01 0.000000000000000000e+00
2.020386499999999863e-01 4.863416999999999740e-02 6.343569500000000305e-01 1.177938219999999925e+00 9.905031899999999778e-01 0.000000000000000000e+00
2.713687900000000264e-01 7.667567999999999606e-02 6.268576999999999622e-01 8.722845599999999866e-01 9.665855199999999758e-01 0.000000000000000000e+00
3.482258100000000245e-01 5.251141000000000142e-02 7.566833499999999768e-01 1.123977989999999982e+00 8.553727100000000361e-01 0.000000000000000000e+00
4.712800999999999796e-01 3.897347000000000311e-02 8.233864499999999920e-01 8.468468300000000504e-01 7.601835999999999594e-01 0.000000000000000000e+00
4.513395499999999783e-01 3.712355999999999989e-02 8.123502000000000223e-01 1.177361749999999985e+00 7.652143799999999718e-01 0.000000000000000000e+00
2.726053399999999738e-01 4.859946999999999878e-02 8.625910300000000364e-01 9.861279499999999754e-01 7.402084899999999967e-01 0.000000000000000000e+00
3.677874600000000105e-01 6.601654999999999329e-02 8.922290999999999972e-01 1.026359030000000061e+00 7.906785699999999695e-01 0.000000000000000000e+00
3.928782900000000189e-01 6.843984999999999652e-02 8.630284099999999681e-01 9.057067899999999838e-01 8.800248400000000304e-01 0.000000000000000000e+00
3.441125600000000118e-01 7.154145000000000643e-02 6.781859000000000082e-01 1.016075300000000015e+00 7.319533900000000370e-01 0.000000000000000000e+00
3.960157200000000155e-01 6.496166000000000440e-02 8.033393100000000286e-01 1.093642020000000104e+00 6.521493400000000218e-01 0.000000000000000000e+00
3.865995400000000193e-01 6.620898000000000061e-02 6.478163999999999589e-01 8.243639200000000278e-01 6.357629500000000489e-01 0.000000000000000000e+00
4.126037799999999756e-01 2.634299999999999836e-02 6.758471000000000339e-01 8.846088199999999624e-01 7.002827799999999936e-01 0.000000000000000000e+00
3.565382200000000168e-01 4.878025999999999890e-02 7.401269400000000109e-01 8.934209499999999915e-01 9.678342599999999463e-01 0.000000000000000000e+00
1.884643599999999974e-01 5.774876999999999788e-02 5.011791599999999569e-01 8.328412299999999879e-01 7.701318600000000014e-01 0.000000000000000000e+00
3.655512100000000153e-01 6.192824999999999719e-02 6.485487300000000177e-01 1.111337489999999928e+00 7.836314599999999464e-01 0.000000000000000000e+00
2.762436699999999967e-01 2.051651999999999990e-02 5.436273999999999829e-01 8.389293100000000392e-01 6.190651099999999740e-01 0.000000000000000000e+00
2.737126400000000070e-01 5.877409000000000106e-02 5.260517300000000507e-01 8.018458099999999922e-01 7.622290499999999636e-01 0.000000000000000000e+00
1.752359900000000081e-01 2.210172999999999999e-02 7.603100499999999595e-01 1.104766649999999961e+00 8.323053599999999941e-01 0.000000000000000000e+00
3.447653500000000260e-01 5.058129000000000097e-02 5.823568599999999762e-01 9.758067400000000058e-01 8.777955299999999905e-01 0.000000000000000000e+00
2.109008900000000075e-01 7.603163999999999756e-02 6.963110700000000319e-01 1.068146279999999892e+00 8.625795099999999938e-01 0.000000000000000000e+00
4.129935699999999765e-01 5.592583000000000276e-02 7.439754499999999826e-01 8.269946700000000428e-01 7.888726799999999928e-01 0.000000000000000000e+00
2.762894300000000025e-01 2.596551999999999888e-02 6.064817999999999598e-01 1.156630059999999904e+00 9.254864499999999605e-01 0.000000000000000000e+00
4.283153800000000233e-01 5.890897999999999968e-02 7.876795100000000271e-01 1.011513590000000073e+00 6.657604200000000194e-01 0.000000000000000000e+00
3.983817800000000187e-01 7.444736999999999882e-02 5.094937499999999675e-01 8.082066599999999656e-01 8.345612000000000030e-01 0.000000000000000000e+00
3.109000000000000097e-01 5.084999999999999937e-02 6.038999999999999924e-01 1.019900000000000029e+00 7.749000000000000332e-01 7.943274999999999642e-01
4.203009400000000118e-01 6.861087999999999909e-02 6.773954300000000206e-01 1.139260479999999909e+00 9.738452399999999454e-01 0.000000000000000000e+00
2.960449499999999734e-01 7.781760000000000066e-02 8.761858700000000333e-01 8.159893700000000472e-01 8.846557099999999840e-01 0.000000000000000000e+00
4.872825100000000020e-01 7.219570000000000154e-02 8.399962399999999496e-01 1.159338809999999942e+00 6.478556899999999841e-01 0.000000000000000000e+00
3.233022700000000027e-01 2.186545999999999976e-02 8.194065799999999955e-01 9.269310800000000183e-01 6.637499399999999827e-01 0.000000000000000000e+00
3.128667099999999923e-01 4.088205999999999785e-02 7.768840099999999582e-01 8.601958299999999946e-01 8.716103800000000179e-01 0.000000000000000000e+00
4.153718699999999764e-01 5.701128999999999919e-02 8.227832999999999952e-01 1.091961619999999966e+00 8.437452100000000232e-01 0.000000000000000000e+00
2.472167799999999971e-01 3.733229999999999882e-02 6.491749599999999676e-01 1.107136319999999952e+00 9.549908400000000075e-01 0.000000000000000000e+00
1.343167200000000006e-01 5.735002000000000155e-02 6.592439300000000335e-01 8.236520600000000192e-01 8.849547399999999620e-01 0.000000000000000000e+00
4.227308000000000177e-01 7.975077999999999334e-02 6.425607599999999531e-01 1.154461189999999915e+00 8.551068299999999844e-01 0.000000000000000000e+00
2.342170399999999875e-01 5.298639000000000127e-02 8.118720299999999668e-01 9.878065299999999604e-01 7.279277100000000056e-01 0.000000000000000000e+00
2.051179800000000053e-01 7.186520000000000408e-02 5.972986300000000526e-01 1.085231229999999991e+00 7.620481700000000247e-01 0.000000000000000000e+00
2.483738699999999966e-01 6.785570999999999964e-02 6.574870900000000518e-01 1.140125660000000041e+00 6.043988000000000138e-01 0.000000000000000000e+00
3.788370099999999741e-01 4.796240999999999699e-02 7.767439800000000005e-01 9.590192699999999792e-01 7.046333700000000366e-01 0.000000000000000000e+00
2.442534000000000094e-01 2.730383000000000115e-02 6.471408100000000108e-01 1.093554039999999894e+00 9.204924799999999463e-01 0.000000000000000000e+00
4.041506100000000212e-01 3.049255000000000021e-02 5.112083299999999886e-01 8.553044300000000044e-01 7.883122700000000371e-01 0.000000000000000000e+00
1.530295600000000089e-01 3.731628000000000028e-02 6.197855599999999576e-01 9.171013199999999976e-01 6.293377199999999894e-01 0.000000000000000000e+00
1.090899500000000050e-01 7.930096999999999841e-02 7.737414599999999920e-01 8.996850299999999967e-01 6.682061099999999643e-01 0.000000000000000000e+00
2.934445399999999760e-01 7.459177999999999642e-02 8.314489400000000252e-01 8.683322100000000487e-01 8.649578799999999568e-01 0.000000000000000000e+00
2.611159900000000200e-01 7.983743000000000090e-02 7.450209899999999941e-01 1.098672340000000025e+00 8.195930999999999633e-01 0.000000000000000000e+00
2.011339099999999991e-01 2.660913999999999988e-02 7.929211400000000243e-01 9.823556199999999849e-01 6.040334600000000220e-01 0.000000000000000000e+00
1.466058000000000083e-01 4.606678000000000162e-02 7.078988999999999976e-01 8.560943699999999934e-01 8.682207100000000066e-01 0.000000000000000000e+00
1.093602199999999941e-01 5.348689000000000221e-02 5.647756200000000337e-01 8.508734599999999704e-01 8.548670999999999909e-01 0.000000000000000000e+00
1.274895400000000123e-01 7.945534999999999404e-02 7.009932800000000519e-01 1.081856490000000059e+00 9.668932700000000269e-01 0.000000000000000000e+00
4.727507599999999921e-01 4.430622000000000033e-02 8.847510800000000231e-01 1.146474669999999918e+00 7.671866299999999805e-01 0.000000000000000000e+00
2.692348099999999911e-01 3.441782000000000175e-02 8.299662100000000375e-01 8.903987199999999769e-01 9.613986700000000107e-01 0.000000000000000000e+00
3.242681299999999878e-01 6.784693999999999448e-02 7.397109299999999887e-01 9.952761799999999548e-01 9.940775200000000478e-01 0.000000000000000000e+00
3.284433600000000175e-01 5.781754000000000060e-02 7.871942499999999843e-01 1.068312310000000043e+00 6.609757499999999730e-01 0.000000000000000000e+00
2.300281200000000026e-01 4.111511999999999806e-02 5.809938999999999520e-01 1.158934090000000028e+00 8.510368600000000061e-01 0.000000000000000000e+00
4.300878499999999938e-01 7.652552999999999439e-02 8.151365999999999890e-01 8.426811199999999502e-01 7.500996800000000464e-01 0.000000000000000000e+00
3.039000000000000035e-01 3.885000000000000259e-02 8.585000000000000409e-01 1.132700000000000040e+00 7.115000000000000213e-01 3.423924999999999885e-01
3.063975099999999840e-01 5.262541999999999914e-02 8.705434100000000175e-01 1.161288550000000086e+00 7.845032800000000250e-01 0.000000000000000000e+00
4.828192900000000121e-01 5.640532000000000185e-02 7.538385899999999751e-01 1.192360969999999964e+00 6.049982799999999994e-01 0.000000000000000000e+00
1.782553299999999896e-01 6.386548000000000225e-02 6.507950999999999597e-01 1.149358459999999971e+00 9.506111099999999814e-01 0.000000000000000000e+00
3.221658900000000103e-01 2.244463000000000014e-02 6.981065600000000426e-01 1.059744999999999937e+00 8.957269900000000007e-01 0.000000000000000000e+00
4.623534400000000044e-01 3.123164000000000148e-02 8.087740399999999719e-01 1.106243110000000085e+00 6.676422899999999716e-01 0.000000000000000000e+00
2.205496399999999912e-01 5.640322999999999865e-02 8.345003800000000416e-01 9.893052300000000354e-01 6.752992399999999673e-01 0.000000000000000000e+00
2.903494600000000037e-01 2.957210000000000047e-02 7.320250299999999655e-01 8.631037200000000187e-01 7.341916299999999840e-01 0.000000000000000000e+00
2.830269799999999836e-01 2.573978999999999850e-02 8.378658799999999518e-01 1.075526600000000110e+00 6.217521700000000484e-01 0.000000000000000000e+00
4.573074799999999884e-01 3.796200999999999742e-02 5.145096099999999506e-01 8.225998500000000213e-01 7.359816300000000533e-01 0.000000000000000000e+00
1.365155200000000013e-01 3.130904999999999799e-02 5.674055399999999860e-01 1.133122559999999890e+00 9.121434499999999668e-01 0.000000000000000000e+00
4.093060700000000218e-01 2.247696000000000069e-02 6.451859100000000291e-01 9.111517099999999481e-01 8.512942599999999693e-01 0.000000000000000000e+00
4.131818300000000277e-01 2.133902999999999842e-02 7.884266399999999564e-01 1.050867369999999967e+00 9.595702600000000082e-01 0.000000000000000000e+00
4.269321400000000155e-01 6.422540000000000193e-02 7.362470599999999532e-01 1.038735320000000018e+00 8.285188900000000078e-01 0.000000000000000000e+00
3.385670900000000150e-01 5.596232000000000290e-02 5.781644599999999912e-01 8.403827400000000170e-01 6.644542199999999843e-01 0.000000000000000000e+00
1.257000000000000062e-01 3.932999999999999691e-02 5.573000000000000176e-01 8.387000000000000011e-01 8.864999999999999547e-01 4.161475000000000035e-01
1.502999999999999892e-01 3.533000000000000029e-02 5.161000000000000032e-01 1.189500000000000002e+00 7.671000000000000041e-01 2.255725000000000091e-01
3.299912199999999740e-01 5.808279999999999693e-02 5.787201499999999887e-01 8.913811099999999765e-01 6.456430100000000172e-01 0.000000000000000000e+00
3.710500700000000096e-01 6.087892000000000303e-02 7.230303799999999725e-01 1.031655549999999977e+00 6.814679999999999627e-01 0.000000000000000000e+00
4.107622899999999744e-01 4.824368999999999880e-02 7.661107499999999515e-01 1.092383050000000022e+00 7.191724400000000239e-01 0.000000000000000000e+00
2.725000000000000200e-01 5.015000000000000013e-02 6.569000000000000394e-01 8.864999999999999547e-01 9.643000000000000460e-01 9.736749999999999572e-02
1.734502599999999950e-01 2.994664000000000006e-02 7.350400700000000453e-01 1.112449030000000061e+00 6.479359399999999880e-01 0.000000000000000000e+00
2.582999999999999741e-01 3.710999999999999716e-02 6.988999999999999657e-01 1.041500000000000092e+00 9.176999999999999602e-01 1.310274999999999912e-01
2.316224500000000075e-01 5.592512000000000177e-02 7.739821900000000143e-01 1.153351000000000015e+00 6.533020000000000493e-01 0.000000000000000000e+00
1.403580000000000105e-01 2.191125999999999838e-02 8.868474200000000529e-01 1.179460219999999948e+00 8.210313599999999878e-01 0.000000000000000000e+00
2.280517900000000042e-01 3.544639000000000123e-02 8.400078500000000004e-01 8.933825600000000478e-01 8.026195000000000412e-01 0.000000000000000000e+00
2.298227999999999938e-01 5.585786999999999697e-02 7.105823300000000398e-01 1.032698890000000036e+00 6.042995500000000186e-01 0.000000000000000000e+00
4.285179399999999861e-01 4.866456999999999727e-02 8.079328500000000357e-01 9.510532699999999506e-01 6.723515500000000200e-01 0.000000000000000000e+00
2.649253100000000249e-01 2.409553000000000042e-02 6.388076900000000391e-01 1.078734660000000067e+00 8.230643300000000107e-01 0.000000000000000000e+00
3.121124699999999752e-01 6.826859000000000399e-02 5.303077899999999456e-01 9.626729400000000325e-01 7.276802199999999887e-01 0.000000000000000000e+00
3.958978899999999745e-01 6.785914999999999309e-02 6.068727400000000216e-01 1.057307049999999915e+00 8.654032000000000391e-01 0.000000000000000000e+00
3.099508300000000105e-01 6.924010999999999361e-02 5.470431500000000336e-01 8.989505800000000546e-01 7.731743500000000102e-01 0.000000000000000000e+00
1.901349300000000075e-01 6.747082000000000079e-02 6.451559999999999517e-01 9.614259800000000133e-01 6.032568200000000269e-01 0.000000000000000000e+00
3.062666700000000186e-01 4.188776000000000305e-02 8.837220399999999865e-01 1.121216320000000044e+00 6.983256899999999989e-01 0.000000000000000000e+00
1.590066900000000061e-01 3.648184000000000149e-02 8.620701299999999900e-01 9.880536199999999658e-01 7.513527500000000137e-01 0.000000000000000000e+00
2.780718899999999882e-01 7.079778000000000460e-02 6.821921199999999574e-01 8.072711599999999876e-01 7.126358400000000204e-01 0.000000000000000000e+00
1.203000000000000042e-01 3.597000000000000197e-02 8.745000000000000551e-01 1.118300000000000072e+00 8.739000000000000101e-01 3.844675000000000176e-01
3.825797100000000173e-01 4.679681000000000118e-02 8.159268400000000421e-01 1.088390350000000062e+00 8.018829100000000043e-01 0.000000000000000000e+00
3.680162699999999787e-01 6.645362999999999964e-02 7.934174299999999791e-01 1.101544400000000090e+00 9.397143599999999708e-01 0.000000000000000000e+00
1.385000000000000120e-01 3.955000000000000182e-02 8.929000000000000270e-01 1.190700000000000092e+00 9.788999999999999924e-01 7.408675000000000122e-01
1.840053899999999909e-01 5.836704999999999671e-02 6.345700499999999966e-01 8.088458499999999773e-01 8.994550700000000232e-01 0.000000000000000000e+00
2.224135200000000034e-01 5.391983000000000192e-02 8.051469799999999566e-01 9.362842399999999898e-01 6.386422099999999880e-01 0.000000000000000000e+00
2.811058900000000249e-01 2.574879999999999877e-02 5.824475999999999543e-01 8.117075799999999841e-01 8.818666499999999742e-01 0.000000000000000000e+00
1.273819999999999952e-01 7.241284000000000609e-02 6.580709599999999826e-01 1.119635340000000090e+00 7.625970399999999483e-01 0.000000000000000000e+00
4.188516600000000145e-01 3.343324000000000296e-02 8.195255500000000470e-01 1.142749550000000003e+00 8.095230300000000323e-01 0.000000000000000000e+00
1.445580499999999935e-01 2.031115000000000004e-02 6.234024599999999916e-01 8.934450099999999839e-01 8.985537999999999581e-01 0.000000000000000000e+00
1.042150899999999963e-01 3.680117000000000110e-02 8.254267899999999658e-01 1.166032310000000072e+00 7.703667199999999493e-01 0.000000000000000000e+00
4.947869999999999768e-01 5.650408999999999987e-02 8.704605600000000498e-01 8.720351499999999811e-01 6.873171799999999720e-01 0.000000000000000000e+00
3.438822300000000109e-01 4.369644999999999779e-02 7.799935099999999455e-01 9.053910899999999540e-01 7.129640600000000106e-01 0.000000000000000000e+00
4.475701599999999947e-01 2.050903999999999922e-02 8.837525099999999911e-01 8.810476299999999705e-01 6.048933300000000068e-01 0.000000000000000000e+00
1.489745100000000044e-01 6.214299999999999685e-02 6.211060299999999756e-01 1.160474130000000104e+00 7.289653499999999564e-01 0.000000000000000000e+00
1.186298699999999984e-01 5.990625000000000117e-02 6.954113600000000339e-01 1.103008409999999939e+00 9.703040600000000238e-01 0.000000000000000000e+00
1.719407900000000100e-01 5.570900000000000157e-02 5.509173499999999724e-01 8.877796799999999600e-01 6.223613399999999851e-01 0.000000000000000000e+00
1.709200999999999915e-01 7.740476000000000301e-02 5.471649200000000546e-01 9.289463399999999815e-01 7.077102699999999746e-01 0.000000000000000000e+00
1.806098200000000042e-01 3.307878999999999681e-02 7.923970000000000180e-01 1.047199750000000096e+00 7.860707200000000006e-01 0.000000000000000000e+00
4.736443499999999918e-01 5.579093999999999720e-02 7.685093600000000302e-01 1.005265829999999916e+00 7.831399700000000186e-01 0.000000000000000000e+00
3.118462799999999757e-01 7.387763999999999442e-02 7.301958600000000299e-01 1.146395210000000109e+00 8.497535499999999686e-01 0.000000000000000000e+00
2.541120900000000127e-01 6.806673000000000584e-02 8.487720500000000001e-01 1.053461619999999987e+00 7.049979600000000346e-01 0.000000000000000000e+00
3.286818300000000082e-01 5.701813000000000020e-02 7.411627299999999918e-01 9.091936800000000041e-01 6.061996699999999683e-01 0.000000000000000000e+00
4.524805100000000024e-01 7.653894999999999449e-02 5.322494599999999521e-01 1.104735660000000008e+00 6.843648300000000351e-01 0.000000000000000000e+00
2.181276400000000115e-01 6.412561999999999429e-02 6.135780600000000362e-01 1.144541980000000070e+00 7.768705099999999586e-01 0.000000000000000000e+00
3.380951400000000162e-01 6.069505000000000039e-02 5.920094799999999768e-01 9.671785699999999597e-01 9.538280999999999565e-01 0.000000000000000000e+00
3.321436899999999914e-01 3.877636999999999751e-02 5.778876699999999644e-01 8.573476799999999454e-01 6.734229900000000546e-01 0.000000000000000000e+00
4.950712199999999785e-01 7.847316000000000014e-02 6.268388400000000082e-01 8.012836300000000245e-01 6.742494199999999882e-01 0.000000000000000000e+00
3.255000000000000115e-01 4.716999999999999665e-02 6.067000000000000171e-01 9.787000000000000144e-01 8.515000000000000346e-01 5.255425000000000235e-01
4.174846899999999916e-01 6.797736999999999530e-02 5.388417599999999474e-01 1.199680880000000061e+00 7.702898900000000326e-01 0.000000000000000000e+00
4.078279000000000210e-01 7.435941999999999552e-02 7.981580299999999628e-01 1.089911440000000065e+00 6.342930300000000354e-01 0.000000000000000000e+00
4.431664000000000159e-01 6.542080000000000117e-02 8.446765200000000418e-01 8.358183399999999930e-01 7.951933500000000210e-01 0.000000000000000000e+00
1.125288599999999944e-01 2.290139000000000064e-02 8.309289699999999890e-01 9.115341700000000325e-01 9.686829999999999607e-01 0.000000000000000000e+00
4.647281200000000223e-01 2.551888000000000073e-02 5.393259000000000247e-01 1.156389260000000085e+00 7.530933499999999947e-01 0.000000000000000000e+00
4.660497699999999743e-01 7.844927999999999624e-02 8.175586000000000242e-01 1.065411850000000049e+00 6.305966200000000521e-01 0.000000000000000000e+00
1.015000000000000069e-01 3.581000000000000155e-02 6.492999999999999883e-01 1.097499999999999920e+00 6.189000000000000057e-01 2.745774999999999744e-01
1.557625300000000101e-01 4.005908999999999859e-02 6.780828599999999540e-01 1.073208399999999951e+00 9.670764200000000477e-01 0.000000000000000000e+00
4.807090800000000108e-01 4.486049000000000286e-02 5.568363200000000512e-01 9.813964499999999758e-01 6.168529699999999449e-01 0.000000000000000000e+00
3.879519499999999899e-01 6.859798000000000284e-02 7.386192099999999705e-01 1.051407269999999894e+00 9.361202199999999474e-01 0.000000000000000000e+00
4.855961599999999989e-01 7.990482000000000140e-02 7.902129199999999853e-01 8.199945899999999677e-01 8.598686700000000016e-01 0.000000000000000000e+00
1.050413600000000003e-01 7.671885000000000510e-02 7.775577099999999575e-01 8.746541899999999981e-01 8.574534700000000509e-01 0.000000000000000000e+00
1.487848400000000015e-01 5.360726999999999853e-02 6.501464200000000027e-01 8.139531500000000142e-01 7.851084400000000185e-01 0.000000000000000000e+00
2.662033899999999842e-01 5.841352999999999823e-02 6.432495400000000085e-01 9.735958099999999504e-01 7.552275400000000305e-01 0.000000000000000000e+00
1.204185100000000064e-01 2.352484000000000172e-02 5.235976799999999542e-01 9.049461600000000550e-01 8.331260000000000332e-01 0.000000000000000000e+00
3.632604099999999780e-01 5.352703999999999795e-02 7.873348199999999908e-01 1.164035060000000010e+00 9.127304600000000212e-01 0.000000000000000000e+00
1.293075999999999948e-01 2.325705000000000133e-02 7.416521999999999837e-01 9.734424499999999592e-01 6.977554799999999835e-01 0.000000000000000000e+00
1.820087300000000075e-01 4.970655999999999686e-02 8.725714700000000157e-01 8.558331999999999606e-01 6.541802399999999684e-01 0.000000000000000000e+00
3.877014899999999820e-01 4.899421000000000331e-02 5.940584500000000157e-01 1.057052330000000095e+00 8.117330299999999665e-01 0.000000000000000000e+00
2.782623300000000022e-01 3.683460000000000206e-02 6.500486399999999554e-01 8.094501600000000296e-01 6.275506600000000379e-01 0.000000000000000000e+00
4.684598200000000268e-01 2.441878999999999925e-02 5.929372000000000531e-01 1.069986270000000017e+00 9.606427400000000505e-01 0.000000000000000000e+00
1.534574900000000020e-01 3.903518000000000265e-02 5.551340000000000163e-01 8.082413800000000093e-01 6.155402199999999713e-01 0.000000000000000000e+00
1.696983900000000045e-01 7.599480999999999598e-02 7.070473900000000533e-01 9.745296500000000250e-01 6.027421499999999766e-01 0.000000000000000000e+00
1.946052600000000021e-01 4.539101999999999720e-02 5.480640100000000459e-01 9.358718900000000396e-01 8.946343700000000121e-01 0.000000000000000000e+00
1.792738399999999899e-01 5.236580999999999875e-02 8.995479299999999956e-01 1.110620879999999921e+00 7.267244099999999873e-01 0.000000000000000000e+00
4.090805100000000083e-01 2.706826000000000024e-02 8.770040000000000058e-01 8.450450699999999538e-01 7.160474300000000403e-01 0.000000000000000000e+00
2.582508299999999868e-01 3.251953999999999956e-02 7.893577299999999797e-01 9.775420000000000220e-01 6.942990700000000182e-01 0.000000000000000000e+00
3.566663700000000103e-01 6.831711999999999507e-02 5.955792199999999648e-01 8.995113799999999715e-01 8.936908700000000261e-01 0.000000000000000000e+00
4.403122199999999764e-01 6.086487000000000147e-02 6.617333800000000377e-01 1.171121670000000003e+00 6.195101200000000530e-01 0.000000000000000000e+00
2.036999999999999922e-01 4.759000000000000036e-02 7.781000000000000139e-01 9.496999999999999886e-01 8.854999999999999538e-01 4.666374999999999829e-01
1.778075799999999929e-01 6.329490000000000116e-02 6.260550299999999568e-01 9.702465099999999509e-01 6.612098499999999879e-01 0.000000000000000000e+00
3.710618700000000159e-01 4.331808999999999660e-02 8.152560899999999888e-01 9.034884800000000382e-01 8.510196700000000058e-01 0.000000000000000000e+00
1.167587499999999945e-01 2.216018999999999975e-02 8.775059699999999685e-01 8.245948300000000009e-01 7.699241599999999686e-01 0.000000000000000000e+00
3.793000000000000260e-01 3.452999999999999819e-02 8.114999999999999991e-01 1.174099999999999921e+00 9.637000000000000011e-01 4.572324999999999862e-01
4.255274299999999843e-01 5.075882999999999784e-02 5.985056899999999791e-01 1.161448999999999954e+00 8.195400000000000462e-01 0.000000000000000000e+00
2.168380400000000097e-01 2.902137999999999940e-02 6.976376100000000191e-01 1.035879589999999961e+00 8.745160100000000103e-01 0.000000000000000000e+00
3.624121699999999779e-01 4.844260000000000232e-02 7.648497600000000451e-01 1.013536720000000058e+00 6.689531300000000069e-01 0.000000000000000000e+00
4.516999999999999904e-01 6.264999999999999736e-02 6.846999999999999753e-01 1.192299999999999915e+00 9.780999999999999694e-01 8.527375000000000371e-01
4.559816400000000214e-01 2.758102999999999944e-02 6.727398300000000386e-01 1.177084589999999986e+00 7.395603400000000383e-01 0.000000000000000000e+00
4.219154399999999749e-01 6.503032999999999730e-02 5.850069900000000045e-01 9.447466300000000317e-01 6.575636400000000048e-01 0.000000000000000000e+00
4.562008399999999964e-01 3.116823000000000163e-02 7.451215500000000214e-01 9.351002800000000059e-01 7.745893999999999835e-01 0.000000000000000000e+00
4.714808699999999964e-01 5.424538999999999750e-02 6.935815800000000309e-01 9.697373299999999530e-01 9.077021100000000065e-01 0.000000000000000000e+00
1.079962500000000020e-01 6.730518000000000611e-02 7.622401699999999947e-01 9.201821100000000531e-01 9.509154300000000060e-01 0.000000000000000000e+00
3.260415600000000080e-01 6.030018999999999657e-02 6.624088999999999672e-01 9.066850699999999819e-01 8.357301700000000499e-01 0.000000000000000000e+00
2.768172500000000147e-01 6.836984000000000117e-02 7.405646599999999857e-01 8.241446199999999944e-01 6.029628900000000291e-01 0.000000000000000000e+00
1.704352899999999893e-01 6.945489000000000523e-02 6.694606199999999507e-01 9.000547800000000542e-01 8.943522000000000416e-01 0.000000000000000000e+00
4.370999999999999885e-01 3.552999999999999908e-02 7.328999999999999959e-01 1.172299999999999898e+00 8.296999999999999931e-01 2.884375000000000133e-01
1.013752200000000020e-01 6.236474000000000184e-02 6.248259099999999844e-01 1.051382489999999947e+00 8.053163800000000538e-01 0.000000000000000000e+00
4.170973499999999778e-01 2.354380999999999835e-02 6.635446299999999686e-01 9.241279100000000524e-01 7.371563599999999550e-01 0.000000000000000000e+00
1.497209399999999968e-01 7.650940000000000518e-02 6.327191199999999682e-01 1.151059480000000024e+00 7.676545900000000255e-01 0.000000000000000000e+00
1.846990199999999915e-01 4.144652000000000058e-02 6.646749699999999761e-01 9.057989800000000313e-01 8.066140400000000321e-01 0.000000000000000000e+00
1.661510300000000051e-01 6.014020999999999950e-02 7.594942599999999766e-01 1.157595989999999908e+00 7.385084499999999830e-01 0.000000000000000000e+00
4.528146000000000115e-01 5.871933000000000014e-02 8.511548500000000184e-01 1.123113749999999911e+00 7.090350600000000503e-01 0.000000000000000000e+00
2.136697100000000127e-01 7.335619999999999641e-02 7.655369800000000335e-01 1.198949379999999953e+00 6.649309899999999995e-01 0.000000000000000000e+00
4.795670300000000053e-01 5.549910999999999733e-02 5.895160600000000084e-01 9.919248000000000509e-01 8.849687600000000209e-01 0.000000000000000000e+00
4.218999999999999972e-01 4.585000000000000187e-02 7.450999999999999845e-01 1.079299999999999926e+00 7.884999999999999787e-01 3.201174999999999993e-01
4.896789599999999965e-01 6.761438999999999644e-02 5.293683099999999531e-01 8.465031600000000322e-01 9.503782499999999800e-01 0.000000000000000000e+00
2.677320599999999939e-01 4.574157999999999696e-02 7.398233400000000515e-01 8.634987800000000213e-01 9.217567700000000031e-01 0.000000000000000000e+00
2.311348699999999923e-01 6.606639000000000261e-02 6.369775199999999638e-01 8.068157999999999719e-01 8.456356800000000007e-01 0.000000000000000000e+00
1.431340600000000074e-01 4.444218999999999947e-02 7.983259700000000514e-01 1.072762779999999916e+00 9.172370199999999585e-01 0.000000000000000000e+00
4.975350599999999734e-01 6.625989000000000184e-02 8.144181000000000337e-01 1.118995139999999999e+00 9.844505300000000458e-01 0.000000000000000000e+00
3.433541800000000088e-01 6.082568000000000003e-02 5.168719200000000402e-01 1.140022400000000102e+00 6.581759799999999938e-01 0.000000000000000000e+00
3.340500100000000083e-01 3.555853999999999959e-02 7.219079000000000468e-01 1.007785010000000092e+00 8.063567900000000455e-01 0.000000000000000000e+00
2.135201499999999919e-01 7.833092999999999306e-02 8.847627399999999920e-01 8.055157899999999538e-01 9.842916699999999519e-01 0.000000000000000000e+00
4.792856200000000233e-01 7.864155999999999924e-02 6.860492599999999941e-01 1.180077199999999937e+00 8.389367100000000299e-01 0.000000000000000000e+00
1.233551799999999948e-01 4.190167000000000197e-02 6.452720299999999964e-01 1.037454220000000094e+00 7.375015900000000402e-01 0.000000000000000000e+00
4.312210799999999788e-01 3.102181000000000036e-02 8.819242000000000470e-01 1.069540790000000019e+00 9.111962599999999801e-01 0.000000000000000000e+00
1.331861699999999926e-01 2.838844999999999910e-02 8.564334200000000008e-01 1.034729119999999947e+00 6.140853899999999532e-01 0.000000000000000000e+00
1.966648799999999864e-01 3.672949999999999826e-02 5.427261599999999575e-01 9.790763399999999894e-01 7.136732199999999970e-01 0.000000000000000000e+00
1.556206099999999926e-01 6.083149000000000195e-02 6.979258200000000301e-01 9.432063099999999922e-01 6.347191199999999700e-01 0.000000000000000000e+00
3.468322300000000191e-01 6.999959000000000042e-02 6.078600600000000354e-01 1.169595769999999924e+00 9.934356699999999929e-01 0.000000000000000000e+00
1.086129799999999979e-01 5.381426000000000265e-02 8.522082800000000402e-01 1.084614779999999890e+00 6.080858099999999489e-01 0.000000000000000000e+00
3.507627999999999857e-01 3.260629999999999779e-02 6.672102899999999837e-01 9.489952600000000071e-01 6.059923000000000393e-01 0.000000000000000000e+00
2.249605299999999919e-01 2.460232999999999864e-02 8.664450200000000102e-01 1.077687239999999935e+00 8.893064699999999601e-01 0.000000000000000000e+00
3.655633200000000249e-01 7.805542999999999509e-02 7.273243700000000533e-01 1.192233730000000103e+00 8.334760399999999736e-01 0.000000000000000000e+00
3.597000000000000197e-01 6.561000000000000165e-02 5.017000000000000348e-01 9.775000000000000355e-01 9.907000000000000250e-01 4.626775000000000193e-01
1.133123899999999989e-01 6.662853999999999999e-02 6.057250699999999766e-01 1.067624829999999969e+00 8.599490899999999716e-01 0.000000000000000000e+00
1.676468799999999981e-01 6.198456000000000105e-02 6.944457800000000125e-01 1.015303129999999943e+00 8.982988600000000323e-01 0.000000000000000000e+00
1.114770999999999956e-01 5.397078999999999765e-02 6.326856299999999989e-01 1.032075099999999912e+00 9.880133399999999622e-01 0.000000000000000000e+00
3.695987499999999759e-01 3.504721000000000225e-02 8.643088599999999566e-01 1.192442870000000044e+00 8.925127299999999764e-01 0.000000000000000000e+00
4.080284800000000267e-01 2.867915999999999868e-02 5.183712700000000506e-01 1.113779999999999992e+00 8.868835699999999544e-01 0.000000000000000000e+00
3.459461500000000078e-01 3.542499000000000342e-02 6.074564599999999759e-01 1.100381609999999899e+00 8.171019600000000160e-01 0.000000000000000000e+00
4.539159300000000230e-01 5.074316999999999717e-02 8.531682699999999508e-01 8.984676799999999908e-01 9.397426399999999624e-01 0.000000000000000000e+00
2.067675900000000011e-01 2.125791999999999959e-02 8.953387999999999902e-01 9.215508799999999612e-01 6.898252000000000272e-01 0.000000000000000000e+00
1.070609500000000019e-01 4.214046999999999932e-02 5.558314199999999650e-01 1.177521440000000030e+00 8.681159499999999696e-01 0.000000000000000000e+00
1.819000000000000061e-01 5.163000000000000228e-02 5.137000000000000455e-01 8.368999999999999773e-01 9.076999999999999513e-01 5.106924999999999937e-01
2.759814300000000276e-01 6.285467000000000137e-02 7.991103899999999483e-01 8.446276000000000339e-01 7.448000000000000176e-01 0.000000000000000000e+00
2.683269600000000032e-01 3.005058000000000035e-02 5.372871399999999964e-01 9.074591899999999711e-01 8.224865000000000093e-01 0.000000000000000000e+00
2.389867200000000136e-01 3.244017999999999902e-02 8.120058300000000395e-01 1.118514900000000090e+00 9.576779100000000211e-01 0.000000000000000000e+00
1.570104999999999973e-01 5.641509000000000107e-02 6.497343300000000266e-01 9.473163599999999684e-01 9.966304999999999747e-01 0.000000000000000000e+00
4.158799899999999772e-01 4.169653999999999722e-02 6.182222800000000129e-01 9.888889299999999993e-01 9.982305799999999785e-01 0.000000000000000000e+00
4.791422100000000128e-01 7.284048999999999385e-02 5.638449800000000511e-01 8.248760299999999823e-01 7.071743499999999516e-01 0.000000000000000000e+00
4.090025700000000097e-01 6.105000000000000010e-02 8.033114000000000088e-01 9.793819400000000064e-01 7.509226199999999851e-01 0.000000000000000000e+00
2.079526700000000061e-01 6.534035000000000537e-02 6.412652699999999983e-01 1.111229419999999912e+00 9.428267999999999649e-01 0.000000000000000000e+00
4.845028399999999902e-01 2.851375999999999911e-02 5.307555800000000046e-01 1.127188159999999995e+00 7.924280299999999500e-01 0.000000000000000000e+00
2.581321400000000099e-01 5.627126999999999823e-02 6.038794299999999948e-01 1.014172150000000050e+00 8.761368000000000489e-01 0.000000000000000000e+00
2.970999999999999752e-01 6.543000000000000205e-02 8.176999999999999824e-01 1.027700000000000058e+00 8.597000000000000197e-01 6.519250000000000045e-02
3.793601999999999808e-01 2.776707000000000133e-02 5.090583800000000325e-01 8.877625099999999492e-01 8.275585899999999828e-01 0.000000000000000000e+00
1.359616100000000105e-01 2.775715999999999947e-02 5.270730300000000534e-01 1.157383779999999973e+00 7.360906400000000183e-01 0.000000000000000000e+00
3.864448500000000064e-01 4.105580999999999814e-02 6.908752599999999910e-01 1.097455449999999999e+00 8.126739299999999888e-01 0.000000000000000000e+00
3.642586700000000066e-01 2.497065999999999869e-02 7.018104600000000248e-01 1.053984170000000109e+00 6.353943600000000469e-01 0.000000000000000000e+00
4.937780600000000186e-01 2.813629999999999950e-02 8.925766699999999609e-01 1.146088530000000105e+00 9.796054800000000284e-01 0.000000000000000000e+00
2.972508799999999951e-01 7.481661000000000561e-02 6.128821500000000144e-01 9.997287500000000549e-01 7.815849700000000455e-01 0.000000000000000000e+00
4.376088899999999726e-01 7.975258000000000347e-02 8.018351799999999807e-01 9.184919200000000172e-01 8.489578700000000033e-01 0.000000000000000000e+00
4.379008500000000081e-01 4.218211000000000183e-02 8.125636800000000104e-01 8.316857500000000014e-01 6.583732100000000420e-01 0.000000000000000000e+00
1.094479599999999969e-01 4.784921000000000313e-02 5.344694599999999518e-01 9.602557400000000243e-01 8.382842999999999822e-01 0.000000000000000000e+00
1.240987999999999952e-01 3.560702999999999785e-02 6.273891999999999802e-01 1.101079420000000031e+00 7.615448099999999609e-01 0.000000000000000000e+00
4.956038500000000124e-01 5.735587000000000324e-02 7.994659200000000521e-01 1.008630700000000102e+00 9.327994099999999955e-01 0.000000000000000000e+00
2.446294199999999863e-01 5.631893000000000316e-02 6.587520599999999726e-01 1.060748239999999898e+00 6.702910699999999888e-01 0.000000000000000000e+00
3.640207500000000040e-01 6.824489000000000249e-02 7.727920499999999526e-01 1.173254489999999928e+00 9.779352199999999939e-01 0.000000000000000000e+00
1.472756899999999869e-01 4.248882999999999827e-02 6.669448900000000124e-01 1.140601039999999955e+00 7.984213500000000296e-01 0.000000000000000000e+00
3.135201699999999869e-01 3.637328000000000089e-02 5.904717800000000016e-01 1.150082730000000053e+00 8.633240699999999990e-01 0.000000000000000000e+00
1.580876400000000015e-01 6.134719999999999757e-02 6.411069400000000140e-01 9.908619400000000521e-01 6.148875200000000207e-01 0.000000000000000000e+00
4.800127000000000144e-01 3.865798000000000151e-02 5.358684299999999512e-01 8.855115199999999964e-01 7.267985500000000432e-01 0.000000000000000000e+00
1.413009799999999927e-01 6.576221000000000150e-02 5.360733399999999538e-01 1.196464799999999995e+00 8.577421400000000418e-01 0.000000000000000000e+00
2.588982100000000175e-01 7.064499000000000473e-02 6.422434700000000385e-01 1.023489139999999908e+00 8.148401499999999853e-01 0.000000000000000000e+00
1.259590899999999958e-01 5.060197999999999779e-02 6.767991100000000371e-01 1.046489449999999932e+00 7.729068500000000341e-01 0.000000000000000000e+00
2.182515899999999953e-01 6.989969000000000043e-02 7.269266399999999573e-01 8.985768899999999615e-01 6.593134499999999676e-01 0.000000000000000000e+00
3.633711800000000158e-01 7.489218999999999737e-02 8.450053499999999884e-01 1.194411749999999994e+00 6.147307899999999714e-01 0.000000000000000000e+00
2.488113299999999972e-01 3.284658000000000022e-02 7.734171399999999474e-01 1.170622159999999967e+00 7.614713499999999913e-01 0.000000000000000000e+00
4.036634000000000055e-01 5.115266999999999731e-02 5.679428499999999991e-01 1.152410909999999955e+00 6.707585200000000247e-01 0.000000000000000000e+00
3.870153199999999960e-01 2.723980000000000151e-02 8.820844899999999988e-01 1.128482889999999905e+00 9.180965399999999610e-01 0.000000000000000000e+00
4.872700699999999996e-01 5.653621999999999814e-02 5.374393899999999613e-01 1.140210249999999981e+00 9.973279499999999631e-01 0.000000000000000000e+00
1.166777299999999934e-01 5.831781999999999938e-02 7.453268299999999957e-01 1.045997140000000103e+00 8.412990099999999583e-01 0.000000000000000000e+00
3.808229899999999724e-01 6.710794000000000481e-02 7.832356499999999500e-01 9.705032000000000103e-01 9.118804700000000540e-01 0.000000000000000000e+00
4.611786399999999730e-01 4.417038999999999688e-02 7.895581699999999481e-01 8.136243899999999751e-01 7.471632799999999852e-01 0.000000000000000000e+00
4.237808000000000130e-01 7.056508000000000225e-02 5.475157400000000285e-01 1.035301709999999931e+00 9.819725799999999838e-01 0.000000000000000000e+00
1.707060200000000139e-01 7.884597000000000133e-02 8.691560699999999473e-01 1.183824540000000036e+00 7.781377600000000117e-01 0.000000000000000000e+00
2.701422700000000177e-01 6.538451000000000679e-02 5.178024500000000252e-01 1.185900469999999984e+00 9.042088000000000347e-01 0.000000000000000000e+00
2.934999999999999831e-01 3.527000000000000274e-02 7.500999999999999890e-01 9.690999999999999615e-01 7.722999999999999865e-01 8.764975000000000405e-01
3.408861599999999936e-01 3.629711000000000048e-02 8.914692400000000516e-01 1.144597480000000056e+00 9.255907799999999463e-01 0.000000000000000000e+00
3.164149800000000123e-01 4.163453999999999766e-02 7.303062399999999954e-01 9.724250800000000527e-01 6.670028900000000149e-01 0.000000000000000000e+00
1.121000000000000052e-01 5.349000000000000282e-02 6.614999999999999769e-01 9.122999999999999998e-01 6.629000000000000448e-01 6.636474999999999458e-01
3.050305099999999769e-01 4.972820000000000018e-02 5.898502799999999491e-01 1.105750350000000104e+00 8.452212999999999532e-01 0.000000000000000000e+00
1.736569000000000029e-01 7.451547000000000032e-02 5.554638400000000420e-01 1.085431100000000093e+00 8.949478600000000394e-01 0.000000000000000000e+00
4.266983500000000040e-01 5.234907999999999922e-02 8.485917800000000177e-01 1.093450929999999932e+00 9.907325000000000159e-01 0.000000000000000000e+00
2.566663499999999876e-01 4.697897000000000184e-02 8.796070299999999564e-01 1.143980669999999922e+00 9.601748700000000136e-01 0.000000000000000000e+00
2.929327800000000037e-01 5.182657000000000236e-02 8.417466399999999904e-01 1.178827000000000069e+00 6.569983799999999929e-01 0.000000000000000000e+00
4.974268700000000210e-01 4.269424000000000136e-02 6.372041800000000089e-01 1.190275619999999979e+00 6.848601199999999611e-01 0.000000000000000000e+00
3.947454899999999767e-01 4.213477000000000194e-02 6.372744200000000081e-01 9.807049899999999987e-01 8.384518100000000196e-01 0.000000000000000000e+00
3.384679600000000121e-01 4.849549999999999694e-02 6.540853500000000098e-01 8.256880899999999857e-01 6.154881100000000327e-01 0.000000000000000000e+00
3.383739900000000134e-01 4.146865000000000273e-02 7.110699200000000220e-01 9.632991600000000432e-01 8.174422500000000369e-01 0.000000000000000000e+00
1.377484300000000050e-01 5.618574999999999958e-02 8.564947400000000322e-01 8.590898200000000040e-01 8.940772500000000456e-01 0.000000000000000000e+00
3.632302000000000031e-01 4.890255000000000296e-02 6.169724800000000453e-01 1.091627600000000031e+00 6.033036600000000194e-01 0.000000000000000000e+00
2.342477199999999926e-01 3.445804000000000228e-02 8.825180799999999826e-01 8.346429800000000343e-01 7.922711300000000456e-01 0.000000000000000000e+00
1.268384599999999862e-01 2.832689000000000040e-02 7.959178900000000167e-01 8.057742700000000147e-01 7.218138299999999896e-01 0.000000000000000000e+00
3.613852000000000175e-01 4.493889999999999690e-02 8.300763599999999576e-01 1.164071389999999928e+00 6.494125800000000170e-01 0.000000000000000000e+00
4.780989900000000015e-01 7.376559000000000588e-02 8.248937600000000314e-01 1.010692719999999989e+00 7.420927999999999969e-01 0.000000000000000000e+00
1.709517000000000120e-01 2.016157999999999839e-02 8.548322200000000315e-01 8.013264799999999521e-01 8.231917100000000209e-01 0.000000000000000000e+00
3.509606399999999904e-01 6.498083999999999805e-02 7.544725199999999798e-01 1.158246729999999891e+00 9.325801400000000019e-01 0.000000000000000000e+00
2.034902100000000047e-01 5.131343000000000015e-02 7.962584499999999510e-01 1.021299219999999952e+00 6.427652999999999839e-01 0.000000000000000000e+00
2.105976900000000041e-01 6.567623000000000211e-02 6.660551300000000507e-01 9.817144500000000162e-01 6.439453400000000327e-01 0.000000000000000000e+00
2.385881400000000041e-01 6.295960000000000445e-02 5.671947200000000411e-01 1.169885129999999940e+00 9.439895600000000053e-01 0.000000000000000000e+00
1.901560099999999864e-01 4.098662000000000138e-02 7.159692300000000120e-01 9.777069999999999927e-01 8.656717299999999726e-01 0.000000000000000000e+00
1.764089299999999916e-01 3.505570000000000214e-02 8.411471600000000048e-01 8.129524000000000195e-01 9.527912400000000392e-01 0.000000000000000000e+00
3.808476700000000270e-01 3.516985000000000250e-02 5.942717800000000272e-01 1.011138029999999910e+00 8.811789500000000164e-01 0.000000000000000000e+00
1.300878299999999876e-01 3.783436999999999911e-02 5.100988600000000428e-01 1.188836070000000023e+00 6.959291899999999753e-01 0.000000000000000000e+00
3.359927899999999856e-01 4.099379000000000217e-02 6.566989100000000246e-01 9.415005199999999519e-01 8.579449199999999998e-01 0.000000000000000000e+00
2.655759200000000209e-01 5.177994999999999820e-02 5.404018900000000514e-01 1.123366260000000061e+00 7.447102199999999783e-01 0.000000000000000000e+00
4.216676999999999786e-01 5.161194000000000198e-02 8.127441199999999588e-01 1.130509189999999942e+00 6.054023299999999885e-01 0.000000000000000000e+00
4.080586399999999725e-01 6.906748000000000054e-02 8.858995200000000514e-01 1.041494460000000011e+00 7.963105200000000217e-01 0.000000000000000000e+00
4.375688300000000197e-01 2.952273999999999871e-02 8.400176299999999596e-01 9.522957199999999567e-01 9.369990299999999550e-01 0.000000000000000000e+00
2.004972700000000052e-01 6.109847999999999668e-02 8.138778399999999635e-01 9.164999200000000235e-01 8.174118799999999796e-01 0.000000000000000000e+00
3.844796400000000114e-01 5.702456999999999665e-02 8.457376699999999969e-01 8.823862999999999568e-01 7.656751000000000529e-01 0.000000000000000000e+00
3.071997200000000094e-01 5.298027999999999765e-02 5.909762899999999597e-01 1.145935699999999891e+00 8.737958700000000301e-01 0.000000000000000000e+00
1.999985900000000039e-01 7.032074000000000658e-02 5.887440400000000240e-01 8.358617200000000302e-01 8.981010000000000382e-01 0.000000000000000000e+00
3.535164100000000031e-01 7.860553000000000679e-02 8.393605699999999725e-01 1.193172289999999913e+00 9.145242700000000280e-01 0.000000000000000000e+00
1.952432400000000123e-01 3.304052999999999851e-02 5.385818399999999784e-01 1.193915009999999999e+00 9.910878400000000532e-01 0.000000000000000000e+00
3.597609999999999975e-01 6.662128000000000494e-02 7.716313399999999989e-01 1.000703880000000101e+00 8.645269199999999765e-01 0.000000000000000000e+00
3.542362700000000197e-01 2.549651000000000001e-02 5.922463000000000033e-01 8.078694800000000287e-01 7.944165499999999991e-01 0.000000000000000000e+00
1.881996800000000081e-01 5.612317000000000000e-02 8.910680100000000214e-01 1.101569680000000107e+00 8.269306400000000501e-01 0.000000000000000000e+00
2.079941200000000046e-01 3.246485999999999816e-02 7.614308100000000135e-01 1.033496500000000040e+00 6.270521799999999590e-01 0.000000000000000000e+00
3.407451599999999914e-01 5.659738000000000269e-02 5.255341900000000122e-01 9.265873700000000213e-01 8.725908300000000395e-01 0.000000000000000000e+00
4.997694999999999776e-01 2.776949999999999905e-02 8.172934800000000166e-01 9.720514500000000391e-01 6.839489199999999602e-01 0.000000000000000000e+00
4.913828800000000219e-01 6.621341999999999506e-02 7.254363999999999812e-01 9.400398899999999891e-01 8.796532900000000321e-01 0.000000000000000000e+00
2.779477699999999829e-01 4.694443000000000227e-02 5.375158100000000383e-01 1.035027909999999940e+00 8.979998599999999831e-01 0.000000000000000000e+00
3.404775899999999966e-01 5.961255000000000026e-02 6.630060800000000532e-01 1.102165080000000019e+00 6.022270800000000257e-01 0.000000000000000000e+00
4.576999999999999957e-01 5.623000000000000220e-02 7.198999999999999844e-01 9.653000000000000469e-01 7.969000000000000528e-01 4.413925000000000209e-01
3.653232599999999830e-01 7.321587999999999707e-02 5.951158500000000018e-01 1.051468800000000092e+00 7.999850600000000256e-01 0.000000000000000000e+00
1.648665699999999901e-01 4.169400000000000189e-02 6.672188300000000405e-01 8.091831099999999832e-01 7.341126199999999935e-01 0.000000000000000000e+00
3.182150799999999835e-01 3.044068000000000121e-02 7.258552799999999916e-01 1.151336410000000088e+00 8.381480700000000228e-01 0.000000000000000000e+00
4.647800200000000159e-01 2.299906999999999993e-02 6.107739699999999994e-01 8.386885099999999982e-01 8.961350000000000149e-01 0.000000000000000000e+00
3.475842499999999835e-01 6.395262000000000169e-02 5.928792000000000506e-01 1.134389929999999991e+00 6.282159099999999885e-01 0.000000000000000000e+00
4.898646400000000178e-01 2.101549999999999946e-02 5.335580100000000270e-01 1.043123220000000018e+00 9.372759600000000191e-01 0.000000000000000000e+00
1.247227000000000058e-01 2.491714000000000082e-02 8.583425300000000480e-01 1.045888900000000010e+00 8.815891700000000331e-01 0.000000000000000000e+00
4.052899400000000152e-01 2.637507000000000046e-02 7.162390199999999485e-01 1.102346609999999894e+00 8.148828700000000369e-01 0.000000000000000000e+00
2.717035099999999814e-01 2.364977000000000051e-02 8.151758199999999954e-01 1.076975889999999936e+00 7.687823299999999582e-01 0.000000000000000000e+00
1.997932500000000056e-01 2.477048999999999918e-02 7.216313800000000445e-01 9.619702300000000372e-01 6.447345599999999566e-01 0.000000000000000000e+00
2.158639900000000056e-01 6.040014999999999967e-02 7.869356899999999655e-01 8.701829399999999604e-01 7.886511999999999967e-01 0.000000000000000000e+00
2.161293999999999993e-01 3.655652000000000207e-02 7.039468100000000339e-01 1.162678960000000039e+00 6.323590100000000547e-01 0.000000000000000000e+00
1.345000000000000084e-01 6.396999999999999909e-02 8.340999999999999526e-01 1.009300000000000086e+00 9.216999999999999638e-01 1.424124999999999974e-01
3.853688699999999745e-01 4.873341999999999952e-02 6.418141099999999932e-01 8.114090200000000364e-01 8.305555300000000418e-01 0.000000000000000000e+00
2.926232100000000225e-01 7.018749999999999989e-02 7.898085599999999928e-01 1.033997700000000020e+00 6.718825699999999568e-01 0.000000000000000000e+00
2.408442699999999992e-01 6.546311000000000491e-02 7.235704200000000474e-01 1.092424630000000008e+00 9.307230699999999857e-01 0.000000000000000000e+00
2.964999999999999858e-01 3.205000000000000210e-02 7.751000000000000112e-01 1.155299999999999994e+00 6.985000000000000098e-01 7.626475000000000337e-01
2.843735499999999750e-01 6.586989000000000039e-02 6.783780200000000260e-01 9.718455599999999972e-01 9.259546499999999902e-01 0.000000000000000000e+00
2.456404399999999877e-01 5.413946000000000036e-02 8.082323300000000543e-01 1.066208290000000058e+00 9.891511200000000503e-01 0.000000000000000000e+00
2.552989700000000139e-01 5.163377999999999718e-02 5.599004199999999543e-01 1.188588949999999977e+00 6.193788399999999861e-01 0.000000000000000000e+00
4.601144600000000029e-01 3.126331999999999722e-02 8.138894599999999535e-01 1.032364009999999999e+00 6.315018100000000523e-01 0.000000000000000000e+00
4.161461599999999872e-01 5.354855000000000032e-02 8.074848900000000107e-01 8.878066300000000410e-01 9.194033099999999736e-01 0.000000000000000000e+00
4.420186799999999971e-01 3.516611000000000042e-02 7.837253299999999978e-01 1.050484130000000071e+00 7.969889300000000398e-01 0.000000000000000000e+00
1.192381400000000063e-01 4.065806999999999755e-02 6.979045400000000177e-01 1.148662470000000102e+00 9.487619400000000258e-01 0.000000000000000000e+00
3.910750900000000141e-01 5.665247999999999812e-02 5.222109200000000229e-01 1.084109329999999982e+00 8.054475500000000121e-01 0.000000000000000000e+00
4.986999999999999766e-01 6.185000000000000220e-02 8.720999999999999863e-01 9.905000000000000471e-01 7.580999999999999961e-01 1.681525000000000103e-01
4.668644399999999917e-01 3.873095000000000010e-02 5.741594300000000262e-01 1.196260550000000089e+00 9.506431100000000134e-01 0.000000000000000000e+00
4.492443600000000092e-01 5.964408000000000210e-02 6.443479699999999921e-01 9.514856099999999817e-01 7.701041299999999978e-01 0.000000000000000000e+00
4.668518799999999969e-01 5.069951999999999792e-02 6.625521399999999561e-01 8.685709999999999820e-01 7.827020300000000486e-01 0.000000000000000000e+00
3.925994600000000112e-01 7.328996999999999595e-02 8.995327199999999523e-01 1.044482090000000030e+00 6.110977800000000348e-01 0.000000000000000000e+00
3.711728100000000197e-01 5.328390999999999683e-02 5.687193799999999966e-01 1.094650340000000055e+00 6.336033699999999991e-01 0.000000000000000000e+00
2.981760999999999995e-01 4.122023999999999827e-02 5.932072000000000456e-01 9.029904100000000211e-01 9.961361899999999769e-01 0.000000000000000000e+00
2.306006399999999956e-01 5.737799999999999845e-02 6.278905000000000181e-01 1.072967430000000055e+00 9.436508900000000200e-01 0.000000000000000000e+00
1.125949100000000064e-01 7.818005999999999567e-02 5.733601299999999679e-01 8.331910399999999939e-01 6.528168100000000251e-01 0.000000000000000000e+00
1.666999999999999871e-01 3.835000000000000214e-02 6.095000000000000417e-01 1.129499999999999948e+00 8.615000000000000435e-01 5.191075000000000550e-01
4.930999999999999828e-01 6.947000000000000397e-02 5.034999999999999476e-01 8.098999999999999533e-01 6.028999999999999915e-01 4.998024999999999829e-01
2.244991299999999912e-01 3.398964000000000152e-02 6.667035000000000045e-01 8.063808799999999666e-01 7.863725299999999585e-01 0.000000000000000000e+00
1.995559299999999925e-01 4.569431999999999661e-02 6.720886700000000546e-01 1.083918359999999970e+00 9.386371599999999704e-01 0.000000000000000000e+00
1.204858199999999935e-01 6.453854000000000535e-02 5.942192400000000374e-01 8.706283200000000111e-01 8.998123900000000175e-01 0.000000000000000000e+00
2.713148100000000174e-01 6.701688000000000089e-02 8.679118200000000005e-01 1.066242240000000008e+00 8.814537500000000358e-01 0.000000000000000000e+00
1.114243300000000020e-01 7.804825999999999431e-02 6.985182300000000177e-01 1.125313739999999951e+00 8.413982199999999745e-01 0.000000000000000000e+00
2.530219000000000218e-01 2.893087999999999910e-02 7.421031500000000447e-01 1.008599040000000002e+00 7.172929500000000402e-01 0.000000000000000000e+00
1.632651999999999992e-01 2.090405999999999861e-02 5.996516499999999805e-01 8.071469399999999794e-01 9.751092000000000093e-01 0.000000000000000000e+00
4.508484600000000064e-01 7.469180000000000264e-02 8.230573399999999706e-01 1.071973440000000055e+00 9.307748099999999525e-01 0.000000000000000000e+00
3.949410400000000210e-01 2.720768000000000145e-02 5.225030999999999981e-01 8.587682199999999710e-01 6.034962299999999669e-01 0.000000000000000000e+00
2.355694500000000136e-01 6.953934000000000504e-02 5.606943199999999683e-01 9.435555700000000101e-01 6.146702000000000554e-01 0.000000000000000000e+00
3.567603300000000144e-01 5.972121999999999847e-02 5.356307300000000549e-01 9.923567699999999991e-01 9.404107600000000122e-01 0.000000000000000000e+00
4.029167200000000060e-01 6.955756000000000439e-02 8.738993200000000350e-01 9.486685599999999940e-01 8.409650100000000128e-01 0.000000000000000000e+00
1.081905100000000036e-01 6.644646999999999359e-02 6.339380700000000202e-01 1.168420339999999946e+00 9.351125000000000131e-01 0.000000000000000000e+00
1.322923099999999963e-01 2.126445000000000071e-02 6.299245500000000275e-01 9.083276300000000525e-01 7.638442600000000526e-01 0.000000000000000000e+00
1.177908700000000058e-01 2.675042000000000045e-02 7.396161799999999564e-01 1.033853960000000072e+00 6.484570299999999898e-01 0.000000000000000000e+00
2.349725400000000075e-01 2.520365000000000105e-02 6.075666100000000069e-01 8.263984100000000277e-01 7.783550999999999664e-01 0.000000000000000000e+00
3.878217899999999996e-01 6.921816999999999553e-02 6.260392399999999968e-01 8.848557099999999620e-01 7.768332199999999910e-01 0.000000000000000000e+00
2.788370299999999857e-01 6.745130000000000570e-02 6.980764900000000495e-01 1.009860559999999907e+00 6.492339400000000094e-01 0.000000000000000000e+00
4.183359600000000067e-01 6.292923000000000266e-02 7.936497700000000322e-01 9.968021299999999529e-01 6.180015300000000211e-01 0.000000000000000000e+00
4.224644699999999808e-01 6.634795000000000276e-02 7.526642799999999633e-01 8.857388099999999875e-01 7.478180599999999512e-01 0.000000000000000000e+00
2.877817599999999976e-01 6.372986999999999402e-02 7.121335699999999935e-01 1.199080989999999902e+00 7.572367700000000035e-01 0.000000000000000000e+00
3.370352300000000190e-01 5.180989999999999901e-02 6.398926099999999728e-01 1.170887039999999990e+00 6.034149300000000160e-01 0.000000000000000000e+00
3.849353600000000042e-01 7.530990999999999380e-02 8.200423000000000018e-01 9.023769099999999765e-01 8.390503599999999951e-01 0.000000000000000000e+00
4.589948200000000256e-01 3.277217999999999798e-02 6.736217700000000086e-01 9.213467400000000529e-01 8.643327200000000543e-01 0.000000000000000000e+00
4.870563700000000162e-01 4.493077000000000182e-02 6.954905700000000301e-01 1.152538800000000085e+00 7.222597699999999676e-01 0.000000000000000000e+00
1.899311200000000088e-01 2.196634000000000086e-02 8.655615100000000339e-01 8.344400699999999782e-01 8.507570300000000252e-01 0.000000000000000000e+00
4.063131099999999774e-01 4.010255000000000070e-02 5.127474800000000332e-01 9.098717600000000294e-01 6.079157800000000167e-01 0.000000000000000000e+00
1.390717999999999954e-01 7.499648999999999899e-02 8.621179599999999610e-01 1.067685409999999946e+00 6.230373999999999635e-01 0.000000000000000000e+00
3.989711000000000229e-01 4.515543999999999808e-02 5.747948899999999472e-01 1.155860069999999906e+00 6.867331300000000249e-01 0.000000000000000000e+00
4.192014000000000018e-01 5.757310999999999679e-02 6.986276099999999545e-01 8.014221099999999653e-01 7.541679500000000314e-01 0.000000000000000000e+00
1.104687200000000064e-01 4.389140999999999876e-02 6.698254599999999837e-01 8.112847199999999592e-01 8.675717800000000146e-01 0.000000000000000000e+00
1.071741600000000044e-01 6.158476000000000228e-02 7.020343300000000397e-01 9.485759999999999748e-01 8.966585900000000331e-01 0.000000000000000000e+00
4.616748800000000097e-01 6.392987999999999449e-02 8.068354399999999593e-01 1.173893999999999993e+00 7.413513299999999751e-01 0.000000000000000000e+00
1.691934599999999900e-01 3.716143999999999697e-02 6.417495100000000230e-01 8.164046099999999750e-01 7.544947499999999918e-01 0.000000000000000000e+00
3.562195499999999959e-01 6.108087000000000238e-02 8.629705199999999632e-01 8.867937000000000181e-01 6.502920300000000209e-01 0.000000000000000000e+00
3.138106299999999793e-01 2.923542000000000154e-02 7.091057299999999897e-01 1.123083499999999901e+00 8.763674000000000186e-01 0.000000000000000000e+00
4.638246100000000260e-01 3.473389000000000337e-02 6.445250300000000543e-01 1.025561090000000064e+00 6.855958899999999856e-01 0.000000000000000000e+00
1.966529700000000103e-01 2.051431999999999908e-02 8.331461700000000192e-01 9.232286299999999946e-01 8.627602300000000168e-01 0.000000000000000000e+00
1.210295599999999944e-01 6.687166999999999417e-02 8.495603099999999852e-01 1.198728299999999969e+00 7.937156100000000158e-01 0.000000000000000000e+00
1.811000000000000110e-01 5.435000000000000248e-02 6.027000000000000135e-01 9.263000000000000123e-01 6.329000000000000181e-01 7.814575000000000271e-01
3.301166999999999851e-01 5.130388999999999783e-02 6.003566500000000472e-01 8.639986499999999792e-01 9.589580800000000460e-01 0.000000000000000000e+00
4.008838399999999913e-01 4.514308000000000209e-02 5.938422399999999657e-01 9.712939000000000433e-01 9.100912300000000288e-01 0.000000000000000000e+00
3.862797000000000036e-01 7.560008000000000006e-02 8.479299500000000434e-01 1.090985059999999951e+00 9.383047599999999600e-01 0.000000000000000000e+00
4.920665000000000178e-01 3.071112999999999968e-02 8.588685000000000347e-01 1.121021030000000085e+00 7.961990599999999585e-01 0.000000000000000000e+00
3.739729600000000209e-01 5.344783000000000173e-02 7.476074200000000225e-01 1.047191739999999927e+00 9.640216400000000130e-01 0.000000000000000000e+00
2.363400599999999907e-01 4.243720000000000131e-02 8.960464000000000206e-01 8.410397099999999959e-01 8.469872200000000406e-01 0.000000000000000000e+00
2.241275500000000087e-01 7.261278000000000177e-02 8.009900800000000487e-01 1.140186190000000099e+00 8.659229000000000509e-01 0.000000000000000000e+00
1.276926999999999923e-01 3.578992000000000284e-02 6.024987499999999718e-01 9.958610399999999752e-01 9.858459000000000527e-01 0.000000000000000000e+00
1.390967100000000123e-01 4.317494999999999666e-02 6.731525200000000320e-01 9.022367000000000026e-01 7.918964699999999635e-01 0.000000000000000000e+00
4.957978699999999739e-01 7.245899000000000090e-02 8.595068900000000234e-01 1.130836109999999950e+00 7.224302500000000515e-01 0.000000000000000000e+00
1.336052399999999862e-01 6.328664000000000511e-02 5.370203900000000141e-01 8.463703000000000198e-01 7.231653900000000190e-01 0.000000000000000000e+00
2.976641800000000004e-01 4.685857999999999690e-02 7.930785200000000090e-01 1.181669740000000024e+00 6.810931000000000068e-01 0.000000000000000000e+00
2.867913100000000215e-01 6.297961000000000531e-02 7.358569600000000044e-01 9.660624700000000065e-01 7.944368499999999722e-01 0.000000000000000000e+00
4.141660200000000236e-01 5.385397000000000101e-02 6.940827600000000208e-01 9.216430799999999479e-01 6.225591099999999711e-01 0.000000000000000000e+00
2.996966600000000036e-01 2.181220000000000034e-02 5.744845800000000224e-01 8.261240800000000384e-01 9.923835500000000032e-01 0.000000000000000000e+00
1.237371800000000022e-01 3.964318000000000008e-02 6.686977100000000007e-01 1.176927730000000061e+00 9.871033399999999958e-01 0.000000000000000000e+00
2.869039800000000029e-01 2.683628000000000055e-02 8.912720400000000431e-01 1.188342929999999908e+00 8.169831800000000310e-01 0.000000000000000000e+00
4.711864199999999947e-01 4.694741999999999665e-02 5.679643300000000172e-01 9.578686100000000092e-01 9.566670900000000533e-01 0.000000000000000000e+00
4.569981599999999866e-01 4.325185000000000141e-02 6.474850100000000275e-01 1.002370760000000027e+00 7.004407499999999454e-01 0.000000000000000000e+00
4.761691100000000065e-01 4.346011000000000318e-02 7.608206699999999767e-01 8.757129500000000455e-01 7.375895700000000277e-01 0.000000000000000000e+00
3.824539699999999764e-01 7.281261999999999457e-02 5.452106100000000399e-01 1.072622229999999899e+00 6.642963400000000407e-01 0.000000000000000000e+00
1.610895499999999980e-01 3.661644000000000010e-02 6.284876499999999533e-01 9.421559200000000356e-01 8.463226299999999647e-01 0.000000000000000000e+00
3.874349400000000054e-01 2.491871999999999837e-02 7.268964799999999560e-01 8.490586900000000048e-01 8.112578900000000370e-01 0.000000000000000000e+00
2.284433700000000067e-01 2.665201999999999849e-02 6.876252699999999551e-01 9.128079300000000451e-01 7.913274900000000223e-01 0.000000000000000000e+00
4.950516500000000097e-01 3.697903000000000301e-02 6.538793800000000100e-01 9.731174500000000505e-01 6.083441099999999935e-01 0.000000000000000000e+00
4.311918299999999982e-01 5.704145000000000049e-02 8.112833499999999587e-01 1.104054670000000016e+00 9.718291000000000013e-01 0.000000000000000000e+00
1.832761300000000093e-01 3.884781999999999819e-02 6.941138300000000427e-01 9.713443899999999465e-01 8.698334199999999683e-01 0.000000000000000000e+00
1.164769199999999977e-01 2.861750999999999878e-02 8.601529599999999665e-01 1.125662610000000008e+00 9.389490099999999728e-01 0.000000000000000000e+00
1.802207899999999918e-01 4.977199999999999680e-02 8.123957899999999510e-01 9.335194100000000494e-01 6.038111600000000134e-01 0.000000000000000000e+00
3.754105600000000043e-01 3.800925000000000137e-02 8.970147400000000326e-01 1.030275180000000068e+00 7.036242000000000330e-01 0.000000000000000000e+00
3.555154600000000054e-01 4.928848999999999730e-02 6.612232099999999502e-01 9.865107199999999521e-01 6.290697699999999726e-01 0.000000000000000000e+00
2.697616899999999984e-01 3.593323999999999824e-02 8.621759199999999845e-01 1.127498979999999928e+00 9.914009799999999872e-01 0.000000000000000000e+00
1.214999999999999969e-01 6.801000000000000101e-02 5.491000000000000325e-01 8.680999999999999828e-01 8.108999999999999542e-01 1.904274999999999995e-01
3.914243000000000028e-01 2.772339999999999874e-02 7.246308299999999480e-01 8.700033999999999823e-01 6.939558900000000197e-01 0.000000000000000000e+00
2.256395900000000010e-01 5.447310000000000346e-02 7.306277799999999489e-01 1.092104579999999991e+00 6.660786800000000341e-01 0.000000000000000000e+00
4.881043700000000096e-01 2.119282000000000110e-02 8.251530400000000043e-01 9.413652399999999920e-01 7.227120299999999498e-01 0.000000000000000000e+00
4.143405700000000191e-01 6.537413999999999725e-02 5.499724400000000069e-01 8.662791699999999873e-01 6.063214700000000290e-01 0.000000000000000000e+00
2.805834300000000225e-01 5.337509000000000003e-02 6.840393999999999641e-01 9.936133600000000010e-01 7.597323999999999744e-01 0.000000000000000000e+00
3.719669299999999734e-01 5.674850000000000033e-02 5.525663800000000236e-01 8.976273099999999561e-01 7.032573600000000535e-01 0.000000000000000000e+00
1.882420599999999888e-01 4.589574999999999905e-02 5.116249299999999778e-01 1.030266759999999948e+00 7.422170000000000156e-01 0.000000000000000000e+00
1.805729000000000084e-01 4.686279000000000139e-02 6.832807800000000320e-01 1.053828020000000087e+00 8.374956399999999856e-01 0.000000000000000000e+00
2.063975299999999957e-01 3.266423000000000243e-02 5.546674400000000116e-01 8.073469800000000474e-01 6.677755499999999955e-01 0.000000000000000000e+00
2.302298999999999873e-01 4.407851000000000130e-02 5.472897599999999585e-01 8.186387000000000524e-01 8.067895200000000377e-01 0.000000000000000000e+00
3.976767800000000075e-01 2.063407999999999909e-02 5.800192499999999862e-01 1.102679540000000014e+00 9.907695800000000386e-01 0.000000000000000000e+00
2.370788000000000062e-01 2.088804999999999829e-02 5.688939299999999921e-01 1.017102860000000053e+00 6.029716499999999701e-01 0.000000000000000000e+00
4.442608599999999797e-01 5.468632999999999827e-02 8.344333900000000526e-01 9.370517699999999506e-01 9.830650100000000169e-01 0.000000000000000000e+00
3.583276699999999870e-01 4.420957999999999832e-02 8.314398800000000200e-01 8.947383800000000553e-01 7.865737900000000504e-01 0.000000000000000000e+00
3.769167399999999724e-01 5.662223000000000256e-02 8.825766099999999836e-01 9.038227100000000291e-01 7.169233999999999885e-01 0.000000000000000000e+00
4.885917399999999966e-01 4.620629999999999876e-02 6.146318600000000298e-01 1.165319510000000003e+00 8.893353899999999479e-01 0.000000000000000000e+00
4.585348599999999886e-01 4.094126000000000015e-02 6.524010300000000484e-01 1.031848099999999935e+00 6.574487700000000157e-01 0.000000000000000000e+00
2.503611099999999978e-01 3.874451000000000284e-02 7.095341200000000459e-01 1.062449669999999902e+00 8.101849100000000359e-01 0.000000000000000000e+00
4.504607700000000103e-01 5.786754999999999677e-02 7.782045600000000452e-01 9.583421199999999640e-01 8.606909999999999838e-01 0.000000000000000000e+00
4.929432200000000153e-01 2.260385000000000172e-02 6.290396000000000321e-01 8.470365199999999595e-01 6.442306300000000263e-01 0.000000000000000000e+00
1.932772299999999943e-01 6.679303000000000323e-02 6.434017800000000342e-01 1.079593320000000078e+00 7.670068500000000178e-01 0.000000000000000000e+00
1.170999999999999958e-01 5.741000000000000270e-02 5.431000000000000272e-01 9.239000000000000545e-01 6.484999999999999654e-01 3.805074999999999985e-01
2.166048499999999877e-01 2.834659000000000137e-02 8.651365500000000042e-01 1.194596699999999956e+00 9.343569999999999931e-01 0.000000000000000000e+00
2.704772799999999866e-01 5.725751999999999925e-02 6.494571700000000281e-01 1.186789440000000084e+00 7.616543099999999455e-01 0.000000000000000000e+00
4.277000000000000246e-01 4.111000000000000071e-02 5.403000000000000025e-01 8.168999999999999595e-01 7.342999999999999527e-01 3.626874999999999960e-01
4.106948400000000055e-01 4.536405000000000298e-02 5.123810100000000256e-01 1.151313760000000075e+00 8.606692799999999810e-01 0.000000000000000000e+00
4.092813499999999882e-01 5.066505999999999788e-02 8.343470600000000292e-01 1.070489449999999954e+00 9.323863500000000304e-01 0.000000000000000000e+00
2.692999999999999838e-01 5.460999999999999882e-02 7.734999999999999654e-01 8.400999999999999579e-01 9.004999999999999671e-01 6.631525000000000336e-01
4.053440999999999850e-01 2.807979999999999851e-02 5.752101699999999651e-01 9.088272699999999649e-01 9.362935500000000300e-01 0.000000000000000000e+00
1.033363100000000007e-01 6.106078000000000200e-02 7.588840700000000217e-01 9.977939399999999903e-01 8.537339699999999532e-01 0.000000000000000000e+00
2.999512400000000079e-01 5.798286999999999886e-02 7.771379200000000376e-01 8.583420800000000073e-01 6.927931699999999582e-01 0.000000000000000000e+00
4.238045200000000179e-01 4.249394000000000088e-02 7.366749500000000506e-01 9.947765600000000319e-01 8.001480100000000206e-01 0.000000000000000000e+00
3.323892800000000092e-01 6.025372999999999840e-02 5.977306399999999798e-01 1.127827530000000023e+00 9.283703599999999501e-01 0.000000000000000000e+00
1.843954399999999938e-01 7.958010000000000084e-02 8.868260399999999821e-01 9.849178899999999626e-01 7.069855200000000339e-01 0.000000000000000000e+00
4.550906399999999907e-01 5.318454000000000237e-02 8.328683599999999743e-01 9.402810200000000229e-01 7.856456600000000234e-01 0.000000000000000000e+00
1.349620199999999881e-01 2.934555999999999970e-02 5.049608300000000272e-01 8.484760700000000266e-01 6.365527600000000508e-01 0.000000000000000000e+00
3.512788299999999864e-01 5.298678999999999889e-02 6.955337200000000220e-01 1.069131370000000025e+00 9.105789899999999770e-01 0.000000000000000000e+00
3.686205900000000257e-01 3.302200000000000274e-02 8.267745499999999970e-01 1.188860889999999948e+00 7.642574399999999546e-01 0.000000000000000000e+00
4.476999999999999869e-01 4.324999999999999678e-02 5.554999999999999938e-01 1.185899999999999954e+00 8.540999999999999703e-01 3.968424999999999869e-01
1.119767799999999980e-01 7.760656000000000498e-02 5.996241500000000224e-01 1.000102330000000039e+00 6.892373400000000316e-01 0.000000000000000000e+00
3.935021599999999897e-01 5.082691999999999766e-02 5.051339599999999930e-01 1.154077980000000059e+00 8.939408800000000488e-01 0.000000000000000000e+00
4.515295999999999754e-01 5.278911000000000020e-02 6.796184899999999640e-01 1.001320339999999920e+00 9.184885000000000410e-01 0.000000000000000000e+00
1.623534299999999930e-01 5.440998999999999836e-02 5.160455699999999535e-01 8.507134899999999611e-01 7.847648499999999583e-01 0.000000000000000000e+00
4.584981000000000195e-01 2.657133000000000064e-02 7.748506499999999741e-01 1.062743570000000082e+00 9.065365600000000468e-01 0.000000000000000000e+00
2.184875400000000079e-01 3.547470999999999958e-02 8.253333099999999867e-01 9.054771700000000534e-01 9.869774799999999626e-01 0.000000000000000000e+00
3.519926099999999836e-01 5.985946999999999796e-02 8.158013299999999912e-01 9.989264399999999711e-01 8.611007000000000522e-01 0.000000000000000000e+00
2.866513800000000112e-01 4.328028999999999904e-02 8.227374100000000023e-01 8.262304499999999496e-01 8.373666800000000299e-01 0.000000000000000000e+00
4.036566699999999952e-01 7.834642999999999469e-02 6.489493600000000306e-01 9.404976200000000341e-01 8.298810199999999693e-01 0.000000000000000000e+00
4.574360399999999882e-01 4.625750000000000001e-02 5.575973300000000021e-01 1.150273199999999996e+00 7.811935300000000248e-01 0.000000000000000000e+00
1.455434300000000014e-01 5.053525999999999851e-02 6.612751700000000232e-01 1.145791980000000043e+00 6.477528700000000361e-01 0.000000000000000000e+00
4.000048199999999832e-01 5.090178000000000064e-02 6.154625099999999627e-01 1.189776560000000094e+00 6.142485800000000440e-01 0.000000000000000000e+00
1.547418600000000088e-01 3.656083000000000249e-02 5.176168100000000383e-01 1.124138469999999890e+00 9.395707399999999598e-01 0.000000000000000000e+00
2.727671899999999927e-01 4.821641000000000121e-02 7.636823700000000548e-01 8.613071599999999606e-01 9.919542599999999766e-01 0.000000000000000000e+00
2.219898499999999886e-01 7.407845999999999875e-02 8.294760700000000098e-01 8.531710399999999916e-01 9.660954999999999959e-01 0.000000000000000000e+00
2.215000000000000024e-01 4.231000000000000039e-02 8.932999999999999829e-01 9.475000000000000089e-01 8.727000000000000313e-01 1.201374999999999943e-01
3.332999999999999852e-01 6.549000000000000654e-02 6.222999999999999643e-01 8.183000000000000274e-01 7.380999999999999783e-01 5.319774999999999920e-01
4.862602200000000208e-01 4.574823000000000084e-02 7.656339199999999678e-01 1.143361999999999989e+00 8.360395699999999541e-01 0.000000000000000000e+00
1.937657799999999986e-01 7.129588000000000592e-02 8.914568699999999568e-01 8.042177099999999745e-01 7.241045099999999790e-01 0.000000000000000000e+00
4.958318199999999787e-01 2.223007000000000108e-02 8.978838900000000178e-01 1.189170669999999985e+00 6.103657500000000402e-01 0.000000000000000000e+00
3.903733999999999815e-01 2.695407000000000011e-02 8.292461899999999941e-01 8.528760199999999569e-01 7.952791900000000247e-01 0.000000000000000000e+00
2.229372000000000020e-01 4.947904999999999665e-02 5.522597500000000492e-01 1.064946010000000109e+00 8.712753100000000250e-01 0.000000000000000000e+00
4.002999999999999892e-01 6.275000000000000022e-02 7.684999999999999609e-01 1.101900000000000102e+00 6.659000000000000474e-01 3.597175000000000233e-01
2.240521699999999949e-01 3.738869000000000220e-02 7.691099599999999814e-01 9.179057200000000361e-01 7.447190000000000198e-01 0.000000000000000000e+00
4.073005199999999992e-01 2.584414000000000156e-02 8.550246000000000235e-01 1.161595130000000031e+00 6.159724399999999545e-01 0.000000000000000000e+00
1.982467400000000046e-01 2.088353999999999905e-02 7.591272100000000522e-01 1.071274779999999982e+00 9.187505200000000150e-01 0.000000000000000000e+00
2.362695200000000106e-01 4.820536000000000265e-02 7.236561500000000535e-01 8.137548900000000085e-01 7.603513100000000025e-01 0.000000000000000000e+00
3.232270999999999894e-01 4.609494000000000091e-02 5.341833700000000462e-01 1.079171469999999911e+00 7.938192099999999973e-01 0.000000000000000000e+00
2.673520200000000235e-01 2.811088000000000128e-02 5.791764000000000356e-01 1.140203000000000078e+00 7.525797800000000315e-01 0.000000000000000000e+00
3.097825499999999899e-01 3.525579999999999686e-02 8.137067599999999734e-01 8.652313999999999838e-01 9.105885500000000521e-01 0.000000000000000000e+00
2.518400199999999978e-01 5.838499999999999940e-02 7.519550600000000085e-01 1.038670519999999931e+00 8.670915399999999940e-01 0.000000000000000000e+00
3.372039299999999851e-01 3.969616000000000117e-02 8.358145000000000158e-01 1.071188660000000015e+00 6.759434399999999510e-01 0.000000000000000000e+00
2.262944100000000014e-01 2.197680000000000120e-02 6.503260400000000496e-01 8.771797999999999540e-01 7.712585100000000082e-01 0.000000000000000000e+00
1.409644300000000017e-01 4.118162999999999685e-02 7.569729800000000175e-01 8.594246700000000017e-01 7.004323999999999550e-01 0.000000000000000000e+00
1.759233500000000061e-01 2.808652000000000024e-02 6.599642799999999587e-01 8.601710599999999873e-01 9.901267500000000554e-01 0.000000000000000000e+00
1.798262999999999945e-01 7.938327000000000577e-02 5.675829599999999697e-01 9.782429299999999550e-01 6.917898500000000395e-01 0.000000000000000000e+00
4.118999999999999884e-01 4.544999999999999735e-02 6.381000000000000005e-01 9.698999999999999844e-01 6.324999999999999512e-01 2.905750000000000000e-02
1.759000000000000008e-01 5.829000000000000153e-02 5.100999999999999979e-01 1.054300000000000015e+00 7.207000000000000073e-01 1.899325000000000041e-01
3.468004900000000168e-01 2.774336000000000163e-02 7.878905999999999965e-01 1.098177079999999917e+00 6.780577399999999644e-01 0.000000000000000000e+00
2.482557400000000025e-01 6.018269999999999870e-02 6.237098699999999996e-01 1.045473620000000103e+00 7.515260599999999958e-01 0.000000000000000000e+00
3.861480999999999941e-01 3.392607000000000261e-02 8.095460899999999960e-01 1.025924110000000056e+00 8.257535000000000291e-01 0.000000000000000000e+00
2.416999999999999982e-01 3.040999999999999953e-02 7.033000000000000362e-01 1.199899999999999967e+00 8.827000000000000401e-01 5.943475000000000286e-01
1.816721599999999992e-01 5.915680999999999717e-02 5.073229799999999790e-01 1.072201509999999969e+00 7.448816099999999718e-01 0.000000000000000000e+00
1.553219899999999931e-01 4.859709999999999724e-02 5.606668700000000394e-01 8.518118300000000476e-01 9.963058700000000378e-01 0.000000000000000000e+00
1.003520200000000001e-01 7.421131999999999729e-02 6.701283700000000287e-01 1.036621479999999984e+00 6.663979399999999664e-01 0.000000000000000000e+00
3.931617299999999871e-01 3.326197999999999655e-02 6.338010200000000482e-01 9.028967300000000362e-01 9.412951499999999694e-01 0.000000000000000000e+00
1.819208599999999898e-01 4.172609000000000040e-02 5.187193300000000340e-01 9.426385299999999745e-01 8.506640199999999652e-01 0.000000000000000000e+00
4.033600600000000203e-01 5.616485000000000227e-02 8.553152600000000216e-01 9.861531300000000444e-01 8.179243600000000169e-01 0.000000000000000000e+00
2.614807100000000051e-01 7.749619000000000646e-02 8.897350800000000115e-01 9.788642800000000310e-01 9.002606399999999454e-01 0.000000000000000000e+00
2.895262399999999903e-01 7.836239999999999872e-02 6.434719199999999750e-01 8.883844300000000027e-01 9.065852599999999484e-01 0.000000000000000000e+00
1.787090699999999976e-01 6.808838000000000390e-02 6.766866400000000059e-01 1.066660479999999911e+00 6.290166400000000158e-01 0.000000000000000000e+00
2.417651299999999948e-01 2.379194999999999921e-02 6.011309599999999920e-01 1.068486599999999953e+00 7.038983199999999663e-01 0.000000000000000000e+00
4.476371800000000234e-01 6.198416000000000342e-02 8.106253900000000012e-01 9.465272799999999709e-01 6.655496300000000032e-01 0.000000000000000000e+00
2.592694300000000229e-01 2.102031999999999859e-02 5.594235699999999811e-01 9.640290900000000329e-01 8.205525200000000074e-01 0.000000000000000000e+00
1.577275200000000099e-01 3.074462999999999849e-02 7.931578599999999923e-01 8.157106400000000423e-01 6.221335399999999849e-01 0.000000000000000000e+00
4.643241599999999858e-01 6.887123000000000550e-02 5.936274499999999454e-01 1.198732260000000105e+00 8.904234199999999655e-01 0.000000000000000000e+00
1.799546200000000096e-01 6.048039999999999666e-02 6.133618400000000470e-01 8.338043000000000537e-01 6.762052899999999589e-01 0.000000000000000000e+00
1.159624800000000067e-01 6.494002000000000108e-02 5.340824400000000471e-01 9.437246799999999824e-01 8.488147000000000331e-01 0.000000000000000000e+00
2.167189999999999950e-01 6.793551999999999924e-02 6.177360400000000418e-01 9.281315900000000063e-01 9.058203200000000122e-01 0.000000000000000000e+00
3.189773100000000139e-01 4.252887000000000334e-02 6.282189999999999719e-01 8.861834899999999626e-01 8.869057399999999980e-01 0.000000000000000000e+00
3.605478500000000031e-01 2.442344999999999933e-02 8.838353599999999588e-01 1.192171649999999916e+00 7.044354999999999922e-01 0.000000000000000000e+00
3.401077000000000128e-01 5.617267000000000093e-02 7.869755499999999682e-01 1.012670249999999994e+00 6.303729999999999611e-01 0.000000000000000000e+00
3.175678499999999849e-01 5.029559000000000113e-02 5.672406899999999919e-01 9.129446900000000031e-01 8.873753300000000177e-01 0.000000000000000000e+00
3.717334999999999945e-01 3.663022999999999973e-02 8.927196499999999757e-01 8.009172199999999853e-01 9.926304799999999817e-01 0.000000000000000000e+00
1.060015200000000019e-01 2.098942999999999989e-02 5.192652300000000221e-01 8.714550399999999586e-01 9.212868699999999800e-01 0.000000000000000000e+00
2.543954500000000229e-01 6.117104999999999765e-02 6.547106000000000314e-01 1.020308420000000105e+00 7.427112799999999737e-01 0.000000000000000000e+00
4.440248500000000265e-01 5.312752999999999920e-02 5.470003900000000030e-01 1.101750250000000042e+00 7.298398499999999567e-01 0.000000000000000000e+00
3.995719699999999985e-01 5.689651999999999904e-02 7.283753200000000483e-01 1.152712890000000101e+00 7.481984499999999594e-01 0.000000000000000000e+00
4.721507500000000079e-01 5.816745999999999722e-02 7.315551799999999716e-01 1.035518259999999913e+00 6.276975700000000380e-01 0.000000000000000000e+00
1.434536600000000106e-01 3.508416999999999786e-02 5.982136000000000120e-01 8.425552899999999568e-01 6.084511299999999512e-01 0.000000000000000000e+00
2.392502200000000134e-01 5.125774999999999776e-02 5.775078099999999548e-01 9.564494300000000448e-01 7.365815500000000293e-01 0.000000000000000000e+00
1.927255099999999888e-01 6.355824999999999669e-02 6.736434100000000536e-01 9.417179599999999651e-01 7.872484800000000282e-01 0.000000000000000000e+00
2.523132799999999731e-01 3.658480000000000065e-02 6.594267000000000323e-01 1.192840930000000021e+00 9.751236399999999582e-01 0.000000000000000000e+00
4.097962399999999783e-01 3.257899999999999685e-02 6.020516200000000095e-01 8.407887800000000134e-01 7.053540799999999944e-01 0.000000000000000000e+00
2.152241599999999977e-01 4.455684000000000033e-02 7.582876400000000405e-01 1.007321640000000018e+00 7.622073200000000215e-01 0.000000000000000000e+00
2.082620400000000094e-01 2.685215000000000171e-02 5.615614399999999673e-01 8.513498200000000349e-01 9.487336600000000342e-01 0.000000000000000000e+00
2.236087300000000055e-01 2.416696000000000122e-02 7.660708400000000307e-01 1.152513979999999938e+00 6.410519399999999868e-01 0.000000000000000000e+00
3.016467999999999927e-01 5.195613999999999788e-02 5.780551400000000228e-01 1.155384140000000004e+00 6.137900499999999759e-01 0.000000000000000000e+00
3.985241199999999817e-01 7.678743999999999847e-02 7.449115800000000176e-01 8.882138699999999609e-01 9.299864799999999487e-01 0.000000000000000000e+00
1.739287399999999983e-01 3.668653999999999665e-02 8.378232500000000194e-01 9.220492000000000132e-01 6.752439399999999869e-01 0.000000000000000000e+00
4.515648600000000124e-01 4.178703000000000278e-02 7.736775900000000261e-01 9.681018099999999516e-01 6.414057300000000073e-01 0.000000000000000000e+00
3.353451499999999807e-01 4.982204999999999967e-02 8.303792500000000132e-01 1.015436199999999900e+00 9.074848199999999698e-01 0.000000000000000000e+00
1.324763800000000047e-01 5.205400999999999778e-02 6.217161100000000440e-01 1.107957359999999891e+00 7.609353399999999601e-01 0.000000000000000000e+00
4.754062700000000197e-01 4.935086999999999807e-02 7.905127299999999968e-01 1.044549680000000036e+00 6.610394699999999624e-01 0.000000000000000000e+00
1.713675500000000074e-01 6.505576000000000414e-02 5.356148600000000259e-01 8.525411200000000411e-01 8.247810399999999653e-01 0.000000000000000000e+00
3.402724699999999936e-01 4.529277999999999776e-02 8.457103299999999546e-01 1.075342460000000111e+00 8.547207799999999578e-01 0.000000000000000000e+00
3.502058699999999747e-01 2.857111000000000026e-02 6.272682299999999822e-01 9.731471800000000005e-01 8.297440799999999950e-01 0.000000000000000000e+00
1.217946599999999990e-01 3.693297999999999720e-02 7.027070499999999997e-01 8.739248299999999858e-01 9.355212200000000422e-01 0.000000000000000000e+00
1.582404000000000033e-01 2.106086000000000069e-02 8.981147999999999909e-01 9.972852300000000225e-01 7.392123099999999836e-01 0.000000000000000000e+00
3.918408600000000130e-01 3.005914999999999976e-02 8.663912999999999753e-01 1.152455119999999944e+00 7.757883700000000049e-01 0.000000000000000000e+00
4.794385400000000241e-01 5.089317000000000146e-02 7.326743100000000508e-01 8.517807499999999754e-01 7.452178099999999805e-01 0.000000000000000000e+00
2.210790499999999992e-01 6.859827000000000286e-02 5.531890299999999705e-01 9.826832699999999976e-01 7.000434899999999905e-01 0.000000000000000000e+00
4.008683200000000002e-01 3.249691999999999859e-02 7.713860999999999635e-01 1.070622109999999960e+00 9.920155000000000500e-01 0.000000000000000000e+00
3.335207199999999927e-01 2.470195000000000030e-02 5.919235299999999755e-01 1.139195509999999967e+00 7.363612299999999777e-01 0.000000000000000000e+00
2.462999999999999912e-01 5.156999999999999779e-02 8.560999999999999721e-01 9.633000000000000451e-01 6.875000000000000000e-01 8.004250000000000254e-02
2.291396699999999897e-01 3.357264000000000082e-02 6.164076600000000239e-01 8.165998500000000160e-01 6.525178000000000367e-01 0.000000000000000000e+00
3.720498999999999890e-01 4.714517000000000013e-02 7.051902500000000185e-01 1.026470519999999942e+00 7.317457400000000334e-01 0.000000000000000000e+00
3.842122099999999985e-01 5.957810000000000189e-02 7.582078500000000165e-01 1.057595899999999922e+00 9.079200699999999680e-01 0.000000000000000000e+00
4.523119700000000076e-01 6.736208999999999947e-02 8.721337599999999801e-01 8.359526200000000351e-01 9.126976999999999451e-01 0.000000000000000000e+00
3.616589100000000001e-01 7.779716000000000409e-02 8.867952300000000454e-01 9.387307999999999764e-01 8.021536400000000011e-01 0.000000000000000000e+00
1.035566799999999982e-01 4.432293000000000344e-02 6.828268600000000355e-01 1.104023999999999894e+00 7.197923299999999802e-01 0.000000000000000000e+00
2.546567100000000083e-01 5.588681999999999678e-02 5.674330199999999547e-01 1.074964519999999979e+00 6.797166199999999936e-01 0.000000000000000000e+00
1.291794599999999960e-01 7.914472999999999647e-02 8.754116299999999962e-01 9.361523000000000483e-01 8.232757099999999939e-01 0.000000000000000000e+00
1.488095500000000126e-01 2.167352999999999988e-02 8.641102800000000084e-01 1.154406360000000076e+00 6.032595099999999988e-01 0.000000000000000000e+00
3.971131600000000206e-01 5.059479000000000060e-02 7.489696300000000528e-01 1.085865040000000059e+00 7.527044200000000407e-01 0.000000000000000000e+00
1.590610000000000079e-01 3.365997999999999907e-02 7.305758700000000161e-01 1.100357559999999957e+00 9.477235099999999912e-01 0.000000000000000000e+00
4.931539099999999731e-01 2.222065999999999972e-02 5.286776399999999487e-01 9.222280000000000477e-01 8.987103699999999806e-01 0.000000000000000000e+00
3.749803800000000020e-01 4.685249999999999831e-02 6.096765800000000235e-01 9.266656500000000074e-01 9.203327399999999825e-01 0.000000000000000000e+00
1.318817999999999935e-01 7.921221999999999985e-02 5.449017999999999917e-01 1.150069379999999919e+00 6.865942400000000223e-01 0.000000000000000000e+00
2.183589900000000028e-01 7.787057000000000007e-02 6.823443500000000439e-01 9.123322799999999955e-01 8.612656800000000334e-01 0.000000000000000000e+00
2.105335399999999912e-01 2.939788999999999944e-02 6.490438099999999988e-01 1.076144790000000073e+00 7.752513800000000455e-01 0.000000000000000000e+00
2.696232700000000260e-01 4.749458000000000152e-02 7.748113199999999701e-01 1.179077390000000003e+00 8.284070700000000231e-01 0.000000000000000000e+00
2.899598700000000084e-01 5.997547999999999768e-02 6.887747899999999701e-01 8.234522300000000072e-01 7.706010800000000494e-01 0.000000000000000000e+00
4.406037099999999818e-01 3.845661999999999692e-02 5.860917199999999827e-01 1.156520870000000034e+00 6.700513500000000455e-01 0.000000000000000000e+00
4.553394299999999895e-01 4.770511000000000196e-02 8.411870200000000075e-01 1.069892880000000046e+00 8.156586200000000009e-01 0.000000000000000000e+00
3.684676900000000144e-01 2.825294999999999890e-02 6.945414199999999649e-01 1.054942349999999918e+00 8.055590599999999935e-01 0.000000000000000000e+00
2.364520699999999864e-01 7.764285999999999410e-02 7.279354799999999681e-01 1.013368320000000100e+00 7.636500999999999983e-01 0.000000000000000000e+00
3.363400500000000015e-01 7.308636000000000299e-02 5.791098700000000266e-01 1.190294149999999940e+00 9.053176899999999527e-01 0.000000000000000000e+00
2.533767199999999997e-01 3.471839000000000175e-02 8.829261999999999944e-01 1.115963629999999984e+00 7.252314600000000500e-01 0.000000000000000000e+00
2.844338699999999776e-01 3.394940999999999931e-02 6.208181499999999575e-01 8.685820600000000447e-01 9.671965599999999830e-01 0.000000000000000000e+00
2.117508800000000024e-01 4.879011999999999932e-02 7.890796199999999816e-01 9.106020200000000120e-01 7.006038100000000490e-01 0.000000000000000000e+00
1.756888400000000128e-01 7.576847999999999916e-02 6.528387700000000127e-01 1.051319550000000103e+00 9.223201800000000450e-01 0.000000000000000000e+00
2.636288900000000046e-01 7.689081999999999861e-02 7.216858900000000521e-01 8.656782800000000222e-01 8.318055600000000549e-01 0.000000000000000000e+00
2.398680900000000060e-01 7.175122999999999918e-02 6.861710399999999543e-01 1.048323230000000050e+00 8.793990900000000499e-01 0.000000000000000000e+00
1.854139999999999955e-01 6.852067000000000574e-02 6.635145300000000468e-01 9.734500600000000059e-01 9.828500500000000306e-01 0.000000000000000000e+00
1.356800900000000032e-01 5.139089000000000157e-02 6.168295400000000095e-01 8.261177400000000448e-01 6.219260100000000291e-01 0.000000000000000000e+00
2.516510499999999873e-01 6.036431999999999909e-02 6.299642300000000139e-01 8.993932900000000119e-01 8.439296699999999651e-01 0.000000000000000000e+00
1.980999999999999983e-01 3.989000000000000185e-02 7.876999999999999558e-01 8.216999999999999860e-01 7.348999999999999977e-01 7.725475000000000536e-01
4.468454099999999984e-01 2.977033000000000110e-02 6.086088200000000503e-01 8.829109699999999616e-01 6.156843499999999914e-01 0.000000000000000000e+00
2.735623999999999834e-01 4.923961999999999783e-02 8.913179199999999858e-01 1.019730470000000055e+00 6.402715799999999513e-01 0.000000000000000000e+00
3.802706699999999773e-01 6.748655000000000626e-02 8.836549299999999496e-01 8.956824799999999476e-01 7.577664600000000306e-01 0.000000000000000000e+00
3.510011199999999998e-01 4.397010999999999975e-02 6.125065100000000040e-01 9.637324299999999733e-01 8.668727200000000410e-01 0.000000000000000000e+00
4.778075900000000042e-01 2.129135999999999876e-02 7.491560200000000336e-01 1.024213189999999996e+00 7.911728700000000281e-01 0.000000000000000000e+00
1.574918399999999941e-01 7.729843999999999604e-02 6.269724800000000542e-01 1.011723350000000021e+00 7.753898399999999969e-01 0.000000000000000000e+00
1.836100800000000088e-01 2.795011000000000023e-02 7.917103500000000071e-01 8.543567100000000192e-01 8.115723799999999821e-01 0.000000000000000000e+00
3.325296400000000152e-01 2.734193999999999861e-02 7.406858699999999684e-01 1.133854099999999976e+00 8.042455200000000470e-01 0.000000000000000000e+00
2.934656600000000171e-01 4.904508999999999952e-02 5.046794300000000399e-01 8.958007799999999632e-01 6.023468499999999892e-01 0.000000000000000000e+00
1.716999999999999915e-01 4.521000000000000019e-02 7.275000000000000355e-01 1.160700000000000065e+00 7.358999999999999986e-01 2.909125000000000183e-01
1.070484200000000052e-01 2.636439999999999964e-02 8.716156200000000354e-01 1.121649340000000050e+00 7.178865100000000332e-01 0.000000000000000000e+00
1.218745600000000068e-01 7.840579999999999772e-02 7.795736800000000466e-01 9.020875800000000000e-01 9.943959199999999887e-01 0.000000000000000000e+00
4.359490200000000204e-01 3.903271999999999992e-02 7.405518500000000115e-01 1.127014329999999953e+00 8.482968300000000017e-01 0.000000000000000000e+00
2.623179299999999770e-01 3.019082999999999836e-02 8.073226700000000200e-01 1.108839799999999931e+00 7.610382700000000167e-01 0.000000000000000000e+00
1.559816199999999875e-01 5.688804000000000083e-02 7.520802300000000162e-01 8.294903500000000429e-01 6.064745900000000356e-01 0.000000000000000000e+00
3.460769899999999732e-01 5.550857000000000013e-02 6.444670300000000518e-01 1.166522669999999984e+00 9.031819800000000509e-01 0.000000000000000000e+00
3.958423400000000147e-01 7.753263000000000515e-02 8.970760599999999529e-01 8.508486400000000449e-01 9.865696900000000547e-01 0.000000000000000000e+00
2.493987000000000009e-01 3.469715000000000299e-02 7.180539799999999806e-01 9.754790100000000352e-01 8.134150700000000178e-01 0.000000000000000000e+00
2.668504800000000010e-01 2.332066000000000000e-02 8.502599499999999866e-01 1.111791210000000030e+00 7.200791500000000012e-01 0.000000000000000000e+00
2.068763399999999919e-01 2.953439999999999885e-02 8.670024200000000514e-01 1.028295329999999952e+00 8.208126500000000325e-01 0.000000000000000000e+00
4.532565100000000013e-01 7.342501999999999363e-02 5.484207700000000019e-01 9.030220700000000100e-01 7.537745000000000140e-01 0.000000000000000000e+00
2.043943000000000010e-01 5.889421999999999713e-02 5.388506800000000263e-01 1.058498259999999913e+00 6.921664800000000284e-01 0.000000000000000000e+00
2.140098500000000015e-01 4.079125000000000112e-02 8.985917300000000330e-01 9.438806400000000485e-01 7.249802699999999822e-01 0.000000000000000000e+00
4.345491899999999741e-01 3.718749999999999833e-02 6.056057599999999930e-01 1.094322350000000110e+00 7.885041200000000305e-01 0.000000000000000000e+00
2.097825399999999896e-01 7.910320999999999325e-02 5.111134699999999587e-01 1.115952920000000015e+00 8.432834399999999953e-01 0.000000000000000000e+00
3.120999999999999885e-01 4.750999999999999668e-02 7.846999999999999531e-01 1.110700000000000021e+00 9.665000000000000258e-01 8.364025000000000487e-01
1.274013200000000123e-01 5.837347999999999842e-02 5.265763300000000369e-01 9.827220300000000242e-01 9.349197900000000283e-01 0.000000000000000000e+00
2.194657999999999887e-01 4.940113000000000143e-02 7.327195899999999762e-01 1.017484449999999985e+00 7.264000499999999638e-01 0.000000000000000000e+00
4.274013300000000237e-01 2.714936999999999906e-02 8.482125799999999938e-01 1.036688709999999958e+00 8.174567900000000442e-01 0.000000000000000000e+00
1.253747500000000070e-01 5.255920000000000036e-02 6.317846499999999477e-01 8.011479299999999526e-01 8.022191300000000025e-01 0.000000000000000000e+00
1.203549800000000003e-01 4.445472999999999786e-02 5.577892700000000037e-01 8.119028299999999643e-01 9.860956400000000510e-01 0.000000000000000000e+00
4.432332800000000073e-01 3.255982999999999794e-02 5.526365600000000544e-01 9.073470999999999620e-01 8.856749999999999901e-01 0.000000000000000000e+00
4.792053700000000194e-01 5.144917000000000240e-02 5.050434799999999891e-01 9.177732800000000246e-01 6.605332499999999607e-01 0.000000000000000000e+00
3.194200300000000214e-01 7.134020000000000639e-02 5.076642599999999783e-01 1.031927279999999891e+00 9.280040000000000511e-01 0.000000000000000000e+00
1.937160500000000007e-01 4.922804000000000069e-02 5.205940900000000093e-01 8.276743100000000242e-01 6.196344700000000483e-01 0.000000000000000000e+00
4.050983699999999854e-01 7.105923000000000100e-02 5.991660399999999553e-01 1.076335760000000086e+00 6.686521600000000509e-01 0.000000000000000000e+00
1.972309999999999897e-01 5.688349999999999657e-02 8.026064200000000426e-01 9.194753900000000035e-01 9.775208499999999967e-01 0.000000000000000000e+00
3.342358599999999957e-01 3.818983000000000100e-02 6.943871400000000138e-01 8.560066499999999801e-01 8.796651800000000465e-01 0.000000000000000000e+00
3.320663699999999996e-01 3.295084999999999681e-02 5.410099600000000120e-01 9.500461900000000126e-01 7.200632799999999722e-01 0.000000000000000000e+00
2.087362200000000001e-01 2.278329999999999939e-02 8.156890599999999658e-01 8.672467099999999762e-01 8.355694999999999650e-01 0.000000000000000000e+00
4.336721900000000129e-01 6.231061000000000238e-02 8.675710199999999706e-01 1.025382449999999945e+00 6.897714999999999819e-01 0.000000000000000000e+00
4.510245600000000188e-01 5.626853999999999884e-02 6.133098099999999553e-01 1.077071380000000023e+00 7.422465200000000207e-01 0.000000000000000000e+00
3.458999999999999853e-01 4.952999999999999764e-02 5.868999999999999773e-01 8.453000000000000513e-01 6.541000000000000147e-01 8.799624999999999808e-01
4.229817200000000055e-01 2.920023000000000063e-02 7.779354299999999833e-01 9.739510300000000509e-01 9.458081999999999878e-01 0.000000000000000000e+00
2.649957399999999796e-01 6.387510999999999883e-02 5.817294100000000023e-01 8.510640400000000216e-01 7.881642800000000504e-01 0.000000000000000000e+00
4.127156300000000000e-01 3.286486999999999742e-02 6.616160399999999608e-01 1.165571670000000060e+00 9.812702899999999895e-01 0.000000000000000000e+00
1.602483000000000102e-01 4.256858000000000170e-02 8.578350300000000539e-01 1.014970090000000047e+00 9.944977299999999687e-01 0.000000000000000000e+00
3.373150100000000262e-01 7.507321000000000133e-02 5.372070599999999585e-01 9.573550699999999747e-01 6.697609900000000005e-01 0.000000000000000000e+00
4.618096099999999815e-01 4.017122000000000054e-02 5.600013299999999639e-01 8.279465700000000483e-01 9.739356000000000124e-01 0.000000000000000000e+00
4.943641899999999811e-01 4.297484000000000026e-02 7.539192700000000302e-01 1.017608759999999890e+00 7.630229099999999987e-01 0.000000000000000000e+00
2.645977400000000257e-01 5.372342000000000090e-02 5.947887299999999877e-01 9.305210699999999502e-01 8.802721500000000310e-01 0.000000000000000000e+00
2.858999999999999875e-01 6.133000000000000257e-02 5.875000000000000222e-01 9.576999999999999957e-01 7.789000000000000368e-01 6.596874999999999822e-01
4.837000000000000188e-01 6.922999999999999987e-02 5.342999999999999972e-01 8.677000000000000268e-01 6.552999999999999936e-01 9.878725000000000422e-01
4.298332699999999895e-01 2.472535999999999831e-02 5.232899399999999535e-01 9.883061899999999733e-01 6.921162199999999487e-01 0.000000000000000000e+00
4.235952900000000132e-01 2.500201000000000159e-02 7.679397300000000426e-01 1.162191509999999983e+00 7.345699799999999557e-01 0.000000000000000000e+00
1.044105599999999995e-01 2.166898999999999909e-02 7.155765499999999779e-01 1.094486089999999967e+00 9.870102400000000387e-01 0.000000000000000000e+00
3.967535999999999841e-01 3.015394000000000060e-02 8.060637499999999678e-01 1.036488990000000054e+00 7.255715799999999938e-01 0.000000000000000000e+00
3.478179900000000213e-01 3.822207999999999856e-02 7.101941099999999896e-01 1.132019619999999893e+00 7.927027300000000221e-01 0.000000000000000000e+00
2.177921499999999899e-01 3.057738000000000123e-02 8.478624599999999845e-01 1.041076230000000047e+00 7.910296900000000075e-01 0.000000000000000000e+00
4.065867899999999757e-01 2.097813000000000108e-02 6.685879500000000419e-01 8.529315699999999723e-01 6.240923900000000524e-01 0.000000000000000000e+00
2.109000000000000041e-01 6.604999999999999760e-02 8.101000000000000423e-01 9.112999999999999989e-01 7.417000000000000259e-01 3.057624999999999926e-01
4.746122799999999975e-01 2.435721999999999887e-02 6.531732700000000280e-01 8.894685700000000139e-01 8.534763300000000052e-01 0.000000000000000000e+00
2.106614099999999934e-01 2.485091999999999857e-02 6.796304899999999760e-01 9.482516899999999804e-01 7.325724399999999914e-01 0.000000000000000000e+00
2.638177800000000017e-01 6.829639999999999322e-02 7.507139699999999527e-01 1.106754969999999894e+00 8.760407000000000055e-01 0.000000000000000000e+00
2.420139299999999882e-01 5.215575000000000072e-02 8.810148500000000160e-01 9.755874300000000332e-01 8.606205700000000292e-01 0.000000000000000000e+00
4.052180100000000174e-01 4.708538000000000306e-02 6.311497099999999749e-01 8.532680499999999446e-01 9.457150899999999805e-01 0.000000000000000000e+00
2.467733000000000010e-01 2.356228000000000142e-02 7.519082799999999844e-01 9.182915099999999775e-01 9.071508200000000244e-01 0.000000000000000000e+00
2.113130199999999903e-01 4.482494000000000062e-02 8.058442099999999497e-01 8.615335100000000024e-01 7.810326699999999844e-01 0.000000000000000000e+00
3.329900499999999819e-01 4.577061999999999797e-02 8.393544200000000455e-01 8.172474299999999969e-01 8.302639699999999623e-01 0.000000000000000000e+00
1.062953100000000040e-01 4.108247999999999761e-02 8.822704799999999681e-01 1.118374779999999902e+00 7.792461299999999813e-01 0.000000000000000000e+00
4.447364100000000264e-01 7.783768000000000631e-02 7.955126999999999615e-01 9.048918500000000531e-01 6.818473900000000532e-01 0.000000000000000000e+00
2.323578400000000099e-01 4.498843000000000286e-02 7.085773699999999842e-01 1.015852999999999895e+00 6.766344399999999482e-01 0.000000000000000000e+00
1.023000000000000020e-01 6.893000000000000516e-02 5.004999999999999449e-01 1.006299999999999972e+00 9.274999999999999911e-01 2.334924999999999917e-01
3.849653699999999734e-01 7.982857000000000147e-02 6.522502399999999811e-01 8.413229399999999636e-01 7.788038299999999747e-01 0.000000000000000000e+00
1.549204200000000031e-01 7.820831999999999784e-02 8.163913499999999601e-01 8.098165999999999976e-01 9.084744500000000444e-01 0.000000000000000000e+00
3.997674700000000136e-01 7.199961000000000555e-02 8.180961599999999612e-01 1.086757540000000022e+00 9.070310099999999709e-01 0.000000000000000000e+00
4.385562900000000153e-01 4.379947000000000007e-02 5.789294200000000279e-01 1.100408859999999933e+00 9.383173700000000395e-01 0.000000000000000000e+00
2.935618300000000236e-01 5.633558000000000315e-02 6.287447999999999926e-01 8.827694499999999556e-01 6.518142199999999997e-01 0.000000000000000000e+00
1.948453900000000072e-01 7.640726000000000462e-02 5.913205099999999659e-01 1.161313320000000093e+00 6.538085300000000544e-01 0.000000000000000000e+00
4.571084699999999890e-01 5.334923999999999916e-02 7.943025099999999616e-01 9.987084299999999804e-01 9.834879399999999494e-01 0.000000000000000000e+00
2.059085200000000115e-01 4.525723000000000246e-02 8.407221999999999751e-01 1.154358269999999909e+00 8.316914600000000490e-01 0.000000000000000000e+00
4.825267799999999885e-01 4.881656000000000190e-02 5.867980200000000313e-01 8.802037900000000414e-01 8.918532599999999810e-01 0.000000000000000000e+00
