9.049999713897705078e-02 4.833333194255828857e-01 7.455000281333923340e-01 7.850000262260437012e-02 4.185000061988830566e-01 5.044999718666076660e-01 7.840668410062789917e-02 4.830401241779327393e-01 7.679113149642944336e-01 1.784578263759613037e-01 4.200080931186676025e-01 5.558199286460876465e-01
5.615000128746032715e-01 4.833333194255828857e-01 1.655000001192092896e-01 5.494999885559082031e-01 2.685000002384185791e-01 9.564999938011169434e-01 5.234637260437011719e-01 4.829773902893066406e-01 1.149980202317237854e-01 6.908988952636718750e-01 2.902046442031860352e-01 7.217779755592346191e-01
3.964999914169311523e-01 4.833333194255828857e-01 5.404999852180480957e-01 9.235000014305114746e-01 4.284999966621398926e-01 6.305000185966491699e-01 4.478385448455810547e-01 4.823668301105499268e-01 4.892351627349853516e-01 8.711979389190673828e-01 4.425690472126007080e-01 6.079164743423461914e-01
7.074999809265136719e-01 4.833333194255828857e-01 4.835000038146972656e-01 9.574999809265136719e-01 9.794999957084655762e-01 1.955000013113021851e-01 6.906303763389587402e-01 4.830135405063629150e-01 5.885914564132690430e-01 8.328205347061157227e-01 9.097734689712524414e-01 5.991662740707397461e-01
2.554999887943267822e-01 4.833333194255828857e-01 3.649999946355819702e-02 3.774999976158142090e-01 8.255000114440917969e-01 2.224999964237213135e-01 3.009468913078308105e-01 4.823576807975769043e-01 2.171771675348281860e-01 1.607160568237304688e-01 8.251419663429260254e-01 3.705725669860839844e-01
8.324999809265136719e-01 4.833333194255828857e-01 9.704999923706054688e-01 7.695000171661376953e-01 2.824999988079071045e-01 3.249999880790710449e-02 8.186191916465759277e-01 4.846202433109283447e-01 8.466975092887878418e-01 8.634710311889648438e-01 2.287977039813995361e-01 4.245380163192749023e-01
1.424999982118606567e-01 4.833333194255828857e-01 1.644999980926513672e-01 7.150000333786010742e-02 7.850000262260437012e-02 7.615000009536743164e-01 1.120521575212478638e-01 4.815252423286437988e-01 1.786834299564361572e-01 1.357098370790481567e-01 9.624633193016052246e-02 7.484904527664184570e-01
2.854999899864196777e-01 4.833333194255828857e-01 4.884999990463256836e-01 9.455000162124633789e-01 3.725000023841857910e-01 1.185000017285346985e-01 2.905496060848236084e-01 4.819172322750091553e-01 4.623619019985198975e-01 8.812671303749084473e-01 3.905130028724670410e-01 3.372799754142761230e-01
7.249999791383743286e-02 4.833333194255828857e-01 6.424999833106994629e-01 5.095000267028808594e-01 5.174999833106994629e-01 6.614999771118164062e-01 6.676705926656723022e-02 4.822568893432617188e-01 7.396438717842102051e-01 5.518004894256591797e-01 5.112723708152770996e-01 7.104391455650329590e-01
8.134999871253967285e-01 4.833333194255828857e-01 3.255000114440917969e-01 7.574999928474426270e-01 2.675000131130218506e-01 4.765000045299530029e-01 7.863377332687377930e-01 4.844934046268463135e-01 3.309514522552490234e-01 8.252978324890136719e-01 2.720066606998443604e-01 5.834140181541442871e-01
6.474999785423278809e-01 4.833333194255828857e-01 5.485000014305114746e-01 7.615000009536743164e-01 9.804999828338623047e-01 6.065000295639038086e-01 6.072028279304504395e-01 4.826365709304809570e-01 6.577296853065490723e-01 7.094820141792297363e-01 9.501802325248718262e-01 6.534467935562133789e-01
4.149999842047691345e-02 4.833333194255828857e-01 2.950000017881393433e-02 1.515000015497207642e-01 9.950000047683715820e-02 8.834999799728393555e-01 3.799578920006752014e-02 4.793075621128082275e-01 4.233499616384506226e-02 2.135381251573562622e-01 1.222788915038108826e-01 8.909335732460021973e-01
8.594999909400939941e-01 4.833333194255828857e-01 3.815000057220458984e-01 7.375000119209289551e-01 7.375000119209289551e-01 5.845000147819519043e-01 8.504019379615783691e-01 4.844554662704467773e-01 6.310887932777404785e-01 5.720384120941162109e-01 7.432800531387329102e-01 5.610197782516479492e-01
9.424999952316284180e-01 4.833333194255828857e-01 5.444999933242797852e-01 6.184999942779541016e-01 2.865000069141387939e-01 6.905000209808349609e-01 8.792426586151123047e-01 4.850341975688934326e-01 6.690708398818969727e-01 6.728785634040832520e-01 2.761324644088745117e-01 5.267536640167236328e-01
6.215000152587890625e-01 4.833333194255828857e-01 1.455000042915344238e-01 6.834999918937683105e-01 8.874999880790710449e-01 8.345000147819519043e-01 5.690985321998596191e-01 4.826244711875915527e-01 2.363779246807098389e-01 6.415839791297912598e-01 9.121266603469848633e-01 8.210306167602539062e-01
1.850000023841857910e-02 4.833333194255828857e-01 6.604999899864196777e-01 7.524999976158142090e-01 1.764999926090240479e-01 4.544999897480010986e-01 3.159744292497634888e-02 4.824375808238983154e-01 7.833791375160217285e-01 8.062536716461181641e-01 1.463338285684585571e-01 4.948020577430725098e-01
6.744999885559082031e-01 4.833333194255828857e-01 7.235000133514404297e-01 5.499999970197677612e-03 4.174999892711639404e-01 8.274999856948852539e-01 6.411964893341064453e-01 4.836881756782531738e-01 7.104343771934509277e-01 1.477000266313552856e-01 4.551936984062194824e-01 5.225632786750793457e-01
6.044999957084655762e-01 4.833333194255828857e-01 8.355000019073486328e-01 4.074999988079071045e-01 8.625000119209289551e-01 9.045000076293945312e-01 6.016629934310913086e-01 4.830699265003204346e-01 7.235618233680725098e-01 4.443883001804351807e-01 9.238370656967163086e-01 7.565828561782836914e-01
3.064999878406524658e-01 4.833333194255828857e-01 5.895000100135803223e-01 6.255000233650207520e-01 6.115000247955322266e-01 1.005000025033950806e-01 3.458878695964813232e-01 4.826521873474121094e-01 5.326274633407592773e-01 5.671512484550476074e-01 6.041153669357299805e-01 4.635076224803924561e-01
1.634999960660934448e-01 4.833333194255828857e-01 5.954999923706054688e-01 4.894999861717224121e-01 4.584999978542327881e-01 5.605000257492065430e-01 1.737574487924575806e-01 4.826792478561401367e-01 6.116076111793518066e-01 4.985681772232055664e-01 4.759881794452667236e-01 6.062917113304138184e-01
9.474999904632568359e-01 4.833333194255828857e-01 8.845000267028808594e-01 3.294999897480010986e-01 5.605000257492065430e-01 2.549999952316284180e-02 9.292390346527099609e-01 4.852889776229858398e-01 7.978757023811340332e-01 3.295223116874694824e-01 5.318613648414611816e-01 4.541575610637664795e-01
3.134999871253967285e-01 4.833333194255828857e-01 5.745000243186950684e-01 2.685000002384185791e-01 8.725000023841857910e-01 3.950000181794166565e-02 3.766774237155914307e-01 4.832975864410400391e-01 5.138633251190185547e-01 1.715296953916549683e-01 8.665556311607360840e-01 2.737274765968322754e-01
6.825000047683715820e-01 4.833333194255828857e-01 8.895000219345092773e-01 5.414999723434448242e-01 9.955000281333923340e-01 3.434999883174896240e-01 7.180425524711608887e-01 4.834009706974029541e-01 7.731843590736389160e-01 5.848613381385803223e-01 9.499629735946655273e-01 6.811239123344421387e-01
2.134999930858612061e-01 4.833333194255828857e-01 7.914999723434448242e-01 5.345000028610229492e-01 6.455000042915344238e-01 7.634999752044677734e-01 2.525924742221832275e-01 4.830200374126434326e-01 7.660271525382995605e-01 4.966693222522735596e-01 6.896319389343261719e-01 5.814998149871826172e-01
8.995000123977661133e-01 4.833333194255828857e-01 8.445000052452087402e-01 9.514999985694885254e-01 4.814999997615814209e-01 2.205000072717666626e-01 8.633289933204650879e-01 4.844971597194671631e-01 8.638272285461425781e-01 9.111176133155822754e-01 4.595925509929656982e-01 5.140286684036254883e-01
3.115000128746032715e-01 4.833333194255828857e-01 2.304999977350234985e-01 2.384999990463256836e-01 1.225000023841857910e-01 4.450000077486038208e-02 3.389184772968292236e-01 4.833214282989501953e-01 1.787728071212768555e-01 2.061975300312042236e-01 1.074815616011619568e-01 2.293221801519393921e-01
6.725000143051147461e-01 4.833333194255828857e-01 5.345000028610229492e-01 3.950000181794166565e-02 1.194999963045120239e-01 4.494999945163726807e-01 6.624805331230163574e-01 4.844513237476348877e-01 5.300521254539489746e-01 1.668043285608291626e-01 1.037233769893646240e-01 5.428343415260314941e-01
4.634999930858612061e-01 4.833333194255828857e-01 1.194999963045120239e-01 2.314999997615814209e-01 1.504999995231628418e-01 1.714999973773956299e-01 4.962697327136993408e-01 4.840344786643981934e-01 1.279185712337493896e-01 1.045487746596336365e-01 1.259205639362335205e-01 3.052865564823150635e-01
3.535000085830688477e-01 4.833333194255828857e-01 7.254999876022338867e-01 3.244999945163726807e-01 5.375000238418579102e-01 2.454999983310699463e-01 3.627267479896545410e-01 4.830215275287628174e-01 6.910091638565063477e-01 3.094368577003479004e-01 5.354963541030883789e-01 4.604463577270507812e-01
8.815000057220458984e-01 4.833333194255828857e-01 1.305000036954879761e-01 9.674999713897705078e-01 1.254999935626983643e-01 7.074999809265136719e-01 8.862479329109191895e-01 4.855016469955444336e-01 1.288934201002120972e-01 9.245493412017822266e-01 1.099259108304977417e-01 5.778844952583312988e-01
2.425000071525573730e-01 4.833333194255828857e-01 6.784999966621398926e-01 6.284999847412109375e-01 9.215000271797180176e-01 9.804999828338623047e-01 2.256117612123489380e-01 4.816218316555023193e-01 6.845358014106750488e-01 6.967941522598266602e-01 9.502500891685485840e-01 8.718914389610290527e-01
1.404999941587448120e-01 4.833333194255828857e-01 3.264999985694885254e-01 6.884999871253967285e-01 5.954999923706054688e-01 2.045000046491622925e-01 1.366508603096008301e-01 4.815477430820465088e-01 2.919503748416900635e-01 6.820758581161499023e-01 5.964344143867492676e-01 4.056833386421203613e-01
3.255000114440917969e-01 4.833333194255828857e-01 2.205000072717666626e-01 7.254999876022338867e-01 4.424999952316284180e-01 7.624999880790710449e-01 3.396020233631134033e-01 4.816358983516693115e-01 2.489816546440124512e-01 7.958890795707702637e-01 4.478650987148284912e-01 7.081141471862792969e-01
6.125000119209289551e-01 4.833333194255828857e-01 5.425000190734863281e-01 7.344999909400939941e-01 2.125000059604644775e-01 2.354999929666519165e-01 6.472595334053039551e-01 4.839792549610137939e-01 4.301691353321075439e-01 7.488687634468078613e-01 1.793916076421737671e-01 5.162156820297241211e-01
1.950000040233135223e-02 4.833333194255828857e-01 9.984999895095825195e-01 6.685000061988830566e-01 8.134999871253967285e-01 8.215000033378601074e-01 4.767526313662528992e-02 4.823547303676605225e-01 9.130941629409790039e-01 7.446566224098205566e-01 8.942806124687194824e-01 7.977345585823059082e-01
9.635000228881835938e-01 4.833333194255828857e-01 8.084999918937683105e-01 8.544999957084655762e-01 8.945000171661376953e-01 6.395000219345092773e-01 9.041997194290161133e-01 4.844763875007629395e-01 8.967925310134887695e-01 8.274383544921875000e-01 8.884263038635253906e-01 6.138451099395751953e-01
4.095000028610229492e-01 4.833333194255828857e-01 5.005000233650207520e-01 4.774999916553497314e-01 8.995000123977661133e-01 5.634999871253967285e-01 3.895412087440490723e-01 4.820472300052642822e-01 3.889081776142120361e-01 5.979984998703002930e-01 8.983914256095886230e-01 7.378833293914794922e-01
6.065000295639038086e-01 4.833333194255828857e-01 6.049999967217445374e-02 9.344999790191650391e-01 7.505000233650207520e-01 7.394999861717224121e-01 6.036132574081420898e-01 4.827616810798645020e-01 1.451662182807922363e-01 8.401108980178833008e-01 7.821820378303527832e-01 7.822803854942321777e-01
2.675000131130218506e-01 4.833333194255828857e-01 8.725000023841857910e-01 8.749999850988388062e-02 3.804999887943267822e-01 2.499999944120645523e-03 2.458829581737518311e-01 4.837712645530700684e-01 8.399522304534912109e-01 1.282132714986801147e-01 4.044306874275207520e-01 1.796595603227615356e-01
5.465000271797180176e-01 4.833333194255828857e-01 5.465000271797180176e-01 7.854999899864196777e-01 7.214999794960021973e-01 4.104999899864196777e-01 5.582933425903320312e-01 4.827865660190582275e-01 4.683578610420227051e-01 7.820338606834411621e-01 7.303119301795959473e-01 4.626567065715789795e-01
5.454999804496765137e-01 4.833333194255828857e-01 9.344999790191650391e-01 2.885000109672546387e-01 4.465000033378601074e-01 1.315000057220458984e-01 6.152244210243225098e-01 4.835758805274963379e-01 8.195991516113281250e-01 2.043938040733337402e-01 4.373762607574462891e-01 3.630836308002471924e-01
2.374999970197677612e-01 4.833333194255828857e-01 8.974999785423278809e-01 3.984999954700469971e-01 7.235000133514404297e-01 3.504999876022338867e-01 3.075001835823059082e-01 4.833439290523529053e-01 8.111616373062133789e-01 2.857080101966857910e-01 7.566268444061279297e-01 3.843796849250793457e-01
1.535000056028366089e-01 4.833333194255828857e-01 5.475000143051147461e-01 9.004999995231628418e-01 4.395000040531158447e-01 1.815000027418136597e-01 1.365063637495040894e-01 4.819972515106201172e-01 5.189912319183349609e-01 8.383851647377014160e-01 4.630724787712097168e-01 4.451531171798706055e-01
9.085000157356262207e-01 4.833333194255828857e-01 9.875000119209289551e-01 4.435000121593475342e-01 9.304999709129333496e-01 5.904999971389770508e-01 9.201639294624328613e-01 4.846512675285339355e-01 8.317413330078125000e-01 4.927096962928771973e-01 9.307604432106018066e-01 5.710036158561706543e-01
2.144999951124191284e-01 4.833333194255828857e-01 7.204999923706054688e-01 8.995000123977661133e-01 3.244999945163726807e-01 1.115000024437904358e-01 1.899476349353790283e-01 4.828318059444427490e-01 8.108279109001159668e-01 8.471294045448303223e-01 3.319620490074157715e-01 2.659600079059600830e-01
9.764999747276306152e-01 4.833333194255828857e-01 3.524999916553497314e-01 5.145000219345092773e-01 2.574999928474426270e-01 4.205000102519989014e-01 9.163015484809875488e-01 4.855164885520935059e-01 5.231547355651855469e-01 4.110637307167053223e-01 2.192914336919784546e-01 4.098705053329467773e-01
6.794999837875366211e-01 4.833333194255828857e-01 4.325000047683715820e-01 3.454999923706054688e-01 9.375000000000000000e-01 7.404999732971191406e-01 7.222597599029541016e-01 4.832392334938049316e-01 4.327658712863922119e-01 2.467733472585678101e-01 9.593687653541564941e-01 7.626496553421020508e-01
4.995000064373016357e-01 4.833333194255828857e-01 4.365000128746032715e-01 6.374999880790710449e-01 4.954999983310699463e-01 9.085000157356262207e-01 4.613274633884429932e-01 4.821748435497283936e-01 2.720164060592651367e-01 8.381123542785644531e-01 4.958224594593048096e-01 7.089734077453613281e-01
8.385000228881835938e-01 4.833333194255828857e-01 4.450000077486038208e-02 9.149999916553497314e-02 2.250000089406967163e-02 5.874999761581420898e-01 8.440060019493103027e-01 4.854062199592590332e-01 1.240800023078918457e-01 1.261177808046340942e-01 5.218082666397094727e-02 4.979289472103118896e-01
3.185000121593475342e-01 4.833333194255828857e-01 2.234999984502792358e-01 6.844999790191650391e-01 8.594999909400939941e-01 5.914999842643737793e-01 3.293423652648925781e-01 4.816154241561889648e-01 2.043702602386474609e-01 6.825717687606811523e-01 8.622725605964660645e-01 5.557551383972167969e-01
1.835000067949295044e-01 4.833333194255828857e-01 6.545000076293945312e-01 9.524999856948852539e-01 5.625000000000000000e-01 1.844999939203262329e-01 1.926837712526321411e-01 4.823140799999237061e-01 7.083859443664550781e-01 8.449591994285583496e-01 5.516237616539001465e-01 4.438419640064239502e-01
4.295000135898590088e-01 4.833333194255828857e-01 9.294999837875366211e-01 1.544999927282333374e-01 8.744999766349792480e-01 3.495000004768371582e-01 4.511282444000244141e-01 4.831478297710418701e-01 8.129180669784545898e-01 2.118062376976013184e-01 9.078304171562194824e-01 3.626762032508850098e-01
1.435000002384185791e-01 4.833333194255828857e-01 9.265000224113464355e-01 5.195000171661376953e-01 6.424999833106994629e-01 7.595000267028808594e-01 1.294708997011184692e-01 4.831520617008209229e-01 8.879370689392089844e-01 4.985822141170501709e-01 6.601414084434509277e-01 5.797142386436462402e-01
4.949999973177909851e-02 4.833333194255828857e-01 4.595000147819519043e-01 5.774999856948852539e-01 2.345000058412551880e-01 4.185000061988830566e-01 5.102639645338058472e-02 4.816945791244506836e-01 4.355305135250091553e-01 5.656386613845825195e-01 2.276970297098159790e-01 5.678511857986450195e-01
8.955000042915344238e-01 4.833333194255828857e-01 9.825000166893005371e-01 3.844999969005584717e-01 1.835000067949295044e-01 5.034999847412109375e-01 8.745331168174743652e-01 4.852254688739776611e-01 7.828530073165893555e-01 5.322137475013732910e-01 1.571437418460845947e-01 3.872525990009307861e-01
6.784999966621398926e-01 4.833333194255828857e-01 2.635000050067901611e-01 3.544999957084655762e-01 6.884999871253967285e-01 3.174999952316284180e-01 6.742476820945739746e-01 4.837272167205810547e-01 3.935104608535766602e-01 1.932753473520278931e-01 6.970765590667724609e-01 5.276294946670532227e-01
5.805000066757202148e-01 4.833333194255828857e-01 6.355000138282775879e-01 3.535000085830688477e-01 8.535000085830688477e-01 8.535000085830688477e-01 5.199032425880432129e-01 4.824199676513671875e-01 4.973793923854827881e-01 5.713886618614196777e-01 9.189959764480590820e-01 6.333551406860351562e-01
2.745000123977661133e-01 4.833333194255828857e-01 6.104999780654907227e-01 5.995000004768371582e-01 4.415000081062316895e-01 6.825000047683715820e-01 2.722207009792327881e-01 4.827386736869812012e-01 7.504296302795410156e-01 5.485383868217468262e-01 4.877544045448303223e-01 4.513768553733825684e-01
9.104999899864196777e-01 4.833333194255828857e-01 4.154999852180480957e-01 8.449999988079071045e-02 4.485000073909759521e-01 4.875000119209289551e-01 8.614321947097778320e-01 4.847310483455657959e-01 4.556433260440826416e-01 1.853528469800949097e-01 4.526246786117553711e-01 5.648927092552185059e-01
5.565000176429748535e-01 4.833333194255828857e-01 7.005000114440917969e-01 8.015000224113464355e-01 7.954999804496765137e-01 1.194999963045120239e-01 5.475897789001464844e-01 4.826039373874664307e-01 6.122219562530517578e-01 8.011972904205322266e-01 8.180245161056518555e-01 3.341198563575744629e-01
2.549999952316284180e-02 4.833333194255828857e-01 6.225000023841857910e-01 9.984999895095825195e-01 6.094999909400939941e-01 2.144999951124191284e-01 4.410677403211593628e-02 4.821697473526000977e-01 6.146380305290222168e-01 8.687710165977478027e-01 5.972127914428710938e-01 3.164257407188415527e-01
6.464999914169311523e-01 4.833333194255828857e-01 7.954999804496765137e-01 7.055000066757202148e-01 1.895000040531158447e-01 4.625000059604644775e-01 6.635114550590515137e-01 4.840041995048522949e-01 7.141327261924743652e-01 7.587171196937561035e-01 1.617825180292129517e-01 4.693992733955383301e-01
9.254999756813049316e-01 4.833333194255828857e-01 7.014999985694885254e-01 6.675000190734863281e-01 2.565000057220458984e-01 6.575000286102294922e-01 8.999451398849487305e-01 4.853168129920959473e-01 6.494733095169067383e-01 7.922983765602111816e-01 2.190840840339660645e-01 5.628094673156738281e-01
3.885000050067901611e-01 4.833333194255828857e-01 8.794999718666076660e-01 4.785000085830688477e-01 1.295000016689300537e-01 7.325000166893005371e-01 3.521639406681060791e-01 4.831534028053283691e-01 7.608735561370849609e-01 6.532875299453735352e-01 1.128109320998191833e-01 6.149315237998962402e-01
1.794999986886978149e-01 4.833333194255828857e-01 7.024999856948852539e-01 8.634999990463256836e-01 4.875000119209289551e-01 3.914999961853027344e-01 1.667571812868118286e-01 4.823354184627532959e-01 7.247356176376342773e-01 8.722897171974182129e-01 4.989500045776367188e-01 4.810756146907806396e-01
1.045000031590461731e-01 4.833333194255828857e-01 4.715000092983245850e-01 2.374999970197677612e-01 3.084999918937683105e-01 3.995000123977661133e-01 1.067753136157989502e-01 4.822082817554473877e-01 4.762721359729766846e-01 1.901874840259552002e-01 2.742803692817687988e-01 7.693668603897094727e-01
8.755000233650207520e-01 4.833333194255828857e-01 8.905000090599060059e-01 2.045000046491622925e-01 2.384999990463256836e-01 9.915000200271606445e-01 8.474521040916442871e-01 4.849851727485656738e-01 7.481476068496704102e-01 3.699375391006469727e-01 2.330262064933776855e-01 4.734566211700439453e-01
8.725000023841857910e-01 4.833333194255828857e-01 4.415000081062316895e-01 4.964999854564666748e-01 1.554999947547912598e-01 6.545000076293945312e-01 7.668711543083190918e-01 4.847279489040374756e-01 6.321459412574768066e-01 5.816095471382141113e-01 1.432570219039916992e-01 4.266473054885864258e-01
3.804999887943267822e-01 4.833333194255828857e-01 7.854999899864196777e-01 9.135000109672546387e-01 3.395000100135803223e-01 5.435000061988830566e-01 3.836466372013092041e-01 4.827204644680023193e-01 7.936099767684936523e-01 9.067257642745971680e-01 3.496039807796478271e-01 5.969322919845581055e-01
9.725000262260437012e-01 4.833333194255828857e-01 4.284999966621398926e-01 5.924999713897705078e-01 6.244999766349792480e-01 3.874999880790710449e-01 8.722050189971923828e-01 4.845774173736572266e-01 6.206219196319580078e-01 6.041689515113830566e-01 6.170591115951538086e-01 3.083267211914062500e-01
7.325000166893005371e-01 4.833333194255828857e-01 5.764999985694885254e-01 8.385000228881835938e-01 2.449999935925006866e-02 3.415000140666961670e-01 7.815384864807128906e-01 4.849414229393005371e-01 5.477537512779235840e-01 7.891752123832702637e-01 5.907311290502548218e-02 4.249340593814849854e-01
8.934999704360961914e-01 4.833333194255828857e-01 8.535000085830688477e-01 9.955000281333923340e-01 9.695000052452087402e-01 3.325000107288360596e-01 8.907776474952697754e-01 4.841882586479187012e-01 8.595971465110778809e-01 8.678668141365051270e-01 9.192138910293579102e-01 4.758749306201934814e-01
2.454999983310699463e-01 4.833333194255828857e-01 6.134999990463256836e-01 7.425000071525573730e-01 1.885000020265579224e-01 3.384999930858612061e-01 2.495523095130920410e-01 4.825139939785003662e-01 6.110581755638122559e-01 7.539289593696594238e-01 1.679790914058685303e-01 5.025844573974609375e-01
7.294999957084655762e-01 4.833333194255828857e-01 5.499999970197677612e-03 2.749999985098838806e-02 2.154999971389770508e-01 2.405000030994415283e-01 6.438114047050476074e-01 4.843287467956542969e-01 6.123881042003631592e-02 1.131417378783226013e-01 2.115292549133300781e-01 4.468492865562438965e-01
4.850000143051147461e-02 4.833333194255828857e-01 3.249999880790710449e-02 4.135000109672546387e-01 5.705000162124633789e-01 9.624999761581420898e-01 6.675704568624496460e-02 4.793519973754882812e-01 4.554919525980949402e-02 5.399396419525146484e-01 6.776570081710815430e-01 8.864006996154785156e-01
9.265000224113464355e-01 4.833333194255828857e-01 7.664999961853027344e-01 2.554999887943267822e-01 6.049999967217445374e-02 8.500000461935997009e-03 8.683590292930603027e-01 4.854516386985778809e-01 7.858732938766479492e-01 3.732413649559020996e-01 7.298010587692260742e-02 3.493677973747253418e-01
3.644999861717224121e-01 4.833333194255828857e-01 8.264999985694885254e-01 2.865000069141387939e-01 5.550000071525573730e-02 5.095000267028808594e-01 3.999726772308349609e-01 4.839124679565429688e-01 7.327747941017150879e-01 3.153575360774993896e-01 6.405021995306015015e-02 5.188960433006286621e-01
2.499999944120645523e-03 4.833333194255828857e-01 1.164999976754188538e-01 6.144999861717224121e-01 1.075000017881393433e-01 1.774999946355819702e-01 1.423198170959949493e-02 4.802302420139312744e-01 1.068188399076461792e-01 6.223222017288208008e-01 6.036536023020744324e-02 1.663440316915512085e-01
9.975000023841857910e-01 4.833333194255828857e-01 5.515000224113464355e-01 5.485000014305114746e-01 8.004999756813049316e-01 7.285000085830688477e-01 8.992425799369812012e-01 4.846925139427185059e-01 8.652371168136596680e-01 4.611390531063079834e-01 8.486215472221374512e-01 4.641239047050476074e-01
6.315000057220458984e-01 4.833333194255828857e-01 4.704999923706054688e-01 9.424999952316284180e-01 7.845000028610229492e-01 2.964999973773956299e-01 6.082993745803833008e-01 4.826940298080444336e-01 4.883663356304168701e-01 8.824166059494018555e-01 7.839078307151794434e-01 4.514763355255126953e-01
3.844999969005584717e-01 4.833333194255828857e-01 3.804999887943267822e-01 1.714999973773956299e-01 7.494999766349792480e-01 7.655000090599060059e-01 3.920778036117553711e-01 4.824340641498565674e-01 2.950086295604705811e-01 2.763876616954803467e-01 8.061516284942626953e-01 4.635465443134307861e-01
4.124999940395355225e-01 4.833333194255828857e-01 9.934999942779541016e-01 7.985000014305114746e-01 9.049999713897705078e-02 7.714999914169311523e-01 4.385995566844940186e-01 4.832907021045684814e-01 7.583431005477905273e-01 8.399393558502197266e-01 9.067143499851226807e-02 5.652088522911071777e-01
2.449999935925006866e-02 4.833333194255828857e-01 7.624999880790710449e-01 3.684999942779541016e-01 9.355000257492065430e-01 3.005000054836273193e-01 5.611261725425720215e-02 4.829224348068237305e-01 8.354851603507995605e-01 2.885530889034271240e-01 9.356948137283325195e-01 2.681700587272644043e-01
5.885000228881835938e-01 4.833333194255828857e-01 7.434999942779541016e-01 4.514999985694885254e-01 5.695000290870666504e-01 7.204999923706054688e-01 5.005356073379516602e-01 4.826970100402832031e-01 6.177703738212585449e-01 7.917995452880859375e-01 5.887315273284912109e-01 4.615413248538970947e-01
3.375000059604644775e-01 4.833333194255828857e-01 5.145000219345092773e-01 1.924999952316284180e-01 6.704999804496765137e-01 1.150000002235174179e-02 3.656765222549438477e-01 4.832009971141815186e-01 4.657302200794219971e-01 1.825037300586700439e-01 6.903345584869384766e-01 2.256161570549011230e-01
4.814999997615814209e-01 4.833333194255828857e-01 2.784999907016754150e-01 2.415000051259994507e-01 5.414999723434448242e-01 8.414999842643737793e-01 4.674238562583923340e-01 4.827350080013275146e-01 3.010952174663543701e-01 3.411931395530700684e-01 5.503886938095092773e-01 6.123927831649780273e-01
5.849999934434890747e-02 4.833333194255828857e-01 1.525000035762786865e-01 9.304999709129333496e-01 2.924999892711639404e-01 6.165000200271606445e-01 5.119027569890022278e-02 4.797419309616088867e-01 1.789284944534301758e-01 8.769998550415039062e-01 2.791367173194885254e-01 6.692188978195190430e-01
9.434999823570251465e-01 4.833333194255828857e-01 7.375000119209289551e-01 4.205000102519989014e-01 9.704999923706054688e-01 3.134999871253967285e-01 9.120137691497802734e-01 4.846622645854949951e-01 7.853050827980041504e-01 3.957557380199432373e-01 9.387977719306945801e-01 5.711732506752014160e-01
1.595000028610229492e-01 4.833333194255828857e-01 2.150000073015689850e-02 4.905000030994415283e-01 5.404999852180480957e-01 3.774999976158142090e-01 1.615107953548431396e-01 4.809560179710388184e-01 7.402280718088150024e-02 3.308017551898956299e-01 5.215886831283569336e-01 5.000687241554260254e-01
1.185000017285346985e-01 4.833333194255828857e-01 5.684999823570251465e-01 1.644999980926513672e-01 2.594999969005584717e-01 7.645000219345092773e-01 1.220527738332748413e-01 4.826513528823852539e-01 5.634588003158569336e-01 2.031463384628295898e-01 3.108012080192565918e-01 6.853277683258056641e-01
9.545000195503234863e-01 4.833333194255828857e-01 3.104999959468841553e-01 1.850000023841857910e-02 1.244999989867210388e-01 8.224999904632568359e-01 8.259879350662231445e-01 4.850397408008575439e-01 3.256747722625732422e-01 2.592495977878570557e-01 1.280081123113632202e-01 4.598618149757385254e-01
2.994999885559082031e-01 4.833333194255828857e-01 4.454999864101409912e-01 1.385000050067901611e-01 7.595000267028808594e-01 2.515000104904174805e-01 3.455414474010467529e-01 4.832512736320495605e-01 4.932758808135986328e-01 1.508558094501495361e-01 8.006023168563842773e-01 1.959838271141052246e-01
4.704999923706054688e-01 4.833333194255828857e-01 6.065000295639038086e-01 1.244999989867210388e-01 4.654999971389770508e-01 6.004999876022338867e-01 4.740686714649200439e-01 4.831404983997344971e-01 4.862329661846160889e-01 1.808551698923110962e-01 4.602237045764923096e-01 7.057930231094360352e-01
8.565000295639038086e-01 4.833333194255828857e-01 7.850000262260437012e-02 6.750000268220901489e-02 5.849999934434890747e-02 4.065000116825103760e-01 8.855180144309997559e-01 4.855642616748809814e-01 7.919142395257949829e-02 1.001310274004936218e-01 6.664879620075225830e-02 4.666523933410644531e-01
1.704999953508377075e-01 4.833333194255828857e-01 5.525000095367431641e-01 6.274999976158142090e-01 9.465000033378601074e-01 1.500000013038516045e-03 2.002781182527542114e-01 4.826802313327789307e-01 6.806298494338989258e-01 3.932681679725646973e-01 8.870362639427185059e-01 4.093505442142486572e-01
3.649999946355819702e-02 4.833333194255828857e-01 6.905000209808349609e-01 5.665000081062316895e-01 2.664999961853027344e-01 5.249999836087226868e-02 5.414721742272377014e-02 4.831756651401519775e-01 7.497369647026062012e-01 4.561743736267089844e-01 2.364399135112762451e-01 4.071896970272064209e-01
6.500000134110450745e-03 4.833333194255828857e-01 8.504999876022338867e-01 5.554999709129333496e-01 1.924999952316284180e-01 2.195000052452087402e-01 3.294124454259872437e-02 4.836022555828094482e-01 8.557068705558776855e-01 5.547109842300415039e-01 1.602571904659271240e-01 3.436963856220245361e-01
2.804999947547912598e-01 4.833333194255828857e-01 5.235000252723693848e-01 6.754999756813049316e-01 1.815000027418136597e-01 8.874999880790710449e-01 2.915253937244415283e-01 4.822411537170410156e-01 4.501718282699584961e-01 7.478873729705810547e-01 1.871851831674575806e-01 6.672775745391845703e-01
9.375000000000000000e-01 4.833333194255828857e-01 6.585000157356262207e-01 4.305000007152557373e-01 4.404999911785125732e-01 3.885000050067901611e-01 9.170781970024108887e-01 4.852789640426635742e-01 6.843230724334716797e-01 4.258552789688110352e-01 4.229786098003387451e-01 5.430801510810852051e-01
3.194999992847442627e-01 4.833333194255828857e-01 3.725000023841857910e-01 4.625000059604644775e-01 9.884999990463256836e-01 5.304999947547912598e-01 3.130059838294982910e-01 4.820570349693298340e-01 3.768801689147949219e-01 4.580348134040832520e-01 9.459514021873474121e-01 6.496084332466125488e-01
6.984999775886535645e-01 4.833333194255828857e-01 1.404999941587448120e-01 1.665000021457672119e-01 7.750000059604644775e-02 3.984999954700469971e-01 6.801209449768066406e-01 4.846616983413696289e-01 1.127487495541572571e-01 2.026951014995574951e-01 7.711525261402130127e-02 3.921122252941131592e-01
1.324999928474426270e-01 4.833333194255828857e-01 3.984999954700469971e-01 8.374999761581420898e-01 2.035000026226043701e-01 8.144999742507934570e-01 1.124012321233749390e-01 4.810224473476409912e-01 3.901292085647583008e-01 8.327459692955017090e-01 2.020198553800582886e-01 7.815989851951599121e-01
1.164999976754188538e-01 4.833333194255828857e-01 1.494999974966049194e-01 5.475000143051147461e-01 4.945000112056732178e-01 3.285000026226043701e-01 1.335474848747253418e-01 4.811581373214721680e-01 1.602643579244613647e-01 5.287708640098571777e-01 5.059228539466857910e-01 4.259364902973175049e-01
6.585000157356262207e-01 4.833333194255828857e-01 9.075000286102294922e-01 2.205000072717666626e-01 2.485000044107437134e-01 4.115000069141387939e-01 7.098652124404907227e-01 4.844378829002380371e-01 8.173628449440002441e-01 2.396827936172485352e-01 2.658651769161224365e-01 3.554077744483947754e-01
4.444999992847442627e-01 4.833333194255828857e-01 4.625000059604644775e-01 3.034999966621398926e-01 8.924999833106994629e-01 2.364999949932098389e-01 4.205142259597778320e-01 4.828259348869323730e-01 4.678100943565368652e-01 3.311093449592590332e-01 8.712896704673767090e-01 4.304875731468200684e-01
2.944999933242797852e-01 4.833333194255828857e-01 3.550000116229057312e-02 2.714999914169311523e-01 1.014999970793724060e-01 5.945000052452087402e-01 3.061890602111816406e-01 4.829841554164886475e-01 5.415073782205581665e-02 2.222320586442947388e-01 1.019493788480758667e-01 2.682283520698547363e-01
4.305000007152557373e-01 4.833333194255828857e-01 3.434999883174896240e-01 6.134999990463256836e-01 7.994999885559082031e-01 7.935000061988830566e-01 3.908433020114898682e-01 4.819304645061492920e-01 3.684057593345642090e-01 6.830682158470153809e-01 8.378710150718688965e-01 7.488194704055786133e-01
1.624999940395355225e-01 4.833333194255828857e-01 5.105000138282775879e-01 9.250000119209289551e-02 4.864999949932098389e-01 5.015000104904174805e-01 1.748220622539520264e-01 4.826999604701995850e-01 4.506423473358154297e-01 1.764298081398010254e-01 4.723412096500396729e-01 4.650169014930725098e-01
7.944999933242797852e-01 4.833333194255828857e-01 1.735000014305114746e-01 2.585000097751617432e-01 5.115000009536743164e-01 8.855000138282775879e-01 7.560988664627075195e-01 4.839837551116943359e-01 1.572868376970291138e-01 3.205488622188568115e-01 5.052434206008911133e-01 6.924138069152832031e-01
2.749999985098838806e-02 4.833333194255828857e-01 2.935000061988830566e-01 4.645000100135803223e-01 5.975000262260437012e-01 6.294999718666076660e-01 6.921475380659103394e-02 4.812251329421997070e-01 2.827687561511993408e-01 5.348482728004455566e-01 6.525102853775024414e-01 6.407429575920104980e-01
6.455000042915344238e-01 4.833333194255828857e-01 6.844999790191650391e-01 5.105000138282775879e-01 6.384999752044677734e-01 7.450000196695327759e-02 6.354398727416992188e-01 4.832295477390289307e-01 7.582505941390991211e-01 3.945384323596954346e-01 6.371242403984069824e-01 2.623380720615386963e-01
3.750000149011611938e-02 4.833333194255828857e-01 3.935000002384185791e-01 5.684999823570251465e-01 4.514999985694885254e-01 8.134999871253967285e-01 5.634608119726181030e-02 4.811309278011322021e-01 4.218555688858032227e-01 6.208579540252685547e-01 4.598308503627777100e-01 8.163901567459106445e-01
3.555000126361846924e-01 4.833333194255828857e-01 4.185000061988830566e-01 3.095000088214874268e-01 6.504999995231628418e-01 3.305000066757202148e-01 3.647696673870086670e-01 4.828951358795166016e-01 4.542528688907623291e-01 3.295759856700897217e-01 6.647537350654602051e-01 4.205158352851867676e-01
9.714999794960021973e-01 4.833333194255828857e-01 9.154999852180480957e-01 1.655000001192092896e-01 3.204999864101409912e-01 6.815000176429748535e-01 9.349983334541320801e-01 4.856317043304443359e-01 7.173002362251281738e-01 3.782687783241271973e-01 3.173574805259704590e-01 5.548928976058959961e-01
7.565000057220458984e-01 4.833333194255828857e-01 9.650000184774398804e-02 2.504999935626983643e-01 5.425000190734863281e-01 6.884999871253967285e-01 6.883431673049926758e-01 4.838427305221557617e-01 1.167041733860969543e-01 3.084391951560974121e-01 5.390590429306030273e-01 6.961905360221862793e-01
1.655000001192092896e-01 4.833333194255828857e-01 8.424999713897705078e-01 9.764999747276306152e-01 2.064999938011169434e-01 3.154999911785125732e-01 1.883327513933181763e-01 4.831355512142181396e-01 8.367375731468200684e-01 8.486570119857788086e-01 1.855655163526535034e-01 4.267297387123107910e-01
3.614999949932098389e-01 4.833333194255828857e-01 7.404999732971191406e-01 8.414999842643737793e-01 6.104999780654907227e-01 5.824999809265136719e-01 4.095890820026397705e-01 4.823682010173797607e-01 7.377332448959350586e-01 8.258787989616394043e-01 6.344377994537353516e-01 4.324722886085510254e-01
9.215000271797180176e-01 4.833333194255828857e-01 7.814999818801879883e-01 9.254999756813049316e-01 8.964999914169311523e-01 2.635000050067901611e-01 9.183955788612365723e-01 4.847438037395477295e-01 8.421198129653930664e-01 7.774849534034729004e-01 8.859689831733703613e-01 6.326528787612915039e-01
3.765000104904174805e-01 4.833333194255828857e-01 6.625000238418579102e-01 8.224999904632568359e-01 4.749999940395355225e-02 1.234999969601631165e-01 3.739752769470214844e-01 4.832171499729156494e-01 7.519083023071289062e-01 7.939777970314025879e-01 7.318044453859329224e-02 3.940127193927764893e-01
3.855000138282775879e-01 4.833333194255828857e-01 5.784999728202819824e-01 5.150000005960464478e-02 4.454999864101409912e-01 8.075000047683715820e-01 3.925159871578216553e-01 4.829718172550201416e-01 5.365868210792541504e-01 2.252995967864990234e-01 4.828017950057983398e-01 4.607781469821929932e-01
8.784999847412109375e-01 4.833333194255828857e-01 9.114999771118164062e-01 7.294999957084655762e-01 5.444999933242797852e-01 2.944999933242797852e-01 8.667998313903808594e-01 4.845996499061584473e-01 8.291910290718078613e-01 8.152852654457092285e-01 5.355002880096435547e-01 5.202364921569824219e-01
7.005000114440917969e-01 4.833333194255828857e-01 8.950000256299972534e-02 5.864999890327453613e-01 4.305000007152557373e-01 6.044999957084655762e-01 7.354835867881774902e-01 4.840303361415863037e-01 1.077599301934242249e-01 6.091489791870117188e-01 4.319062829017639160e-01 7.599579095840454102e-01
9.405000209808349609e-01 4.833333194255828857e-01 5.544999837875366211e-01 9.825000166893005371e-01 3.535000085830688477e-01 2.675000131130218506e-01 9.141099452972412109e-01 4.851408302783966064e-01 6.906732916831970215e-01 8.701096773147583008e-01 3.123713731765747070e-01 5.125275254249572754e-01
6.104999780654907227e-01 4.833333194255828857e-01 8.525000214576721191e-01 8.934999704360961914e-01 5.214999914169311523e-01 2.545000016689300537e-01 6.093307733535766602e-01 4.831072092056274414e-01 8.101176619529724121e-01 8.995459675788879395e-01 5.084421634674072266e-01 4.568493664264678955e-01
8.749999850988388062e-02 4.833333194255828857e-01 9.384999871253967285e-01 6.664999723434448242e-01 7.814999818801879883e-01 8.105000257492065430e-01 8.817666023969650269e-02 4.826071560382843018e-01 9.311554431915283203e-01 6.737146377563476562e-01 8.443265557289123535e-01 6.800797581672668457e-01
8.314999938011169434e-01 4.833333194255828857e-01 1.354999989271163940e-01 9.775000214576721191e-01 7.195000052452087402e-01 1.174999997019767761e-01 9.123885631561279297e-01 4.851901531219482422e-01 2.097060084342956543e-01 7.008015513420104980e-01 6.703284978866577148e-01 4.684121608734130859e-01
3.165000081062316895e-01 4.833333194255828857e-01 1.515000015497207642e-01 6.225000023841857910e-01 9.449999779462814331e-02 6.464999914169311523e-01 3.397673964500427246e-01 4.825628399848937988e-01 1.438631266355514526e-01 6.063503026962280273e-01 8.205232769250869751e-02 6.115172505378723145e-01
4.595000147819519043e-01 4.833333194255828857e-01 5.095000267028808594e-01 8.495000004768371582e-01 9.555000066757202148e-01 9.764999747276306152e-01 4.862941503524780273e-01 4.820874929428100586e-01 5.772082805633544922e-01 7.019280791282653809e-01 9.632838368415832520e-01 7.827971577644348145e-01
7.885000109672546387e-01 4.833333194255828857e-01 9.764999747276306152e-01 3.055000007152557373e-01 1.525000035762786865e-01 6.365000009536743164e-01 7.754050493240356445e-01 4.847013056278228760e-01 7.268719077110290527e-01 4.997740685939788818e-01 1.458059102296829224e-01 4.191072285175323486e-01
7.804999947547912598e-01 4.833333194255828857e-01 4.194999933242797852e-01 2.485000044107437134e-01 1.685000061988830566e-01 3.449999913573265076e-02 7.979292869567871094e-01 4.846830368041992188e-01 5.110870003700256348e-01 1.699779033660888672e-01 1.587500274181365967e-01 3.491078913211822510e-01
5.375000238418579102e-01 4.833333194255828857e-01 8.195000290870666504e-01 4.794999957084655762e-01 3.025000095367431641e-01 1.035000011324882507e-01 5.115140676498413086e-01 4.837718605995178223e-01 8.654403686523437500e-01 4.494990110397338867e-01 3.047290146350860596e-01 3.221368789672851562e-01
8.905000090599060059e-01 4.833333194255828857e-01 1.254999935626983643e-01 5.155000090599060059e-01 7.444999814033508301e-01 5.105000138282775879e-01 9.067277312278747559e-01 4.848368167877197266e-01 3.479813933372497559e-01 1.799178272485733032e-01 7.349691987037658691e-01 5.982422828674316406e-01
5.634999871253967285e-01 4.833333194255828857e-01 6.414999961853027344e-01 4.124999940395355225e-01 7.294999957084655762e-01 4.665000140666961670e-01 6.292818784713745117e-01 4.834650456905364990e-01 5.928335785865783691e-01 2.961975038051605225e-01 7.433834075927734375e-01 6.267537474632263184e-01
1.914999932050704956e-01 4.833333194255828857e-01 4.144999980926513672e-01 7.724999785423278809e-01 2.815000116825103760e-01 5.024999976158142090e-01 1.860327124595642090e-01 4.817031621932983398e-01 3.994830548763275146e-01 7.992349863052368164e-01 2.887738347053527832e-01 6.070810556411743164e-01
1.254999935626983643e-01 4.833333194255828857e-01 7.555000185966491699e-01 8.044999837875366211e-01 6.004999876022338867e-01 6.585000157356262207e-01 9.872730821371078491e-02 4.822704195976257324e-01 7.870825529098510742e-01 7.891446948051452637e-01 5.878757834434509277e-01 6.895858049392700195e-01
8.950000256299972534e-02 4.833333194255828857e-01 3.995000123977661133e-01 8.324999809265136719e-01 6.205000281333923340e-01 5.074999928474426270e-01 8.080095797777175903e-02 4.812858402729034424e-01 3.898442387580871582e-01 8.558177947998046875e-01 6.254348158836364746e-01 5.374006032943725586e-01
2.964999973773956299e-01 4.833333194255828857e-01 1.204999983310699463e-01 2.354999929666519165e-01 7.975000143051147461e-01 7.885000109672546387e-01 3.051293790340423584e-01 4.817600250244140625e-01 1.163837090134620667e-01 3.443314135074615479e-01 8.455772995948791504e-01 7.699276804924011230e-01
3.274999856948852539e-01 4.833333194255828857e-01 8.744999766349792480e-01 5.184999704360961914e-01 5.485000014305114746e-01 8.454999923706054688e-01 3.150309920310974121e-01 4.826479256153106689e-01 7.905974388122558594e-01 7.282067537307739258e-01 5.878928303718566895e-01 6.119512319564819336e-01
6.405000090599060059e-01 4.833333194255828857e-01 3.894999921321868896e-01 1.185000017285346985e-01 3.345000147819519043e-01 5.214999914169311523e-01 5.790826082229614258e-01 4.834658503532409668e-01 2.506685256958007812e-01 2.817032337188720703e-01 3.391308188438415527e-01 6.050773859024047852e-01
5.425000190734863281e-01 4.833333194255828857e-01 9.045000076293945312e-01 8.905000090599060059e-01 4.235000014305114746e-01 8.284999728202819824e-01 5.191001296043395996e-01 4.825223088264465332e-01 7.990701198577880859e-01 9.585544466972351074e-01 4.391433596611022949e-01 5.058880448341369629e-01
1.605000048875808716e-01 4.833333194255828857e-01 3.314999938011169434e-01 1.315000057220458984e-01 1.305000036954879761e-01 1.724999994039535522e-01 1.487523317337036133e-01 4.831574261188507080e-01 3.832890093326568604e-01 1.594405621290206909e-01 1.039207056164741516e-01 2.246113866567611694e-01
5.184999704360961914e-01 4.833333194255828857e-01 3.495000004768371582e-01 5.044999718666076660e-01 8.174999952316284180e-01 5.745000243186950684e-01 5.105211734771728516e-01 4.827363491058349609e-01 4.426998496055603027e-01 4.221376478672027588e-01 8.581920266151428223e-01 6.071698665618896484e-01
4.494999945163726807e-01 4.833333194255828857e-01 8.054999709129333496e-01 4.250000044703483582e-02 1.745000034570693970e-01 6.504999995231628418e-01 4.341914355754852295e-01 4.838698804378509521e-01 7.495780587196350098e-01 1.779051125049591064e-01 1.465535908937454224e-01 5.154521465301513672e-01
7.450000196695327759e-02 4.833333194255828857e-01 1.244999989867210388e-01 2.195000052452087402e-01 4.004999995231628418e-01 4.794999957084655762e-01 8.853347599506378174e-02 4.813152849674224854e-01 1.454740613698959351e-01 2.518173754215240479e-01 4.185820221900939941e-01 4.374407231807708740e-01
2.349999919533729553e-02 4.833333194255828857e-01 5.605000257492065430e-01 2.304999977350234985e-01 5.274999737739562988e-01 7.434999942779541016e-01 4.646677896380424500e-02 4.822461307048797607e-01 5.357902050018310547e-01 3.880224227905273438e-01 6.026390790939331055e-01 5.113317370414733887e-01
9.484999775886535645e-01 4.833333194255828857e-01 1.049999985843896866e-02 8.665000200271606445e-01 4.025000035762786865e-01 4.984999895095825195e-01 9.090192914009094238e-01 4.853914678096771240e-01 1.090848222374916077e-01 8.547506332397460938e-01 3.937902450561523438e-01 6.607805490493774414e-01
9.294999837875366211e-01 4.833333194255828857e-01 2.405000030994415283e-01 2.364999949932098389e-01 6.974999904632568359e-01 3.585000038146972656e-01 8.838762640953063965e-01 4.845950603485107422e-01 2.685669958591461182e-01 1.497368514537811279e-01 7.019118666648864746e-01 5.620252490043640137e-01
1.150000002235174179e-02 4.833333194255828857e-01 2.605000138282775879e-01 2.255000025033950806e-01 1.395000070333480835e-01 8.305000066757202148e-01 3.176733478903770447e-02 4.809259176254272461e-01 2.206082642078399658e-01 3.465102910995483398e-01 1.809059232473373413e-01 6.818398833274841309e-01
9.564999938011169434e-01 4.833333194255828857e-01 2.465000003576278687e-01 7.114999890327453613e-01 5.515000224113464355e-01 6.434999704360961914e-01 9.107685089111328125e-01 4.851663708686828613e-01 3.722810745239257812e-01 6.764787435531616211e-01 5.412926673889160156e-01 5.775792002677917480e-01
9.595000147819519043e-01 4.833333194255828857e-01 2.335000038146972656e-01 1.985000073909759521e-01 1.624999940395355225e-01 4.424999952316284180e-01 9.188634753227233887e-01 4.857136011123657227e-01 3.497117757797241211e-01 1.698009669780731201e-01 1.375436484813690186e-01 4.077785015106201172e-01
6.205000281333923340e-01 4.833333194255828857e-01 6.945000290870666504e-01 8.454999923706054688e-01 6.294999718666076660e-01 6.205000281333923340e-01 6.257540583610534668e-01 4.831986129283905029e-01 7.719101309776306152e-01 7.951144576072692871e-01 6.514399647712707520e-01 3.805662393569946289e-01
3.355000019073486328e-01 4.833333194255828857e-01 9.585000276565551758e-01 4.275000095367431641e-01 9.944999814033508301e-01 9.355000257492065430e-01 3.761397004127502441e-01 4.823540151119232178e-01 8.003423810005187988e-01 4.710177779197692871e-01 9.726666808128356934e-01 7.827399969100952148e-01
8.694999814033508301e-01 4.833333194255828857e-01 2.915000021457672119e-01 2.924999892711639404e-01 2.185000032186508179e-01 8.744999766349792480e-01 8.843810558319091797e-01 4.851201772689819336e-01 1.847234219312667847e-01 2.989108860492706299e-01 2.251113504171371460e-01 5.861935615539550781e-01
4.614999890327453613e-01 4.833333194255828857e-01 5.245000123977661133e-01 2.175000011920928955e-01 8.075000047683715820e-01 4.345000088214874268e-01 4.674681723117828369e-01 4.831045866012573242e-01 5.556772947311401367e-01 2.776243388652801514e-01 8.667597174644470215e-01 4.409787058830261230e-01
4.785000085830688477e-01 4.833333194255828857e-01 9.654999971389770508e-01 3.350000083446502686e-02 3.984999954700469971e-01 1.435000002384185791e-01 4.795915186405181885e-01 4.837957620620727539e-01 7.615692019462585449e-01 1.513084769248962402e-01 4.085429310798645020e-01 2.930842339992523193e-01
5.499999970197677612e-03 4.833333194255828857e-01 4.850000143051147461e-02 6.054999828338623047e-01 6.715000271797180176e-01 4.149999842047691345e-02 4.902817308902740479e-02 4.803846776485443115e-01 5.901940166950225830e-02 5.056160688400268555e-01 7.245014905929565430e-01 1.565286517143249512e-01
8.834999799728393555e-01 4.833333194255828857e-01 9.925000071525573730e-01 4.575000107288360596e-01 1.064999997615814209e-01 6.834999918937683105e-01 8.045917749404907227e-01 4.848849773406982422e-01 7.620282173156738281e-01 7.502400875091552734e-01 1.039358824491500854e-01 4.293966889381408691e-01
6.255000233650207520e-01 4.833333194255828857e-01 7.735000252723693848e-01 6.350000202655792236e-02 7.735000252723693848e-01 9.144999980926513672e-01 6.726672649383544922e-01 4.833893477916717529e-01 7.179142236709594727e-01 1.833662688732147217e-01 8.564798831939697266e-01 3.502904176712036133e-01
3.500000108033418655e-03 4.833333194255828857e-01 7.354999780654907227e-01 5.655000209808349609e-01 6.225000023841857910e-01 2.150000073015689850e-02 3.240793943405151367e-02 4.832416474819183350e-01 8.317142724990844727e-01 5.759000778198242188e-01 6.568820476531982422e-01 1.592303365468978882e-01
7.634999752044677734e-01 4.833333194255828857e-01 4.494999945163726807e-01 9.754999876022338867e-01 2.444999963045120239e-01 9.054999947547912598e-01 8.418894410133361816e-01 4.847395420074462891e-01 3.459216654300689697e-01 9.058743715286254883e-01 2.407795339822769165e-01 6.283545494079589844e-01
3.655000030994415283e-01 4.833333194255828857e-01 6.894999742507934570e-01 5.515000224113464355e-01 9.250000119209289551e-02 4.395000040531158447e-01 3.587399125099182129e-01 4.836847186088562012e-01 7.862504720687866211e-01 5.292127728462219238e-01 9.911387413740158081e-02 3.897355794906616211e-01
1.944999992847442627e-01 4.833333194255828857e-01 3.535000085830688477e-01 3.434999883174896240e-01 9.054999947547912598e-01 3.064999878406524658e-01 1.941749155521392822e-01 4.821441471576690674e-01 3.807995021343231201e-01 3.723323047161102295e-01 8.848791122436523438e-01 5.423827171325683594e-01
8.264999985694885254e-01 4.833333194255828857e-01 7.335000038146972656e-01 6.905000209808349609e-01 6.945000290870666504e-01 9.474999904632568359e-01 8.353606462478637695e-01 4.843716025352478027e-01 7.656667232513427734e-01 7.850740551948547363e-01 7.095427513122558594e-01 6.304949522018432617e-01
3.664999902248382568e-01 4.833333194255828857e-01 8.665000200271606445e-01 7.944999933242797852e-01 3.614999949932098389e-01 3.795000016689300537e-01 3.182033598423004150e-01 4.826824665069580078e-01 8.224447965621948242e-01 8.812248110771179199e-01 3.396746814250946045e-01 5.710811614990234375e-01
4.715000092983245850e-01 4.833333194255828857e-01 7.674999833106994629e-01 7.814999818801879883e-01 2.955000102519989014e-01 1.094999983906745911e-01 4.261282086372375488e-01 4.831152260303497314e-01 8.261709809303283691e-01 7.950420379638671875e-01 2.939776182174682617e-01 3.418835103511810303e-01
5.655000209808349609e-01 4.833333194255828857e-01 5.625000000000000000e-01 9.225000143051147461e-01 8.644999861717224121e-01 7.750000059604644775e-02 5.428929924964904785e-01 4.825091063976287842e-01 7.255163788795471191e-01 8.101258277893066406e-01 8.675278425216674805e-01 3.591679632663726807e-01
9.785000085830688477e-01 4.833333194255828857e-01 2.894999980926513672e-01 4.549999907612800598e-02 3.585000038146972656e-01 7.214999794960021973e-01 9.225854277610778809e-01 4.852584302425384521e-01 2.527805566787719727e-01 1.230552271008491516e-01 3.558590412139892578e-01 5.623332262039184570e-01
2.734999954700469971e-01 4.833333194255828857e-01 2.105000019073486328e-01 5.755000114440917969e-01 9.735000133514404297e-01 5.375000238418579102e-01 2.831402420997619629e-01 4.817419946193695068e-01 2.254598289728164673e-01 4.530689716339111328e-01 9.263859391212463379e-01 8.226363658905029297e-01
3.014999926090240479e-01 4.833333194255828857e-01 2.554999887943267822e-01 3.885000050067901611e-01 3.224999904632568359e-01 3.185000121593475342e-01 3.222957849502563477e-01 4.825408160686492920e-01 1.879471838474273682e-01 3.933082520961761475e-01 3.793939352035522461e-01 1.958364993333816528e-01
5.475000143051147461e-01 4.833333194255828857e-01 6.595000028610229492e-01 4.149999842047691345e-02 1.045000031590461731e-01 1.494999974966049194e-01 5.367227196693420410e-01 4.844382405281066895e-01 7.076978683471679688e-01 1.573037654161453247e-01 9.444429725408554077e-02 4.360436201095581055e-01
4.250000044703483582e-02 4.833333194255828857e-01 5.454999804496765137e-01 8.554999828338623047e-01 3.675000071525573730e-01 7.925000190734863281e-01 4.544302821159362793e-02 4.814815819263458252e-01 6.369698047637939453e-01 8.818255662918090820e-01 3.846025466918945312e-01 6.693725585937500000e-01
1.465000063180923462e-01 4.833333194255828857e-01 1.714999973773956299e-01 2.975000143051147461e-01 9.254999756813049316e-01 8.665000200271606445e-01 1.475957930088043213e-01 4.813668727874755859e-01 1.940266042947769165e-01 3.549545407295227051e-01 9.674138426780700684e-01 8.684601783752441406e-01
4.474999904632568359e-01 4.833333194255828857e-01 1.435000002384185791e-01 8.945000171661376953e-01 5.784999728202819824e-01 5.000000237487256527e-04 4.901635348796844482e-01 4.828442633152008057e-01 1.582439541816711426e-01 7.260709404945373535e-01 5.616101622581481934e-01 2.952479720115661621e-01
7.505000233650207520e-01 4.833333194255828857e-01 9.564999938011169434e-01 7.154999971389770508e-01 5.205000042915344238e-01 6.844999790191650391e-01 9.132038950920104980e-01 4.851313531398773193e-01 8.619898557662963867e-01 5.472097396850585938e-01 5.237624645233154297e-01 4.891591072082519531e-01
9.844999909400939941e-01 4.833333194255828857e-01 9.365000128746032715e-01 7.505000233650207520e-01 2.134999930858612061e-01 3.745000064373016357e-01 9.050300717353820801e-01 4.854215085506439209e-01 8.921095728874206543e-01 8.221824765205383301e-01 1.734706908464431763e-01 4.527513682842254639e-01
5.404999852180480957e-01 4.833333194255828857e-01 7.750000059604644775e-02 3.185000121593475342e-01 5.644999742507934570e-01 9.745000004768371582e-01 5.681458115577697754e-01 4.833388030529022217e-01 5.573194846510887146e-02 2.888328135013580322e-01 5.929213166236877441e-01 7.352703809738159180e-01
6.150000169873237610e-02 4.833333194255828857e-01 3.849999979138374329e-02 7.584999799728393555e-01 6.955000162124633789e-01 8.734999895095825195e-01 8.494874835014343262e-02 4.794728755950927734e-01 7.519873231649398804e-02 7.461779713630676270e-01 8.007979393005371094e-01 9.335567951202392578e-01
3.249999880790710449e-02 4.833333194255828857e-01 2.714999914169311523e-01 5.824999809265136719e-01 2.854999899864196777e-01 8.585000038146972656e-01 4.174743592739105225e-02 4.800570309162139893e-01 2.410389333963394165e-01 6.483130455017089844e-01 2.860267758369445801e-01 8.789128661155700684e-01
5.254999995231628418e-01 4.833333194255828857e-01 4.964999854564666748e-01 2.105000019073486328e-01 9.064999818801879883e-01 8.150000125169754028e-02 5.491733551025390625e-01 4.833298325538635254e-01 5.744020938873291016e-01 1.656289547681808472e-01 9.002854824066162109e-01 3.279981315135955811e-01
5.814999938011169434e-01 4.833333194255828857e-01 6.150000169873237610e-02 2.004999965429306030e-01 2.045000046491622925e-01 6.374999880790710449e-01 6.745697259902954102e-01 4.843498468399047852e-01 3.140191733837127686e-02 1.482500880956649780e-01 2.083281874656677246e-01 5.416973233222961426e-01
8.144999742507934570e-01 4.833333194255828857e-01 9.164999723434448242e-01 2.150000073015689850e-02 5.285000205039978027e-01 3.364999890327453613e-01 8.491284847259521484e-01 4.845587909221649170e-01 7.454167604446411133e-01 1.552852839231491089e-01 5.387893319129943848e-01 3.412887156009674072e-01
9.035000205039978027e-01 4.833333194255828857e-01 1.825000047683715820e-01 1.354999989271163940e-01 3.095000088214874268e-01 9.194999933242797852e-01 8.510580062866210938e-01 4.844355881214141846e-01 1.635920405387878418e-01 1.433409899473190308e-01 3.190357089042663574e-01 7.877623438835144043e-01
9.350000321865081787e-02 4.833333194255828857e-01 7.074999809265136719e-01 1.885000020265579224e-01 8.054999709129333496e-01 4.084999859333038330e-01 1.046705320477485657e-01 4.830511212348937988e-01 7.436649799346923828e-01 2.053790986537933350e-01 8.472170829772949219e-01 3.313139379024505615e-01
8.464999794960021973e-01 4.833333194255828857e-01 7.894999980926513672e-01 6.545000076293945312e-01 1.250000018626451492e-02 9.549999982118606567e-02 8.835881352424621582e-01 4.857373237609863281e-01 7.208289504051208496e-01 6.295834779739379883e-01 5.565647035837173462e-02 4.084399342536926270e-01
7.774999737739562988e-01 4.833333194255828857e-01 1.544999927282333374e-01 5.350000038743019104e-02 6.194999814033508301e-01 3.704999983310699463e-01 7.019714117050170898e-01 4.838719964027404785e-01 1.061108410358428955e-01 1.936558783054351807e-01 6.208169460296630859e-01 3.896412253379821777e-01
9.624999761581420898e-01 4.833333194255828857e-01 9.424999952316284180e-01 9.175000190734863281e-01 4.264999926090240479e-01 2.325000017881393433e-01 9.258960485458374023e-01 4.851549267768859863e-01 8.563961386680603027e-01 9.046670198440551758e-01 4.055171012878417969e-01 5.100157260894775391e-01
2.055000066757202148e-01 4.833333194255828857e-01 4.524999856948852539e-01 3.725000023841857910e-01 7.450000196695327759e-02 2.185000032186508179e-01 2.254628837108612061e-01 4.829727113246917725e-01 4.033797085285186768e-01 3.192372024059295654e-01 7.198479026556015015e-02 4.825827181339263916e-01
1.024999991059303284e-01 4.833333194255828857e-01 2.354999929666519165e-01 1.504999995231628418e-01 6.549999862909317017e-02 9.049999713897705078e-02 7.948327809572219849e-02 4.823688864707946777e-01 2.303196340799331665e-01 1.579397171735763550e-01 5.236973240971565247e-02 1.728543192148208618e-01
8.850000053644180298e-02 4.833333194255828857e-01 9.355000257492065430e-01 6.825000047683715820e-01 5.435000061988830566e-01 2.955000102519989014e-01 7.850908488035202026e-02 4.832650721073150635e-01 8.788026571273803711e-01 6.896890997886657715e-01 5.505621433258056641e-01 3.444682061672210693e-01
1.115000024437904358e-01 4.833333194255828857e-01 1.504999995231628418e-01 4.945000112056732178e-01 4.095000028610229492e-01 7.574999928474426270e-01 1.342719942331314087e-01 4.807140231132507324e-01 1.442386806011199951e-01 4.246869087219238281e-01 4.266065061092376709e-01 7.309088110923767090e-01
3.474999964237213135e-01 4.833333194255828857e-01 6.504999995231628418e-01 5.895000100135803223e-01 5.345000028610229492e-01 7.484999895095825195e-01 3.190324008464813232e-01 4.821754097938537598e-01 5.409553647041320801e-01 8.216550350189208984e-01 5.940358042716979980e-01 4.761844575405120850e-01
1.054999977350234985e-01 4.833333194255828857e-01 2.325000017881393433e-01 5.024999976158142090e-01 5.594999790191650391e-01 6.595000028610229492e-01 1.127690970897674561e-01 4.815757274627685547e-01 2.977059781551361084e-01 5.853984951972961426e-01 5.964093804359436035e-01 5.105702280998229980e-01
6.545000076293945312e-01 4.833333194255828857e-01 4.650000110268592834e-02 4.925000071525573730e-01 5.164999961853027344e-01 5.734999775886535645e-01 7.205330133438110352e-01 4.840529263019561768e-01 1.286063622683286667e-02 5.411394238471984863e-01 4.796239733695983887e-01 7.765638828277587891e-01
3.485000133514404297e-01 4.833333194255828857e-01 3.325000107288360596e-01 8.504999876022338867e-01 1.094999983906745911e-01 4.555000066757202148e-01 3.593294620513916016e-01 4.822369813919067383e-01 3.074721693992614746e-01 8.279272913932800293e-01 9.161267429590225220e-02 5.391198992729187012e-01
2.545000016689300537e-01 4.833333194255828857e-01 9.054999947547912598e-01 4.115000069141387939e-01 5.354999899864196777e-01 6.875000000000000000e-01 2.546260654926300049e-01 4.831238985061645508e-01 8.341047167778015137e-01 4.502173364162445068e-01 5.617667436599731445e-01 4.627912640571594238e-01
4.754999876022338867e-01 4.833333194255828857e-01 9.785000085830688477e-01 4.225000143051147461e-01 6.125000119209289551e-01 1.944999992847442627e-01 5.235507488250732422e-01 4.833028912544250488e-01 8.222140073776245117e-01 3.171227574348449707e-01 6.094853878021240234e-01 3.498821258544921875e-01
7.965000271797180176e-01 4.833333194255828857e-01 4.925000071525573730e-01 2.615000009536743164e-01 6.849999725818634033e-02 2.284999936819076538e-01 8.747728466987609863e-01 4.854875802993774414e-01 4.769348204135894775e-01 2.278927415609359741e-01 9.104780107736587524e-02 3.999509811401367188e-01
8.449999988079071045e-02 4.833333194255828857e-01 6.495000123977661133e-01 2.265000045299530029e-01 5.845000147819519043e-01 6.194999814033508301e-01 1.078176349401473999e-01 4.829595685005187988e-01 7.013215422630310059e-01 3.437291979789733887e-01 6.283380389213562012e-01 4.775339663028717041e-01
7.975000143051147461e-01 4.833333194255828857e-01 4.754999876022338867e-01 3.415000140666961670e-01 1.774999946355819702e-01 2.714999914169311523e-01 8.233737945556640625e-01 4.849928021430969238e-01 3.443098664283752441e-01 4.182045459747314453e-01 1.671734452247619629e-01 4.864890277385711670e-01
9.365000128746032715e-01 4.833333194255828857e-01 8.755000233650207520e-01 1.844999939203262329e-01 5.914999842643737793e-01 4.704999923706054688e-01 8.552986383438110352e-01 4.844925105571746826e-01 8.677368164062500000e-01 3.255742192268371582e-01 5.817434787750244141e-01 3.371685445308685303e-01
4.514999985694885254e-01 4.833333194255828857e-01 3.485000133514404297e-01 2.425000071525573730e-01 9.415000081062316895e-01 3.034999966621398926e-01 4.200784265995025635e-01 4.826209247112274170e-01 3.586168587207794189e-01 2.697977721691131592e-01 9.260100126266479492e-01 4.619396626949310303e-01
9.524999856948852539e-01 4.833333194255828857e-01 6.984999775886535645e-01 4.375000000000000000e-01 8.464999794960021973e-01 7.034999728202819824e-01 9.096080064773559570e-01 4.847844839096069336e-01 7.688697576522827148e-01 4.736413955688476562e-01 8.666619062423706055e-01 6.969687938690185547e-01
9.355000257492065430e-01 4.833333194255828857e-01 5.584999918937683105e-01 8.234999775886535645e-01 3.765000104904174805e-01 9.815000295639038086e-01 8.604326844215393066e-01 4.846083819866180420e-01 5.153194069862365723e-01 9.187518954277038574e-01 3.865286111831665039e-01 5.977423787117004395e-01
7.515000104904174805e-01 4.833333194255828857e-01 9.695000052452087402e-01 7.365000247955322266e-01 2.915000021457672119e-01 7.835000157356262207e-01 8.638057708740234375e-01 4.849712550640106201e-01 8.662613630294799805e-01 6.597421169281005859e-01 2.890780270099639893e-01 5.075100660324096680e-01
8.075000047683715820e-01 4.833333194255828857e-01 7.425000071525573730e-01 5.855000019073486328e-01 8.585000038146972656e-01 9.685000181198120117e-01 7.889155745506286621e-01 4.837661683559417725e-01 7.897951602935791016e-01 6.630929112434387207e-01 8.944527506828308105e-01 6.990206837654113770e-01
1.215000003576278687e-01 4.833333194255828857e-01 3.075000047683715820e-01 1.435000002384185791e-01 3.844999969005584717e-01 5.534999966621398926e-01 1.531921327114105225e-01 4.824335277080535889e-01 3.606085181236267090e-01 1.509487479925155640e-01 3.956336677074432373e-01 5.535863041877746582e-01
8.245000243186950684e-01 4.833333194255828857e-01 5.904999971389770508e-01 7.275000214576721191e-01 7.534999847412109375e-01 7.225000262260437012e-01 8.683778047561645508e-01 4.844795167446136475e-01 7.209646105766296387e-01 6.732795834541320801e-01 7.804384827613830566e-01 5.871243476867675781e-01
1.885000020265579224e-01 4.833333194255828857e-01 2.275000065565109253e-01 9.725000262260437012e-01 3.235000073909759521e-01 1.665000021457672119e-01 2.142646163702011108e-01 4.810194671154022217e-01 2.031581103801727295e-01 8.149214982986450195e-01 2.600739002227783203e-01 5.636194944381713867e-01
2.050000056624412537e-02 4.833333194255828857e-01 7.225000262260437012e-01 5.985000133514404297e-01 8.424999713897705078e-01 3.264999985694885254e-01 2.722542360424995422e-02 4.829851090908050537e-01 9.150837063789367676e-01 6.689578890800476074e-01 8.489187955856323242e-01 2.227247953414916992e-01
2.775000035762786865e-01 4.833333194255828857e-01 8.234999775886535645e-01 3.314999938011169434e-01 1.755000054836273193e-01 7.850000262260437012e-02 3.085572123527526855e-01 4.839846491813659668e-01 7.847486138343811035e-01 2.493406683206558228e-01 1.410028785467147827e-01 3.715567588806152344e-01
3.835000097751617432e-01 4.833333194255828857e-01 5.494999885559082031e-01 3.474999964237213135e-01 3.955000042915344238e-01 6.274999976158142090e-01 4.079775810241699219e-01 4.830629229545593262e-01 6.097716689109802246e-01 3.286671936511993408e-01 3.906799554824829102e-01 6.650329828262329102e-01
5.515000224113464355e-01 4.833333194255828857e-01 2.224999964237213135e-01 8.245000243186950684e-01 6.905000209808349609e-01 1.994999945163726807e-01 5.344598889350891113e-01 4.829204976558685303e-01 3.412214815616607666e-01 6.547986268997192383e-01 6.875313520431518555e-01 4.736709296703338623e-01
8.734999895095825195e-01 4.833333194255828857e-01 5.655000209808349609e-01 1.155000030994415283e-01 8.815000057220458984e-01 5.354999899864196777e-01 7.997471094131469727e-01 4.836429357528686523e-01 7.437530755996704102e-01 1.861918866634368896e-01 9.044007062911987305e-01 5.704133510589599609e-01
9.244999885559082031e-01 4.833333194255828857e-01 6.315000057220458984e-01 5.504999756813049316e-01 7.275000214576721191e-01 9.350000321865081787e-02 9.324361681938171387e-01 4.851456582546234131e-01 7.229143381118774414e-01 3.774839341640472412e-01 7.379245758056640625e-01 4.366337656974792480e-01
8.205000162124633789e-01 4.833333194255828857e-01 6.715000271797180176e-01 3.655000030994415283e-01 2.795000076293945312e-01 6.644999980926513672e-01 7.884120941162109375e-01 4.845080673694610596e-01 4.139083623886108398e-01 6.449344158172607422e-01 2.767388224601745605e-01 4.985737502574920654e-01
6.995000243186950684e-01 4.833333194255828857e-01 8.734999895095825195e-01 4.954999983310699463e-01 9.334999918937683105e-01 5.485000014305114746e-01 6.916444301605224609e-01 4.832009375095367432e-01 6.786808967590332031e-01 6.588860750198364258e-01 9.320549964904785156e-01 5.892313122749328613e-01
2.314999997615814209e-01 4.833333194255828857e-01 9.794999957084655762e-01 4.735000133514404297e-01 9.514999985694885254e-01 1.395000070333480835e-01 2.309634238481521606e-01 4.828282594680786133e-01 8.631579875946044922e-01 4.128928482532501221e-01 9.330093860626220703e-01 3.952475786209106445e-01
7.154999971389770508e-01 4.833333194255828857e-01 5.774999856948852539e-01 2.245000004768371582e-01 9.844999909400939941e-01 8.715000152587890625e-01 7.386555671691894531e-01 4.833769798278808594e-01 7.212789654731750488e-01 2.098462283611297607e-01 9.727448225021362305e-01 7.919609546661376953e-01
1.194999963045120239e-01 4.833333194255828857e-01 2.395000010728836060e-01 7.095000147819519043e-01 4.650000110268592834e-02 1.574999988079071045e-01 8.186719566583633423e-02 4.812436401844024658e-01 2.337357550859451294e-01 6.802616119384765625e-01 5.032019689679145813e-02 4.504331648349761963e-01
3.795000016689300537e-01 4.833333194255828857e-01 2.664999961853027344e-01 8.514999747276306152e-01 8.224999904632568359e-01 9.674999713897705078e-01 3.338064253330230713e-01 4.815430939197540283e-01 3.658088147640228271e-01 8.234214186668395996e-01 8.742048144340515137e-01 8.170098066329956055e-01
9.749999642372131348e-02 4.833333194255828857e-01 6.345000267028808594e-01 3.064999878406524658e-01 6.865000128746032715e-01 8.634999990463256836e-01 9.404072910547256470e-02 4.825072586536407471e-01 6.560368537902832031e-01 4.172087609767913818e-01 7.537333965301513672e-01 5.842955112457275391e-01
8.974999785423278809e-01 4.833333194255828857e-01 5.000000237487256527e-04 3.355000019073486328e-01 2.894999980926513672e-01 7.944999933242797852e-01 7.893778681755065918e-01 4.843367636203765869e-01 1.110071837902069092e-01 4.414755702018737793e-01 2.961689531803131104e-01 7.260582447052001953e-01
5.044999718666076660e-01 4.833333194255828857e-01 7.304999828338623047e-01 8.314999938011169434e-01 6.949999928474426270e-02 6.664999723434448242e-01 5.037855505943298340e-01 4.834741950035095215e-01 7.372171282768249512e-01 8.192647099494934082e-01 8.112376183271408081e-02 5.424967408180236816e-01
9.950000047683715820e-02 4.833333194255828857e-01 8.155000209808349609e-01 4.264999926090240479e-01 5.855000019073486328e-01 5.784999728202819824e-01 6.869784742593765259e-02 4.828432202339172363e-01 8.473879098892211914e-01 5.159034132957458496e-01 5.906780958175659180e-01 5.947883725166320801e-01
4.749999940395355225e-02 4.833333194255828857e-01 8.475000262260437012e-01 9.204999804496765137e-01 7.584999799728393555e-01 5.724999904632568359e-01 4.573415219783782959e-02 4.824811220169067383e-01 9.008667469024658203e-01 8.908474445343017578e-01 7.897732257843017578e-01 5.078848004341125488e-01
6.675000190734863281e-01 4.833333194255828857e-01 8.105000257492065430e-01 1.424999982118606567e-01 5.350000038743019104e-02 9.955000281333923340e-01 5.881968140602111816e-01 4.841408133506774902e-01 5.246359705924987793e-01 4.825455248355865479e-01 7.839147746562957764e-02 5.474928021430969238e-01
2.175000011920928955e-01 4.833333194255828857e-01 9.635000228881835938e-01 9.355000257492065430e-01 3.894999921321868896e-01 4.325000047683715820e-01 2.233051210641860962e-01 4.827051162719726562e-01 8.133428096771240234e-01 8.768611550331115723e-01 3.968151509761810303e-01 5.236340761184692383e-01
1.455000042915344238e-01 4.833333194255828857e-01 7.164999842643737793e-01 3.714999854564666748e-01 8.205000162124633789e-01 6.315000057220458984e-01 1.371254771947860718e-01 4.827176332473754883e-01 7.791374325752258301e-01 4.214439690113067627e-01 8.761408329010009766e-01 5.188665390014648438e-01
5.625000000000000000e-01 4.833333194255828857e-01 7.524999976158142090e-01 4.605000019073486328e-01 3.185000121593475342e-01 4.295000135898590088e-01 5.806494951248168945e-01 4.835284948348999023e-01 7.269284725189208984e-01 4.401316344738006592e-01 3.447705209255218506e-01 3.525176942348480225e-01
4.984999895095825195e-01 4.833333194255828857e-01 5.164999961853027344e-01 9.595000147819519043e-01 8.634999990463256836e-01 3.634999990463256836e-01 5.179371237754821777e-01 4.824008941650390625e-01 5.503792166709899902e-01 8.251672983169555664e-01 8.593287467956542969e-01 5.628752112388610840e-01
9.815000295639038086e-01 4.833333194255828857e-01 9.095000028610229492e-01 7.764999866485595703e-01 7.645000219345092773e-01 5.885000228881835938e-01 9.225007295608520508e-01 4.849615693092346191e-01 8.748238682746887207e-01 8.275856375694274902e-01 7.727056145668029785e-01 5.583241581916809082e-01
1.955000013113021851e-01 4.833333194255828857e-01 4.575000107288360596e-01 5.314999818801879883e-01 9.635000228881835938e-01 9.944999814033508301e-01 2.032675594091415405e-01 4.815137088298797607e-01 4.654575288295745850e-01 5.348382592201232910e-01 9.688987135887145996e-01 9.011718034744262695e-01
6.144999861717224121e-01 4.833333194255828857e-01 1.145000010728836060e-01 2.964999973773956299e-01 5.304999947547912598e-01 3.935000002384185791e-01 6.494709253311157227e-01 4.837529957294464111e-01 7.409875094890594482e-02 2.198868542909622192e-01 5.140182971954345703e-01 3.968941271305084229e-01
6.949999928474426270e-02 4.833333194255828857e-01 2.084999978542327881e-01 1.194999963045120239e-01 7.825000286102294922e-01 8.495000004768371582e-01 1.094292700290679932e-01 4.814832806587219238e-01 2.071685791015625000e-01 2.347508072853088379e-01 9.544671177864074707e-01 7.803537845611572266e-01
7.904999852180480957e-01 4.833333194255828857e-01 1.084999963641166687e-01 7.499999832361936569e-03 8.934999704360961914e-01 1.784999966621398926e-01 7.193208336830139160e-01 4.838289022445678711e-01 1.801607161760330200e-01 9.692990779876708984e-02 8.886172175407409668e-01 4.089565575122833252e-01
5.174999833106994629e-01 4.833333194255828857e-01 3.754999935626983643e-01 8.615000247955322266e-01 1.005000025033950806e-01 7.494999766349792480e-01 4.710352420806884766e-01 4.832991659641265869e-01 6.552449464797973633e-01 7.756307125091552734e-01 9.933673590421676636e-02 5.264825224876403809e-01
4.724999964237213135e-01 4.833333194255828857e-01 1.815000027418136597e-01 5.235000252723693848e-01 6.875000000000000000e-01 7.695000171661376953e-01 5.192521214485168457e-01 4.828837811946868896e-01 1.978297829627990723e-01 5.125371217727661133e-01 7.168604731559753418e-01 5.666881799697875977e-01
5.644999742507934570e-01 4.833333194255828857e-01 3.950000181794166565e-02 6.434999704360961914e-01 9.664999842643737793e-01 6.500000134110450745e-03 6.031188964843750000e-01 4.833092987537384033e-01 2.539880573749542236e-01 2.305441200733184814e-01 9.022569060325622559e-01 4.556573331356048584e-01
5.095000267028808594e-01 4.833333194255828857e-01 2.014999985694885254e-01 6.924999952316284180e-01 7.724999785423278809e-01 8.174999952316284180e-01 4.836641550064086914e-01 4.821659326553344727e-01 2.394086718559265137e-01 7.107895016670227051e-01 8.094564080238342285e-01 7.067062258720397949e-01
3.050000034272670746e-02 4.833333194255828857e-01 3.824999928474426270e-01 5.954999923706054688e-01 1.115000024437904358e-01 8.625000119209289551e-01 2.952275611460208893e-02 4.808437526226043701e-01 3.960739076137542725e-01 8.369686603546142578e-01 1.509747505187988281e-01 5.689299702644348145e-01
3.150000050663948059e-02 4.833333194255828857e-01 3.084999918937683105e-01 9.585000276565551758e-01 7.574999928474426270e-01 6.495000123977661133e-01 4.141873493790626526e-02 4.802268743515014648e-01 2.898354232311248779e-01 9.113736152648925781e-01 7.896301746368408203e-01 7.221626639366149902e-01
2.535000145435333252e-01 4.833333194255828857e-01 8.654999732971191406e-01 9.405000209808349609e-01 5.504999756813049316e-01 4.465000033378601074e-01 2.663745582103729248e-01 4.821451902389526367e-01 7.450031042098999023e-01 9.067854881286621094e-01 5.496060848236083984e-01 4.402163624763488770e-01
1.234999969601631165e-01 4.833333194255828857e-01 8.395000100135803223e-01 4.855000078678131104e-01 8.445000052452087402e-01 7.515000104904174805e-01 1.345712095499038696e-01 4.826679527759552002e-01 8.157171607017517090e-01 5.007787942886352539e-01 8.837842345237731934e-01 6.879866719245910645e-01
5.325000286102294922e-01 4.833333194255828857e-01 6.650000065565109253e-02 8.774999976158142090e-01 4.914999902248382568e-01 8.805000185966491699e-01 5.869472026824951172e-01 4.827466905117034912e-01 7.005579769611358643e-02 7.883368730545043945e-01 4.827400147914886475e-01 9.188858270645141602e-01
5.755000114440917969e-01 4.833333194255828857e-01 8.749999850988388062e-02 8.105000257492065430e-01 4.855000078678131104e-01 4.334999918937683105e-01 6.042324900627136230e-01 4.834592640399932861e-01 1.467716395854949951e-01 6.299707293510437012e-01 4.892286658287048340e-01 6.037145853042602539e-01
1.615000069141387939e-01 4.833333194255828857e-01 6.449999660253524780e-02 6.625000238418579102e-01 3.415000140666961670e-01 3.075000047683715820e-01 1.888290047645568848e-01 4.807960391044616699e-01 7.760643959045410156e-02 5.549349188804626465e-01 3.233281672000885010e-01 4.368078708648681641e-01
4.404999911785125732e-01 4.833333194255828857e-01 1.535000056028366089e-01 6.965000033378601074e-01 2.294999957084655762e-01 7.249999791383743286e-02 4.468762874603271484e-01 4.831672012805938721e-01 2.982844710350036621e-01 5.541278719902038574e-01 2.087929844856262207e-01 3.613075017929077148e-01
8.349999785423278809e-02 4.833333194255828857e-01 9.965000152587890625e-01 8.174999952316284180e-01 8.245000243186950684e-01 3.025000095367431641e-01 9.106254577636718750e-02 4.832558929920196533e-01 9.186081886291503906e-01 6.824318170547485352e-01 7.934422492980957031e-01 4.516535699367523193e-01
8.914999961853027344e-01 4.833333194255828857e-01 5.295000076293945312e-01 8.955000042915344238e-01 2.164999991655349731e-01 3.855000138282775879e-01 9.145075678825378418e-01 4.855248034000396729e-01 4.256057739257812500e-01 8.640119433403015137e-01 1.833843588829040527e-01 6.089964509010314941e-01
6.250000000000000000e-02 4.833333194255828857e-01 7.494999766349792480e-01 5.964999794960021973e-01 5.314999818801879883e-01 7.354999780654907227e-01 7.676006853580474854e-02 4.826730191707611084e-01 7.790080308914184570e-01 6.393649578094482422e-01 5.600836873054504395e-01 5.958855748176574707e-01
7.814999818801879883e-01 4.833333194255828857e-01 9.884999990463256836e-01 8.264999985694885254e-01 3.605000078678131104e-01 4.605000019073486328e-01 8.316683769226074219e-01 4.846236109733581543e-01 8.601899147033691406e-01 8.000916242599487305e-01 3.402609825134277344e-01 4.767616689205169678e-01
9.685000181198120117e-01 4.833333194255828857e-01 5.195000171661376953e-01 5.745000243186950684e-01 9.495000243186950684e-01 6.794999837875366211e-01 8.738029599189758301e-01 4.842326343059539795e-01 7.035409808158874512e-01 6.300638914108276367e-01 9.302775859832763672e-01 6.617845892906188965e-01
6.350000202655792236e-02 4.833333194255828857e-01 4.354999959468841553e-01 8.535000085830688477e-01 3.795000016689300537e-01 3.975000083446502686e-01 5.848082900047302246e-02 4.809603393077850342e-01 3.903383910655975342e-01 8.074632287025451660e-01 3.587805628776550293e-01 6.857850551605224609e-01
6.225000023841857910e-01 4.833333194255828857e-01 1.315000057220458984e-01 5.404999852180480957e-01 8.155000209808349609e-01 2.734999954700469971e-01 6.203948259353637695e-01 4.834881424903869629e-01 1.105004400014877319e-01 5.297459959983825684e-01 7.841697931289672852e-01 6.032086014747619629e-01
3.095000088214874268e-01 4.833333194255828857e-01 8.805000185966491699e-01 2.764999866485595703e-01 2.515000104904174805e-01 1.134999990463256836e-01 2.973820269107818604e-01 4.837035834789276123e-01 8.434664011001586914e-01 2.992186844348907471e-01 2.510483562946319580e-01 2.663164734840393066e-01
9.495000243186950684e-01 4.833333194255828857e-01 3.050000034272670746e-02 8.675000071525573730e-01 1.134999990463256836e-01 7.845000028610229492e-01 8.971573710441589355e-01 4.856223762035369873e-01 1.274930387735366821e-01 8.480418920516967773e-01 1.186174079775810242e-01 5.866500139236450195e-01
3.574999868869781494e-01 4.833333194255828857e-01 6.635000109672546387e-01 8.755000233650207520e-01 3.134999871253967285e-01 5.755000114440917969e-01 3.552504777908325195e-01 4.825134277343750000e-01 7.330754995346069336e-01 8.702656626701354980e-01 3.239563405513763428e-01 3.788574934005737305e-01
9.334999918937683105e-01 4.833333194255828857e-01 5.945000052452087402e-01 1.344999969005584717e-01 1.465000063180923462e-01 2.014999985694885254e-01 8.593451976776123047e-01 4.851994812488555908e-01 6.160584092140197754e-01 2.496111840009689331e-01 1.263689249753952026e-01 4.292392134666442871e-01
2.924999892711639404e-01 4.833333194255828857e-01 5.285000205039978027e-01 9.549999982118606567e-02 2.605000138282775879e-01 8.995000123977661133e-01 2.871461510658264160e-01 4.828744530677795410e-01 4.939352571964263916e-01 2.062436491250991821e-01 3.215262591838836670e-01 6.732068061828613281e-01
7.795000076293945312e-01 4.833333194255828857e-01 5.644999742507934570e-01 9.394999742507934570e-01 8.955000042915344238e-01 2.694999873638153076e-01 7.897867560386657715e-01 4.836645424365997314e-01 8.059855103492736816e-01 7.311658859252929688e-01 9.050522446632385254e-01 3.400520384311676025e-01
3.564999997615814209e-01 4.833333194255828857e-01 7.315000295639038086e-01 5.904999971389770508e-01 7.544999718666076660e-01 5.674999952316284180e-01 3.696353435516357422e-01 4.823433160781860352e-01 6.425562500953674316e-01 6.694716215133666992e-01 8.008262515068054199e-01 5.635503530502319336e-01
9.455000162124633789e-01 4.833333194255828857e-01 9.664999842643737793e-01 5.354999899864196777e-01 8.914999961853027344e-01 8.195000290870666504e-01 8.970866799354553223e-01 4.845628142356872559e-01 9.184365272521972656e-01 6.614645123481750488e-01 9.089417457580566406e-01 5.795608758926391602e-01
1.344999969005584717e-01 4.833333194255828857e-01 7.574999928474426270e-01 6.215000152587890625e-01 3.504999876022338867e-01 1.885000020265579224e-01 1.417798548936843872e-01 4.829866588115692139e-01 6.794139742851257324e-01 6.464089155197143555e-01 3.892305493354797363e-01 2.761783897876739502e-01
8.094999790191650391e-01 4.833333194255828857e-01 5.534999966621398926e-01 6.065000295639038086e-01 5.584999918937683105e-01 5.174999833106994629e-01 7.797666788101196289e-01 4.842633903026580811e-01 5.908467173576354980e-01 6.677853465080261230e-01 5.474366545677185059e-01 6.397243738174438477e-01
6.194999814033508301e-01 4.833333194255828857e-01 1.350000035017728806e-02 4.454999864101409912e-01 9.144999980926513672e-01 8.395000100135803223e-01 6.667805910110473633e-01 4.833632707595825195e-01 1.103180721402168274e-01 4.265662431716918945e-01 9.329013824462890625e-01 7.976021170616149902e-01
9.695000052452087402e-01 4.833333194255828857e-01 8.034999966621398926e-01 4.805000126361846924e-01 2.314999997615814209e-01 1.054999977350234985e-01 9.423742890357971191e-01 4.859176874160766602e-01 8.042283058166503906e-01 3.792259991168975830e-01 2.057307660579681396e-01 4.178903102874755859e-01
7.285000085830688477e-01 4.833333194255828857e-01 8.649999648332595825e-02 2.985000014305114746e-01 8.475000262260437012e-01 8.485000133514404297e-01 7.575941085815429688e-01 4.838973879814147949e-01 1.104966402053833008e-01 2.926944792270660400e-01 8.866857886314392090e-01 6.558368206024169922e-01
8.445000052452087402e-01 4.833333194255828857e-01 2.944999933242797852e-01 3.194999992847442627e-01 7.245000004768371582e-01 6.784999966621398926e-01 8.558697700500488281e-01 4.842551052570343018e-01 3.532241284847259521e-01 1.525304466485977173e-01 7.722694873809814453e-01 6.330167651176452637e-01
5.285000205039978027e-01 4.833333194255828857e-01 8.049999922513961792e-02 5.304999947547912598e-01 6.825000047683715820e-01 3.684999942779541016e-01 5.762593746185302734e-01 4.834782779216766357e-01 1.085879579186439514e-01 3.815568089485168457e-01 6.753140687942504883e-01 4.273011088371276855e-01
2.885000109672546387e-01 4.833333194255828857e-01 1.134999990463256836e-01 6.894999742507934570e-01 3.855000138282775879e-01 1.805000007152557373e-01 3.091304004192352295e-01 4.817915856838226318e-01 2.028761804103851318e-01 6.068595647811889648e-01 4.198542833328247070e-01 3.323780298233032227e-01
1.334999948740005493e-01 4.833333194255828857e-01 1.950000040233135223e-02 8.500000461935997009e-03 2.465000003576278687e-01 2.004999965429306030e-01 1.296265870332717896e-01 4.817290902137756348e-01 3.646447882056236267e-02 9.188649803400039673e-02 2.113910913467407227e-01 2.909995019435882568e-01
2.325000017881393433e-01 4.833333194255828857e-01 1.234999969601631165e-01 9.650000184774398804e-02 1.864999979734420776e-01 9.014999866485595703e-01 2.335969954729080200e-01 4.823343157768249512e-01 1.358792781829833984e-01 1.851454228162765503e-01 2.314190119504928589e-01 3.679456114768981934e-01
3.084999918937683105e-01 4.833333194255828857e-01 3.224999904632568359e-01 7.544999718666076660e-01 9.894999861717224121e-01 5.625000000000000000e-01 2.761242091655731201e-01 4.813409447669982910e-01 3.623529374599456787e-01 7.132883071899414062e-01 9.419476389884948730e-01 7.878509163856506348e-01
9.825000166893005371e-01 4.833333194255828857e-01 7.195000052452087402e-01 6.915000081062316895e-01 6.025000214576721191e-01 7.764999866485595703e-01 9.195721745491027832e-01 4.850525856018066406e-01 8.351770043373107910e-01 7.666949033737182617e-01 6.114187836647033691e-01 6.544138789176940918e-01
2.845000028610229492e-01 4.833333194255828857e-01 9.434999823570251465e-01 5.385000109672546387e-01 6.644999980926513672e-01 7.425000071525573730e-01 2.710549235343933105e-01 4.827470183372497559e-01 7.831748127937316895e-01 7.032558917999267578e-01 6.835935115814208984e-01 5.751047730445861816e-01
8.414999842643737793e-01 4.833333194255828857e-01 8.144999742507934570e-01 1.465000063180923462e-01 9.204999804496765137e-01 1.124999970197677612e-01 8.091699481010437012e-01 4.838924109935760498e-01 7.996515035629272461e-01 2.862524092197418213e-01 9.324219822883605957e-01 4.357232153415679932e-01
9.054999947547912598e-01 4.833333194255828857e-01 2.565000057220458984e-01 3.285000026226043701e-01 4.785000085830688477e-01 2.304999977350234985e-01 9.042564630508422852e-01 4.850623309612274170e-01 1.989509612321853638e-01 2.621843218803405762e-01 4.528689682483673096e-01 5.038304924964904785e-01
3.944999873638153076e-01 4.833333194255828857e-01 1.924999952316284180e-01 1.049999985843896866e-02 8.184999823570251465e-01 5.245000123977661133e-01 3.505128324031829834e-01 4.824382960796356201e-01 2.244971245527267456e-01 2.304547727108001709e-01 8.515536189079284668e-01 4.861144125461578369e-01
7.750000059604644775e-02 4.833333194255828857e-01 8.414999842643737793e-01 7.894999980926513672e-01 7.455000281333923340e-01 1.525000035762786865e-01 8.408667147159576416e-02 4.833841621875762939e-01 8.827770948410034180e-01 6.919757723808288574e-01 7.300070524215698242e-01 3.060901165008544922e-01
6.604999899864196777e-01 4.833333194255828857e-01 4.724999964237213135e-01 2.745000123977661133e-01 5.475000143051147461e-01 8.295000195503234863e-01 6.500623822212219238e-01 4.833357930183410645e-01 5.463960766792297363e-01 2.280893921852111816e-01 5.259325504302978516e-01 7.491585016250610352e-01
4.375000000000000000e-01 4.833333194255828857e-01 1.324999928474426270e-01 4.745000004768371582e-01 6.575000286102294922e-01 8.985000252723693848e-01 4.450903832912445068e-01 4.823730289936065674e-01 1.647121757268905640e-01 5.725262165069580078e-01 6.870114803314208984e-01 5.852217674255371094e-01
9.875000119209289551e-01 4.833333194255828857e-01 5.924999713897705078e-01 9.315000176429748535e-01 3.255000114440917969e-01 5.164999961853027344e-01 9.040695428848266602e-01 4.852041900157928467e-01 8.686063289642333984e-01 7.875241041183471680e-01 3.047931492328643799e-01 4.388618469238281250e-01
6.664999723434448242e-01 4.833333194255828857e-01 7.875000238418579102e-01 9.014999866485595703e-01 1.344999969005584717e-01 1.864999979734420776e-01 6.794981956481933594e-01 4.842481911182403564e-01 8.334910273551940918e-01 8.275229930877685547e-01 1.154140904545783997e-01 3.674609959125518799e-01
8.625000119209289551e-01 4.833333194255828857e-01 8.934999704360961914e-01 9.045000076293945312e-01 7.894999980926513672e-01 2.294999957084655762e-01 8.245740532875061035e-01 4.837616086006164551e-01 8.536481261253356934e-01 9.143168926239013672e-01 8.140041828155517578e-01 4.444046914577484131e-01
7.164999842643737793e-01 4.833333194255828857e-01 6.554999947547912598e-01 4.765000045299530029e-01 5.864999890327453613e-01 3.375000059604644775e-01 6.636852025985717773e-01 4.835328757762908936e-01 6.879344582557678223e-01 5.167779326438903809e-01 5.837413072586059570e-01 3.134898841381072998e-01
5.525000095367431641e-01 4.833333194255828857e-01 4.954999983310699463e-01 8.924999833106994629e-01 7.024999856948852539e-01 2.885000109672546387e-01 5.163649916648864746e-01 4.823862314224243164e-01 5.419154763221740723e-01 8.625602722167968750e-01 7.083458900451660156e-01 4.065720736980438232e-01
5.864999890327453613e-01 4.833333194255828857e-01 8.924999833106994629e-01 4.995000064373016357e-01 3.550000116229057312e-02 7.795000076293945312e-01 6.230770349502563477e-01 4.843176305294036865e-01 7.470028400421142578e-01 5.420655608177185059e-01 6.878188252449035645e-02 4.950605034828186035e-01
6.049999967217445374e-02 4.833333194255828857e-01 8.284999728202819824e-01 4.584999978542327881e-01 2.745000123977661133e-01 8.604999780654907227e-01 6.356317549943923950e-02 4.823029935359954834e-01 7.836741805076599121e-01 4.432529807090759277e-01 2.920332252979278564e-01 7.856886982917785645e-01
5.444999933242797852e-01 4.833333194255828857e-01 1.334999948740005493e-01 2.804999947547912598e-01 6.500000134110450745e-03 4.524999856948852539e-01 5.320779681205749512e-01 4.843088388442993164e-01 1.789103746414184570e-01 2.735423147678375244e-01 4.857731238007545471e-02 3.446464836597442627e-01
1.484999954700469971e-01 4.833333194255828857e-01 2.245000004768371582e-01 7.664999961853027344e-01 9.325000047683715820e-01 7.954999804496765137e-01 1.324745565652847290e-01 4.803381264209747314e-01 1.932373195886611938e-01 7.822019457817077637e-01 9.303560853004455566e-01 9.141400456428527832e-01
5.350000038743019104e-02 4.833333194255828857e-01 3.785000145435333252e-01 5.065000057220458984e-01 9.175000190734863281e-01 8.364999890327453613e-01 8.087026327848434448e-02 4.808936119079589844e-01 3.461124598979949951e-01 5.350682139396667480e-01 9.784306883811950684e-01 9.432980418205261230e-01
1.500000013038516045e-03 4.833333194255828857e-01 1.564999967813491821e-01 2.994999885559082031e-01 7.684999704360961914e-01 2.784999907016754150e-01 5.301837623119354248e-02 4.811393022537231445e-01 1.411594599485397339e-01 2.689573168754577637e-01 8.442093729972839355e-01 2.649777829647064209e-01
6.834999918937683105e-01 4.833333194255828857e-01 9.049999713897705078e-02 1.494999974966049194e-01 3.145000040531158447e-01 1.624999940395355225e-01 6.096409559249877930e-01 4.838578701019287109e-01 1.275463849306106567e-01 1.670787930488586426e-01 3.073602020740509033e-01 2.761546671390533447e-01
1.924999952316284180e-01 4.833333194255828857e-01 3.750000149011611938e-02 8.250000327825546265e-02 1.675000041723251343e-01 9.405000209808349609e-01 1.439863592386245728e-01 4.811140298843383789e-01 6.050140410661697388e-02 1.441358625888824463e-01 1.804772466421127319e-01 7.987954020500183105e-01
8.424999713897705078e-01 4.833333194255828857e-01 8.324999809265136719e-01 2.405000030994415283e-01 3.835000097751617432e-01 8.049999922513961792e-02 8.751628994941711426e-01 4.849332571029663086e-01 6.248702406883239746e-01 3.516930937767028809e-01 3.826891183853149414e-01 3.655047118663787842e-01
3.824999928474426270e-01 4.833333194255828857e-01 8.349999785423278809e-02 6.995000243186950684e-01 1.574999988079071045e-01 9.149999916553497314e-02 4.106218218803405762e-01 4.829004108905792236e-01 6.316062808036804199e-02 6.638092398643493652e-01 1.255964338779449463e-01 3.159095346927642822e-01
1.665000021457672119e-01 4.833333194255828857e-01 2.655000090599060059e-01 3.925000131130218506e-01 2.234999984502792358e-01 7.914999723434448242e-01 1.820088624954223633e-01 4.820038080215454102e-01 2.961334884166717529e-01 4.023720920085906982e-01 2.520698606967926025e-01 5.909532308578491211e-01
9.894999861717224121e-01 4.833333194255828857e-01 1.624999940395355225e-01 4.949999973177909851e-02 7.005000114440917969e-01 4.045000076293945312e-01 8.650212287902832031e-01 4.844087958335876465e-01 2.829346060752868652e-01 8.940175175666809082e-02 7.170072793960571289e-01 4.430416822433471680e-01
6.775000095367431641e-01 4.833333194255828857e-01 8.615000247955322266e-01 9.785000085830688477e-01 5.385000109672546387e-01 5.385000109672546387e-01 7.013570666313171387e-01 4.834222495555877686e-01 8.426852226257324219e-01 9.158539772033691406e-01 5.253546833992004395e-01 4.767509400844573975e-01
7.344999909400939941e-01 4.833333194255828857e-01 9.735000133514404297e-01 5.674999952316284180e-01 7.384999990463256836e-01 8.774999976158142090e-01 7.099365592002868652e-01 4.834413230419158936e-01 7.671594023704528809e-01 7.951018810272216797e-01 7.707061171531677246e-01 4.127177894115447998e-01
5.904999971389770508e-01 4.833333194255828857e-01 9.505000114440917969e-01 7.225000262260437012e-01 7.664999961853027344e-01 7.605000138282775879e-01 6.057158112525939941e-01 4.830172657966613770e-01 8.441603779792785645e-01 8.426338434219360352e-01 7.996655702590942383e-01 5.547608733177185059e-01
4.225000143051147461e-01 4.833333194255828857e-01 9.144999980926513672e-01 2.025000005960464478e-01 1.644999980926513672e-01 6.150000169873237610e-02 4.004198014736175537e-01 4.837203025817871094e-01 7.591328024864196777e-01 3.762610554695129395e-01 1.474512219429016113e-01 3.529372811317443848e-01
8.049999922513961792e-02 4.833333194255828857e-01 7.975000143051147461e-01 6.464999914169311523e-01 5.615000128746032715e-01 4.735000133514404297e-01 6.992711126804351807e-02 4.829657077789306641e-01 8.555586338043212891e-01 6.915649771690368652e-01 5.969462394714355469e-01 4.119182825088500977e-01
8.274999856948852539e-01 4.833333194255828857e-01 3.855000138282775879e-01 4.095000028610229492e-01 4.084999859333038330e-01 3.544999957084655762e-01 7.743623852729797363e-01 4.844240248203277588e-01 5.274652838706970215e-01 4.210440814495086670e-01 3.976780474185943604e-01 4.172078371047973633e-01
5.000000237487256527e-04 4.833333194255828857e-01 1.615000069141387939e-01 1.284999996423721313e-01 2.549999952316284180e-02 3.664999902248382568e-01 2.932561002671718597e-02 4.814294576644897461e-01 1.488972902297973633e-01 1.006000936031341553e-01 3.499740734696388245e-02 4.042006433010101318e-01
1.875000000000000000e-01 4.833333194255828857e-01 3.765000104904174805e-01 6.315000057220458984e-01 3.815000057220458984e-01 9.024999737739562988e-01 1.715847253799438477e-01 4.813281297683715820e-01 3.894963562488555908e-01 7.163677811622619629e-01 3.964791595935821533e-01 7.916212677955627441e-01
7.024999856948852539e-01 4.833333194255828857e-01 6.754999756813049316e-01 4.499999806284904480e-03 3.005000054836273193e-01 4.314999878406524658e-01 6.308236718177795410e-01 4.839702546596527100e-01 7.532055377960205078e-01 1.287523061037063599e-01 3.038064241409301758e-01 5.609843730926513672e-01
1.305000036954879761e-01 4.833333194255828857e-01 8.385000228881835938e-01 7.534999847412109375e-01 7.150000333786010742e-02 4.949999973177909851e-02 1.122566834092140198e-01 4.831168949604034424e-01 8.100630044937133789e-01 7.408760190010070801e-01 6.016288325190544128e-02 4.626654088497161865e-01
2.565000057220458984e-01 4.833333194255828857e-01 4.505000114440917969e-01 8.395000100135803223e-01 1.385000050067901611e-01 2.834999859333038330e-01 2.597639858722686768e-01 4.823806285858154297e-01 4.614119827747344971e-01 8.113361597061157227e-01 1.304872184991836548e-01 3.722949624061584473e-01
8.184999823570251465e-01 4.833333194255828857e-01 5.214999914169311523e-01 6.635000109672546387e-01 9.424999952316284180e-01 7.294999957084655762e-01 8.573716878890991211e-01 4.842140674591064453e-01 6.487788558006286621e-01 5.391423106193542480e-01 9.356707334518432617e-01 7.491358518600463867e-01
4.934999942779541016e-01 4.833333194255828857e-01 2.549999952316284180e-02 8.845000267028808594e-01 7.649999856948852539e-02 3.045000135898590088e-01 5.192788243293762207e-01 4.834328591823577881e-01 8.469589799642562866e-02 7.725144624710083008e-01 5.602931231260299683e-02 6.160672307014465332e-01
8.855000138282775879e-01 4.833333194255828857e-01 9.595000147819519043e-01 4.295000135898590088e-01 5.184999704360961914e-01 2.335000038146972656e-01 8.636300563812255859e-01 4.847342967987060547e-01 8.192877173423767090e-01 5.865917205810546875e-01 5.112187266349792480e-01 4.821119904518127441e-01
5.335000157356262207e-01 4.833333194255828857e-01 6.044999957084655762e-01 9.534999728202819824e-01 4.995000064373016357e-01 2.154999971389770508e-01 5.402432084083557129e-01 4.828869700431823730e-01 7.570184469223022461e-01 8.339183926582336426e-01 5.285624861717224121e-01 2.391417920589447021e-01
4.695000052452087402e-01 4.833333194255828857e-01 3.544999957084655762e-01 7.494999766349792480e-01 8.824999928474426270e-01 3.014999926090240479e-01 4.833526313304901123e-01 4.823992252349853516e-01 3.937997817993164062e-01 6.914068460464477539e-01 8.750787377357482910e-01 4.441616237163543701e-01
8.234999775886535645e-01 4.833333194255828857e-01 1.344999969005584717e-01 2.050000056624412537e-02 7.365000247955322266e-01 3.115000128746032715e-01 8.314647674560546875e-01 4.845075607299804688e-01 6.935714185237884521e-02 1.087253168225288391e-01 7.452222108840942383e-01 4.587303698062896729e-01
5.065000057220458984e-01 4.833333194255828857e-01 2.294999957084655762e-01 8.084999918937683105e-01 2.175000011920928955e-01 4.805000126361846924e-01 5.119466781616210938e-01 4.831927120685577393e-01 3.703760802745819092e-01 6.381031870841979980e-01 2.091854810714721680e-01 5.446954369544982910e-01
1.724999994039535522e-01 4.833333194255828857e-01 4.115000069141387939e-01 7.135000228881835938e-01 8.250000327825546265e-02 5.115000009536743164e-01 1.615747809410095215e-01 4.822763204574584961e-01 4.463923573493957520e-01 7.189739346504211426e-01 8.965441584587097168e-02 3.789722919464111328e-01
3.774999976158142090e-01 4.833333194255828857e-01 9.674999713897705078e-01 1.585000008344650269e-01 6.075000166893005371e-01 6.115000247955322266e-01 3.860319554805755615e-01 4.830190837383270264e-01 8.009003400802612305e-01 3.156490623950958252e-01 6.396859884262084961e-01 3.093954920768737793e-01
6.575000286102294922e-01 4.833333194255828857e-01 6.744999885559082031e-01 7.415000200271606445e-01 9.445000290870666504e-01 1.404999941587448120e-01 6.855569481849670410e-01 4.832075238227844238e-01 7.990015149116516113e-01 5.811868309974670410e-01 9.298105835914611816e-01 4.033440053462982178e-01
8.025000095367431641e-01 4.833333194255828857e-01 4.684999883174896240e-01 3.364999890327453613e-01 5.895000100135803223e-01 2.234999984502792358e-01 7.352827191352844238e-01 4.840680062770843506e-01 6.265793442726135254e-01 3.504312634468078613e-01 5.870456099510192871e-01 4.089593887329101562e-01
5.295000076293945312e-01 4.833333194255828857e-01 3.515000045299530029e-01 1.564999967813491821e-01 8.615000247955322266e-01 4.634999930858612061e-01 5.505475401878356934e-01 4.831904172897338867e-01 1.779051572084426880e-01 2.134980857372283936e-01 8.506098389625549316e-01 5.561238527297973633e-01
6.765000224113464355e-01 4.833333194255828857e-01 6.500000134110450745e-03 5.950000137090682983e-02 8.715000152587890625e-01 8.184999823570251465e-01 6.912402510643005371e-01 4.838978350162506104e-01 1.986673921346664429e-01 1.017173156142234802e-01 8.978442549705505371e-01 5.146529078483581543e-01
1.225000023841857910e-01 4.833333194255828857e-01 5.024999976158142090e-01 7.164999842643737793e-01 7.904999852180480957e-01 7.664999961853027344e-01 1.129381433129310608e-01 4.814288020133972168e-01 5.302940011024475098e-01 7.659916877746582031e-01 8.636309504508972168e-01 7.533822655677795410e-01
5.964999794960021973e-01 4.833333194255828857e-01 3.154999911785125732e-01 7.124999761581420898e-01 9.085000157356262207e-01 4.154999852180480957e-01 6.480824947357177734e-01 4.830118715763092041e-01 2.880123555660247803e-01 5.646113157272338867e-01 9.081660509109497070e-01 7.017836570739746094e-01
3.894999921321868896e-01 4.833333194255828857e-01 3.975000083446502686e-01 7.484999895095825195e-01 9.225000143051147461e-01 3.905000090599060059e-01 3.422515690326690674e-01 4.817338585853576660e-01 5.003100633621215820e-01 7.254837751388549805e-01 8.948071599006652832e-01 6.647920012474060059e-01
9.925000071525573730e-01 4.833333194255828857e-01 4.034999907016754150e-01 9.685000181198120117e-01 7.434999942779541016e-01 7.544999718666076660e-01 9.515558481216430664e-01 4.854609072208404541e-01 5.674899220466613770e-01 7.963305115699768066e-01 7.605584859848022461e-01 7.110291123390197754e-01
1.244999989867210388e-01 4.833333194255828857e-01 8.215000033378601074e-01 1.474999934434890747e-01 1.975000053644180298e-01 1.305000036954879761e-01 1.100119948387145996e-01 4.840892255306243896e-01 7.809617519378662109e-01 1.592217981815338135e-01 1.878104507923126221e-01 1.782385110855102539e-01
9.745000004768371582e-01 4.833333194255828857e-01 9.024999737739562988e-01 6.715000271797180176e-01 4.450000077486038208e-02 9.185000061988830566e-01 9.006990194320678711e-01 4.855850934982299805e-01 7.838160395622253418e-01 8.871605992317199707e-01 6.474677473306655884e-02 4.726057350635528564e-01
7.304999828338623047e-01 4.833333194255828857e-01 9.004999995231628418e-01 3.935000002384185791e-01 7.864999771118164062e-01 1.794999986886978149e-01 7.772953510284423828e-01 4.839103817939758301e-01 7.800647020339965820e-01 4.349348247051239014e-01 7.925064563751220703e-01 4.256760776042938232e-01
6.414999961853027344e-01 4.833333194255828857e-01 3.384999930858612061e-01 9.564999938011169434e-01 2.885000109672546387e-01 8.914999961853027344e-01 6.058073043823242188e-01 4.828742742538452148e-01 3.496062755584716797e-01 9.306266307830810547e-01 2.883568108081817627e-01 7.349038720130920410e-01
7.264999747276306152e-01 4.833333194255828857e-01 6.445000171661376953e-01 6.035000085830688477e-01 8.435000181198120117e-01 1.244999989867210388e-01 7.176546454429626465e-01 4.834724664688110352e-01 6.208398342132568359e-01 6.062602400779724121e-01 8.608812093734741211e-01 4.088016450405120850e-01
5.954999923706054688e-01 4.833333194255828857e-01 4.934999942779541016e-01 3.550000116229057312e-02 7.764999866485595703e-01 8.115000128746032715e-01 5.447584390640258789e-01 4.830915927886962891e-01 4.484970867633819580e-01 2.361833155155181885e-01 8.352786302566528320e-01 4.356682300567626953e-01
9.004999995231628418e-01 4.833333194255828857e-01 5.795000195503234863e-01 3.664999902248382568e-01 1.844999939203262329e-01 1.735000014305114746e-01 8.364310264587402344e-01 4.849765300750732422e-01 5.822138786315917969e-01 4.496418237686157227e-01 1.507689952850341797e-01 4.254042804241180420e-01
3.325000107288360596e-01 4.833333194255828857e-01 5.435000061988830566e-01 7.245000004768371582e-01 5.465000271797180176e-01 8.974999785423278809e-01 3.644576668739318848e-01 4.823048710823059082e-01 5.391446948051452637e-01 7.589185237884521484e-01 5.518772602081298828e-01 7.457888126373291016e-01
8.644999861717224121e-01 4.833333194255828857e-01 5.695000290870666504e-01 6.094999909400939941e-01 9.350000321865081787e-02 5.715000033378601074e-01 8.202243447303771973e-01 4.849957227706909180e-01 6.314509510993957520e-01 6.561133861541748047e-01 1.017798408865928650e-01 4.455692768096923828e-01
6.115000247955322266e-01 4.833333194255828857e-01 2.964999973773956299e-01 3.384999930858612061e-01 4.034999907016754150e-01 1.385000050067901611e-01 6.711612343788146973e-01 4.838127195835113525e-01 3.085569143295288086e-01 1.607039123773574829e-01 3.996323049068450928e-01 3.819845318794250488e-01
9.499999694526195526e-03 4.833333194255828857e-01 7.145000100135803223e-01 8.034999966621398926e-01 8.015000224113464355e-01 8.794999718666076660e-01 5.167583748698234558e-02 4.818480312824249268e-01 8.308957219123840332e-01 7.008847594261169434e-01 9.340783357620239258e-01 8.810458183288574219e-01
7.914999723434448242e-01 4.833333194255828857e-01 9.250000119209289551e-02 1.164999976754188538e-01 8.884999752044677734e-01 1.965000033378601074e-01 7.905595898628234863e-01 4.842198789119720459e-01 1.238672733306884766e-01 1.061705350875854492e-01 8.599491715431213379e-01 4.999767541885375977e-01
2.035000026226043701e-01 4.833333194255828857e-01 2.705000042915344238e-01 7.774999737739562988e-01 6.175000071525573730e-01 7.024999856948852539e-01 2.244195193052291870e-01 4.809547662734985352e-01 2.326897233724594116e-01 7.862170338630676270e-01 6.121726632118225098e-01 7.048091292381286621e-01
6.305000185966491699e-01 4.833333194255828857e-01 7.214999794960021973e-01 8.914999961853027344e-01 3.454999923706054688e-01 1.295000016689300537e-01 6.233543157577514648e-01 4.834787547588348389e-01 7.448599338531494141e-01 8.355343937873840332e-01 3.433383703231811523e-01 3.026304543018341064e-01
4.905000030994415283e-01 4.833333194255828857e-01 3.045000135898590088e-01 6.455000042915344238e-01 9.865000247955322266e-01 3.500000108033418655e-03 4.757176041603088379e-01 4.825103282928466797e-01 4.590107500553131104e-01 4.459692239761352539e-01 9.321672916412353516e-01 4.078484773635864258e-01
6.395000219345092773e-01 4.833333194255828857e-01 7.294999957084655762e-01 5.724999904632568359e-01 5.575000047683715820e-01 1.334999948740005493e-01 5.866073966026306152e-01 4.833635985851287842e-01 8.061931133270263672e-01 5.813275575637817383e-01 5.572404265403747559e-01 3.729639351367950439e-01
1.445000022649765015e-01 4.833333194255828857e-01 8.454999923706054688e-01 3.395000100135803223e-01 2.084999978542327881e-01 7.415000200271606445e-01 1.167193204164505005e-01 4.829935133457183838e-01 7.516746520996093750e-01 3.868018686771392822e-01 2.269719243049621582e-01 6.170571446418762207e-01
9.849999845027923584e-02 4.833333194255828857e-01 1.105000004172325134e-01 8.950000256299972534e-02 8.345000147819519043e-01 9.315000176429748535e-01 1.034225896000862122e-01 4.811339974403381348e-01 1.387920677661895752e-01 2.587402760982513428e-01 9.756320118904113770e-01 9.052278399467468262e-01
8.004999756813049316e-01 4.833333194255828857e-01 4.805000126361846924e-01 9.384999871253967285e-01 6.265000104904174805e-01 3.655000030994415283e-01 8.518105149269104004e-01 4.844035506248474121e-01 4.480668008327484131e-01 8.563175797462463379e-01 6.032691001892089844e-01 5.544203519821166992e-01
5.764999985694885254e-01 4.833333194255828857e-01 6.575000286102294922e-01 4.065000116825103760e-01 4.384999871253967285e-01 9.854999780654907227e-01 5.804914832115173340e-01 4.830430150032043457e-01 5.131073594093322754e-01 4.791395664215087891e-01 4.333211481571197510e-01 7.559008598327636719e-01
4.314999878406524658e-01 4.833333194255828857e-01 8.985000252723693848e-01 9.735000133514404297e-01 1.665000021457672119e-01 3.835000097751617432e-01 4.584346711635589600e-01 4.832712113857269287e-01 8.311159610748291016e-01 8.769151568412780762e-01 1.390338838100433350e-01 4.811578392982482910e-01
6.094999909400939941e-01 4.833333194255828857e-01 1.755000054836273193e-01 6.804999709129333496e-01 3.465000092983245850e-01 6.535000205039978027e-01 5.391803383827209473e-01 4.828640520572662354e-01 1.829212903976440430e-01 7.515614032745361328e-01 3.629285395145416260e-01 7.696933746337890625e-01
6.625000238418579102e-01 4.833333194255828857e-01 7.544999718666076660e-01 8.625000119209289551e-01 2.504999935626983643e-01 2.894999980926513672e-01 7.458624243736267090e-01 4.843325018882751465e-01 6.947214603424072266e-01 7.677259445190429688e-01 2.194680571556091309e-01 4.342415034770965576e-01
1.005000025033950806e-01 4.833333194255828857e-01 7.695000171661376953e-01 4.325000047683715820e-01 1.714999973773956299e-01 3.474999964237213135e-01 1.003215536475181580e-01 4.839126169681549072e-01 8.245657086372375488e-01 4.195926189422607422e-01 1.591337025165557861e-01 2.463938891887664795e-01
3.125000000000000000e-01 4.833333194255828857e-01 2.349999919533729553e-02 6.154999732971191406e-01 9.764999747276306152e-01 5.615000128746032715e-01 3.082479536533355713e-01 4.817946851253509521e-01 1.121983826160430908e-01 4.339012801647186279e-01 9.297227859497070312e-01 8.376662135124206543e-01
7.825000286102294922e-01 4.833333194255828857e-01 6.025000214576721191e-01 5.005000233650207520e-01 2.725000083446502686e-01 4.724999964237213135e-01 8.217315673828125000e-01 4.846746921539306641e-01 3.990422189235687256e-01 6.273113489151000977e-01 2.469688206911087036e-01 4.382368028163909912e-01
3.975000083446502686e-01 4.833333194255828857e-01 4.045000076293945312e-01 5.295000076293945312e-01 8.755000233650207520e-01 9.114999771118164062e-01 3.780069649219512939e-01 4.820575714111328125e-01 4.932480156421661377e-01 6.031558513641357422e-01 9.303429126739501953e-01 8.036727905273437500e-01
8.604999780654907227e-01 4.833333194255828857e-01 4.424999952316284180e-01 3.795000016689300537e-01 3.050000034272670746e-02 1.905000060796737671e-01 8.726773262023925781e-01 4.856562316417694092e-01 2.897039651870727539e-01 5.346588492393493652e-01 5.981979146599769592e-02 4.210744500160217285e-01
9.024999737739562988e-01 4.833333194255828857e-01 1.665000021457672119e-01 5.254999995231628418e-01 8.784999847412109375e-01 3.084999918937683105e-01 8.488177061080932617e-01 4.843504130840301514e-01 3.408621549606323242e-01 4.240489602088928223e-01 8.743315339088439941e-01 6.491555571556091309e-01
6.014999747276306152e-01 4.833333194255828857e-01 3.235000073909759521e-01 1.005000025033950806e-01 1.750000007450580597e-02 2.275000065565109253e-01 6.471668481826782227e-01 4.847704768180847168e-01 2.646830976009368896e-01 1.006876900792121887e-01 4.613104462623596191e-02 2.813286781311035156e-01
3.925000131130218506e-01 4.833333194255828857e-01 7.965000271797180176e-01 1.075000017881393433e-01 1.994999945163726807e-01 2.475000023841857910e-01 3.884935379028320312e-01 4.838875532150268555e-01 8.261767625808715820e-01 1.116181537508964539e-01 1.801116019487380981e-01 2.396617531776428223e-01
9.135000109672546387e-01 4.833333194255828857e-01 7.275000214576721191e-01 3.574999868869781494e-01 1.474999934434890747e-01 6.744999885559082031e-01 8.843203783035278320e-01 4.854150414466857910e-01 5.566192865371704102e-01 5.565064549446105957e-01 1.335255354642868042e-01 4.391885399818420410e-01
7.494999766349792480e-01 4.833333194255828857e-01 3.305000066757202148e-01 6.704999804496765137e-01 9.024999737739562988e-01 8.749999850988388062e-02 8.224096298217773438e-01 4.841322004795074463e-01 5.807284712791442871e-01 3.896770775318145752e-01 8.833248019218444824e-01 5.441197156906127930e-01
6.175000071525573730e-01 4.833333194255828857e-01 7.055000066757202148e-01 1.975000053644180298e-01 9.154999852180480957e-01 9.714999794960021973e-01 6.075654625892639160e-01 4.829421043395996094e-01 5.797637104988098145e-01 3.373807966709136963e-01 9.448084235191345215e-01 7.489779591560363770e-01
9.574999809265136719e-01 4.833333194255828857e-01 8.345000147819519043e-01 2.055000066757202148e-01 6.635000109672546387e-01 9.865000247955322266e-01 9.321286678314208984e-01 4.852112531661987305e-01 7.282953262329101562e-01 3.314681351184844971e-01 6.659684777259826660e-01 6.329225301742553711e-01
2.154999971389770508e-01 4.833333194255828857e-01 1.414999961853027344e-01 5.914999842643737793e-01 8.404999971389770508e-01 1.895000040531158447e-01 2.275882512331008911e-01 4.816989600658416748e-01 1.957731246948242188e-01 4.670789837837219238e-01 8.271514773368835449e-01 3.506822586059570312e-01
7.475000023841857910e-01 4.833333194255828857e-01 6.924999952316284180e-01 6.614999771118164062e-01 1.544999927282333374e-01 6.524999737739562988e-01 7.398427724838256836e-01 4.844968318939208984e-01 7.035186886787414551e-01 7.272938489913940430e-01 1.359404772520065308e-01 4.418034255504608154e-01
7.145000100135803223e-01 4.833333194255828857e-01 6.524999737739562988e-01 3.765000104904174805e-01 4.964999854564666748e-01 4.749999940395355225e-02 7.560864090919494629e-01 4.840963780879974365e-01 7.169397473335266113e-01 2.503977417945861816e-01 5.184170007705688477e-01 2.402601242065429688e-01
4.549999907612800598e-02 4.833333194255828857e-01 4.645000100135803223e-01 3.345000147819519043e-01 7.615000009536743164e-01 3.754999935626983643e-01 9.559243917465209961e-02 4.819981455802917480e-01 4.174251854419708252e-01 2.585236430168151855e-01 7.676073908805847168e-01 6.138605475425720215e-01
3.384999930858612061e-01 4.833333194255828857e-01 8.945000171661376953e-01 2.874999940395355225e-01 9.815000295639038086e-01 2.649999968707561493e-02 3.399792313575744629e-01 4.830034077167510986e-01 8.323956131935119629e-01 2.523492574691772461e-01 9.432523250579833984e-01 3.533495068550109863e-01
4.325000047683715820e-01 4.833333194255828857e-01 3.215000033378601074e-01 9.144999980926513672e-01 9.849999845027923584e-02 4.925000071525573730e-01 4.653162658214569092e-01 4.829852581024169922e-01 3.230001032352447510e-01 8.144828677177429199e-01 9.398996084928512573e-02 6.093693971633911133e-01
7.114999890327453613e-01 4.833333194255828857e-01 2.975000143051147461e-01 6.449999660253524780e-02 8.234999775886535645e-01 1.850000023841857910e-02 7.502536177635192871e-01 4.840369820594787598e-01 3.782586157321929932e-01 9.194181859493255615e-02 8.139232993125915527e-01 4.117349386215209961e-01
5.924999713897705078e-01 4.833333194255828857e-01 1.850000023841857910e-02 5.575000047683715820e-01 8.749999850988388062e-02 4.050000011920928955e-02 5.651995539665222168e-01 4.843335151672363281e-01 1.754106134176254272e-01 3.800533711910247803e-01 8.366334438323974609e-02 3.302012681961059570e-01
5.554999709129333496e-01 4.833333194255828857e-01 9.455000162124633789e-01 5.000000237487256527e-04 9.965000152587890625e-01 2.705000042915344238e-01 5.739505290985107422e-01 4.833378195762634277e-01 8.284153938293457031e-01 1.246628463268280029e-01 9.557036161422729492e-01 4.476430118083953857e-01
6.934999823570251465e-01 4.833333194255828857e-01 1.295000016689300537e-01 4.050000011920928955e-02 4.349999874830245972e-02 2.685000002384185791e-01 7.351675629615783691e-01 4.849355518817901611e-01 5.716874077916145325e-02 1.459951251745223999e-01 5.314657092094421387e-02 4.559157788753509521e-01
7.649999856948852539e-02 4.833333194255828857e-01 5.174999833106994629e-01 6.535000205039978027e-01 4.225000143051147461e-01 7.095000147819519043e-01 7.647232711315155029e-02 4.816282689571380615e-01 5.337274074554443359e-01 7.085824012756347656e-01 4.477792084217071533e-01 7.145407795906066895e-01
4.675000011920928955e-01 4.833333194255828857e-01 4.174999892711639404e-01 9.804999828338623047e-01 3.785000145435333252e-01 4.174999892711639404e-01 4.799142777919769287e-01 4.824654757976531982e-01 4.546273648738861084e-01 8.838241100311279297e-01 3.761606514453887939e-01 5.620784759521484375e-01
5.504999756813049316e-01 4.833333194255828857e-01 7.185000181198120117e-01 1.134999990463256836e-01 6.725000143051147461e-01 2.845000028610229492e-01 5.918025970458984375e-01 4.834767580032348633e-01 6.836771368980407715e-01 1.093715056777000427e-01 6.873132586479187012e-01 2.910767197608947754e-01
1.284999996423721313e-01 4.833333194255828857e-01 5.314999818801879883e-01 1.105000004172325134e-01 6.284999847412109375e-01 8.884999752044677734e-01 1.449294239282608032e-01 4.823046028614044189e-01 4.590626657009124756e-01 2.696068286895751953e-01 6.642557382583618164e-01 5.962786078453063965e-01
7.724999785423278809e-01 4.833333194255828857e-01 5.565000176429748535e-01 4.165000021457672119e-01 6.345000267028808594e-01 6.345000267028808594e-01 7.916822433471679688e-01 4.840891063213348389e-01 7.725715637207031250e-01 2.595876753330230713e-01 6.416498422622680664e-01 5.039140582084655762e-01
8.054999709129333496e-01 4.833333194255828857e-01 5.885000228881835938e-01 1.324999928474426270e-01 9.994999766349792480e-01 2.924999892711639404e-01 7.651029825210571289e-01 4.836926460266113281e-01 7.273355126380920410e-01 1.598875373601913452e-01 9.619598388671875000e-01 6.442992091178894043e-01
4.844999909400939941e-01 4.833333194255828857e-01 4.255000054836273193e-01 3.955000042915344238e-01 9.344999790191650391e-01 7.649999856948852539e-02 5.217119455337524414e-01 4.830964803695678711e-01 6.175680160522460938e-01 2.009565830230712891e-01 9.260117411613464355e-01 3.272079825401306152e-01
4.875000119209289551e-01 4.833333194255828857e-01 7.584999799728393555e-01 4.415000081062316895e-01 7.145000100135803223e-01 4.575000107288360596e-01 5.223480463027954102e-01 4.830377697944641113e-01 7.944016456604003906e-01 3.964754641056060791e-01 7.645345926284790039e-01 4.557565152645111084e-01
3.634999990463256836e-01 4.833333194255828857e-01 7.394999861717224121e-01 9.884999990463256836e-01 2.754999995231628418e-01 6.265000104904174805e-01 3.982155025005340576e-01 4.826769530773162842e-01 7.308216691017150879e-01 8.819525837898254395e-01 2.658846676349639893e-01 6.378548741340637207e-01
2.574999928474426270e-01 4.833333194255828857e-01 2.345000058412551880e-01 2.475000023841857910e-01 1.105000004172325134e-01 8.850000053644180298e-02 2.665108144283294678e-01 4.830703735351562500e-01 1.676368117332458496e-01 2.348618060350418091e-01 9.309381246566772461e-02 2.054982483386993408e-01
2.025000005960464478e-01 4.833333194255828857e-01 2.675000131130218506e-01 9.474999904632568359e-01 4.675000011920928955e-01 7.455000281333923340e-01 2.069617211818695068e-01 4.802368283271789551e-01 2.079467326402664185e-01 9.287171363830566406e-01 4.741342961788177490e-01 7.539191246032714844e-01
8.150000125169754028e-02 4.833333194255828857e-01 9.904999732971191406e-01 4.675000011920928955e-01 8.845000267028808594e-01 3.725000023841857910e-01 6.910240650177001953e-02 4.827334582805633545e-01 8.952324986457824707e-01 5.014173388481140137e-01 8.901211023330688477e-01 5.135431289672851562e-01
7.425000071525573730e-01 4.833333194255828857e-01 1.045000031590461731e-01 5.634999871253967285e-01 9.185000061988830566e-01 9.614999890327453613e-01 6.800892949104309082e-01 4.831339716911315918e-01 3.489566445350646973e-01 4.269836544990539551e-01 9.526212215423583984e-01 8.224059343338012695e-01
5.544999837875366211e-01 4.833333194255828857e-01 3.684999942779541016e-01 6.049999967217445374e-02 5.534999966621398926e-01 6.945000290870666504e-01 5.486235022544860840e-01 4.835947155952453613e-01 4.837147295475006104e-01 1.310939639806747437e-01 5.809080600738525391e-01 4.455175399780273438e-01
7.365000247955322266e-01 4.833333194255828857e-01 7.804999947547912598e-01 4.715000092983245850e-01 2.524999976158142090e-01 5.254999995231628418e-01 7.540076375007629395e-01 4.844759404659271240e-01 7.292702198028564453e-01 4.660407304763793945e-01 2.484123259782791138e-01 4.780642688274383545e-01
2.064999938011169434e-01 4.833333194255828857e-01 9.745000004768371582e-01 3.165000081062316895e-01 6.474999785423278809e-01 4.995000064373016357e-01 1.716158390045166016e-01 4.832404553890228271e-01 9.133449196815490723e-01 3.823720812797546387e-01 6.802840232849121094e-01 5.852444171905517578e-01
1.805000007152557373e-01 4.833333194255828857e-01 6.694999933242797852e-01 2.894999980926513672e-01 4.149999842047691345e-02 6.984999775886535645e-01 1.793809682130813599e-01 4.834348559379577637e-01 6.542472243309020996e-01 3.700675964355468750e-01 6.164097040891647339e-02 5.375737547874450684e-01
2.824999988079071045e-01 4.833333194255828857e-01 2.454999983310699463e-01 8.604999780654907227e-01 1.234999969601631165e-01 5.325000286102294922e-01 2.632548809051513672e-01 4.815689921379089355e-01 3.019635677337646484e-01 8.508523106575012207e-01 1.084384545683860779e-01 6.700493693351745605e-01
7.655000090599060059e-01 4.833333194255828857e-01 7.595000267028808594e-01 7.645000219345092773e-01 8.649999648332595825e-02 6.144999861717224121e-01 7.476666569709777832e-01 4.844022989273071289e-01 5.666572451591491699e-01 8.917145133018493652e-01 7.931012660264968872e-02 4.577234387397766113e-01
4.735000133514404297e-01 4.833333194255828857e-01 8.675000071525573730e-01 9.714999794960021973e-01 1.124999970197677612e-01 4.835000038146972656e-01 5.584151148796081543e-01 4.836262762546539307e-01 7.814922928810119629e-01 8.474062085151672363e-01 1.025797873735427856e-01 4.567900598049163818e-01
2.975000143051147461e-01 4.833333194255828857e-01 1.185000017285346985e-01 5.285000205039978027e-01 2.804999947547912598e-01 9.095000028610229492e-01 3.031242191791534424e-01 4.816782474517822266e-01 2.044718414545059204e-01 5.476067662239074707e-01 3.084594011306762695e-01 7.538377046585083008e-01
3.734999895095825195e-01 4.833333194255828857e-01 9.749999642372131348e-02 9.185000061988830566e-01 3.745000064373016357e-01 2.465000003576278687e-01 4.093838632106781006e-01 4.821273982524871826e-01 1.886355876922607422e-01 7.135104537010192871e-01 3.744713664054870605e-01 4.934597313404083252e-01
4.654999971389770508e-01 4.833333194255828857e-01 8.565000295639038086e-01 9.505000114440917969e-01 8.950000256299972534e-02 4.054999947547912598e-01 4.876076579093933105e-01 4.830252230167388916e-01 7.425628304481506348e-01 9.286247491836547852e-01 7.652877271175384521e-02 5.095944404602050781e-01
8.305000066757202148e-01 4.833333194255828857e-01 1.685000061988830566e-01 2.014999985694885254e-01 8.694999814033508301e-01 7.145000100135803223e-01 8.171581625938415527e-01 4.840657114982604980e-01 2.838840484619140625e-01 1.790194213390350342e-01 9.123406410217285156e-01 6.685949563980102539e-01
8.615000247955322266e-01 4.833333194255828857e-01 9.445000290870666504e-01 6.650000065565109253e-02 7.835000157356262207e-01 9.785000085830688477e-01 8.968609571456909180e-01 4.844726026058197021e-01 7.807102203369140625e-01 1.709533631801605225e-01 8.183861970901489258e-01 5.623892545700073242e-01
8.794999718666076660e-01 4.833333194255828857e-01 3.134999871253967285e-01 9.049999713897705078e-02 9.585000276565551758e-01 5.515000224113464355e-01 8.164589405059814453e-01 4.838492274284362793e-01 4.831770658493041992e-01 1.195932850241661072e-01 9.558035731315612793e-01 7.068359255790710449e-01
2.475000023841857910e-01 4.833333194255828857e-01 3.905000090599060059e-01 1.045000031590461731e-01 8.165000081062316895e-01 2.935000061988830566e-01 2.729485630989074707e-01 4.829949438571929932e-01 4.897918403148651123e-01 1.785102486610412598e-01 8.202279210090637207e-01 3.082737922668457031e-01
4.774999916553497314e-01 4.833333194255828857e-01 4.225000143051147461e-01 8.805000185966491699e-01 3.294999897480010986e-01 8.355000019073486328e-01 4.747290313243865967e-01 4.823659360408782959e-01 3.543469309806823730e-01 8.651140928268432617e-01 3.379940688610076904e-01 7.729322910308837891e-01
6.635000109672546387e-01 4.833333194255828857e-01 6.974999904632568359e-01 8.565000295639038086e-01 5.235000252723693848e-01 4.684999883174896240e-01 7.017959952354431152e-01 4.838062822818756104e-01 7.843454480171203613e-01 7.717092037200927734e-01 5.163347125053405762e-01 4.862948060035705566e-01
9.064999818801879883e-01 4.833333194255828857e-01 3.555000126361846924e-01 7.705000042915344238e-01 1.649999991059303284e-02 5.644999742507934570e-01 8.680132627487182617e-01 4.855902194976806641e-01 5.005944371223449707e-01 7.306115627288818359e-01 5.861514806747436523e-02 4.385566413402557373e-01
8.684999942779541016e-01 4.833333194255828857e-01 8.955000042915344238e-01 3.025000095367431641e-01 3.655000030994415283e-01 4.774999916553497314e-01 8.339307904243469238e-01 4.846967458724975586e-01 7.838711142539978027e-01 4.039950668811798096e-01 3.588926196098327637e-01 4.321317970752716064e-01
4.050000011920928955e-02 4.833333194255828857e-01 1.395000070333480835e-01 6.694999933242797852e-01 4.295000135898590088e-01 3.145000040531158447e-01 4.805400967597961426e-02 4.806562066078186035e-01 1.555546075105667114e-01 6.243379116058349609e-01 4.430271685123443604e-01 3.899925053119659424e-01
9.394999742507934570e-01 4.833333194255828857e-01 3.865000009536743164e-01 9.815000295639038086e-01 3.425000011920928955e-01 9.265000224113464355e-01 9.048902988433837891e-01 4.850810766220092773e-01 4.560708701610565186e-01 9.175175428390502930e-01 3.489011526107788086e-01 7.165580987930297852e-01
7.835000157356262207e-01 4.833333194255828857e-01 1.585000008344650269e-01 3.745000064373016357e-01 7.074999809265136719e-01 8.445000052452087402e-01 8.300999402999877930e-01 4.842733442783355713e-01 1.278594583272933960e-01 3.133022189140319824e-01 7.346923947334289551e-01 7.537274360656738281e-01
8.165000081062316895e-01 4.833333194255828857e-01 6.175000071525573730e-01 7.105000019073486328e-01 1.215000003576278687e-01 6.625000238418579102e-01 8.067199587821960449e-01 4.849092364311218262e-01 6.551509499549865723e-01 7.375453710556030273e-01 1.136050522327423096e-01 4.508212506771087646e-01
7.705000042915344238e-01 4.833333194255828857e-01 2.874999940395355225e-01 4.704999923706054688e-01 1.585000008344650269e-01 2.084999978542327881e-01 7.947990298271179199e-01 4.849824607372283936e-01 4.476866424083709717e-01 3.843347132205963135e-01 1.254705637693405151e-01 5.368431806564331055e-01
5.034999847412109375e-01 4.833333194255828857e-01 9.149999916553497314e-02 5.015000104904174805e-01 3.824999928474426270e-01 3.314999938011169434e-01 5.250770449638366699e-01 4.835138320922851562e-01 8.433866500854492188e-02 3.807688355445861816e-01 4.159123301506042480e-01 4.191138148307800293e-01
2.644999921321868896e-01 4.833333194255828857e-01 7.935000061988830566e-01 1.305000036954879761e-01 4.214999973773956299e-01 1.250000018626451492e-02 2.277811616659164429e-01 4.836115539073944092e-01 8.262340426445007324e-01 1.516679078340530396e-01 4.398064613342285156e-01 2.045777589082717896e-01
9.284999966621398926e-01 4.833333194255828857e-01 1.035000011324882507e-01 5.885000228881835938e-01 4.625000059604644775e-01 6.635000109672546387e-01 8.814529776573181152e-01 4.849890470504760742e-01 1.661930680274963379e-01 5.631343722343444824e-01 4.635559022426605225e-01 7.401481270790100098e-01
3.695000112056732178e-01 4.833333194255828857e-01 9.854999780654907227e-01 8.355000019073486328e-01 2.874999940395355225e-01 2.115000039339065552e-01 3.433021306991577148e-01 4.831708371639251709e-01 8.690890073776245117e-01 8.489844202995300293e-01 2.724655866622924805e-01 4.167434871196746826e-01
1.155000030994415283e-01 4.833333194255828857e-01 2.055000066757202148e-01 7.074999809265136719e-01 4.835000038146972656e-01 9.984999895095825195e-01 1.018875539302825928e-01 4.797598719596862793e-01 1.667132973670959473e-01 8.183385133743286133e-01 5.156438350677490234e-01 8.593572378158569336e-01
3.594999909400939941e-01 4.833333194255828857e-01 6.485000252723693848e-01 1.694999933242797852e-01 4.314999878406524658e-01 7.050000131130218506e-02 3.552001118659973145e-01 4.834980368614196777e-01 6.829747557640075684e-01 1.706430315971374512e-01 4.479450583457946777e-01 2.264732271432876587e-01
9.154999852180480957e-01 4.833333194255828857e-01 9.555000066757202148e-01 8.404999971389770508e-01 3.564999997615814209e-01 6.025000214576721191e-01 8.944088816642761230e-01 4.848914146423339844e-01 8.754915595054626465e-01 9.036089181900024414e-01 3.277596831321716309e-01 4.713472127914428711e-01
2.014999985694885254e-01 4.833333194255828857e-01 8.914999961853027344e-01 6.855000257492065430e-01 2.495000064373016357e-01 6.765000224113464355e-01 2.326428443193435669e-01 4.830583631992340088e-01 7.586292624473571777e-01 6.835809946060180664e-01 2.571878433227539062e-01 5.423198342323303223e-01
1.365000009536743164e-01 4.833333194255828857e-01 2.094999998807907104e-01 1.484999954700469971e-01 8.974999785423278809e-01 6.725000143051147461e-01 1.624551564455032349e-01 4.816793203353881836e-01 1.392838209867477417e-01 1.930843144655227661e-01 9.477288722991943359e-01 7.704104185104370117e-01
3.449999913573265076e-02 4.833333194255828857e-01 6.365000009536743164e-01 3.255000114440917969e-01 1.435000002384185791e-01 5.145000219345092773e-01 4.746675491333007812e-02 4.827633500099182129e-01 6.032635569572448730e-01 3.379812538623809814e-01 1.351245641708374023e-01 5.626334547996520996e-01
8.805000185966491699e-01 4.833333194255828857e-01 1.094999983906745911e-01 6.934999823570251465e-01 3.384999930858612061e-01 4.004999995231628418e-01 9.052989482879638672e-01 4.853602945804595947e-01 1.161713153123855591e-01 6.699518561363220215e-01 3.263843953609466553e-01 5.922756791114807129e-01
5.105000138282775879e-01 4.833333194255828857e-01 9.605000019073486328e-01 5.795000195503234863e-01 3.115000128746032715e-01 5.055000185966491699e-01 5.306004285812377930e-01 4.839085638523101807e-01 9.241582155227661133e-01 5.993620753288269043e-01 3.268509805202484131e-01 3.088643550872802734e-01
2.205000072717666626e-01 4.833333194255828857e-01 2.214999943971633911e-01 3.425000011920928955e-01 3.684999942779541016e-01 9.304999709129333496e-01 2.257589846849441528e-01 4.815488457679748535e-01 2.601065337657928467e-01 3.063051998615264893e-01 3.895601630210876465e-01 8.199444413185119629e-01
9.884999990463256836e-01 4.833333194255828857e-01 4.905000030994415283e-01 3.750000149011611938e-02 6.374999880790710449e-01 4.144999980926513672e-01 9.121299982070922852e-01 4.847744107246398926e-01 4.040712416172027588e-01 1.334116011857986450e-01 6.304315328598022461e-01 5.648615956306457520e-01
1.449999958276748657e-02 4.833333194255828857e-01 2.035000026226043701e-01 1.950000040233135223e-02 9.650000184774398804e-02 3.055000007152557373e-01 3.298193216323852539e-02 4.816808700561523438e-01 2.286143898963928223e-01 1.122567579150199890e-01 5.905135720968246460e-02 4.324997663497924805e-01
9.555000066757202148e-01 4.833333194255828857e-01 8.125000000000000000e-01 6.495000123977661133e-01 6.614999771118164062e-01 4.284999966621398926e-01 9.351486563682556152e-01 4.852964282035827637e-01 7.714810371398925781e-01 6.910420656204223633e-01 6.612687706947326660e-01 5.980025529861450195e-01
4.074999988079071045e-01 4.833333194255828857e-01 9.754999876022338867e-01 7.050000131130218506e-02 7.114999890327453613e-01 3.849999979138374329e-02 4.011004567146301270e-01 4.835889041423797607e-01 8.920611143112182617e-01 6.790013611316680908e-02 7.359629869461059570e-01 2.050504684448242188e-01
3.914999961853027344e-01 4.833333194255828857e-01 7.764999866485595703e-01 7.085000276565551758e-01 7.325000166893005371e-01 5.404999852180480957e-01 4.194212555885314941e-01 4.825949370861053467e-01 7.341741919517517090e-01 7.237520813941955566e-01 7.676615715026855469e-01 5.241001844406127930e-01
6.424999833106994629e-01 4.833333194255828857e-01 2.499999944120645523e-03 8.594999909400939941e-01 7.774999737739562988e-01 5.655000209808349609e-01 6.598137021064758301e-01 4.835598170757293701e-01 1.202721223235130310e-01 7.141082882881164551e-01 7.750355601310729980e-01 5.066295266151428223e-01
8.034999966621398926e-01 4.833333194255828857e-01 5.115000009536743164e-01 1.234999969601631165e-01 7.655000090599060059e-01 6.215000152587890625e-01 8.409938812255859375e-01 4.841379523277282715e-01 4.046182036399841309e-01 1.998287588357925415e-01 7.763437032699584961e-01 7.015392780303955078e-01
7.499999832361936569e-03 4.833333194255828857e-01 8.464999794960021973e-01 5.084999799728393555e-01 7.965000271797180176e-01 2.950000017881393433e-02 3.502734005451202393e-02 4.833473861217498779e-01 8.843086957931518555e-01 4.416161477565765381e-01 8.072065114974975586e-01 1.733726710081100464e-01
4.284999966621398926e-01 4.833333194255828857e-01 1.704999953508377075e-01 8.284999728202819824e-01 5.995000004768371582e-01 8.155000209808349609e-01 4.379169642925262451e-01 4.821361601352691650e-01 1.848291456699371338e-01 8.165506124496459961e-01 6.096718311309814453e-01 6.917276382446289062e-01
4.884999990463256836e-01 4.833333194255828857e-01 3.925000131130218506e-01 8.824999928474426270e-01 1.354999989271163940e-01 3.964999914169311523e-01 5.110984444618225098e-01 4.831668734550476074e-01 4.866960942745208740e-01 8.132006525993347168e-01 1.126266047358512878e-01 5.008070468902587891e-01
2.354999929666519165e-01 4.833333194255828857e-01 6.884999871253967285e-01 7.434999942779541016e-01 3.865000009536743164e-01 1.264999955892562866e-01 2.027114033699035645e-01 4.825851023197174072e-01 7.130928635597229004e-01 7.708324193954467773e-01 3.973925709724426270e-01 3.123167157173156738e-01
2.904999852180480957e-01 4.833333194255828857e-01 4.084999859333038330e-01 6.644999980926513672e-01 7.135000228881835938e-01 4.025000035762786865e-01 3.389534950256347656e-01 4.821107685565948486e-01 3.920446634292602539e-01 6.628137826919555664e-01 7.014475464820861816e-01 5.778943300247192383e-01
3.684999942779541016e-01 4.833333194255828857e-01 3.014999926090240479e-01 7.785000205039978027e-01 6.274999976158142090e-01 1.745000034570693970e-01 4.520152807235717773e-01 4.830039739608764648e-01 4.404801428318023682e-01 5.083580613136291504e-01 6.308249831199645996e-01 4.264026880264282227e-01
4.855000078678131104e-01 4.833333194255828857e-01 3.425000011920928955e-01 7.745000123977661133e-01 5.084999799728393555e-01 5.895000100135803223e-01 4.542097747325897217e-01 4.820954799652099609e-01 3.057579100131988525e-01 8.123238086700439453e-01 5.169112086296081543e-01 6.991234421730041504e-01
3.055000007152557373e-01 4.833333194255828857e-01 5.065000057220458984e-01 9.284999966621398926e-01 3.704999983310699463e-01 6.995000243186950684e-01 3.252704441547393799e-01 4.821839332580566406e-01 6.172519922256469727e-01 8.959685564041137695e-01 4.035899043083190918e-01 5.386529564857482910e-01
7.664999961853027344e-01 4.833333194255828857e-01 4.995000064373016357e-01 5.705000162124633789e-01 9.075000286102294922e-01 5.935000181198120117e-01 6.906532645225524902e-01 4.833171963691711426e-01 6.827328205108642578e-01 6.049386262893676758e-01 9.213542342185974121e-01 5.829418301582336426e-01
7.684999704360961914e-01 4.833333194255828857e-01 9.725000262260437012e-01 7.565000057220458984e-01 4.474999904632568359e-01 6.255000233650207520e-01 8.532929420471191406e-01 4.846525192260742188e-01 8.374254703521728516e-01 7.111907005310058594e-01 4.630388915538787842e-01 4.753720462322235107e-01
1.075000017881393433e-01 4.833333194255828857e-01 1.994999945163726807e-01 9.925000071525573730e-01 5.655000209808349609e-01 1.875000000000000000e-01 1.153344437479972839e-01 4.809130132198333740e-01 2.434056848287582397e-01 8.407611846923828125e-01 5.738018155097961426e-01 3.380358219146728516e-01
5.134999752044677734e-01 4.833333194255828857e-01 1.955000013113021851e-01 9.075000286102294922e-01 5.364999771118164062e-01 9.465000033378601074e-01 5.223711133003234863e-01 4.822849631309509277e-01 1.440759003162384033e-01 8.937036395072937012e-01 5.279865860939025879e-01 8.131368756294250488e-01
5.750000104308128357e-02 4.833333194255828857e-01 4.149999842047691345e-02 3.894999921321868896e-01 8.834999799728393555e-01 4.584999978542327881e-01 9.664395451545715332e-02 4.807283580303192139e-01 7.614376395940780640e-02 3.510259687900543213e-01 9.196596145629882812e-01 5.546635389328002930e-01
1.395000070333480835e-01 4.833333194255828857e-01 3.005000054836273193e-01 6.014999747276306152e-01 8.324999809265136719e-01 7.565000057220458984e-01 1.242991238832473755e-01 4.809095859527587891e-01 2.730277776718139648e-01 7.484455108642578125e-01 8.978405594825744629e-01 7.072402834892272949e-01
2.850000001490116119e-02 4.833333194255828857e-01 3.564999997615814209e-01 1.500000013038516045e-03 7.985000014305114746e-01 9.225000143051147461e-01 8.007220178842544556e-02 4.815880060195922852e-01 3.564690053462982178e-01 1.412236839532852173e-01 9.929611086845397949e-01 7.890446186065673828e-01
5.705000162124633789e-01 4.833333194255828857e-01 3.795000016689300537e-01 6.725000143051147461e-01 5.150000005960464478e-02 9.894999861717224121e-01 5.072264671325683594e-01 4.832970499992370605e-01 4.054647088050842285e-01 7.732769846916198730e-01 6.314527988433837891e-02 7.015467882156372070e-01
2.284999936819076538e-01 4.833333194255828857e-01 5.634999871253967285e-01 6.414999961853027344e-01 1.484999954700469971e-01 3.944999873638153076e-01 2.490438818931579590e-01 4.828979671001434326e-01 5.493553876876831055e-01 6.353658437728881836e-01 1.456333100795745850e-01 3.582729995250701904e-01
1.554999947547912598e-01 4.833333194255828857e-01 9.574999809265136719e-01 1.414999961853027344e-01 8.065000176429748535e-01 4.474999904632568359e-01 1.374657154083251953e-01 4.829756021499633789e-01 7.939647436141967773e-01 3.383491933345794678e-01 8.365687131881713867e-01 4.652987122535705566e-01
9.804999828338623047e-01 4.833333194255828857e-01 2.154999971389770508e-01 9.334999918937683105e-01 6.750000268220901489e-02 6.085000038146972656e-01 8.853439092636108398e-01 4.855868518352508545e-01 4.722278714179992676e-01 8.339126706123352051e-01 7.493760436773300171e-02 4.869585931301116943e-01
8.485000133514404297e-01 4.833333194255828857e-01 4.025000035762786865e-01 2.434999942779541016e-01 1.054999977350234985e-01 7.195000052452087402e-01 7.663811445236206055e-01 4.848163127899169922e-01 4.429365694522857666e-01 4.085301756858825684e-01 1.083274707198143005e-01 4.945641458034515381e-01
8.495000004768371582e-01 4.833333194255828857e-01 1.649999991059303284e-02 3.154999911785125732e-01 5.050000175833702087e-02 1.414999961853027344e-01 8.456891775131225586e-01 4.853876829147338867e-01 7.405276596546173096e-02 3.055939972400665283e-01 6.694715470075607300e-02 5.518453121185302734e-01
6.004999876022338867e-01 4.833333194255828857e-01 4.345000088214874268e-01 5.205000042915344238e-01 8.525000214576721191e-01 9.164999723434448242e-01 5.414668321609497070e-01 4.826326966285705566e-01 5.089668035507202148e-01 5.390614271163940430e-01 9.043017625808715820e-01 8.198032975196838379e-01
7.225000262260437012e-01 4.833333194255828857e-01 5.814999938011169434e-01 7.195000052452087402e-01 9.725000262260437012e-01 5.264999866485595703e-01 7.572994828224182129e-01 4.834242165088653564e-01 6.051884293556213379e-01 6.370836496353149414e-01 9.424208998680114746e-01 5.095936655998229980e-01
6.844999790191650391e-01 4.833333194255828857e-01 9.375000000000000000e-01 6.735000014305114746e-01 8.850000053644180298e-02 1.284999996423721313e-01 7.167711257934570312e-01 4.845191538333892822e-01 7.835672497749328613e-01 7.390087842941284180e-01 8.903481811285018921e-02 3.824930191040039062e-01
5.235000252723693848e-01 4.833333194255828857e-01 3.165000081062316895e-01 1.014999970793724060e-01 3.075000047683715820e-01 9.994999766349792480e-01 5.053111910820007324e-01 4.830572605133056641e-01 2.427898198366165161e-01 2.620424032211303711e-01 3.250130414962768555e-01 6.484066247940063477e-01
4.004999995231628418e-01 4.833333194255828857e-01 4.564999938011169434e-01 2.834999859333038330e-01 9.549999982118606567e-02 4.654999971389770508e-01 3.986870944499969482e-01 4.839161038398742676e-01 6.769240498542785645e-01 2.589781284332275391e-01 8.455986529588699341e-02 4.842415750026702881e-01
4.365000128746032715e-01 4.833333194255828857e-01 6.405000090599060059e-01 2.164999991655349731e-01 4.104999899864196777e-01 4.250000044703483582e-02 4.663230478763580322e-01 4.838030040264129639e-01 7.134342193603515625e-01 1.251411437988281250e-01 4.259969592094421387e-01 2.729255259037017822e-01
3.515000045299530029e-01 4.833333194255828857e-01 6.395000219345092773e-01 1.264999955892562866e-01 8.349999785423278809e-02 2.250000089406967163e-02 3.266254067420959473e-01 4.839155375957489014e-01 5.851065516471862793e-01 2.344499975442886353e-01 8.280342072248458862e-02 3.562596440315246582e-01
8.084999918937683105e-01 4.833333194255828857e-01 7.344999909400939941e-01 7.825000286102294922e-01 1.315000057220458984e-01 7.349999994039535522e-02 8.020925521850585938e-01 4.848618805408477783e-01 7.644811868667602539e-01 7.867680788040161133e-01 1.143463551998138428e-01 4.108574092388153076e-01
6.815000176429748535e-01 4.833333194255828857e-01 9.835000038146972656e-01 8.765000104904174805e-01 2.499999944120645523e-03 3.925000131130218506e-01 7.482708096504211426e-01 4.847145676612854004e-01 8.539234399795532227e-01 8.822605013847351074e-01 4.490322992205619812e-02 3.968212008476257324e-01
3.025000095367431641e-01 4.833333194255828857e-01 8.765000104904174805e-01 1.115000024437904358e-01 6.754999756813049316e-01 8.004999756813049316e-01 3.095761239528656006e-01 4.832409024238586426e-01 8.105943799018859863e-01 2.595097422599792480e-01 7.673831582069396973e-01 3.651390969753265381e-01
8.554999828338623047e-01 4.833333194255828857e-01 9.415000081062316895e-01 2.824999988079071045e-01 7.034999728202819824e-01 7.154999971389770508e-01 8.359814882278442383e-01 4.843132793903350830e-01 7.984436154365539551e-01 4.302985668182373047e-01 7.314928770065307617e-01 4.343245029449462891e-01
8.874999880790710449e-01 4.833333194255828857e-01 3.185000121593475342e-01 6.564999818801879883e-01 7.124999761581420898e-01 8.755000233650207520e-01 8.895915150642395020e-01 4.849224090576171875e-01 3.403611183166503906e-01 7.445843815803527832e-01 6.799914240837097168e-01 6.788805723190307617e-01
6.884999871253967285e-01 4.833333194255828857e-01 8.065000176429748535e-01 1.350000035017728806e-02 9.574999809265136719e-01 9.135000109672546387e-01 7.475947737693786621e-01 4.835737645626068115e-01 6.974096298217773438e-01 1.482560783624649048e-01 9.658954739570617676e-01 7.474609613418579102e-01
3.504999876022338867e-01 4.833333194255828857e-01 1.854999959468841553e-01 1.955000013113021851e-01 2.374999970197677612e-01 3.345000147819519043e-01 3.158814907073974609e-01 4.825852811336517334e-01 1.908967643976211548e-01 2.807908654212951660e-01 2.288835048675537109e-01 4.471918344497680664e-01
1.549999974668025970e-02 4.833333194255828857e-01 4.050000011920928955e-02 9.934999942779541016e-01 1.934999972581863403e-01 8.435000181198120117e-01 1.872325688600540161e-02 4.765733480453491211e-01 2.579142339527606964e-02 9.727054834365844727e-01 1.990655362606048584e-01 8.670382499694824219e-01
9.149999916553497314e-02 4.833333194255828857e-01 1.465000063180923462e-01 1.805000007152557373e-01 2.475000023841857910e-01 9.925000071525573730e-01 8.178631961345672607e-02 4.804216623306274414e-01 1.294835656881332397e-01 2.198760211467742920e-01 2.664318978786468506e-01 8.783602118492126465e-01
7.574999928474426270e-01 4.833333194255828857e-01 4.014999866485595703e-01 8.705000281333923340e-01 4.695000052452087402e-01 6.974999904632568359e-01 8.437944054603576660e-01 4.846033453941345215e-01 3.717269301414489746e-01 8.083723783493041992e-01 4.598231017589569092e-01 5.992844700813293457e-01
8.884999752044677734e-01 4.833333194255828857e-01 7.825000286102294922e-01 4.045000076293945312e-01 4.975000023841857910e-01 3.274999856948852539e-01 9.076443314552307129e-01 4.850984811782836914e-01 7.544493675231933594e-01 3.432565033435821533e-01 4.850271046161651611e-01 4.974211752414703369e-01
2.664999961853027344e-01 4.833333194255828857e-01 3.835000097751617432e-01 4.174999892711639404e-01 1.905000060796737671e-01 2.105000019073486328e-01 2.971805334091186523e-01 4.832919836044311523e-01 4.685299992561340332e-01 2.815726995468139648e-01 1.747198551893234253e-01 2.942501008510589600e-01
5.575000047683715820e-01 4.833333194255828857e-01 2.195000052452087402e-01 9.415000081062316895e-01 6.934999823570251465e-01 3.125000000000000000e-01 5.512135624885559082e-01 4.828605055809020996e-01 2.823867797851562500e-01 8.382484316825866699e-01 6.842193603515625000e-01 4.775695204734802246e-01
1.525000035762786865e-01 4.833333194255828857e-01 5.249999836087226868e-02 4.654999971389770508e-01 6.625000238418579102e-01 9.449999779462814331e-02 1.686774045228958130e-01 4.811596274375915527e-01 6.563396751880645752e-02 4.034951627254486084e-01 6.646745800971984863e-01 1.635921150445938110e-01
7.714999914169311523e-01 4.833333194255828857e-01 4.235000014305114746e-01 5.784999728202819824e-01 4.065000116825103760e-01 7.005000114440917969e-01 8.034038543701171875e-01 4.844151735305786133e-01 4.534639716148376465e-01 5.247581005096435547e-01 4.224825799465179443e-01 6.450716853141784668e-01
8.535000085830688477e-01 4.833333194255828857e-01 3.055000007152557373e-01 6.865000128746032715e-01 6.150000169873237610e-02 1.675000041723251343e-01 8.147947192192077637e-01 4.852024018764495850e-01 2.737317383289337158e-01 7.560119032859802246e-01 6.912954151630401611e-02 4.529132843017578125e-01
8.295000195503234863e-01 4.833333194255828857e-01 8.174999952316284180e-01 4.754999876022338867e-01 9.114999771118164062e-01 1.365000009536743164e-01 8.537565469741821289e-01 4.840925931930541992e-01 8.328511118888854980e-01 4.139916598796844482e-01 9.086683392524719238e-01 3.571203649044036865e-01
7.549999654293060303e-02 4.833333194255828857e-01 3.944999873638153076e-01 4.485000073909759521e-01 4.925000071525573730e-01 4.715000092983245850e-01 7.977591454982757568e-02 4.820236861705780029e-01 4.035735428333282471e-01 4.455428719520568848e-01 5.004463791847229004e-01 4.687770009040832520e-01
5.314999818801879883e-01 4.833333194255828857e-01 2.374999970197677612e-01 4.144999980926513672e-01 2.349999919533729553e-02 5.835000276565551758e-01 5.008819699287414551e-01 4.840067923069000244e-01 2.718946039676666260e-01 4.578362703323364258e-01 5.757470056414604187e-02 5.159469246864318848e-01
4.014999866485595703e-01 4.833333194255828857e-01 1.864999979734420776e-01 7.674999833106994629e-01 1.615000069141387939e-01 4.235000014305114746e-01 3.841648399829864502e-01 4.822068810462951660e-01 1.578968018293380737e-01 8.046930432319641113e-01 1.075828149914741516e-01 7.005838155746459961e-01
8.500000461935997009e-03 4.833333194255828857e-01 4.314999878406524658e-01 9.194999933242797852e-01 2.115000039339065552e-01 7.949999719858169556e-02 2.116033248603343964e-02 4.812514781951904297e-01 4.014819860458374023e-01 8.226893544197082520e-01 1.947346180677413940e-01 3.255679309368133545e-01
6.334999799728393555e-01 4.833333194255828857e-01 9.514999985694885254e-01 2.094999998807907104e-01 3.104999959468841553e-01 4.255000054836273193e-01 7.166780233383178711e-01 4.844156205654144287e-01 8.530029058456420898e-01 1.879143863916397095e-01 3.150305449962615967e-01 3.987950682640075684e-01
8.550000190734863281e-02 4.833333194255828857e-01 7.365000247955322266e-01 7.684999704360961914e-01 7.515000104904174805e-01 2.850000001490116119e-02 8.017461001873016357e-02 4.829789996147155762e-01 8.205132484436035156e-01 6.521133780479431152e-01 7.196823954582214355e-01 2.306632548570632935e-01
7.275000214576721191e-01 4.833333194255828857e-01 9.350000321865081787e-02 9.085000157356262207e-01 7.524999976158142090e-01 9.424999952316284180e-01 7.324181199073791504e-01 4.835410714149475098e-01 1.045117378234863281e-01 9.132536053657531738e-01 7.491268515586853027e-01 7.907659411430358887e-01
7.124999761581420898e-01 4.833333194255828857e-01 9.035000205039978027e-01 8.715000152587890625e-01 1.564999967813491821e-01 6.250000000000000000e-02 7.799657583236694336e-01 4.846256375312805176e-01 7.871093750000000000e-01 8.282306790351867676e-01 1.273418068885803223e-01 4.211585819721221924e-01
4.244999885559082031e-01 4.833333194255828857e-01 6.374999880790710449e-01 2.815000116825103760e-01 6.694999933242797852e-01 2.574999928474426270e-01 4.231840372085571289e-01 4.829490184783935547e-01 6.681159734725952148e-01 3.502317070960998535e-01 7.045738101005554199e-01 2.911455929279327393e-01
2.275000065565109253e-01 4.833333194255828857e-01 2.994999885559082031e-01 3.855000138282775879e-01 1.500000013038516045e-03 9.835000038146972656e-01 2.449083924293518066e-01 4.827849268913269043e-01 3.718495368957519531e-01 3.764272332191467285e-01 4.953199625015258789e-02 5.960342884063720703e-01
9.854999780654907227e-01 4.833333194255828857e-01 1.794999986886978149e-01 9.854999780654907227e-01 5.224999785423278809e-01 9.794999957084655762e-01 9.390081763267517090e-01 4.855554699897766113e-01 2.237110137939453125e-01 9.139166474342346191e-01 5.197174549102783203e-01 7.166373133659362793e-01
8.044999837875366211e-01 4.833333194255828857e-01 2.074999958276748657e-01 7.750000059604644775e-02 6.924999952316284180e-01 8.544999957084655762e-01 8.249123692512512207e-01 4.841179549694061279e-01 2.873774468898773193e-01 7.403180003166198730e-02 7.657331228256225586e-01 3.873201608657836914e-01
6.075000166893005371e-01 4.833333194255828857e-01 4.864999949932098389e-01 6.949999928474426270e-02 8.665000200271606445e-01 9.965000152587890625e-01 6.678667664527893066e-01 4.834266602993011475e-01 4.540115892887115479e-01 1.979551911354064941e-01 9.305869936943054199e-01 6.734741330146789551e-01
9.225000143051147461e-01 4.833333194255828857e-01 1.225000023841857910e-01 2.694999873638153076e-01 7.085000276565551758e-01 8.594999909400939941e-01 8.846923112869262695e-01 4.847567081451416016e-01 8.527761697769165039e-02 3.416949808597564697e-01 7.311670780181884766e-01 5.930394530296325684e-01
9.994999766349792480e-01 4.833333194255828857e-01 3.625000119209289551e-01 9.154999852180480957e-01 6.324999928474426270e-01 7.335000038146972656e-01 9.384921789169311523e-01 4.853147864341735840e-01 4.694471359252929688e-01 8.630434274673461914e-01 6.171818375587463379e-01 6.964877843856811523e-01
4.354999959468841553e-01 4.833333194255828857e-01 6.115000247955322266e-01 1.914999932050704956e-01 3.754999935626983643e-01 4.435000121593475342e-01 4.571316838264465332e-01 4.835536181926727295e-01 6.861856579780578613e-01 1.905427873134613037e-01 3.924698531627655029e-01 3.550795614719390869e-01
3.364999890327453613e-01 4.833333194255828857e-01 1.474999934434890747e-01 2.284999936819076538e-01 4.549999907612800598e-02 4.844999909400939941e-01 3.399998545646667480e-01 4.833293855190277100e-01 1.250873506069183350e-01 2.651243805885314941e-01 5.953008309006690979e-02 3.042210638523101807e-01
1.264999955892562866e-01 4.833333194255828857e-01 5.734999775886535645e-01 8.684999942779541016e-01 5.325000286102294922e-01 2.624999880790710449e-01 1.134610697627067566e-01 4.823592901229858398e-01 6.216478347778320312e-01 7.970779538154602051e-01 5.482597947120666504e-01 3.530116379261016846e-01
4.275000095367431641e-01 4.833333194255828857e-01 3.294999897480010986e-01 1.854999959468841553e-01 5.745000243186950684e-01 5.649999901652336121e-02 4.537324309349060059e-01 4.832208156585693359e-01 2.580951452255249023e-01 1.901813298463821411e-01 5.967921018600463867e-01 1.794669628143310547e-01
7.434999942779541016e-01 4.833333194255828857e-01 3.574999868869781494e-01 7.174999713897705078e-01 4.345000088214874268e-01 9.934999942779541016e-01 7.492032051086425781e-01 4.841307997703552246e-01 3.033044338226318359e-01 8.323944807052612305e-01 4.616761207580566406e-01 6.075443625450134277e-01
6.715000271797180176e-01 4.833333194255828857e-01 2.924999892711639404e-01 2.515000104904174805e-01 2.624999880790710449e-01 6.014999747276306152e-01 6.578572988510131836e-01 4.839469194412231445e-01 1.915276050567626953e-01 3.548168540000915527e-01 2.644741237163543701e-01 7.139753103256225586e-01
9.325000047683715820e-01 4.833333194255828857e-01 9.135000109672546387e-01 5.465000271797180176e-01 3.350000083446502686e-02 2.854999899864196777e-01 8.466750383377075195e-01 4.854271411895751953e-01 8.502748012542724609e-01 7.980272769927978516e-01 5.806306749582290649e-02 4.005901515483856201e-01
1.905000060796737671e-01 4.833333194255828857e-01 5.184999704360961914e-01 8.694999814033508301e-01 6.085000038146972656e-01 2.865000069141387939e-01 2.118860632181167603e-01 4.821967482566833496e-01 5.037602186203002930e-01 7.831499576568603516e-01 5.917469859123229980e-01 4.209656715393066406e-01
2.834999859333038330e-01 4.833333194255828857e-01 8.625000119209289551e-01 7.994999885559082031e-01 6.744999885559082031e-01 7.254999876022338867e-01 2.954092025756835938e-01 4.825692772865295410e-01 8.568617701530456543e-01 7.776303291320800781e-01 7.100273370742797852e-01 6.532531976699829102e-01
5.354999899864196777e-01 4.833333194255828857e-01 3.285000026226043701e-01 8.895000219345092773e-01 2.655000090599060059e-01 6.184999942779541016e-01 5.108566880226135254e-01 4.827474653720855713e-01 4.160671532154083252e-01 8.107154369354248047e-01 2.320634126663208008e-01 7.426363229751586914e-01
4.745000004768371582e-01 4.833333194255828857e-01 8.784999847412109375e-01 3.495000004768371582e-01 2.214999943971633911e-01 7.674999833106994629e-01 4.743522405624389648e-01 4.831461012363433838e-01 6.008163094520568848e-01 5.365499258041381836e-01 2.078852206468582153e-01 7.007853984832763672e-01
5.385000109672546387e-01 4.833333194255828857e-01 9.915000200271606445e-01 5.224999785423278809e-01 6.784999966621398926e-01 2.175000011920928955e-01 5.368821024894714355e-01 4.833064973354339600e-01 8.650325536727905273e-01 5.916189551353454590e-01 6.598519682884216309e-01 4.901232123374938965e-01
9.915000200271606445e-01 4.833333194255828857e-01 9.524999856948852539e-01 8.345000147819519043e-01 8.374999761581420898e-01 8.575000166893005371e-01 9.242318272590637207e-01 4.847588837146759033e-01 8.991593122482299805e-01 8.793170452117919922e-01 8.540731072425842285e-01 6.732165217399597168e-01
5.845000147819519043e-01 4.833333194255828857e-01 2.175000011920928955e-01 9.994999766349792480e-01 6.844999790191650391e-01 6.934999823570251465e-01 5.612784028053283691e-01 4.823916852474212646e-01 3.168844878673553467e-01 9.003934264183044434e-01 6.953800916671752930e-01 5.382477641105651855e-01
2.415000051259994507e-01 4.833333194255828857e-01 3.355000019073486328e-01 2.775000035762786865e-01 6.315000057220458984e-01 9.394999742507934570e-01 2.292516380548477173e-01 4.818201363086700439e-01 2.922994494438171387e-01 4.175288975238800049e-01 6.726514697074890137e-01 5.533197522163391113e-01
1.965000033378601074e-01 4.833333194255828857e-01 1.835000067949295044e-01 7.864999771118164062e-01 5.044999718666076660e-01 9.384999871253967285e-01 1.895092129707336426e-01 4.801695346832275391e-01 1.823390424251556396e-01 8.093878030776977539e-01 4.931949079036712646e-01 8.678029179573059082e-01
4.454999864101409912e-01 4.833333194255828857e-01 9.235000014305114746e-01 2.454999983310699463e-01 6.250000000000000000e-02 9.725000262260437012e-01 4.747878015041351318e-01 4.838242530822753906e-01 7.288298010826110840e-01 3.514417409896850586e-01 7.379398494958877563e-02 5.847697257995605469e-01
3.550000116229057312e-02 4.833333194255828857e-01 1.914999932050704956e-01 6.265000104904174805e-01 2.975000143051147461e-01 6.035000085830688477e-01 3.517334535717964172e-02 4.801759719848632812e-01 1.969218999147415161e-01 7.566628456115722656e-01 2.959854304790496826e-01 5.512496829032897949e-01
5.245000123977661133e-01 4.833333194255828857e-01 1.445000022649765015e-01 4.544999897480010986e-01 5.055000185966491699e-01 3.150000050663948059e-02 5.639996528625488281e-01 4.834680557250976562e-01 1.829116344451904297e-01 1.916777640581130981e-01 5.112425088882446289e-01 3.421557843685150146e-01
6.274999976158142090e-01 4.833333194255828857e-01 5.755000114440917969e-01 1.675000041723251343e-01 4.045000076293945312e-01 5.449999868869781494e-02 5.633868575096130371e-01 4.832677543163299561e-01 6.309857368469238281e-01 2.477294951677322388e-01 4.224798679351806641e-01 2.004713714122772217e-01
7.034999728202819824e-01 4.833333194255828857e-01 8.044999837875366211e-01 3.504999876022338867e-01 6.650000065565109253e-02 2.074999958276748657e-01 7.892589569091796875e-01 4.849950373172760010e-01 7.199177742004394531e-01 2.759103477001190186e-01 8.489483594894409180e-02 3.997838199138641357e-01
8.125000000000000000e-01 4.833333194255828857e-01 9.225000143051147461e-01 7.925000190734863281e-01 5.985000133514404297e-01 7.904999852180480957e-01 8.407326936721801758e-01 4.845008552074432373e-01 8.213838934898376465e-01 8.475492596626281738e-01 5.912566781044006348e-01 5.359972119331359863e-01
8.985000252723693848e-01 4.833333194255828857e-01 2.904999852180480957e-01 6.365000009536743164e-01 7.404999732971191406e-01 9.484999775886535645e-01 8.706859350204467773e-01 4.846339225769042969e-01 4.520203471183776855e-01 6.238226294517517090e-01 7.828009724617004395e-01 6.028918027877807617e-01
5.394999980926513672e-01 4.833333194255828857e-01 7.649999856948852539e-02 1.595000028610229492e-01 2.050000056624412537e-02 7.465000152587890625e-01 6.046555042266845703e-01 4.846204817295074463e-01 1.517920792102813721e-01 1.482995003461837769e-01 4.716600477695465088e-02 5.241359472274780273e-01
6.445000171661376953e-01 4.833333194255828857e-01 5.205000042915344238e-01 3.134999871253967285e-01 6.134999990463256836e-01 9.654999971389770508e-01 5.490804314613342285e-01 4.829698204994201660e-01 5.289203524589538574e-01 5.385066866874694824e-01 6.472915410995483398e-01 5.555915832519531250e-01
6.265000104904174805e-01 4.833333194255828857e-01 3.734999895095825195e-01 5.264999866485595703e-01 7.164999842643737793e-01 5.335000157356262207e-01 6.507341861724853516e-01 4.834941625595092773e-01 3.584942817687988281e-01 5.241377949714660645e-01 7.424468994140625000e-01 5.021428465843200684e-01
3.905000090599060059e-01 4.833333194255828857e-01 8.604999780654907227e-01 9.095000028610229492e-01 1.595000028610229492e-01 3.294999897480010986e-01 4.006709158420562744e-01 4.831166863441467285e-01 8.073654770851135254e-01 8.792367577552795410e-01 1.394833773374557495e-01 4.637017846107482910e-01
3.454999923706054688e-01 4.833333194255828857e-01 9.815000295639038086e-01 8.364999890327453613e-01 3.874999880790710449e-01 8.514999747276306152e-01 3.660670220851898193e-01 4.826893508434295654e-01 8.349400162696838379e-01 9.003763794898986816e-01 4.268203675746917725e-01 5.400989651679992676e-01
7.415000200271606445e-01 4.833333194255828857e-01 2.885000109672546387e-01 2.449999935925006866e-02 4.765000045299530029e-01 1.354999989271163940e-01 6.492486596107482910e-01 4.837035834789276123e-01 4.771322011947631836e-01 9.500867128372192383e-02 4.760273993015289307e-01 2.891620695590972900e-01
9.984999895095825195e-01 4.833333194255828857e-01 1.944999992847442627e-01 9.499999694526195526e-03 1.264999955892562866e-01 9.275000095367431641e-01 8.698754310607910156e-01 4.850646853446960449e-01 2.222525626420974731e-01 1.785493344068527222e-01 1.326951533555984497e-01 5.386670231819152832e-01
4.894999861717224121e-01 4.833333194255828857e-01 7.249999791383743286e-02 6.575000286102294922e-01 8.049999922513961792e-02 5.924999713897705078e-01 4.901292920112609863e-01 4.835349917411804199e-01 8.028414845466613770e-02 6.487593650817871094e-01 7.977436482906341553e-02 5.170942544937133789e-01
2.894999980926513672e-01 4.833333194255828857e-01 9.449999779462814331e-02 1.445000022649765015e-01 9.499999694526195526e-03 5.550000071525573730e-02 2.555459737777709961e-01 4.832393527030944824e-01 6.193758174777030945e-02 1.652190536260604858e-01 3.307978436350822449e-02 2.361949235200881958e-01
8.395000100135803223e-01 4.833333194255828857e-01 6.644999980926513672e-01 3.704999983310699463e-01 5.924999713897705078e-01 9.950000047683715820e-02 8.024733662605285645e-01 4.841640591621398926e-01 7.641265988349914551e-01 3.403667509555816650e-01 5.970532894134521484e-01 2.981406450271606445e-01
8.649999648332595825e-02 4.833333194255828857e-01 4.855000078678131104e-01 9.624999761581420898e-01 1.334999948740005493e-01 9.904999732971191406e-01 6.930663436651229858e-02 4.809681177139282227e-01 5.418164134025573730e-01 8.951436877250671387e-01 1.360468864440917969e-01 8.144109845161437988e-01
8.284999728202819824e-01 4.833333194255828857e-01 5.715000033378601074e-01 6.984999775886535645e-01 5.774999856948852539e-01 5.684999823570251465e-01 8.528851270675659180e-01 4.845502674579620361e-01 6.450328230857849121e-01 6.660557985305786133e-01 5.540271997451782227e-01 5.494931936264038086e-01
6.564999818801879883e-01 4.833333194255828857e-01 3.655000030994415283e-01 6.784999966621398926e-01 2.364999949932098389e-01 2.615000009536743164e-01 6.540420651435852051e-01 4.841122925281524658e-01 4.593791067600250244e-01 6.143341660499572754e-01 2.019492387771606445e-01 5.179887413978576660e-01
7.735000252723693848e-01 4.833333194255828857e-01 7.045000195503234863e-01 2.725000083446502686e-01 7.050000131130218506e-02 3.614999949932098389e-01 7.616873383522033691e-01 4.848747253417968750e-01 6.396495699882507324e-01 3.833841383457183838e-01 8.843258023262023926e-02 4.125615060329437256e-01
3.675000071525573730e-01 4.833333194255828857e-01 3.194999992847442627e-01 3.675000071525573730e-01 9.904999732971191406e-01 3.824999928474426270e-01 3.703276216983795166e-01 4.824360609054565430e-01 3.667140007019042969e-01 3.202353417873382568e-01 9.395522475242614746e-01 5.499108433723449707e-01
1.049999985843896866e-02 4.833333194255828857e-01 3.745000064373016357e-01 9.844999909400939941e-01 9.004999995231628418e-01 3.524999916553497314e-01 2.739510126411914825e-02 4.808584153652191162e-01 4.359231293201446533e-01 8.664219379425048828e-01 8.696971535682678223e-01 4.647673964500427246e-01
5.649999901652336121e-02 4.833333194255828857e-01 5.554999709129333496e-01 4.334999918937683105e-01 1.375000029802322388e-01 8.550000190734863281e-02 6.889776140451431274e-02 4.837098717689514160e-01 6.718623042106628418e-01 3.075153827667236328e-01 1.085442751646041870e-01 2.261514812707901001e-01
3.725000023841857910e-01 4.833333194255828857e-01 8.850000053644180298e-02 7.264999747276306152e-01 3.474999964237213135e-01 9.064999818801879883e-01 3.564034998416900635e-01 4.811276197433471680e-01 3.842242807149887085e-02 8.206245303153991699e-01 3.274112641811370850e-01 8.650541305541992188e-01
5.745000243186950684e-01 4.833333194255828857e-01 7.349999994039535522e-02 6.384999752044677734e-01 7.304999828338623047e-01 3.355000019073486328e-01 6.140326261520385742e-01 4.835062921047210693e-01 1.316115558147430420e-01 5.002220273017883301e-01 7.147672176361083984e-01 5.558689832687377930e-01
8.155000209808349609e-01 4.833333194255828857e-01 4.634999930858612061e-01 1.825000047683715820e-01 8.554999828338623047e-01 2.495000064373016357e-01 8.249871730804443359e-01 4.840457737445831299e-01 6.122329831123352051e-01 1.446316093206405640e-01 8.932199478149414062e-01 4.819532930850982666e-01
9.775000214576721191e-01 4.833333194255828857e-01 6.685000061988830566e-01 1.724999994039535522e-01 3.485000133514404297e-01 2.314999997615814209e-01 8.781988620758056641e-01 4.850772619247436523e-01 7.906892299652099609e-01 2.945418953895568848e-01 3.392099142074584961e-01 4.535981416702270508e-01
3.174999952316284180e-01 4.833333194255828857e-01 9.775000214576721191e-01 9.645000100135803223e-01 9.645000100135803223e-01 7.584999799728393555e-01 3.717347383499145508e-01 4.817529916763305664e-01 8.230085968971252441e-01 8.341895341873168945e-01 9.386533498764038086e-01 7.948873043060302734e-01
2.115000039339065552e-01 4.833333194255828857e-01 1.385000050067901611e-01 1.174999997019767761e-01 5.525000095367431641e-01 8.675000071525573730e-01 1.983840018510818481e-01 4.814039468765258789e-01 1.757502704858779907e-01 2.036590576171875000e-01 5.688201189041137695e-01 7.823479771614074707e-01
9.185000061988830566e-01 4.833333194255828857e-01 6.350000202655792236e-02 2.624999880790710449e-01 8.485000133514404297e-01 1.544999927282333374e-01 8.916971683502197266e-01 4.847142398357391357e-01 1.544834971427917480e-01 1.196639016270637512e-01 8.181563019752502441e-01 5.544155836105346680e-01
6.449999660253524780e-02 4.833333194255828857e-01 5.224999785423278809e-01 5.644999742507934570e-01 3.305000066757202148e-01 8.649999648332595825e-02 7.230383157730102539e-02 4.826880097389221191e-01 5.746398568153381348e-01 4.554710984230041504e-01 3.186022639274597168e-01 3.363499641418457031e-01
5.665000081062316895e-01 4.833333194255828857e-01 1.375000029802322388e-01 9.465000033378601074e-01 7.475000023841857910e-01 2.874999940395355225e-01 6.163350939750671387e-01 4.832291007041931152e-01 1.296921074390411377e-01 8.163924813270568848e-01 7.378834486007690430e-01 4.856659173965454102e-01
4.914999902248382568e-01 4.833333194255828857e-01 3.064999878406524658e-01 2.275000065565109253e-01 2.694999873638153076e-01 3.955000042915344238e-01 4.589381217956542969e-01 4.832007288932800293e-01 2.161377519369125366e-01 3.337640166282653809e-01 2.637340426445007324e-01 4.705535471439361572e-01
9.344999790191650391e-01 4.833333194255828857e-01 8.865000009536743164e-01 2.035000026226043701e-01 4.850000143051147461e-02 8.034999966621398926e-01 8.460604548454284668e-01 4.853173196315765381e-01 7.056335210800170898e-01 5.018246173858642578e-01 7.721367478370666504e-02 4.443754255771636963e-01
4.650000110268592834e-02 4.833333194255828857e-01 2.185000032186508179e-01 7.404999732971191406e-01 8.084999918937683105e-01 1.985000073909759521e-01 5.486944690346717834e-02 4.809139370918273926e-01 1.994457989931106567e-01 7.096993327140808105e-01 7.939873933792114258e-01 3.738738596439361572e-01
3.334999978542327881e-01 4.833333194255828857e-01 5.264999866485595703e-01 5.245000123977661133e-01 4.735000133514404297e-01 9.294999837875366211e-01 3.701904118061065674e-01 4.821746349334716797e-01 3.805384635925292969e-01 6.137323379516601562e-01 5.012671947479248047e-01 6.956007480621337891e-01
5.985000133514404297e-01 4.833333194255828857e-01 5.050000175833702087e-02 4.535000026226043701e-01 4.494999945163726807e-01 5.705000162124633789e-01 5.361981987953186035e-01 4.832401871681213379e-01 4.250548779964447021e-02 5.742934346199035645e-01 4.522749781608581543e-01 6.601254940032958984e-01
2.935000061988830566e-01 4.833333194255828857e-01 3.844999969005584717e-01 9.635000228881835938e-01 2.255000025033950806e-01 1.605000048875808716e-01 3.129703998565673828e-01 4.819782674312591553e-01 3.513268232345581055e-01 8.339713215827941895e-01 2.243297398090362549e-01 3.677882850170135498e-01
3.345000147819519043e-01 4.833333194255828857e-01 2.444999963045120239e-01 1.295000016689300537e-01 8.034999966621398926e-01 4.975000023841857910e-01 3.005373179912567139e-01 4.820823967456817627e-01 2.156615108251571655e-01 3.141562938690185547e-01 8.237640261650085449e-01 3.602485656738281250e-01
7.785000205039978027e-01 4.833333194255828857e-01 1.784999966621398926e-01 8.850000053644180298e-02 5.665000081062316895e-01 5.985000133514404297e-01 7.883395552635192871e-01 4.841811060905456543e-01 1.127931177616119385e-01 1.683987975120544434e-01 5.662933588027954102e-01 5.650495886802673340e-01
8.845000267028808594e-01 4.833333194255828857e-01 7.714999914169311523e-01 2.649999968707561493e-02 6.585000157356262207e-01 2.775000035762786865e-01 8.177613019943237305e-01 4.842362701892852783e-01 7.190090417861938477e-01 2.362610697746276855e-01 6.606476306915283203e-01 2.392223924398422241e-01
1.504999995231628418e-01 4.833333194255828857e-01 2.535000145435333252e-01 6.524999737739562988e-01 9.825000166893005371e-01 7.549999654293060303e-02 1.551622003316879272e-01 4.817678928375244141e-01 3.020410239696502686e-01 4.601380825042724609e-01 9.040794372558593750e-01 4.579490423202514648e-01
4.054999947547912598e-01 4.833333194255828857e-01 9.994999766349792480e-01 6.104999780654907227e-01 9.984999895095825195e-01 4.864999949932098389e-01 4.460683465003967285e-01 4.822921752929687500e-01 7.160259485244750977e-01 6.025496125221252441e-01 9.610356092453002930e-01 7.745786905288696289e-01
5.345000028610229492e-01 4.833333194255828857e-01 6.564999818801879883e-01 3.485000133514404297e-01 9.149999916553497314e-02 3.625000119209289551e-01 5.425700545310974121e-01 4.841000735759735107e-01 6.820464730262756348e-01 3.721422255039215088e-01 9.492625296115875244e-02 3.954597711563110352e-01
8.250000327825546265e-02 4.833333194255828857e-01 5.914999842643737793e-01 9.849999845027923584e-02 5.105000138282775879e-01 3.894999921321868896e-01 1.057895347476005554e-01 4.831582009792327881e-01 6.546225547790527344e-01 1.366173177957534790e-01 5.250290036201477051e-01 4.294327497482299805e-01
1.735000014305114746e-01 4.833333194255828857e-01 4.695000052452087402e-01 1.875000000000000000e-01 2.850000001490116119e-02 3.734999895095825195e-01 1.849232465028762817e-01 4.840826988220214844e-01 5.374171733856201172e-01 1.204583644866943359e-01 4.826507344841957092e-02 1.609525382518768311e-01
3.714999854564666748e-01 4.833333194255828857e-01 5.449999868869781494e-02 2.675000131130218506e-01 4.365000128746032715e-01 2.644999921321868896e-01 3.727286159992218018e-01 4.827938675880432129e-01 8.137613534927368164e-02 2.164413779973983765e-01 4.382130801677703857e-01 3.620094656944274902e-01
5.124999880790710449e-01 4.833333194255828857e-01 1.284999996423721313e-01 8.445000052452087402e-01 9.265000224113464355e-01 8.054999709129333496e-01 5.360218286514282227e-01 4.822148680686950684e-01 1.120251268148422241e-01 7.070281505584716797e-01 9.355635643005371094e-01 8.423655629158020020e-01
2.105000019073486328e-01 4.833333194255828857e-01 2.125000059604644775e-01 1.549999974668025970e-02 9.045000076293945312e-01 4.675000011920928955e-01 2.308515459299087524e-01 4.822071194648742676e-01 2.456303387880325317e-01 1.761614084243774414e-01 9.418465495109558105e-01 3.766917884349822998e-01
3.785000145435333252e-01 4.833333194255828857e-01 1.985000073909759521e-01 5.835000276565551758e-01 2.950000017881393433e-02 2.395000010728836060e-01 3.896032571792602539e-01 4.832691848278045654e-01 2.466677576303482056e-01 5.126619935035705566e-01 4.669623076915740967e-02 5.514472723007202148e-01
2.605000138282775879e-01 4.833333194255828857e-01 3.334999978542327881e-01 3.174999952316284180e-01 6.445000171661376953e-01 3.334999978542327881e-01 2.812765240669250488e-01 4.825331866741180420e-01 3.920204937458038330e-01 3.532347083091735840e-01 6.703639030456542969e-01 4.650906324386596680e-01
5.824999809265136719e-01 4.833333194255828857e-01 2.415000051259994507e-01 6.815000176429748535e-01 2.775000035762786865e-01 6.675000190734863281e-01 5.517402291297912598e-01 4.830278754234313965e-01 3.022244572639465332e-01 6.412047147750854492e-01 2.632243335247039795e-01 7.021818161010742188e-01
4.954999983310699463e-01 4.833333194255828857e-01 4.949999973177909851e-02 2.524999976158142090e-01 9.405000209808349609e-01 5.314999818801879883e-01 4.656345844268798828e-01 4.829289913177490234e-01 1.499436199665069580e-01 2.479705661535263062e-01 9.097168445587158203e-01 5.598605871200561523e-01
4.025000035762786865e-01 4.833333194255828857e-01 8.824999928474426270e-01 2.495000064373016357e-01 3.515000045299530029e-01 3.844999969005584717e-01 4.140802621841430664e-01 4.835470020771026611e-01 8.837069869041442871e-01 2.283546030521392822e-01 3.811647593975067139e-01 2.538757622241973877e-01
2.255000025033950806e-01 4.833333194255828857e-01 6.384999752044677734e-01 8.865000009536743164e-01 2.705000042915344238e-01 1.375000029802322388e-01 2.435378283262252808e-01 4.824146628379821777e-01 6.151872873306274414e-01 8.120010495185852051e-01 2.681581377983093262e-01 3.972656130790710449e-01
9.075000286102294922e-01 4.833333194255828857e-01 4.945000112056732178e-01 9.704999923706054688e-01 4.564999938011169434e-01 7.684999704360961914e-01 8.872366547584533691e-01 4.847199618816375732e-01 6.208546757698059082e-01 8.847087025642395020e-01 4.603496789932250977e-01 5.801297426223754883e-01
5.084999799728393555e-01 4.833333194255828857e-01 4.514999985694885254e-01 9.244999885559082031e-01 5.795000195503234863e-01 5.295000076293945312e-01 5.106494426727294922e-01 4.826334118843078613e-01 5.438407063484191895e-01 8.111821413040161133e-01 6.043581962585449219e-01 3.838268518447875977e-01
4.415000081062316895e-01 4.833333194255828857e-01 1.054999977350234985e-01 4.154999852180480957e-01 8.774999976158142090e-01 6.104999780654907227e-01 3.983244001865386963e-01 4.819884598255157471e-01 1.399578601121902466e-01 4.250620603561401367e-01 8.860260844230651855e-01 6.423687338829040527e-01
3.585000038146972656e-01 4.833333194255828857e-01 4.384999871253967285e-01 6.765000224113464355e-01 1.875000000000000000e-01 6.324999928474426270e-01 3.212310671806335449e-01 4.823992848396301270e-01 4.529797434806823730e-01 8.093250989913940430e-01 1.795239746570587158e-01 5.262508988380432129e-01
7.455000281333923340e-01 4.833333194255828857e-01 1.724999994039535522e-01 2.574999928474426270e-01 1.955000013113021851e-01 4.954999983310699463e-01 7.288606762886047363e-01 4.842300713062286377e-01 2.106168717145919800e-01 2.168774455785751343e-01 1.762110292911529541e-01 6.479906439781188965e-01
3.625000119209289551e-01 4.833333194255828857e-01 5.325000286102294922e-01 9.325000047683715820e-01 4.794999957084655762e-01 3.550000116229057312e-02 3.740254938602447510e-01 4.823133647441864014e-01 6.128082871437072754e-01 8.296534419059753418e-01 4.633212983608245850e-01 4.474346041679382324e-01
4.214999973773956299e-01 4.833333194255828857e-01 4.214999973773956299e-01 1.755000054836273193e-01 2.635000050067901611e-01 8.125000000000000000e-01 3.953004181385040283e-01 4.828821718692779541e-01 3.900966942310333252e-01 3.721721172332763672e-01 2.865661084651947021e-01 4.885147809982299805e-01
3.154999911785125732e-01 4.833333194255828857e-01 4.465000033378601074e-01 4.450000077486038208e-02 7.344999909400939941e-01 9.495000243186950684e-01 2.848065793514251709e-01 4.821040332317352295e-01 2.746011912822723389e-01 3.571833670139312744e-01 7.900364398956298828e-01 5.115603208541870117e-01
7.875000238418579102e-01 4.833333194255828857e-01 2.834999859333038330e-01 9.350000321865081787e-02 8.025000095367431641e-01 8.615000247955322266e-01 7.839627265930175781e-01 4.840411245822906494e-01 1.765664666891098022e-01 1.997620761394500732e-01 8.641339540481567383e-01 6.776596903800964355e-01
6.955000162124633789e-01 4.833333194255828857e-01 4.735000133514404297e-01 9.894999861717224121e-01 1.035000011324882507e-01 5.849999934434890747e-02 7.766020894050598145e-01 4.846850931644439697e-01 5.307647585868835449e-01 8.224977850914001465e-01 9.619968384504318237e-02 4.229308366775512695e-01
5.435000061988830566e-01 4.833333194255828857e-01 6.735000014305114746e-01 7.325000166893005371e-01 7.555000185966491699e-01 1.649999991059303284e-02 4.886019229888916016e-01 4.824129939079284668e-01 6.859178543090820312e-01 8.039761185646057129e-01 7.760732173919677734e-01 2.895085513591766357e-01
4.424999952316284180e-01 4.833333194255828857e-01 5.724999904632568359e-01 3.334999978542327881e-01 4.354999959468841553e-01 7.735000252723693848e-01 4.929947257041931152e-01 4.830104112625122070e-01 5.079401731491088867e-01 3.125638663768768311e-01 4.613756239414215088e-01 4.917328357696533203e-01
2.685000002384185791e-01 4.833333194255828857e-01 1.075000017881393433e-01 5.375000238418579102e-01 8.550000190734863281e-02 1.324999928474426270e-01 3.024442791938781738e-01 4.827524721622467041e-01 1.088601797819137573e-01 3.788347244262695312e-01 6.448899954557418823e-02 3.863016664981842041e-01
4.864999949932098389e-01 4.833333194255828857e-01 7.444999814033508301e-01 9.835000038146972656e-01 7.695000171661376953e-01 1.455000042915344238e-01 5.045971870422363281e-01 4.824462234973907471e-01 6.995535492897033691e-01 8.946746587753295898e-01 7.474513649940490723e-01 4.898085892200469971e-01
8.675000071525573730e-01 4.833333194255828857e-01 6.194999814033508301e-01 9.745000004768371582e-01 5.394999980926513672e-01 5.554999709129333496e-01 9.221806526184082031e-01 4.850819706916809082e-01 7.016457915306091309e-01 8.140849471092224121e-01 5.451060533523559570e-01 6.455686688423156738e-01
6.974999904632568359e-01 4.833333194255828857e-01 6.955000162124633789e-01 2.915000021457672119e-01 7.944999933242797852e-01 1.924999952316284180e-01 7.348509430885314941e-01 4.837909936904907227e-01 6.276687979698181152e-01 3.546027243137359619e-01 8.063327670097351074e-01 3.205953538417816162e-01
7.354999780654907227e-01 4.833333194255828857e-01 4.549999907612800598e-02 8.205000162124633789e-01 2.904999852180480957e-01 9.325000047683715820e-01 7.604296207427978516e-01 4.842530488967895508e-01 8.824069052934646606e-02 8.575325608253479004e-01 3.218673169612884521e-01 7.355670928955078125e-01
5.895000100135803223e-01 4.833333194255828857e-01 6.455000042915344238e-01 7.304999828338623047e-01 3.944999873638153076e-01 1.535000056028366089e-01 5.410896539688110352e-01 4.829961657524108887e-01 6.073961853981018066e-01 7.893300056457519531e-01 4.040802121162414551e-01 3.847805261611938477e-01
5.975000262260437012e-01 4.833333194255828857e-01 9.204999804496765137e-01 8.065000176429748535e-01 3.274999856948852539e-01 6.474999785423278809e-01 6.894453763961791992e-01 4.840167760848999023e-01 8.138482570648193359e-01 7.718633413314819336e-01 3.349129259586334229e-01 4.850248694419860840e-01
7.055000066757202148e-01 4.833333194255828857e-01 5.615000128746032715e-01 7.949999719858169556e-02 2.094999998807907104e-01 9.975000023841857910e-01 6.151359081268310547e-01 4.837250113487243652e-01 6.682714223861694336e-01 1.837830394506454468e-01 1.868827044963836670e-01 7.576975226402282715e-01
2.784999907016754150e-01 4.833333194255828857e-01 2.745000123977661133e-01 8.475000262260437012e-01 8.395000100135803223e-01 3.204999864101409912e-01 3.355890512466430664e-01 4.818911552429199219e-01 3.359605371952056885e-01 6.451639533042907715e-01 7.979841232299804688e-01 5.992858409881591797e-01
4.505000114440917969e-01 4.833333194255828857e-01 4.605000019073486328e-01 4.354999959468841553e-01 8.150000125169754028e-02 6.704999804496765137e-01 4.531627595424652100e-01 4.833355844020843506e-01 3.904450237751007080e-01 5.492849349975585938e-01 8.957123011350631714e-02 5.061567425727844238e-01
1.145000010728836060e-01 4.833333194255828857e-01 5.874999761581420898e-01 2.444999963045120239e-01 4.745000004768371582e-01 9.175000190734863281e-01 1.274168640375137329e-01 4.824367761611938477e-01 5.712531805038452148e-01 2.842388749122619629e-01 5.203986167907714844e-01 7.121852636337280273e-01
1.494999974966049194e-01 4.833333194255828857e-01 2.504999935626983643e-01 7.045000195503234863e-01 1.204999983310699463e-01 3.515000045299530029e-01 1.538215577602386475e-01 4.818077385425567627e-01 2.991260588169097900e-01 5.841011404991149902e-01 9.248395264148712158e-02 6.324432492256164551e-01
6.549999862909317017e-02 4.833333194255828857e-01 8.715000152587890625e-01 4.595000147819519043e-01 8.105000257492065430e-01 6.384999752044677734e-01 5.910073593258857727e-02 4.827719032764434814e-01 9.119139313697814941e-01 5.605841279029846191e-01 8.298642635345458984e-01 5.656788349151611328e-01
7.095000147819519043e-01 4.833333194255828857e-01 1.805000007152557373e-01 7.835000157356262207e-01 3.364999890327453613e-01 7.499999832361936569e-03 6.875234246253967285e-01 4.841176271438598633e-01 3.593317270278930664e-01 6.599056124687194824e-01 3.232340812683105469e-01 4.640302062034606934e-01
3.495000004768371582e-01 4.833333194255828857e-01 2.004999965429306030e-01 9.035000205039978027e-01 9.365000128746032715e-01 6.549999862909317017e-02 3.698488771915435791e-01 4.818142056465148926e-01 2.807071805000305176e-01 6.933517456054687500e-01 8.864892721176147461e-01 2.998834848403930664e-01
7.994999885559082031e-01 4.833333194255828857e-01 4.054999947547912598e-01 5.534999966621398926e-01 1.735000014305114746e-01 4.244999885559082031e-01 8.253464102745056152e-01 4.850364327430725098e-01 3.718120455741882324e-01 5.915791988372802734e-01 1.536541134119033813e-01 4.765525758266448975e-01
8.654999732971191406e-01 4.833333194255828857e-01 9.495000243186950684e-01 4.054999947547912598e-01 4.144999980926513672e-01 3.050000034272670746e-02 8.490429520606994629e-01 4.848054945468902588e-01 8.697283267974853516e-01 4.144536554813385010e-01 4.049424529075622559e-01 4.415135979652404785e-01
1.414999961853027344e-01 4.833333194255828857e-01 2.425000071525573730e-01 9.365000128746032715e-01 6.405000090599060059e-01 1.254999935626983643e-01 1.586517691612243652e-01 4.812093079090118408e-01 2.514125406742095947e-01 7.606191039085388184e-01 6.075187325477600098e-01 4.069265127182006836e-01
1.784999966621398926e-01 4.833333194255828857e-01 4.824999868869781494e-01 8.784999847412109375e-01 1.150000002235174179e-02 8.504999876022338867e-01 1.668635010719299316e-01 4.820371568202972412e-01 5.136694312095642090e-01 7.947866916656494141e-01 4.701103270053863525e-02 7.809795737266540527e-01
4.665000140666961670e-01 4.833333194255828857e-01 5.364999771118164062e-01 2.854999899864196777e-01 8.985000252723693848e-01 4.194999933242797852e-01 4.692803621292114258e-01 4.827811419963836670e-01 5.725672245025634766e-01 3.671630620956420898e-01 9.078480601310729980e-01 5.483767390251159668e-01
7.584999799728393555e-01 4.833333194255828857e-01 7.565000057220458984e-01 8.274999856948852539e-01 7.605000138282775879e-01 4.535000026226043701e-01 7.995962500572204590e-01 4.840923547744750977e-01 8.121397495269775391e-01 7.350997924804687500e-01 7.975422739982604980e-01 5.556750893592834473e-01
3.445000052452087402e-01 4.833333194255828857e-01 3.204999864101409912e-01 5.214999914169311523e-01 3.964999914169311523e-01 5.499999970197677612e-03 4.054188132286071777e-01 4.829669892787933350e-01 4.419766068458557129e-01 2.574717104434967041e-01 3.943227529525756836e-01 3.513728976249694824e-01
8.824999928474426270e-01 4.833333194255828857e-01 6.675000190734863281e-01 1.024999991059303284e-01 6.834999918937683105e-01 8.374999761581420898e-01 9.007821679115295410e-01 4.845834672451019287e-01 5.585240125656127930e-01 1.803871542215347290e-01 6.867082715034484863e-01 6.909568309783935547e-01
3.984999954700469971e-01 4.833333194255828857e-01 3.964999914169311523e-01 4.864999949932098389e-01 5.874999761581420898e-01 4.945000112056732178e-01 4.138735532760620117e-01 4.824378490447998047e-01 3.470313847064971924e-01 5.037282705307006836e-01 6.128392219543457031e-01 4.499719738960266113e-01
4.824999868869781494e-01 4.833333194255828857e-01 6.614999771118164062e-01 7.555000185966491699e-01 6.535000205039978027e-01 4.275000095367431641e-01 4.887375235557556152e-01 4.830856323242187500e-01 8.035360574722290039e-01 6.554676294326782227e-01 6.676434874534606934e-01 4.782692790031433105e-01
1.815000027418136597e-01 4.833333194255828857e-01 3.675000071525573730e-01 3.634999990463256836e-01 7.634999752044677734e-01 5.224999785423278809e-01 2.014425247907638550e-01 4.823428690433502197e-01 4.099947810173034668e-01 3.408649265766143799e-01 7.841667532920837402e-01 4.180089235305786133e-01
5.774999856948852539e-01 4.833333194255828857e-01 3.449999913573265076e-02 2.754999995231628418e-01 4.074999988079071045e-01 4.964999854564666748e-01 5.544220209121704102e-01 4.835727512836456299e-01 3.401838615536689758e-02 3.114353418350219727e-01 3.989835977554321289e-01 5.158156156539916992e-01
4.499999806284904480e-03 4.833333194255828857e-01 9.545000195503234863e-01 7.795000076293945312e-01 2.395000010728836060e-01 6.735000014305114746e-01 3.775360062718391418e-02 4.826148152351379395e-01 8.568517565727233887e-01 7.546437382698059082e-01 2.217680215835571289e-01 6.838670969009399414e-01
9.045000076293945312e-01 4.833333194255828857e-01 6.434999704360961914e-01 9.695000052452087402e-01 4.375000000000000000e-01 8.945000171661376953e-01 9.439630508422851562e-01 4.854379296302795410e-01 7.659506201744079590e-01 7.980816960334777832e-01 4.510770738124847412e-01 5.718396306037902832e-01
2.444999963045120239e-01 4.833333194255828857e-01 8.094999790191650391e-01 2.845000028610229492e-01 2.749999985098838806e-02 5.750000104308128357e-02 2.757342159748077393e-01 4.839985072612762451e-01 7.164035439491271973e-01 2.519116103649139404e-01 5.161903053522109985e-02 3.829370439052581787e-01
5.055000185966491699e-01 4.833333194255828857e-01 4.124999940395355225e-01 5.750000104308128357e-02 8.284999728202819824e-01 2.125000059604644775e-01 4.792407453060150146e-01 4.832103550434112549e-01 5.519102811813354492e-01 1.439255923032760620e-01 8.460907936096191406e-01 2.479691505432128906e-01
3.874999880790710449e-01 4.833333194255828857e-01 8.165000081062316895e-01 4.345000088214874268e-01 3.034999966621398926e-01 1.515000015497207642e-01 4.341112673282623291e-01 4.834730923175811768e-01 7.615398764610290527e-01 2.953969240188598633e-01 3.131036460399627686e-01 3.503381311893463135e-01
7.645000219345092773e-01 4.833333194255828857e-01 8.514999747276306152e-01 7.549999654293060303e-02 6.794999837875366211e-01 3.785000145435333252e-01 6.645505428314208984e-01 4.832985997200012207e-01 8.033591508865356445e-01 2.715557813644409180e-01 7.276297807693481445e-01 2.508798539638519287e-01
1.714999973773956299e-01 4.833333194255828857e-01 5.824999809265136719e-01 4.665000140666961670e-01 1.784999966621398926e-01 3.750000149011611938e-02 1.977163553237915039e-01 4.833241105079650879e-01 6.222940683364868164e-01 3.201524019241333008e-01 1.539474874734878540e-01 4.660837054252624512e-01
7.764999866485595703e-01 4.833333194255828857e-01 6.215000152587890625e-01 3.325000107288360596e-01 2.195000052452087402e-01 5.394999980926513672e-01 7.244994044303894043e-01 4.844038784503936768e-01 3.784229755401611328e-01 6.506296396255493164e-01 2.048488110303878784e-01 5.036394596099853516e-01
3.935000002384185791e-01 4.833333194255828857e-01 1.155000030994415283e-01 8.184999823570251465e-01 7.394999861717224121e-01 2.255000025033950806e-01 4.244291484355926514e-01 4.823354184627532959e-01 1.718272119760513306e-01 7.150309085845947266e-01 7.023867964744567871e-01 4.609937965869903564e-01
7.444999814033508301e-01 4.833333194255828857e-01 7.634999752044677734e-01 8.335000276565551758e-01 9.685000181198120117e-01 8.934999704360961914e-01 7.391740083694458008e-01 4.832175374031066895e-01 8.420236110687255859e-01 7.990053892135620117e-01 9.532084465026855469e-01 6.334965825080871582e-01
4.144999980926513672e-01 4.833333194255828857e-01 3.634999990463256836e-01 1.750000007450580597e-02 8.385000228881835938e-01 5.150000005960464478e-02 4.178146123886108398e-01 4.829491376876831055e-01 2.477381229400634766e-01 1.574305295944213867e-01 8.389474749565124512e-01 2.517794668674468994e-01
7.315000295639038086e-01 4.833333194255828857e-01 6.054999828338623047e-01 9.654999971389770508e-01 6.675000190734863281e-01 7.304999828338623047e-01 7.526120543479919434e-01 4.835842847824096680e-01 6.352517008781433105e-01 9.086846709251403809e-01 6.486048102378845215e-01 5.877280235290527344e-01
1.014999970793724060e-01 4.833333194255828857e-01 9.685000181198120117e-01 8.794999718666076660e-01 8.794999718666076660e-01 5.285000205039978027e-01 9.761311858892440796e-02 4.827677309513092041e-01 8.951893448829650879e-01 7.555191516876220703e-01 8.493754863739013672e-01 6.182692646980285645e-01
7.045000195503234863e-01 4.833333194255828857e-01 8.644999861717224121e-01 6.955000162124633789e-01 8.305000066757202148e-01 1.685000061988830566e-01 7.644302248954772949e-01 4.837256669998168945e-01 8.398211598396301270e-01 6.014859676361083984e-01 8.522801399230957031e-01 3.821427524089813232e-01
4.165000021457672119e-01 4.833333194255828857e-01 2.134999930858612061e-01 2.335000038146972656e-01 6.524999737739562988e-01 2.565000057220458984e-01 4.148995280265808105e-01 4.830351769924163818e-01 2.905483841896057129e-01 2.207148075103759766e-01 6.752635240554809570e-01 3.534580469131469727e-01
4.115000069141387939e-01 4.833333194255828857e-01 6.205000281333923340e-01 6.205000281333923340e-01 3.150000050663948059e-02 1.145000010728836060e-01 4.410713911056518555e-01 4.837371706962585449e-01 7.390362024307250977e-01 4.885189533233642578e-01 5.655982717871665955e-02 4.599205255508422852e-01
3.955000042915344238e-01 4.833333194255828857e-01 3.955000042915344238e-01 9.215000271797180176e-01 7.705000042915344238e-01 5.050000175833702087e-02 3.864080309867858887e-01 4.820817410945892334e-01 4.481692612171173096e-01 7.868441939353942871e-01 7.381384968757629395e-01 4.618774950504302979e-01
3.204999864101409912e-01 4.833333194255828857e-01 8.245000243186950684e-01 4.235000014305114746e-01 6.449999660253524780e-02 8.905000090599060059e-01 3.239649534225463867e-01 4.832649528980255127e-01 7.044660449028015137e-01 5.212682485580444336e-01 7.495919615030288696e-02 6.709021329879760742e-01
4.045000076293945312e-01 4.833333194255828857e-01 5.375000238418579102e-01 3.274999856948852539e-01 3.885000050067901611e-01 9.754999876022338867e-01 4.152431786060333252e-01 4.828386008739471436e-01 6.141735911369323730e-01 3.496232926845550537e-01 4.100583493709564209e-01 6.489576101303100586e-01
6.554999947547912598e-01 4.833333194255828857e-01 7.549999654293060303e-02 1.124999970197677612e-01 7.055000066757202148e-01 8.955000042915344238e-01 7.150307893753051758e-01 4.837973713874816895e-01 1.050475388765335083e-01 1.064370200037956238e-01 7.503567934036254883e-01 4.696376621723175049e-01
8.255000114440917969e-01 4.833333194255828857e-01 6.855000257492065430e-01 3.564999997615814209e-01 7.745000123977661133e-01 2.815000116825103760e-01 8.535142540931701660e-01 4.842461645603179932e-01 7.190800309181213379e-01 2.558893263339996338e-01 8.024771213531494141e-01 4.197133779525756836e-01
2.504999935626983643e-01 4.833333194255828857e-01 2.250000089406967163e-02 2.734999954700469971e-01 1.185000017285346985e-01 1.075000017881393433e-01 2.684383690357208252e-01 4.830575287342071533e-01 3.764137253165245056e-02 1.230424642562866211e-01 8.382879942655563354e-02 2.014720588922500610e-01
9.204999804496765137e-01 4.833333194255828857e-01 3.474999964237213135e-01 1.375000029802322388e-01 9.315000176429748535e-01 9.154999852180480957e-01 8.871883153915405273e-01 4.842242598533630371e-01 3.126119673252105713e-01 1.902078837156295776e-01 9.529225826263427734e-01 7.981454730033874512e-01
8.504999876022338867e-01 4.833333194255828857e-01 7.994999885559082031e-01 4.984999895095825195e-01 4.884999990463256836e-01 7.365000247955322266e-01 8.149318099021911621e-01 4.845028221607208252e-01 8.480838537216186523e-01 6.241345405578613281e-01 4.853388369083404541e-01 4.819933176040649414e-01
7.404999732971191406e-01 4.833333194255828857e-01 9.215000271797180176e-01 8.349999785423278809e-02 3.935000002384185791e-01 9.235000014305114746e-01 8.225277066230773926e-01 4.845435619354248047e-01 7.312197089195251465e-01 1.957098096609115601e-01 4.266904890537261963e-01 6.053890585899353027e-01
9.505000114440917969e-01 4.833333194255828857e-01 4.785000085830688477e-01 1.449999958276748657e-02 8.495000004768371582e-01 3.574999868869781494e-01 8.787376284599304199e-01 4.843515157699584961e-01 5.134040117263793945e-01 1.567275971174240112e-01 8.602307438850402832e-01 5.577970743179321289e-01
8.514999747276306152e-01 4.833333194255828857e-01 1.554999947547912598e-01 4.214999973773956299e-01 5.684999823570251465e-01 6.604999899864196777e-01 8.812345266342163086e-01 4.847522675991058350e-01 1.816738545894622803e-01 2.885054945945739746e-01 5.466991662979125977e-01 5.495031476020812988e-01
7.349999994039535522e-02 4.833333194255828857e-01 4.794999957084655762e-01 7.754999995231628418e-01 7.285000085830688477e-01 2.055000066757202148e-01 7.838844507932662964e-02 4.819343388080596924e-01 5.199492573738098145e-01 6.752063035964965820e-01 6.875393390655517578e-01 5.314646959304809570e-01
2.224999964237213135e-01 4.833333194255828857e-01 6.265000104904174805e-01 6.595000028610229492e-01 6.995000243186950684e-01 5.575000047683715820e-01 2.408632487058639526e-01 4.822326004505157471e-01 5.941654443740844727e-01 7.145809531211853027e-01 7.219437360763549805e-01 5.718621611595153809e-01
8.454999923706054688e-01 4.833333194255828857e-01 6.750000268220901489e-02 7.885000109672546387e-01 2.834999859333038330e-01 5.964999794960021973e-01 8.638635873794555664e-01 4.851061999797821045e-01 9.994861483573913574e-02 8.310325741767883301e-01 3.006513714790344238e-01 6.306999921798706055e-01
2.635000050067901611e-01 4.833333194255828857e-01 5.015000104904174805e-01 1.395000070333480835e-01 3.055000007152557373e-01 6.754999756813049316e-01 2.574031352996826172e-01 4.830150306224822998e-01 5.536994338035583496e-01 2.472684234380722046e-01 3.520790338516235352e-01 4.326576888561248779e-01
2.649999968707561493e-02 4.833333194255828857e-01 7.095000147819519043e-01 2.944999933242797852e-01 2.644999921321868896e-01 5.504999756813049316e-01 4.415308684110641479e-02 4.831494688987731934e-01 7.675005197525024414e-01 3.376725018024444580e-01 2.909339666366577148e-01 4.284565150737762451e-01
5.914999842643737793e-01 4.833333194255828857e-01 5.414999723434448242e-01 2.395000010728836060e-01 6.054999828338623047e-01 2.754999995231628418e-01 5.286908149719238281e-01 4.832612872123718262e-01 6.537938714027404785e-01 2.761861383914947510e-01 5.942862033843994141e-01 3.721403777599334717e-01
3.465000092983245850e-01 4.833333194255828857e-01 9.325000047683715820e-01 4.875000119209289551e-01 3.495000004768371582e-01 1.350000035017728806e-02 3.395809829235076904e-01 4.830308258533477783e-01 8.357676863670349121e-01 5.739843249320983887e-01 3.587556183338165283e-01 1.752502322196960449e-01
1.035000011324882507e-01 4.833333194255828857e-01 8.705000281333923340e-01 2.655000090599060059e-01 4.054999947547912598e-01 7.014999985694885254e-01 8.796524256467819214e-02 4.827921390533447266e-01 8.218762874603271484e-01 3.270996212959289551e-01 4.254753887653350830e-01 6.875399947166442871e-01
8.404999971389770508e-01 4.833333194255828857e-01 9.975000023841857910e-01 6.395000219345092773e-01 4.154999852180480957e-01 9.775000214576721191e-01 8.546962738037109375e-01 4.846333563327789307e-01 8.712934851646423340e-01 7.644785642623901367e-01 4.421599805355072021e-01 4.905621707439422607e-01
3.865000009536743164e-01 4.833333194255828857e-01 5.649999901652336121e-02 1.334999948740005493e-01 6.464999914169311523e-01 4.514999985694885254e-01 3.936740458011627197e-01 4.829521179199218750e-01 1.414830684661865234e-01 1.532929688692092896e-01 6.644240021705627441e-01 3.932290673255920410e-01
4.174999892711639404e-01 4.833333194255828857e-01 3.714999854564666748e-01 3.874999880790710449e-01 6.305000185966491699e-01 1.484999954700469971e-01 4.340750873088836670e-01 4.827824532985687256e-01 2.762042582035064697e-01 4.582584500312805176e-01 6.322339773178100586e-01 3.079851865768432617e-01
8.065000176429748535e-01 4.833333194255828857e-01 4.875000119209289551e-01 6.504999995231628418e-01 5.824999809265136719e-01 1.854999959468841553e-01 7.609084844589233398e-01 4.841090142726898193e-01 4.270223379135131836e-01 7.400332093238830566e-01 5.902752280235290527e-01 4.794827401638031006e-01
8.634999990463256836e-01 4.833333194255828857e-01 3.614999949932098389e-01 7.005000114440917969e-01 3.925000131130218506e-01 8.424999713897705078e-01 8.485199213027954102e-01 4.848172068595886230e-01 4.012833237648010254e-01 7.145140767097473145e-01 4.186656773090362549e-01 6.376227736473083496e-01
1.994999945163726807e-01 4.833333194255828857e-01 1.064999997615814209e-01 6.250000000000000000e-02 2.105000019073486328e-01 8.449999988079071045e-02 1.894230693578720093e-01 4.826577007770538330e-01 9.033992886543273926e-02 9.536023437976837158e-02 1.650476455688476562e-01 1.863983869552612305e-01
6.504999995231628418e-01 4.833333194255828857e-01 2.475000023841857910e-01 6.150000169873237610e-02 1.694999933242797852e-01 9.334999918937683105e-01 6.397380232810974121e-01 4.840402901172637939e-01 2.177005857229232788e-01 1.561690121889114380e-01 1.756722182035446167e-01 5.827869772911071777e-01
9.754999876022338867e-01 4.833333194255828857e-01 8.205000162124633789e-01 4.384999871253967285e-01 9.745000004768371582e-01 5.184999704360961914e-01 8.667104840278625488e-01 4.841655492782592773e-01 8.360526561737060547e-01 6.116399765014648438e-01 9.398232102394104004e-01 6.145693063735961914e-01
5.605000257492065430e-01 4.833333194255828857e-01 3.594999909400939941e-01 2.185000032186508179e-01 4.524999856948852539e-01 4.745000004768371582e-01 5.649501681327819824e-01 4.833843708038330078e-01 3.537468910217285156e-01 1.679813414812088013e-01 4.619247615337371826e-01 4.530230462551116943e-01
6.965000033378601074e-01 4.833333194255828857e-01 9.275000095367431641e-01 6.794999837875366211e-01 5.449999868869781494e-02 1.764999926090240479e-01 7.351297736167907715e-01 4.847605526447296143e-01 8.286344408988952637e-01 7.579756975173950195e-01 7.429347187280654907e-02 4.334190785884857178e-01
6.614999771118164062e-01 4.833333194255828857e-01 4.165000021457672119e-01 8.134999871253967285e-01 1.794999986886978149e-01 7.875000238418579102e-01 6.852752566337585449e-01 4.841431081295013428e-01 4.625531136989593506e-01 7.324621677398681641e-01 1.748669892549514771e-01 5.247621536254882812e-01
8.705000281333923340e-01 4.833333194255828857e-01 1.014999970793724060e-01 5.625000000000000000e-01 9.624999761581420898e-01 5.525000095367431641e-01 8.302239179611206055e-01 4.839756786823272705e-01 2.190898358821868896e-01 4.929265379905700684e-01 9.341841340065002441e-01 6.923505663871765137e-01
6.154999732971191406e-01 4.833333194255828857e-01 8.274999856948852539e-01 8.855000138282775879e-01 9.035000205039978027e-01 2.504999935626983643e-01 6.403663754463195801e-01 4.826764166355133057e-01 8.248573541641235352e-01 8.135895133018493652e-01 9.167104363441467285e-01 2.697421908378601074e-01
2.074999958276748657e-01 4.833333194255828857e-01 8.634999990463256836e-01 1.150000002235174179e-02 3.544999957084655762e-01 3.454999923706054688e-01 2.066299319267272949e-01 4.835787713527679443e-01 7.591164112091064453e-01 1.832746863365173340e-01 3.879887163639068604e-01 2.748714685440063477e-01
6.365000009536743164e-01 4.833333194255828857e-01 7.904999852180480957e-01 5.715000033378601074e-01 2.554999887943267822e-01 4.349999874830245972e-02 6.464623212814331055e-01 4.839464724063873291e-01 6.378378868103027344e-01 6.508004069328308105e-01 2.395880222320556641e-01 4.012596011161804199e-01
4.584999978542327881e-01 4.833333194255828857e-01 3.504999876022338867e-01 6.355000138282775879e-01 4.535000026226043701e-01 1.704999953508377075e-01 4.470464289188385010e-01 4.827344715595245361e-01 2.893987298011779785e-01 7.059803009033203125e-01 4.878948330879211426e-01 2.609740793704986572e-01
1.105000004172325134e-01 4.833333194255828857e-01 4.264999926090240479e-01 3.785000145435333252e-01 5.335000157356262207e-01 5.274999737739562988e-01 1.306470334529876709e-01 4.827454686164855957e-01 5.889388918876647949e-01 2.525317966938018799e-01 5.374653339385986328e-01 5.396026968955993652e-01
6.524999737739562988e-01 4.833333194255828857e-01 6.995000243186950684e-01 4.424999952316284180e-01 9.875000119209289551e-01 9.375000000000000000e-01 6.449463367462158203e-01 4.831294715404510498e-01 8.391056656837463379e-01 4.471188485622406006e-01 9.725263714790344238e-01 8.031490445137023926e-01
3.849999979138374329e-02 4.833333194255828857e-01 7.135000228881835938e-01 6.194999814033508301e-01 8.705000281333923340e-01 8.255000114440917969e-01 7.024071365594863892e-02 4.815230965614318848e-01 7.083746194839477539e-01 6.717119216918945312e-01 9.413017034530639648e-01 9.176394939422607422e-01
7.854999899864196777e-01 4.833333194255828857e-01 8.964999914169311523e-01 3.625000119209289551e-01 9.484999775886535645e-01 1.585000008344650269e-01 8.989689350128173828e-01 4.844761192798614502e-01 8.080907464027404785e-01 2.539084553718566895e-01 9.345916509628295898e-01 3.611644506454467773e-01
1.755000054836273193e-01 4.833333194255828857e-01 7.949999719858169556e-02 3.614999949932098389e-01 9.095000028610229492e-01 8.525000214576721191e-01 1.737924516201019287e-01 4.811196625232696533e-01 1.202266961336135864e-01 3.047825098037719727e-01 9.489107131958007812e-01 8.987782001495361328e-01
7.214999794960021973e-01 4.833333194255828857e-01 7.724999785423278809e-01 9.114999771118164062e-01 6.654999852180480957e-01 3.695000112056732178e-01 7.238626480102539062e-01 4.838064610958099365e-01 8.940207362174987793e-01 8.163068294525146484e-01 6.793099045753479004e-01 4.850482046604156494e-01
5.795000195503234863e-01 4.833333194255828857e-01 7.705000042915344238e-01 2.535000145435333252e-01 2.964999973773956299e-01 7.985000014305114746e-01 5.442761778831481934e-01 4.833667874336242676e-01 6.054390072822570801e-01 3.475732505321502686e-01 3.081034719944000244e-01 7.383732795715332031e-01
2.815000116825103760e-01 4.833333194255828857e-01 5.504999756813049316e-01 6.345000267028808594e-01 5.724999904632568359e-01 2.994999885559082031e-01 3.055287897586822510e-01 4.826894700527191162e-01 6.266218423843383789e-01 5.452340841293334961e-01 5.690995454788208008e-01 4.072285592555999756e-01
4.349999874830245972e-02 4.833333194255828857e-01 6.535000205039978027e-01 4.025000035762786865e-01 9.614999890327453613e-01 2.415000051259994507e-01 5.605746060609817505e-02 4.825392961502075195e-01 7.806803584098815918e-01 2.796645760536193848e-01 9.267204999923706055e-01 4.250659346580505371e-01
5.145000219345092773e-01 4.833333194255828857e-01 4.375000000000000000e-01 7.145000100135803223e-01 5.750000104308128357e-02 7.055000066757202148e-01 4.744618535041809082e-01 4.831987619400024414e-01 4.559059739112854004e-01 7.624690532684326172e-01 7.099013030529022217e-02 6.357503533363342285e-01
3.524999916553497314e-01 4.833333194255828857e-01 7.245000004768371582e-01 4.695000052452087402e-01 1.084999963641166687e-01 2.134999930858612061e-01 3.341281712055206299e-01 4.836044013500213623e-01 8.016996979713439941e-01 4.252753853797912598e-01 9.201913326978683472e-02 4.574620127677917480e-01
3.704999983310699463e-01 4.833333194255828857e-01 1.965000033378601074e-01 5.945000052452087402e-01 5.095000267028808594e-01 4.855000078678131104e-01 3.929602801799774170e-01 4.822851717472076416e-01 1.553510427474975586e-01 5.178973674774169922e-01 4.840626418590545654e-01 6.076599955558776855e-01
2.245000004768371582e-01 4.833333194255828857e-01 8.004999756813049316e-01 2.074999958276748657e-01 4.499999806284904480e-03 5.235000252723693848e-01 2.137742191553115845e-01 4.841322600841522217e-01 7.882021069526672363e-01 2.626260221004486084e-01 4.107208549976348877e-02 3.807392120361328125e-01
7.174999713897705078e-01 4.833333194255828857e-01 4.250000044703483582e-02 4.474999904632568359e-01 1.850000023841857910e-02 9.555000066757202148e-01 7.337145805358886719e-01 4.847846031188964844e-01 3.851655870676040649e-02 5.651044845581054688e-01 5.782957375049591064e-02 6.496850848197937012e-01
3.404999971389770508e-01 4.833333194255828857e-01 9.394999742507934570e-01 2.349999919533729553e-02 1.414999961853027344e-01 4.505000114440917969e-01 3.304446041584014893e-01 4.841270148754119873e-01 8.555974960327148438e-01 1.663486808538436890e-01 1.304256618022918701e-01 2.115809023380279541e-01
1.694999933242797852e-01 4.833333194255828857e-01 2.515000104904174805e-01 3.944999873638153076e-01 5.195000171661376953e-01 3.244999945163726807e-01 1.799206882715225220e-01 4.817854762077331543e-01 2.653004229068756104e-01 2.893832623958587646e-01 4.835143685340881348e-01 6.823195219039916992e-01
2.150000073015689850e-02 4.833333194255828857e-01 7.864999771118164062e-01 5.565000176429748535e-01 5.904999971389770508e-01 6.405000090599060059e-01 5.004376545548439026e-02 4.832898080348968506e-01 9.009023308753967285e-01 6.099966168403625488e-01 6.615592241287231445e-01 4.273188710212707520e-01
1.644999980926513672e-01 4.833333194255828857e-01 8.485000133514404297e-01 2.294999957084655762e-01 3.574999868869781494e-01 8.205000162124633789e-01 1.466572433710098267e-01 4.830582439899444580e-01 8.097723722457885742e-01 2.501159906387329102e-01 3.942514955997467041e-01 6.573114991188049316e-01
6.234999895095825195e-01 4.833333194255828857e-01 5.964999794960021973e-01 8.295000195503234863e-01 4.165000021457672119e-01 6.334999799728393555e-01 6.286157369613647461e-01 4.832496643066406250e-01 5.295470952987670898e-01 8.675147294998168945e-01 4.110743999481201172e-01 6.763908863067626953e-01
5.274999737739562988e-01 4.833333194255828857e-01 1.549999974668025970e-02 3.404999971389770508e-01 3.734999895095825195e-01 8.845000267028808594e-01 5.001946091651916504e-01 4.832939207553863525e-01 5.080039426684379578e-02 3.962529301643371582e-01 3.937114477157592773e-01 6.433759331703186035e-01
7.014999985694885254e-01 4.833333194255828857e-01 9.125000238418579102e-01 5.325000286102294922e-01 9.785000085830688477e-01 4.124999940395355225e-01 6.454753279685974121e-01 4.830441176891326904e-01 8.371416330337524414e-01 6.295762658119201660e-01 9.455988407135009766e-01 7.163237333297729492e-01
2.865000069141387939e-01 4.833333194255828857e-01 3.025000095367431641e-01 7.914999723434448242e-01 4.724999964237213135e-01 7.384999990463256836e-01 3.601080775260925293e-01 4.821547865867614746e-01 3.797135353088378906e-01 7.370759248733520508e-01 4.746041297912597656e-01 5.935859084129333496e-01
6.244999766349792480e-01 4.833333194255828857e-01 3.404999971389770508e-01 9.125000238418579102e-01 2.004999965429306030e-01 6.694999933242797852e-01 6.454794406890869141e-01 4.837541282176971436e-01 3.522625565528869629e-01 8.271118998527526855e-01 1.496803015470504761e-01 6.363784074783325195e-01
7.384999990463256836e-01 4.833333194255828857e-01 7.785000205039978027e-01 2.214999943971633911e-01 1.049999985843896866e-02 2.265000045299530029e-01 7.195574641227722168e-01 4.847365319728851318e-01 5.828411579132080078e-01 4.351260364055633545e-01 5.249650031328201294e-02 4.349328875541687012e-01
1.825000047683715820e-01 4.833333194255828857e-01 4.544999897480010986e-01 8.165000081062316895e-01 2.845000028610229492e-01 4.264999926090240479e-01 2.443271726369857788e-01 4.826424717903137207e-01 5.690517425537109375e-01 6.707438826560974121e-01 2.842387557029724121e-01 5.158511996269226074e-01
5.164999961853027344e-01 4.833333194255828857e-01 3.454999923706054688e-01 3.754999935626983643e-01 6.775000095367431641e-01 9.505000114440917969e-01 4.815307259559631348e-01 4.826173782348632812e-01 4.093119204044342041e-01 5.226599574089050293e-01 7.067329883575439453e-01 7.415851354598999023e-01
7.064999938011169434e-01 4.833333194255828857e-01 1.574999988079071045e-01 3.014999926090240479e-01 4.275000095367431641e-01 6.125000119209289551e-01 7.666656374931335449e-01 4.841937422752380371e-01 5.217994377017021179e-02 2.920794785022735596e-01 4.316624701023101807e-01 6.418638825416564941e-01
4.395000040531158447e-01 4.833333194255828857e-01 8.435000181198120117e-01 5.649999901652336121e-02 9.934999942779541016e-01 1.164999976754188538e-01 4.569407701492309570e-01 4.828690588474273682e-01 5.630892515182495117e-01 2.123031318187713623e-01 9.448220133781433105e-01 2.975993156433105469e-01
7.949999719858169556e-02 4.833333194255828857e-01 8.374999761581420898e-01 2.904999852180480957e-01 7.885000109672546387e-01 6.455000042915344238e-01 8.479008078575134277e-02 4.825118780136108398e-01 7.637449502944946289e-01 3.867902457714080811e-01 8.410265445709228516e-01 6.430134177207946777e-01
9.865000247955322266e-01 4.833333194255828857e-01 5.550000071525573730e-02 8.155000209808349609e-01 2.434999942779541016e-01 2.585000097751617432e-01 9.179528355598449707e-01 4.857276082038879395e-01 1.319158971309661865e-01 8.518722057342529297e-01 2.014828920364379883e-01 6.142596006393432617e-01
5.695000290870666504e-01 4.833333194255828857e-01 1.675000041723251343e-01 7.034999728202819824e-01 3.165000081062316895e-01 9.574999809265136719e-01 5.382524132728576660e-01 4.827886819839477539e-01 1.566588282585144043e-01 7.449014186859130859e-01 3.134956359863281250e-01 8.113721013069152832e-01
7.135000228881835938e-01 4.833333194255828857e-01 8.295000195503234863e-01 9.104999899864196777e-01 8.514999747276306152e-01 8.250000327825546265e-02 6.871856451034545898e-01 4.829945564270019531e-01 8.055737018585205078e-01 9.062784910202026367e-01 8.404413461685180664e-01 4.000003039836883545e-01
9.735000133514404297e-01 4.833333194255828857e-01 5.835000276565551758e-01 3.815000057220458984e-01 2.205000072717666626e-01 9.704999923706054688e-01 8.847403526306152344e-01 4.852762818336486816e-01 5.888475775718688965e-01 5.395602583885192871e-01 2.050261646509170532e-01 4.866361618041992188e-01
5.024999976158142090e-01 4.833333194255828857e-01 9.254999756813049316e-01 2.345000058412551880e-01 7.264999747276306152e-01 2.524999976158142090e-01 4.837212562561035156e-01 4.829331636428833008e-01 8.235592246055603027e-01 4.170263409614562988e-01 7.606216669082641602e-01 2.245562523603439331e-01
1.934999972581863403e-01 4.833333194255828857e-01 3.585000038146972656e-01 7.064999938011169434e-01 1.494999974966049194e-01 7.825000286102294922e-01 2.085320353507995605e-01 4.816643297672271729e-01 3.467489182949066162e-01 6.115242838859558105e-01 1.331771612167358398e-01 8.301740884780883789e-01
7.555000185966491699e-01 4.833333194255828857e-01 3.395000100135803223e-01 8.150000125169754028e-02 1.424999982118606567e-01 7.105000019073486328e-01 7.188712358474731445e-01 4.843658506870269775e-01 1.965513378381729126e-01 2.570247352123260498e-01 1.424992531538009644e-01 5.694330930709838867e-01
5.264999866485595703e-01 4.833333194255828857e-01 9.014999866485595703e-01 1.525000035762786865e-01 2.784999907016754150e-01 5.565000176429748535e-01 5.797516703605651855e-01 4.838468730449676514e-01 7.571334242820739746e-01 1.640820801258087158e-01 2.701024413108825684e-01 6.429509520530700684e-01
2.045000046491622925e-01 4.833333194255828857e-01 4.675000011920928955e-01 2.545000016689300537e-01 2.714999914169311523e-01 1.549999974668025970e-02 2.050523906946182251e-01 4.831403791904449463e-01 5.094190835952758789e-01 2.264541536569595337e-01 2.660970687866210938e-01 3.523744642734527588e-01
7.185000181198120117e-01 4.833333194255828857e-01 7.264999747276306152e-01 7.024999856948852539e-01 9.455000162124633789e-01 8.335000276565551758e-01 6.879457831382751465e-01 4.830204248428344727e-01 7.282795310020446777e-01 7.692746520042419434e-01 9.448962211608886719e-01 6.540957689285278320e-01
5.304999947547912598e-01 4.833333194255828857e-01 1.365000009536743164e-01 1.794999986886978149e-01 5.124999880790710449e-01 5.454999804496765137e-01 5.160020589828491211e-01 4.833607673645019531e-01 1.956460326910018921e-01 1.830147355794906616e-01 5.224445462226867676e-01 5.069459080696105957e-01
4.345000088214874268e-01 4.833333194255828857e-01 8.364999890327453613e-01 4.884999990463256836e-01 6.765000224113464355e-01 1.504999995231628418e-01 5.103657245635986328e-01 4.829057455062866211e-01 6.312021613121032715e-01 4.983501136302947998e-01 6.663041710853576660e-01 2.472029030323028564e-01
2.265000045299530029e-01 4.833333194255828857e-01 5.084999799728393555e-01 9.265000224113464355e-01 6.365000009536743164e-01 5.465000271797180176e-01 2.426246106624603271e-01 4.819918870925903320e-01 5.619342923164367676e-01 8.287154436111450195e-01 6.429609656333923340e-01 6.229258775711059570e-01
9.095000028610229492e-01 4.833333194255828857e-01 6.775000095367431641e-01 9.545000195503234863e-01 3.194999992847442627e-01 1.084999963641166687e-01 8.892532587051391602e-01 4.850021600723266602e-01 7.689880728721618652e-01 8.515973091125488281e-01 2.951884269714355469e-01 4.528706371784210205e-01
5.150000005960464478e-02 4.833333194255828857e-01 1.250000018626451492e-02 3.835000097751617432e-01 9.125000238418579102e-01 8.475000262260437012e-01 7.699929177761077881e-02 4.802189171314239502e-01 6.612304598093032837e-02 3.332529664039611816e-01 9.926447868347167969e-01 9.648734927177429199e-01
8.115000128746032715e-01 4.833333194255828857e-01 6.875000000000000000e-01 9.950000047683715820e-02 5.945000052452087402e-01 5.695000290870666504e-01 7.823569178581237793e-01 4.841475188732147217e-01 4.022173583507537842e-01 3.331276774406433105e-01 5.920098423957824707e-01 5.149080753326416016e-01
3.425000011920928955e-01 4.833333194255828857e-01 6.915000081062316895e-01 6.175000071525573730e-01 7.935000061988830566e-01 5.814999938011169434e-01 3.523556292057037354e-01 4.819867908954620361e-01 5.040966272354125977e-01 7.551137208938598633e-01 8.117622137069702148e-01 5.864898562431335449e-01
2.694999873638153076e-01 4.833333194255828857e-01 9.304999709129333496e-01 8.004999756813049316e-01 9.714999794960021973e-01 8.865000009536743164e-01 2.952153086662292480e-01 4.819897115230560303e-01 9.061283469200134277e-01 6.841881871223449707e-01 9.641776680946350098e-01 8.625962734222412109e-01
4.575000107288360596e-01 4.833333194255828857e-01 4.535000026226043701e-01 5.394999980926513672e-01 6.395000219345092773e-01 3.255000114440917969e-01 4.701526165008544922e-01 4.827027320861816406e-01 4.552256464958190918e-01 5.290229320526123047e-01 6.413185000419616699e-01 5.539059638977050781e-01
1.649999991059303284e-02 4.833333194255828857e-01 5.575000047683715820e-01 3.249999880790710449e-02 1.515000015497207642e-01 8.025000095367431641e-01 4.478533938527107239e-02 4.825693964958190918e-01 5.572279691696166992e-01 1.814730316400527954e-01 1.810306310653686523e-01 6.543430089950561523e-01
9.904999732971191406e-01 4.833333194255828857e-01 9.549999982118606567e-02 3.605000078678131104e-01 3.664999902248382568e-01 9.884999990463256836e-01 9.137800931930541992e-01 4.852548837661743164e-01 2.989888787269592285e-01 2.780275642871856689e-01 3.888360559940338135e-01 5.883549451828002930e-01
7.254999876022338867e-01 4.833333194255828857e-01 9.645000100135803223e-01 9.749999642372131348e-02 5.964999794960021973e-01 8.824999928474426270e-01 7.014783620834350586e-01 4.838432967662811279e-01 8.230176568031311035e-01 2.808962762355804443e-01 6.022328734397888184e-01 5.720216035842895508e-01
