4.438875019550323486e-01 7.721059918403625488e-01 8.279837369918823242e-01 8.653450012207031250e-01 3.165535032749176025e-01 2.584160566329956055e-01 4.975983202457427979e-01 4.841852486133575439e-01 5.594761967658996582e-01 6.078944206237792969e-01 6.687335968017578125e-01 3.347713351249694824e-01 3.827584385871887207e-01 4.270210266113281250e-01
5.264599919319152832e-01 4.499946534633636475e-01 7.684137225151062012e-01 5.802525281906127930e-01 4.311270117759704590e-01 2.693622112274169922e-01 9.449372291564941406e-01 5.356230735778808594e-01 4.428682327270507812e-01 6.626276969909667969e-01 5.282078981399536133e-01 3.181796371936798096e-01 4.571140110492706299e-01 4.401853084564208984e-01
8.074874877929687500e-01 4.980283379554748535e-01 7.088052630424499512e-01 4.358249902725219727e-01 4.334444999694824219e-01 1.011021211743354797e-01 5.288820266723632812e-01 8.491963744163513184e-01 3.551823198795318604e-01 7.135750651359558105e-01 4.011572897434234619e-01 4.926183223724365234e-01 5.338070392608642578e-01 4.048403501510620117e-01
7.406125068664550781e-01 3.284196555614471436e-01 9.545390009880065918e-01 4.063957631587982178e-01 5.450027585029602051e-01 7.806298732757568359e-01 7.421826124191284180e-01 6.783544421195983887e-01 3.386642932891845703e-01 7.511147260665893555e-01 5.342656373977661133e-01 5.266880393028259277e-01 4.912543296813964844e-01 3.907906115055084229e-01
7.468674778938293457e-01 4.677500128746032715e-01 3.403122425079345703e-01 9.844074845314025879e-01 6.249527335166931152e-01 3.694692850112915039e-01 7.887266874313354492e-01 8.818730115890502930e-01 4.001495540142059326e-01 3.718579709529876709e-01 6.828795075416564941e-01 7.523891925811767578e-01 5.027331113815307617e-01 6.514846086502075195e-01
6.824600100517272949e-01 3.129166662693023682e-01 8.651627302169799805e-01 2.900217473506927490e-01 4.146949946880340576e-02 8.903769850730895996e-01 6.515100002288818359e-01 7.832300066947937012e-01 2.574175298213958740e-01 5.876630544662475586e-01 4.476152956485748291e-01 7.696992903947830200e-02 5.802662968635559082e-01 7.349727153778076172e-01
7.582675218582153320e-01 6.526623368263244629e-01 5.354457497596740723e-01 1.229772493243217468e-01 9.411537647247314453e-01 1.825838387012481689e-01 6.924456954002380371e-01 7.703804373741149902e-01 4.368441104888916016e-01 4.254491031169891357e-01 2.804612219333648682e-01 8.722946047782897949e-01 5.251619815826416016e-01 3.849455118179321289e-01
3.423950076103210449e-01 4.220213294029235840e-01 1.837185025215148926e-01 7.264075279235839844e-01 3.188455104827880859e-01 9.811261892318725586e-01 3.054330050945281982e-01 4.095013737678527832e-01 4.358160793781280518e-01 2.332878112792968750e-01 2.187230288982391357e-01 4.820991456508636475e-01 5.524461865425109863e-01 6.008065938949584961e-01
5.472674965858459473e-01 3.490793406963348389e-01 8.479032516479492188e-01 3.373725116252899170e-01 9.579070210456848145e-01 7.567443251609802246e-01 4.147920012474060059e-01 5.595124363899230957e-01 3.865303695201873779e-01 6.604775786399841309e-01 5.489056706428527832e-01 8.900186419486999512e-01 5.533988475799560547e-01 3.160021305084228516e-01
4.264174997806549072e-01 4.698818325996398926e-01 8.193885087966918945e-01 2.131145000457763672e-01 4.302250221371650696e-03 4.073857665061950684e-01 2.794893383979797363e-01 4.854747653007507324e-01 2.991768121719360352e-01 6.198288202285766602e-01 3.028646111488342285e-01 7.761254906654357910e-02 6.462233066558837891e-01 5.917585492134094238e-01
2.749750018119812012e-02 6.998808383941650391e-01 7.271854877471923828e-01 3.292767405509948730e-01 3.344542384147644043e-01 2.239638417959213257e-01 4.844340085983276367e-01 6.940083950757980347e-02 5.577359199523925781e-01 6.406300067901611328e-01 3.431579768657684326e-01 3.477012813091278076e-01 5.781667232513427734e-01 4.003404080867767334e-01
2.653700113296508789e-01 5.995106697082519531e-01 4.346959888935089111e-01 7.194049954414367676e-01 2.576874941587448120e-02 7.352011203765869141e-01 1.665086597204208374e-01 2.936665415763854980e-01 6.067574024200439453e-01 5.494590401649475098e-01 5.921285152435302734e-01 8.422185480594635010e-02 4.483214914798736572e-01 4.440255463123321533e-01
5.095199942588806152e-01 5.640885233879089355e-01 2.349122464656829834e-01 9.242150187492370605e-01 5.680692791938781738e-01 8.737519979476928711e-01 4.815199971199035645e-02 5.270472168922424316e-01 5.405494570732116699e-01 2.618685066699981689e-01 5.297293066978454590e-01 6.198953390121459961e-01 4.607953429222106934e-01 6.102789044380187988e-01
8.400499820709228516e-02 7.316431403160095215e-01 1.532244980335235596e-01 3.579132556915283203e-01 5.622322559356689453e-01 7.388690710067749023e-01 2.678666636347770691e-02 4.234010726213455200e-02 6.410358548164367676e-01 1.544971466064453125e-01 2.649446725845336914e-01 6.051262617111206055e-01 7.285957336425781250e-01 3.834862709045410156e-01
7.343825101852416992e-01 5.436081886291503906e-01 8.464195132255554199e-01 1.338504999876022339e-01 1.146572530269622803e-01 5.340293645858764648e-01 7.893230319023132324e-01 7.375220060348510742e-01 4.401561319828033447e-01 5.563950538635253906e-01 5.262934565544128418e-01 8.509456366300582886e-02 5.094324350357055664e-01 6.216192841529846191e-01
3.031175136566162109e-01 4.808098375797271729e-01 5.409414768218994141e-01 1.143999956548213959e-02 3.859454989433288574e-01 6.333299875259399414e-01 3.002350032329559326e-01 2.931974232196807861e-01 4.713998734951019287e-01 6.461234688758850098e-01 3.081570863723754883e-01 4.069483578205108643e-01 5.433523654937744141e-01 3.761709034442901611e-01
7.715899944305419922e-01 6.195916533470153809e-01 9.930312633514404297e-01 7.233775258064270020e-01 5.526595115661621094e-01 3.897193968296051025e-01 3.087179958820343018e-01 8.805109262466430664e-01 3.599678874015808105e-01 7.266026139259338379e-01 5.902390480041503906e-01 6.919606924057006836e-01 5.067551136016845703e-01 3.816557824611663818e-01
1.477124989032745361e-01 7.612910270690917969e-01 7.669077515602111816e-01 8.615375310182571411e-02 2.658597528934478760e-01 6.681354641914367676e-01 5.808043479919433594e-01 1.468824744224548340e-01 5.330354571342468262e-01 5.744980573654174805e-01 2.681449651718139648e-01 3.010520935058593750e-01 6.063659787178039551e-01 4.006763100624084473e-01
5.886200070381164551e-01 7.485031485557556152e-01 9.458725154399871826e-02 2.143509984016418457e-01 5.149700045585632324e-01 2.695811167359352112e-02 8.023012876510620117e-01 6.589639186859130859e-01 5.708509683609008789e-01 2.418295294046401978e-01 2.700234055519104004e-01 5.410479307174682617e-01 5.014682412147521973e-01 5.050565600395202637e-01
3.405674993991851807e-01 7.546256780624389648e-01 2.944007515907287598e-01 3.844605088233947754e-01 7.863075286149978638e-02 3.964642286300659180e-01 9.201717376708984375e-01 2.951740622520446777e-01 6.326151490211486816e-01 3.117863833904266357e-01 6.289676427841186523e-01 6.746303290128707886e-02 4.997707009315490723e-01 5.739277601242065430e-01
9.650250077247619629e-01 5.273071527481079102e-01 7.658592462539672852e-01 2.448624968528747559e-01 7.376532554626464844e-01 3.618623316287994385e-01 5.512769818305969238e-01 8.770919442176818848e-01 3.720112144947052002e-01 5.648810863494873047e-01 4.801282584667205811e-01 7.742174267768859863e-01 5.405945181846618652e-01 4.417637288570404053e-01
1.461025029420852661e-01 7.375628352165222168e-01 2.217582464218139648e-01 6.641625165939331055e-01 7.969772219657897949e-01 8.533627390861511230e-01 1.525876671075820923e-01 9.812229126691818237e-02 6.854912638664245605e-01 2.729442119598388672e-01 2.756822407245635986e-01 8.680987954139709473e-01 5.146903395652770996e-01 3.156226575374603271e-01
9.714025259017944336e-01 2.092511653900146484e-01 9.340432286262512207e-01 9.670649766921997070e-01 4.291754961013793945e-01 3.240665793418884277e-01 6.834798455238342285e-01 9.918780326843261719e-01 2.154099494218826294e-01 7.514371275901794434e-01 9.329283237457275391e-01 6.889801025390625000e-01 5.344328284263610840e-01 7.288734912872314453e-01
4.529800117015838623e-01 4.596706628799438477e-01 4.334547519683837891e-01 7.976225018501281738e-01 9.335252642631530762e-01 9.579159617424011230e-01 5.414819717407226562e-01 4.018734395503997803e-01 3.733227849006652832e-01 6.394890546798706055e-01 5.108515024185180664e-01 8.940158486366271973e-01 5.764558911323547363e-01 3.375390172004699707e-01
9.907550215721130371e-01 8.074158430099487305e-01 6.396187543869018555e-01 6.342725157737731934e-01 7.871795296669006348e-01 4.136818051338195801e-01 1.977876722812652588e-01 9.274692535400390625e-01 4.128954708576202393e-01 4.843786954879760742e-01 6.537545323371887207e-01 8.561990857124328613e-01 5.242795944213867188e-01 4.927756190299987793e-01
3.672299981117248535e-01 3.384713232517242432e-01 3.742357492446899414e-01 6.125900149345397949e-01 4.213325083255767822e-01 9.664016962051391602e-01 8.917642831802368164e-01 3.545095324516296387e-01 3.835637271404266357e-01 5.384718179702758789e-01 4.030353128910064697e-01 4.095663726329803467e-01 5.364821553230285645e-01 5.438888072967529297e-01
4.800674915313720703e-01 4.481666684150695801e-01 8.852850198745727539e-01 3.325160145759582520e-01 3.620907366275787354e-01 5.314314365386962891e-01 5.752649903297424316e-01 4.572797119617462158e-01 4.374034404754638672e-01 7.292522788047790527e-01 4.825733304023742676e-01 3.383983969688415527e-01 4.599286317825317383e-01 3.639742732048034668e-01
4.522750079631805420e-01 6.983158588409423828e-01 9.617034792900085449e-01 6.704325079917907715e-01 1.378887444734573364e-01 1.018575727939605713e-01 6.117900013923645020e-01 4.803324341773986816e-01 5.352172255516052246e-01 6.495000123977661133e-01 5.876309275627136230e-01 1.471819430589675903e-01 4.145403206348419189e-01 4.380912780761718750e-01
5.110749974846839905e-02 5.413190126419067383e-01 1.290384978055953979e-01 4.558692574501037598e-01 6.592609882354736328e-01 4.899699091911315918e-01 4.380153417587280273e-01 7.400901615619659424e-02 6.163755655288696289e-01 3.035185933113098145e-01 2.580548524856567383e-01 8.121066093444824219e-01 5.639390349388122559e-01 3.783683478832244873e-01
9.407950043678283691e-01 4.768561720848083496e-01 3.202137351036071777e-01 6.301174759864807129e-01 8.857557773590087891e-01 3.084986805915832520e-01 2.544929981231689453e-01 8.442237973213195801e-01 3.145709335803985596e-01 6.168372631072998047e-01 4.501443803310394287e-01 8.668911457061767578e-01 5.855163335800170898e-01 3.682716190814971924e-01
3.906925022602081299e-01 7.195733189582824707e-01 7.708024978637695312e-01 7.819824814796447754e-01 4.956762492656707764e-01 9.778267741203308105e-01 2.825673222541809082e-01 3.903157114982604980e-01 5.231695771217346191e-01 6.108664274215698242e-01 6.180917024612426758e-01 5.046327114105224609e-01 4.090720415115356445e-01 4.216727614402770996e-01
1.904325038194656372e-01 7.684385180473327637e-01 1.811652481555938721e-01 7.487999796867370605e-01 8.903149962425231934e-01 3.828228414058685303e-01 6.340333074331283569e-02 1.326965838670730591e-01 7.325824499130249023e-01 4.420973360538482666e-01 6.969147324562072754e-01 9.139669537544250488e-01 3.408254683017730713e-01 3.906206488609313965e-01
3.380349874496459961e-01 8.014411926269531250e-01 9.977317452430725098e-01 3.112812638282775879e-01 3.097139894962310791e-01 7.703475952148437500e-01 5.409856438636779785e-01 3.728263676166534424e-01 4.557535052299499512e-01 5.097783803939819336e-01 3.054614961147308350e-01 4.314582943916320801e-01 5.432192087173461914e-01 4.615770578384399414e-01
3.927674889564514160e-01 3.947775065898895264e-01 6.290084719657897949e-01 7.681000232696533203e-02 2.318474948406219482e-01 3.907375633716583252e-01 9.295488595962524414e-01 4.247535765171051025e-01 4.574368000030517578e-01 5.786368250846862793e-01 2.891409099102020264e-01 1.683489978313446045e-01 6.062433123588562012e-01 4.405679702758789062e-01
2.923999913036823273e-02 5.689176917076110840e-01 7.509677410125732422e-01 4.075599834322929382e-02 7.330890297889709473e-01 5.365704298019409180e-01 3.448640108108520508e-01 6.845706701278686523e-02 5.682651996612548828e-01 5.944510698318481445e-01 3.731836974620819092e-01 8.244884610176086426e-01 5.525149703025817871e-01 3.184576630592346191e-01
9.819300174713134766e-01 5.693585276603698730e-01 8.991035223007202148e-01 7.967875003814697266e-01 5.361955165863037109e-01 2.720280885696411133e-01 2.301470041275024414e-01 9.686688184738159180e-01 2.391848266124725342e-01 8.021858334541320801e-01 7.627522945404052734e-01 7.525467276573181152e-01 5.650970339775085449e-01 4.571491777896881104e-01
7.203574776649475098e-01 2.010683268308639526e-01 6.513299942016601562e-01 7.206425070762634277e-01 5.169092416763305664e-01 8.226770758628845215e-01 6.262099742889404297e-01 7.774004340171813965e-01 3.240771293640136719e-01 7.694986462593078613e-01 4.712772071361541748e-01 5.330191850662231445e-01 5.209665894508361816e-01 3.676188290119171143e-01
7.957825064659118652e-01 5.661634802818298340e-01 9.759402275085449219e-01 2.279667556285858154e-01 7.917000055313110352e-01 1.364878714084625244e-01 1.064213365316390991e-01 8.407021164894104004e-01 3.771232664585113525e-01 5.555047988891601562e-01 5.051448941230773926e-01 8.231092095375061035e-01 5.432350635528564453e-01 4.214934706687927246e-01
7.340850234031677246e-01 7.121803164482116699e-01 8.344267606735229492e-01 8.523824810981750488e-01 5.585204958915710449e-01 4.600571691989898682e-01 6.286299973726272583e-02 8.479018211364746094e-01 4.756792783737182617e-01 5.489373207092285156e-01 7.450668811798095703e-01 7.143597006797790527e-01 4.525141716003417969e-01 5.243229269981384277e-01
5.431324839591979980e-01 7.153343558311462402e-01 7.905330061912536621e-01 1.702267527580261230e-01 8.010857701301574707e-01 7.258904725313186646e-02 1.943863332271575928e-01 5.392010807991027832e-01 5.772858858108520508e-01 4.149464368820190430e-01 4.153855443000793457e-01 8.053536415100097656e-01 4.465284347534179688e-01 4.072953462600708008e-01
3.125424981117248535e-01 6.923134922981262207e-01 7.535600066184997559e-01 4.694885015487670898e-01 8.817840218544006348e-01 3.494995832443237305e-01 6.503326892852783203e-01 3.244086802005767822e-01 4.359779059886932373e-01 6.152811646461486816e-01 4.912819564342498779e-01 9.041005373001098633e-01 5.570867061614990234e-01 3.246385157108306885e-01
5.857499781996011734e-03 2.595193386077880859e-01 6.090167760848999023e-01 9.002575278282165527e-01 3.159289956092834473e-01 5.440161824226379395e-01 8.199999928474426270e-01 9.969926439225673676e-03 4.514363408088684082e-01 8.483140468597412109e-01 8.638375401496887207e-01 1.240409240126609802e-01 4.383547008037567139e-01 6.051333546638488770e-01
4.681299924850463867e-01 1.851781606674194336e-01 9.461502432823181152e-01 4.364475011825561523e-01 3.299537599086761475e-01 9.383332133293151855e-01 8.224333524703979492e-01 4.718570113182067871e-01 2.322522848844528198e-01 7.616646885871887207e-01 4.489243626594543457e-01 3.461862206459045410e-01 5.690674185752868652e-01 5.497122406959533691e-01
7.192249894142150879e-01 4.049696624279022217e-01 8.619717359542846680e-01 8.998799920082092285e-01 4.155479967594146729e-01 3.850696086883544922e-01 5.157113075256347656e-01 9.287512898445129395e-01 2.389556020498275757e-01 7.736861109733581543e-01 5.816423892974853516e-01 5.643669962882995605e-01 5.675643086433410645e-01 4.973245561122894287e-01
1.736750006675720215e-01 6.865490078926086426e-01 7.053497433662414551e-01 1.998495012521743774e-01 4.933592379093170166e-01 6.534407138824462891e-01 2.454513311386108398e-01 2.212569415569305420e-01 4.356671869754791260e-01 2.778993844985961914e-01 1.587455421686172485e-01 6.406552791595458984e-01 5.749797821044921875e-01 5.461301803588867188e-01
2.384250052273273468e-02 7.543526887893676758e-01 9.475014805793762207e-01 7.719600200653076172e-01 5.273334980010986328e-01 9.077371954917907715e-01 6.808761954307556152e-01 3.390522301197052002e-02 5.781951546669006348e-01 6.673291325569152832e-01 5.615141987800598145e-01 7.579681873321533203e-01 4.707583189010620117e-01 4.207009971141815186e-01
4.610449969768524170e-01 3.428784906864166260e-01 2.347390055656433105e-01 1.103914976119995117e-01 8.795607686042785645e-01 8.767751455307006836e-01 5.905526876449584961e-01 3.607676923274993896e-01 4.976323246955871582e-01 3.635889887809753418e-01 1.918063610792160034e-01 8.106461763381958008e-01 5.081127882003784180e-01 4.042404890060424805e-01
6.789500117301940918e-01 2.945163249969482422e-01 6.878719925880432129e-01 6.789075136184692383e-01 6.707940101623535156e-01 4.177189767360687256e-01 5.917283296585083008e-01 7.237560153007507324e-01 2.808496952056884766e-01 7.181339859962463379e-01 6.368442773818969727e-01 7.007807493209838867e-01 5.460009574890136719e-01 4.363012611865997314e-01
6.633424758911132812e-01 8.180833458900451660e-01 7.035635113716125488e-01 4.134317636489868164e-01 8.613642454147338867e-01 5.030887722969055176e-01 8.493535518646240234e-01 8.010829091072082520e-01 5.557426810264587402e-01 1.997819542884826660e-01 6.982311010360717773e-01 8.233544826507568359e-01 4.426927566528320312e-01 6.693865060806274414e-01
8.580250293016433716e-02 5.371555089950561523e-01 3.639835119247436523e-01 2.157150022685527802e-02 3.822482526302337646e-01 5.150753632187843323e-02 1.350346654653549194e-01 1.580501943826675415e-01 5.725457072257995605e-01 5.429877638816833496e-01 3.428356051445007324e-01 3.189615011215209961e-01 5.574478507041931152e-01 4.004260301589965820e-01
3.270300030708312988e-01 6.072858572006225586e-01 1.681665033102035522e-01 4.919392466545104980e-01 1.509505063295364380e-01 6.663283705711364746e-02 5.549999768845736980e-04 4.095693528652191162e-01 6.312404274940490723e-01 4.433660507202148438e-01 4.636875092983245850e-01 1.845264732837677002e-01 4.844871461391448975e-01 4.162449538707733154e-01
7.157249748706817627e-02 2.645241618156433105e-01 6.984767317771911621e-01 7.666025161743164062e-01 8.201944828033447266e-01 6.854897737503051758e-01 7.924416065216064453e-01 3.326331451535224915e-02 3.398140072822570801e-01 8.706761598587036133e-01 8.783894777297973633e-01 7.346001863479614258e-01 4.455826282501220703e-01 5.435706973075866699e-01
7.604274749755859375e-01 5.155004858970642090e-01 4.590427577495574951e-01 6.384750008583068848e-01 4.722695052623748779e-01 3.740658462047576904e-01 1.129833329468965530e-02 7.752701640129089355e-01 5.868145823478698730e-01 6.008491516113281250e-01 5.678961277008056641e-01 4.783398807048797607e-01 4.002951681613922119e-01 3.668430745601654053e-01
4.290724992752075195e-01 5.861046910285949707e-01 8.105649948120117188e-01 6.999949812889099121e-01 6.662977337837219238e-01 2.737851440906524658e-01 7.750055193901062012e-01 5.131810903549194336e-01 3.764963448047637939e-01 6.131047010421752930e-01 7.890705466270446777e-01 6.940246224403381348e-01 4.735748767852783203e-01 5.308394432067871094e-01
9.252250194549560547e-01 4.395176768302917480e-01 2.171892523765563965e-01 5.698124766349792480e-01 9.665269851684570312e-01 9.795167446136474609e-01 8.609740138053894043e-01 7.732901573181152344e-01 5.483617782592773438e-01 2.807598710060119629e-01 5.659174323081970215e-01 7.878904342651367188e-01 4.526850879192352295e-01 5.777605175971984863e-01
9.187949895858764648e-01 2.734645009040832520e-01 2.291827499866485596e-01 4.128195047378540039e-01 3.937884867191314697e-01 3.005930222570896149e-02 2.511700056493282318e-02 8.974927663803100586e-01 3.759274184703826904e-01 6.525698900222778320e-01 2.790002226829528809e-01 4.718408882617950439e-01 5.529649853706359863e-01 4.158702492713928223e-01
3.492349982261657715e-01 5.103073120117187500e-01 2.135329991579055786e-01 7.469900250434875488e-01 7.412652373313903809e-01 5.791593790054321289e-01 6.090819835662841797e-01 3.022645711898803711e-01 5.803219079971313477e-01 2.884276211261749268e-01 8.125302791595458984e-01 7.490709424018859863e-01 4.074975550174713135e-01 6.418995261192321777e-01
1.812900006771087646e-01 6.388278603553771973e-01 9.189907312393188477e-01 1.061185002326965332e-01 8.837387561798095703e-01 3.104574680328369141e-01 9.741797447204589844e-01 1.948712915182113647e-01 4.753654599189758301e-01 4.211621284484863281e-01 2.330837100744247437e-01 7.144179940223693848e-01 5.381162166595458984e-01 4.596142470836639404e-01
5.242999792098999023e-01 6.502624750137329102e-01 8.552935123443603516e-01 6.724900007247924805e-02 7.727942466735839844e-01 4.166304171085357666e-01 4.377020001411437988e-01 5.285245180130004883e-01 5.236443877220153809e-01 4.447245597839355469e-01 3.474372327327728271e-01 7.720187306404113770e-01 4.781322777271270752e-01 4.034108221530914307e-01
6.953200101852416992e-01 2.307830005884170532e-01 2.794547379016876221e-01 7.759850025177001953e-01 5.907405018806457520e-01 1.510154604911804199e-01 5.318533182144165039e-01 6.090732812881469727e-01 5.412605404853820801e-01 6.394475698471069336e-01 6.945329904556274414e-01 5.223344564437866211e-01 3.780067861080169678e-01 4.031012058258056641e-01
5.610874891281127930e-01 2.679069936275482178e-01 1.990599930286407471e-01 3.262000083923339844e-01 1.958207488059997559e-01 5.383287072181701660e-01 7.987000346183776855e-01 5.541063547134399414e-01 4.945847392082214355e-01 3.718363940715789795e-01 2.753955125808715820e-01 1.614101380109786987e-01 6.072134971618652344e-01 5.129681825637817383e-01
6.495425105094909668e-01 7.412800192832946777e-01 3.043000027537345886e-02 7.792050242424011230e-01 7.509437203407287598e-01 3.816798925399780273e-01 9.246689081192016602e-01 6.974881887435913086e-01 6.580246686935424805e-01 9.634469449520111084e-02 7.447579503059387207e-01 6.914541125297546387e-01 4.061275422573089600e-01 7.583938241004943848e-01
7.612850069999694824e-01 4.580128192901611328e-01 5.910754799842834473e-01 6.046025156974792480e-01 3.570097386837005615e-01 3.440373810008168221e-03 1.901593357324600220e-01 8.291943073272705078e-01 3.781903982162475586e-01 7.093249559402465820e-01 4.973061680793762207e-01 4.558401703834533691e-01 4.976752996444702148e-01 4.342838525772094727e-01
5.485849976539611816e-01 2.102465033531188965e-01 6.368342638015747070e-01 3.313525021076202393e-02 1.056532487273216248e-01 4.441053569316864014e-01 3.062313199043273926e-01 6.119228005409240723e-01 2.739828228950500488e-01 6.448136568069458008e-01 1.649042218923568726e-01 1.565454006195068359e-01 6.779701113700866699e-01 5.404052734375000000e-01
3.377524912357330322e-01 2.675776779651641846e-01 8.795335292816162109e-01 7.892500162124633789e-01 8.935989737510681152e-01 9.195838570594787598e-01 4.523200169205665588e-02 3.822995126247406006e-01 2.451162636280059814e-01 8.188241720199584961e-01 7.689799070358276367e-01 9.191029667854309082e-01 6.044716238975524902e-01 3.198440372943878174e-01
9.136749804019927979e-02 4.983879923820495605e-01 4.010132551193237305e-01 9.614225029945373535e-01 7.190782427787780762e-01 4.815657436847686768e-01 2.520613372325897217e-01 7.755687087774276733e-02 5.530533194541931152e-01 6.281791925430297852e-01 9.013091921806335449e-01 8.599591851234436035e-01 3.977209925651550293e-01 5.318884849548339844e-01
4.913350045680999756e-01 3.438214957714080811e-01 4.105004966259002686e-01 3.096257448196411133e-01 6.608317494392395020e-01 7.033312320709228516e-01 8.697639107704162598e-01 5.147899985313415527e-01 3.315190970897674561e-01 3.469932973384857178e-01 3.119426667690277100e-01 6.788808703422546387e-01 5.279977917671203613e-01 6.169508695602416992e-01
1.170125007629394531e-01 6.659096479415893555e-01 6.010329723358154297e-01 5.271625146269798279e-02 3.675499930977821350e-03 6.295361518859863281e-01 9.102405905723571777e-01 1.095801889896392822e-01 5.923491120338439941e-01 4.642033576965332031e-01 4.492764770984649658e-01 3.802216798067092896e-02 6.206386089324951172e-01 4.858179688453674316e-01
2.325299978256225586e-01 4.256298243999481201e-01 1.218930035829544067e-01 2.154797464609146118e-01 9.309682250022888184e-01 6.569329500198364258e-01 9.848198890686035156e-01 2.103476077318191528e-01 4.862663447856903076e-01 1.730814576148986816e-01 1.253462731838226318e-01 7.623104453086853027e-01 5.647665262222290039e-01 5.300228595733642578e-01
1.999824941158294678e-01 4.529278278350830078e-01 1.536564975976943970e-01 5.150550007820129395e-01 2.908100001513957977e-02 4.583289027214050293e-01 5.162556767463684082e-01 2.312250435352325439e-01 5.339136719703674316e-01 4.024585485458374023e-01 6.067715287208557129e-01 7.194301486015319824e-02 5.342018604278564453e-01 5.818811655044555664e-01
9.038400053977966309e-01 3.173519968986511230e-01 9.593574702739715576e-02 6.132125258445739746e-01 3.178347647190093994e-01 1.198933348059654236e-01 6.939166188240051270e-01 9.108938574790954590e-01 5.421565175056457520e-01 4.412509799003601074e-01 5.504681468009948730e-01 3.672545552253723145e-01 4.475357234477996826e-01 6.088657975196838379e-01
1.458774954080581665e-01 4.364946782588958740e-01 6.250297427177429199e-01 8.030999898910522461e-01 6.616500206291675568e-03 2.084859609603881836e-01 1.916376650333404541e-01 1.817896366119384766e-01 4.242447316646575928e-01 7.254253029823303223e-01 8.057716488838195801e-01 5.110733956098556519e-02 4.022174775600433350e-01 5.720832943916320801e-01
2.526224851608276367e-01 2.178023308515548706e-01 6.052212715148925781e-01 2.198715060949325562e-01 4.142369925975799561e-01 8.519985675811767578e-01 5.105966702103614807e-02 3.008037805557250977e-01 3.670018911361694336e-01 6.416462063789367676e-01 2.294510900974273682e-01 5.191467404365539551e-01 5.957234501838684082e-01 4.360772073268890381e-01
5.161824822425842285e-01 6.962763071060180664e-01 5.201372504234313965e-01 2.234647572040557861e-01 3.501845002174377441e-01 5.100944638252258301e-01 7.176973819732666016e-01 4.708920121192932129e-01 5.453248023986816406e-01 4.636999368667602539e-01 3.694873750209808350e-01 3.492033779621124268e-01 5.135523080825805664e-01 4.346832633018493652e-01
2.649224996566772461e-01 2.358601689338684082e-01 9.669939875602722168e-01 8.739550113677978516e-01 7.936995029449462891e-01 3.246545493602752686e-01 2.368256598711013794e-01 3.314434885978698730e-01 1.780992150306701660e-01 8.683810830116271973e-01 8.344071507453918457e-01 8.157681226730346680e-01 5.710890889167785645e-01 4.353987276554107666e-01
4.417124986648559570e-01 7.267411947250366211e-01 1.851744949817657471e-01 3.810949921607971191e-01 8.476632237434387207e-01 2.005708068609237671e-01 7.998498082160949707e-01 4.417920708656311035e-01 7.020027637481689453e-01 1.586263179779052734e-01 5.724483132362365723e-01 8.146957755088806152e-01 3.805066347122192383e-01 5.664043426513671875e-01
1.092374995350837708e-01 1.833164989948272705e-01 7.579747438430786133e-01 8.804849982261657715e-01 9.208365082740783691e-01 6.374710202217102051e-01 3.775483369827270508e-01 7.080396264791488647e-02 3.036465942859649658e-01 8.744458556175231934e-01 8.799647688865661621e-01 8.827361464500427246e-01 5.111711025238037109e-01 4.263613820075988770e-01
3.021525144577026367e-01 2.121874988079071045e-01 5.074600130319595337e-02 8.779349923133850098e-01 1.931674964725971222e-02 3.880597054958343506e-01 8.563040494918823242e-01 2.454959452152252197e-01 3.978075981140136719e-01 2.901219129562377930e-01 8.225706219673156738e-01 1.811908558011054993e-02 5.605557560920715332e-01 8.199926018714904785e-01
2.044575065374374390e-01 6.246816515922546387e-01 3.054497539997100830e-01 6.257774829864501953e-01 8.180882334709167480e-01 8.765958249568939209e-02 9.826537370681762695e-01 2.311916053295135498e-01 5.883557200431823730e-01 2.891745269298553467e-01 6.259818077087402344e-01 5.845380425453186035e-01 4.331283867359161377e-01 5.916311740875244141e-01
4.762249886989593506e-01 3.011036813259124756e-01 9.603057503700256348e-01 9.249299764633178711e-01 7.666199654340744019e-02 6.914504170417785645e-01 5.263170003890991211e-01 5.478132963180541992e-01 1.731050163507461548e-01 7.626792192459106445e-01 7.256224751472473145e-01 1.351393014192581177e-01 5.241748690605163574e-01 7.482073903083801270e-01
8.646550178527832031e-01 2.104623317718505859e-01 1.048154979944229126e-01 6.856799721717834473e-01 5.383667349815368652e-01 9.870485663414001465e-01 4.578633233904838562e-02 7.084371447563171387e-01 4.270105063915252686e-01 5.247442722320556641e-01 3.305676877498626709e-01 6.305248141288757324e-01 5.181631445884704590e-01 4.359207451343536377e-01
6.513699889183044434e-01 4.151821732521057129e-01 3.891562521457672119e-01 1.127967536449432373e-01 5.215324759483337402e-01 9.995194077491760254e-01 2.855170071125030518e-01 5.542125105857849121e-01 4.595090150833129883e-01 5.450339913368225098e-01 2.260588407516479492e-01 5.568940043449401855e-01 5.529117584228515625e-01 3.623941838741302490e-01
3.845475018024444580e-01 3.208638429641723633e-01 8.928697705268859863e-01 4.767484962940216064e-01 4.828315079212188721e-01 2.822845578193664551e-01 8.974336385726928711e-01 4.059398472309112549e-01 2.546550333499908447e-01 7.454558014869689941e-01 5.273948907852172852e-01 4.524506032466888428e-01 5.418205261230468750e-01 5.303827524185180664e-01
3.007799983024597168e-01 1.757458299398422241e-01 7.218512296676635742e-01 8.012149930000305176e-01 3.734397590160369873e-01 7.621489167213439941e-01 7.298712134361267090e-01 3.089565932750701904e-01 3.153595030307769775e-01 7.587567567825317383e-01 6.724653840065002441e-01 3.682695031166076660e-01 4.591090977191925049e-01 5.179084539413452148e-01
4.771324992179870605e-01 1.816810071468353271e-01 3.911837637424468994e-01 7.156075239181518555e-01 2.287192493677139282e-01 2.870775759220123291e-01 1.827999949455261230e-02 5.952788591384887695e-01 3.584088981151580811e-01 6.574112176895141602e-01 3.677627146244049072e-01 3.162507414817810059e-01 5.547044277191162109e-01 4.929727613925933838e-01
9.811025261878967285e-01 6.981379985809326172e-01 6.102922558784484863e-01 5.854449868202209473e-01 4.040744900703430176e-01 9.596365690231323242e-01 1.196293309330940247e-01 9.409841299057006836e-01 6.118983030319213867e-01 5.671606063842773438e-01 5.953100323677062988e-01 4.747664332389831543e-01 3.935830295085906982e-01 4.410271346569061279e-01
6.835550069808959961e-01 7.141448259353637695e-01 2.486595064401626587e-01 4.513367414474487305e-01 1.606427431106567383e-01 7.374885678291320801e-01 5.801303386688232422e-01 5.065125226974487305e-01 6.869160532951354980e-01 3.653043508529663086e-01 5.139113664627075195e-01 1.371387690305709839e-01 4.632059633731842041e-01 4.509684145450592041e-01
5.071575045585632324e-01 8.137166500091552734e-01 8.428735136985778809e-01 9.112324714660644531e-01 3.377195000648498535e-01 5.931417346000671387e-01 6.642439961433410645e-01 4.868748486042022705e-01 5.694724917411804199e-01 6.230266690254211426e-01 7.146754860877990723e-01 3.288110196590423584e-01 3.607951402664184570e-01 4.283209741115570068e-01
6.261575222015380859e-01 4.309070110321044922e-01 3.598274886608123779e-01 1.694377511739730835e-01 1.697822511196136475e-01 3.893709182739257812e-01 3.948610126972198486e-01 5.722508430480957031e-01 5.192925930023193359e-01 5.627676844596862793e-01 2.710759937763214111e-01 1.788525283336639404e-01 5.865864157676696777e-01 3.939809501171112061e-01
2.312249988317489624e-01 4.065504968166351318e-01 8.892409801483154297e-01 5.434874892234802246e-01 3.998144865036010742e-01 8.489353656768798828e-01 3.114823400974273682e-01 2.488343715667724609e-01 3.805493712425231934e-01 7.516863346099853516e-01 6.000553369522094727e-01 4.346367716789245605e-01 4.551142752170562744e-01 4.501830339431762695e-01
4.109925031661987305e-01 6.649144887924194336e-01 8.350780010223388672e-01 9.475824832916259766e-01 4.614642560482025146e-01 5.095159411430358887e-01 3.747733309864997864e-02 4.222421646118164062e-01 5.367458462715148926e-01 6.250945925712585449e-01 8.244964480400085449e-01 5.161558985710144043e-01 3.519878089427947998e-01 4.916062653064727783e-01
5.574300289154052734e-01 1.967226713895797729e-01 4.778167605400085449e-01 7.591174840927124023e-01 8.798952698707580566e-01 3.475827276706695557e-01 1.180666685104370117e-01 5.969561338424682617e-01 3.687385916709899902e-01 6.973614692687988281e-01 8.619771599769592285e-01 8.805918097496032715e-01 4.796568453311920166e-01 4.181336760520935059e-01
8.964924812316894531e-01 5.789185166358947754e-01 3.481172621250152588e-01 1.924439966678619385e-01 4.009767472743988037e-01 8.469269871711730957e-01 9.686414003372192383e-01 8.314483761787414551e-01 6.563601493835449219e-01 2.926278710365295410e-01 3.535651564598083496e-01 2.485091388225555420e-01 4.878154397010803223e-01 4.942544996738433838e-01
7.042700052261352539e-01 3.629196584224700928e-01 9.943670034408569336e-01 7.439325004816055298e-02 3.748104870319366455e-01 4.827161729335784912e-01 2.023809999227523804e-01 8.942669034004211426e-01 4.554102718830108643e-01 5.130117535591125488e-01 2.703690528869628906e-01 5.233981013298034668e-01 5.196590423583984375e-01 4.477769136428833008e-01
3.532100021839141846e-01 7.407441735267639160e-01 1.323020011186599731e-01 2.705799974501132965e-02 9.485239982604980469e-01 6.769225001335144043e-01 5.550069808959960938e-01 2.607035934925079346e-01 5.463500022888183594e-01 3.123412132263183594e-01 1.141032725572586060e-01 9.045245647430419922e-01 5.460017323493957520e-01 3.059093058109283447e-01
7.069950103759765625e-01 4.692474901676177979e-01 8.300749585032463074e-03 6.836425065994262695e-01 8.436627388000488281e-01 4.266921058297157288e-02 5.016986727714538574e-01 8.384319543838500977e-01 5.991917848587036133e-01 1.913238912820816040e-01 4.557982683181762695e-01 8.125517368316650391e-01 4.342620968818664551e-01 5.802416205406188965e-01
3.959375023841857910e-01 2.165694981813430786e-01 4.341965019702911377e-01 3.762249946594238281e-01 5.548002719879150391e-01 4.541881680488586426e-01 6.575070023536682129e-01 4.012610614299774170e-01 2.788931429386138916e-01 6.522613763809204102e-01 3.006984889507293701e-01 6.016840934753417969e-01 5.871589779853820801e-01 4.962417781352996826e-01
5.683000087738037109e-01 2.553343474864959717e-01 5.537112355232238770e-01 6.611275076866149902e-01 8.662587404251098633e-01 8.100110292434692383e-02 5.456000100821256638e-03 6.698944568634033203e-01 3.693074584007263184e-01 7.048717141151428223e-01 7.426981329917907715e-01 8.724269866943359375e-01 5.044845938682556152e-01 3.513861000537872314e-01
5.063974857330322266e-01 6.217491626739501953e-01 6.789734959602355957e-01 7.163550257682800293e-01 7.197530269622802734e-01 1.555364578962326050e-01 5.556796789169311523e-01 6.238952279090881348e-01 4.759896695613861084e-01 5.972808003425598145e-01 6.741569042205810547e-01 7.159707546234130859e-01 4.376101195812225342e-01 4.396198391914367676e-01
3.944399952888488770e-01 1.697566658258438110e-01 8.557289838790893555e-01 3.029224872589111328e-01 8.337274789810180664e-01 8.283461332321166992e-01 7.880255579948425293e-01 4.702416956424713135e-01 2.557938694953918457e-01 5.772678256034851074e-01 5.786144137382507324e-01 8.070535063743591309e-01 5.862993597984313965e-01 5.421177744865417480e-01
4.162024855613708496e-01 7.492681741714477539e-01 2.427077442407608032e-01 9.659900069236755371e-01 6.923017501831054688e-01 7.894547581672668457e-01 6.865304708480834961e-01 3.507732748985290527e-01 5.956159234046936035e-01 2.277791351079940796e-01 8.465678691864013672e-01 7.078326344490051270e-01 4.022658765316009521e-01 6.990680098533630371e-01
5.160250067710876465e-01 4.791153371334075928e-01 1.167507469654083252e-01 3.697119951248168945e-01 5.784072279930114746e-01 4.286976754665374756e-01 6.317723393440246582e-01 5.270370841026306152e-01 5.723471045494079590e-01 2.008872479200363159e-01 3.784756362438201904e-01 5.727837085723876953e-01 4.744442999362945557e-01 5.873661041259765625e-01
9.026550054550170898e-01 4.568181633949279785e-01 3.851470053195953369e-01 7.612000107765197754e-01 7.476947307586669922e-01 6.824994683265686035e-01 5.856689810752868652e-01 8.234235048294067383e-01 3.306702971458435059e-01 6.121523380279541016e-01 6.006533503532409668e-01 7.698432803153991699e-01 5.515906810760498047e-01 4.618029892444610596e-01
8.241574764251708984e-01 5.285551548004150391e-01 1.944442540407180786e-01 4.012217521667480469e-01 3.470880091190338135e-01 9.491308331489562988e-01 1.577203273773193359e-01 8.025417923927307129e-01 5.777284502983093262e-01 2.470109909772872925e-01 2.280631810426712036e-01 4.429191648960113525e-01 5.148862600326538086e-01 4.963540732860565186e-01
2.250349968671798706e-01 2.125323265790939331e-01 2.535297572612762451e-01 1.217412501573562622e-01 4.458554983139038086e-01 2.502597868442535400e-01 2.330796718597412109e-01 3.027031421661376953e-01 4.834055006504058838e-01 6.438832879066467285e-01 3.169580101966857910e-01 4.136895537376403809e-01 5.319471359252929688e-01 3.635843396186828613e-01
2.288749963045120239e-01 3.700756728649139404e-01 3.420985043048858643e-01 6.523125171661376953e-01 2.390509992837905884e-01 4.730228185653686523e-01 1.809560060501098633e-01 2.539118826389312744e-01 4.610065519809722900e-01 6.328694224357604980e-01 5.281811952590942383e-01 2.620476484298706055e-01 4.862140417098999023e-01 4.765688180923461914e-01
3.117224872112274170e-01 7.509760260581970215e-01 2.167277485132217407e-01 7.559850066900253296e-02 8.642495274543762207e-01 8.300188183784484863e-02 7.231480479240417480e-01 3.013829886913299561e-01 6.063687205314636230e-01 3.884767293930053711e-01 3.460686206817626953e-01 8.611364960670471191e-01 4.526769816875457764e-01 3.679019510746002197e-01
1.488775014877319336e-01 7.136405110359191895e-01 3.345647454261779785e-01 3.045114874839782715e-01 4.263022541999816895e-01 3.260177671909332275e-01 8.882333338260650635e-02 1.846973150968551636e-01 5.742854475975036621e-01 2.125693708658218384e-01 3.181897997856140137e-01 5.466988086700439453e-01 5.280858874320983887e-01 5.478551387786865234e-01
3.701474964618682861e-01 2.711836695671081543e-01 8.488082289695739746e-01 4.960847496986389160e-01 5.421175062656402588e-02 2.111827284097671509e-01 4.516623318195343018e-01 6.600235700607299805e-01 1.871036589145660400e-01 6.737281680107116699e-01 2.883835732936859131e-01 1.216981112957000732e-01 6.466210484504699707e-01 6.834948658943176270e-01
1.719325035810470581e-01 5.444890260696411133e-01 8.067389726638793945e-01 4.259769916534423828e-01 5.643575191497802734e-01 9.104919433593750000e-02 1.039889976382255554e-01 2.272269427776336670e-01 3.918443918228149414e-01 6.372976899147033691e-01 4.575443565845489502e-01 6.553528308868408203e-01 5.342783927917480469e-01 4.552607834339141846e-01
3.216375112533569336e-01 3.780036568641662598e-01 4.918377399444580078e-01 4.122270047664642334e-01 3.683890104293823242e-01 9.312548637390136719e-01 3.261756598949432373e-01 4.084855914115905762e-01 3.620818555355072021e-01 4.262972772121429443e-01 1.975196897983551025e-01 5.177806019783020020e-01 5.664222240447998047e-01 5.447541475296020508e-01
3.915224969387054443e-01 4.399886727333068848e-01 3.655945062637329102e-01 6.860575079917907715e-01 7.004935145378112793e-01 8.386942744255065918e-02 3.685076534748077393e-01 4.280365407466888428e-01 5.147495269775390625e-01 5.799072384834289551e-01 5.987335443496704102e-01 6.607900261878967285e-01 4.227905273437500000e-01 4.195899367332458496e-01
5.826950073242187500e-01 1.748365014791488647e-01 4.183304905891418457e-01 3.303524851799011230e-01 5.370182394981384277e-01 6.317444443702697754e-01 4.891833364963531494e-01 5.625112056732177734e-01 3.558342158794403076e-01 7.118219137191772461e-01 3.333202600479125977e-01 5.462794303894042969e-01 5.480772852897644043e-01 3.586889505386352539e-01
9.969300031661987305e-01 1.853153407573699951e-01 5.946162343025207520e-01 3.194234967231750488e-01 6.363099813461303711e-02 1.232825219631195068e-01 3.152573406696319580e-01 9.527223706245422363e-01 1.507351398468017578e-01 7.051770687103271484e-01 6.061608195304870605e-01 1.217884346842765808e-01 5.824842453002929688e-01 8.244507312774658203e-01
7.254499942064285278e-02 3.653226792812347412e-01 2.042537480592727661e-01 1.501122564077377319e-01 7.178482413291931152e-01 4.298443496227264404e-01 3.641356527805328369e-01 1.157867088913917542e-01 5.121713280677795410e-01 4.126740992069244385e-01 2.111308276653289795e-01 7.629874348640441895e-01 5.702997446060180664e-01 4.160372018814086914e-01
5.342724919319152832e-01 7.628223299980163574e-01 3.577027618885040283e-01 4.391117393970489502e-01 8.915817737579345703e-01 9.176363348960876465e-01 7.024226784706115723e-01 4.193122386932373047e-01 5.711405873298645020e-01 3.740399181842803955e-01 3.579759299755096436e-01 8.431290388107299805e-01 4.618136584758758545e-01 4.024819731712341309e-01
1.913850009441375732e-01 4.054448306560516357e-01 7.134400010108947754e-01 8.442500233650207520e-01 1.811007559299468994e-01 5.514222383499145508e-01 2.435166575014591217e-02 2.221992164850234985e-01 4.298601746559143066e-01 7.339667677879333496e-01 7.211049199104309082e-01 2.110471576452255249e-01 4.080449342727661133e-01 4.865778386592864990e-01
9.162600040435791016e-01 3.203613460063934326e-01 5.570862293243408203e-01 2.673735022544860840e-01 2.486437559127807617e-01 6.561607122421264648e-01 4.043039977550506592e-01 9.103056788444519043e-01 2.623014748096466064e-01 6.741740107536315918e-01 2.363591045141220093e-01 3.210950195789337158e-01 6.078429222106933594e-01 5.478802919387817383e-01
1.693174988031387329e-01 7.909858226776123047e-01 2.466634958982467651e-01 1.619444936513900757e-01 5.461649894714355469e-01 6.064682602882385254e-01 4.500993192195892334e-01 1.598609834909439087e-01 5.853058099746704102e-01 2.067312747240066528e-01 2.420745342969894409e-01 6.883379220962524414e-01 5.602646470069885254e-01 4.669374525547027588e-01
8.668900132179260254e-01 2.909938395023345947e-01 8.994767665863037109e-01 7.618600130081176758e-02 7.258750032633543015e-03 5.539577603340148926e-01 7.191279530525207520e-01 8.825960159301757812e-01 1.578536629676818848e-01 6.342501640319824219e-01 5.907176733016967773e-01 5.439615249633789062e-02 5.863924622535705566e-01 8.500946164131164551e-01
5.009149909019470215e-01 1.676661670207977295e-01 5.044467449188232422e-01 9.889925122261047363e-01 1.821115016937255859e-01 4.089393913745880127e-01 9.753375649452209473e-01 4.958778023719787598e-01 2.033092528581619263e-01 6.610173583030700684e-01 8.111166357994079590e-01 8.282975107431411743e-02 5.050690174102783203e-01 8.058092594146728516e-01
2.587749958038330078e-01 7.565901875495910645e-01 6.305092573165893555e-01 7.961949706077575684e-01 7.022395133972167969e-01 6.736592054367065430e-01 4.336666762828826904e-01 2.200391739606857300e-01 5.223109126091003418e-01 4.525880515575408936e-01 6.570132374763488770e-01 8.165426254272460938e-01 4.701332449913024902e-01 4.931929707527160645e-01
2.908399999141693115e-01 3.161363303661346436e-01 5.284600257873535156e-01 9.789450168609619141e-01 9.430590271949768066e-01 3.723373711109161377e-01 5.892779827117919922e-01 3.283498585224151611e-01 4.348947703838348389e-01 7.349311709403991699e-01 9.453566670417785645e-01 9.206019639968872070e-01 4.091682136058807373e-01 4.500939846038818359e-01
5.852950215339660645e-01 7.248946428298950195e-01 4.583427608013153076e-01 8.171049952507019043e-01 1.364977508783340454e-01 5.621131062507629395e-01 9.875683188438415527e-01 4.411612451076507568e-01 5.635644793510437012e-01 3.138386607170104980e-01 7.632493972778320312e-01 2.540571615099906921e-02 4.839947819709777832e-01 7.288003563880920410e-01
7.396249771118164062e-01 3.952593207359313965e-01 4.486424922943115234e-01 5.396174788475036621e-01 9.286184906959533691e-01 2.589900046586990356e-02 1.643850058317184448e-01 7.369130253791809082e-01 4.972888231277465820e-01 6.176770925521850586e-01 7.120934724807739258e-01 8.801152110099792480e-01 4.558036327362060547e-01 3.619972765445709229e-01
7.916399836540222168e-01 6.354453563690185547e-01 6.931244730949401855e-01 6.700475215911865234e-01 1.007882505655288696e-01 9.522110223770141602e-01 7.868715524673461914e-01 8.494576215744018555e-01 5.130611658096313477e-01 5.146809220314025879e-01 7.709178328514099121e-01 8.187207579612731934e-02 4.165344834327697754e-01 7.138385772705078125e-01
2.393224984407424927e-01 6.340669989585876465e-01 7.593554854393005371e-01 2.231104969978332520e-01 3.872720003128051758e-01 4.189873635768890381e-01 8.841122984886169434e-01 2.668449878692626953e-01 5.114076137542724609e-01 6.315384507179260254e-01 4.464349746704101562e-01 3.176072239875793457e-01 4.860197603702545166e-01 4.076142609119415283e-01
7.373149991035461426e-01 8.161389827728271484e-01 3.678037524223327637e-01 7.516149878501892090e-01 4.820337593555450439e-01 2.880885899066925049e-01 3.671206533908843994e-01 6.799755096435546875e-01 7.191050648689270020e-01 4.078817069530487061e-01 7.258874773979187012e-01 4.624612033367156982e-01 3.360346555709838867e-01 4.692531526088714600e-01
7.185350060462951660e-01 2.805151641368865967e-01 8.367049694061279297e-02 8.918274939060211182e-02 5.973454713821411133e-01 2.027185857295989990e-01 5.843416452407836914e-01 7.369058728218078613e-01 3.753824234008789062e-01 2.766931056976318359e-01 1.497848629951477051e-01 6.753829717636108398e-01 5.295094251632690430e-01 5.549100637435913086e-01
5.929099917411804199e-01 5.955593585968017578e-01 1.661189943552017212e-01 9.733650088310241699e-01 7.441712617874145508e-01 4.056913256645202637e-01 2.320476621389389038e-01 6.147298216819763184e-01 6.268789768218994141e-01 3.034309446811676025e-01 8.324549198150634766e-01 7.530110478401184082e-01 3.802878856658935547e-01 6.388373970985412598e-01
8.406249880790710449e-01 1.809333264827728271e-01 9.839317202568054199e-01 8.177124857902526855e-01 6.044392585754394531e-01 3.364930301904678345e-02 1.398993283510208130e-01 9.693005681037902832e-01 1.714118719100952148e-01 8.307156562805175781e-01 7.005598545074462891e-01 7.800587415695190430e-01 6.240724921226501465e-01 4.399999678134918213e-01
5.720275044441223145e-01 4.936041533946990967e-01 6.043180227279663086e-01 6.604175269603729248e-02 5.735285282135009766e-01 1.785506010055541992e-01 8.053066581487655640e-02 5.601950883865356445e-01 4.077367484569549561e-01 7.016640305519104004e-01 3.352959454059600830e-01 5.962341427803039551e-01 5.212444067001342773e-01 3.024164736270904541e-01
1.116074994206428528e-01 6.781473159790039062e-01 6.696367263793945312e-01 7.599949836730957031e-01 2.407844960689544678e-01 7.503144741058349609e-01 1.211149990558624268e-01 1.120399534702301025e-01 5.443825125694274902e-01 5.724896192550659180e-01 5.905471444129943848e-01 3.364094197750091553e-01 4.743405878543853760e-01 5.138195753097534180e-01
5.844274759292602539e-01 3.237273395061492920e-01 5.918974876403808594e-01 9.085950255393981934e-01 5.673999898135662079e-03 8.155073523521423340e-01 8.070594668388366699e-01 5.789594054222106934e-01 2.153472900390625000e-01 6.447616219520568848e-01 8.167257308959960938e-01 3.769923001527786255e-02 5.042671561241149902e-01 8.333874344825744629e-01
9.561675190925598145e-01 6.565768122673034668e-01 3.358972370624542236e-01 3.958294987678527832e-01 5.858700275421142578e-01 6.439824104309082031e-01 5.936866626143455505e-02 8.762056231498718262e-01 6.615191698074340820e-01 4.323062002658843994e-01 4.751635789871215820e-01 5.522455573081970215e-01 4.091063439846038818e-01 4.009548723697662354e-01
2.398999966681003571e-02 4.090135097503662109e-01 4.152165055274963379e-01 6.330350041389465332e-01 2.940747439861297607e-01 2.850112132728099823e-02 7.199279069900512695e-01 6.967048346996307373e-02 5.412005782127380371e-01 6.976175904273986816e-01 4.663494825363159180e-01 1.479261666536331177e-01 5.522989630699157715e-01 4.334746003150939941e-01
8.648175001144409180e-01 6.157734990119934082e-01 5.080857276916503906e-01 7.816349864006042480e-01 2.671704888343811035e-01 7.625701278448104858e-02 1.160963326692581177e-01 9.762012958526611328e-01 4.301984310150146484e-01 6.212329864501953125e-01 5.552834272384643555e-01 4.114432930946350098e-01 4.737425148487091064e-01 5.848174691200256348e-01
5.996025204658508301e-01 2.187239974737167358e-01 2.859387397766113281e-01 6.319125294685363770e-01 7.379267215728759766e-01 7.215978503227233887e-01 7.927479743957519531e-01 5.859314799308776855e-01 4.026329517364501953e-01 4.535832703113555908e-01 5.041778683662414551e-01 6.852427124977111816e-01 5.044106841087341309e-01 5.484279990196228027e-01
3.550375103950500488e-01 4.159623384475708008e-01 2.716592550277709961e-01 8.650599718093872070e-01 7.164997458457946777e-01 1.996984779834747314e-01 1.707196682691574097e-01 3.930281102657318115e-01 5.410749912261962891e-01 4.352691471576690674e-01 8.278718590736389160e-01 7.407546043395996094e-01 4.091442823410034180e-01 5.840746164321899414e-01
7.709249854087829590e-02 7.435513138771057129e-01 8.912737369537353516e-01 8.131124973297119141e-01 6.604359745979309082e-01 3.128072619438171387e-01 5.995053052902221680e-01 7.492856681346893311e-02 5.707556605339050293e-01 6.470287442207336426e-01 7.987800836563110352e-01 8.273247480392456055e-01 4.073056578636169434e-01 4.643576145172119141e-01
5.038325190544128418e-01 4.419876635074615479e-01 2.987650036811828613e-02 1.211445033550262451e-01 2.837292551994323730e-01 6.631819009780883789e-01 4.307436645030975342e-01 5.435432195663452148e-01 4.868170917034149170e-01 1.433200091123580933e-01 1.192955449223518372e-01 4.052848219871520996e-01 6.074987053871154785e-01 5.598990917205810547e-01
9.180999994277954102e-01 5.563851594924926758e-01 6.345127224922180176e-01 5.565074831247329712e-02 6.619947552680969238e-01 9.086204767227172852e-01 6.419033557176589966e-02 7.896842360496520996e-01 3.723196983337402344e-01 5.159829258918762207e-01 2.345173358917236328e-01 7.163382768630981445e-01 5.476551055908203125e-01 4.159161448478698730e-01
9.861224889755249023e-01 6.321373581886291504e-01 4.282110035419464111e-01 8.189399838447570801e-01 4.876959919929504395e-01 4.751854538917541504e-01 4.649466574192047119e-01 9.618253707885742188e-01 6.731691360473632812e-01 5.221748948097229004e-01 7.842864394187927246e-01 5.786728262901306152e-01 3.415459692478179932e-01 5.073332786560058594e-01
5.118575096130371094e-01 7.584753036499023438e-01 5.693325027823448181e-02 1.383150070905685425e-01 6.727305054664611816e-01 7.444446682929992676e-01 9.778951406478881836e-01 2.895137369632720947e-01 6.244006752967834473e-01 5.564387515187263489e-02 2.712072432041168213e-01 4.821371734142303467e-01 5.401605367660522461e-01 6.632177829742431641e-01
5.191075205802917480e-01 5.899031758308410645e-01 1.417724974453449249e-02 8.558524847030639648e-01 2.484292536973953247e-01 2.651906013488769531e-01 1.262443363666534424e-01 5.277059674263000488e-01 7.495003938674926758e-01 2.709798514842987061e-01 6.652450561523437500e-01 2.420681416988372803e-01 3.894699513912200928e-01 5.077286958694458008e-01
8.792700171470642090e-01 7.258520126342773438e-01 2.238630056381225586e-01 1.827352494001388550e-01 3.286724984645843506e-01 6.743202805519104004e-01 1.105479970574378967e-01 8.672075867652893066e-01 7.323289513587951660e-01 1.893924474716186523e-01 3.841102719306945801e-01 3.361186385154724121e-01 4.480149149894714355e-01 5.119966864585876465e-01
5.996400117874145508e-01 6.836178302764892578e-01 3.415684998035430908e-01 1.424670070409774780e-01 9.135875105857849121e-02 5.894472599029541016e-01 2.933929860591888428e-01 6.893758177757263184e-01 5.362315773963928223e-01 1.492894589900970459e-01 1.261454522609710693e-01 1.776869446039199829e-01 6.493998169898986816e-01 5.421878099441528320e-01
4.089075028896331787e-01 2.133948355913162231e-01 9.734795093536376953e-01 7.220674753189086914e-01 8.788742423057556152e-01 8.010081648826599121e-01 4.939973354339599609e-01 4.737532734870910645e-01 2.221891731023788452e-01 8.049965500831604004e-01 8.550307154655456543e-01 8.709578514099121094e-01 5.629038214683532715e-01 4.177519679069519043e-01
6.945325136184692383e-01 2.884384989738464355e-01 8.377732634544372559e-01 6.146925091743469238e-01 7.425462603569030762e-01 8.704830408096313477e-01 3.987466543912887573e-02 7.465547919273376465e-01 2.481627613306045532e-01 7.430210709571838379e-01 4.871507287025451660e-01 7.957103252410888672e-01 6.091467142105102539e-01 3.511378169059753418e-01
4.904999863356351852e-03 5.807648301124572754e-01 1.239500008523464203e-02 5.074275135993957520e-01 6.146177649497985840e-01 3.923039436340332031e-01 7.809345722198486328e-01 3.579692915081977844e-02 7.466863393783569336e-01 7.684525102376937866e-02 3.931961059570312500e-01 7.488089799880981445e-01 4.913220107555389404e-01 5.659556388854980469e-01
5.154924988746643066e-01 3.079225122928619385e-01 6.569550186395645142e-02 6.516849994659423828e-01 3.008450008928775787e-02 5.656630396842956543e-01 4.833533465862274170e-01 3.403993844985961914e-01 5.310648679733276367e-01 3.022723197937011719e-01 6.385694146156311035e-01 3.456278890371322632e-02 5.534662008285522461e-01 6.786635518074035645e-01
7.973325252532958984e-01 2.988221645355224609e-01 8.676700294017791748e-02 9.828125238418579102e-01 4.787540137767791748e-01 5.024874806404113770e-01 9.509660005569458008e-01 6.567268967628479004e-01 6.220777630805969238e-01 5.164052844047546387e-01 6.958292126655578613e-01 2.909913957118988037e-01 3.780981600284576416e-01 4.888686239719390869e-01
6.994774937629699707e-01 3.071705102920532227e-01 5.929474905133247375e-02 3.415920138359069824e-01 2.670190036296844482e-01 9.672273993492126465e-01 3.531729876995086670e-01 6.084168553352355957e-01 5.322852134704589844e-01 2.293063998222351074e-01 1.639762967824935913e-01 2.981715500354766846e-01 6.107483506202697754e-01 4.866390526294708252e-01
8.417325019836425781e-01 7.901384830474853516e-01 9.841349720954895020e-02 9.096925258636474609e-01 7.236149907112121582e-01 3.427513241767883301e-01 6.876166909933090210e-02 8.021118044853210449e-01 6.663942337036132812e-01 1.607849001884460449e-01 7.530070543289184570e-01 7.572401762008666992e-01 3.914671838283538818e-01 6.990618109703063965e-01
2.757399976253509521e-01 2.261526733636856079e-01 3.515162467956542969e-01 7.021700143814086914e-01 3.006487488746643066e-01 2.155487835407257080e-01 5.729990005493164062e-01 3.627775311470031738e-01 3.561879396438598633e-01 7.033826708793640137e-01 5.142792463302612305e-01 3.321330845355987549e-01 4.972223341464996338e-01 4.885274171829223633e-01
3.825000021606683731e-04 3.970823287963867188e-01 6.615085005760192871e-01 1.622094959020614624e-01 4.285332560539245605e-01 9.159163832664489746e-01 1.559963375329971313e-01 6.008927524089813232e-02 5.534257292747497559e-01 6.506237387657165527e-01 2.698670327663421631e-01 2.760955691337585449e-01 6.423062086105346680e-01 3.717648088932037354e-01
7.570999860763549805e-01 5.332344770431518555e-01 9.718299657106399536e-02 2.675960063934326172e-01 8.506194949150085449e-01 8.389108180999755859e-01 2.005413323640823364e-01 6.573923826217651367e-01 5.266417860984802246e-01 3.668378293514251709e-01 1.857925504446029663e-01 7.609443068504333496e-01 5.074361562728881836e-01 3.607818484306335449e-01
7.353324890136718750e-01 2.815203368663787842e-01 2.516197562217712402e-01 2.727902531623840332e-01 8.161165118217468262e-01 4.047324359416961670e-01 8.596460819244384766e-01 7.303592562675476074e-01 3.788132071495056152e-01 3.420088291168212891e-01 3.095009326934814453e-01 7.417978644371032715e-01 5.160567164421081543e-01 5.599409937858581543e-01
1.779749989509582520e-02 2.097871601581573486e-01 7.853050231933593750e-01 2.110169976949691772e-01 3.718540072441101074e-01 6.173253655433654785e-01 7.982693910598754883e-01 2.873699739575386047e-02 3.077324032783508301e-01 8.827210068702697754e-01 3.627567589282989502e-01 2.524566054344177246e-01 6.329270601272583008e-01 4.725117981433868408e-01
1.209850013256072998e-01 7.505158185958862305e-01 5.572792291641235352e-01 7.057099938392639160e-01 3.120272457599639893e-01 5.942425131797790527e-01 9.882467389106750488e-01 9.936373680830001831e-02 5.071169137954711914e-01 2.380728423595428467e-01 3.701391518115997314e-01 2.766519784927368164e-01 6.081628799438476562e-01 6.260733604431152344e-01
5.256174802780151367e-01 5.179033279418945312e-01 1.499887555837631226e-01 6.767500042915344238e-01 3.041385114192962646e-01 1.087549477815628052e-01 7.643635272979736328e-01 5.427855253219604492e-01 6.295560598373413086e-01 4.798583984375000000e-01 5.494208931922912598e-01 2.353244572877883911e-01 4.281515479087829590e-01 4.347698092460632324e-01
9.746699929237365723e-01 5.041149854660034180e-01 2.480167448520660400e-01 7.145999930799007416e-03 4.493525028228759766e-01 4.254215061664581299e-01 4.168449938297271729e-01 8.193760514259338379e-01 6.365980505943298340e-01 4.060917496681213379e-01 3.237022757530212402e-01 3.970929682254791260e-01 4.714779853820800781e-01 3.823887705802917480e-01
8.850625157356262207e-01 1.952095031738281250e-01 2.907482385635375977e-01 2.989799976348876953e-01 3.693387508392333984e-01 4.682879894971847534e-02 6.721859574317932129e-01 9.448489546775817871e-01 4.011192917823791504e-01 5.339847803115844727e-01 2.521443963050842285e-01 4.365338981151580811e-01 5.376870036125183105e-01 5.118194818496704102e-01
2.505500018596649170e-01 5.427454710006713867e-01 9.950292706489562988e-01 8.899024724960327148e-01 1.863639950752258301e-01 2.667414247989654541e-01 6.589810252189636230e-01 3.227711915969848633e-01 3.561234772205352783e-01 7.331405878067016602e-01 7.169502973556518555e-01 2.588761150836944580e-01 4.223297834396362305e-01 5.273134708404541016e-01
4.077250137925148010e-02 3.693233430385589600e-01 2.829492390155792236e-01 3.412424921989440918e-01 4.955247640609741211e-01 1.183391883969306946e-01 6.066366657614707947e-02 1.245203167200088501e-01 5.454600453376770020e-01 5.817115902900695801e-01 3.529884517192840576e-01 3.566544950008392334e-01 5.555988550186157227e-01 4.231667220592498779e-01
1.832499913871288300e-02 6.150171756744384766e-01 3.195405006408691406e-01 3.186742365360260010e-01 5.723722577095031738e-01 4.419501125812530518e-01 8.529618978500366211e-01 4.137222468852996826e-02 6.566069126129150391e-01 3.747131824493408203e-01 4.141019880771636963e-01 5.801319479942321777e-01 5.332126021385192871e-01 4.539875090122222900e-01
1.374125033617019653e-01 5.233963131904602051e-01 5.068612694740295410e-01 4.987154901027679443e-01 1.879700087010860443e-02 5.285377502441406250e-01 6.129043102264404297e-01 1.644790917634963989e-01 5.201269388198852539e-01 5.758610963821411133e-01 6.092552542686462402e-01 5.606805905699729919e-02 5.146585702896118164e-01 5.190433263778686523e-01
8.171499967575073242e-01 6.579928398132324219e-01 6.258105039596557617e-01 2.394430041313171387e-01 4.451830089092254639e-01 4.109522327780723572e-02 6.658160090446472168e-01 9.159696698188781738e-01 5.680828094482421875e-01 4.584208726882934570e-01 3.232395350933074951e-01 5.334135890007019043e-01 4.713169336318969727e-01 4.129223227500915527e-01
2.817200124263763428e-01 2.428318262100219727e-01 6.349735260009765625e-01 5.497174859046936035e-01 5.123487710952758789e-01 2.889033406972885132e-02 4.576143324375152588e-01 3.250253200531005859e-01 3.035405874252319336e-01 7.532739043235778809e-01 5.187988877296447754e-01 5.544614791870117188e-01 5.264713168144226074e-01 4.471694529056549072e-01
5.437000095844268799e-02 4.026996791362762451e-01 2.472369968891143799e-01 9.416450262069702148e-01 1.292200013995170593e-02 3.249825239181518555e-01 9.445131421089172363e-01 4.226172342896461487e-02 4.251399934291839600e-01 3.255341351032257080e-01 9.292435646057128906e-01 6.328945979475975037e-03 5.475388765335083008e-01 8.455685377120971680e-01
1.679424941539764404e-01 8.274276852607727051e-01 5.432714819908142090e-01 1.820649951696395874e-02 8.153262734413146973e-01 2.306262552738189697e-01 7.360599935054779053e-02 2.163015007972717285e-01 5.491570830345153809e-01 4.266836047172546387e-01 1.428645849227905273e-01 9.202470779418945312e-01 5.533602237701416016e-01 2.613634765148162842e-01
4.623749852180480957e-02 4.162558317184448242e-01 9.857457280158996582e-01 4.786329865455627441e-01 1.472620069980621338e-01 7.421977519989013672e-01 4.313016533851623535e-01 4.142890870571136475e-02 4.217334091663360596e-01 8.285995721817016602e-01 4.710071384906768799e-01 1.479135006666183472e-01 5.716159343719482422e-01 4.513206779956817627e-01
5.279675126075744629e-01 5.542969703674316406e-01 5.715812444686889648e-01 5.034700036048889160e-01 8.868850022554397583e-02 7.328575849533081055e-01 6.338383555412292480e-01 4.816390872001647949e-01 5.689619183540344238e-01 4.748758077621459961e-01 5.200548768043518066e-01 8.875249326229095459e-02 4.968526661396026611e-01 5.144440531730651855e-01
5.672150254249572754e-01 6.878241896629333496e-01 4.338902533054351807e-01 5.646275281906127930e-01 9.931867718696594238e-01 2.954071760177612305e-01 1.999456733465194702e-01 5.870617628097534180e-01 6.343371868133544922e-01 4.891371428966522217e-01 5.514992475509643555e-01 8.997386693954467773e-01 4.097177088260650635e-01 3.379339873790740967e-01
4.814999997615814209e-01 4.951066672801971436e-01 3.382037580013275146e-01 4.717384874820709229e-01 3.066574968397617340e-02 1.572294980287551880e-01 9.479201436042785645e-01 2.938287556171417236e-01 4.920033514499664307e-01 3.133389651775360107e-01 7.263691425323486328e-01 1.038728002458810806e-02 5.637952685356140137e-01 7.536413073539733887e-01
2.846775054931640625e-01 6.881558299064636230e-01 7.375469803810119629e-01 3.524824976921081543e-02 1.587339937686920166e-01 1.610411107540130615e-01 9.562442302703857422e-01 3.371379077434539795e-01 5.693908929824829102e-01 5.425435900688171387e-01 4.115057587623596191e-01 9.416809678077697754e-02 5.409707427024841309e-01 4.200447499752044678e-01
6.027424931526184082e-01 7.939260005950927734e-01 7.754372358322143555e-01 4.980914890766143799e-01 2.433785051107406616e-01 4.320230185985565186e-01 7.852995991706848145e-01 5.605868101119995117e-01 6.498347520828247070e-01 5.119362473487854004e-01 5.982542634010314941e-01 1.853334903717041016e-01 3.985652625560760498e-01 4.290530383586883545e-01
5.537074804306030273e-01 3.855541646480560303e-01 4.263707399368286133e-01 4.824537634849548340e-01 6.809260249137878418e-01 3.826017081737518311e-01 4.592366516590118408e-02 6.135714054107666016e-01 3.369833528995513916e-01 4.741397798061370850e-01 4.880055785179138184e-01 7.703636288642883301e-01 5.389164686203002930e-01 5.400897860527038574e-01
7.745749950408935547e-01 5.721036791801452637e-01 4.366042613983154297e-01 8.860650062561035156e-01 6.419429779052734375e-01 6.083323955535888672e-01 8.011866807937622070e-01 7.287644743919372559e-01 4.854034781455993652e-01 5.017287731170654297e-01 7.720338106155395508e-01 6.492804288864135742e-01 4.369135797023773193e-01 5.763252973556518555e-01
3.923675119876861572e-01 5.075591802597045898e-01 7.471457719802856445e-01 5.862674713134765625e-01 5.657017230987548828e-01 2.904629409313201904e-01 4.223130047321319580e-01 4.943005144596099854e-01 3.573765754699707031e-01 5.888233184814453125e-01 4.521096944808959961e-01 6.491088271141052246e-01 5.249546766281127930e-01 4.764526784420013428e-01
5.448750257492065430e-01 5.104960203170776367e-01 6.893290281295776367e-01 4.598160088062286377e-01 1.373064965009689331e-01 6.351956725120544434e-01 8.413200080394744873e-02 5.475178956985473633e-01 5.590959787368774414e-01 5.693866014480590820e-01 4.737751483917236328e-01 1.645387560129165649e-01 4.755969643592834473e-01 4.354991912841796875e-01
5.793049931526184082e-01 4.817518293857574463e-01 3.502147495746612549e-01 6.069375276565551758e-01 7.038404941558837891e-01 7.520730495452880859e-01 5.439450144767761230e-01 6.625195145606994629e-01 4.607853293418884277e-01 2.636812031269073486e-01 4.599189460277557373e-01 7.475138306617736816e-01 4.821672439575195312e-01 6.087392568588256836e-01
8.299499750137329102e-01 6.274301409721374512e-01 5.574125051498413086e-02 3.172304928302764893e-01 9.616575241088867188e-01 4.324882924556732178e-01 1.712599955499172211e-02 7.550037503242492676e-01 6.377418041229248047e-01 2.648552358150482178e-01 2.877279520034790039e-01 8.626233935356140137e-01 4.322268962860107422e-01 3.939470052719116211e-01
5.711749792098999023e-01 5.614521503448486328e-01 4.703367352485656738e-01 1.615609973669052124e-01 6.926362514495849609e-01 4.476135373115539551e-01 1.517276614904403687e-01 6.429852843284606934e-01 5.117534399032592773e-01 2.825763821601867676e-01 2.365589141845703125e-01 7.394263744354248047e-01 4.839636683464050293e-01 4.826204776763916016e-01
3.165499866008758545e-02 4.415268301963806152e-01 4.284029901027679443e-01 1.308275014162063599e-01 4.931249842047691345e-02 2.753850519657135010e-01 9.237590432167053223e-01 3.895765170454978943e-02 5.308884978294372559e-01 5.559662580490112305e-01 5.940837860107421875e-01 1.626002974808216095e-02 6.285243630409240723e-01 5.747049450874328613e-01
9.224999696016311646e-02 6.096866726875305176e-01 4.723292589187622070e-01 4.517205059528350830e-01 7.663050293922424316e-02 3.324471712112426758e-01 7.555733323097229004e-01 1.104412525892257690e-01 5.665124058723449707e-01 5.193308591842651367e-01 5.465977787971496582e-01 9.162005782127380371e-02 5.495004653930664062e-01 5.083819031715393066e-01
6.666700243949890137e-01 7.996829748153686523e-01 8.496027588844299316e-01 5.552474856376647949e-01 4.908262491226196289e-01 3.824525326490402222e-02 9.096357226371765137e-01 7.390836477279663086e-01 4.968920350074768066e-01 5.539078116416931152e-01 6.152397990226745605e-01 4.910490214824676514e-01 4.423903822898864746e-01 5.051724314689636230e-01
4.589399993419647217e-01 3.609468340873718262e-01 3.181909918785095215e-01 9.831625223159790039e-01 2.502205073833465576e-01 4.119307100772857666e-01 6.508283615112304688e-01 4.502300918102264404e-01 4.888341426849365234e-01 6.570599675178527832e-01 6.499409079551696777e-01 2.377723306417465210e-01 4.032228589057922363e-01 4.594247937202453613e-01
6.523274779319763184e-01 7.598710060119628906e-01 9.818637371063232422e-01 4.822032451629638672e-01 2.820439934730529785e-01 6.559491157531738281e-02 3.714516758918762207e-01 7.319336533546447754e-01 4.288443922996520996e-01 6.999225616455078125e-01 4.754571318626403809e-01 3.389309346675872803e-01 4.799067080020904541e-01 4.130211770534515381e-01
7.293300032615661621e-01 2.239926606416702271e-01 4.996367394924163818e-01 4.466232359409332275e-01 4.925682544708251953e-01 9.836612939834594727e-01 9.378047585487365723e-01 5.927044749259948730e-01 3.735962510108947754e-01 6.959825158119201660e-01 4.127521216869354248e-01 3.611810803413391113e-01 5.240352153778076172e-01 4.375198185443878174e-01
8.265799880027770996e-01 7.946988344192504883e-01 1.353474985808134079e-02 6.612499952316284180e-01 3.967007398605346680e-01 5.772690176963806152e-01 8.687244057655334473e-01 8.224195837974548340e-01 7.661374807357788086e-01 8.320471644401550293e-02 6.383658647537231445e-01 3.672760725021362305e-01 4.096285700798034668e-01 7.182054519653320312e-01
6.037225127220153809e-01 5.651599764823913574e-01 2.500855028629302979e-01 6.159549951553344727e-01 3.454997539520263672e-01 6.872408986091613770e-01 3.706653416156768799e-01 5.498315095901489258e-01 6.041511297225952148e-01 4.405631721019744873e-01 4.567897617816925049e-01 3.192617297172546387e-01 4.668531119823455811e-01 4.350939691066741943e-01
1.246400028467178345e-01 7.014186382293701172e-01 7.736587524414062500e-01 1.464394927024841309e-01 6.113374829292297363e-01 2.854690849781036377e-01 1.824299991130828857e-01 1.440085172653198242e-01 5.507567524909973145e-01 6.013880372047424316e-01 4.157289266586303711e-01 7.146454453468322754e-01 4.870968759059906006e-01 3.688814043998718262e-01
5.220999941229820251e-02 4.317874908447265625e-01 7.650719881057739258e-01 3.009002506732940674e-01 5.440527796745300293e-01 1.339890956878662109e-01 2.594596743583679199e-01 8.271870762109756470e-02 4.366212189197540283e-01 7.460802793502807617e-01 4.040692150592803955e-01 5.322065353393554688e-01 5.371816158294677734e-01 4.316739737987518311e-01
6.184399724006652832e-01 3.226206600666046143e-01 7.598850131034851074e-01 7.327975034713745117e-01 2.869487404823303223e-01 5.185052752494812012e-01 5.277993083000183105e-01 6.143508553504943848e-01 3.107084631919860840e-01 7.701659798622131348e-01 6.323084831237792969e-01 3.304296135902404785e-01 4.630857706069946289e-01 5.004332065582275391e-01
6.205149888992309570e-01 6.462630033493041992e-01 6.516445279121398926e-01 3.750205039978027344e-01 4.998049885034561157e-02 1.051249504089355469e-01 1.357023268938064575e-01 7.730647325515747070e-01 6.519281268119812012e-01 3.653933107852935791e-01 5.854355096817016602e-01 8.990669250488281250e-02 4.482814371585845947e-01 5.824683904647827148e-01
5.756974816322326660e-01 3.772961795330047607e-01 8.206052780151367188e-01 5.048274993896484375e-01 2.566429972648620605e-01 9.863545298576354980e-01 7.766674160957336426e-01 5.280293822288513184e-01 3.953260183334350586e-01 6.909034252166748047e-01 4.927347004413604736e-01 2.406514286994934082e-01 4.940141439437866211e-01 4.770338535308837891e-01
1.027999967336654663e-01 2.197555005550384521e-01 4.618557393550872803e-01 7.997350096702575684e-01 6.907292604446411133e-01 1.358963642269372940e-02 5.026666447520256042e-03 1.574714928865432739e-01 3.511998355388641357e-01 7.884953618049621582e-01 7.547602653503417969e-01 6.765369176864624023e-01 4.696165323257446289e-01 4.711783528327941895e-01
8.039199709892272949e-01 4.741106629371643066e-01 8.441075086593627930e-01 5.327175259590148926e-01 8.118077516555786133e-01 5.659452676773071289e-01 7.142034173011779785e-01 7.402651906013488770e-01 5.140306949615478516e-01 6.810188293457031250e-01 6.993519067764282227e-01 6.799014806747436523e-01 3.946852982044219971e-01 3.584641814231872559e-01
2.127224951982498169e-01 4.209916591644287109e-01 5.357372760772705078e-01 9.360449910163879395e-01 5.025852322578430176e-01 6.798841059207916260e-02 1.649453341960906982e-01 3.207249641418457031e-01 4.085633456707000732e-01 6.809708476066589355e-01 6.837891936302185059e-01 5.407638549804687500e-01 4.409361779689788818e-01 4.776329398155212402e-01
2.497275024652481079e-01 8.306689858436584473e-01 3.795014917850494385e-01 6.761224865913391113e-01 4.662767648696899414e-01 9.453137516975402832e-01 5.869673490524291992e-01 1.930461227893829346e-01 6.115725636482238770e-01 2.525220513343811035e-01 4.962983131408691406e-01 5.383595228195190430e-01 4.577382802963256836e-01 5.632185339927673340e-01
6.078649759292602539e-01 6.365513205528259277e-01 3.372550010681152344e-02 4.875899851322174072e-02 5.432617664337158203e-01 4.955407977104187012e-01 5.495290160179138184e-01 5.058066248893737793e-01 5.387504100799560547e-01 2.519610226154327393e-01 2.371696531772613525e-01 5.356233716011047363e-01 5.265882015228271484e-01 4.978779256343841553e-01
9.014300107955932617e-01 2.808698415756225586e-01 6.747102737426757812e-01 6.920099854469299316e-01 3.988375142216682434e-02 7.460101246833801270e-01 8.136434555053710938e-01 9.585573077201843262e-01 3.055684566497802734e-01 5.207324624061584473e-01 9.094669818878173828e-01 7.325343042612075806e-02 4.527226388454437256e-01 9.002802371978759766e-01
2.356700003147125244e-01 5.783045291900634766e-01 5.420337319374084473e-01 6.593250036239624023e-01 6.885660290718078613e-01 7.283633351325988770e-01 1.879143267869949341e-01 2.623704969882965088e-01 5.322638154029846191e-01 5.789296627044677734e-01 4.565143287181854248e-01 7.029553651809692383e-01 4.598625898361206055e-01 3.843606412410736084e-01
5.297600030899047852e-01 6.138210296630859375e-01 4.326485097408294678e-01 2.379630059003829956e-01 6.200804710388183594e-01 7.925355434417724609e-01 6.987500190734863281e-02 5.327130556106567383e-01 4.337449371814727783e-01 4.285842776298522949e-01 1.867896020412445068e-01 6.900237202644348145e-01 5.311911106109619141e-01 4.255798459053039551e-01
8.771874904632568359e-01 4.794111549854278564e-01 8.491975069046020508e-02 3.927337527275085449e-01 7.616655230522155762e-01 8.896674513816833496e-01 4.204460084438323975e-01 7.450440526008605957e-01 5.469932556152343750e-01 2.558628022670745850e-01 2.591370046138763428e-01 7.268455028533935547e-01 4.715026915073394775e-01 4.943782389163970947e-01
1.337449997663497925e-01 5.978293418884277344e-01 7.867127656936645508e-01 9.316350221633911133e-01 8.425062298774719238e-01 3.378070592880249023e-01 3.072710037231445312e-01 1.153482571244239807e-01 5.768101811408996582e-01 7.294685840606689453e-01 9.426798224449157715e-01 9.158900976181030273e-01 3.328517377376556396e-01 4.434307217597961426e-01
9.233249723911285400e-02 2.258598357439041138e-01 8.757072687149047852e-01 7.889399677515029907e-02 8.678152561187744141e-01 7.273243665695190430e-01 8.415158987045288086e-01 4.947549849748611450e-02 3.118974268436431885e-01 8.629550337791442871e-01 5.720119476318359375e-01 7.418345808982849121e-01 5.737079381942749023e-01 4.154717028141021729e-01
3.705250099301338196e-02 2.144251614809036255e-01 3.715177476406097412e-01 9.318249821662902832e-01 1.945084929466247559e-01 1.533580869436264038e-01 1.035096645355224609e-01 6.666714698076248169e-02 4.554390907287597656e-01 7.545355558395385742e-01 7.260599732398986816e-01 1.193207651376724243e-01 4.693838357925415039e-01 5.302808880805969238e-01
1.134475022554397583e-01 4.447706639766693115e-01 5.297704935073852539e-01 5.342199802398681641e-01 6.698520183563232422e-01 5.603924393653869629e-01 4.099099934101104736e-01 1.139709427952766418e-01 4.341472089290618896e-01 5.312900543212890625e-01 5.098676681518554688e-01 7.531059980392456055e-01 5.402093529701232910e-01 5.091960430145263672e-01
6.267899870872497559e-01 7.339239716529846191e-01 7.689437270164489746e-01 3.005647361278533936e-01 9.013969898223876953e-01 5.489408373832702637e-01 4.495436549186706543e-01 6.125592589378356934e-01 5.391777753829956055e-01 4.355150163173675537e-01 5.232750177383422852e-01 8.781549930572509766e-01 4.705899655818939209e-01 4.118646085262298584e-01
1.357949972152709961e-01 4.607563316822052002e-01 8.403970003128051758e-01 4.209575057029724121e-01 4.849539995193481445e-01 4.693318307399749756e-01 8.096175193786621094e-01 1.418575346469879150e-01 3.640780746936798096e-01 6.789316534996032715e-01 4.141631126403808594e-01 5.151838660240173340e-01 5.591705441474914551e-01 5.123341083526611328e-01
5.021575093269348145e-01 3.308799862861633301e-01 4.910012483596801758e-01 2.544987499713897705e-01 6.507422327995300293e-01 1.008199974894523621e-01 2.893039882183074951e-01 6.090283393859863281e-01 3.695141375064849854e-01 5.959265232086181641e-01 2.314468622207641602e-01 6.897072196006774902e-01 5.590106844902038574e-01 3.735354542732238770e-01
3.294275104999542236e-01 7.733401656150817871e-01 1.493985056877136230e-01 5.219424962997436523e-01 7.071182727813720703e-01 9.238082766532897949e-01 8.520923256874084473e-01 2.263334393501281738e-01 6.207904815673828125e-01 1.371211856603622437e-01 2.987264394760131836e-01 7.367302179336547852e-01 4.662914276123046875e-01 5.571312904357910156e-01
9.728350043296813965e-01 1.728146672248840332e-01 3.561397492885589600e-01 8.527474999427795410e-01 2.137182503938674927e-01 9.482091665267944336e-01 8.089429736137390137e-01 8.707410693168640137e-01 2.384744584560394287e-01 6.873264908790588379e-01 7.140871286392211914e-01 1.934152096509933472e-01 5.222343206405639648e-01 7.554175853729248047e-01
6.951050162315368652e-01 5.479220151901245117e-01 3.075642585754394531e-01 9.796925187110900879e-01 4.516704976558685303e-01 1.952718198299407959e-01 1.101979985833168030e-01 7.940717935562133789e-01 5.803910493850708008e-01 6.110816001892089844e-01 6.585032343864440918e-01 4.962361454963684082e-01 3.841496706008911133e-01 4.051548540592193604e-01
5.954449772834777832e-01 3.296663463115692139e-01 6.178750190883874893e-03 1.877552568912506104e-01 4.356897473335266113e-01 4.123289883136749268e-01 9.667299687862396240e-02 6.059979200363159180e-01 4.302319884300231934e-01 3.068975508213043213e-01 1.663767248392105103e-01 5.956476926803588867e-01 5.407334566116333008e-01 5.091996788978576660e-01
9.464849829673767090e-01 5.162131786346435547e-01 4.160049855709075928e-01 3.235692381858825684e-01 2.306882441043853760e-01 2.209735363721847534e-01 1.374659985303878784e-01 9.756228327751159668e-01 7.089170217514038086e-01 2.465331256389617920e-01 5.760122537612915039e-01 3.707240819931030273e-01 3.811394572257995605e-01 6.568335890769958496e-01
1.838349997997283936e-01 7.046135067939758301e-01 8.513622283935546875e-01 8.314725160598754883e-01 8.726862668991088867e-01 1.807861626148223877e-01 6.016900017857551575e-02 2.012718617916107178e-01 5.280488729476928711e-01 7.297838330268859863e-01 8.608411550521850586e-01 9.398828744888305664e-01 4.187428355216979980e-01 3.308465778827667236e-01
9.569349884986877441e-01 1.680134981870651245e-01 8.016595244407653809e-01 1.081100013107061386e-02 3.449209928512573242e-01 2.967322170734405518e-01 9.842099994421005249e-02 9.138914942741394043e-01 2.787188589572906494e-01 7.194805741310119629e-01 3.011887073516845703e-01 4.337060153484344482e-01 5.877086520195007324e-01 4.697389602661132812e-01
9.642875194549560547e-01 7.052201628684997559e-01 3.977100178599357605e-02 3.021062612533569336e-01 3.729100152850151062e-02 3.003205955028533936e-01 7.832788228988647461e-01 9.313074946403503418e-01 7.432320117950439453e-01 6.895178556442260742e-02 7.063640952110290527e-01 5.387011542916297913e-02 4.464106559753417969e-01 8.388241529464721680e-01
4.486174881458282471e-01 7.533954977989196777e-01 7.444697618484497070e-01 2.283509969711303711e-01 9.381897449493408203e-01 7.935725450515747070e-01 3.078649938106536865e-01 4.212191402912139893e-01 5.098645091056823730e-01 5.637130141258239746e-01 2.792358398437500000e-01 8.826103806495666504e-01 5.205959081649780273e-01 2.696653604507446289e-01
3.351750075817108154e-01 3.498154878616333008e-01 4.218500107526779175e-02 8.118199706077575684e-01 1.400577425956726074e-01 6.372041702270507812e-01 6.788942813873291016e-01 3.334299921989440918e-01 5.026925206184387207e-01 2.291598767042160034e-01 5.451651811599731445e-01 1.785595864057540894e-01 5.601381063461303711e-01 6.600775122642517090e-01
5.876324772834777832e-01 6.424941420555114746e-01 6.198775172233581543e-01 8.318225145339965820e-01 8.980969786643981934e-01 7.795515060424804688e-01 3.536539971828460693e-01 5.190295577049255371e-01 5.804150700569152832e-01 6.210642457008361816e-01 8.253009319305419922e-01 8.531138300895690918e-01 3.595779836177825928e-01 3.955213725566864014e-01
7.713724970817565918e-01 4.806668460369110107e-01 8.767859935760498047e-01 2.366182506084442139e-01 1.521085053682327271e-01 3.031006157398223877e-01 8.081433773040771484e-01 8.511291742324829102e-01 2.748585939407348633e-01 6.238163113594055176e-01 4.722101390361785889e-01 1.563765108585357666e-01 5.567402243614196777e-01 6.964942812919616699e-01
5.943574905395507812e-01 7.200951576232910156e-01 8.878102302551269531e-01 3.766874969005584717e-02 2.970432639122009277e-01 2.135898917913436890e-01 1.678120046854019165e-01 5.937035083770751953e-01 5.344011783599853516e-01 6.124299168586730957e-01 3.619515597820281982e-01 3.188938498497009277e-01 4.998348355293273926e-01 3.437742888927459717e-01
6.157000064849853516e-01 2.024600058794021606e-01 3.260167539119720459e-01 8.765075206756591797e-01 3.763464987277984619e-01 4.873624145984649658e-01 1.976666599512100220e-02 6.326830983161926270e-01 3.717764616012573242e-01 6.716744303703308105e-01 5.697006583213806152e-01 4.388484656810760498e-01 4.768394827842712402e-01 4.858282506465911865e-01
4.835774898529052734e-01 8.276996612548828125e-01 1.982644945383071899e-01 6.380950212478637695e-01 2.593885064125061035e-01 7.112660408020019531e-01 3.400020003318786621e-01 4.560419023036956787e-01 6.511613726615905762e-01 1.740498989820480347e-01 5.133189558982849121e-01 3.184527158737182617e-01 4.885260462760925293e-01 6.056153178215026855e-01
7.398499846458435059e-01 7.796614766120910645e-01 9.145342707633972168e-01 9.285550117492675781e-01 1.252249926328659058e-01 9.122923016548156738e-01 2.347099930047988892e-01 8.709533214569091797e-01 3.401112258434295654e-01 6.586554646492004395e-01 7.262157797813415527e-01 2.293178886175155640e-01 4.782125651836395264e-01 6.938356161117553711e-01
7.883725166320800781e-01 6.593629717826843262e-01 8.596755266189575195e-01 2.987412512302398682e-01 7.223179936408996582e-01 4.795535206794738770e-01 9.717208743095397949e-01 7.655951380729675293e-01 5.165394544601440430e-01 4.796812534332275391e-01 5.202854871749877930e-01 6.002762913703918457e-01 4.604409635066986084e-01 4.936878681182861328e-01
8.854550123214721680e-01 6.414548158645629883e-01 8.229169845581054688e-01 1.683409959077835083e-01 5.751317739486694336e-01 8.938954472541809082e-01 7.268786430358886719e-01 9.097320437431335449e-01 6.023595333099365234e-01 2.740909159183502197e-01 4.448553025722503662e-01 6.420335173606872559e-01 4.352121353149414062e-01 5.741699934005737305e-01
3.479275107383728027e-01 7.220336794853210449e-01 2.997687458992004395e-01 8.793849945068359375e-01 3.279857635498046875e-01 1.417669653892517090e-01 7.486291527748107910e-01 3.247582912445068359e-01 6.445820927619934082e-01 3.789642155170440674e-01 7.398431897163391113e-01 3.189613819122314453e-01 3.987704217433929443e-01 5.529207587242126465e-01
3.951750099658966064e-01 3.479646742343902588e-01 8.276724815368652344e-02 2.439849972724914551e-01 3.757642507553100586e-01 7.667951583862304688e-01 5.472490191459655762e-01 4.300096333026885986e-01 4.575838446617126465e-01 2.277610749006271362e-01 1.706720292568206787e-01 4.720303416252136230e-01 5.740010142326354980e-01 5.565244555473327637e-01
6.422449946403503418e-01 2.159761637449264526e-01 7.533820271492004395e-01 5.348449945449829102e-01 5.702287554740905762e-01 4.009197950363159180e-01 2.383109927177429199e-01 6.666091084480285645e-01 3.017487525939941406e-01 7.731558680534362793e-01 4.951117932796478271e-01 6.263398528099060059e-01 5.288157463073730469e-01 3.528452515602111816e-01
1.530500035732984543e-02 7.148720026016235352e-01 6.266832351684570312e-01 8.565150201320648193e-02 5.358610153198242188e-01 9.889655709266662598e-01 7.030794620513916016e-01 8.497305214405059814e-02 4.656129777431488037e-01 5.529415979981422424e-02 1.030365563929080963e-02 2.267551422119140625e-01 9.684131741523742676e-01 2.224656343460083008e-01
4.539249837398529053e-02 6.400160193443298340e-01 1.193045005202293396e-01 2.625067532062530518e-01 2.417974919080734253e-02 8.794419169425964355e-01 3.599239885807037354e-01 2.424350008368492126e-02 6.830407381057739258e-01 7.506699115037918091e-02 1.494777053594589233e-01 4.738026857376098633e-02 8.818221092224121094e-01 4.357174336910247803e-01
3.249525129795074463e-01 2.785876691341400146e-01 3.099524974822998047e-01 6.502450108528137207e-01 3.871202468872070312e-01 5.599882602691650391e-01 6.465583443641662598e-01 3.341898024082183838e-01 4.109943211078643799e-01 6.169595718383789062e-01 5.024889111518859863e-01 3.938650786876678467e-01 4.969482719898223877e-01 4.952830970287322998e-01
1.249999972060322762e-03 6.312811374664306641e-01 2.951042354106903076e-01 6.327225267887115479e-02 3.055120110511779785e-01 7.084169983863830566e-01 8.455400168895721436e-02 4.810068011283874512e-02 5.517612695693969727e-01 7.416784018278121948e-02 4.144916683435440063e-02 1.209897696971893311e-01 9.508077502250671387e-01 2.915558218955993652e-01
6.580625176429748535e-01 7.711866497993469238e-01 6.440000142902135849e-04 2.657884955406188965e-01 5.309154987335205078e-01 1.269796937704086304e-01 7.207232117652893066e-01 6.446009874343872070e-01 6.507801413536071777e-01 1.048542633652687073e-01 4.095652103424072266e-01 5.429125428199768066e-01 4.539700746536254883e-01 6.515293121337890625e-01
9.676750004291534424e-02 7.637516856193542480e-01 3.036330044269561768e-01 2.466042488813400269e-01 4.106009900569915771e-01 4.573194086551666260e-01 3.881823420524597168e-01 9.417241066694259644e-02 6.362107396125793457e-01 2.312558293342590332e-01 3.462854623794555664e-01 6.546608209609985352e-01 5.239624381065368652e-01 4.827798008918762207e-01
5.318000167608261108e-02 1.981306672096252441e-01 2.709555029869079590e-01 6.842374801635742188e-01 9.276682734489440918e-01 8.876200914382934570e-01 8.340072631835937500e-01 4.987829923629760742e-02 4.410468041896820068e-01 4.732224345207214355e-01 3.915653228759765625e-01 7.056632041931152344e-01 5.689442753791809082e-01 5.571197867393493652e-01
8.580325245857238770e-01 4.908783435821533203e-01 3.720794916152954102e-01 7.741274833679199219e-01 7.854444980621337891e-01 8.160946369171142578e-01 1.538799982517957687e-02 8.629902601242065430e-01 4.572834968566894531e-01 4.731107652187347412e-01 4.523763358592987061e-01 7.996737957000732422e-01 5.070419311523437500e-01 4.400731623172760010e-01
8.352324962615966797e-01 5.909068584442138672e-01 7.283250093460083008e-01 4.879472553730010986e-01 6.768722534179687500e-01 8.085382580757141113e-01 3.966679871082305908e-01 7.870185971260070801e-01 3.412537872791290283e-01 6.333758234977722168e-01 4.331112504005432129e-01 7.410875558853149414e-01 5.558875203132629395e-01 4.002377092838287354e-01
7.854325175285339355e-01 7.211239933967590332e-01 3.538385033607482910e-01 6.810250282287597656e-01 8.704444766044616699e-01 7.331857681274414062e-01 4.342076778411865234e-01 8.041290044784545898e-01 5.610432624816894531e-01 2.621558606624603271e-01 5.931333303451538086e-01 8.596491217613220215e-01 4.489445388317108154e-01 5.628668069839477539e-01
9.265974760055541992e-01 5.438181757926940918e-01 3.808032572269439697e-01 5.223274827003479004e-01 5.606135129928588867e-01 2.212509140372276306e-02 5.617153048515319824e-01 9.216183423995971680e-01 6.991828083992004395e-01 5.123839974403381348e-01 6.394550800323486328e-01 5.163462162017822266e-01 3.515754938125610352e-01 3.945123553276062012e-01
2.541174888610839844e-01 1.709461659193038940e-01 1.830029934644699097e-01 8.431074768304824829e-02 1.929205060005187988e-01 4.778940379619598389e-01 4.257226586341857910e-01 3.052265644073486328e-01 5.269684195518493652e-01 4.551775753498077393e-01 3.172129392623901367e-01 1.586141288280487061e-01 6.064611673355102539e-01 4.548566341400146484e-01
9.796050190925598145e-01 3.020843267440795898e-01 7.923887372016906738e-01 5.067099928855895996e-01 1.234662532806396484e-01 4.203583672642707825e-02 3.008473217487335205e-01 9.729163050651550293e-01 2.056523263454437256e-01 6.767617464065551758e-01 7.826240062713623047e-01 2.133457958698272705e-01 5.348182916641235352e-01 8.290382623672485352e-01
5.865474939346313477e-01 4.079183340072631836e-01 4.858877360820770264e-01 9.268550276756286621e-01 7.750844955444335938e-01 5.964813232421875000e-01 4.092276692390441895e-01 6.998736262321472168e-01 3.578608632087707520e-01 6.136099696159362793e-01 7.315554618835449219e-01 7.831088304519653320e-01 5.134865045547485352e-01 4.748309850692749023e-01
9.798499941825866699e-02 5.884426832199096680e-01 5.140967369079589844e-01 3.001849949359893799e-01 8.603529930114746094e-01 3.957545459270477295e-01 1.522736698389053345e-01 1.097007244825363159e-01 6.024090647697448730e-01 5.618180036544799805e-01 3.754654228687286377e-01 9.020504951477050781e-01 5.076670050621032715e-01 2.837296724319458008e-01
5.232675075531005859e-01 5.414955019950866699e-01 2.930682599544525146e-01 2.921962440013885498e-01 9.256677627563476562e-01 5.735969543457031250e-01 9.457937479019165039e-01 4.270533025264739990e-01 4.748868346214294434e-01 3.299704492092132568e-01 3.703164458274841309e-01 7.590425014495849609e-01 4.888060688972473145e-01 5.185370445251464844e-01
2.969025075435638428e-01 7.239956855773925781e-01 6.505355238914489746e-01 2.836945056915283203e-01 9.534027576446533203e-01 9.267667531967163086e-01 2.312403321266174316e-01 2.182584255933761597e-01 6.549035906791687012e-01 4.533239901065826416e-01 3.826538026332855225e-01 8.877282738685607910e-01 4.374428093433380127e-01 3.061187565326690674e-01
6.230825185775756836e-01 4.982448220252990723e-01 4.942125082015991211e-02 7.827299833297729492e-01 9.849897623062133789e-01 5.820017457008361816e-01 7.606406211853027344e-01 3.782902061939239502e-01 4.876792728900909424e-01 5.298514366149902344e-01 6.235979199409484863e-01 8.511790037155151367e-01 4.853566288948059082e-01 4.234914779663085938e-01
2.673999965190887451e-01 6.283091902732849121e-01 9.542174637317657471e-02 1.191229969263076782e-01 4.806617498397827148e-01 9.426166415214538574e-01 8.317329883575439453e-01 2.047872394323348999e-01 5.672909617424011230e-01 1.644902080297470093e-01 2.038213163614273071e-01 4.007196724414825439e-01 6.276164054870605469e-01 5.111422538757324219e-01
1.730249971151351929e-01 4.870483279228210449e-01 1.731735020875930786e-01 3.309442400932312012e-01 7.030622363090515137e-01 2.829179763793945312e-01 1.595033407211303711e-01 2.260212302207946777e-01 5.647529959678649902e-01 3.622248470783233643e-01 2.988226413726806641e-01 7.420178055763244629e-01 4.878825545310974121e-01 4.311122596263885498e-01
2.088849991559982300e-01 3.285933434963226318e-01 6.184467673301696777e-01 3.377565145492553711e-01 8.114097714424133301e-01 1.579389870166778564e-01 2.490520030260086060e-01 2.530848383903503418e-01 3.135573863983154297e-01 7.455379366874694824e-01 4.382044970989227295e-01 8.691334724426269531e-01 6.226231455802917480e-01 3.097531497478485107e-01
2.780900001525878906e-01 1.792176663875579834e-01 9.288704991340637207e-01 6.176350116729736328e-01 9.227149933576583862e-02 5.913984775543212891e-01 9.506603479385375977e-01 4.517432451248168945e-01 2.325986176729202271e-01 5.649123191833496094e-01 7.219073176383972168e-01 3.785900026559829712e-02 5.478727817535400391e-01 8.060387969017028809e-01
8.705800175666809082e-01 6.995310187339782715e-01 4.138849973678588867e-01 8.038175106048583984e-01 5.136334896087646484e-01 3.591844439506530762e-01 7.338891029357910156e-01 9.247406125068664551e-01 5.821700096130371094e-01 3.110625147819519043e-01 7.096876502037048340e-01 6.761305332183837891e-01 4.259642362594604492e-01 6.626087427139282227e-01
7.796974778175354004e-01 7.474111914634704590e-01 6.323927640914916992e-01 5.670850276947021484e-01 6.657999753952026367e-02 5.467739105224609375e-01 5.341506600379943848e-01 8.269544839859008789e-01 5.704290270805358887e-01 4.761442244052886963e-01 7.128366827964782715e-01 8.638033270835876465e-02 4.187210798263549805e-01 6.609131097793579102e-01
6.981024742126464844e-01 2.706953287124633789e-01 7.308882474899291992e-01 4.792257547378540039e-01 1.218732520937919617e-01 3.431379795074462891e-01 2.325419932603836060e-01 9.220529198646545410e-01 2.386698573827743530e-01 6.488529443740844727e-01 3.789480030536651611e-01 2.066427469253540039e-01 5.822756886482238770e-01 6.834068298339843750e-01
6.033300161361694336e-01 3.658276796340942383e-01 3.682837486267089844e-01 9.404700249433517456e-02 9.530202746391296387e-01 5.066472887992858887e-01 8.712416887283325195e-01 5.442174673080444336e-01 4.730131924152374268e-01 3.592772781848907471e-01 3.711634874343872070e-01 8.132273554801940918e-01 4.928970038890838623e-01 4.777219295501708984e-01
6.136274933815002441e-01 5.376636385917663574e-01 2.153345048427581787e-01 2.342994958162307739e-01 1.480522453784942627e-01 8.851080536842346191e-01 6.276826858520507812e-01 6.238855719566345215e-01 5.860235691070556641e-01 1.552832573652267456e-01 2.062094360589981079e-01 1.643724441528320312e-01 6.202225089073181152e-01 5.445439815521240234e-01
6.702750176191329956e-02 2.829093337059020996e-01 8.737227320671081543e-01 1.394364982843399048e-01 4.408695101737976074e-01 1.503352522850036621e-01 9.821726679801940918e-01 8.823154121637344360e-02 4.299493134021759033e-01 7.929507493972778320e-01 4.214079976081848145e-01 1.932248175144195557e-01 5.590501427650451660e-01 4.220246672630310059e-01
1.748574972152709961e-01 8.145964741706848145e-01 2.812637388706207275e-01 5.590975284576416016e-01 9.619920253753662109e-01 8.368066549301147461e-01 5.525746941566467285e-01 1.160073578357696533e-01 6.887699365615844727e-01 2.868871092796325684e-01 2.239305824041366577e-01 9.347481131553649902e-01 5.021322369575500488e-01 2.672310471534729004e-01
5.425475239753723145e-01 2.777290046215057373e-01 6.114122271537780762e-01 2.499385029077529907e-01 7.108445167541503906e-01 9.296467900276184082e-01 3.843853473663330078e-01 4.776518642902374268e-01 3.999890983104705811e-01 6.736321449279785156e-01 3.542679250240325928e-01 6.612706780433654785e-01 5.253083705902099609e-01 3.341990709304809570e-01
7.456499934196472168e-01 3.103448450565338135e-01 5.986254811286926270e-01 5.624325275421142578e-01 1.665319949388504028e-01 3.079724311828613281e-01 5.480570197105407715e-01 8.241556286811828613e-01 2.136535644531250000e-01 7.306211590766906738e-01 4.304003715515136719e-01 2.190176248550415039e-01 5.875923037528991699e-01 6.469903588294982910e-01
8.345925211906433105e-01 8.030545115470886230e-01 7.515295147895812988e-01 1.359802484512329102e-01 2.634592354297637939e-01 4.959296882152557373e-01 2.569413185119628906e-01 8.884385228157043457e-01 7.064607739448547363e-01 3.967046141624450684e-01 5.550504326820373535e-01 2.911319434642791748e-01 3.940770328044891357e-01 4.791475236415863037e-01
1.810249984264373779e-01 1.924956738948822021e-01 4.512662589550018311e-01 4.872285127639770508e-01 1.857240051031112671e-01 6.262288093566894531e-01 9.351053237915039062e-01 1.969346404075622559e-01 3.240856230258941650e-01 6.404734253883361816e-01 6.420429944992065430e-01 8.847825974225997925e-02 5.353687405586242676e-01 6.351175308227539062e-01
3.528625071048736572e-01 4.188469946384429932e-01 7.230585217475891113e-01 3.808110058307647705e-01 2.476402521133422852e-01 2.592834234237670898e-01 5.940573215484619141e-01 4.246742725372314453e-01 3.216758072376251221e-01 7.181215882301330566e-01 3.402045965194702148e-01 3.271655738353729248e-01 5.770189762115478516e-01 4.705367088317871094e-01
3.900099992752075195e-01 2.739291787147521973e-01 3.150264918804168701e-01 3.430207371711730957e-01 1.287014931440353394e-01 9.063737392425537109e-01 5.168513059616088867e-01 3.733298182487487793e-01 5.297853350639343262e-01 5.436080694198608398e-01 3.676884770393371582e-01 1.259830594062805176e-01 5.656747221946716309e-01 4.298486411571502686e-01
9.401599764823913574e-01 2.543453276157379150e-01 1.716039925813674927e-01 9.977250099182128906e-01 5.062225088477134705e-02 9.958626031875610352e-01 3.961879909038543701e-01 9.444720149040222168e-01 3.619169890880584717e-01 4.868783950805664062e-01 7.385890483856201172e-01 9.964808821678161621e-02 4.845518469810485840e-01 8.222799897193908691e-01
4.313549995422363281e-01 6.718328595161437988e-01 1.421592533588409424e-01 7.145575284957885742e-01 4.278914928436279297e-01 5.616561695933341980e-02 3.759549856185913086e-01 4.402806460857391357e-01 6.799840927124023438e-01 4.242271780967712402e-01 6.349419355392456055e-01 3.836614191532135010e-01 3.783892095088958740e-01 4.335853159427642822e-01
5.748299956321716309e-01 6.535038352012634277e-01 1.904352456331253052e-01 7.208300232887268066e-01 3.835605084896087646e-01 6.391913294792175293e-01 9.554687142372131348e-01 4.880729913711547852e-01 6.063191890716552734e-01 2.121488004922866821e-01 5.916130542755126953e-01 2.848389744758605957e-01 4.890895783901214600e-01 6.398120522499084473e-01
2.199050039052963257e-01 3.884821534156799316e-01 5.577147603034973145e-01 4.251092374324798584e-01 7.792764902114868164e-01 3.137783706188201904e-01 4.924249947071075439e-01 2.669308483600616455e-01 3.419597446918487549e-01 5.674992203712463379e-01 3.780813217163085938e-01 8.468245267868041992e-01 5.836151838302612305e-01 4.342784583568572998e-01
4.284749925136566162e-02 7.033806443214416504e-01 1.727699935436248779e-01 5.498424768447875977e-01 2.319989949464797974e-01 5.004692673683166504e-01 6.646593213081359863e-01 5.929839983582496643e-02 6.839959025382995605e-01 1.139779165387153625e-01 4.323954880237579346e-01 2.664037942886352539e-01 5.808749794960021973e-01 6.146214604377746582e-01
9.048274755477905273e-01 3.750774860382080078e-01 6.173377633094787598e-01 4.954580068588256836e-01 2.163275033235549927e-01 8.741359710693359375e-01 1.496283262968063354e-01 9.381462335586547852e-01 2.493618428707122803e-01 6.746492385864257812e-01 2.782633304595947266e-01 3.213797211647033691e-01 5.967816114425659180e-01 5.855577588081359863e-01
7.594575285911560059e-01 7.816634774208068848e-01 9.492992758750915527e-01 2.553552389144897461e-01 1.205142512917518616e-01 6.199463605880737305e-01 5.822600126266479492e-01 8.825046420097351074e-01 6.207728385925292969e-01 3.837507069110870361e-01 5.539309382438659668e-01 1.502428501844406128e-01 4.470595717430114746e-01 6.031847000122070312e-01
9.506275057792663574e-01 6.128249764442443848e-01 1.361224949359893799e-01 7.617350220680236816e-01 9.079587459564208984e-01 9.126816391944885254e-01 9.433433413505554199e-01 8.092290759086608887e-01 3.686956763267517090e-01 2.848712801933288574e-01 5.442921519279479980e-01 7.992408871650695801e-01 5.098159909248352051e-01 6.582072377204895020e-01
1.875125020742416382e-01 5.385738611221313477e-01 6.597635149955749512e-01 3.656692504882812500e-01 5.228130221366882324e-01 6.385291814804077148e-01 5.305443406105041504e-01 2.019629776477813721e-01 4.069493412971496582e-01 5.423942804336547852e-01 3.124729990959167480e-01 5.651016831398010254e-01 5.491944551467895508e-01 5.066549777984619141e-01
2.879774868488311768e-01 2.063110023736953735e-01 8.879374712705612183e-02 6.304674744606018066e-01 8.447422385215759277e-01 6.530538201332092285e-01 8.118233084678649902e-02 3.254339098930358887e-01 4.538730084896087646e-01 4.277381896972656250e-01 2.190807312726974487e-01 8.133074641227722168e-01 5.230142474174499512e-01 4.169368147850036621e-01
8.174899816513061523e-01 7.763331532478332520e-01 8.520907759666442871e-01 3.883307576179504395e-01 6.240684986114501953e-01 7.287012934684753418e-01 5.555426478385925293e-01 8.963344097137451172e-01 5.577603578567504883e-01 2.689633369445800781e-01 5.433822870254516602e-01 7.086593508720397949e-01 4.449543058872222900e-01 6.203417181968688965e-01
7.866874933242797852e-01 5.061705112457275391e-01 1.269930005073547363e-01 9.392399787902832031e-01 1.909182518720626831e-01 4.582333192229270935e-02 2.944773435592651367e-01 9.698917269706726074e-01 7.854888439178466797e-01 2.761929631233215332e-01 7.712591886520385742e-01 2.678816318511962891e-01 3.181979060173034668e-01 6.546390056610107422e-01
6.608675122261047363e-01 2.899978458881378174e-01 6.655120253562927246e-01 9.235075116157531738e-01 4.649935066699981689e-01 6.819883584976196289e-01 3.457853198051452637e-01 7.749109864234924316e-01 3.563497364521026611e-01 7.376034855842590332e-01 5.260105133056640625e-01 5.221344828605651855e-01 4.927866160869598389e-01 3.975041508674621582e-01
7.385399937629699707e-01 6.610124707221984863e-01 5.626425147056579590e-01 7.014200091361999512e-01 8.055984973907470703e-01 3.496533334255218506e-01 9.520100057125091553e-02 6.393150687217712402e-01 5.948614478111267090e-01 6.477323174476623535e-01 7.773705124855041504e-01 7.487843632698059082e-01 3.380462527275085449e-01 3.701919317245483398e-01
8.435649871826171875e-01 4.495556652545928955e-01 4.898129999637603760e-01 2.010542452335357666e-01 9.863305091857910156e-01 7.887453436851501465e-01 7.040234804153442383e-01 7.089858651161193848e-01 5.003072619438171387e-01 5.558671355247497559e-01 3.760253489017486572e-01 8.237802386283874512e-01 4.917503595352172852e-01 3.251983225345611572e-01
7.723450064659118652e-01 2.116709947586059570e-01 4.021547436714172363e-01 8.701000213623046875e-01 2.531160116195678711e-01 5.505072474479675293e-01 3.477926552295684814e-01 8.916010260581970215e-01 5.215861797332763672e-01 5.748299360275268555e-01 6.890114545822143555e-01 2.796328067779541016e-01 4.194605946540832520e-01 5.956114530563354492e-01
4.511849880218505859e-01 2.661591768264770508e-01 8.156400173902511597e-02 5.706400275230407715e-01 3.157750004902482033e-03 2.702773809432983398e-01 6.829292178153991699e-01 3.378365337848663330e-01 5.078988671302795410e-01 3.196388185024261475e-01 6.033504605293273926e-01 1.719553954899311066e-02 5.868119597434997559e-01 6.933400034904479980e-01
7.529575228691101074e-01 5.876656770706176758e-01 3.135887384414672852e-01 8.333349823951721191e-01 4.156000167131423950e-02 3.109909035265445709e-02 8.792828321456909180e-01 8.948870897293090820e-01 4.663889706134796143e-01 4.267092943191528320e-01 8.432812690734863281e-01 5.149855092167854309e-02 4.275512099266052246e-01 8.289245367050170898e-01
5.741025209426879883e-01 8.288126587867736816e-01 9.956269860267639160e-01 7.947049736976623535e-01 8.414952754974365234e-01 7.026486992835998535e-01 6.923380494117736816e-01 6.502023935317993164e-01 4.374313950538635254e-01 5.538544058799743652e-01 9.025935530662536621e-01 8.551611304283142090e-01 4.523029625415802002e-01 5.616775155067443848e-01
7.221649885177612305e-01 2.977829873561859131e-01 3.522450029850006104e-01 1.739024929702281952e-02 4.830899834632873535e-02 6.402264833450317383e-01 7.786799967288970947e-02 6.929904818534851074e-01 2.706254124641418457e-01 5.305066704750061035e-01 1.440341174602508545e-01 1.176440641283988953e-01 6.823509931564331055e-01 6.018403768539428711e-01
9.679424762725830078e-01 7.595113515853881836e-01 2.599149942398071289e-01 8.613675236701965332e-01 8.551402688026428223e-01 6.165319085121154785e-01 1.046593338251113892e-01 9.102793335914611816e-01 7.019209265708923340e-01 1.539756506681442261e-01 8.086254596710205078e-01 8.377259373664855957e-01 3.720434606075286865e-01 7.030262351036071777e-01
8.525300025939941406e-01 7.157938480377197266e-01 4.519462585449218750e-01 5.483524799346923828e-01 3.742297589778900146e-01 6.232133507728576660e-01 4.535950124263763428e-01 8.821802735328674316e-01 6.666055917739868164e-01 3.864593803882598877e-01 5.719682574272155762e-01 4.269052147865295410e-01 4.024292230606079102e-01 5.167347192764282227e-01
6.645950078964233398e-01 4.605796635150909424e-01 7.389284968376159668e-01 3.349212408065795898e-01 2.191192507743835449e-01 5.922819972038269043e-01 3.026939928531646729e-01 8.571642637252807617e-01 3.418505489826202393e-01 5.545169115066528320e-01 2.221809327602386475e-01 3.784257173538208008e-01 5.749064087867736816e-01 5.282773375511169434e-01
6.333199739456176758e-01 3.364030122756958008e-01 4.759694933891296387e-01 3.643495142459869385e-01 3.484469950199127197e-01 2.328045517206192017e-01 5.269966721534729004e-01 6.153589487075805664e-01 3.791388571262359619e-01 7.052761912345886230e-01 3.727619051933288574e-01 3.735764026641845703e-01 5.356807708740234375e-01 4.058044254779815674e-01
2.683824896812438965e-01 7.307756543159484863e-01 6.207747459411621094e-01 9.856424927711486816e-01 1.140139997005462646e-01 1.883753538131713867e-01 2.618253231048583984e-01 3.393442332744598389e-01 5.954277515411376953e-01 6.501377820968627930e-01 7.594739794731140137e-01 1.756986528635025024e-01 3.386352658271789551e-01 4.300713837146759033e-01
1.886025071144104004e-01 4.293241798877716064e-01 2.898737490177154541e-01 3.912439942359924316e-01 6.497392654418945312e-01 9.856733083724975586e-01 7.094046473503112793e-01 1.560503840446472168e-01 5.013084411621093750e-01 3.060047328472137451e-01 2.295191138982772827e-01 6.407494544982910156e-01 5.594491958618164062e-01 5.146548748016357422e-01
3.421925008296966553e-01 7.465226650238037109e-01 7.179715037345886230e-01 8.687174916267395020e-01 6.100000143051147461e-01 7.815127074718475342e-02 3.444829881191253662e-01 3.596248030662536621e-01 6.056164503097534180e-01 5.788772106170654297e-01 8.655275106430053711e-01 6.497975587844848633e-01 3.182987272739410400e-01 4.981931447982788086e-01
8.939350247383117676e-01 3.989999890327453613e-01 9.508512616157531738e-01 5.982099771499633789e-01 5.870004892349243164e-01 3.389779925346374512e-01 9.370166808366775513e-02 9.397200942039489746e-01 3.079783022403717041e-01 7.570040822029113770e-01 6.476195454597473145e-01 7.449274063110351562e-01 5.426278114318847656e-01 3.974136710166931152e-01
8.080250024795532227e-02 3.573994934558868408e-01 9.662290215492248535e-01 6.792899966239929199e-01 5.672724843025207520e-01 5.125874876976013184e-01 7.600963115692138672e-01 3.511081635951995850e-02 3.023201227188110352e-01 8.843668699264526367e-01 8.657102584838867188e-01 5.362026691436767578e-01 4.319652915000915527e-01 5.820657610893249512e-01
3.291000053286552429e-02 3.313413262367248535e-01 9.271900355815887451e-02 4.974429905414581299e-01 8.854187726974487305e-01 9.627493023872375488e-01 7.820068597793579102e-01 2.747275307774543762e-02 6.863296627998352051e-01 1.162537485361099243e-01 3.636778593063354492e-01 4.440452456474304199e-01 7.496928572654724121e-01 4.287895858287811279e-01
4.346224963665008545e-01 3.755429983139038086e-01 9.532467722892761230e-01 2.525775134563446045e-01 4.506374895572662354e-01 1.894334405660629272e-01 6.423379778861999512e-01 4.884082973003387451e-01 3.651660680770874023e-01 7.495484352111816406e-01 4.499110281467437744e-01 4.673453569412231445e-01 4.965443313121795654e-01 3.679144382476806641e-01
8.656449913978576660e-01 4.818743467330932617e-01 6.106514930725097656e-01 3.033052384853363037e-01 9.372372627258300781e-01 2.415954619646072388e-01 6.106283068656921387e-01 7.013968229293823242e-01 5.650148987770080566e-01 6.438204050064086914e-01 6.077674627304077148e-01 7.538442015647888184e-01 3.924306929111480713e-01 3.130364120006561279e-01
2.656599879264831543e-01 7.706983089447021484e-01 3.846769928932189941e-01 2.513934969902038574e-01 5.829137563705444336e-01 2.549786865711212158e-01 9.400420188903808594e-01 3.123437762260437012e-01 5.760722756385803223e-01 1.484584808349609375e-01 3.633913099765777588e-01 5.152577757835388184e-01 5.003178119659423828e-01 6.199694871902465820e-01
3.179324865341186523e-01 6.302508115768432617e-01 9.466754794120788574e-01 7.178000211715698242e-01 8.629222512245178223e-01 2.198041379451751709e-01 3.143436610698699951e-01 4.410832524299621582e-01 3.352957069873809814e-01 6.847593784332275391e-01 7.251002788543701172e-01 9.294525980949401855e-01 5.834329724311828613e-01 3.540160953998565674e-01
6.723824739456176758e-01 6.902465224266052246e-01 9.023060202598571777e-01 7.251725196838378906e-01 8.254887461662292480e-01 5.841026306152343750e-01 7.690409421920776367e-01 7.591130733489990234e-01 5.715664029121398926e-01 4.523265659809112549e-01 8.815461397171020508e-01 7.846370935440063477e-01 3.838164210319519043e-01 5.978280901908874512e-01
2.630900144577026367e-01 5.660283565521240234e-01 5.775312781333923340e-01 1.615449972450733185e-02 5.569015145301818848e-01 8.018983602523803711e-01 5.976583361625671387e-01 3.886858820915222168e-01 3.978933990001678467e-01 2.441399842500686646e-01 9.858594089746475220e-02 6.580694913864135742e-01 5.826107859611511230e-01 5.311363935470581055e-01
1.481750011444091797e-01 3.982923328876495361e-01 3.615852594375610352e-01 4.438435137271881104e-01 5.379685163497924805e-01 2.661170661449432373e-01 5.104866623878479004e-01 1.726310104131698608e-01 4.607686400413513184e-01 5.404289960861206055e-01 4.780803918838500977e-01 5.087172389030456543e-01 5.124015808105468750e-01 5.205186605453491211e-01
7.752199769020080566e-01 2.684361636638641357e-01 9.648682475090026855e-01 5.205774903297424316e-01 4.135962426662445068e-01 4.553375840187072754e-01 8.558696508407592773e-01 9.040939807891845703e-01 3.111345469951629639e-01 7.056754827499389648e-01 5.890787839889526367e-01 4.423494637012481689e-01 5.209861397743225098e-01 5.589359998703002930e-01
3.387499973177909851e-02 3.929776549339294434e-01 5.673059821128845215e-01 6.150774955749511719e-01 5.179204940795898438e-01 2.148547470569610596e-01 3.744366765022277832e-01 6.585440784692764282e-02 5.296640396118164062e-01 7.356271743774414062e-01 5.655973553657531738e-01 3.928444087505340576e-01 4.600952863693237305e-01 4.432649314403533936e-01
7.132449746131896973e-01 3.760861754417419434e-01 1.556925028562545776e-01 8.482275009155273438e-01 6.474502682685852051e-01 3.236163556575775146e-01 3.889703452587127686e-01 6.646563410758972168e-01 4.787583351135253906e-01 4.995900094509124756e-01 7.316187620162963867e-01 6.624940037727355957e-01 4.447029531002044678e-01 5.544070005416870117e-01
5.168874859809875488e-01 5.778939723968505859e-01 9.968267679214477539e-01 4.026107490062713623e-01 7.170542478561401367e-01 1.977015137672424316e-01 5.779096484184265137e-01 5.314831137657165527e-01 4.555295109748840332e-01 6.738765239715576172e-01 6.186624169349670410e-01 6.753079891204833984e-01 4.310232102870941162e-01 3.696082532405853271e-01
3.339149951934814453e-01 4.823488295078277588e-01 9.623647332191467285e-01 4.525727629661560059e-01 6.711884737014770508e-01 8.217902779579162598e-01 1.188416630029678345e-01 3.582690656185150146e-01 3.382025361061096191e-01 7.336550354957580566e-01 5.147100687026977539e-01 7.211380600929260254e-01 5.356560349464416504e-01 3.644773364067077637e-01
1.884524971246719360e-01 2.979710102081298828e-01 1.880277544260025024e-01 2.267622500658035278e-01 2.827185094356536865e-01 2.982794046401977539e-01 5.696016550064086914e-01 2.893584668636322021e-01 5.496844649314880371e-01 5.958859324455261230e-01 4.223301112651824951e-01 2.221883386373519897e-01 5.041376948356628418e-01 3.927270770072937012e-01
9.217349886894226074e-01 3.355489969253540039e-01 7.350645065307617188e-01 5.449724793434143066e-01 1.153475046157836914e-02 7.764890789985656738e-01 5.684296488761901855e-01 8.845766186714172363e-01 1.961706876754760742e-01 6.687456965446472168e-01 8.735408782958984375e-01 7.305235415697097778e-02 4.929824471473693848e-01 8.754657506942749023e-01
6.175950169563293457e-01 7.133926749229431152e-01 1.262927502393722534e-01 5.084925293922424316e-01 4.178337454795837402e-01 8.579016923904418945e-01 7.083727121353149414e-01 5.589770078659057617e-01 6.143612861633300781e-01 1.798637360334396362e-01 3.591126203536987305e-01 4.490704834461212158e-01 4.927543103694915771e-01 5.711406469345092773e-01
3.369125127792358398e-01 6.996693611145019531e-01 1.554024964570999146e-02 9.520300030708312988e-01 7.783315181732177734e-01 7.042605280876159668e-01 2.260500043630599976e-01 2.415685802698135376e-01 7.303069233894348145e-01 2.104638665914535522e-01 5.872765779495239258e-01 7.990598082542419434e-01 3.545346856117248535e-01 5.138445496559143066e-01
9.925649762153625488e-01 5.596466660499572754e-01 2.826492488384246826e-01 6.543024778366088867e-01 5.707824975252151489e-02 1.311203986406326294e-01 5.819456577301025391e-01 9.790416359901428223e-01 6.404947638511657715e-01 2.802391350269317627e-01 8.627703189849853516e-01 1.171457692980766296e-01 3.631803095340728760e-01 8.438643813133239746e-01
6.090574860572814941e-01 7.574106454849243164e-01 4.480820000171661377e-01 3.217612504959106445e-01 3.951149880886077881e-01 8.079050779342651367e-01 6.597756743431091309e-01 5.877437591552734375e-01 5.854476690292358398e-01 3.520491719245910645e-01 3.587796986103057861e-01 3.961818218231201172e-01 5.058921575546264648e-01 4.650562405586242676e-01
1.620174944400787354e-01 2.550919950008392334e-01 9.695237278938293457e-01 4.019685089588165283e-01 8.519002795219421387e-01 6.107012033462524414e-01 6.349999904632568359e-01 9.025298058986663818e-02 2.928088009357452393e-01 8.556786775588989258e-01 7.858054637908935547e-01 8.271111845970153809e-01 5.402161478996276855e-01 4.223645627498626709e-01
8.777149915695190430e-01 6.789984703063964844e-01 5.526367425918579102e-01 1.214074995368719101e-02 5.974850058555603027e-02 5.046959593892097473e-02 4.907613396644592285e-01 9.472979903221130371e-01 5.879997611045837402e-01 2.673859298229217529e-01 3.992819190025329590e-01 1.108313649892807007e-01 4.877640008926391602e-01 6.778736710548400879e-01
8.150650262832641602e-01 2.136381715536117554e-01 5.499154925346374512e-01 4.648692607879638672e-01 9.029677510261535645e-01 2.730146348476409912e-01 8.656666874885559082e-01 7.581677436828613281e-01 3.144796788692474365e-01 5.915532708168029785e-01 7.895564436912536621e-01 8.059236407279968262e-01 5.401217341423034668e-01 5.329002737998962402e-01
2.862350046634674072e-01 7.350883483886718750e-01 3.505599871277809143e-02 1.439527571201324463e-01 4.523090124130249023e-01 5.368983745574951172e-01 5.825503468513488770e-01 2.509678602218627930e-01 6.095445156097412109e-01 7.241969555616378784e-02 2.584622502326965332e-01 5.628647208213806152e-01 5.319421291351318359e-01 6.334557533264160156e-01
6.962699890136718750e-01 5.943466424942016602e-01 8.722915053367614746e-01 6.297500133514404297e-01 3.537279963493347168e-01 7.871455550193786621e-01 6.177880167961120605e-01 8.028011322021484375e-01 5.171669125556945801e-01 6.392545700073242188e-01 5.304516553878784180e-01 3.615555167198181152e-01 4.376283288002014160e-01 4.214270412921905518e-01
1.019600033760070801e-01 8.292786478996276855e-01 5.817760229110717773e-01 9.572650194168090820e-01 5.754697322845458984e-01 3.607356548309326172e-01 1.992703378200531006e-01 7.345075160264968872e-02 7.149119377136230469e-01 5.949680209159851074e-01 9.490182995796203613e-01 8.642861843109130859e-01 2.522889971733093262e-01 5.295330286026000977e-01
2.348050028085708618e-01 4.687714874744415283e-01 4.065220057964324951e-01 5.683224797248840332e-01 5.772629976272583008e-01 8.958390951156616211e-01 9.050332941114902496e-03 2.881045937538146973e-01 4.337554275989532471e-01 2.653861939907073975e-01 2.209530472755432129e-01 6.805359721183776855e-01 5.310162901878356934e-01 5.750391483306884766e-01
5.042399764060974121e-01 5.460306406021118164e-01 3.173842430114746094e-01 4.460699856281280518e-02 1.886049956083297729e-01 3.385950624942779541e-01 2.417206615209579468e-01 4.627836048603057861e-01 5.883135199546813965e-01 4.216257333755493164e-01 2.909282743930816650e-01 1.820566952228546143e-01 5.862823128700256348e-01 3.966114521026611328e-01
4.230799973011016846e-01 2.075424939393997192e-01 8.884797692298889160e-01 9.746000170707702637e-01 2.355517446994781494e-01 3.698284924030303955e-02 6.934890151023864746e-01 5.833868384361267090e-01 1.640991717576980591e-01 8.055149912834167480e-01 6.496905088424682617e-01 3.220482468605041504e-01 5.533728003501892090e-01 6.411545276641845703e-01
4.607700109481811523e-01 6.909419894218444824e-01 2.075355052947998047e-01 1.256304979324340820e-01 2.222524955868721008e-02 9.653615951538085938e-01 1.263566687703132629e-02 5.003407001495361328e-01 5.691260099411010742e-01 6.737084686756134033e-02 1.264918744564056396e-01 1.477210074663162231e-01 6.915356516838073730e-01 5.943817496299743652e-01
1.846799999475479126e-01 2.617383301258087158e-01 2.309805005788803101e-01 9.274799823760986328e-01 9.879457354545593262e-01 4.429368674755096436e-01 2.389683276414871216e-01 1.706318557262420654e-01 4.411910772323608398e-01 6.886025071144104004e-01 7.449047565460205078e-01 9.393530488014221191e-01 5.462558269500732422e-01 3.500578701496124268e-01
9.029974937438964844e-01 7.182543277740478516e-01 9.779687523841857910e-01 6.457449793815612793e-01 4.487267434597015381e-01 2.561476826667785645e-01 5.153610110282897949e-01 9.618011116981506348e-01 5.655522346496582031e-01 6.120709180831909180e-01 7.725564241409301758e-01 5.550112724304199219e-01 3.842822611331939697e-01 5.265040993690490723e-01
7.950249910354614258e-01 2.651005089282989502e-01 3.792105019092559814e-01 3.664187490940093994e-01 2.777024917304515839e-02 8.041145205497741699e-01 5.173866823315620422e-02 7.739673256874084473e-01 2.403785139322280884e-01 6.056742072105407715e-01 3.390566110610961914e-01 8.118259906768798828e-02 6.139771342277526855e-01 7.055908441543579102e-01
7.200924754142761230e-01 6.290853619575500488e-01 2.440380007028579712e-01 8.746700286865234375e-01 2.886202633380889893e-01 2.409722208976745605e-01 7.121522426605224609e-01 7.827336192131042480e-01 6.867645382881164551e-01 4.627940654754638672e-01 7.103230953216552734e-01 2.724160254001617432e-01 3.573750555515289307e-01 5.037009119987487793e-01
6.604024767875671387e-01 5.520806908607482910e-01 1.976650059223175049e-01 5.468050241470336914e-01 7.294767498970031738e-01 2.567810118198394775e-01 3.067276775836944580e-01 7.236058115959167480e-01 4.707794487476348877e-01 3.062768876552581787e-01 4.578640460968017578e-01 7.776294946670532227e-01 4.838724434375762939e-01 5.627000331878662109e-01
5.845299959182739258e-01 5.024005174636840820e-01 5.960550159215927124e-02 5.587199926376342773e-01 7.998805046081542969e-01 2.497517168521881104e-01 8.461248874664306641e-01 5.768874287605285645e-01 5.798485875129699707e-01 1.885881572961807251e-01 7.036774754524230957e-01 7.069209218025207520e-01 4.324834346771240234e-01 6.858437061309814453e-01
2.109874933958053589e-01 3.102098405361175537e-01 9.499765038490295410e-01 6.934400200843811035e-01 4.320695102214813232e-01 6.305950284004211426e-01 5.644566565752029419e-02 2.485290169715881348e-01 3.042300343513488770e-01 7.906337976455688477e-01 6.651175022125244141e-01 5.143508315086364746e-01 4.774829745292663574e-01 4.820603430271148682e-01
7.150800228118896484e-01 8.301686644554138184e-01 4.359725117683410645e-02 5.758200287818908691e-01 2.006862461566925049e-01 1.161189898848533630e-01 8.003533631563186646e-02 9.115556478500366211e-01 7.997491955757141113e-01 8.510195463895797729e-02 5.024227499961853027e-01 2.887711822986602783e-01 4.150305688381195068e-01 6.514598727226257324e-01
9.344500303268432617e-02 8.246390223503112793e-01 1.167600043118000031e-02 1.778327524662017822e-01 9.908980131149291992e-01 8.948116302490234375e-01 8.951359987258911133e-01 5.373676419258117676e-01 6.341960281133651733e-02 2.223040908575057983e-03 2.162345396072851145e-07 2.971455752849578857e-01 9.990270137786865234e-01 1.462986767292022705e-01
2.278950065374374390e-01 2.701878249645233154e-01 8.167317509651184082e-01 2.688019871711730957e-01 3.556947410106658936e-01 7.204294204711914062e-01 7.254894971847534180e-01 2.697872817516326904e-01 4.219684898853302002e-01 6.926200985908508301e-01 4.371496438980102539e-01 3.223695456981658936e-01 5.108832120895385742e-01 4.364936351776123047e-01
6.583349704742431641e-01 3.264728188514709473e-01 1.187812536954879761e-01 7.566974759101867676e-01 1.733645051717758179e-01 5.806132405996322632e-02 2.242893278598785400e-01 7.757069468498229980e-01 5.199074149131774902e-01 5.592226982116699219e-01 4.315366446971893311e-01 1.974873691797256470e-01 4.968559741973876953e-01 4.865344464778900146e-01
3.573524951934814453e-01 7.945241928100585938e-01 4.120052456855773926e-01 5.907149910926818848e-01 1.316515058279037476e-01 4.862984716892242432e-01 3.607630133628845215e-01 3.963490128517150879e-01 6.144416928291320801e-01 4.823084175586700439e-01 5.409048199653625488e-01 1.890946179628372192e-01 4.496388435363769531e-01 4.366239607334136963e-01
8.200749754905700684e-01 7.224956750869750977e-01 1.511770039796829224e-01 8.725875020027160645e-01 9.294349700212478638e-02 7.966803312301635742e-01 2.406066656112670898e-01 9.338064193725585938e-01 8.259189724922180176e-01 9.810756146907806396e-02 7.364745736122131348e-01 1.598052531480789185e-01 3.723914027214050293e-01 7.364041805267333984e-01
5.894650220870971680e-01 3.059833347797393799e-01 9.800674915313720703e-01 6.023649871349334717e-02 6.263322234153747559e-01 3.506629168987274170e-01 9.967294931411743164e-01 7.010526657104492188e-01 3.732150197029113770e-01 4.646467566490173340e-01 1.934673637151718140e-01 4.950096607208251953e-01 5.639486908912658691e-01 5.010026693344116211e-01
2.835524976253509521e-01 5.806431770324707031e-01 7.767390012741088867e-01 3.403862416744232178e-01 7.757524847984313965e-01 5.984021425247192383e-01 8.145532608032226562e-01 2.761660814285278320e-01 3.635823428630828857e-01 5.571681857109069824e-01 6.049336791038513184e-01 7.946565747261047363e-01 5.495313405990600586e-01 5.024310946464538574e-01
2.300074994564056396e-01 2.309174984693527222e-01 1.778027564287185669e-01 9.720525145530700684e-01 8.243255019187927246e-01 7.854171991348266602e-01 3.945566713809967041e-02 2.317973822355270386e-01 3.845229446887969971e-01 6.261100172996520996e-01 5.188681483268737793e-01 8.405689001083374023e-01 5.706198215484619141e-01 4.012912213802337646e-01
1.273124963045120239e-01 7.709988355636596680e-01 4.146134853363037109e-01 4.783332645893096924e-01 7.650122642517089844e-01 8.094534277915954590e-01 2.294789999723434448e-01 1.167366802692413330e-01 6.469622254371643066e-01 2.935605645179748535e-01 2.040722966194152832e-01 9.053894281387329102e-01 5.482923984527587891e-01 2.838743925094604492e-01
1.603450030088424683e-01 4.772489964962005615e-01 5.083774924278259277e-01 2.217237502336502075e-01 2.036637514829635620e-01 1.733391880989074707e-01 5.264546871185302734e-01 2.421732395887374878e-01 5.469399094581604004e-01 6.426135897636413574e-01 4.452970921993255615e-01 1.761431396007537842e-01 5.023673176765441895e-01 3.865289092063903809e-01
1.296599954366683960e-01 8.179334998130798340e-01 8.674707412719726562e-01 3.424082398414611816e-01 5.966734886169433594e-01 4.353565573692321777e-01 3.567116558551788330e-01 1.325846463441848755e-01 5.478535294532775879e-01 5.295667648315429688e-01 3.351328372955322266e-01 7.512552738189697266e-01 5.132069587707519531e-01 3.901333510875701904e-01
5.148000121116638184e-01 5.276113152503967285e-01 5.315815210342407227e-01 7.549625039100646973e-01 7.891342639923095703e-01 4.996017217636108398e-01 4.286783337593078613e-01 6.008558869361877441e-01 3.633827567100524902e-01 5.636066198348999023e-01 6.736854910850524902e-01 8.201378583908081055e-01 5.302498340606689453e-01 4.740305542945861816e-01
2.546899914741516113e-01 6.588641405105590820e-01 7.113894820213317871e-01 4.453882575035095215e-01 9.876109957695007324e-01 5.839528441429138184e-01 4.804230034351348877e-01 1.948922127485275269e-01 5.859941244125366211e-01 5.873550176620483398e-01 6.176411509513854980e-01 9.286620616912841797e-01 4.626611769199371338e-01 3.228297531604766846e-01
6.304600238800048828e-01 8.039690256118774414e-01 5.488107204437255859e-01 8.638550043106079102e-01 2.094790041446685791e-01 3.660223186016082764e-01 6.302996873855590820e-01 6.074203252792358398e-01 6.823325753211975098e-01 5.157138705253601074e-01 7.368785738945007324e-01 1.875560879707336426e-01 3.400197029113769531e-01 4.671864807605743408e-01
8.928250074386596680e-01 6.331884860992431641e-01 6.923774629831314087e-02 6.272025108337402344e-01 7.100824713706970215e-01 3.864969685673713684e-02 1.473219990730285645e-01 9.095308184623718262e-01 5.965464115142822266e-01 2.989656925201416016e-01 4.217689037322998047e-01 7.432450056076049805e-01 4.406012892723083496e-01 5.156943202018737793e-01
2.492749989032745361e-01 3.395016789436340332e-01 9.761327505111694336e-01 7.911350131034851074e-01 7.301447391510009766e-01 1.139335334300994873e-01 5.010323524475097656e-01 3.280923068523406982e-01 2.529187202453613281e-01 8.031870126724243164e-01 8.317357897758483887e-01 7.640347480773925781e-01 5.129370689392089844e-01 4.671240448951721191e-01
9.387249946594238281e-01 8.042399883270263672e-01 2.096630036830902100e-01 4.798382520675659180e-01 6.542680263519287109e-01 8.151321411132812500e-01 8.926816582679748535e-01 8.554991483688354492e-01 6.014965772628784180e-01 1.628188341856002808e-01 4.545841217041015625e-01 6.380979418754577637e-01 4.360238015651702881e-01 6.589406728744506836e-01
4.578525125980377197e-01 5.847293138504028320e-01 7.017765045166015625e-01 7.578824758529663086e-01 3.888577520847320557e-01 2.122800052165985107e-01 5.813996791839599609e-01 4.869337379932403564e-01 5.300194025039672852e-01 6.439998149871826172e-01 6.227487921714782715e-01 3.607160747051239014e-01 3.929347097873687744e-01 3.982029855251312256e-01
8.003475069999694824e-01 7.701851725578308105e-01 3.302175179123878479e-02 4.927659928798675537e-01 8.164682388305664062e-01 6.835882663726806641e-01 4.476446807384490967e-01 6.192687153816223145e-01 3.542172908782958984e-01 4.264416992664337158e-01 1.620378643274307251e-01 8.254101872444152832e-01 5.547319054603576660e-01 4.258447587490081787e-01
4.601399898529052734e-01 4.738574922084808350e-01 6.792887449264526367e-01 2.801632583141326904e-01 7.813665270805358887e-01 9.392333030700683594e-02 8.295833319425582886e-02 5.728286504745483398e-01 5.406072139739990234e-01 4.119468033313751221e-01 3.576325476169586182e-01 7.835311293601989746e-01 4.698331654071807861e-01 4.158172905445098877e-01
1.074424982070922852e-01 3.771494925022125244e-01 7.191944718360900879e-01 7.471150159835815430e-01 2.170749939978122711e-02 7.507810741662979126e-02 2.692546546459197998e-01 2.176986932754516602e-01 3.742582201957702637e-01 7.217843532562255859e-01 6.826058030128479004e-01 6.375014781951904297e-02 4.699843525886535645e-01 5.611343383789062500e-01
9.990050196647644043e-01 5.127146840095520020e-01 9.860417246818542480e-01 5.404725074768066406e-01 3.357677459716796875e-01 5.072447657585144043e-01 9.573369026184082031e-01 9.466522336006164551e-01 2.557047605514526367e-01 7.066617608070373535e-01 7.635717391967773438e-01 2.928255200386047363e-01 5.147204399108886719e-01 7.364295721054077148e-01
5.692874789237976074e-01 3.641664981842041016e-01 4.404575005173683167e-02 2.932477593421936035e-01 7.343674898147583008e-01 8.351206779479980469e-01 5.881213545799255371e-01 4.406181871891021729e-01 5.404112339019775391e-01 2.641436159610748291e-01 2.699378430843353271e-01 6.849189996719360352e-01 4.874576628208160400e-01 4.970002770423889160e-01
9.462050199508666992e-01 7.097793221473693848e-01 6.410150229930877686e-02 5.055100098252296448e-02 8.329324722290039062e-01 5.335791110992431641e-01 2.920666709542274475e-02 6.987689733505249023e-01 3.946997821331024170e-01 2.631699144840240479e-01 1.061471700668334961e-01 8.166534900665283203e-01 5.274009108543395996e-01 4.718101918697357178e-01
5.125675201416015625e-01 4.163959920406341553e-01 5.872799754142761230e-01 2.694250047206878662e-01 3.810920119285583496e-01 3.192329406738281250e-01 9.232103228569030762e-01 5.462785363197326660e-01 3.614209592342376709e-01 6.219774484634399414e-01 3.429180681705474854e-01 3.709926307201385498e-01 5.584357380867004395e-01 4.942243397235870361e-01
8.343725204467773438e-01 3.567225039005279541e-01 3.462055027484893799e-01 2.709662616252899170e-01 5.576955080032348633e-01 5.698230266571044922e-01 3.428686559200286865e-01 7.351067066192626953e-01 4.545134305953979492e-01 5.301241874694824219e-01 3.292803168296813965e-01 6.225872039794921875e-01 5.113337039947509766e-01 4.129696488380432129e-01
3.754124939441680908e-01 2.484951615333557129e-01 7.552425265312194824e-01 4.752200096845626831e-02 3.857149928808212280e-02 6.431712210178375244e-02 2.445866726338863373e-02 5.359959006309509277e-01 2.446614950895309448e-01 6.508240699768066406e-01 1.407392621040344238e-01 1.203532218933105469e-01 7.117418646812438965e-01 5.603812932968139648e-01
4.084574878215789795e-01 6.180608272552490234e-01 3.825857639312744141e-01 8.722050189971923828e-01 1.769222468137741089e-01 1.333686858415603638e-01 4.080550074577331543e-01 4.270682632923126221e-01 6.273717880249023438e-01 5.670670270919799805e-01 6.405111551284790039e-01 1.865736097097396851e-01 3.826005160808563232e-01 4.102095067501068115e-01
9.787524938583374023e-01 7.449914813041687012e-01 1.564114987850189209e-01 7.188100218772888184e-01 2.347587496042251587e-01 3.354709148406982422e-01 4.972899854183197021e-01 9.713116884231567383e-01 7.807748913764953613e-01 2.199811488389968872e-01 7.158884406089782715e-01 3.309222459793090820e-01 3.374668061733245850e-01 6.699256896972656250e-01
9.896900057792663574e-01 2.589834928512573242e-01 7.421312332153320312e-01 1.558222472667694092e-01 3.830427527427673340e-01 2.802073657512664795e-01 7.003238201141357422e-01 9.382918477058410645e-01 3.499287366867065430e-01 6.654465198516845703e-01 4.082397222518920898e-01 4.180301725864410400e-01 5.329043269157409668e-01 5.167484879493713379e-01
9.590499848127365112e-02 2.065878361463546753e-01 6.852045059204101562e-01 2.571699954569339752e-02 2.914957404136657715e-01 1.648150533437728882e-01 3.167396783828735352e-01 1.655379235744476318e-01 4.612669348716735840e-01 7.457401156425476074e-01 3.527139723300933838e-01 2.357862293720245361e-01 5.589686036109924316e-01 3.782581388950347900e-01
6.131625175476074219e-01 4.749718308448791504e-01 3.819245100021362305e-01 1.858370006084442139e-01 3.634767532348632812e-01 1.171581819653511047e-01 9.493951201438903809e-01 6.466380953788757324e-01 5.490151047706604004e-01 4.093820452690124512e-01 3.112106621265411377e-01 2.597945332527160645e-01 5.479798913002014160e-01 4.629353880882263184e-01
9.736800193786621094e-01 7.716458439826965332e-01 7.264492511749267578e-01 8.905249834060668945e-01 8.283074945211410522e-02 6.781982779502868652e-01 9.896979331970214844e-01 9.717926979064941406e-01 4.958499968051910400e-01 3.004239201545715332e-01 9.824677109718322754e-01 4.864339530467987061e-02 3.484086394309997559e-01 9.489622712135314941e-01
2.936399877071380615e-01 8.284123539924621582e-01 1.767257452011108398e-01 3.241627514362335205e-01 6.096750032156705856e-03 8.174892067909240723e-01 4.643380045890808105e-01 3.031685054302215576e-01 6.252942681312561035e-01 1.415525078773498535e-01 3.126650750637054443e-01 1.135339066386222839e-01 6.458209156990051270e-01 5.501244664192199707e-01
7.961149811744689941e-01 7.080058455467224121e-01 5.146562457084655762e-01 3.924799859523773193e-01 1.429699957370758057e-01 5.741235613822937012e-01 2.478723376989364624e-01 7.914075255393981934e-01 5.634202361106872559e-01 4.824629127979278564e-01 4.393263459205627441e-01 1.745782941579818726e-01 4.909670352935791016e-01 5.072851777076721191e-01
1.054999977350234985e-02 2.239131629467010498e-01 3.946699947118759155e-02 7.404350042343139648e-01 4.757987558841705322e-01 4.501295089721679688e-01 3.280213475227355957e-01 3.369341418147087097e-02 5.708102583885192871e-01 3.045085668563842773e-01 7.676195502281188965e-01 3.091226816177368164e-01 4.989272654056549072e-01 7.008417248725891113e-01
4.019599854946136475e-01 4.681201577186584473e-01 5.185887217521667480e-01 3.967222571372985840e-01 2.856342494487762451e-01 2.351643443107604980e-01 5.484333261847496033e-02 4.236854612827301025e-01 5.638107657432556152e-01 6.281284093856811523e-01 5.528106689453125000e-01 2.774461805820465088e-01 4.100982844829559326e-01 3.704536259174346924e-01
3.322325050830841064e-01 2.905186712741851807e-01 5.480072498321533203e-01 1.796622574329376221e-01 2.730477452278137207e-01 3.844264745712280273e-01 2.271506637334823608e-01 4.141426980495452881e-01 3.976345360279083252e-01 6.672528386116027832e-01 2.837230265140533447e-01 3.334951698780059814e-01 5.827704071998596191e-01 4.156388938426971436e-01
7.283574938774108887e-01 4.995933473110198975e-01 9.743447303771972656e-01 5.643349885940551758e-01 9.430424869060516357e-02 2.291136384010314941e-01 4.061503410339355469e-01 8.268496394157409668e-01 2.169411629438400269e-01 7.245790362358093262e-01 6.809815764427185059e-01 1.799497008323669434e-01 5.309637188911437988e-01 7.354482412338256836e-01
3.022249974310398102e-02 8.012443184852600098e-01 2.762752473354339600e-01 9.072750210762023926e-01 8.655869960784912109e-01 2.819007039070129395e-01 8.110892772674560547e-01 2.631236612796783447e-02 8.090069890022277832e-01 3.616366386413574219e-01 7.942819595336914062e-01 8.979684114456176758e-01 2.914990186691284180e-01 4.828146994113922119e-01
4.696300029754638672e-01 4.770318269729614258e-01 2.342477440834045410e-01 6.218550205230712891e-01 6.523000001907348633e-01 6.298855543136596680e-01 7.620885372161865234e-01 4.647032916545867920e-01 5.192918777465820312e-01 2.548203170299530029e-01 6.157696247100830078e-01 6.373922228813171387e-01 4.623047113418579102e-01 6.427152752876281738e-01
1.612049937248229980e-01 5.763425230979919434e-01 3.787595033645629883e-01 5.721250083297491074e-03 9.230124950408935547e-02 4.511150419712066650e-01 7.053154706954956055e-01 2.056176066398620605e-01 5.516970157623291016e-01 4.772037267684936523e-01 3.451310098171234131e-01 1.274127066135406494e-01 6.106246113777160645e-01 4.512531459331512451e-01
3.502100110054016113e-01 7.765131592750549316e-01 6.881800293922424316e-01 3.636339902877807617e-01 8.593627214431762695e-01 3.328514099121093750e-01 4.697066545486450195e-02 3.537984490394592285e-01 5.285433530807495117e-01 5.460475087165832520e-01 3.811209499835968018e-01 8.881567716598510742e-01 5.031173229217529297e-01 3.096814155578613281e-01
6.050000083632767200e-04 7.626801729202270508e-01 1.937910020351409912e-01 3.050400018692016602e-01 6.250527501106262207e-01 2.081033401191234589e-02 1.950639933347702026e-01 3.296800330281257629e-02 7.816852331161499023e-01 1.226252391934394836e-01 4.611881375312805176e-01 7.614549994468688965e-01 4.561251103878021240e-01 4.792644679546356201e-01
1.854500025510787964e-01 5.628830194473266602e-01 6.402184963226318359e-01 5.429524779319763184e-01 1.928279995918273926e-01 6.183912158012390137e-01 1.686686724424362183e-01 2.131786346435546875e-01 5.639268159866333008e-01 6.570023894309997559e-01 6.196709871292114258e-01 1.976753473281860352e-01 4.225204586982727051e-01 4.180264174938201904e-01
3.797174990177154541e-01 5.381131768226623535e-01 6.721325218677520752e-02 9.782674908638000488e-01 8.998700231313705444e-02 1.812971681356430054e-01 7.579989433288574219e-01 3.317102193832397461e-01 7.012192606925964355e-01 2.214740961790084839e-01 8.240303397178649902e-01 6.901463866233825684e-02 4.187767207622528076e-01 6.755433678627014160e-01
6.785500049591064453e-02 4.845878481864929199e-01 6.473990082740783691e-01 4.905947446823120117e-01 6.207522749900817871e-01 5.877266526222229004e-01 8.716626763343811035e-01 6.203167513012886047e-02 3.893061280250549316e-01 6.622857451438903809e-01 4.538136720657348633e-01 6.247227191925048828e-01 5.727100372314453125e-01 5.270128250122070312e-01
6.536999940872192383e-01 7.963485121726989746e-01 3.102704882621765137e-01 3.385882377624511719e-01 7.562675327062606812e-02 6.894685626029968262e-01 2.459886670112609863e-01 5.539355874061584473e-01 6.635504364967346191e-01 2.253334373235702515e-01 3.751402795314788818e-01 9.957490861415863037e-02 5.649107694625854492e-01 5.150704383850097656e-01
7.839974761009216309e-01 6.847231388092041016e-01 9.321847558021545410e-01 5.138474702835083008e-01 5.224184989929199219e-01 1.092814132571220398e-01 5.771400034427642822e-02 9.268593192100524902e-01 6.376343369483947754e-01 5.738836526870727539e-01 6.929270625114440918e-01 6.226284503936767578e-01 3.676339983940124512e-01 4.073662459850311279e-01
7.114524841308593750e-01 4.557936787605285645e-01 8.566035032272338867e-01 3.952212631702423096e-01 1.785677522420883179e-01 1.392757594585418701e-01 8.132915496826171875e-01 9.230706691741943359e-01 3.522641956806182861e-01 5.524834990501403809e-01 4.554881155490875244e-01 1.938228160142898560e-01 5.313709974288940430e-01 6.785014271736145020e-01
3.237150013446807861e-01 7.159793376922607422e-01 1.005389988422393799e-01 6.957774758338928223e-01 1.091347485780715942e-01 4.382783770561218262e-01 9.614337086677551270e-01 2.654493153095245361e-01 6.385521888732910156e-01 1.546311974525451660e-01 7.576107978820800781e-01 6.130557879805564880e-02 5.134800076484680176e-01 7.247574329376220703e-01
1.082000043243169785e-02 3.419238328933715820e-01 4.377020001411437988e-01 8.892924785614013672e-01 5.936357378959655762e-01 7.624922990798950195e-01 4.675876796245574951e-01 1.999078504741191864e-02 5.589580535888671875e-01 6.904300451278686523e-01 7.737189531326293945e-01 4.726015329360961914e-01 4.179378151893615723e-01 5.782638192176818848e-01
1.198749989271163940e-01 1.930444985628128052e-01 4.237470030784606934e-01 5.512275099754333496e-01 4.233910143375396729e-01 7.774043679237365723e-01 8.074880242347717285e-01 1.063247397541999817e-01 3.260536789894104004e-01 5.898054838180541992e-01 3.594193160533905029e-01 4.457215070724487305e-01 6.026939749717712402e-01 5.967136621475219727e-01
8.382124900817871094e-01 2.278251647949218750e-01 3.118360042572021484e-01 9.864724874496459961e-01 7.571529746055603027e-01 6.595295071601867676e-01 2.587586641311645508e-01 8.852913975715637207e-01 3.466970324516296387e-01 5.121223926544189453e-01 6.133098602294921875e-01 8.181952238082885742e-01 5.473672747611999512e-01 5.131468772888183594e-01
8.591175079345703125e-01 5.583998560905456543e-01 7.405387759208679199e-01 9.984325170516967773e-01 9.162707328796386719e-01 5.616476535797119141e-01 1.942483335733413696e-01 8.304343223571777344e-01 4.741370975971221924e-01 7.350578904151916504e-01 9.115360975265502930e-01 8.780574798583984375e-01 3.835901319980621338e-01 3.893093764781951904e-01
7.479599714279174805e-01 5.665491819381713867e-01 7.101727724075317383e-01 7.723100185394287109e-01 7.363087534904479980e-01 6.686838343739509583e-03 9.829679727554321289e-01 8.609438538551330566e-01 4.234586060047149658e-01 5.015698671340942383e-01 6.590738892555236816e-01 6.975529789924621582e-01 4.950845837593078613e-01 5.637338161468505859e-01
8.472200036048889160e-01 6.925031542778015137e-01 6.675930023193359375e-01 2.746407389640808105e-01 6.465049982070922852e-01 7.138845324516296387e-01 1.416393369436264038e-01 7.971299886703491211e-01 3.906776905059814453e-01 5.278193950653076172e-01 2.919899523258209229e-01 7.255375981330871582e-01 5.375927090644836426e-01 4.129146039485931396e-01
8.694875240325927734e-01 2.670600116252899170e-01 5.435670018196105957e-01 9.548774957656860352e-01 6.288930177688598633e-01 1.880181767046451569e-02 5.377519726753234863e-01 9.309917688369750977e-01 3.917300701141357422e-01 7.192993760108947754e-01 7.633544802665710449e-01 7.255023121833801270e-01 4.734742045402526855e-01 4.452716410160064697e-01
8.184524774551391602e-01 5.098446607589721680e-01 3.618807494640350342e-01 5.049499869346618652e-01 9.765369892120361328e-01 4.842854440212249756e-01 1.008686646819114685e-01 8.000352978706359863e-01 5.419870018959045410e-01 4.685655832290649414e-01 4.261029064655303955e-01 8.938989639282226562e-01 4.814189672470092773e-01 3.454352021217346191e-01
6.887875199317932129e-01 5.009821653366088867e-01 9.786687493324279785e-01 8.401049971580505371e-01 1.593152433633804321e-01 5.691913366317749023e-01 4.916306734085083008e-01 8.009699583053588867e-01 2.244818359613418579e-01 7.683916687965393066e-01 7.263014912605285645e-01 2.493268251419067383e-01 5.067352652549743652e-01 6.785669922828674316e-01
8.685075044631958008e-01 3.732748329639434814e-01 5.324750021100044250e-02 8.739025145769119263e-02 7.764207720756530762e-01 7.720675468444824219e-01 1.181726679205894470e-01 5.898551344871520996e-01 3.191798925399780273e-01 5.140658020973205566e-01 1.258785277605056763e-01 7.349574565887451172e-01 5.903509259223937988e-01 4.175705313682556152e-01
4.654724895954132080e-01 7.145683169364929199e-01 9.236549735069274902e-01 9.141724705696105957e-01 9.999439716339111328e-01 8.688085675239562988e-01 3.256933391094207764e-01 3.799139261245727539e-01 6.175026297569274902e-01 6.877936124801635742e-01 9.356271028518676758e-01 9.341727495193481445e-01 3.078750073909759521e-01 3.791736066341400146e-01
3.882024884223937988e-01 2.249021679162979126e-01 6.726797223091125488e-01 9.212700128555297852e-01 6.600842475891113281e-01 5.994726419448852539e-01 2.185086607933044434e-01 3.800370097160339355e-01 2.081228494644165039e-01 8.231558799743652344e-01 8.318557143211364746e-01 6.979368925094604492e-01 5.188574194908142090e-01 5.081218481063842773e-01
8.545100092887878418e-01 1.865468323230743408e-01 4.294509887695312500e-01 3.852124884724617004e-02 9.541937708854675293e-01 6.946763396263122559e-01 9.607631564140319824e-01 6.961261034011840820e-01 2.847490012645721436e-01 4.359781146049499512e-01 2.204810976982116699e-01 7.467883825302124023e-01 5.692625641822814941e-01 5.360382199287414551e-01
1.163650006055831909e-01 1.746608316898345947e-01 4.296999890357255936e-03 4.177134931087493896e-01 8.018767237663269043e-01 3.047472834587097168e-01 9.961749315261840820e-01 1.614333689212799072e-01 4.079145193099975586e-01 1.613917946815490723e-01 3.003806173801422119e-01 5.409535169601440430e-01 5.746335387229919434e-01 7.050186991691589355e-01
8.712500333786010742e-02 7.882406711578369141e-01 7.140462398529052734e-01 1.379500026814639568e-03 6.514160037040710449e-01 2.708978652954101562e-01 5.187039971351623535e-01 8.986290544271469116e-02 6.150114536285400391e-01 4.513530731201171875e-01 3.249567747116088867e-01 8.257970809936523438e-01 5.170288681983947754e-01 3.480989038944244385e-01
2.172224968671798706e-01 5.670261383056640625e-01 8.740835189819335938e-01 9.835324883460998535e-01 9.697797298431396484e-01 9.299288988113403320e-01 4.750596582889556885e-01 2.090726643800735474e-01 3.721117675304412842e-01 7.864210605621337891e-01 8.747007846832275391e-01 9.651852250099182129e-01 5.515225529670715332e-01 3.183661997318267822e-01
2.747524976730346680e-01 4.975263476371765137e-01 8.729619979858398438e-01 3.200152516365051270e-01 1.671745032072067261e-01 9.622840285301208496e-01 2.091399952769279480e-02 3.282652497291564941e-01 4.953769445419311523e-01 6.412362456321716309e-01 4.333135485649108887e-01 2.147490978240966797e-01 5.014494061470031738e-01 4.071772098541259766e-01
3.762800097465515137e-01 8.059863448143005371e-01 1.387477517127990723e-01 2.094494998455047607e-01 1.654900014400482178e-01 3.098854422569274902e-01 2.032603323459625244e-01 3.865294158458709717e-01 6.815128326416015625e-01 1.642762273550033569e-01 4.534643888473510742e-01 2.187689095735549927e-01 5.276693105697631836e-01 5.516943931579589844e-01
4.933525025844573975e-01 5.632424950599670410e-01 1.024167463183403015e-01 1.759937554597854614e-01 6.387232542037963867e-01 7.545805722475051880e-02 4.333550035953521729e-01 5.938094854354858398e-01 5.321374535560607910e-01 1.905701309442520142e-01 2.182541340589523315e-01 6.943218708038330078e-01 4.910084307193756104e-01 5.361898541450500488e-01
9.829350113868713379e-01 3.746449947357177734e-01 9.703660011291503906e-01 3.057560026645660400e-01 1.359799951314926147e-01 4.218601882457733154e-01 7.304794192314147949e-01 9.510160088539123535e-01 2.349177896976470947e-01 6.682444214820861816e-01 7.636358737945556641e-01 1.614871472120285034e-01 5.197641849517822266e-01 8.141852617263793945e-01
6.188449859619140625e-01 5.189481377601623535e-01 3.525849878787994385e-01 8.595125079154968262e-01 5.185905098915100098e-01 4.202641546726226807e-01 5.668493509292602539e-01 5.761535167694091797e-01 5.728269815444946289e-01 5.185208916664123535e-01 7.145910859107971191e-01 5.038453936576843262e-01 3.896997272968292236e-01 4.972804486751556396e-01
8.877524733543395996e-01 3.704864978790283203e-01 5.168349742889404297e-01 2.478089928627014160e-01 9.211695194244384766e-01 1.083711087703704834e-01 9.128556847572326660e-01 8.344532251358032227e-01 4.066408872604370117e-01 4.362115859985351562e-01 4.439157247543334961e-01 7.760647535324096680e-01 5.189751982688903809e-01 5.034748911857604980e-01
5.394625067710876465e-01 8.329550027847290039e-01 5.108607411384582520e-01 7.276574969291687012e-01 1.189334988594055176e-01 7.641900181770324707e-01 8.888747096061706543e-01 3.857978880405426025e-01 6.521017551422119141e-01 3.669677376747131348e-01 6.945260763168334961e-01 6.579043716192245483e-02 4.384475350379943848e-01 5.711436867713928223e-01
3.180250152945518494e-02 7.218379974365234375e-01 9.587252736091613770e-01 2.770459949970245361e-01 7.545252442359924316e-01 6.614540219306945801e-01 9.784497022628784180e-01 5.555939301848411560e-02 5.298255681991577148e-01 5.890734195709228516e-01 2.803869545459747314e-01 7.172905206680297852e-01 6.073638200759887695e-01 3.684277534484863281e-01
2.685999870300292969e-01 5.368841886520385742e-01 8.944802284240722656e-01 6.346200108528137207e-01 9.493020176887512207e-01 5.007363557815551758e-01 4.035049974918365479e-01 2.749727368354797363e-01 3.672622740268707275e-01 7.405357360839843750e-01 7.993962764739990234e-01 9.510205388069152832e-01 5.705612897872924805e-01 3.264309465885162354e-01
1.575350016355514526e-01 6.255918145179748535e-01 1.574977487325668335e-01 5.649824738502502441e-01 7.685635089874267578e-01 6.339190006256103516e-01 4.013906717300415039e-01 1.082019507884979248e-01 6.150628328323364258e-01 4.281328916549682617e-01 3.781226873397827148e-01 8.528833985328674316e-01 4.783170521259307861e-01 3.876561522483825684e-01
5.224025249481201172e-01 4.322568476200103760e-01 6.634207367897033691e-01 4.510720074176788330e-01 8.104677796363830566e-01 8.045186996459960938e-01 7.513083815574645996e-01 6.097842454910278320e-01 4.575859308242797852e-01 4.031782150268554688e-01 4.182853996753692627e-01 7.670698761940002441e-01 4.952723979949951172e-01 4.917693734169006348e-01
9.055874943733215332e-01 1.840863376855850220e-01 8.910890221595764160e-01 1.287205070257186890e-01 8.489427566528320312e-01 4.367410242557525635e-01 7.887333631515502930e-03 8.604021668434143066e-01 2.524186670780181885e-01 7.291411161422729492e-01 4.028793871402740479e-01 8.449460864067077637e-01 6.267204284667968750e-01 3.159827589988708496e-01
1.682250015437602997e-02 4.826410114765167236e-01 3.107782602310180664e-01 8.287500143051147461e-01 2.228614985942840576e-01 3.730318248271942139e-01 3.581836521625518799e-01 3.178195282816886902e-02 5.891669392585754395e-01 5.956229567527770996e-01 7.426739335060119629e-01 1.990934014320373535e-01 4.607180058956146240e-01 5.759578347206115723e-01
1.452350020408630371e-01 2.947070002555847168e-01 8.519030213356018066e-01 5.769425034523010254e-01 9.356219768524169922e-01 5.208479762077331543e-01 8.309633284807205200e-02 1.558243185281753540e-01 2.504829764366149902e-01 8.530555367469787598e-01 6.634902954101562500e-01 9.377816915512084961e-01 6.536156535148620605e-01 2.817735671997070312e-01
3.226025104522705078e-01 3.150648474693298340e-01 9.821705222129821777e-01 5.455675125122070312e-01 2.204914987087249756e-01 1.838484853506088257e-01 7.672530412673950195e-01 4.557684659957885742e-01 2.489319443702697754e-01 7.484359741210937500e-01 4.387259483337402344e-01 2.931795120239257812e-01 5.677508711814880371e-01 5.541961789131164551e-01
2.784225046634674072e-01 3.812474906444549561e-01 5.932279825210571289e-01 7.508674860000610352e-01 9.752567410469055176e-01 1.540065705776214600e-01 8.401580452919006348e-01 3.431481420993804932e-01 3.750981688499450684e-01 7.593889236450195312e-01 7.628107070922851562e-01 8.791723251342773438e-01 5.059503316879272461e-01 3.394705057144165039e-01
6.710850000381469727e-01 5.228783488273620605e-01 9.211354851722717285e-01 2.571627497673034668e-01 2.536947429180145264e-01 4.100290834903717041e-01 1.204989999532699585e-01 7.957982420921325684e-01 3.558754622936248779e-01 6.693012714385986328e-01 2.807816863059997559e-01 3.619915246963500977e-01 5.753445625305175781e-01 4.470150172710418701e-01
3.228850066661834717e-01 5.113161802291870117e-01 3.893330097198486328e-01 9.227899909019470215e-01 9.600402712821960449e-01 7.508868575096130371e-01 8.219360113143920898e-01 2.585281431674957275e-01 5.557776689529418945e-01 5.197721123695373535e-01 8.474391698837280273e-01 8.863698840141296387e-01 4.221374392509460449e-01 4.898525774478912354e-01
7.842149734497070312e-01 5.425714850425720215e-01 5.808727741241455078e-01 8.659374713897705078e-01 4.200485050678253174e-01 6.716425418853759766e-01 1.662096679210662842e-01 8.671797513961791992e-01 4.426927566528320312e-01 6.586644649505615234e-01 5.956404209136962891e-01 5.443977713584899902e-01 4.599605202674865723e-01 4.544203579425811768e-01
2.727425098419189453e-01 5.918290019035339355e-01 6.732637286186218262e-01 2.017027437686920166e-01 1.265400052070617676e-01 3.164752423763275146e-01 7.070636153221130371e-01 3.377155661582946777e-01 5.476527810096740723e-01 6.211936473846435547e-01 4.486266672611236572e-01 1.276243329048156738e-01 4.972351789474487305e-01 3.946364820003509521e-01
1.921225041151046753e-01 2.474090009927749634e-01 4.707824885845184326e-01 6.712849736213684082e-01 6.054934859275817871e-01 6.148803830146789551e-01 2.641516625881195068e-01 2.291947305202484131e-01 3.381587862968444824e-01 7.023258805274963379e-01 5.421437621116638184e-01 6.494092345237731934e-01 5.422486066818237305e-01 4.612861275672912598e-01
5.774924755096435547e-01 4.571650028228759766e-01 1.816727519035339355e-01 2.390747517347335815e-01 7.880027294158935547e-01 5.546672940254211426e-01 4.587976634502410889e-01 5.657528042793273926e-01 5.577475428581237793e-01 2.146624326705932617e-01 3.373174667358398438e-01 7.786422371864318848e-01 4.614407122135162354e-01 5.379900932312011719e-01
2.270675003528594971e-01 4.621528387069702148e-01 6.680135130882263184e-01 1.053114980459213257e-01 7.079409956932067871e-01 3.282281756401062012e-02 6.169936656951904297e-01 2.841521799564361572e-01 3.685880601406097412e-01 5.336109995841979980e-01 2.140450477600097656e-01 7.410036921501159668e-01 5.595235228538513184e-01 4.543647766113281250e-01
7.196249812841415405e-02 5.656688213348388672e-01 1.642412543296813965e-01 6.399149894714355469e-01 1.105867475271224976e-01 2.513264715671539307e-01 8.627570271492004395e-01 1.078704521059989929e-01 5.958839058876037598e-01 3.094267845153808594e-01 5.619515180587768555e-01 9.558470547199249268e-02 5.744101405143737793e-01 5.862395167350769043e-01
9.548624753952026367e-01 5.085926651954650879e-01 6.618109941482543945e-01 8.490800261497497559e-01 1.169777512550354004e-01 8.345202207565307617e-01 7.366126179695129395e-01 9.639883041381835938e-01 3.518749773502349854e-01 5.688536167144775391e-01 8.807580471038818359e-01 1.591449081897735596e-01 4.463561773300170898e-01 8.439753055572509766e-01
1.063200011849403381e-01 4.576808214187622070e-01 2.677645087242126465e-01 1.285899989306926727e-02 5.528457760810852051e-01 3.839001059532165527e-01 9.660271406173706055e-01 1.259479969739913940e-01 4.876340627670288086e-01 3.301369249820709229e-01 1.708968728780746460e-01 4.161204993724822998e-01 6.574938893318176270e-01 4.906518459320068359e-01
5.823550224304199219e-01 6.654400229454040527e-01 9.524442553520202637e-01 1.992249935865402222e-01 2.687554955482482910e-01 3.068950474262237549e-01 4.188809990882873535e-01 5.927616953849792480e-01 4.364817440509796143e-01 6.750965714454650879e-01 3.600064516067504883e-01 3.297365903854370117e-01 5.270981788635253906e-01 3.855415880680084229e-01
5.701324939727783203e-01 5.879386663436889648e-01 9.124447703361511230e-01 4.478504955768585205e-01 5.956705212593078613e-01 5.426297187805175781e-01 6.436336636543273926e-01 5.816754698753356934e-01 4.428461492061614990e-01 5.814284682273864746e-01 5.455194115638732910e-01 6.118975877761840820e-01 4.699361920356750488e-01 4.583603143692016602e-01
7.611874938011169434e-01 7.168396711349487305e-01 6.085849925875663757e-02 9.896025061607360840e-01 5.891697406768798828e-01 9.367044568061828613e-01 1.511013358831405640e-01 7.510326504707336426e-01 7.550725936889648438e-01 7.627557218074798584e-02 5.977441072463989258e-01 6.048691272735595703e-01 3.828611969947814941e-01 6.990545988082885742e-01
6.880224943161010742e-01 7.261505126953125000e-01 5.024064779281616211e-01 5.359575152397155762e-01 7.773067355155944824e-01 1.318297982215881348e-01 3.498750030994415283e-01 7.873845696449279785e-01 5.691598653793334961e-01 3.453890681266784668e-01 5.037020444869995117e-01 7.761318683624267578e-01 4.483329355716705322e-01 5.064653158187866211e-01
9.314125180244445801e-01 2.637443244457244873e-01 5.814767479896545410e-01 2.277624979615211487e-02 8.870834708213806152e-01 3.887223303318023682e-01 6.581820249557495117e-01 8.074926137924194336e-01 3.345172703266143799e-01 4.956500828266143799e-01 3.316571414470672607e-01 8.148659467697143555e-01 5.596079230308532715e-01 4.495520591735839844e-01
6.165524721145629883e-01 7.699901461601257324e-01 6.939504742622375488e-01 8.509349822998046875e-01 2.650510072708129883e-01 1.401439458131790161e-01 2.159023284912109375e-01 6.937786340713500977e-01 6.244119405746459961e-01 6.164805889129638672e-01 6.961540579795837402e-01 2.741963565349578857e-01 3.469368517398834229e-01 4.142805337905883789e-01
8.257550001144409180e-01 2.612834870815277100e-01 1.140939965844154358e-01 1.757192462682723999e-01 8.047735095024108887e-01 7.406501770019531250e-01 3.732739984989166260e-01 6.484006643295288086e-01 3.618745505809783936e-01 3.285332322120666504e-01 1.628206372261047363e-01 7.812021374702453613e-01 5.322718024253845215e-01 5.075257420539855957e-01
1.733749918639659882e-02 6.821466684341430664e-01 8.410032391548156738e-01 7.020475268363952637e-01 9.559684991836547852e-01 6.888074874877929688e-01 3.034853339195251465e-01 3.392634913325309753e-02 6.372783184051513672e-01 6.053567528724670410e-01 5.187354683876037598e-01 9.529723525047302246e-01 5.251024365425109863e-01 2.404169738292694092e-01
3.104799985885620117e-01 7.479196786880493164e-01 7.965440154075622559e-01 6.848474740982055664e-01 3.328649997711181641e-01 3.916097879409790039e-01 4.102066531777381897e-02 3.403742909431457520e-01 5.668036341667175293e-01 5.995554924011230469e-01 6.902373433113098145e-01 3.878225386142730713e-01 3.810493350028991699e-01 4.414467513561248779e-01
6.439924836158752441e-01 2.851946651935577393e-01 2.355429977178573608e-01 2.066040039062500000e-01 1.013690009713172913e-01 9.322696924209594727e-02 5.571536421775817871e-01 8.257596492767333984e-01 3.765867054462432861e-01 3.181490302085876465e-01 1.908168643712997437e-01 1.247571036219596863e-01 6.140243411064147949e-01 6.515654325485229492e-01
5.959699749946594238e-01 7.810124754905700684e-01 1.243695020675659180e-01 7.096700072288513184e-01 7.656682729721069336e-01 2.805596888065338135e-01 5.989660024642944336e-01 5.552997589111328125e-01 5.532300472259521484e-01 2.498948723077774048e-01 7.687081098556518555e-01 7.754018902778625488e-01 4.345856308937072754e-01 6.589153409004211426e-01
5.071249976754188538e-02 4.785973429679870605e-01 4.684647619724273682e-01 3.783544898033142090e-01 8.132212758064270020e-01 5.079160332679748535e-01 1.387573331594467163e-01 7.717790454626083374e-02 5.430999398231506348e-01 5.744009017944335938e-01 2.619057893753051758e-01 8.866479396820068359e-01 5.736415386199951172e-01 3.027319014072418213e-01
3.799349963665008545e-01 7.293838262557983398e-01 4.185082614421844482e-01 6.417574882507324219e-01 9.735727310180664062e-01 6.186581850051879883e-01 8.995187282562255859e-01 2.990280985832214355e-01 6.254517436027526855e-01 3.916679620742797852e-01 6.552004218101501465e-01 8.662760257720947266e-01 4.107773005962371826e-01 4.561753273010253906e-01
1.390849947929382324e-01 6.447691917419433594e-01 4.895105063915252686e-01 7.642124891281127930e-01 5.498989820480346680e-01 9.616903066635131836e-01 1.846793293952941895e-01 1.266876608133316040e-01 5.541123747825622559e-01 4.713908731937408447e-01 4.028231203556060791e-01 6.496452689170837402e-01 4.930844306945800781e-01 4.620210826396942139e-01
4.812900125980377197e-01 2.725526690483093262e-01 1.738772541284561157e-01 1.519527435302734375e-01 9.137692451477050781e-01 5.948666930198669434e-01 8.393558859825134277e-01 3.311841487884521484e-01 3.629495799541473389e-01 4.699921607971191406e-01 3.379640877246856689e-01 8.296328186988830566e-01 5.529547929763793945e-01 4.820442795753479004e-01
6.333000063896179199e-01 8.269198536872863770e-01 8.793634772300720215e-01 2.298520058393478394e-01 5.801542401313781738e-01 8.308672904968261719e-01 5.660643577575683594e-01 7.260534167289733887e-01 3.746694326400756836e-01 3.445892333984375000e-01 2.302975803613662720e-01 7.021297216415405273e-01 5.212962627410888672e-01 5.440635681152343750e-01
7.575675249099731445e-01 2.927181720733642578e-01 5.005519986152648926e-01 1.369742453098297119e-01 7.991199940443038940e-02 2.262034416198730469e-01 1.458510011434555054e-01 7.971594929695129395e-01 2.812372744083404541e-01 6.177596449851989746e-01 2.518197894096374512e-01 1.350931525230407715e-01 6.221244335174560547e-01 6.126303076744079590e-01
1.299924999475479126e-01 6.162294745445251465e-01 6.407042741775512695e-01 3.731675073504447937e-02 4.630570113658905029e-01 8.729645609855651855e-01 4.965146780014038086e-01 1.313761174678802490e-01 5.767148137092590332e-01 5.097208619117736816e-01 3.327328860759735107e-01 4.131515622138977051e-01 5.604589581489562988e-01 4.033661782741546631e-01
8.138175010681152344e-01 6.860995292663574219e-01 5.723422765731811523e-01 9.482100009918212891e-01 2.993685007095336914e-01 4.207904934883117676e-01 3.611763417720794678e-01 9.132247567176818848e-01 6.588663458824157715e-01 5.883737206459045410e-01 7.985870242118835449e-01 3.407820463180541992e-01 3.238191008567810059e-01 5.079803466796875000e-01
6.151000037789344788e-02 6.728168129920959473e-01 5.089524984359741211e-01 8.778125047683715820e-01 7.372587323188781738e-01 8.913036584854125977e-01 1.647300086915493011e-02 6.111763790249824524e-02 6.507147550582885742e-01 3.523233234882354736e-01 2.665504813194274902e-01 9.028028845787048340e-01 5.461310744285583496e-01 3.049278855323791504e-01
9.777724742889404297e-01 6.452713608741760254e-01 6.818240284919738770e-01 3.522650003433227539e-01 3.521350026130676270e-01 5.804351568222045898e-01 9.087666273117065430e-01 8.882600665092468262e-01 5.237507224082946777e-01 5.607788562774658203e-01 5.743421912193298340e-01 2.864713370800018311e-01 4.439381361007690430e-01 5.520733594894409180e-01
7.702674865722656250e-01 5.481848120689392090e-01 1.035124994814395905e-02 2.012774907052516937e-02 2.128274925053119659e-02 7.317644357681274414e-02 9.869427680969238281e-01 9.481059312820434570e-01 4.716708660125732422e-01 7.177503779530525208e-03 7.995399087667465210e-02 1.389498729258775711e-02 6.949917078018188477e-01 9.155226349830627441e-01
9.288924932479858398e-01 3.481106758117675781e-01 4.970409870147705078e-01 1.749999937601387501e-04 1.408662497997283936e-01 1.717126220464706421e-01 5.527966842055320740e-02 9.622591733932495117e-01 3.847655057907104492e-01 3.554196655750274658e-01 2.434875071048736572e-01 2.578116059303283691e-01 5.350787043571472168e-01 6.824742555618286133e-01
9.071425199508666992e-01 4.753168225288391113e-01 1.791864931583404541e-01 8.143475055694580078e-01 1.713670045137405396e-01 2.450098991394042969e-01 7.650999724864959717e-02 9.711631536483764648e-01 7.362592816352844238e-01 3.162845671176910400e-01 7.730484008789062500e-01 2.465435862541198730e-01 3.362067341804504395e-01 6.861468553543090820e-01
9.954850077629089355e-01 8.313486576080322266e-01 8.080617785453796387e-01 2.721815109252929688e-01 4.086922407150268555e-01 8.785257339477539062e-01 1.197700016200542450e-02 9.561069607734680176e-01 3.677138686180114746e-01 5.157922506332397461e-01 2.578238844871520996e-01 6.312358379364013672e-01 5.444036722183227539e-01 4.923550784587860107e-01
8.718374967575073242e-01 3.035014867782592773e-01 2.463639974594116211e-01 8.503274917602539062e-01 9.827795028686523438e-01 6.430036425590515137e-01 9.072946906089782715e-01 7.968209981918334961e-01 4.767763912677764893e-01 4.156274795532226562e-01 8.110806345939636230e-01 8.017688989639282227e-01 4.642838537693023682e-01 6.083381175994873047e-01
9.100750088691711426e-01 2.483614981174468994e-01 6.693379878997802734e-01 1.966067552566528320e-01 3.042309880256652832e-01 9.992521405220031738e-01 5.175269842147827148e-01 8.976942300796508789e-01 3.029543459415435791e-01 6.668416857719421387e-01 2.485049068927764893e-01 3.571722507476806641e-01 5.909470319747924805e-01 5.000948309898376465e-01
7.125449776649475098e-01 5.132436752319335938e-01 2.249942570924758911e-01 3.617117404937744141e-01 5.549250170588493347e-02 4.863912165164947510e-01 8.846715092658996582e-01 6.190070509910583496e-01 5.474014282226562500e-01 2.366273999214172363e-01 5.053445100784301758e-01 2.968610450625419617e-02 5.747407674789428711e-01 7.044724225997924805e-01
2.961800098419189453e-01 2.796536684036254883e-01 2.011664956808090210e-01 8.408225178718566895e-01 6.641234755516052246e-01 9.964953660964965820e-01 9.656448960304260254e-01 3.508582115173339844e-01 3.577743172645568848e-01 1.890662163496017456e-01 3.028650581836700439e-01 6.179618835449218750e-01 5.397524237632751465e-01 7.052960991859436035e-01
6.932724714279174805e-01 2.127096652984619141e-01 1.676249951124191284e-01 1.302007436752319336e-01 2.114002555608749390e-01 6.861715316772460938e-01 7.249348759651184082e-01 5.851441621780395508e-01 5.941274762153625488e-01 3.402310609817504883e-01 2.721064388751983643e-01 1.370390504598617554e-01 5.991514325141906738e-01 4.472248852252960205e-01
1.542074978351593018e-01 6.089346408843994141e-01 4.026804864406585693e-01 5.078999996185302734e-01 3.143124878406524658e-01 1.964148432016372681e-01 8.778347373008728027e-01 1.766566634178161621e-01 5.416066646575927734e-01 4.162015914916992188e-01 5.461463332176208496e-01 2.782716751098632812e-01 5.170840024948120117e-01 5.515874028205871582e-01
3.664324879646301270e-01 4.782443344593048096e-01 8.056629896163940430e-01 7.779675126075744629e-01 2.614929974079132080e-01 5.897625163197517395e-02 3.997820019721984863e-01 4.326180219650268555e-01 2.996073067188262939e-01 7.866259217262268066e-01 6.026615500450134277e-01 3.555129766464233398e-01 4.733341634273529053e-01 4.734757542610168457e-01
7.471449971199035645e-01 2.634510099887847900e-01 1.759189963340759277e-01 6.334174871444702148e-01 4.444822371006011963e-01 9.320768713951110840e-01 9.282701611518859863e-01 6.053389310836791992e-01 5.004999041557312012e-01 5.337135195732116699e-01 3.929140567779541016e-01 3.218526542186737061e-01 5.130905508995056152e-01 4.531193375587463379e-01
2.215000102296471596e-03 7.387906908988952637e-01 8.009855151176452637e-01 9.457899928092956543e-01 1.564124971628189087e-01 4.538081884384155273e-01 5.090309977531433105e-01 9.225181303918361664e-03 6.574650406837463379e-01 7.256144285202026367e-01 8.539127111434936523e-01 2.370581477880477905e-01 3.687209784984588623e-01 5.576579570770263672e-01
8.302274942398071289e-01 4.311704933643341064e-01 6.261149793863296509e-02 8.302350044250488281e-01 3.657952547073364258e-01 2.535883784294128418e-01 5.216096639633178711e-01 8.639151453971862793e-01 7.407767772674560547e-01 2.153351902961730957e-01 7.226567864418029785e-01 3.822884857654571533e-01 3.789605200290679932e-01 6.511263251304626465e-01
7.903825044631958008e-01 4.205524921417236328e-01 6.843697428703308105e-01 1.804812550544738770e-01 6.963927745819091797e-01 8.656120300292968750e-01 2.836030125617980957e-01 7.870187163352966309e-01 3.315037786960601807e-01 5.759878754615783691e-01 2.359779924154281616e-01 7.212970852851867676e-01 5.698168873786926270e-01 4.040119946002960205e-01
8.510749787092208862e-02 2.991618216037750244e-01 7.731142640113830566e-01 3.831194937229156494e-01 6.735255122184753418e-01 8.828918933868408203e-01 2.053419947624206543e-01 7.528788596391677856e-02 3.276098072528839111e-01 8.022959828376770020e-01 4.245142042636871338e-01 7.056407928466796875e-01 6.012674570083618164e-01 4.139477908611297607e-01
2.151450067758560181e-01 2.355566620826721191e-01 7.327582240104675293e-01 1.262427568435668945e-01 7.421494722366333008e-01 4.388796985149383545e-01 8.603095412254333496e-01 2.002158761024475098e-01 3.055522143840789795e-01 6.578149795532226562e-01 3.925794661045074463e-01 6.756526231765747070e-01 5.872685313224792480e-01 4.977708756923675537e-01
1.988250017166137695e-02 6.619135141372680664e-01 8.983749747276306152e-01 4.854847490787506104e-01 7.887985110282897949e-01 8.180000782012939453e-01 7.332437634468078613e-01 3.633575141429901123e-02 5.983663797378540039e-01 5.673684477806091309e-01 3.677450120449066162e-01 8.838910460472106934e-01 5.496430397033691406e-01 3.399453461170196533e-01
4.356024861335754395e-01 3.175255060195922852e-01 4.472874999046325684e-01 6.348450183868408203e-01 8.350150287151336670e-02 9.415397047996520996e-01 2.015806734561920166e-01 3.676846623420715332e-01 4.213554561138153076e-01 6.544513106346130371e-01 4.728651046752929688e-01 1.126223504543304443e-01 5.256049633026123047e-01 4.944596588611602783e-01
4.017375111579895020e-01 7.067704796791076660e-01 1.094807535409927368e-01 8.270249702036380768e-03 5.181959867477416992e-01 8.246015310287475586e-01 9.391599893569946289e-02 3.423436880111694336e-01 5.399451851844787598e-01 1.908256709575653076e-01 1.715306788682937622e-01 5.360238552093505859e-01 5.851618647575378418e-01 4.856987595558166504e-01
3.565349876880645752e-01 3.691063225269317627e-01 9.443050026893615723e-01 9.400724768638610840e-01 9.219480156898498535e-01 5.755100846290588379e-01 2.904376685619354248e-01 3.983216285705566406e-01 4.429371654987335205e-01 7.718907594680786133e-01 9.231867790222167969e-01 9.003213047981262207e-01 3.860151469707489014e-01 3.893052637577056885e-01
9.691674709320068359e-01 2.896186709403991699e-01 7.636050134897232056e-02 2.953162491321563721e-01 8.978214859962463379e-01 1.388102024793624878e-01 1.146376654505729675e-01 8.339795470237731934e-01 4.738072752952575684e-01 3.509076237678527832e-01 2.854784429073333740e-01 8.313674926757812500e-01 5.000485181808471680e-01 4.430956840515136719e-01
4.337700009346008301e-01 6.514369845390319824e-01 8.918125182390213013e-02 4.730987548828125000e-01 3.158972561359405518e-01 4.350131452083587646e-01 5.868293046951293945e-01 4.919798076152801514e-01 6.381653547286987305e-01 1.271727979183197021e-01 4.451828002929687500e-01 3.796820342540740967e-01 4.907459914684295654e-01 6.376768350601196289e-01
6.221125125885009766e-01 2.253424972295761108e-01 5.395577549934387207e-01 1.652355045080184937e-01 6.018815040588378906e-01 3.341067731380462646e-01 3.333106637001037598e-01 6.199856400489807129e-01 4.134763479232788086e-01 6.916708946228027344e-01 3.558912277221679688e-01 5.992161035537719727e-01 5.106053948402404785e-01 3.096158504486083984e-01
1.238750014454126358e-02 6.545576453208923340e-01 1.519905030727386475e-01 9.677824974060058594e-01 9.338769912719726562e-01 2.357609122991561890e-01 1.409843266010284424e-01 5.001105368137359619e-02 7.470372915267944336e-01 2.586025297641754150e-01 2.972920238971710205e-01 9.535650610923767090e-01 4.791904389858245850e-01 2.743621170520782471e-01
2.534675002098083496e-01 8.169088363647460938e-01 4.696757495403289795e-01 7.773249875754117966e-03 2.872495055198669434e-01 5.204946398735046387e-01 2.474433332681655884e-01 3.096697628498077393e-01 5.268661975860595703e-01 2.433732897043228149e-01 2.348806411027908325e-01 4.303260743618011475e-01 5.761789679527282715e-01 5.164668560028076172e-01
6.292049884796142578e-01 5.886908173561096191e-01 9.625457525253295898e-01 5.117200016975402832e-01 8.577439785003662109e-01 9.286304116249084473e-01 5.198010206222534180e-01 6.391088366508483887e-01 5.438431501388549805e-01 6.259238719940185547e-01 6.478175520896911621e-01 7.934347391128540039e-01 4.047117531299591064e-01 3.490726947784423828e-01
1.048775017261505127e-01 5.616251826286315918e-01 7.192700356245040894e-02 9.037350118160247803e-02 9.587002396583557129e-01 6.140006780624389648e-01 6.441926956176757812e-01 1.143302991986274719e-01 6.978796124458312988e-01 1.495886296033859253e-01 1.498554497957229614e-01 9.298279881477355957e-01 5.441950559616088867e-01 2.958863079547882080e-01
1.640650033950805664e-01 2.728306651115417480e-01 5.832762718200683594e-01 5.042325258255004883e-01 4.812425076961517334e-01 8.335813879966735840e-02 5.751573443412780762e-01 2.415294647216796875e-01 4.282195270061492920e-01 7.339356541633605957e-01 5.621249675750732422e-01 4.277163743972778320e-01 4.487798511981964111e-01 4.180518388748168945e-01
5.802850127220153809e-01 2.113166600465774536e-01 8.716009855270385742e-01 4.738444983959197998e-01 8.205915093421936035e-01 7.596121169626712799e-03 1.126319989562034607e-01 5.696659684181213379e-01 2.851601541042327881e-01 8.080669045448303223e-01 6.458194255828857422e-01 7.866932749748229980e-01 5.253688097000122070e-01 3.115211427211761475e-01
1.307599991559982300e-01 2.083905041217803955e-01 2.373347431421279907e-01 4.301150143146514893e-01 7.314115166664123535e-01 1.887240409851074219e-01 4.105719923973083496e-01 2.048503756523132324e-01 3.778829872608184814e-01 4.667207002639770508e-01 2.861138880252838135e-01 7.114959359169006348e-01 5.506737232208251953e-01 5.314197540283203125e-01
8.182424902915954590e-01 3.925061523914337158e-01 2.613292634487152100e-01 1.941224932670593262e-02 3.221107423305511475e-01 3.345723152160644531e-01 5.946176648139953613e-01 8.772652745246887207e-01 4.681455790996551514e-01 2.285093069076538086e-01 1.158102154731750488e-01 4.720139801502227783e-01 5.518659353256225586e-01 5.328671932220458984e-01
5.777699947357177734e-01 7.165673375129699707e-01 7.120177745819091797e-01 3.540892601013183594e-01 1.583324931561946869e-02 3.860473632812500000e-01 3.884750008583068848e-01 5.113050341606140137e-01 4.460053741931915283e-01 5.613581538200378418e-01 4.631157517433166504e-01 6.219989433884620667e-02 5.502486824989318848e-01 5.633322000503540039e-01
8.526775240898132324e-01 5.115010142326354980e-01 3.768150135874748230e-02 8.213700056076049805e-01 6.952049732208251953e-01 1.856072694063186646e-01 3.137840032577514648e-01 8.820331692695617676e-01 5.348891019821166992e-01 2.336178570985794067e-01 5.471568107604980469e-01 7.602346539497375488e-01 4.538727104663848877e-01 6.360129714012145996e-01
9.495325088500976562e-01 3.365946710109710693e-01 7.501754760742187500e-01 9.793274998664855957e-01 7.965947389602661133e-01 7.129945158958435059e-01 7.625240683555603027e-01 9.123172163963317871e-01 5.802293419837951660e-01 6.335322260856628418e-01 9.308724999427795410e-01 7.679277658462524414e-01 3.343371450901031494e-01 5.251709222793579102e-01
6.971150040626525879e-01 3.702096641063690186e-01 2.406907528638839722e-01 5.957549810409545898e-01 4.728960096836090088e-01 5.884084105491638184e-01 6.735448837280273438e-01 6.773549914360046387e-01 5.479118227958679199e-01 4.865979552268981934e-01 4.215955138206481934e-01 4.436254799365997314e-01 4.720706045627593994e-01 4.376108944416046143e-01
4.732849895954132080e-01 4.017418324947357178e-01 4.504402577877044678e-01 5.819125100970268250e-02 4.594230055809020996e-01 4.392839372158050537e-01 6.772200018167495728e-02 5.049948692321777344e-01 5.410477519035339355e-01 5.113875865936279297e-01 3.169427812099456787e-01 4.637286961078643799e-01 5.058503150939941406e-01 3.642907440662384033e-01
3.870750069618225098e-01 3.357258439064025879e-01 8.364717364311218262e-01 7.109050154685974121e-01 2.765842378139495850e-01 1.620801985263824463e-01 7.706966996192932129e-02 4.125412106513977051e-01 3.022395670413970947e-01 7.719273567199707031e-01 6.235188245773315430e-01 3.597018718719482422e-01 4.688675701618194580e-01 4.926236867904663086e-01
7.277075052261352539e-01 6.757436394691467285e-01 3.815070092678070068e-01 9.684100151062011719e-01 8.342817425727844238e-01 8.341920971870422363e-01 4.452153444290161133e-01 6.782400608062744141e-01 6.530036330223083496e-01 3.515510261058807373e-01 8.112772703170776367e-01 7.762000560760498047e-01 3.647248744964599609e-01 5.793557167053222656e-01
5.287899971008300781e-01 6.729981899261474609e-01 9.072967767715454102e-01 8.702225089073181152e-01 9.707217216491699219e-01 4.525095969438552856e-02 5.235880017280578613e-01 5.247340798377990723e-01 5.774099230766296387e-01 7.204052805900573730e-01 9.180793166160583496e-01 8.995372056961059570e-01 3.138001859188079834e-01 3.628895282745361328e-01
9.855474829673767090e-01 2.033886611461639404e-01 9.584337472915649414e-01 7.117875218391418457e-01 6.930927634239196777e-01 5.881259441375732422e-01 3.790040016174316406e-01 9.539457559585571289e-01 2.500884234905242920e-01 8.067344427108764648e-01 7.551884651184082031e-01 7.953851819038391113e-01 5.634191632270812988e-01 3.979865014553070068e-01
9.391875267028808594e-01 3.553091585636138916e-01 6.773784756660461426e-01 1.143679991364479065e-01 4.171327352523803711e-01 2.481510043144226074e-01 9.473589658737182617e-01 8.698200583457946777e-01 3.928945362567901611e-01 6.353336572647094727e-01 3.759883940219879150e-01 3.068561851978302002e-01 5.332477688789367676e-01 5.072298645973205566e-01
7.122799754142761230e-01 3.169111609458923340e-01 6.303387284278869629e-01 2.306015044450759888e-01 7.637320160865783691e-01 5.768823027610778809e-01 9.549715518951416016e-01 5.141270160675048828e-01 4.071805477142333984e-01 7.070804238319396973e-01 5.009803771972656250e-01 5.530675053596496582e-01 4.649261832237243652e-01 3.560281097888946533e-01
9.022625088691711426e-01 5.611860156059265137e-01 2.050337493419647217e-01 8.387150168418884277e-01 7.793424725532531738e-01 3.195825219154357910e-01 7.745700478553771973e-01 8.572838902473449707e-01 3.932560384273529053e-01 3.760222494602203369e-01 7.229808568954467773e-01 8.005515933036804199e-01 5.093076229095458984e-01 6.377868056297302246e-01
4.111475050449371338e-01 7.757598161697387695e-01 6.867687702178955078e-01 6.745799779891967773e-01 5.941154956817626953e-01 1.968802958726882935e-01 1.789973378181457520e-01 4.208066761493682861e-01 5.295162200927734375e-01 4.601114392280578613e-01 7.001582384109497070e-01 6.392145156860351562e-01 4.238554537296295166e-01 5.406883358955383301e-01
2.162349969148635864e-01 7.927204966545104980e-01 3.487152457237243652e-01 1.011565029621124268e-01 6.191384792327880859e-01 1.854531317949295044e-01 9.315039515495300293e-01 2.222202718257904053e-01 5.849113464355468750e-01 2.265010625123977661e-01 3.186191320419311523e-01 5.291353464126586914e-01 5.250926613807678223e-01 5.187719464302062988e-01
9.970824718475341797e-01 3.792193233966827393e-01 8.835369944572448730e-01 6.201500073075294495e-02 9.941319823265075684e-01 6.856448650360107422e-01 4.570056796073913574e-01 8.330770730972290039e-01 3.465017676353454590e-01 6.829404234886169434e-01 4.000335037708282471e-01 8.708782792091369629e-01 5.824861526489257812e-01 2.803626358509063721e-01
2.720350027084350586e-01 8.071784973144531250e-01 8.371084928512573242e-01 4.278457462787628174e-01 8.059327602386474609e-01 8.791138529777526855e-01 5.675200223922729492e-01 2.333992421627044678e-01 5.696333646774291992e-01 5.227711796760559082e-01 3.906754255294799805e-01 8.255484104156494141e-01 4.752993583679199219e-01 3.526704609394073486e-01
6.166499853134155273e-02 5.544776916503906250e-01 9.701694846153259277e-01 7.445949912071228027e-01 3.224112391471862793e-01 3.286957442760467529e-01 1.269143372774124146e-01 5.780332535505294800e-02 4.382617175579071045e-01 7.883970737457275391e-01 7.049438357353210449e-01 3.768226802349090576e-01 4.426517784595489502e-01 5.148929953575134277e-01
6.157274842262268066e-01 6.278780102729797363e-01 7.956697344779968262e-01 5.310574769973754883e-01 6.794289946556091309e-01 5.777800083160400391e-01 7.445900142192840576e-02 6.726295351982116699e-01 4.463545978069305420e-01 5.141036510467529297e-01 4.658885896205902100e-01 7.263778448104858398e-01 4.967407584190368652e-01 4.499875307083129883e-01
7.237474918365478516e-01 5.754743218421936035e-01 4.643382430076599121e-01 3.056359887123107910e-01 6.035555005073547363e-01 9.238984584808349609e-01 3.906493186950683594e-01 7.293656468391418457e-01 4.216981232166290283e-01 2.894100844860076904e-01 2.514337003231048584e-01 6.924726963043212891e-01 5.005643963813781738e-01 5.617120265960693359e-01
8.085849881172180176e-01 5.551509857177734375e-01 3.423945009708404541e-01 3.365197479724884033e-01 3.025574982166290283e-01 2.764036357402801514e-01 7.077468037605285645e-01 9.019891023635864258e-01 6.000445485115051270e-01 3.881121575832366943e-01 3.234529197216033936e-01 3.344095647335052490e-01 4.787774085998535156e-01 4.774223268032073975e-01
4.892599880695343018e-01 6.870103478431701660e-01 5.181000009179115295e-02 5.814574956893920898e-01 9.241139888763427734e-01 1.654086858034133911e-01 4.805966615676879883e-01 4.786628186702728271e-01 6.506384015083312988e-01 3.063702583312988281e-01 4.009844660758972168e-01 8.509967923164367676e-01 4.150988757610321045e-01 4.098773002624511719e-01
1.056125015020370483e-01 7.164263129234313965e-01 8.604869842529296875e-01 3.939695060253143311e-01 2.507382631301879883e-01 5.524584650993347168e-01 8.800864815711975098e-01 1.054128184914588928e-01 5.423948764801025391e-01 6.458619832992553711e-01 5.357738137245178223e-01 2.539704740047454834e-01 4.934153556823730469e-01 4.623989164829254150e-01
8.875374794006347656e-01 2.316458374261856079e-01 9.935449957847595215e-01 3.802174925804138184e-01 2.302099950611591339e-02 6.707636117935180664e-01 8.045965433120727539e-01 9.369187355041503906e-01 1.110361963510513306e-01 7.091034054756164551e-01 8.020322918891906738e-01 7.487703859806060791e-02 5.686040520668029785e-01 8.996788263320922852e-01
1.940999925136566162e-02 3.495391607284545898e-01 6.996767520904541016e-01 4.067490100860595703e-01 6.914770007133483887e-01 1.796886920928955078e-01 9.065171480178833008e-01 3.480026498436927795e-02 3.827645480632781982e-01 8.447161912918090820e-01 6.589614152908325195e-01 4.923513233661651611e-01 4.811804890632629395e-01 5.094925761222839355e-01
3.093799948692321777e-01 3.050208389759063721e-01 1.610295027494430542e-01 5.894500017166137695e-01 4.636990129947662354e-01 2.319828271865844727e-01 2.218379974365234375e-01 3.626246750354766846e-01 5.082983374595642090e-01 3.593127727508544922e-01 4.548911750316619873e-01 4.686180353164672852e-01 4.945178925991058350e-01 5.509175062179565430e-01
7.320125102996826172e-01 3.820286691188812256e-01 6.944735050201416016e-01 6.537749897688627243e-03 7.940340042114257812e-01 9.202265739440917969e-01 7.098303437232971191e-01 7.018998265266418457e-01 3.809503018856048584e-01 4.936728179454803467e-01 1.983486264944076538e-01 7.318515181541442871e-01 5.471661090850830078e-01 4.060145914554595947e-01
7.247275114059448242e-01 8.050133585929870605e-01 9.388497471809387207e-01 6.721799969673156738e-01 9.872777462005615234e-01 1.794828325510025024e-01 9.528058767318725586e-01 8.063126206398010254e-01 3.069670796394348145e-01 5.502309203147888184e-01 8.949099183082580566e-01 8.744181394577026367e-01 5.426728129386901855e-01 5.938671231269836426e-01
4.178774952888488770e-01 5.235999822616577148e-01 2.664439976215362549e-01 6.618425250053405762e-01 3.713342547416687012e-01 4.768167734146118164e-01 5.450833439826965332e-01 4.688033759593963623e-01 5.985010862350463867e-01 2.656226754188537598e-01 5.018599629402160645e-01 3.885097503662109375e-01 4.805818498134613037e-01 5.720280408859252930e-01
6.787499785423278809e-02 6.840885281562805176e-01 2.402215003967285156e-01 1.016549989581108093e-01 3.256617486476898193e-01 4.741201102733612061e-01 7.857303023338317871e-01 7.646151632070541382e-02 5.958392024040222168e-01 2.102659642696380615e-01 2.961076498031616211e-01 3.621482551097869873e-01 6.286560297012329102e-01 5.345274209976196289e-01
7.619249820709228516e-01 5.623946785926818848e-01 7.566737532615661621e-01 5.573624968528747559e-01 1.388995051383972168e-01 9.981855750083923340e-01 3.868726789951324463e-01 9.013345241546630859e-01 4.230327904224395752e-01 5.281381011009216309e-01 4.699004292488098145e-01 1.917403787374496460e-01 5.126536488533020020e-01 6.374158263206481934e-01
4.856050014495849609e-01 7.777218222618103027e-01 2.730222642421722412e-01 1.974749937653541565e-02 2.498037517070770264e-01 9.821318984031677246e-01 6.612303256988525391e-01 4.816677570343017578e-01 5.686877965927124023e-01 1.424333006143569946e-01 1.793860495090484619e-01 3.001901805400848389e-01 6.191847920417785645e-01 5.237037539482116699e-01
6.194300055503845215e-01 3.807933330535888672e-01 2.656442523002624512e-01 3.504222631454467773e-01 1.847205013036727905e-01 2.726254463195800781e-01 6.627366691827774048e-02 5.527977943420410156e-01 6.047350168228149414e-01 5.310868620872497559e-01 4.374784827232360840e-01 1.767847687005996704e-01 4.785895347595214844e-01 3.980053663253784180e-01
1.893099993467330933e-01 7.303873300552368164e-01 8.240050077438354492e-01 1.454200036823749542e-02 4.214229881763458252e-01 7.616773992776870728e-02 6.390893459320068359e-01 2.696753144264221191e-01 5.139709711074829102e-01 6.505087614059448242e-01 3.671675324440002441e-01 4.042137265205383301e-01 5.015681982040405273e-01 3.561462759971618652e-01
4.323349893093109131e-01 6.044995188713073730e-01 6.362627744674682617e-01 3.310682475566864014e-01 4.575974866747856140e-02 8.089421391487121582e-01 9.680801630020141602e-01 2.846727967262268066e-01 3.585112392902374268e-01 4.974206984043121338e-01 5.048028230667114258e-01 1.603591814637184143e-02 6.293433308601379395e-01 6.806606054306030273e-01
2.567650079727172852e-01 3.301610052585601807e-01 8.214169740676879883e-01 6.625549793243408203e-01 7.242879867553710938e-01 4.358416050672531128e-02 8.725017905235290527e-01 2.852541804313659668e-01 3.515386879444122314e-01 7.789710760116577148e-01 7.971730232238769531e-01 6.123664975166320801e-01 4.197461605072021484e-01 4.713598191738128662e-01
5.704075098037719727e-01 2.792634963989257812e-01 8.774897456169128418e-01 3.078247606754302979e-01 4.879105091094970703e-01 6.161556839942932129e-01 1.907850056886672974e-01 5.954207777976989746e-01 3.800025582313537598e-01 7.025641798973083496e-01 4.224877655506134033e-01 5.543552041053771973e-01 5.028743147850036621e-01 3.620385825634002686e-01
2.229599952697753906e-01 5.477301478385925293e-01 1.433512568473815918e-01 7.683675289154052734e-01 2.172455042600631714e-01 8.682365417480468750e-01 6.173650026321411133e-01 2.186190038919448853e-01 5.471801161766052246e-01 1.353394240140914917e-01 4.602495729923248291e-01 2.830993533134460449e-01 5.567092299461364746e-01 6.778709292411804199e-01
9.350824952125549316e-01 1.879670023918151855e-01 8.612677454948425293e-01 5.781375169754028320e-01 1.893077492713928223e-01 6.981131434440612793e-01 4.773043394088745117e-01 9.503687024116516113e-01 1.685808151960372925e-01 7.530077099800109863e-01 7.446125149726867676e-01 2.765433490276336670e-01 5.600068569183349609e-01 7.681277990341186523e-01
7.906525135040283203e-01 7.444021701812744141e-01 2.185979932546615601e-01 2.876827418804168701e-01 4.997844994068145752e-01 1.980296969413757324e-01 3.695510029792785645e-01 9.123536944389343262e-01 7.299351692199707031e-01 1.872952580451965332e-01 4.256707429885864258e-01 5.383495688438415527e-01 4.112719297409057617e-01 5.338103771209716797e-01
1.958400011062622070e-01 3.347006738185882568e-01 4.372807443141937256e-01 7.053899765014648438e-02 8.283732533454895020e-01 6.421173810958862305e-01 3.375143408775329590e-01 1.955240964889526367e-01 4.576844871044158936e-01 4.337121844291687012e-01 1.444719284772872925e-01 8.462298512458801270e-01 5.641752481460571289e-01 3.793811798095703125e-01
2.533800005912780762e-01 3.465691804885864258e-01 8.787915110588073730e-01 4.001002609729766846e-01 5.165709853172302246e-01 4.143914282321929932e-01 1.615086644887924194e-01 2.876037657260894775e-01 3.206377625465393066e-01 7.656099796295166016e-01 5.273789167404174805e-01 5.780191421508789062e-01 5.172017216682434082e-01 4.207755029201507568e-01
8.505125045776367188e-01 2.046161741018295288e-01 2.253500046208500862e-03 9.303975105285644531e-01 3.335359990596771240e-01 2.220204025506973267e-01 7.666975259780883789e-01 9.496232271194458008e-01 7.414438128471374512e-01 3.487951159477233887e-01 7.274933457374572754e-01 3.271164596080780029e-01 3.404709696769714355e-01 5.962969064712524414e-01
5.694975256919860840e-01 2.431736737489700317e-01 4.426450133323669434e-01 8.288200199604034424e-02 3.351280093193054199e-01 3.975131213665008545e-01 6.983335018157958984e-01 5.442199707031250000e-01 3.663761317729949951e-01 6.016572117805480957e-01 2.483862340450286865e-01 3.842858374118804932e-01 5.912054181098937988e-01 4.689756631851196289e-01
9.543349742889404297e-01 3.330991566181182861e-01 1.939797550439834595e-01 7.453125119209289551e-01 8.135594725608825684e-01 2.286635339260101318e-01 6.662970185279846191e-01 8.988607525825500488e-01 5.456619858741760254e-01 3.286889493465423584e-01 7.211116552352905273e-01 7.854128479957580566e-01 4.477458000183105469e-01 6.211654543876647949e-01
7.481099963188171387e-01 3.670363426208496094e-01 6.701602339744567871e-01 2.501572370529174805e-01 9.358549863100051880e-02 1.871736347675323486e-01 4.776850044727325439e-01 7.123534083366394043e-01 2.565776407718658447e-01 6.800022125244140625e-01 4.541418254375457764e-01 1.230103075504302979e-01 5.718867182731628418e-01 6.643782854080200195e-01
6.849874854087829590e-01 6.672890186309814453e-01 5.453897714614868164e-01 3.685122430324554443e-01 4.471387565135955811e-01 1.114480793476104736e-01 9.586948752403259277e-01 6.234940290451049805e-01 6.076579093933105469e-01 5.272515416145324707e-01 5.037523508071899414e-01 2.739718854427337646e-01 4.352990984916687012e-01 4.043280482292175293e-01
6.124100089073181152e-01 6.947420239448547363e-01 9.726732373237609863e-01 2.812894880771636963e-01 5.653687715530395508e-01 9.485588073730468750e-01 8.947044610977172852e-01 6.834757328033447266e-01 4.678631126880645752e-01 3.781383633613586426e-01 4.209978580474853516e-01 5.977638363838195801e-01 4.880457818508148193e-01 5.602615475654602051e-01
9.083999991416931152e-01 3.591420054435729980e-01 8.175964951515197754e-01 4.236044883728027344e-01 6.400055289268493652e-01 3.116437494754791260e-01 6.258280277252197266e-01 9.204697608947753906e-01 3.140908181667327881e-01 7.413555383682250977e-01 5.151717066764831543e-01 7.166134119033813477e-01 5.538727641105651855e-01 3.726189434528350830e-01
3.609674870967864990e-01 4.313476681709289551e-01 4.767054915428161621e-01 9.178000092506408691e-01 9.999825060367584229e-02 6.848564743995666504e-01 3.012800030410289764e-02 3.494679033756256104e-01 4.303830564022064209e-01 6.873252391815185547e-01 6.492093801498413086e-01 1.633885353803634644e-01 4.281910657882690430e-01 4.968574941158294678e-01
3.640150129795074463e-01 5.907643437385559082e-01 8.144177794456481934e-01 2.600807547569274902e-01 9.120290279388427734e-01 1.299701035022735596e-01 9.050639271736145020e-01 3.730186522006988525e-01 4.579013586044311523e-01 5.668755769729614258e-01 5.968164205551147461e-01 8.462622165679931641e-01 5.044318437576293945e-01 4.020023047924041748e-01
3.134225010871887207e-01 4.726296663284301758e-01 3.444460034370422363e-01 1.235647499561309814e-01 1.720537543296813965e-01 7.121946215629577637e-01 6.894055008888244629e-01 3.474850058555603027e-01 5.324396491050720215e-01 5.172765851020812988e-01 2.624098062515258789e-01 1.629953980445861816e-01 6.219325065612792969e-01 3.920136094093322754e-01
2.139199972152709961e-01 4.134698212146759033e-01 4.598272442817687988e-01 3.267962634563446045e-01 3.370274975895881653e-02 3.753761649131774902e-01 6.000016927719116211e-01 2.282582670450210571e-01 5.031145811080932617e-01 5.903819203376770020e-01 5.787897109985351562e-01 4.093469306826591492e-02 5.149897933006286621e-01 5.161724686622619629e-01
3.430350124835968018e-01 3.039711713790893555e-01 3.325132429599761963e-01 9.055225253105163574e-01 7.486979961395263672e-01 2.934879660606384277e-01 4.159273207187652588e-01 4.026218354701995850e-01 4.427886605262756348e-01 5.588740110397338867e-01 8.577269315719604492e-01 7.540088891983032227e-01 4.397191405296325684e-01 5.626375079154968262e-01
4.590350091457366943e-01 5.830655097961425781e-01 3.094287514686584473e-01 4.923832416534423828e-01 9.200132489204406738e-01 2.779681682586669922e-01 1.541589945554733276e-01 3.810603916645050049e-01 6.358867883682250977e-01 5.033364295959472656e-01 6.084457635879516602e-01 8.675271868705749512e-01 3.921529054641723633e-01 3.702400028705596924e-01
4.413299858570098877e-01 2.891066670417785645e-01 4.746467471122741699e-01 4.605617523193359375e-01 6.324830055236816406e-01 7.976223230361938477e-01 6.226603388786315918e-01 4.174426198005676270e-01 4.333671331405639648e-01 6.161268949508666992e-01 3.741137981414794922e-01 5.674234032630920410e-01 5.040698051452636719e-01 3.951114118099212646e-01
4.891099929809570312e-01 5.454931855201721191e-01 4.661380052566528320e-01 7.929674983024597168e-01 1.037275046110153198e-02 6.028006076812744141e-01 3.721086680889129639e-01 3.929216265678405762e-01 4.654262363910675049e-01 5.821743011474609375e-01 6.102010011672973633e-01 4.440334066748619080e-02 4.957237839698791504e-01 5.809702873229980469e-01
4.052499774843454361e-03 4.715193212032318115e-01 8.828007578849792480e-01 7.200124859809875488e-01 7.454494833946228027e-01 2.316546440124511719e-01 9.594941139221191406e-01 1.457934454083442688e-02 4.590819478034973145e-01 8.418236970901489258e-01 9.077048301696777344e-01 6.062365770339965820e-01 3.640203177928924561e-01 6.064899563789367676e-01
5.658274888992309570e-01 2.917686700820922852e-01 2.264182567596435547e-01 5.190975069999694824e-01 5.260532498359680176e-01 7.069041132926940918e-01 3.771359920501708984e-01 5.056166648864746094e-01 4.313229322433471680e-01 6.034966111183166504e-01 3.316186070442199707e-01 5.521340370178222656e-01 5.175365209579467773e-01 3.887121975421905518e-01
6.637949943542480469e-01 3.502664864063262939e-01 1.751772463321685791e-01 5.577449873089790344e-02 6.722175329923629761e-02 4.370232224464416504e-01 8.103016018867492676e-01 6.273263096809387207e-01 4.553468823432922363e-01 2.292446494102478027e-01 1.985792964696884155e-01 4.524863138794898987e-02 6.787149906158447266e-01 6.247315406799316406e-01
2.469499967992305756e-02 1.971880048513412476e-01 6.390549987554550171e-02 9.850324988365173340e-01 6.464392542839050293e-01 7.158625125885009766e-01 6.094943284988403320e-01 3.538611903786659241e-02 5.708111524581909180e-01 3.773760497570037842e-01 6.062527894973754883e-01 3.837503194808959961e-01 5.175333619117736816e-01 6.214448213577270508e-01
7.263475060462951660e-01 5.926920175552368164e-01 5.402799844741821289e-01 9.461424946784973145e-01 7.243800163269042969e-02 6.171193718910217285e-01 8.423151373863220215e-01 8.490933179855346680e-01 4.578970372676849365e-01 4.688460230827331543e-01 8.851230740547180176e-01 7.841942459344863892e-02 4.091911017894744873e-01 8.189968466758728027e-01
1.630074977874755859e-01 3.546540141105651855e-01 4.949362576007843018e-01 5.187175273895263672e-01 7.350234985351562500e-01 3.637830317020416260e-01 2.085849940776824951e-01 1.987669169902801514e-01 3.812144994735717773e-01 6.012037992477416992e-01 4.992524981498718262e-01 7.828939557075500488e-01 5.597353577613830566e-01 4.548772573471069336e-01
4.167925119400024414e-01 4.247666597366333008e-01 6.519585251808166504e-01 5.658349990844726562e-01 4.865359961986541748e-01 1.453109085559844971e-01 7.255955934524536133e-01 4.020200669765472412e-01 4.177732467651367188e-01 6.919282674789428711e-01 5.967088937759399414e-01 4.411927759647369385e-01 4.360668659210205078e-01 4.266856908798217773e-01
3.736074864864349365e-01 3.854109942913055420e-01 9.218047261238098145e-01 6.916300058364868164e-01 1.902502477169036865e-01 3.405424356460571289e-01 5.220453143119812012e-01 4.522748589515686035e-01 2.321918308734893799e-01 7.648631930351257324e-01 5.125103592872619629e-01 3.137404620647430420e-01 5.503257513046264648e-01 5.672581791877746582e-01
6.321300268173217773e-01 6.974873542785644531e-01 4.411612451076507568e-01 3.796052634716033936e-01 7.408712506294250488e-01 1.749983876943588257e-01 7.414466887712478638e-02 7.028850913047790527e-01 5.805249214172363281e-01 3.096358180046081543e-01 4.377742707729339600e-01 7.865495681762695312e-01 4.473997652530670166e-01 4.925760626792907715e-01
1.000624969601631165e-01 2.558453381061553955e-01 9.054895043373107910e-01 5.908374786376953125e-01 6.015457510948181152e-01 9.805539250373840332e-01 5.131206512451171875e-01 6.666193157434463501e-02 2.961243391036987305e-01 8.275580406188964844e-01 6.048457026481628418e-01 5.488068461418151855e-01 5.431250333786010742e-01 5.211682915687561035e-01
4.079400002956390381e-01 4.796036779880523682e-01 4.988310039043426514e-01 3.552939891815185547e-01 5.263867378234863281e-01 4.871871694922447205e-02 9.125377535820007324e-01 4.609979391098022461e-01 5.612770318984985352e-01 6.272827982902526855e-01 4.898888468742370605e-01 3.551428020000457764e-01 4.228666126728057861e-01 3.370697200298309326e-01
7.821699976921081543e-01 3.467598259449005127e-01 5.428212285041809082e-01 3.440285027027130127e-01 7.500575184822082520e-01 5.221617221832275391e-01 6.695393323898315430e-01 7.497504353523254395e-01 3.359579145908355713e-01 6.596177220344543457e-01 3.764198422431945801e-01 7.373377084732055664e-01 5.637642741203308105e-01 3.654693663120269775e-01
9.443175196647644043e-01 1.998886615037918091e-01 3.878419995307922363e-01 4.325962364673614502e-01 8.733527660369873047e-01 1.865862607955932617e-01 7.153715491294860840e-01 8.523622751235961914e-01 3.537182509899139404e-01 5.639190077781677246e-01 5.482328534126281738e-01 8.156557083129882812e-01 5.500615835189819336e-01 4.467963278293609619e-01
8.895500004291534424e-02 4.515779912471771240e-01 8.227272629737854004e-01 8.584550023078918457e-01 8.886382579803466797e-01 8.556550741195678711e-01 1.305153369903564453e-01 8.047232776880264282e-02 3.727552890777587891e-01 7.688152790069580078e-01 6.097205877304077148e-01 9.325627684593200684e-01 6.173111796379089355e-01 3.197350203990936279e-01
4.240700006484985352e-01 4.333613216876983643e-01 3.982847630977630615e-01 1.067309975624084473e-01 3.532980084419250488e-01 7.812766432762145996e-01 1.499473303556442261e-01 4.576155841350555420e-01 4.681568145751953125e-01 4.089961051940917969e-01 1.902545541524887085e-01 4.733195304870605469e-01 5.765649080276489258e-01 4.386596679687500000e-01
8.751124739646911621e-01 8.224366903305053711e-01 4.449567496776580811e-01 7.463974952697753906e-01 5.283582210540771484e-01 4.905474781990051270e-01 8.047317862510681152e-01 8.888434171676635742e-01 6.684810519218444824e-01 3.542335629463195801e-01 6.854658722877502441e-01 5.530716180801391602e-01 3.850463628768920898e-01 5.729492902755737305e-01
8.288250118494033813e-02 7.698554992675781250e-01 8.580407500267028809e-01 9.049124717712402344e-01 3.087849915027618408e-02 7.982417941093444824e-01 7.089091539382934570e-01 6.316704303026199341e-02 5.579536557197570801e-01 5.888282656669616699e-01 6.655960083007812500e-01 1.104916781187057495e-01 5.090357065200805664e-01 5.420299172401428223e-01
8.372499942779541016e-01 4.964953362941741943e-01 7.864217758178710938e-01 1.196952536702156067e-01 6.558899879455566406e-01 4.126114249229431152e-01 8.352743983268737793e-01 7.454435825347900391e-01 4.146087467670440674e-01 6.625210046768188477e-01 4.616588950157165527e-01 6.270241141319274902e-01 4.941141307353973389e-01 3.712534904479980469e-01
1.987649947404861450e-01 2.743841707706451416e-01 9.119752645492553711e-01 9.380350112915039062e-01 6.959974765777587891e-01 3.948940336704254150e-01 7.560707330703735352e-01 2.508864998817443848e-01 1.828134655952453613e-01 8.310269713401794434e-01 8.765628337860107422e-01 7.289965152740478516e-01 5.432953834533691406e-01 5.722495317459106445e-01
6.571999788284301758e-01 1.723736673593521118e-01 8.866172432899475098e-01 4.911902546882629395e-01 6.422165036201477051e-01 4.985664784908294678e-01 5.421659946441650391e-01 6.346330642700195312e-01 3.319401443004608154e-01 7.370804548263549805e-01 6.222320795059204102e-01 6.245720386505126953e-01 4.829429090023040771e-01 4.014275670051574707e-01
9.917999804019927979e-02 8.105639815330505371e-01 9.747987389564514160e-01 7.417950034141540527e-02 1.971040070056915283e-01 8.333922028541564941e-01 1.052133366465568542e-02 1.246616765856742859e-01 5.650233030319213867e-01 6.308355331420898438e-01 3.102320730686187744e-01 2.583923339843750000e-01 5.876818895339965820e-01 3.613285422325134277e-01
4.170624911785125732e-01 3.064340054988861084e-01 8.630597591400146484e-01 8.085799813270568848e-01 5.731344819068908691e-01 5.829166769981384277e-01 6.153910160064697266e-01 3.939516246318817139e-01 2.478103935718536377e-01 7.957170009613037109e-01 7.311044931411743164e-01 6.070201992988586426e-01 5.046291947364807129e-01 4.849826991558074951e-01
5.766624808311462402e-01 3.157024979591369629e-01 3.304085135459899902e-01 3.869862556457519531e-01 1.545407474040985107e-01 2.420607060194015503e-01 3.172779977321624756e-01 6.353331804275512695e-01 3.974460661411285400e-01 5.740397572517395020e-01 2.859145104885101318e-01 2.147618830204010010e-01 5.947200655937194824e-01 5.057988762855529785e-01
6.087325215339660645e-01 4.127218425273895264e-01 9.157917499542236328e-01 2.101957499980926514e-01 6.584690213203430176e-01 1.326972693204879761e-01 7.457252144813537598e-01 6.298812031745910645e-01 3.563334345817565918e-01 6.993924975395202637e-01 4.237290322780609131e-01 6.456729173660278320e-01 5.260109305381774902e-01 3.560743033885955811e-01
3.328174948692321777e-01 5.499209761619567871e-01 8.030524849891662598e-02 2.907677590847015381e-01 5.324915051460266113e-01 5.518097877502441406e-01 1.724603325128555298e-01 3.162940442562103271e-01 5.791785717010498047e-01 9.089452773332595825e-02 3.215926885604858398e-01 6.291599273681640625e-01 4.897903501987457275e-01 6.670182943344116211e-01
5.978050231933593750e-01 3.471121788024902344e-01 1.997827440500259399e-01 9.995325207710266113e-01 3.236955106258392334e-01 3.399272635579109192e-02 9.325472712516784668e-01 6.372764706611633301e-01 5.913130640983581543e-01 5.343939065933227539e-01 7.319840788841247559e-01 1.930083781480789185e-01 3.792087733745574951e-01 5.451801419258117676e-01
3.988125026226043701e-01 6.008831858634948730e-01 6.035230159759521484e-01 8.757899999618530273e-01 8.850839734077453613e-01 7.200793921947479248e-02 5.620183348655700684e-01 4.110559523105621338e-01 5.710117220878601074e-01 6.501759886741638184e-01 8.877765536308288574e-01 8.825584650039672852e-01 3.484489619731903076e-01 4.091071486473083496e-01
4.141300022602081299e-01 4.073978364467620850e-01 3.533922433853149414e-01 1.750915050506591797e-01 9.551437497138977051e-01 3.292855620384216309e-01 4.053966701030731201e-02 3.803726732730865479e-01 5.139203071594238281e-01 5.594332814216613770e-01 3.381097912788391113e-01 9.034361839294433594e-01 5.190675258636474609e-01 2.835299670696258545e-01
9.059175252914428711e-01 6.512463092803955078e-01 4.877127408981323242e-01 2.788432538509368896e-01 8.159449696540832520e-02 5.034932494163513184e-01 7.818966358900070190e-02 9.381436109542846680e-01 6.434860825538635254e-01 3.179135322570800781e-01 5.384070277214050293e-01 1.436270475387573242e-01 4.413540363311767578e-01 6.473178863525390625e-01
2.098650038242340088e-01 3.957258462905883789e-01 9.698600322008132935e-02 7.045124769210815430e-01 6.621729731559753418e-01 9.105335474014282227e-01 6.569126844406127930e-01 1.364944428205490112e-01 5.257901549339294434e-01 1.603750586509704590e-01 2.932382225990295410e-01 6.311338543891906738e-01 5.352641344070434570e-01 6.295759677886962891e-01
7.052574753761291504e-01 2.565823197364807129e-01 4.688760042190551758e-01 9.419950246810913086e-01 2.258182466030120850e-01 7.300606966018676758e-01 6.412000060081481934e-01 6.119298934936523438e-01 3.012815415859222412e-01 7.298660278320312500e-01 7.052978277206420898e-01 2.365550994873046875e-01 4.615835845470428467e-01 6.115295886993408203e-01
9.360550045967102051e-01 4.217790067195892334e-01 3.553864955902099609e-01 4.616270065307617188e-01 3.370794951915740967e-01 4.521713256835937500e-01 9.291087388992309570e-01 9.180916547775268555e-01 6.544376611709594727e-01 3.547010123729705811e-01 6.060065031051635742e-01 2.781824767589569092e-01 4.082133471965789795e-01 6.112029552459716797e-01
8.303250372409820557e-02 6.280120015144348145e-01 6.318234801292419434e-01 7.248225212097167969e-01 9.133732318878173828e-01 4.856042563915252686e-01 5.671683549880981445e-01 8.421324938535690308e-02 5.621720552444458008e-01 6.310521960258483887e-01 5.231326222419738770e-01 9.287738204002380371e-01 5.162782073020935059e-01 3.087652921676635742e-01
3.237349987030029297e-01 4.538963437080383301e-01 5.057407617568969727e-01 8.342275023460388184e-01 8.370274901390075684e-01 6.214855313301086426e-01 8.754932284355163574e-01 3.689314424991607666e-01 3.613402247428894043e-01 5.472841262817382812e-01 8.756701946258544922e-01 7.876243591308593750e-01 5.003339052200317383e-01 6.105425953865051270e-01
7.087250053882598877e-02 4.665144979953765869e-01 7.845592498779296875e-01 6.031125187873840332e-01 2.492250055074691772e-01 1.228846460580825806e-01 9.320002198219299316e-01 9.573433548212051392e-02 4.788007438182830811e-01 7.320122718811035156e-01 6.065615415573120117e-01 1.357909590005874634e-01 4.968079924583435059e-01 4.757411181926727295e-01
7.274975180625915527e-01 5.567598342895507812e-01 1.083649992942810059e-01 6.632725000381469727e-01 2.330024987459182739e-01 3.965530395507812500e-01 3.347666561603546143e-01 8.590341806411743164e-01 6.809955239295959473e-01 1.722288131713867188e-01 5.044406056404113770e-01 3.265922069549560547e-01 4.506073892116546631e-01 6.465854048728942871e-01
9.116525053977966309e-01 6.301753520965576172e-01 5.299667716026306152e-01 4.691367447376251221e-01 8.564065098762512207e-01 6.901778578758239746e-01 9.514481425285339355e-01 8.758215308189392090e-01 6.317818164825439453e-01 1.728742420673370361e-01 6.668795347213745117e-01 7.123368978500366211e-01 4.127133786678314209e-01 6.960110068321228027e-01
5.189650058746337891e-01 2.451331615447998047e-01 6.070244908332824707e-01 7.364624738693237305e-01 9.460164904594421387e-01 6.749446392059326172e-01 2.121790051460266113e-01 5.963029265403747559e-01 3.039769828319549561e-01 7.350528240203857422e-01 5.671601295471191406e-01 9.019456505775451660e-01 5.966781377792358398e-01 2.897218763828277588e-01
2.859025001525878906e-01 5.337108373641967773e-01 4.489567577838897705e-01 4.804622530937194824e-01 6.171870231628417969e-01 2.245359569787979126e-01 6.930068731307983398e-01 3.442843556404113770e-01 5.243936181068420410e-01 4.811926186084747314e-01 4.700004756450653076e-01 5.771420001983642578e-01 4.581965804100036621e-01 4.621665179729461670e-01
8.578075170516967773e-01 6.688946485519409180e-01 7.793624997138977051e-01 6.317874789237976074e-01 1.815474964678287506e-02 2.490420192480087280e-01 8.570300042629241943e-02 9.752449989318847656e-01 5.091779828071594238e-01 4.353036582469940186e-01 9.039952754974365234e-01 1.258166879415512085e-01 3.855454921722412109e-01 8.538842201232910156e-01
7.509725093841552734e-01 4.709351658821105957e-01 3.047652542591094971e-01 3.160575032234191895e-01 6.295187473297119141e-01 1.627614200115203857e-01 3.787073194980621338e-01 7.109082937240600586e-01 5.987203121185302734e-01 5.290620923042297363e-01 4.678825438022613525e-01 5.573722124099731445e-01 4.214119315147399902e-01 3.534370660781860352e-01
8.603025078773498535e-01 4.454374909400939941e-01 1.577935069799423218e-01 3.768532574176788330e-01 7.051777243614196777e-01 6.155226230621337891e-01 9.911544919013977051e-01 7.648068070411682129e-01 4.217192530632019043e-01 3.633261024951934814e-01 1.843378692865371704e-01 5.861647725105285645e-01 5.306286811828613281e-01 4.988977313041687012e-01
8.676775097846984863e-01 2.340659946203231812e-01 4.676224887371063232e-01 2.831225097179412842e-01 1.600179970264434814e-01 4.597036242485046387e-01 2.267216593027114868e-01 9.516752362251281738e-01 3.655753135681152344e-01 4.920138716697692871e-01 3.353744447231292725e-01 2.271901220083236694e-01 5.387335419654846191e-01 6.602491736412048340e-01
4.511525034904479980e-01 8.002489805221557617e-01 4.155150055885314941e-02 9.242500364780426025e-02 6.690292358398437500e-01 4.196205139160156250e-01 1.845423281192779541e-01 3.175340294837951660e-01 6.475800871849060059e-01 1.373524665832519531e-01 2.974532544612884521e-01 7.245075702667236328e-01 4.577980935573577881e-01 5.185727477073669434e-01
8.015725016593933105e-01 5.923038125038146973e-01 7.747370004653930664e-01 5.414500087499618530e-02 3.919857442378997803e-01 7.450779676437377930e-01 2.157640010118484497e-01 8.090562224388122559e-01 5.359202623367309570e-01 4.537203013896942139e-01 2.517568469047546387e-01 4.758392274379730225e-01 5.159878730773925781e-01 3.947063386440277100e-01
2.439974993467330933e-01 3.758974969387054443e-01 3.040367364883422852e-01 9.037449955940246582e-01 8.808982372283935547e-01 7.397679686546325684e-01 8.815575838088989258e-01 1.959514468908309937e-01 4.792370200157165527e-01 4.511137306690216064e-01 8.377217650413513184e-01 7.874401807785034180e-01 4.631235003471374512e-01 6.046418547630310059e-01
9.309750050306320190e-02 3.334666788578033447e-01 6.024460196495056152e-01 2.894267439842224121e-01 1.879322528839111328e-01 3.993145376443862915e-02 9.498208165168762207e-01 1.298784464597702026e-01 4.852949082851409912e-01 6.587963700294494629e-01 5.582357645034790039e-01 4.900502413511276245e-02 5.449283719062805176e-01 4.957945644855499268e-01
9.828950166702270508e-01 8.007131814956665039e-01 3.776427507400512695e-01 1.634455025196075439e-01 9.354360103607177734e-01 5.188853740692138672e-01 6.757872104644775391e-01 7.998120784759521484e-01 6.027954816818237305e-01 2.861307263374328613e-01 4.979766607284545898e-01 8.446529507637023926e-01 4.356406629085540771e-01 4.985882639884948730e-01
7.805600166320800781e-01 3.048731684684753418e-01 2.625592648983001709e-01 6.585775017738342285e-01 1.974067538976669312e-01 8.314639329910278320e-01 7.302883267402648926e-01 7.965687513351440430e-01 3.884820640087127686e-01 5.170257091522216797e-01 3.513920903205871582e-01 2.103021144866943359e-01 5.558105111122131348e-01 5.945897698402404785e-01
9.199075102806091309e-01 6.746529936790466309e-01 8.455935120582580566e-01 3.129057586193084717e-01 2.785195112228393555e-01 3.459820151329040527e-01 2.036766707897186279e-01 9.627228975296020508e-01 7.094343304634094238e-01 4.623919725418090820e-01 6.525063514709472656e-01 3.425248563289642334e-01 3.485836684703826904e-01 5.101689100265502930e-01
5.964325070381164551e-01 3.940113186836242676e-01 5.276257395744323730e-01 8.212500214576721191e-01 3.793299943208694458e-02 6.600407361984252930e-01 5.598909854888916016e-01 6.616324186325073242e-01 2.359834164381027222e-01 6.535459756851196289e-01 5.387931466102600098e-01 8.816220611333847046e-02 5.642469525337219238e-01 7.248430252075195312e-01
8.076450228691101074e-01 2.748398184776306152e-01 8.101195096969604492e-01 1.942099928855895996e-01 5.029797554016113281e-01 6.637082099914550781e-01 6.374236941337585449e-01 8.447398543357849121e-01 3.923517763614654541e-01 6.277438998222351074e-01 3.902973830699920654e-01 5.632972121238708496e-01 5.252498388290405273e-01 4.334644079208374023e-01
9.433649778366088867e-01 6.260333061218261719e-01 9.826244711875915527e-01 3.587650135159492493e-02 7.084874808788299561e-02 7.536422014236450195e-01 6.294289827346801758e-01 9.269152283668518066e-01 2.725518941879272461e-01 5.803780555725097656e-01 4.729686677455902100e-01 1.104608029127120972e-01 5.568145513534545898e-01 7.535402178764343262e-01
5.527250170707702637e-01 3.277068436145782471e-01 9.204132556915283203e-01 6.003375053405761719e-01 7.829212546348571777e-01 6.270162463188171387e-01 6.100336909294128418e-01 6.252151727676391602e-01 2.543652653694152832e-01 7.201072573661804199e-01 7.677394151687622070e-01 8.065800666809082031e-01 5.598317980766296387e-01 4.506051540374755859e-01
6.681674718856811523e-01 7.527915239334106445e-01 4.268969893455505371e-01 6.405150294303894043e-01 1.515887528657913208e-01 6.621342301368713379e-01 5.359426736831665039e-01 6.987651586532592773e-01 6.582694649696350098e-01 4.110500216484069824e-01 5.424430370330810547e-01 1.685169935226440430e-01 4.419933259487152100e-01 4.905366301536560059e-01
1.189099997282028198e-01 4.270266592502593994e-01 9.179099798202514648e-01 4.343352615833282471e-01 4.052700102329254150e-02 2.523785829544067383e-02 3.490756750106811523e-01 2.276041060686111450e-01 4.015766382217407227e-01 7.167973518371582031e-01 4.823935627937316895e-01 8.293698728084564209e-02 5.427050590515136719e-01 4.844557940959930420e-01
5.821749940514564514e-02 1.800726652145385742e-01 1.572034955024719238e-01 2.845472395420074463e-01 2.983282506465911865e-01 4.149636328220367432e-01 8.914131522178649902e-01 9.260249882936477661e-02 4.228004515171051025e-01 4.368748962879180908e-01 2.985930442810058594e-01 1.771376729011535645e-01 6.651202440261840820e-01 5.839927792549133301e-01
6.814774870872497559e-01 3.800818324089050293e-01 3.593422472476959229e-01 6.565399765968322754e-01 4.243335127830505371e-01 1.351579725742340088e-01 1.919530034065246582e-01 6.740595698356628418e-01 5.354117155075073242e-01 6.502973437309265137e-01 5.587241053581237793e-01 4.169055223464965820e-01 4.100662767887115479e-01 3.611975312232971191e-01
4.203625023365020752e-01 7.990211844444274902e-01 4.629777371883392334e-01 4.008677601814270020e-01 3.842037618160247803e-01 1.061622202396392822e-01 4.904546737670898438e-01 3.850488364696502686e-01 6.164004802703857422e-01 4.479547142982482910e-01 5.485209822654724121e-01 3.673987388610839844e-01 4.301593601703643799e-01 4.459446072578430176e-01
8.803949952125549316e-01 5.001406669616699219e-01 2.630715072154998779e-01 4.409522414207458496e-01 7.269070148468017578e-01 1.119593903422355652e-01 2.188416719436645508e-01 8.537755012512207031e-01 3.741619586944580078e-01 5.563614964485168457e-01 2.860492169857025146e-01 7.624716758728027344e-01 5.509953498840332031e-01 3.860777318477630615e-01
4.960150122642517090e-01 6.019331812858581543e-01 9.009832739830017090e-01 5.664924979209899902e-01 1.700827479362487793e-01 3.835171759128570557e-01 8.645050525665283203e-01 5.170497298240661621e-01 4.020006060600280762e-01 6.405307650566101074e-01 5.451400876045227051e-01 1.580430269241333008e-01 4.929982125759124756e-01 5.505130887031555176e-01
9.524599909782409668e-01 2.724201679229736328e-01 2.755902409553527832e-01 9.608325362205505371e-02 6.789705157279968262e-01 4.685176908969879150e-01 3.315166532993316650e-01 7.650429606437683105e-01 3.573018908500671387e-01 5.679711699485778809e-01 2.375775575637817383e-01 6.933593750000000000e-01 5.584146976470947266e-01 3.994639813899993896e-01
5.756574869155883789e-01 7.819619774818420410e-01 2.923569977283477783e-01 9.010900259017944336e-01 5.469430088996887207e-01 7.682935148477554321e-02 8.157269954681396484e-01 5.726220011711120605e-01 6.956446766853332520e-01 1.775327473878860474e-01 8.365195393562316895e-01 5.415052771568298340e-01 3.759901225566864014e-01 7.170617580413818359e-01
4.446550011634826660e-01 6.635224819183349609e-01 6.635894775390625000e-01 5.142024755477905273e-01 7.470222711563110352e-01 9.460230469703674316e-01 3.560863435268402100e-01 5.331996083259582520e-01 4.074855446815490723e-01 4.073656201362609863e-01 2.813775539398193359e-01 8.160289525985717773e-01 5.221100449562072754e-01 4.592369198799133301e-01
1.328675001859664917e-01 2.323128283023834229e-01 3.188909888267517090e-01 5.387874841690063477e-01 1.019487529993057251e-01 7.238795161247253418e-01 3.463376760482788086e-01 1.510501801967620850e-01 4.176957011222839355e-01 5.542156100273132324e-01 4.495739638805389404e-01 1.111449450254440308e-01 6.045135855674743652e-01 5.618003010749816895e-01
8.909950256347656250e-01 2.940693199634552002e-01 4.606387615203857422e-01 4.806142449378967285e-01 9.393467307090759277e-01 5.925489068031311035e-01 5.003413558006286621e-01 8.303313851356506348e-01 4.085442423820495605e-01 5.095068812370300293e-01 5.374051928520202637e-01 8.466305136680603027e-01 5.284437537193298340e-01 4.347747266292572021e-01
2.828449904918670654e-01 3.633689880371093750e-01 8.461017608642578125e-01 8.227499723434448242e-01 4.262117445468902588e-01 7.164959311485290527e-01 3.180670142173767090e-01 2.886542677879333496e-01 2.984392344951629639e-01 7.692560553550720215e-01 7.019360065460205078e-01 5.058554410934448242e-01 4.711123704910278320e-01 5.126183629035949707e-01
2.468100041151046753e-01 5.602359771728515625e-01 9.048092365264892578e-01 3.095017373561859131e-01 6.789074838161468506e-02 2.010208070278167725e-01 6.499333307147026062e-03 3.402348160743713379e-01 4.331157207489013672e-01 7.169299721717834473e-01 4.257088005542755127e-01 1.498142778873443604e-01 5.238121747970581055e-01 4.226822555065155029e-01
3.307375013828277588e-01 3.269171714782714844e-01 2.206532508134841919e-01 5.232500261627137661e-04 1.193580031394958496e-01 7.583325505256652832e-01 3.585340082645416260e-01 4.616381525993347168e-01 4.180506765842437744e-01 2.287627160549163818e-01 9.968309104442596436e-02 2.391890883445739746e-01 6.800974011421203613e-01 5.415569543838500977e-01
7.382525205612182617e-01 3.483273386955261230e-01 7.770492434501647949e-01 6.561325192451477051e-01 7.141362428665161133e-01 6.520156860351562500e-01 2.968033254146575928e-01 8.177833557128906250e-01 3.236843049526214600e-01 6.999129652976989746e-01 5.434840917587280273e-01 7.535278797149658203e-01 5.497089028358459473e-01 3.751919567584991455e-01
9.626024961471557617e-01 7.959126830101013184e-01 9.638559818267822266e-01 9.428474903106689453e-01 5.058932304382324219e-01 2.407051473855972290e-01 4.810273349285125732e-01 9.897280335426330566e-01 7.751712799072265625e-01 3.117058873176574707e-01 9.654316902160644531e-01 7.731810212135314941e-01 2.708573937416076660e-01 7.395421266555786133e-01
5.215225219726562500e-01 7.326746582984924316e-01 1.916690021753311157e-01 8.167874813079833984e-02 1.095400005578994751e-02 1.362054497003555298e-01 8.372407555580139160e-01 4.722635746002197266e-01 6.476409435272216797e-01 8.858052641153335571e-02 3.077669143676757812e-01 2.023861184716224670e-02 6.830688118934631348e-01 6.491214632987976074e-01
4.392524957656860352e-01 6.166641712188720703e-01 1.165705025196075439e-01 6.816200017929077148e-01 8.919157385826110840e-01 3.218574821949005127e-01 2.295846641063690186e-01 3.635247051715850830e-01 6.329967975616455078e-01 4.174816012382507324e-01 6.496114730834960938e-01 8.862555027008056641e-01 4.087320566177368164e-01 4.266841709613800049e-01
5.045700073242187500e-01 2.839426696300506592e-01 7.871827483177185059e-01 4.257017374038696289e-01 9.921762347221374512e-01 7.246784567832946777e-01 1.714133322238922119e-01 5.202189087867736816e-01 3.497057259082794189e-01 7.457558512687683105e-01 6.179295182228088379e-01 9.196862578392028809e-01 5.701234340667724609e-01 2.698922753334045410e-01
7.114124894142150879e-01 7.177948355674743652e-01 2.638937532901763916e-01 1.069100014865398407e-02 8.750257492065429688e-01 7.990303039550781250e-01 7.742190361022949219e-01 5.874804258346557617e-01 4.180690944194793701e-01 2.690916657447814941e-01 1.151887401938438416e-01 7.874720096588134766e-01 5.243531465530395508e-01 4.733390808105468750e-01
4.943349957466125488e-01 7.957723140716552734e-01 6.120820045471191406e-01 8.090850114822387695e-01 7.724607586860656738e-01 8.209106326103210449e-01 9.730657935142517090e-01 5.041119456291198730e-01 5.364320278167724609e-01 2.757678031921386719e-01 7.326658368110656738e-01 6.209048032760620117e-01 4.437512159347534180e-01 6.655112504959106445e-01
7.994899749755859375e-01 2.026771605014801025e-01 9.166177511215209961e-01 2.795712351799011230e-01 9.473620057106018066e-01 9.447643160820007324e-01 2.532186806201934814e-01 7.614193558692932129e-01 2.980614602565765381e-01 7.644652128219604492e-01 4.143491089344024658e-01 8.473749756813049316e-01 5.970246195793151855e-01 2.474694848060607910e-01
8.394075036048889160e-01 3.380118310451507568e-01 2.100187540054321289e-01 6.354374885559082031e-01 1.870380043983459473e-01 9.716706722974777222e-02 4.002213478088378906e-01 9.332002401351928711e-01 4.879358112812042236e-01 5.095607042312622070e-01 5.038473010063171387e-01 2.091230899095535278e-01 4.803872108459472656e-01 6.239087581634521484e-01
2.810074985027313232e-01 4.506296813488006592e-01 4.191417396068572998e-01 4.851167500019073486e-01 4.439047574996948242e-01 3.362416028976440430e-01 3.933863341808319092e-01 3.327584266662597656e-01 3.893031179904937744e-01 5.199231505393981934e-01 3.684761822223663330e-01 5.621766448020935059e-01 5.225031971931457520e-01 5.295515656471252441e-01
2.215224951505661011e-01 5.008388161659240723e-01 5.645164847373962402e-01 9.118599891662597656e-01 4.256157577037811279e-01 4.924230277538299561e-01 9.996001124382019043e-01 2.678287923336029053e-01 5.027701854705810547e-01 6.002790331840515137e-01 6.096318960189819336e-01 1.766669601202011108e-01 4.594538509845733643e-01 4.866266250610351562e-01
6.229875087738037109e-01 6.098261475563049316e-01 7.380124926567077637e-02 3.041577637195587158e-01 3.423430025577545166e-01 7.290445566177368164e-01 2.629863321781158447e-01 5.640274882316589355e-01 5.937848091125488281e-01 2.256130427122116089e-01 2.728527188301086426e-01 3.880793452262878418e-01 5.392852425575256348e-01 4.949830770492553711e-01
6.465575098991394043e-01 7.785903215408325195e-01 5.867962241172790527e-01 6.113824844360351562e-01 9.104089736938476562e-01 6.007509231567382812e-01 4.322156608104705811e-01 7.262443304061889648e-01 6.045413017272949219e-01 4.652200639247894287e-01 5.555860996246337891e-01 8.754950761795043945e-01 4.263506829738616943e-01 3.782904148101806641e-01
6.260000169277191162e-02 6.599693298339843750e-01 6.175599992275238037e-02 8.358125090599060059e-01 4.298459887504577637e-01 9.524858742952346802e-02 2.466046661138534546e-01 8.684155344963073730e-02 6.888613700866699219e-01 2.873319387435913086e-01 8.186554908752441406e-01 5.530404448509216309e-01 3.612242937088012695e-01 6.451342105865478516e-01
2.047400027513504028e-01 2.168476730585098267e-01 8.396779894828796387e-01 7.798374891281127930e-01 1.126872524619102478e-01 9.740366935729980469e-01 9.279770255088806152e-01 2.572200894355773926e-01 2.042846530675888062e-01 7.248159646987915039e-01 7.737919688224792480e-01 5.746292695403099060e-02 5.144494175910949707e-01 7.467485666275024414e-01
3.785024881362915039e-01 6.929039955139160156e-01 8.714267611503601074e-01 5.374475121498107910e-01 6.341000199317932129e-01 2.428541481494903564e-01 5.299180150032043457e-01 4.825096130371093750e-01 4.229657649993896484e-01 5.416370034217834473e-01 5.252200961112976074e-01 7.053403258323669434e-01 4.937765598297119141e-01 4.660246670246124268e-01
1.497225016355514526e-01 3.127648234367370605e-01 7.166347503662109375e-01 4.541074931621551514e-01 3.071362376213073730e-01 4.819241538643836975e-02 1.443953365087509155e-01 2.805501520633697510e-01 4.337948262691497803e-01 7.462159395217895508e-01 4.801881909370422363e-01 2.982632517814636230e-01 4.789003431797027588e-01 3.900471329689025879e-01
5.306174755096435547e-01 3.376331627368927002e-01 5.471404790878295898e-01 2.098399959504604340e-02 7.392544746398925781e-01 5.849635601043701172e-01 1.393033266067504883e-01 4.909182488918304443e-01 3.658971488475799561e-01 6.141971349716186523e-01 2.261983454227447510e-01 7.370358109474182129e-01 5.694395303726196289e-01 3.588259816169738770e-01
8.685000240802764893e-02 6.460851430892944336e-01 8.002319931983947754e-01 3.691397607326507568e-01 2.850077450275421143e-01 9.582607150077819824e-01 6.270013451576232910e-01 6.761473417282104492e-02 5.302944183349609375e-01 4.495310783386230469e-01 3.542137145996093750e-01 3.146657645702362061e-01 6.023899912834167480e-01 5.218839645385742188e-01
3.669550120830535889e-01 6.953236460685729980e-01 3.397710025310516357e-01 6.278300285339355469e-01 5.596634745597839355e-01 8.757895231246948242e-01 4.388549923896789551e-01 3.151194155216217041e-01 5.858736634254455566e-01 2.364680618047714233e-01 4.975750744342803955e-01 5.693871378898620605e-01 4.561696648597717285e-01 5.859097242355346680e-01
5.972775220870971680e-01 6.598243117332458496e-01 3.974772393703460693e-01 9.200674891471862793e-01 1.649114936590194702e-01 9.681987166404724121e-01 7.387574911117553711e-01 5.025429725646972656e-01 6.741494536399841309e-01 4.278222918510437012e-01 6.502293944358825684e-01 1.168927326798439026e-01 4.059866368770599365e-01 4.919604063034057617e-01
9.360349774360656738e-01 7.430294752120971680e-01 7.587632536888122559e-01 6.928475201129913330e-02 6.093440055847167969e-01 6.129634380340576172e-01 9.838069081306457520e-01 9.206711649894714355e-01 6.688840985298156738e-01 2.918992936611175537e-01 3.712646663188934326e-01 4.615611433982849121e-01 4.369410872459411621e-01 4.914549291133880615e-01
8.803575038909912109e-01 3.246420025825500488e-01 8.578567504882812500e-01 9.160850197076797485e-02 4.673117399215698242e-01 9.512321352958679199e-01 1.797916740179061890e-01 8.856295943260192871e-01 3.184460997581481934e-01 6.813488006591796875e-01 2.415472120046615601e-01 5.570447444915771484e-01 5.846762061119079590e-01 3.945866823196411133e-01
1.001449972391128540e-01 5.796999931335449219e-01 4.962615072727203369e-01 9.406849741935729980e-01 3.292507529258728027e-01 7.884561270475387573e-02 5.834203362464904785e-01 1.215395033359527588e-01 5.593146681785583496e-01 6.312261223793029785e-01 8.116665482521057129e-01 3.462071120738983154e-01 3.699197173118591309e-01 5.397677421569824219e-01
7.726774811744689941e-01 3.541656732559204102e-01 1.128560006618499756e-01 5.023699998855590820e-01 6.834909915924072266e-01 2.379011064767837524e-01 4.892893433570861816e-01 6.130984425544738770e-01 5.445284843444824219e-01 5.164210796356201172e-01 5.029680728912353516e-01 6.052399873733520508e-01 4.375592768192291260e-01 4.241883158683776855e-01
7.304300069808959961e-01 8.230883479118347168e-01 6.141870021820068359e-01 2.964169979095458984e-01 3.656415045261383057e-01 6.443259716033935547e-01 7.591827511787414551e-01 7.192161083221435547e-01 6.445568203926086426e-01 4.554030597209930420e-01 4.549143612384796143e-01 3.193034231662750244e-01 4.423204064369201660e-01 4.038577973842620850e-01
6.369550228118896484e-01 7.106475234031677246e-01 6.629995107650756836e-01 6.680275201797485352e-01 2.808440029621124268e-01 2.159877866506576538e-02 2.603693306446075439e-01 8.065730333328247070e-01 4.676055610179901123e-01 6.509475708007812500e-01 4.786119163036346436e-01 3.526275455951690674e-01 4.733235836029052734e-01 4.359409809112548828e-01
7.135249972343444824e-01 7.833511829376220703e-01 7.465762495994567871e-01 7.449474930763244629e-01 4.063780009746551514e-01 7.419763803482055664e-01 4.592796564102172852e-01 7.106993794441223145e-01 6.018468141555786133e-01 5.714187622070312500e-01 6.461655497550964355e-01 3.998344838619232178e-01 3.810239434242248535e-01 4.237300753593444824e-01
3.010424971580505371e-01 8.213843107223510742e-01 9.304022789001464844e-01 8.494325280189514160e-01 1.541087478399276733e-01 2.361498028039932251e-01 9.120565652847290039e-01 3.125561773777008057e-01 6.279118061065673828e-01 5.811974406242370605e-01 8.361489772796630859e-01 1.332895308732986450e-01 3.238860964775085449e-01 5.044223666191101074e-01
3.825249895453453064e-02 2.844470143318176270e-01 6.388379931449890137e-01 3.223335146903991699e-01 7.256242632865905762e-01 3.368747532367706299e-01 6.635733246803283691e-01 3.374402225017547607e-02 3.903393447399139404e-01 8.574601411819458008e-01 7.153334617614746094e-01 6.056916117668151855e-01 4.601878523826599121e-01 4.901155531406402588e-01
3.776499927043914795e-01 2.500051558017730713e-01 2.413135021924972534e-01 6.880224943161010742e-01 5.071717500686645508e-01 3.790282905101776123e-01 7.104877233505249023e-01 3.737348616123199463e-01 4.658278226852416992e-01 5.355304479598999023e-01 4.583704471588134766e-01 4.624411761760711670e-01 4.886656105518341064e-01 4.792706072330474854e-01
4.097749888896942139e-01 8.226133584976196289e-01 1.089877486228942871e-01 5.055750012397766113e-01 7.636677622795104980e-01 5.710056424140930176e-01 2.978006601333618164e-01 3.008679151535034180e-01 6.669609546661376953e-01 2.317442744970321655e-01 4.137389957904815674e-01 8.047013878822326660e-01 4.093926548957824707e-01 4.693465232849121094e-01
2.366324961185455322e-01 8.119584918022155762e-01 4.791525006294250488e-02 2.925469875335693359e-01 8.377912640571594238e-01 4.804697036743164062e-01 6.560310125350952148e-01 1.642517596483230591e-01 6.726589798927307129e-01 2.051460295915603638e-01 2.637245953083038330e-01 8.879749774932861328e-01 4.580300450325012207e-01 3.922973871231079102e-01
7.772974967956542969e-01 5.959931612014770508e-01 5.755065083503723145e-01 3.705642521381378174e-01 1.733332574367523193e-01 9.170643687248229980e-01 4.950406551361083984e-01 7.932534813880920410e-01 5.556722283363342285e-01 5.091953277587890625e-01 3.915020525455474854e-01 1.674437671899795532e-01 5.065028667449951172e-01 4.773385822772979736e-01
4.961249977350234985e-02 5.777558088302612305e-01 5.829795002937316895e-01 3.493617475032806396e-01 9.518602490425109863e-01 8.638531565666198730e-01 6.957533210515975952e-02 5.632060393691062927e-02 6.068155765533447266e-01 6.101264357566833496e-01 4.577633142471313477e-01 9.482696652412414551e-01 5.459972023963928223e-01 2.202863246202468872e-01
8.676549792289733887e-01 5.970646739006042480e-01 9.353452324867248535e-01 1.871815025806427002e-01 8.955364823341369629e-01 6.036000251770019531e-01 1.720376610755920410e-01 8.744178414344787598e-01 5.198157429695129395e-01 4.551891982555389404e-01 3.695901334285736084e-01 8.440127372741699219e-01 4.906169474124908447e-01 3.690116703510284424e-01
6.467749923467636108e-02 3.298083245754241943e-01 4.203302562236785889e-01 5.636600032448768616e-02 1.707247495651245117e-01 5.242853760719299316e-01 6.035423278808593750e-01 7.717859745025634766e-02 4.932199418544769287e-01 6.697915196418762207e-01 2.838903069496154785e-01 1.292215436697006226e-01 6.519530415534973145e-01 4.346987605094909668e-01
7.143775224685668945e-01 1.845418363809585571e-01 3.664059937000274658e-01 5.273575186729431152e-01 2.950782477855682373e-01 8.860107064247131348e-01 2.806616723537445068e-01 7.521857619285583496e-01 3.518640697002410889e-01 6.576116681098937988e-01 2.355805337429046631e-01 3.446606695652008057e-01 5.960459709167480469e-01 4.464954435825347900e-01
3.297725021839141846e-01 3.862523436546325684e-01 7.460047602653503418e-01 8.830500245094299316e-01 4.714752435684204102e-01 1.300230342894792557e-02 7.974003553390502930e-01 4.533421993255615234e-01 3.077963888645172119e-01 7.609370946884155273e-01 5.961054563522338867e-01 4.958027005195617676e-01 4.829036295413970947e-01 4.464591145515441895e-01
5.229499936103820801e-02 7.328506708145141602e-01 3.559432625770568848e-01 1.663569957017898560e-01 2.771017551422119141e-01 8.023638129234313965e-01 3.297599852085113525e-01 2.873434685170650482e-02 5.735254287719726562e-01 9.304347634315490723e-02 5.909471958875656128e-02 1.120513379573822021e-01 9.233594536781311035e-01 3.585949838161468506e-01
4.182874858379364014e-01 4.612033367156982422e-01 7.349099963903427124e-02 7.383800148963928223e-01 1.558504998683929443e-01 5.213742256164550781e-01 8.444640040397644043e-01 3.779695928096771240e-01 6.153485178947448730e-01 3.278936743736267090e-01 5.867406725883483887e-01 1.175246685743331909e-01 4.924980998039245605e-01 5.583593845367431641e-01
6.838924884796142578e-01 2.765153348445892334e-01 4.113427400588989258e-01 4.058037400245666504e-01 3.201589882373809814e-01 2.642276883125305176e-01 7.779418826103210449e-01 7.069784998893737793e-01 4.660148322582244873e-01 6.283993721008300781e-01 4.190382957458496094e-01 2.694814503192901611e-01 5.061747431755065918e-01 4.496583342552185059e-01
9.286749958992004395e-01 2.164240032434463501e-01 2.016725018620491028e-02 3.679037392139434814e-01 7.899569869041442871e-01 6.093182563781738281e-01 1.657133400440216064e-01 7.374184727668762207e-01 3.332980275154113770e-01 4.135030806064605713e-01 1.713735014200210571e-01 7.684280872344970703e-01 5.558372735977172852e-01 4.738380908966064453e-01
5.288100242614746094e-01 4.968479871749877930e-01 4.394577443599700928e-01 7.239900231361389160e-01 2.078565061092376709e-01 8.935430049896240234e-01 5.626379847526550293e-01 4.527809917926788330e-01 5.687597393989562988e-01 5.750843882560729980e-01 5.065318346023559570e-01 1.885040402412414551e-01 4.514416754245758057e-01 4.149602055549621582e-01
9.615175127983093262e-01 2.387984991073608398e-01 7.977575063705444336e-02 7.848299741744995117e-01 6.328187584877014160e-01 3.857027292251586914e-01 2.868449985980987549e-01 8.537362217903137207e-01 3.700267076492309570e-01 5.332151055335998535e-01 5.620822906494140625e-01 7.326470017433166504e-01 5.292010307312011719e-01 5.135702490806579590e-01
1.403400003910064697e-01 7.529353499412536621e-01 2.842999994754791260e-02 6.153249740600585938e-01 3.865242600440979004e-01 2.742964625358581543e-01 4.317900165915489197e-02 1.390907317399978638e-01 7.373596429824829102e-01 8.905042707920074463e-02 6.150491237640380859e-01 5.408954620361328125e-01 4.085183739662170410e-01 6.676070094108581543e-01
1.445074975490570068e-01 4.729340076446533203e-01 7.897175103425979614e-02 8.761600255966186523e-01 3.548862636089324951e-01 5.823444724082946777e-01 3.159376680850982666e-01 1.279976665973663330e-01 5.739384293556213379e-01 1.532537192106246948e-01 7.211689352989196777e-01 3.979059159755706787e-01 4.911597073078155518e-01 7.190257310867309570e-01
4.833675026893615723e-01 6.129746437072753906e-01 2.845272421836853027e-01 9.902275204658508301e-01 6.731294989585876465e-01 2.387362718582153320e-02 4.502066671848297119e-01 5.746412873268127441e-01 5.493438243865966797e-01 3.814781308174133301e-01 7.106509804725646973e-01 6.889510750770568848e-01 4.249195158481597900e-01 5.821450948715209961e-01
8.697525262832641602e-01 5.681281685829162598e-01 7.769600301980972290e-02 5.776900053024291992e-01 4.268807470798492432e-01 9.217928051948547363e-01 6.237000226974487305e-01 8.597570061683654785e-01 6.284151077270507812e-01 1.969922631978988647e-01 2.959808111190795898e-01 4.913849830627441406e-01 4.717209637165069580e-01 5.452665090560913086e-01
7.414575219154357910e-01 7.189055085182189941e-01 8.813100308179855347e-02 3.192994892597198486e-01 6.563577651977539062e-01 5.974871516227722168e-01 5.613646507263183594e-01 6.214774250984191895e-01 6.646876931190490723e-01 1.217312589287757874e-01 4.452165365219116211e-01 6.344214081764221191e-01 4.282203912734985352e-01 6.277682185173034668e-01
5.214375257492065430e-01 1.983231604099273682e-01 1.848675012588500977e-01 5.676975250244140625e-01 6.612309813499450684e-01 4.887358471751213074e-02 3.427610099315643311e-01 6.475516557693481445e-01 4.206283092498779297e-01 5.522932410240173340e-01 3.040250539779663086e-01 6.760846376419067383e-01 5.244158506393432617e-01 3.964380621910095215e-01
7.329999804496765137e-01 3.213864862918853760e-01 2.160580009222030640e-01 8.886975049972534180e-01 6.776340007781982422e-01 1.675718128681182861e-01 1.342466622591018677e-01 7.748371958732604980e-01 3.876860439777374268e-01 5.095436573028564453e-01 7.692688703536987305e-01 7.641229033470153809e-01 5.035005211830139160e-01 5.744713544845581055e-01
7.924600243568420410e-01 7.570509910583496094e-01 7.945424914360046387e-01 9.596825242042541504e-01 9.686310291290283203e-01 2.648471593856811523e-01 9.266744256019592285e-01 7.417336106300354004e-01 5.927600860595703125e-01 5.915412902832031250e-01 9.737600684165954590e-01 8.383741974830627441e-01 2.949800491333007812e-01 6.015431284904479980e-01
5.412899851799011230e-01 4.897673428058624268e-01 9.006687402725219727e-01 3.823004961013793945e-01 3.585905134677886963e-01 3.670091032981872559e-01 2.741383314132690430e-01 5.391615629196166992e-01 4.167400896549224854e-01 7.232701778411865234e-01 4.777448475360870361e-01 3.771399855613708496e-01 4.697085022926330566e-01 3.741818070411682129e-01
5.745649933815002441e-01 1.831691712141036987e-01 6.563194990158081055e-01 8.714874982833862305e-01 6.856409907341003418e-01 2.989600896835327148e-01 8.851518630981445312e-01 5.569779276847839355e-01 3.461279571056365967e-01 7.430074810981750488e-01 8.846093416213989258e-01 6.488519310951232910e-01 4.002057313919067383e-01 5.190489888191223145e-01
3.096500039100646973e-01 4.260173439979553223e-01 3.249287605285644531e-01 7.842350006103515625e-01 5.957267284393310547e-01 5.445885062217712402e-01 1.113356649875640869e-01 4.028397202491760254e-01 3.675724267959594727e-01 4.145105779170989990e-01 6.829150915145874023e-01 7.179226279258728027e-01 5.143628120422363281e-01 6.312729120254516602e-01
8.568350076675415039e-01 6.067748069763183594e-01 2.539497613906860352e-01 2.639312446117401123e-01 3.851535022258758545e-01 9.949829578399658203e-01 5.082119703292846680e-01 7.769932746887207031e-01 6.398536562919616699e-01 2.412098199129104614e-01 3.094710409641265869e-01 3.855873942375183105e-01 4.952602982521057129e-01 4.921140670776367188e-01
3.196175098419189453e-01 5.349196791648864746e-01 5.774674937129020691e-02 4.605099931359291077e-02 3.315682411193847656e-01 2.860414087772369385e-01 8.900260925292968750e-01 3.734367787837982178e-01 5.761724710464477539e-01 2.162497937679290771e-01 2.948913574218750000e-01 2.769410014152526855e-01 5.847701430320739746e-01 5.216174125671386719e-01
8.570424914360046387e-01 2.230241596698760986e-01 8.506785035133361816e-01 1.406340003013610840e-01 6.842997670173645020e-01 6.881133466958999634e-02 5.785366892814636230e-01 8.654919266700744629e-01 3.658184111118316650e-01 6.889176368713378906e-01 4.007243514060974121e-01 6.960894465446472168e-01 5.423054695129394531e-01 3.511109650135040283e-01
5.736500024795532227e-02 7.896156907081604004e-01 7.926800251007080078e-01 4.430544972419738770e-01 4.369717538356781006e-01 2.074087858200073242e-01 8.377925753593444824e-01 6.997846812009811401e-02 5.693534016609191895e-01 4.620901942253112793e-01 5.377103090286254883e-01 4.603550434112548828e-01 4.898965358734130859e-01 5.438750386238098145e-01
4.366950094699859619e-01 7.187268137931823730e-01 5.637515187263488770e-01 6.062200069427490234e-01 2.143862545490264893e-01 6.803445219993591309e-01 7.095333188772201538e-03 4.334432780742645264e-01 6.055940985679626465e-01 5.484615564346313477e-01 5.214878916740417480e-01 2.413256764411926270e-01 4.303048849105834961e-01 3.860405087471008301e-01
9.276949763298034668e-01 4.863306581974029541e-01 5.143924951553344727e-01 7.344225049018859863e-01 6.719664931297302246e-01 3.536728322505950928e-01 7.403355836868286133e-01 8.809421062469482422e-01 3.967019319534301758e-01 6.682530045509338379e-01 6.633104681968688965e-01 7.101287245750427246e-01 4.898935556411743164e-01 4.392656087875366211e-01
7.228950262069702148e-01 4.763266742229461670e-01 5.783317685127258301e-01 4.669527411460876465e-01 7.226679921150207520e-01 7.017697095870971680e-01 3.370923399925231934e-01 6.149712800979614258e-01 4.688944518566131592e-01 6.782157421112060547e-01 5.163342356681823730e-01 6.729086637496948242e-01 4.445552527904510498e-01 3.213675320148468018e-01
6.859700083732604980e-01 6.091135144233703613e-01 5.115124955773353577e-02 7.362524867057800293e-01 7.927025109529495239e-02 8.669714331626892090e-01 3.848806619644165039e-01 7.538031339645385742e-01 6.498476862907409668e-01 8.578117936849594116e-02 3.654608130455017090e-01 1.361842155456542969e-01 5.485651493072509766e-01 6.914016008377075195e-01
6.915900111198425293e-01 3.518244922161102295e-01 3.163875043392181396e-01 4.978227615356445312e-01 8.444082736968994141e-01 1.235648468136787415e-01 6.166949868202209473e-01 6.092531681060791016e-01 5.690109729766845703e-01 5.481292605400085449e-01 5.907537937164306641e-01 6.952164173126220703e-01 4.038873314857482910e-01 4.036923050880432129e-01
5.856224894523620605e-01 4.452338218688964844e-01 9.279959797859191895e-01 7.138075232505798340e-01 9.346719980239868164e-01 3.781134486198425293e-01 9.172601699829101562e-01 6.595369577407836914e-01 3.613141477108001709e-01 7.017296552658081055e-01 8.975136876106262207e-01 8.093338608741760254e-01 4.443182647228240967e-01 4.916096627712249756e-01
8.861600160598754883e-01 7.523434758186340332e-01 6.591349840164184570e-01 4.579755067825317383e-01 4.885047376155853271e-01 3.315320312976837158e-01 6.186270117759704590e-01 8.878861665725708008e-01 7.450309395790100098e-01 4.974341988563537598e-01 7.366360425949096680e-01 4.412093162536621094e-01 3.061934709548950195e-01 4.146095216274261475e-01
6.982524991035461426e-01 4.616446793079376221e-01 7.541007399559020996e-01 1.427464932203292847e-01 9.415037631988525391e-01 9.057459831237792969e-01 1.242220029234886169e-01 7.136981487274169922e-01 4.969023466110229492e-01 4.302924871444702148e-01 2.783993780612945557e-01 8.615360260009765625e-01 5.026777982711791992e-01 3.575171530246734619e-01
3.388899862766265869e-01 2.339211702346801758e-01 1.160919964313507080e-01 4.609992504119873047e-01 4.249757528305053711e-01 6.019105315208435059e-01 7.195471525192260742e-01 4.233009219169616699e-01 4.275641739368438721e-01 2.750920653343200684e-01 2.298507690429687500e-01 5.105677247047424316e-01 5.418175458908081055e-01 5.849602222442626953e-01
7.679175138473510742e-01 5.013696551322937012e-01 7.131490111351013184e-01 1.600807458162307739e-01 3.675922453403472900e-01 6.989803910255432129e-01 6.143513321876525879e-01 8.036804199218750000e-01 5.014054179191589355e-01 5.450793504714965820e-01 2.722890079021453857e-01 4.010398685932159424e-01 5.266864895820617676e-01 3.905031681060791016e-01
8.977500349283218384e-02 7.129276394844055176e-01 2.904447615146636963e-01 7.356299757957458496e-01 1.827832460403442383e-01 2.037140429019927979e-01 2.164556682109832764e-01 9.638687223196029663e-02 6.631883382797241211e-01 4.427923560142517090e-01 7.182230353355407715e-01 2.725577056407928467e-01 4.162585437297821045e-01 5.355795621871948242e-01
1.566900014877319336e-01 4.014644920825958252e-01 7.910565137863159180e-01 6.605024933815002441e-01 9.033632278442382812e-01 9.899169802665710449e-01 3.302573263645172119e-01 1.324249058961868286e-01 3.437775969505310059e-01 7.582928538322448730e-01 4.159350395202636719e-01 8.912907838821411133e-01 6.338240504264831543e-01 3.039678931236267090e-01
3.809149861335754395e-01 6.297021508216857910e-01 9.283109903335571289e-01 2.750225067138671875e-01 6.211042404174804688e-01 3.714358508586883545e-01 4.440356791019439697e-01 4.597394466400146484e-01 3.800145685672760010e-01 5.241043567657470703e-01 2.763085663318634033e-01 7.084935903549194336e-01 5.348435640335083008e-01 4.502441287040710449e-01
5.601124763488769531e-01 3.729979991912841797e-01 7.048797607421875000e-01 6.940299868583679199e-01 3.285819888114929199e-01 2.840864658355712891e-01 3.578656613826751709e-01 6.327278017997741699e-01 4.070575535297393799e-01 7.058436870574951172e-01 5.506311058998107910e-01 3.599523603916168213e-01 4.549502432346343994e-01 4.359280467033386230e-01
4.651749879121780396e-02 7.589908242225646973e-01 3.930207490921020508e-01 1.136192530393600464e-01 9.063389897346496582e-01 3.170475661754608154e-01 4.703536629676818848e-01 5.252684652805328369e-02 6.987407803535461426e-01 4.160047769546508789e-01 3.573340475559234619e-01 9.423388242721557617e-01 5.132335424423217773e-01 2.475460320711135864e-01
8.442950248718261719e-01 5.838288068771362305e-01 1.733697503805160522e-01 6.421350240707397461e-01 7.646177411079406738e-01 4.676388800144195557e-01 7.017969489097595215e-01 8.013929724693298340e-01 5.352715849876403809e-01 2.217952311038970947e-01 7.010674476623535156e-01 7.641111612319946289e-01 4.489209055900573730e-01 6.847878098487854004e-01
5.577024817466735840e-01 4.094781577587127686e-01 1.061500050127506256e-03 6.110849976539611816e-01 6.039024889469146729e-02 9.099456667900085449e-01 2.283246666193008423e-01 4.477160274982452393e-01 5.532311797142028809e-01 1.759039014577865601e-01 3.163318336009979248e-01 9.228635579347610474e-02 6.367799639701843262e-01 5.985513925552368164e-01
5.545549988746643066e-01 6.617658138275146484e-01 5.623442530632019043e-01 2.586367428302764893e-01 5.540080070495605469e-01 2.453860640525817871e-01 2.247859984636306763e-01 4.988169074058532715e-01 5.606437325477600098e-01 5.182449817657470703e-01 4.617272615432739258e-01 5.391423702239990234e-01 4.383979439735412598e-01 3.983769714832305908e-01
8.230724930763244629e-01 4.189928472042083740e-01 8.245307207107543945e-01 3.711304962635040283e-01 4.818210005760192871e-01 6.791009306907653809e-01 1.022096648812294006e-01 8.994766473770141602e-01 4.935267269611358643e-01 6.095219254493713379e-01 4.518521428108215332e-01 5.796440839767456055e-01 4.698351621627807617e-01 3.962230086326599121e-01
3.583325147628784180e-01 5.644893050193786621e-01 9.374960064888000488e-01 4.573497474193572998e-01 2.795299887657165527e-01 7.384037375450134277e-01 7.956614494323730469e-01 3.880980908870697021e-01 4.550642073154449463e-01 6.645358800888061523e-01 5.490797162055969238e-01 2.779198884963989258e-01 4.481579661369323730e-01 4.365904033184051514e-01
1.346125006675720215e-01 3.737258315086364746e-01 1.707367449998855591e-01 8.429499864578247070e-01 9.537982344627380371e-01 3.651761636137962341e-02 4.878459870815277100e-01 1.667082756757736206e-01 5.948412418365478516e-01 6.022993326187133789e-01 7.839775085449218750e-01 8.849722743034362793e-01 3.991791605949401855e-01 4.048075377941131592e-01
9.938750267028808594e-01 6.674851775169372559e-01 1.964727491140365601e-01 9.751874804496765137e-01 8.775920271873474121e-01 5.687259435653686523e-01 6.901932954788208008e-01 8.510901927947998047e-01 5.661267638206481934e-01 3.329524099826812744e-01 8.727217316627502441e-01 8.267231583595275879e-01 4.184959828853607178e-01 6.632229685783386230e-01
9.852700233459472656e-01 3.976044952869415283e-01 5.597584843635559082e-01 9.065275192260742188e-01 3.724972605705261230e-01 1.504888832569122314e-01 2.706989943981170654e-01 9.707184433937072754e-01 6.000074148178100586e-01 6.643533706665039062e-01 9.177829027175903320e-01 4.919612407684326172e-01 3.125325143337249756e-01 5.906646847724914551e-01
9.224399924278259277e-01 6.607406735420227051e-01 1.635127514600753784e-01 7.964300364255905151e-02 3.628807365894317627e-01 8.305241465568542480e-01 3.652736544609069824e-01 8.329718708992004395e-01 6.749503016471862793e-01 1.500194221735000610e-01 2.632872760295867920e-01 3.921864628791809082e-01 4.935390353202819824e-01 5.237509608268737793e-01
2.195250056684017181e-02 3.278411626815795898e-01 5.065630078315734863e-01 6.555399894714355469e-01 5.481002330780029297e-01 3.095368742942810059e-01 1.175139993429183960e-01 3.761372715234756470e-02 5.248749852180480957e-01 7.122683525085449219e-01 6.866539716720581055e-01 4.398742914199829102e-01 4.408327341079711914e-01 5.314133167266845703e-01
8.664900064468383789e-01 5.497393608093261719e-01 4.941527545452117920e-01 4.533917605876922607e-01 7.985320091247558594e-01 3.866349458694458008e-01 6.800547838211059570e-01 8.876237273216247559e-01 4.122734665870666504e-01 3.517483770847320557e-01 4.814763367176055908e-01 8.114412426948547363e-01 5.109919905662536621e-01 5.635785460472106934e-01
6.818100214004516602e-01 5.118483304977416992e-01 2.724550068378448486e-01 1.784559935331344604e-01 7.779932618141174316e-01 4.988203197717666626e-02 6.905755400657653809e-01 6.970227956771850586e-01 5.516516566276550293e-01 2.636177837848663330e-01 4.316664040088653564e-01 7.339315414428710938e-01 4.584487080574035645e-01 5.555368661880493164e-01
1.355774998664855957e-01 2.665390074253082275e-01 6.765747666358947754e-01 2.105460017919540405e-01 5.705642700195312500e-01 7.819707989692687988e-01 9.181206226348876953e-01 1.318568140268325806e-01 3.152505755424499512e-01 6.544813513755798340e-01 2.213223576545715332e-01 5.318596959114074707e-01 6.279330253601074219e-01 5.158915519714355469e-01
4.479824900627136230e-01 6.457748413085937500e-01 7.676115036010742188e-01 3.918562531471252441e-01 1.175575032830238342e-01 4.811790883541107178e-01 4.164220094680786133e-01 4.032403826713562012e-01 5.563672184944152832e-01 6.370732188224792480e-01 4.932110905647277832e-01 1.351850926876068115e-01 4.573888182640075684e-01 3.920665085315704346e-01
3.699400126934051514e-01 4.963126778602600098e-01 6.381342411041259766e-01 1.283407509326934814e-01 8.899785280227661133e-01 5.238196849822998047e-01 3.434259891510009766e-01 3.768863379955291748e-01 4.479628503322601318e-01 6.435032486915588379e-01 3.331673443317413330e-01 8.587524294853210449e-01 5.484297871589660645e-01 2.772063910961151123e-01
6.105775237083435059e-01 3.569253385066986084e-01 6.145767569541931152e-01 5.765874981880187988e-01 8.321074843406677246e-01 4.238437414169311523e-01 2.526226639747619629e-01 5.587826371192932129e-01 4.777455031871795654e-01 7.368822097778320312e-01 7.938444018363952637e-01 7.738426923751831055e-01 3.749217391014099121e-01 3.466785252094268799e-01
7.527999877929687500e-01 8.102018237113952637e-01 1.652967482805252075e-01 5.446925163269042969e-01 8.929269909858703613e-01 7.187348604202270508e-01 7.707871794700622559e-01 5.966351032257080078e-01 5.377889871597290039e-01 2.549540400505065918e-01 6.349950432777404785e-01 8.247104883193969727e-01 4.532241523265838623e-01 5.978398919105529785e-01
1.381199955940246582e-01 7.455648183822631836e-01 9.837357401847839355e-01 1.310782432556152344e-01 9.178860187530517578e-01 2.159326225519180298e-01 7.213999629020690918e-01 1.567331403493881226e-01 5.092973709106445312e-01 6.117749810218811035e-01 2.670791447162628174e-01 9.139500260353088379e-01 5.711683630943298340e-01 2.555001080036163330e-01
7.143524885177612305e-01 6.522773504257202148e-01 7.696549892425537109e-01 8.772199749946594238e-01 5.243692398071289062e-01 5.461438372731208801e-02 3.197283446788787842e-01 9.051928520202636719e-01 5.115185379981994629e-01 5.769861340522766113e-01 7.025766968727111816e-01 6.925433278083801270e-01 4.376449286937713623e-01 4.793224036693572998e-01
4.985750019550323486e-01 4.176141619682312012e-01 3.000807464122772217e-01 2.242110073566436768e-01 8.570755124092102051e-01 9.227501153945922852e-01 2.395633310079574585e-01 3.735275864601135254e-01 4.240079820156097412e-01 4.601249694824218750e-01 1.876019537448883057e-01 8.178441524505615234e-01 5.366097688674926758e-01 3.980167806148529053e-01
4.842075109481811523e-01 3.371011614799499512e-01 6.641492247581481934e-01 7.687299847602844238e-01 5.617737770080566406e-01 3.486196994781494141e-01 2.540670037269592285e-01 4.964399635791778564e-01 3.481701314449310303e-01 7.477497458457946777e-01 6.539378166198730469e-01 5.854034423828125000e-01 4.523604214191436768e-01 4.038995802402496338e-01
7.307649850845336914e-01 1.771344989538192749e-01 7.963675260543823242e-01 3.731987476348876953e-01 1.462514996528625488e-01 3.578326404094696045e-01 5.702753067016601562e-01 8.752275705337524414e-01 2.130865901708602905e-01 6.668138504028320312e-01 4.896552860736846924e-01 1.929221451282501221e-01 5.744158625602722168e-01 7.224959731101989746e-01
4.878849983215332031e-01 7.234061956405639648e-01 7.244549989700317383e-01 7.227550148963928223e-01 7.186729907989501953e-01 5.393663644790649414e-01 1.050726696848869324e-01 4.910246431827545166e-01 5.956860184669494629e-01 4.370619952678680420e-01 7.716628313064575195e-01 7.641346454620361328e-01 3.884407579898834229e-01 5.269259810447692871e-01
7.328374981880187988e-01 5.203235149383544922e-01 6.857187747955322266e-01 5.158724784851074219e-01 3.781472444534301758e-01 7.726946473121643066e-01 2.045466601848602295e-01 7.377275228500366211e-01 5.465945005416870117e-01 6.480682492256164551e-01 4.649387001991271973e-01 3.641127645969390869e-01 4.387258291244506836e-01 3.410014808177947998e-01
9.576650261878967285e-01 3.442989885807037354e-01 1.209625042974948883e-02 4.423387646675109863e-01 9.260482788085937500e-01 3.582216203212738037e-01 3.616729974746704102e-01 7.990559935569763184e-01 4.636031687259674072e-01 3.844238519668579102e-01 4.135929942131042480e-01 8.659557104110717773e-01 5.059211850166320801e-01 4.486471116542816162e-01
3.187625110149383545e-01 4.361471533775329590e-01 9.222882390022277832e-01 1.972340047359466553e-01 4.663692414760589600e-01 8.632959425449371338e-02 8.186423182487487793e-01 3.430779278278350830e-01 3.481677770614624023e-01 7.255761623382568359e-01 4.267248213291168213e-01 4.768815040588378906e-01 5.233274102210998535e-01 4.307253062725067139e-01
8.232824802398681641e-01 3.081396520137786865e-01 6.602142453193664551e-01 4.515499807894229889e-03 5.837085247039794922e-01 1.164637356996536255e-01 2.436606734991073608e-01 7.945812344551086426e-01 4.225187599658966064e-01 6.882629394531250000e-01 2.950823307037353516e-01 5.895630717277526855e-01 5.350560545921325684e-01 2.939820587635040283e-01
9.553149938583374023e-01 3.911499977111816406e-01 7.155485153198242188e-01 3.628087639808654785e-01 7.127962708473205566e-01 9.843708276748657227e-01 2.401273399591445923e-01 7.743403315544128418e-01 4.722679257392883301e-01 6.743519306182861328e-01 5.474385023117065430e-01 6.647054553031921387e-01 4.495294392108917236e-01 3.382355272769927979e-01
5.941374897956848145e-01 4.378300011157989502e-01 4.824725091457366943e-01 4.305000007152557373e-01 5.067775249481201172e-01 8.497233390808105469e-01 2.381200045347213745e-01 5.459728240966796875e-01 5.421497225761413574e-01 6.241319775581359863e-01 4.403938651084899902e-01 4.679218828678131104e-01 4.394061565399169922e-01 3.159202635288238525e-01
7.102624773979187012e-01 7.656081914901733398e-01 8.222129940986633301e-01 3.487392365932464600e-01 7.858422398567199707e-01 2.068208009004592896e-01 2.661363184452056885e-01 6.880204677581787109e-01 5.601133704185485840e-01 4.128668010234832764e-01 7.414908409118652344e-01 7.861219048500061035e-01 4.205921888351440430e-01 5.444469451904296875e-01
2.750324904918670654e-01 6.761941909790039062e-01 2.802540063858032227e-01 2.128462493419647217e-01 9.042490124702453613e-01 9.940454363822937012e-02 7.559633255004882812e-02 2.761099040508270264e-01 6.102823019027709961e-01 5.077898502349853516e-01 3.450770378112792969e-01 9.004803299903869629e-01 4.667910039424896240e-01 2.789114117622375488e-01
4.805000126361846924e-02 3.558411598205566406e-01 5.448667407035827637e-01 8.626024723052978516e-01 3.443387448787689209e-01 9.510781764984130859e-01 5.630793571472167969e-01 3.186665102839469910e-02 4.412553310394287109e-01 7.075358629226684570e-01 5.325602293014526367e-01 3.119677603244781494e-01 5.552976131439208984e-01 5.549039840698242188e-01
5.715150237083435059e-01 6.697493195533752441e-01 9.525500237941741943e-03 4.666982591152191162e-01 3.726490139961242676e-01 7.602512240409851074e-01 1.021566707640886307e-02 5.089777708053588867e-01 4.942220151424407959e-01 2.081142961978912354e-01 1.924539059400558472e-01 5.339931249618530273e-01 5.411880016326904297e-01 5.498529672622680664e-01
9.327325224876403809e-01 2.348181605339050293e-01 4.073869884014129639e-01 7.260274887084960938e-01 4.184297621250152588e-01 7.416318356990814209e-02 1.088709980249404907e-01 9.498730301856994629e-01 3.172038495540618896e-01 7.268573045730590820e-01 5.022873878479003906e-01 5.326882004737854004e-01 5.378162264823913574e-01 4.758598208427429199e-01
9.115700125694274902e-01 2.014214992523193359e-01 1.227905005216598511e-01 1.231812536716461182e-01 8.804874867200851440e-02 3.731257617473602295e-01 8.967713117599487305e-01 8.419224619865417480e-01 3.622159063816070557e-01 2.094226777553558350e-01 3.268288969993591309e-01 5.493996292352676392e-02 5.924382209777832031e-01 7.980930805206298828e-01
1.161575019359588623e-01 3.897109925746917725e-01 4.806842505931854248e-01 2.062187492847442627e-01 1.384695023298263550e-01 9.923548698425292969e-01 8.566848039627075195e-01 8.896292746067047119e-02 4.817005097866058350e-01 6.329133510589599609e-01 3.135132789611816406e-01 9.597316384315490723e-02 6.528869867324829102e-01 4.668349623680114746e-01
8.821874856948852539e-01 6.650519967079162598e-01 7.491685152053833008e-01 8.004524707794189453e-01 1.957895010709762573e-01 4.290509223937988281e-01 5.455083250999450684e-01 9.559360146522521973e-01 3.282247781753540039e-01 6.369762420654296875e-01 7.689557075500488281e-01 3.072605431079864502e-01 4.869987964630126953e-01 7.405524849891662598e-01
4.209500178694725037e-02 4.654684960842132568e-01 7.070075273513793945e-01 9.192500114440917969e-01 9.641632437705993652e-01 4.343936443328857422e-01 7.349821925163269043e-01 1.670220494270324707e-02 5.765019059181213379e-01 7.974917292594909668e-01 9.701752662658691406e-01 9.319807887077331543e-01 3.314399719238281250e-01 5.300701856613159180e-01
1.382649987936019897e-01 4.242379963397979736e-01 3.870057463645935059e-01 2.739222645759582520e-01 1.535300016403198242e-01 8.454275727272033691e-01 6.823347806930541992e-01 1.403976678848266602e-01 5.323035717010498047e-01 5.501255393028259277e-01 3.659229576587677002e-01 1.377815455198287964e-01 6.053007245063781738e-01 4.577475786209106445e-01
9.415324926376342773e-01 3.012421727180480957e-01 6.244004964828491211e-01 8.231049776077270508e-01 3.422524929046630859e-01 3.700414001941680908e-01 1.762366667389869690e-02 9.388964772224426270e-01 2.520179748535156250e-01 7.894262671470642090e-01 7.095676064491271973e-01 5.071881413459777832e-01 5.291405320167541504e-01 5.460897684097290039e-01
2.401574999094009399e-01 2.079986631870269775e-01 3.540312647819519043e-01 3.693287372589111328e-01 6.819369792938232422e-01 5.172184705734252930e-01 9.544367790222167969e-01 2.900249361991882324e-01 3.062881529331207275e-01 3.850342929363250732e-01 3.699086904525756836e-01 6.264007091522216797e-01 5.536084175109863281e-01 6.584064960479736328e-01
2.911700010299682617e-01 7.815181612968444824e-01 5.978302359580993652e-01 4.965867400169372559e-01 3.550987541675567627e-01 4.416069686412811279e-01 9.058699756860733032e-02 3.480162620544433594e-01 5.012027025222778320e-01 4.057291746139526367e-01 3.234557807445526123e-01 4.644928574562072754e-01 5.259090065956115723e-01 4.862426817417144775e-01
8.356775045394897461e-01 2.455728352069854736e-01 1.356099992990493774e-01 1.073537468910217285e-01 3.786669969558715820e-01 1.321859657764434814e-01 4.513680040836334229e-01 8.569253087043762207e-01 4.662627577781677246e-01 3.311212360858917236e-01 1.390303671360015869e-01 4.896847903728485107e-01 5.502544641494750977e-01 4.734666645526885986e-01
6.452999711036682129e-01 7.228813171386718750e-01 4.166477620601654053e-01 1.271352469921112061e-01 3.792915046215057373e-01 9.090248346328735352e-01 8.633690476417541504e-01 4.902600347995758057e-01 5.999872684478759766e-01 3.430146276950836182e-01 3.587419390678405762e-01 2.812729775905609131e-01 5.338667631149291992e-01 4.535734951496124268e-01
9.453775286674499512e-01 4.483483433723449707e-01 5.338767766952514648e-01 4.194562435150146484e-01 9.589000046253204346e-02 4.050602912902832031e-01 6.827933341264724731e-02 9.678167700767517090e-01 4.249656498432159424e-01 4.936226308345794678e-01 6.034017205238342285e-01 1.482272297143936157e-01 4.851912856101989746e-01 7.490835189819335938e-01
1.632775068283081055e-01 2.463389933109283447e-01 1.812174916267395020e-02 8.552125096321105957e-01 3.208000063896179199e-01 9.264221191406250000e-01 6.712666898965835571e-02 1.921178549528121948e-01 4.589481353759765625e-01 9.706628322601318359e-02 1.771027445793151855e-01 4.237484931945800781e-01 6.113844513893127441e-01 6.869845986366271973e-01
2.902024984359741211e-01 5.149865150451660156e-01 1.232604980468750000e-01 6.134899854660034180e-01 2.377225011587142944e-01 6.893795132637023926e-01 5.033299922943115234e-01 3.149510324001312256e-01 5.357628464698791504e-01 2.003195732831954956e-01 4.019026160240173340e-01 3.019426167011260986e-01 5.499298572540283203e-01 6.159272789955139160e-01
8.955125212669372559e-01 8.114154934883117676e-01 8.734227418899536133e-01 8.258324861526489258e-01 2.362000057473778725e-03 1.001930311322212219e-01 3.752813339233398438e-01 9.756219387054443359e-01 2.390280663967132568e-01 6.440106034278869629e-01 9.107606410980224609e-01 1.146717593073844910e-01 4.754157960414886475e-01 8.923598527908325195e-01
9.397100210189819336e-01 5.756773352622985840e-01 6.998737454414367676e-01 5.975875258445739746e-01 7.549244761466979980e-01 6.973967701196670532e-02 4.508709907531738281e-01 9.569591283798217773e-01 4.885979890823364258e-01 5.432381629943847656e-01 6.695483326911926270e-01 8.121420741081237793e-01 4.757356047630310059e-01 4.579752385616302490e-01
7.061024904251098633e-01 6.890123486518859863e-01 6.049064993858337402e-01 7.834874987602233887e-01 1.027437523007392883e-01 8.975669741630554199e-01 5.876389741897583008e-01 7.287202477455139160e-01 5.596457719802856445e-01 5.183035135269165039e-01 6.170875430107116699e-01 1.112316623330116272e-01 4.414109885692596436e-01 5.728219151496887207e-01
8.975899815559387207e-01 4.697036743164062500e-01 7.336025238037109375e-01 3.491324931383132935e-02 2.700837552547454834e-01 5.310596227645874023e-01 7.722600698471069336e-01 8.391464352607727051e-01 3.744894862174987793e-01 6.168428063392639160e-01 3.208368122577667236e-01 2.737025022506713867e-01 5.599687099456787109e-01 5.234236121177673340e-01
6.562575101852416992e-01 6.629771590232849121e-01 4.775017499923706055e-01 1.022827476263046265e-01 4.135647416114807129e-01 5.645847320556640625e-01 6.124833226203918457e-01 5.737180113792419434e-01 6.179736256599426270e-01 4.680233895778656006e-01 3.966258466243743896e-01 3.369991481304168701e-01 4.714434742927551270e-01 3.723024427890777588e-01
1.994124948978424072e-01 7.116785049438476562e-01 7.483339905738830566e-01 8.917700052261352539e-01 7.920985221862792969e-01 6.035103201866149902e-01 5.709459781646728516e-01 1.773798912763595581e-01 4.537400305271148682e-01 6.786615252494812012e-01 8.786582350730895996e-01 9.147379398345947266e-01 4.757698178291320801e-01 4.454279839992523193e-01
3.992750123143196106e-02 6.035388112068176270e-01 6.669340133666992188e-01 4.333457648754119873e-01 3.646380007266998291e-01 2.555052638053894043e-01 2.414180040359497070e-01 6.924942135810852051e-02 5.566095709800720215e-01 6.594335436820983887e-01 4.430297911167144775e-01 3.719313144683837891e-01 5.126683115959167480e-01 4.352361857891082764e-01
3.304075002670288086e-01 5.030621886253356934e-01 6.278139948844909668e-01 4.050882458686828613e-01 8.250897526741027832e-01 1.759143471717834473e-01 3.038363456726074219e-01 3.766151368618011475e-01 3.951007723808288574e-01 6.682660579681396484e-01 4.877586066722869873e-01 8.634321093559265137e-01 5.594492554664611816e-01 3.197061419486999512e-01
7.564575076103210449e-01 7.355639934539794922e-01 3.865852355957031250e-01 1.040752530097961426e-01 2.186167538166046143e-01 4.015469551086425781e-01 9.027533233165740967e-02 7.245560884475708008e-01 6.866922378540039062e-01 3.381828665733337402e-01 3.634637296199798584e-01 2.200145125389099121e-01 4.875462055206298828e-01 4.100484251976013184e-01
8.220875263214111328e-01 1.907531619071960449e-01 3.342727422714233398e-01 7.390099763870239258e-01 1.148107498884201050e-01 4.245533347129821777e-01 5.537246465682983398e-01 8.374060392379760742e-01 2.200007587671279907e-01 6.641360521316528320e-01 6.698201894760131836e-01 1.446202397346496582e-01 5.389237403869628906e-01 7.741270661354064941e-01
7.637525200843811035e-01 2.193756699562072754e-01 6.479589939117431641e-01 3.328700065612792969e-01 3.991712629795074463e-01 3.822734355926513672e-01 7.760412693023681641e-01 6.990976333618164062e-01 3.895340561866760254e-01 7.061865925788879395e-01 4.975708723068237305e-01 3.505112528800964355e-01 4.868130087852478027e-01 4.465439617633819580e-01
7.875074744224548340e-01 3.935721814632415771e-01 2.451302558183670044e-01 4.601802527904510498e-01 6.071097254753112793e-01 1.480668634176254272e-01 7.911457419395446777e-01 8.432075977325439453e-01 5.775546431541442871e-01 3.843544423580169678e-01 3.971596956253051758e-01 6.070402860641479492e-01 4.595986902713775635e-01 4.742372334003448486e-01
3.059949874877929688e-01 3.723730146884918213e-01 1.075612530112266541e-01 3.480210006237030029e-01 2.963880002498626709e-01 3.530102968215942383e-01 8.078389167785644531e-01 3.359459042549133301e-01 5.467492938041687012e-01 4.164907336235046387e-01 4.184485375881195068e-01 2.334623932838439941e-01 5.366184115409851074e-01 4.861381947994232178e-01
9.433299899101257324e-01 4.299593269824981689e-01 8.976902365684509277e-01 5.491250157356262207e-01 7.252297401428222656e-01 9.324047565460205078e-01 1.280533373355865479e-01 8.833060860633850098e-01 4.426274299621582031e-01 6.876091361045837402e-01 6.734272837638854980e-01 7.340805530548095703e-01 4.598273932933807373e-01 3.836526572704315186e-01
1.235074996948242188e-01 5.727509856224060059e-01 7.347679734230041504e-01 4.818204939365386963e-01 4.480882585048675537e-01 9.731080532073974609e-01 4.286733269691467285e-02 1.558825969696044922e-01 4.408312439918518066e-01 3.300163149833679199e-01 1.523488014936447144e-01 5.931168794631958008e-01 6.130863428115844727e-01 5.163056850433349609e-01
2.890950143337249756e-01 4.578706622123718262e-01 9.897245168685913086e-01 6.434550285339355469e-01 1.224555000662803650e-01 9.349458813667297363e-01 6.975103020668029785e-01 3.404455184936523438e-01 3.066907823085784912e-01 7.479567527770996094e-01 5.900241136550903320e-01 1.903062164783477783e-01 4.960329234600067139e-01 5.448626279830932617e-01
2.023375034332275391e-01 6.473358273506164551e-01 2.229654937982559204e-01 2.500700019299983978e-02 6.756947636604309082e-01 3.556163609027862549e-01 2.250733412802219391e-02 1.967369765043258667e-01 5.711221098899841309e-01 2.933379709720611572e-01 2.187972962856292725e-01 8.193076848983764648e-01 5.136811733245849609e-01 4.070274531841278076e-01
4.219950139522552490e-01 7.646686434745788574e-01 6.347999908030033112e-03 7.531049847602844238e-01 1.242562532424926758e-01 3.372195959091186523e-01 5.146833062171936035e-01 3.469996452331542969e-01 7.882786989212036133e-01 6.155999377369880676e-02 7.641552090644836426e-01 1.642897874116897583e-01 4.419157803058624268e-01 7.334141731262207031e-01
4.788174927234649658e-01 3.194924890995025635e-01 5.965227484703063965e-01 4.385774955153465271e-02 6.973350048065185547e-01 2.187957614660263062e-01 7.150638103485107422e-01 4.284192323684692383e-01 4.386794269084930420e-01 7.106074094772338867e-01 4.419418573379516602e-01 5.864564776420593262e-01 4.718406796455383301e-01 3.146259486675262451e-01
4.672800004482269287e-01 7.839406728744506836e-01 6.600199639797210693e-02 3.361677527427673340e-01 4.685899913311004639e-01 6.839167475700378418e-01 8.779417276382446289e-01 4.282469451427459717e-01 5.442461371421813965e-01 1.132090687751770020e-01 2.523849606513977051e-01 5.076529383659362793e-01 5.291165709495544434e-01 6.357212662696838379e-01
9.831500053405761719e-02 2.430223375558853149e-01 1.069182530045509338e-01 1.690900027751922607e-01 7.017850130796432495e-02 5.409317016601562500e-01 1.913406699895858765e-01 1.376155316829681396e-01 4.816238284111022949e-01 3.150630891323089600e-01 2.781342267990112305e-01 9.387125819921493530e-02 6.912802457809448242e-01 5.723056793212890625e-01
1.939525008201599121e-01 5.749671459197998047e-01 1.125610023736953735e-01 4.384860098361968994e-01 8.701074719429016113e-01 1.265665702521800995e-02 8.994114398956298828e-01 1.791590452194213867e-01 6.228796243667602539e-01 3.557547628879547119e-01 5.325005650520324707e-01 7.703037858009338379e-01 4.234119951725006104e-01 4.822408854961395264e-01
8.513799905776977539e-01 7.617304921150207520e-01 8.838009834289550781e-01 8.422024846076965332e-01 4.643672406673431396e-01 4.060956537723541260e-01 9.611281156539916992e-01 9.528977870941162109e-01 5.584998726844787598e-01 5.197433233261108398e-01 8.277873992919921875e-01 4.979556202888488770e-01 3.878185451030731201e-01 6.531388163566589355e-01
9.089725017547607422e-01 8.054739832878112793e-01 2.872747480869293213e-01 4.639824852347373962e-02 4.311567544937133789e-01 6.286209821701049805e-01 7.117702960968017578e-01 8.563423156738281250e-01 5.618773102760314941e-01 1.987721621990203857e-01 1.641366332769393921e-01 5.236250758171081543e-01 5.160911083221435547e-01 5.005283951759338379e-01
5.104849934577941895e-01 7.949961423873901367e-01 7.290897369384765625e-01 5.744174867868423462e-02 9.660699963569641113e-01 1.204870715737342834e-01 6.082953214645385742e-01 4.934986829757690430e-01 5.329289436340332031e-01 5.497744679450988770e-01 3.200002610683441162e-01 8.560032844543457031e-01 4.912461638450622559e-01 2.906972169876098633e-01
4.024674892425537109e-01 5.308409929275512695e-01 8.209207653999328613e-01 4.449402391910552979e-01 1.951487511396408081e-01 7.631204128265380859e-01 3.659426569938659668e-01 3.972011208534240723e-01 4.898597896099090576e-01 6.629456877708435059e-01 5.081261992454528809e-01 2.172883450984954834e-01 4.562620520591735840e-01 4.100238084793090820e-01
4.741500020027160645e-01 6.258891820907592773e-01 5.684112310409545898e-01 2.160882502794265747e-01 3.364087641239166260e-01 1.849265694618225098e-01 1.371466666460037231e-01 4.883850514888763428e-01 5.975303649902343750e-01 5.878121852874755859e-01 4.679886698722839355e-01 3.031411468982696533e-01 4.316363930702209473e-01 3.349423408508300781e-01
2.709099948406219482e-01 2.514235079288482666e-01 7.814787626266479492e-01 9.071499705314636230e-01 3.978590071201324463e-01 8.098334074020385742e-01 6.498166918754577637e-02 2.917531728744506836e-01 2.869082987308502197e-01 7.676593065261840820e-01 6.618396639823913574e-01 4.810492396354675293e-01 4.889179170131683350e-01 5.171882510185241699e-01
1.151824966073036194e-01 3.241913318634033203e-01 9.903672337532043457e-01 8.394625186920166016e-01 2.707232534885406494e-01 2.480010092258453369e-01 2.993963360786437988e-01 1.606700122356414795e-01 2.791918814182281494e-01 8.347436189651489258e-01 6.601193547248840332e-01 3.425692915916442871e-01 4.910115301609039307e-01 5.151697397232055664e-01
4.860574901103973389e-01 3.906390070915222168e-01 8.637714982032775879e-01 3.852500021457672119e-01 9.463507533073425293e-01 7.919812202453613281e-02 7.471725940704345703e-01 5.448791980743408203e-01 2.837764620780944824e-01 7.235617637634277344e-01 6.111146807670593262e-01 8.779296278953552246e-01 5.947725176811218262e-01 3.395116329193115234e-01
7.210574746131896973e-01 7.299295067787170410e-01 7.226535081863403320e-01 2.413289994001388550e-01 1.870062500238418579e-01 9.874011278152465820e-01 1.314249932765960693e-01 6.833990216255187988e-01 5.317599177360534668e-01 5.189490318298339844e-01 3.208978176116943359e-01 2.659529447555541992e-01 5.357533097267150879e-01 4.233071208000183105e-01
4.849674999713897705e-01 6.564419865608215332e-01 2.498087435960769653e-01 3.561352491378784180e-01 8.194324970245361328e-01 2.945234477519989014e-01 5.509723424911499023e-01 5.150423645973205566e-01 4.197337031364440918e-01 4.255792200565338135e-01 2.938711047172546387e-01 8.662155270576477051e-01 5.287599563598632812e-01 4.171738326549530029e-01
2.918199896812438965e-01 3.769334852695465088e-01 7.076249923557043076e-03 9.646374732255935669e-02 5.910787582397460938e-01 6.177909374237060547e-01 4.644666798412799835e-03 2.681626379489898682e-01 4.617859721183776855e-01 1.975689977407455444e-01 1.027336865663528442e-01 6.273326873779296875e-01 6.103070378303527832e-01 5.094610452651977539e-01
2.187999933958053589e-01 6.647023558616638184e-01 4.221962392330169678e-01 3.336167633533477783e-01 8.944849967956542969e-01 6.030992791056632996e-02 2.979376614093780518e-01 2.077529728412628174e-01 6.423341035842895508e-01 5.123550295829772949e-01 5.578244328498840332e-01 8.739146590232849121e-01 4.062741100788116455e-01 3.578270971775054932e-01
8.224225044250488281e-01 7.402433156967163086e-01 2.961525022983551025e-01 2.210082560777664185e-01 7.145950198173522949e-01 2.615224123001098633e-01 4.752733185887336731e-02 7.859931588172912598e-01 5.520694255828857422e-01 3.704843223094940186e-01 2.985971868038177490e-01 7.221430540084838867e-01 4.763830304145812988e-01 4.257548749446868896e-01
4.194749891757965088e-01 2.699975073337554932e-01 4.093010127544403076e-01 8.872525095939636230e-01 7.883397340774536133e-01 2.087681889533996582e-01 9.859033226966857910e-01 5.125515460968017578e-01 2.406042963266372681e-01 5.839025378227233887e-01 7.711932659149169922e-01 6.967352628707885742e-01 5.613470077514648438e-01 6.476810574531555176e-01
1.074099987745285034e-01 5.147746801376342773e-01 6.498927474021911621e-01 2.304484993219375610e-01 6.797647476196289062e-01 2.398218214511871338e-01 7.696491479873657227e-01 1.494230777025222778e-01 4.254292845726013184e-01 5.430634617805480957e-01 2.544755041599273682e-01 7.097026109695434570e-01 5.586307048797607422e-01 4.519024491310119629e-01
8.336049914360046387e-01 5.768643617630004883e-01 2.768962383270263672e-01 7.534524798393249512e-01 1.457317471504211426e-01 7.480971813201904297e-01 8.366149663925170898e-01 8.206738233566284180e-01 6.446213126182556152e-01 3.870445191860198975e-01 7.201068401336669922e-01 9.956799447536468506e-02 4.028879106044769287e-01 6.491418480873107910e-01
3.826574981212615967e-01 7.694680094718933105e-01 5.925670266151428223e-01 9.476324915885925293e-02 4.422264993190765381e-01 9.340739250183105469e-01 3.355516791343688965e-01 4.023157954216003418e-01 5.131977200508117676e-01 2.630886435508728027e-01 2.212076038122177124e-01 5.322968959808349609e-01 5.440810322761535645e-01 5.048957467079162598e-01
5.113499760627746582e-01 2.378431707620620728e-01 3.455624878406524658e-01 2.148524969816207886e-01 8.313295245170593262e-01 2.577446401119232178e-01 6.638646721839904785e-01 5.560975670814514160e-01 3.995862305164337158e-01 4.454664289951324463e-01 3.780795335769653320e-01 7.913384437561035156e-01 5.199864506721496582e-01 4.769318699836730957e-01
6.525874733924865723e-01 2.392528355121612549e-01 6.786890029907226562e-01 4.339849948883056641e-01 1.908887475728988647e-01 9.360762834548950195e-01 4.960900172591209412e-02 6.564334630966186523e-01 3.166147470474243164e-01 6.901882886886596680e-01 3.151393234729766846e-01 2.553591430187225342e-01 5.905994176864624023e-01 5.123872756958007812e-01
5.467050075531005859e-01 1.870023310184478760e-01 8.286457657814025879e-01 6.804149746894836426e-01 4.007642567157745361e-01 2.374509125947952271e-01 6.881269216537475586e-01 6.214694380760192871e-01 2.315794974565505981e-01 7.804653048515319824e-01 5.470170974731445312e-01 4.466650784015655518e-01 5.448756814002990723e-01 5.101574063301086426e-01
2.619799971580505371e-01 4.668925106525421143e-01 4.415662586688995361e-01 2.405797541141510010e-01 6.760755181312561035e-01 5.719378590583801270e-01 6.690992116928100586e-01 3.088712990283966064e-01 3.934707045555114746e-01 3.604350388050079346e-01 2.087406665086746216e-01 7.284646630287170410e-01 5.344350337982177734e-01 5.363745093345642090e-01
2.606249973177909851e-02 7.468205094337463379e-01 5.515075102448463440e-02 4.749662578105926514e-01 5.844900012016296387e-02 5.981199741363525391e-01 1.169060021638870239e-01 2.172549441456794739e-02 5.950521826744079590e-01 6.986314058303833008e-02 5.649804323911666870e-02 7.087828963994979858e-02 9.491604566574096680e-01 3.334276676177978516e-01
4.256824851036071777e-01 2.939333319664001465e-01 1.245462521910667419e-01 2.713499963283538818e-01 7.041749954223632812e-01 4.688818156719207764e-01 8.423999883234500885e-03 4.771782159805297852e-01 3.978492319583892822e-01 3.165314197540283203e-01 1.830560863018035889e-01 7.812024354934692383e-01 5.183511972427368164e-01 5.129033923149108887e-01
3.387424945831298828e-01 3.734189867973327637e-01 4.050225019454956055e-01 1.567617505788803101e-01 5.116922259330749512e-01 1.645481884479522705e-01 6.113106608390808105e-01 3.583580851554870605e-01 4.819208979606628418e-01 6.099461913108825684e-01 3.241991102695465088e-01 4.698666930198669434e-01 5.182067155838012695e-01 3.696266710758209229e-01
2.676999941468238831e-02 5.219780206680297852e-01 4.532757401466369629e-01 1.550734937191009521e-01 8.779900074005126953e-01 1.605148464441299438e-01 2.252106666564941406e-01 8.927644789218902588e-02 5.402373075485229492e-01 5.464252829551696777e-01 1.948929727077484131e-01 9.297409057617187500e-01 6.065804958343505859e-01 2.424073666334152222e-01
2.677325010299682617e-01 4.276773333549499512e-01 2.416699938476085663e-02 6.084374785423278809e-01 8.145624995231628418e-01 8.713982105255126953e-01 3.321253359317779541e-01 2.278695404529571533e-01 5.499112606048583984e-01 2.955011129379272461e-01 1.911925077438354492e-01 8.482856154441833496e-01 5.061804652214050293e-01 4.066156744956970215e-01
7.743549942970275879e-01 7.006013393402099609e-01 8.524999767541885376e-02 7.380449771881103516e-01 2.905760109424591064e-01 1.706953495740890503e-01 9.113837480545043945e-01 8.667613267898559570e-01 7.086123228073120117e-01 3.230621218681335449e-01 6.323791146278381348e-01 2.455812096595764160e-01 3.962339758872985840e-01 5.743868947029113770e-01
1.969375014305114746e-01 6.108993291854858398e-01 5.513120293617248535e-01 1.708187460899353027e-01 9.670730233192443848e-01 9.814832210540771484e-01 3.913173377513885498e-01 1.271434128284454346e-01 5.716127753257751465e-01 4.796851873397827148e-01 2.165804058313369751e-01 9.073011279106140137e-01 5.632361173629760742e-01 2.695448100566864014e-01
3.881750106811523438e-01 6.119034886360168457e-01 2.067935019731521606e-01 5.480024814605712891e-01 3.956972360610961914e-01 4.623664617538452148e-01 1.325823366641998291e-01 4.823932945728302002e-01 5.815702676773071289e-01 1.662903875112533569e-01 3.660780489444732666e-01 5.003932118415832520e-01 4.909165799617767334e-01 6.057516932487487793e-01
5.766400098800659180e-01 5.146343111991882324e-01 7.981177568435668945e-01 1.757925003767013550e-02 9.149297475814819336e-01 8.236863613128662109e-01 2.782280147075653076e-01 5.599107146263122559e-01 5.165609717369079590e-01 5.414512753486633301e-01 3.146071732044219971e-01 8.397815227508544922e-01 4.958191812038421631e-01 3.047514259815216064e-01
4.193724989891052246e-01 5.704103112220764160e-01 9.375479817390441895e-01 5.183500051498413086e-01 1.720524951815605164e-02 8.529582619667053223e-01 9.156036376953125000e-01 2.655487954616546631e-01 3.290905356407165527e-01 6.205227971076965332e-01 7.701264619827270508e-01 2.130007371306419373e-02 5.022886991500854492e-01 7.201900482177734375e-01
9.268174767494201660e-01 6.833134889602661133e-01 1.071157529950141907e-01 8.577075004577636719e-01 3.816100060939788818e-01 7.094860672950744629e-01 6.700205206871032715e-01 8.376791477203369141e-01 5.044816136360168457e-01 3.411068916320800781e-01 4.983694255352020264e-01 5.073556900024414062e-01 4.690053462982177734e-01 6.286394596099853516e-01
7.318674921989440918e-01 7.866895198822021484e-01 1.603672504425048828e-01 3.993819952011108398e-01 2.714375033974647522e-02 1.845335401594638824e-02 6.395210027694702148e-01 8.644807934761047363e-01 6.683337092399597168e-01 1.331926286220550537e-01 5.132454037666320801e-01 5.802657827734947205e-02 5.080071091651916504e-01 7.338531017303466797e-01
2.853749990463256836e-01 2.925376594066619873e-01 9.147037267684936523e-01 1.149602532386779785e-01 3.136115074157714844e-01 8.371827006340026855e-01 6.539336442947387695e-01 3.769668340682983398e-01 3.309368193149566650e-01 7.180928587913513184e-01 2.995446622371673584e-01 3.643576800823211670e-01 5.918770432472229004e-01 4.495570957660675049e-01
8.009849786758422852e-01 2.495688349008560181e-01 3.694149851799011230e-01 4.152512550354003906e-01 6.637880206108093262e-01 3.187219202518463135e-01 1.298296600580215454e-01 8.267603516578674316e-01 4.065614342689514160e-01 6.231482625007629395e-01 3.401628732681274414e-01 7.037735581398010254e-01 5.340182185173034668e-01 3.542810380458831787e-01
8.993300199508666992e-01 8.298105001449584961e-01 6.991509795188903809e-01 2.055032551288604736e-01 6.318110227584838867e-01 5.650351643562316895e-01 3.188586533069610596e-01 8.828109502792358398e-01 4.614111185073852539e-01 3.938335776329040527e-01 3.194406330585479736e-01 7.261441946029663086e-01 5.006348490715026855e-01 4.868182241916656494e-01
8.840849995613098145e-01 4.249545037746429443e-01 8.004292249679565430e-01 6.821925044059753418e-01 2.214410006999969482e-01 7.911826372146606445e-01 2.343586683273315430e-01 9.597663283348083496e-01 3.280606567859649658e-01 6.285246610641479492e-01 6.547933220863342285e-01 3.474580645561218262e-01 5.077902674674987793e-01 6.949065923690795898e-01
9.210274815559387207e-01 8.241934776306152344e-01 1.441952437162399292e-01 9.221624732017517090e-01 8.096445202827453613e-01 1.637774705886840820e-01 5.293623208999633789e-01 9.358589053153991699e-01 7.277901768684387207e-01 9.803920984268188477e-02 8.286920785903930664e-01 8.213772773742675781e-01 3.586736619472503662e-01 7.705351114273071289e-01
1.032650023698806763e-01 6.061866879463195801e-01 9.334867596626281738e-01 6.686224937438964844e-01 4.898157417774200439e-01 9.230985641479492188e-01 9.096899628639221191e-02 9.696827828884124756e-02 3.502399921417236328e-01 6.019989848136901855e-01 4.061990678310394287e-01 6.815026402473449707e-01 5.819736123085021973e-01 5.384815931320190430e-01
1.572250016033649445e-02 5.501933097839355469e-01 6.771889925003051758e-01 9.281749725341796875e-01 1.037472486495971680e-01 1.414424274116754532e-03 4.139993190765380859e-01 3.561087325215339661e-02 5.428479313850402832e-01 7.894539237022399902e-01 6.925649046897888184e-01 9.804326295852661133e-02 4.694436490535736084e-01 4.649472534656524658e-01
9.235525131225585938e-01 3.949665129184722900e-01 7.931002378463745117e-01 1.790682524442672729e-01 4.976750016212463379e-01 5.458761453628540039e-01 4.366553425788879395e-01 9.176681041717529297e-01 4.087373316287994385e-01 6.210173368453979492e-01 3.420060873031616211e-01 5.909638404846191406e-01 5.248960852622985840e-01 4.102526903152465820e-01
1.979175060987472534e-01 6.752796769142150879e-01 4.547674953937530518e-02 7.874624729156494141e-01 5.690722465515136719e-01 2.273631244897842407e-01 9.522694349288940430e-01 1.824675947427749634e-01 6.976817250251770020e-01 9.139249473810195923e-02 8.483253717422485352e-01 4.895446002483367920e-01 3.967915475368499756e-01 7.695306539535522461e-01
8.363825082778930664e-01 5.539223551750183105e-01 1.699452549219131470e-01 1.525920033454895020e-01 5.172460079193115234e-01 2.129415124654769897e-01 9.047660231590270996e-01 7.687941193580627441e-01 5.537344813346862793e-01 2.885533869266510010e-01 3.133203089237213135e-01 4.866853654384613037e-01 4.920012652873992920e-01 5.331594347953796387e-01
6.177449822425842285e-01 4.513861536979675293e-01 7.209537625312805176e-01 8.974174857139587402e-01 6.533207297325134277e-01 2.059001028537750244e-01 6.380500197410583496e-01 7.456530332565307617e-01 4.051485061645507812e-01 6.431645154953002930e-01 8.152457475662231445e-01 7.061907052993774414e-01 4.476018249988555908e-01 5.074351429939270020e-01
1.009124964475631714e-01 6.879591941833496094e-01 1.997750066220760345e-02 6.834300160408020020e-01 7.284657359123229980e-01 6.412071585655212402e-01 6.916796565055847168e-01 5.522535741329193115e-02 7.248747944831848145e-01 1.397671103477478027e-01 3.098162710666656494e-01 8.107694983482360840e-01 5.134499073028564453e-01 4.242737293243408203e-01
6.674299836158752441e-01 5.980223417282104492e-01 6.383082270622253418e-01 8.125175237655639648e-01 5.764729976654052734e-01 7.256382107734680176e-01 7.991791963577270508e-01 5.733543038368225098e-01 5.710229873657226562e-01 6.426286697387695312e-01 7.041918635368347168e-01 4.546529054641723633e-01 3.557893633842468262e-01 3.906984329223632812e-01
9.152950048446655273e-01 3.824835121631622314e-01 3.167175129055976868e-02 6.498900055885314941e-01 3.500327467918395996e-01 4.005763530731201172e-01 9.391322135925292969e-01 9.153199195861816406e-01 6.652883887290954590e-01 1.924984306097030640e-01 5.457707047462463379e-01 3.246549665927886963e-01 4.319598376750946045e-01 6.843066811561584473e-01
6.921799778938293457e-01 8.222406506538391113e-01 7.821360230445861816e-01 9.717974811792373657e-02 8.441224694252014160e-02 9.396265745162963867e-01 5.463773608207702637e-01 7.267355322837829590e-01 4.999172687530517578e-01 3.777421414852142334e-01 2.385124862194061279e-01 1.203103736042976379e-01 6.053445339202880859e-01 5.215448737144470215e-01
5.638749897480010986e-02 5.180361866950988770e-01 2.985157370567321777e-01 5.752224922180175781e-01 3.860124945640563965e-02 9.548144340515136719e-01 2.561509907245635986e-01 5.589531734585762024e-02 5.836299657821655273e-01 4.893420040607452393e-01 3.148650228977203369e-01 9.728819131851196289e-02 6.715314388275146484e-01 4.635120034217834473e-01
6.760150194168090820e-01 3.978196680545806885e-01 2.133630067110061646e-01 3.120270073413848877e-01 8.028190135955810547e-01 6.703135371208190918e-01 2.213333267718553543e-03 5.515312552452087402e-01 3.657905757427215576e-01 4.750378429889678955e-01 2.260116785764694214e-01 8.062067627906799316e-01 5.487894415855407715e-01 4.261255860328674316e-01
5.205425024032592773e-01 6.263401508331298828e-01 7.171582579612731934e-01 9.639474749565124512e-01 3.943062424659729004e-01 8.892873525619506836e-01 2.568343281745910645e-01 4.803985357284545898e-01 4.439962804317474365e-01 6.690061688423156738e-01 6.820845603942871094e-01 4.391966164112091064e-01 4.085319042205810547e-01 4.515405297279357910e-01
6.147599816322326660e-01 7.311356663703918457e-01 3.016292452812194824e-01 3.979269862174987793e-01 7.961990237236022949e-01 3.227452635765075684e-01 5.191223621368408203e-01 5.766876339912414551e-01 6.575059294700622559e-01 1.927048116922378540e-01 6.646635532379150391e-01 7.882243394851684570e-01 3.961060047149658203e-01 6.111052632331848145e-01
7.023950219154357910e-01 4.067324995994567871e-01 5.377715229988098145e-01 7.084850072860717773e-01 1.343989968299865723e-01 2.145118117332458496e-01 8.027804493904113770e-01 7.986544370651245117e-01 2.894634008407592773e-01 6.469299793243408203e-01 6.561177372932434082e-01 1.386091709136962891e-01 5.122683644294738770e-01 7.236605882644653320e-01
5.354974865913391113e-01 5.842888355255126953e-01 5.847677588462829590e-01 1.391949970275163651e-02 3.179252445697784424e-01 9.791405797004699707e-01 9.627295136451721191e-01 4.866664409637451172e-01 5.383846163749694824e-01 3.198819160461425781e-01 2.082394957542419434e-01 2.128542959690093994e-01 6.354398727416992188e-01 4.473031163215637207e-01
3.855200111865997314e-01 3.826225101947784424e-01 3.831412494182586670e-01 5.942674875259399414e-01 1.158215031027793884e-01 5.359768867492675781e-01 4.466053247451782227e-01 3.475364446640014648e-01 4.522597491741180420e-01 6.703051328659057617e-01 5.811442732810974121e-01 1.338959485292434692e-01 4.555155634880065918e-01 4.783934950828552246e-01
6.591849923133850098e-01 7.273576855659484863e-01 9.872300028800964355e-01 9.687950015068054199e-01 6.206924840807914734e-02 3.202922344207763672e-01 4.347600042819976807e-02 8.418888449668884277e-01 4.323715269565582275e-01 6.252468824386596680e-01 8.923293352127075195e-01 1.494442522525787354e-01 3.827686309814453125e-01 7.495095729827880859e-01
3.743075132369995117e-01 1.804251670837402344e-01 5.700204968452453613e-01 9.342525005340576172e-01 8.691604733467102051e-01 9.029058814048767090e-01 6.325396895408630371e-01 5.010664463043212891e-01 1.990941464900970459e-01 6.503474116325378418e-01 7.455825209617614746e-01 8.709457516670227051e-01 6.228658556938171387e-01 5.430976152420043945e-01
2.431399971246719360e-01 6.518099904060363770e-01 6.836882233619689941e-01 8.708475232124328613e-01 7.578252553939819336e-01 8.838328123092651367e-01 8.277581930160522461e-01 2.061194926500320435e-01 5.592195987701416016e-01 5.361333489418029785e-01 7.632287740707397461e-01 7.194113135337829590e-01 4.011815488338470459e-01 5.099598765373229980e-01
7.648574709892272949e-01 8.286006450653076172e-01 2.781339883804321289e-01 4.238727390766143799e-01 2.722517549991607666e-01 2.460802048444747925e-01 9.565520286560058594e-01 9.036706089973449707e-01 7.566189169883728027e-01 1.170988082885742188e-01 5.021675229072570801e-01 1.964043229818344116e-01 4.425200223922729492e-01 6.608729362487792969e-01
2.825649976730346680e-01 8.103526830673217773e-01 2.514462471008300781e-01 7.072499990463256836e-01 6.276107430458068848e-01 3.448321223258972168e-01 2.789916694164276123e-01 2.248121500015258789e-01 6.976861953735351562e-01 2.832437753677368164e-01 6.956019997596740723e-01 6.827449798583984375e-01 3.531471192836761475e-01 5.529149174690246582e-01
2.281800061464309692e-01 5.713376402854919434e-01 2.883532643318176270e-01 1.377200037240982056e-01 5.887755155563354492e-01 3.408911228179931641e-01 6.864238381385803223e-01 2.771596908569335938e-01 5.379312634468078613e-01 1.747005879878997803e-01 2.653045952320098877e-01 6.475153565406799316e-01 5.090692043304443359e-01 5.811102390289306641e-01
5.665624737739562988e-01 4.706581532955169678e-01 9.681354761123657227e-01 9.652425050735473633e-01 2.029772549867630005e-01 6.433927416801452637e-01 1.452553272247314453e-01 7.189136743545532227e-01 2.325122356414794922e-01 7.780728936195373535e-01 6.284021139144897461e-01 3.419675230979919434e-01 5.227350592613220215e-01 5.813347101211547852e-01
4.236100018024444580e-01 6.330366730690002441e-01 4.832724928855895996e-01 6.208350062370300293e-01 9.452239871025085449e-01 8.998580574989318848e-01 6.544290184974670410e-01 4.253079891204833984e-01 4.447522759437561035e-01 5.693287253379821777e-01 3.566081821918487549e-01 8.999251127243041992e-01 5.505093932151794434e-01 3.093963563442230225e-01
2.513074874877929688e-01 6.845498085021972656e-01 5.182727575302124023e-01 7.420225143432617188e-01 7.558747529983520508e-01 9.541047215461730957e-01 5.506606698036193848e-01 1.839315891265869141e-01 6.180016994476318359e-01 4.543023705482482910e-01 6.104936003684997559e-01 7.906228303909301758e-01 4.137743115425109863e-01 4.562600255012512207e-01
7.221900224685668945e-01 5.390323400497436523e-01 7.613592743873596191e-01 3.901707530021667480e-01 7.574895024299621582e-01 3.000381886959075928e-01 2.319233305752277374e-02 7.242679595947265625e-01 4.746285676956176758e-01 6.405715942382812500e-01 6.074801087379455566e-01 7.522178888320922852e-01 4.495450556278228760e-01 3.668822348117828369e-01
4.459049999713897705e-01 3.026011586189270020e-01 6.282929778099060059e-01 7.491675019264221191e-01 3.580130040645599365e-01 8.964112997055053711e-01 8.094801902770996094e-01 3.841437399387359619e-01 3.844194710254669189e-01 7.139663696289062500e-01 6.738910675048828125e-01 3.186668753623962402e-01 4.226183891296386719e-01 4.879288673400878906e-01
8.533899784088134766e-01 3.146043419837951660e-01 5.678964853286743164e-01 7.102800011634826660e-01 4.855934977531433105e-01 7.525841593742370605e-01 2.747343480587005615e-01 9.381026625633239746e-01 4.069985449314117432e-01 6.788981556892395020e-01 4.305889308452606201e-01 5.702971220016479492e-01 5.083996057510375977e-01 4.069055318832397461e-01
6.411550045013427734e-01 8.150728344917297363e-01 1.330382525920867920e-01 6.928675174713134766e-01 6.971567273139953613e-01 2.246264666318893433e-01 5.974999815225601196e-02 7.690789699554443359e-01 6.381984353065490723e-01 1.562458872795104980e-01 5.326017737388610840e-01 7.564333081245422363e-01 4.180118441581726074e-01 6.309433579444885254e-01
9.480400085449218750e-01 3.835346698760986328e-01 4.540565013885498047e-01 8.414499759674072266e-01 5.645434856414794922e-01 8.906733989715576172e-02 6.361493468284606934e-01 9.748849272727966309e-01 4.957309365272521973e-01 5.939499735832214355e-01 7.183287739753723145e-01 6.629968881607055664e-01 4.434598982334136963e-01 5.324098467826843262e-01
6.005749702453613281e-01 4.847624897956848145e-01 8.113687634468078613e-01 2.652762532234191895e-01 8.548035025596618652e-01 4.757790863513946533e-01 3.636936545372009277e-01 6.141231656074523926e-01 4.363967180252075195e-01 6.909517049789428711e-01 4.876899719238281250e-01 8.016386628150939941e-01 4.874748587608337402e-01 2.881455719470977783e-01
1.110275015234947205e-01 2.111788392066955566e-01 7.077494859695434570e-01 2.781272530555725098e-01 5.866624712944030762e-01 9.307897090911865234e-01 6.207766532897949219e-01 7.865969091653823853e-02 3.001084625720977783e-01 8.054461479187011719e-01 3.345948755741119385e-01 5.365703105926513672e-01 6.188707947731018066e-01 4.702163934707641602e-01
2.567500062286853790e-02 4.228844940662384033e-01 5.892722606658935547e-01 1.172937527298927307e-01 7.627207636833190918e-01 4.617433249950408936e-01 4.659066721796989441e-02 7.404872775077819824e-02 5.227888822555541992e-01 6.576145887374877930e-01 3.411040306091308594e-01 8.060572743415832520e-01 5.720481872558593750e-01 3.128858804702758789e-01
5.437625050544738770e-01 4.533329904079437256e-01 3.228259980678558350e-01 2.969120144844055176e-01 2.515499945729970932e-03 9.912050366401672363e-01 1.553283333778381348e-01 4.520373046398162842e-01 4.577428400516510010e-01 3.675487041473388672e-01 2.287757992744445801e-01 5.281505733728408813e-02 6.868972182273864746e-01 5.386868715286254883e-01
3.166849911212921143e-01 7.622463107109069824e-01 5.324542522430419922e-01 9.136375188827514648e-01 1.986850053071975708e-01 5.324100852012634277e-01 4.538910090923309326e-01 3.134917020797729492e-01 6.386254429817199707e-01 5.758525133132934570e-01 7.840983271598815918e-01 2.313048690557479858e-01 3.356346487998962402e-01 4.542921483516693115e-01
4.993399977684020996e-01 3.096803426742553711e-01 2.139532566070556641e-01 4.033262431621551514e-01 2.084387540817260742e-01 3.601115047931671143e-01 9.812766313552856445e-02 5.105323791503906250e-01 5.646172761917114258e-01 4.369532763957977295e-01 3.602835237979888916e-01 2.354622930288314819e-01 5.414409637451171875e-01 4.411995410919189453e-01
7.895249724388122559e-01 5.297675132751464844e-01 3.042252361774444580e-01 9.179800003767013550e-02 5.694057345390319824e-01 5.106668472290039062e-01 4.797366559505462646e-01 7.436493039131164551e-01 4.998759329319000244e-01 3.616171479225158691e-01 2.418358325958251953e-01 6.206831336021423340e-01 5.039646029472351074e-01 4.604929089546203613e-01
5.272325277328491211e-01 7.093918323516845703e-01 3.611157536506652832e-01 9.496300220489501953e-01 6.402812600135803223e-01 6.713600158691406250e-01 9.058790206909179688e-01 5.006887316703796387e-01 6.083029508590698242e-01 2.256526201963424683e-01 8.614351153373718262e-01 5.875440835952758789e-01 3.998590707778930664e-01 7.274662852287292480e-01
3.123125135898590088e-01 4.088098406791687012e-01 6.865184903144836426e-01 4.562374949455261230e-01 6.458075344562530518e-02 9.768857359886169434e-01 6.840962171554565430e-01 3.073265850543975830e-01 3.726508021354675293e-01 6.614294648170471191e-01 4.277094006538391113e-01 7.324061542749404907e-02 5.795667767524719238e-01 5.299276709556579590e-01
8.310725092887878418e-01 5.403896570205688477e-01 9.485497474670410156e-01 9.267324805259704590e-01 4.927807450294494629e-01 1.241548508405685425e-01 7.178046703338623047e-01 9.496603012084960938e-01 4.062619805335998535e-01 7.100154161453247070e-01 8.705614209175109863e-01 6.318398714065551758e-01 4.297939240932464600e-01 5.704727768898010254e-01
7.500150203704833984e-01 6.886648535728454590e-01 8.388947248458862305e-01 2.166852504014968872e-01 4.243020117282867432e-01 7.753919959068298340e-01 4.646323323249816895e-01 6.795122027397155762e-01 5.241360068321228027e-01 6.250939965248107910e-01 4.269489645957946777e-01 4.340834915637969971e-01 4.577362537384033203e-01 3.438768088817596436e-01
9.782999753952026367e-01 1.964164972305297852e-01 2.120487540960311890e-01 2.412052452564239502e-01 5.920817255973815918e-01 4.833647608757019043e-01 9.946934580802917480e-01 7.857695817947387695e-01 6.311082839965820312e-01 4.502761065959930420e-01 3.688968718051910400e-01 3.065770864486694336e-01 4.705558717250823975e-01 3.931866884231567383e-01
3.500050008296966553e-01 3.920294940471649170e-01 1.597952544689178467e-01 2.286152541637420654e-01 8.703800290822982788e-02 7.270420193672180176e-01 1.016630008816719055e-01 3.780363202095031738e-01 5.165760517120361328e-01 2.467659711837768555e-01 2.419126033782958984e-01 1.631647348403930664e-01 6.430766582489013672e-01 5.340317487716674805e-01
9.309024810791015625e-01 5.674168467521667480e-01 4.735549911856651306e-02 3.838689923286437988e-01 1.821410059928894043e-01 5.494671463966369629e-01 7.441146969795227051e-01 9.364662170410156250e-01 7.241378426551818848e-01 1.193791404366493225e-01 4.668054580688476562e-01 1.850264072418212891e-01 4.466170370578765869e-01 6.943240761756896973e-01
9.231449961662292480e-01 7.787933349609375000e-01 3.273360133171081543e-01 2.901457548141479492e-01 6.984967589378356934e-01 3.928855657577514648e-01 4.757146537303924561e-01 8.358762860298156738e-01 5.804961919784545898e-01 2.157402932643890381e-01 4.976725280284881592e-01 7.221179008483886719e-01 4.400634467601776123e-01 6.170810461044311523e-01
2.451175004243850708e-01 4.562650024890899658e-01 6.924507617950439453e-01 3.567437529563903809e-01 4.122827351093292236e-01 7.973399758338928223e-01 3.205213248729705811e-01 2.819632589817047119e-01 3.681862950325012207e-01 5.725755691528320312e-01 2.917954325675964355e-01 5.393416881561279297e-01 5.569065809249877930e-01 5.074971914291381836e-01
9.668574929237365723e-01 1.919428259134292603e-01 6.263830065727233887e-01 8.953624963760375977e-01 9.742457270622253418e-01 7.615771889686584473e-01 1.582150012254714966e-01 8.979525566101074219e-01 2.720335125923156738e-01 7.719770073890686035e-01 7.242108583450317383e-01 9.003232717514038086e-01 5.853842496871948242e-01 3.051218986511230469e-01
5.324425101280212402e-01 4.352684915065765381e-01 2.491395026445388794e-01 6.716374754905700684e-01 6.308640241622924805e-01 4.560471773147583008e-01 8.766566962003707886e-02 5.523449182510375977e-01 5.138203501701354980e-01 3.192035853862762451e-01 5.158039331436157227e-01 6.720008254051208496e-01 4.671844542026519775e-01 5.745761990547180176e-01
1.225624978542327881e-01 3.712626695632934570e-01 6.342087388038635254e-01 9.956799745559692383e-01 8.486082553863525391e-01 8.408389687538146973e-01 5.432586669921875000e-01 8.169000595808029175e-02 3.960290551185607910e-01 7.658874988555908203e-01 8.884862065315246582e-01 8.835891485214233398e-01 4.883206784725189209e-01 4.839850068092346191e-01
3.315024971961975098e-01 4.459505081176757812e-01 2.594454884529113770e-01 3.673065006732940674e-01 9.403579831123352051e-01 4.459691047668457031e-01 4.980776607990264893e-01 2.469285726547241211e-01 5.506136417388916016e-01 5.003548860549926758e-01 4.724598526954650879e-01 8.903719186782836914e-01 4.919935464859008789e-01 3.632188737392425537e-01
9.722474813461303711e-01 8.184563517570495605e-01 5.392625182867050171e-02 8.052600026130676270e-01 3.060939908027648926e-01 5.404233187437057495e-02 6.121023297309875488e-01 9.484952688217163086e-01 5.913032293319702148e-01 4.379865825176239014e-01 5.257086753845214844e-01 3.960388004779815674e-01 4.239061772823333740e-01 5.729221701622009277e-01
3.783524930477142334e-01 4.758246541023254395e-01 2.805329859256744385e-01 9.298049807548522949e-01 4.370642602443695068e-01 8.164232373237609863e-01 5.689759850502014160e-01 3.153473436832427979e-01 5.907102823257446289e-01 3.775832355022430420e-01 6.613104343414306641e-01 3.952693939208984375e-01 4.349294900894165039e-01 5.597691535949707031e-01
3.359574973583221436e-01 4.584150016307830811e-01 6.064245104789733887e-01 5.787624716758728027e-01 4.284024983644485474e-02 3.569453656673431396e-01 1.869916617870330811e-01 3.472995460033416748e-01 3.952516615390777588e-01 6.905233263969421387e-01 5.376500487327575684e-01 9.653428196907043457e-02 5.022037029266357422e-01 5.167954564094543457e-01
7.872500270605087280e-02 6.952015161514282227e-01 5.744507312774658203e-01 4.628325104713439941e-01 8.301732540130615234e-01 1.149494946002960205e-01 4.031539857387542725e-01 8.196499943733215332e-02 5.992493033409118652e-01 6.036223769187927246e-01 4.929361641407012939e-01 8.970136642456054688e-01 4.815717339515686035e-01 3.234842717647552490e-01
5.235400199890136719e-01 1.799228340387344360e-01 2.585499882698059082e-01 4.634810090065002441e-01 3.276025131344795227e-02 5.215286612510681152e-01 3.986496627330780029e-01 4.416803121566772461e-01 3.091264367103576660e-01 5.873271226882934570e-01 4.681615233421325684e-01 5.168351158499717712e-02 5.940787196159362793e-01 6.591721773147583008e-01
6.351299881935119629e-01 4.954561591148376465e-01 5.206304788589477539e-01 8.801025152206420898e-01 8.172914981842041016e-01 2.925721108913421631e-01 2.081480026245117188e-01 7.279877066612243652e-01 4.651168286800384521e-01 6.243336200714111328e-01 8.194636106491088867e-01 8.258745074272155762e-01 4.366236925125122070e-01 4.470454752445220947e-01
8.144000172615051270e-02 2.488018274307250977e-01 5.519632697105407715e-01 9.521549940109252930e-01 4.963027536869049072e-01 1.999808102846145630e-01 9.018449187278747559e-01 8.929266035556793213e-02 3.720193505287170410e-01 8.127774000167846680e-01 7.765810489654541016e-01 3.735968768596649170e-01 4.245991408824920654e-01 5.317240357398986816e-01
9.908249974250793457e-02 3.643186688423156738e-01 3.800162374973297119e-01 4.586944878101348877e-01 9.990582466125488281e-01 2.283266633749008179e-01 8.083066344261169434e-02 1.014440953731536865e-01 5.344926714897155762e-01 6.507729887962341309e-01 5.586836934089660645e-01 9.371352791786193848e-01 5.277181267738342285e-01 2.996207475662231445e-01
4.001275002956390381e-01 7.917764782905578613e-01 8.773159980773925781e-01 7.425274848937988281e-01 4.934199899435043335e-02 6.343688964843750000e-01 6.705711483955383301e-01 3.378740549087524414e-01 5.646387934684753418e-01 5.005254745483398438e-01 7.320587038993835449e-01 7.849381864070892334e-02 4.244294166564941406e-01 5.694221854209899902e-01
8.788024783134460449e-01 2.882485091686248779e-01 4.362019896507263184e-01 2.292435020208358765e-01 1.749565005302429199e-01 3.272726237773895264e-01 3.121453225612640381e-01 9.231410622596740723e-01 3.353963196277618408e-01 5.268876552581787109e-01 3.323041498661041260e-01 2.355560064315795898e-01 5.536266565322875977e-01 6.485041975975036621e-01
5.246300101280212402e-01 7.891093492507934570e-01 6.284675002098083496e-01 3.088797628879547119e-01 1.713967472314834595e-01 8.540242314338684082e-01 3.292213380336761475e-01 5.352830290794372559e-01 5.914663672447204590e-01 4.312865436077117920e-01 2.888091504573822021e-01 1.964792162179946899e-01 5.732357501983642578e-01 3.917389512062072754e-01
9.594975113868713379e-01 6.874708533287048340e-01 4.035227596759796143e-01 6.665775179862976074e-01 6.589277386665344238e-01 7.729770541191101074e-01 9.734829068183898926e-01 8.916103243827819824e-01 7.053262591361999512e-01 2.004662901163101196e-01 6.658673882484436035e-01 5.412667393684387207e-01 3.950852155685424805e-01 6.604923605918884277e-01
3.437699973583221436e-01 8.129094839096069336e-01 1.602175086736679077e-02 4.405975043773651123e-01 5.023117661476135254e-01 9.589549303054809570e-01 4.293240010738372803e-01 1.969474703073501587e-01 6.777892112731933594e-01 7.248513400554656982e-02 3.229523897171020508e-01 5.127809047698974609e-01 5.252950191497802734e-01 5.964540839195251465e-01
7.258200049400329590e-01 2.479218393564224243e-01 7.243525236845016479e-02 5.845925211906433105e-01 8.720152378082275391e-01 4.485038518905639648e-01 7.563648819923400879e-01 7.440922260284423828e-01 4.962277412414550781e-01 2.755859494209289551e-01 6.119138002395629883e-01 7.945137619972229004e-01 4.689992070198059082e-01 6.161337494850158691e-01
8.460274934768676758e-01 5.816666483879089355e-01 8.161755204200744629e-01 9.538800269365310669e-02 2.957180142402648926e-01 2.649264596402645111e-02 1.313333341386169195e-04 9.497108459472656250e-01 5.953318476676940918e-01 4.972818195819854736e-01 3.503220379352569580e-01 3.529731631278991699e-01 4.565851092338562012e-01 4.359922707080841064e-01
4.621574878692626953e-01 6.086621880531311035e-01 8.701887726783752441e-01 1.482934951782226562e-01 7.603870034217834473e-01 7.474350333213806152e-01 6.460610032081604004e-01 4.977346062660217285e-01 3.760284185409545898e-01 5.226739645004272461e-01 2.175619006156921387e-01 7.622203230857849121e-01 5.490953922271728516e-01 4.090847373008728027e-01
4.149599969387054443e-01 7.521628141403198242e-01 7.605475187301635742e-01 2.939962446689605713e-01 2.234402447938919067e-01 7.320348620414733887e-01 1.108413338661193848e-01 4.194098412990570068e-01 5.275728106498718262e-01 5.979831218719482422e-01 4.141097068786621094e-01 2.849031686782836914e-01 4.876577258110046387e-01 3.837946057319641113e-01
2.838174998760223389e-01 2.560605108737945557e-01 3.676230013370513916e-01 1.902177482843399048e-01 4.346600174903869629e-02 4.613388776779174805e-01 7.754874229431152344e-01 2.971055507659912109e-01 3.294609189033508301e-01 5.925704836845397949e-01 3.587203025817871094e-01 3.740628436207771301e-02 6.521747112274169922e-01 5.973057150840759277e-01
7.600975036621093750e-01 3.159946799278259277e-01 9.268649816513061523e-01 7.690849900245666504e-01 7.082754969596862793e-01 6.910464763641357422e-01 8.161400258541107178e-02 7.415454387664794922e-01 3.372263908386230469e-01 7.684885263442993164e-01 8.014041185379028320e-01 7.374469637870788574e-01 4.509115219116210938e-01 4.005049467086791992e-01
3.401150107383728027e-01 4.098608195781707764e-01 8.265535235404968262e-01 2.340075001120567322e-02 8.499457240104675293e-01 5.403444170951843262e-01 9.904894232749938965e-01 3.307636380195617676e-01 3.489901125431060791e-01 5.097241401672363281e-01 2.239628136157989502e-01 6.501798033714294434e-01 5.551953315734863281e-01 5.142215490341186523e-01
7.379250228404998779e-02 2.369726598262786865e-01 3.061262369155883789e-01 4.698527455329895020e-01 3.513424992561340332e-01 8.672384023666381836e-01 4.745656549930572510e-01 7.040350884199142456e-02 4.657182693481445312e-01 5.426190495491027832e-01 2.136436402797698975e-01 3.008243441581726074e-01 6.693595051765441895e-01 4.828186929225921631e-01
8.409025073051452637e-01 3.849034905433654785e-01 5.076490044593811035e-01 5.603049993515014648e-01 4.552302360534667969e-01 7.210103273391723633e-01 2.970200031995773315e-02 7.953182458877563477e-01 4.270773828029632568e-01 6.870784163475036621e-01 4.525189995765686035e-01 4.992904067039489746e-01 4.858437776565551758e-01 3.768579065799713135e-01
8.393225073814392090e-01 8.266563415527343750e-01 6.758890151977539062e-01 7.704700231552124023e-01 8.841337561607360840e-01 9.685876965522766113e-01 4.392729997634887695e-01 8.366131782531738281e-01 4.903320670127868652e-01 5.152685046195983887e-01 5.732416510581970215e-01 8.436781764030456543e-01 4.859114289283752441e-01 4.118810296058654785e-01
1.661400049924850464e-01 6.121063232421875000e-01 9.414732456207275391e-01 3.537087440490722656e-01 2.443282455205917358e-01 5.430192947387695312e-01 2.133366614580154419e-01 1.980351507663726807e-01 4.590856730937957764e-01 7.139730453491210938e-01 4.496207237243652344e-01 3.209109008312225342e-01 4.980466663837432861e-01 4.111389517784118652e-01
1.142899990081787109e-01 5.022076964378356934e-01 3.956967592239379883e-01 6.932150125503540039e-01 5.350524783134460449e-01 8.138171434402465820e-01 3.540943264961242676e-01 8.973300457000732422e-02 5.367839336395263672e-01 3.931128680706024170e-01 4.593293964862823486e-01 5.683141946792602539e-01 5.118766427040100098e-01 5.511646270751953125e-01
5.182600021362304688e-01 3.556966781616210938e-01 8.806502223014831543e-01 8.854550123214721680e-01 1.097917482256889343e-01 1.123079806566238403e-01 7.073566317558288574e-02 6.970947384834289551e-01 2.302466630935668945e-01 7.480273842811584473e-01 7.000647783279418945e-01 2.054829895496368408e-01 5.066909193992614746e-01 6.867641210556030273e-01
3.724775016307830811e-01 5.169306397438049316e-01 9.598565101623535156e-01 2.058545053005218506e-01 6.064407229423522949e-01 4.743869602680206299e-01 1.682433299720287323e-02 4.162141382694244385e-01 3.351228833198547363e-01 5.883335471153259277e-01 3.814049661159515381e-01 7.129287719726562500e-01 5.517846941947937012e-01 4.644714891910552979e-01
3.574975132942199707e-01 2.614721655845642090e-01 4.657504856586456299e-01 7.234624773263931274e-02 5.399230122566223145e-01 3.208415210247039795e-01 8.659772276878356934e-01 3.621830344200134277e-01 3.761513531208038330e-01 5.900229811668395996e-01 2.823322117328643799e-01 5.195190906524658203e-01 5.581111907958984375e-01 4.730716645717620850e-01
7.948099970817565918e-01 7.934901714324951172e-01 4.973399937152862549e-01 8.454874753952026367e-01 6.740797758102416992e-01 8.887760639190673828e-01 5.501233339309692383e-01 8.145337104797363281e-01 5.826438665390014648e-01 2.959104776382446289e-01 6.725937724113464355e-01 7.090216875076293945e-01 4.303568899631500244e-01 6.225200891494750977e-01
9.584950208663940430e-01 2.148646712303161621e-01 4.728852510452270508e-01 1.839692443609237671e-01 1.228250004351139069e-02 9.208595752716064453e-01 4.721139967441558838e-01 9.282609820365905762e-01 2.132890522480010986e-01 4.761030375957489014e-01 3.695045411586761475e-01 7.141209393739700317e-02 5.941882133483886719e-01 8.200872540473937988e-01
1.392475068569183350e-01 1.958331614732742310e-01 8.967949748039245605e-01 6.413900256156921387e-01 2.556322515010833740e-01 9.808313101530075073e-02 2.237540036439895630e-01 3.125462830066680908e-01 2.208233624696731567e-01 8.097965717315673828e-01 4.393836557865142822e-01 3.628701865673065186e-01 5.856327414512634277e-01 5.253124833106994629e-01
3.734500110149383545e-01 7.899904847145080566e-01 4.501907527446746826e-01 8.383675217628479004e-01 9.883282780647277832e-01 7.188629508018493652e-01 5.767223238945007324e-01 2.594814896583557129e-01 6.671885848045349121e-01 5.159566998481750488e-01 7.771194577217102051e-01 9.152916073799133301e-01 3.619797825813293457e-01 3.954513370990753174e-01
7.389900088310241699e-01 1.704141646623611450e-01 3.438574820756912231e-02 8.281524777412414551e-01 1.386450044810771942e-02 7.135056853294372559e-01 5.614866688847541809e-02 7.016678452491760254e-01 3.377506136894226074e-01 4.144947528839111328e-01 6.001970767974853516e-01 6.020671874284744263e-02 5.449059009552001953e-01 7.806262373924255371e-01
1.950400024652481079e-01 4.761776626110076904e-01 9.922429919242858887e-01 2.888877391815185547e-01 9.892119765281677246e-01 3.598446547985076904e-01 8.299236297607421875e-01 2.103232443332672119e-01 3.209157586097717285e-01 7.186931371688842773e-01 4.883059561252593994e-01 9.294197559356689453e-01 6.428066492080688477e-01 3.042553663253784180e-01
3.044325113296508789e-01 2.866866588592529297e-01 9.391570091247558594e-01 3.624302446842193604e-01 5.506612658500671387e-01 7.093763351440429688e-02 4.085513353347778320e-01 3.714562058448791504e-01 2.817514240741729736e-01 7.960329055786132812e-01 4.601582288742065430e-01 5.876664519309997559e-01 5.495949387550354004e-01 3.894706368446350098e-01
1.291474997997283936e-01 3.507733345031738281e-01 2.767069935798645020e-01 1.883777529001235962e-01 3.321642577648162842e-01 5.013605952262878418e-01 3.020269870758056641e-01 1.888618767261505127e-01 4.314945638179779053e-01 2.985742092132568359e-01 1.645473390817642212e-01 4.489901065826416016e-01 6.264939308166503906e-01 5.518044829368591309e-01
7.084274888038635254e-01 4.328461587429046631e-01 7.115697264671325684e-01 5.112199783325195312e-01 5.491034984588623047e-01 6.666193008422851562e-01 8.808780908584594727e-01 6.866880655288696289e-01 4.720889031887054443e-01 5.404794812202453613e-01 6.032898426055908203e-01 5.235223770141601562e-01 4.564531445503234863e-01 5.198372602462768555e-01
9.092400074005126953e-01 5.936956405639648438e-01 2.016207426786422729e-01 3.350412547588348389e-01 5.013005137443542480e-01 6.598384678363800049e-02 5.722113251686096191e-01 9.085556268692016602e-01 7.155917286872863770e-01 4.242933094501495361e-01 5.159420967102050781e-01 4.594965577125549316e-01 3.801780045032501221e-01 3.922719955444335938e-01
6.732050180435180664e-01 5.826218128204345703e-01 6.129490137100219727e-01 9.043174982070922852e-01 2.398419976234436035e-01 1.467112153768539429e-01 8.772772550582885742e-01 7.133000493049621582e-01 4.140926599502563477e-01 6.659391522407531738e-01 8.162241578102111816e-01 1.912965923547744751e-01 4.000286161899566650e-01 6.502628326416015625e-01
9.700275063514709473e-01 6.800646781921386719e-01 9.428589940071105957e-01 4.460112452507019043e-01 7.747495174407958984e-01 4.869786798954010010e-01 1.838809996843338013e-01 9.121608734130859375e-01 3.677530884742736816e-01 7.056197524070739746e-01 5.494200587272644043e-01 8.005371689796447754e-01 5.361665487289428711e-01 3.379729092121124268e-01
8.706200122833251953e-01 4.589333236217498779e-01 9.421470165252685547e-01 6.653950214385986328e-01 3.077745139598846436e-01 7.064390182495117188e-01 6.792144179344177246e-01 9.404364228248596191e-01 2.155710160732269287e-01 7.484836578369140625e-01 6.185383796691894531e-01 4.158053696155548096e-01 5.625041723251342773e-01 6.327539682388305664e-01
7.645875215530395508e-01 6.057251691818237305e-01 2.388374954462051392e-01 1.978672444820404053e-01 6.700322628021240234e-01 5.584412217140197754e-01 8.151009678840637207e-01 7.402004003524780273e-01 4.235352277755737305e-01 2.868644297122955322e-01 1.819607168436050415e-01 6.872112751007080078e-01 5.095588564872741699e-01 5.272541046142578125e-01
1.422000024467706680e-02 3.139798343181610107e-01 2.606984972953796387e-01 1.732379943132400513e-01 6.666937470436096191e-01 6.330476999282836914e-01 5.067020058631896973e-01 5.705820769071578979e-02 5.482837557792663574e-01 4.826505780220031738e-01 3.039225041866302490e-01 4.797637760639190674e-01 5.979107618331909180e-01 4.680925011634826660e-01
3.114500045776367188e-01 6.429861783981323242e-01 3.024410009384155273e-01 3.027330040931701660e-01 1.993717551231384277e-01 6.453629136085510254e-01 6.149116754531860352e-01 2.931134998798370361e-01 5.949246883392333984e-01 2.944826781749725342e-01 4.633425176143646240e-01 2.097193598747253418e-01 5.386027693748474121e-01 5.329516530036926270e-01
1.543650031089782715e-01 4.913290143013000488e-01 4.739427566528320312e-01 3.018175065517425537e-02 9.843332767486572266e-01 1.096893921494483948e-01 3.801823258399963379e-01 1.952345967292785645e-01 5.035041570663452148e-01 6.240889430046081543e-01 2.798230648040771484e-01 9.142293334007263184e-01 5.641971826553344727e-01 2.465172111988067627e-01
3.891499936580657959e-01 6.748445034027099609e-01 6.971282362937927246e-01 4.312154948711395264e-01 1.343975029885768890e-02 7.155101895332336426e-01 7.113404870033264160e-01 3.259285688400268555e-01 5.231475234031677246e-01 5.050906538963317871e-01 5.169277787208557129e-01 4.144330695271492004e-02 5.467382669448852539e-01 5.354847908020019531e-01
1.783100068569183350e-01 5.080066919326782227e-01 4.792632460594177246e-01 2.531862556934356689e-01 7.932427525520324707e-01 7.149228453636169434e-01 4.821993410587310791e-01 1.542973518371582031e-01 4.996826350688934326e-01 5.220317244529724121e-01 2.471705973148345947e-01 8.234505653381347656e-01 5.464752912521362305e-01 3.645950257778167725e-01
3.617750108242034912e-02 6.222591400146484375e-01 7.807482481002807617e-01 5.356100201606750488e-01 9.862744808197021484e-01 7.828496694564819336e-01 4.881733283400535583e-02 7.561328262090682983e-02 5.363491773605346680e-01 5.952580571174621582e-01 1.740393638610839844e-01 9.646731615066528320e-01 6.409700512886047363e-01 1.800734400749206543e-01
8.739100098609924316e-01 6.439178586006164551e-01 3.565104901790618896e-01 8.655250072479248047e-03 7.428217530250549316e-01 2.297111153602600098e-01 3.042726814746856689e-01 7.887232303619384766e-01 5.546766519546508789e-01 2.865016460418701172e-01 3.035715520381927490e-01 7.376033663749694824e-01 4.652600586414337158e-01 4.885803461074829102e-01
5.801000073552131653e-02 6.497556567192077637e-01 6.913250088691711426e-01 1.847154945135116577e-01 5.074474811553955078e-01 5.198003053665161133e-01 9.460974931716918945e-01 7.861422002315521240e-02 4.987846314907073975e-01 4.539340138435363770e-01 2.447732985019683838e-01 4.267750382423400879e-01 6.233159899711608887e-01 4.902218580245971680e-01
5.986499786376953125e-01 6.233034729957580566e-01 8.201845288276672363e-01 7.747399806976318359e-01 4.428697526454925537e-01 3.420419096946716309e-01 8.630580306053161621e-01 6.208841800689697266e-01 5.768994092941284180e-01 6.364252567291259766e-01 7.127739787101745605e-01 3.610788285732269287e-01 3.544954657554626465e-01 4.168534874916076660e-01
2.996700108051300049e-01 7.745688557624816895e-01 3.519339859485626221e-01 9.556949734687805176e-01 4.848004877567291260e-01 6.103439331054687500e-01 5.334913134574890137e-01 2.676103115081787109e-01 6.152301430702209473e-01 2.694811224937438965e-01 8.148393630981445312e-01 5.611538887023925781e-01 3.963943719863891602e-01 6.671994328498840332e-01
7.798550128936767578e-01 4.261656701564788818e-01 2.231547534465789795e-01 9.638224840164184570e-01 8.622482419013977051e-01 3.938568830490112305e-01 6.200990080833435059e-01 7.731019854545593262e-01 5.045767426490783691e-01 4.854207336902618408e-01 8.553761243820190430e-01 8.120888471603393555e-01 4.303836524486541748e-01 5.721473097801208496e-01
1.702975034713745117e-01 5.166671872138977051e-01 7.251549959182739258e-01 7.943249940872192383e-01 9.294102787971496582e-01 3.524098992347717285e-01 8.938482999801635742e-01 1.657180488109588623e-01 3.486070930957794189e-01 6.869049072265625000e-01 9.072673916816711426e-01 9.296063780784606934e-01 5.439062118530273438e-01 5.033490657806396484e-01
8.274250030517578125e-01 2.375658303499221802e-01 8.814150094985961914e-01 5.662174820899963379e-01 2.736274898052215576e-01 8.003590703010559082e-01 9.225853085517883301e-01 7.821416258811950684e-01 2.079882174730300903e-01 7.429921030998229980e-01 7.536807060241699219e-01 2.385724186897277832e-01 5.146321058273315430e-01 7.275713086128234863e-01
3.154599964618682861e-01 5.833564996719360352e-01 2.751442492008209229e-01 6.020150184631347656e-01 5.293002724647521973e-01 5.939754247665405273e-01 1.937060058116912842e-01 3.390647470951080322e-01 5.429594516754150391e-01 2.353380024433135986e-01 5.565420985221862793e-01 6.143149137496948242e-01 4.648429453372955322e-01 6.236197352409362793e-01
5.339400172233581543e-01 6.311395168304443359e-01 1.309487521648406982e-01 1.808492541313171387e-01 3.924199938774108887e-02 3.550283908843994141e-01 5.922106504440307617e-01 6.712568998336791992e-01 5.509710907936096191e-01 1.076504513621330261e-01 1.465325057506561279e-01 7.889503985643386841e-02 6.746703386306762695e-01 6.066819429397583008e-01
1.596074998378753662e-01 3.019501566886901855e-01 2.969394922256469727e-01 2.938762605190277100e-01 5.058354735374450684e-01 2.348209023475646973e-01 7.632019519805908203e-01 2.302258312702178955e-01 4.243141710758209229e-01 5.138575434684753418e-01 2.570436298847198486e-01 4.929629266262054443e-01 5.727161765098571777e-01 4.888145029544830322e-01
4.548000097274780273e-01 4.373416602611541748e-01 1.008807495236396790e-01 4.156014919281005859e-01 5.759264826774597168e-01 7.197349667549133301e-01 4.563396573066711426e-01 4.498092532157897949e-01 4.200368523597717285e-01 2.029381245374679565e-01 2.676563560962677002e-01 6.725822091102600098e-01 5.094913840293884277e-01 6.374328136444091797e-01
6.057250127196311951e-02 4.973233342170715332e-01 1.037352532148361206e-01 5.279824733734130859e-01 4.415867626667022705e-01 4.307306930422782898e-02 7.115566730499267578e-02 1.514988094568252563e-01 5.860326290130615234e-01 3.111787438392639160e-01 3.880995810031890869e-01 4.036521911621093750e-01 5.384243130683898926e-01 5.175090432167053223e-01
6.455699801445007324e-01 5.081574916839599609e-01 6.541174650192260742e-02 4.948495030403137207e-01 5.592679977416992188e-01 3.466303944587707520e-01 9.738638401031494141e-01 6.765167713165283203e-01 5.510231256484985352e-01 1.518647968769073486e-01 4.364980757236480713e-01 5.021933913230895996e-01 4.801020622253417969e-01 6.788251399993896484e-01
4.824725091457366943e-01 2.285723388195037842e-01 8.127757310867309570e-01 6.051949858665466309e-01 3.824017643928527832e-01 9.109836220741271973e-01 3.955143392086029053e-01 4.802241921424865723e-01 2.534979581832885742e-01 7.776286602020263672e-01 4.727008044719696045e-01 4.523811638355255127e-01 5.489680171012878418e-01 4.731579124927520752e-01
4.010924994945526123e-01 5.672370195388793945e-01 3.987017571926116943e-01 3.602832555770874023e-01 4.164587557315826416e-01 3.869635462760925293e-01 2.353516668081283569e-01 4.296195209026336670e-01 4.666106104850769043e-01 4.328841865062713623e-01 3.114672303199768066e-01 5.173398256301879883e-01 5.180352926254272461e-01 4.880511760711669922e-01
5.917900204658508301e-01 5.725635290145874023e-01 8.363025188446044922e-01 2.701137363910675049e-01 2.130154967308044434e-01 8.844709396362304688e-02 5.342879891395568848e-01 6.660403609275817871e-01 3.793422877788543701e-01 6.642238497734069824e-01 3.049493134021759033e-01 2.965060472488403320e-01 5.726825594902038574e-01 4.532378017902374268e-01
4.026250168681144714e-02 7.954681515693664551e-01 8.151177763938903809e-01 1.905857473611831665e-01 7.008910179138183594e-01 9.428991675376892090e-01 9.972299635410308838e-02 1.748597919940948486e-01 5.447393655776977539e-01 1.597162336111068726e-01 6.678572297096252441e-02 6.616708040237426758e-01 8.891858458518981934e-01 1.845011860132217407e-01
7.093999981880187988e-01 2.081493288278579712e-01 1.901839971542358398e-01 3.787065148353576660e-01 9.167274832725524902e-01 4.211657643318176270e-01 4.625810086727142334e-01 7.159141898155212402e-01 3.756709098815917969e-01 4.818825125694274902e-01 2.476675212383270264e-01 8.359838724136352539e-01 5.492488145828247070e-01 3.933565318584442139e-01
7.497925162315368652e-01 2.350955009460449219e-01 8.187274932861328125e-01 1.179165020585060120e-01 9.755902290344238281e-01 6.245651245117187500e-01 3.672400116920471191e-01 6.325529813766479492e-01 3.361936211585998535e-01 7.229223251342773438e-01 4.866648018360137939e-01 8.649914264678955078e-01 5.709791183471679688e-01 2.813794910907745361e-01
9.245175123214721680e-01 3.292813301086425781e-01 3.029485046863555908e-01 8.124200105667114258e-01 9.904850274324417114e-02 2.921219170093536377e-01 9.692711830139160156e-01 9.072685837745666504e-01 1.985191404819488525e-01 5.866845250129699707e-01 8.674035072326660156e-01 5.705386027693748474e-02 5.038626194000244141e-01 9.007737636566162109e-01
3.177900016307830811e-01 2.047564983367919922e-01 4.164659976959228516e-01 8.137249946594238281e-01 6.786099821329116821e-02 8.415485024452209473e-01 2.752690017223358154e-01 3.583350479602813721e-01 2.744312882423400879e-01 6.766353249549865723e-01 5.048482418060302734e-01 1.057928279042243958e-01 5.668463110923767090e-01 6.265307068824768066e-01
6.908624768257141113e-01 1.761914938688278198e-01 6.206047534942626953e-01 4.896225035190582275e-02 4.275834858417510986e-01 6.206129118800163269e-02 8.456305861473083496e-01 7.724437713623046875e-01 3.111228048801422119e-01 6.700466871261596680e-01 1.934750527143478394e-01 4.297354519367218018e-01 6.148595213890075684e-01 4.311967194080352783e-01
8.495450019836425781e-01 4.356485009193420410e-01 5.237615108489990234e-01 4.692574962973594666e-02 2.006567567586898804e-01 9.751029014587402344e-01 3.268550038337707520e-01 8.096996545791625977e-01 5.220695137977600098e-01 4.133259952068328857e-01 2.456086128950119019e-01 2.489492595195770264e-01 5.515677332878112793e-01 4.816293716430664062e-01
6.626974940299987793e-01 6.160803437232971191e-01 8.048555254936218262e-01 2.185544967651367188e-01 1.981074959039688110e-01 1.904821246862411499e-01 9.888587594032287598e-01 5.964696407318115234e-01 4.970417916774749756e-01 4.749214649200439453e-01 4.426488280296325684e-01 4.797020927071571350e-02 5.578500628471374512e-01 5.794956088066101074e-01
5.556024909019470215e-01 5.215095281600952148e-01 1.173067465424537659e-01 1.007747501134872437e-01 6.445037722587585449e-01 7.761012911796569824e-01 7.328057289123535156e-01 4.454963803291320801e-01 4.851586222648620605e-01 2.628598809242248535e-01 1.656260639429092407e-01 6.024294495582580566e-01 5.478083491325378418e-01 4.902611672878265381e-01
1.255175024271011353e-01 7.278323173522949219e-01 5.887024998664855957e-01 7.753350138664245605e-01 2.963564991950988770e-01 7.432747483253479004e-01 5.356363058090209961e-01 1.149528995156288147e-01 5.790027976036071777e-01 5.927722454071044922e-01 6.537389159202575684e-01 3.407112061977386475e-01 4.292225539684295654e-01 4.952553808689117432e-01
8.159325122833251953e-01 8.127723336219787598e-01 4.299955070018768311e-01 3.074602484703063965e-01 7.682300209999084473e-01 1.046139374375343323e-01 9.368648529052734375e-01 8.654591441154479980e-01 6.199254393577575684e-01 1.723708361387252808e-01 5.086418390274047852e-01 6.821812391281127930e-01 4.258340001106262207e-01 6.510645747184753418e-01
4.984774887561798096e-01 7.421206831932067871e-01 8.284729719161987305e-01 3.709172606468200684e-01 8.933074772357940674e-02 1.202331297099590302e-02 1.692630052566528320e-01 5.428572893142700195e-01 6.183068156242370605e-01 5.426409840583801270e-01 4.197120368480682373e-01 1.111304238438606262e-01 4.945050776004791260e-01 3.906226456165313721e-01
4.261400103569030762e-01 6.895654797554016113e-01 2.852729856967926025e-01 3.168829977512359619e-01 7.995432615280151367e-01 5.288202166557312012e-01 3.185470104217529297e-01 3.506959676742553711e-01 5.570761561393737793e-01 4.070610404014587402e-01 3.479350805282592773e-01 8.272282481193542480e-01 4.713163971900939941e-01 3.955432176589965820e-01
9.532424807548522949e-01 7.239101529121398926e-01 8.261077404022216797e-01 5.291849970817565918e-01 9.522579908370971680e-01 3.971254527568817139e-01 5.970500111579895020e-01 8.580415248870849609e-01 2.499037683010101318e-01 7.397789359092712402e-01 6.834824085235595703e-01 9.024827480316162109e-01 6.123918294906616211e-01 3.313183188438415527e-01
2.100500091910362244e-02 7.724121809005737305e-01 6.247002482414245605e-01 1.344792544841766357e-01 1.556970030069351196e-01 3.803926408290863037e-01 6.249886751174926758e-01 4.367358982563018799e-02 6.344715952873229980e-01 5.911258459091186523e-01 4.230637550354003906e-01 1.961939632892608643e-01 5.699158906936645508e-01 4.106737673282623291e-01
3.836874961853027344e-01 7.113195061683654785e-01 2.442074939608573914e-02 2.645300030708312988e-01 3.441242575645446777e-01 9.131605923175811768e-02 8.435670137405395508e-01 3.920429944992065430e-01 6.948046088218688965e-01 7.585711032152175903e-02 5.007396340370178223e-01 3.350373208522796631e-01 4.857463240623474121e-01 6.762758493423461914e-01
1.217150017619132996e-01 5.950841903686523438e-01 2.520889937877655029e-01 7.785750031471252441e-01 9.794344902038574219e-01 5.327536463737487793e-01 7.240174412727355957e-01 7.830847799777984619e-02 6.445197463035583496e-01 5.272926092147827148e-01 6.715656518936157227e-01 9.303906559944152832e-01 4.427224695682525635e-01 3.874289393424987793e-01
7.007849812507629395e-01 4.251696765422821045e-01 4.579209983348846436e-01 3.648525103926658630e-02 6.657435297966003418e-01 2.796197831630706787e-01 4.927276670932769775e-01 7.301661968231201172e-01 4.102939069271087646e-01 3.247256278991699219e-01 2.325057089328765869e-01 7.190901637077331543e-01 5.088552832603454590e-01 5.266175866127014160e-01
5.730075240135192871e-01 2.195653319358825684e-01 1.101382523775100708e-01 9.483299851417541504e-01 9.567627310752868652e-01 9.248575568199157715e-01 5.135366916656494141e-01 5.688062906265258789e-01 4.714474678039550781e-01 4.790852367877960205e-01 4.162170290946960449e-01 8.458553552627563477e-01 5.051403641700744629e-01 3.958318531513214111e-01
7.931975126266479492e-01 5.990063548088073730e-01 2.060049958527088165e-02 5.247250199317932129e-01 2.603310048580169678e-01 3.264127373695373535e-01 6.586610078811645508e-01 8.277688026428222656e-01 7.164981365203857422e-01 2.176705598831176758e-01 5.070564150810241699e-01 2.594022154808044434e-01 4.445108175277709961e-01 5.715619325637817383e-01
2.096750028431415558e-02 3.860625028610229492e-01 2.796250022947788239e-02 2.733870148658752441e-01 9.157245159149169922e-01 5.558437108993530273e-01 5.390610098838806152e-01 3.432051092386245728e-02 6.345701813697814941e-01 2.365043610334396362e-01 3.862491846084594727e-01 7.865704894065856934e-01 6.825082302093505859e-01 3.506042957305908203e-01
3.549425005912780762e-01 7.581233382225036621e-01 8.644965291023254395e-01 7.300574779510498047e-01 4.799142479896545410e-01 8.601968884468078613e-01 2.410373389720916748e-01 3.823709189891815186e-01 5.262259840965270996e-01 6.309958696365356445e-01 5.891021490097045898e-01 4.829975068569183350e-01 4.068451225757598877e-01 3.976246714591979980e-01
6.054500117897987366e-02 6.133620142936706543e-01 1.874000020325183868e-02 1.009550038725137711e-02 8.535209894180297852e-01 1.459112167358398438e-01 5.775926709175109863e-01 1.011294052004814148e-01 7.112913727760314941e-01 1.615688353776931763e-01 2.293163388967514038e-01 8.900254964828491211e-01 5.108542442321777344e-01 3.434579074382781982e-01
4.501950144767761230e-01 3.748363256454467773e-01 5.718962550163269043e-01 4.383657574653625488e-01 4.021350145339965820e-01 5.167073011398315430e-01 2.236173301935195923e-01 4.491540193557739258e-01 3.981656432151794434e-01 7.022097706794738770e-01 4.441045224666595459e-01 4.512387216091156006e-01 4.896751940250396729e-01 3.892234563827514648e-01
7.776200175285339355e-01 4.082981646060943604e-01 7.722397446632385254e-01 2.918282449245452881e-01 3.308962583541870117e-01 8.466883748769760132e-02 1.762486696243286133e-01 8.283831477165222168e-01 3.189932107925415039e-01 7.243387103080749512e-01 3.335843980312347412e-01 4.301559627056121826e-01 5.675728917121887207e-01 4.276669621467590332e-01
2.403050065040588379e-01 7.360048294067382812e-01 2.690970003604888916e-01 8.562024831771850586e-01 1.991100050508975983e-02 6.648679971694946289e-01 4.599553346633911133e-01 2.379626482725143433e-01 5.701110363006591797e-01 2.534326314926147461e-01 6.060706973075866699e-01 1.200149580836296082e-01 5.435960888862609863e-01 6.282424926757812500e-01
6.786174774169921875e-01 4.366844892501831055e-01 7.893044948577880859e-01 9.527800083160400391e-01 2.716727554798126221e-01 8.550833463668823242e-01 6.999723911285400391e-01 7.450835704803466797e-01 3.214619159698486328e-01 7.500982880592346191e-01 6.984263658523559570e-01 2.983811199665069580e-01 4.539079368114471436e-01 5.640136599540710449e-01
3.357425034046173096e-01 8.201500177383422852e-01 5.704414844512939453e-01 6.572574973106384277e-01 9.313657283782958984e-01 2.976897060871124268e-01 7.335941195487976074e-01 2.935796380043029785e-01 5.984411239624023438e-01 5.045981407165527344e-01 7.493292093276977539e-01 9.102011919021606445e-01 4.258915185928344727e-01 4.162467718124389648e-01
8.867750316858291626e-02 3.224295079708099365e-01 6.583554744720458984e-01 5.230425000190734863e-01 5.189099907875061035e-02 4.180474877357482910e-01 2.007400058209896088e-02 9.947282075881958008e-02 4.142385125160217285e-01 7.494930624961853027e-01 6.238979697227478027e-01 6.967940181493759155e-02 5.239065885543823242e-01 5.187907814979553223e-01
8.192225098609924316e-01 3.317416608333587646e-01 7.671032547950744629e-01 9.017000198364257812e-01 2.042462527751922607e-01 5.813072919845581055e-01 6.180299818515777588e-02 9.404236078262329102e-01 2.736203670501708984e-01 7.329934835433959961e-01 7.946048378944396973e-01 3.329365551471710205e-01 4.940798282623291016e-01 6.998124718666076660e-01
3.902750015258789062e-01 5.561943054199218750e-01 7.827339768409729004e-01 1.885017454624176025e-01 9.268452525138854980e-01 2.787307091057300568e-02 5.715416669845581055e-01 4.371255040168762207e-01 4.737857580184936523e-01 6.097568273544311523e-01 3.586406707763671875e-01 8.516979217529296875e-01 5.213080644607543945e-01 2.956577539443969727e-01
6.674250215291976929e-02 5.417413115501403809e-01 2.789397537708282471e-01 2.661672532558441162e-01 7.399290204048156738e-01 7.864830493927001953e-01 9.274824857711791992e-01 5.335121601819992065e-02 6.131066083908081055e-01 2.637770175933837891e-01 2.966094613075256348e-01 5.009191036224365234e-01 7.188630104064941406e-01 3.729271888732910156e-01
8.109400272369384766e-01 7.889055013656616211e-01 3.948852419853210449e-01 6.009500026702880859e-01 4.379965066909790039e-01 1.562461555004119873e-01 2.623596787452697754e-01 8.833743929862976074e-01 5.655531287193298340e-01 4.940978288650512695e-01 4.600564539432525635e-01 5.749716758728027344e-01 4.457208812236785889e-01 4.372538328170776367e-01
6.881999969482421875e-02 2.182571738958358765e-01 1.376557499170303345e-01 6.239374876022338867e-01 9.720002412796020508e-01 3.398938477039337158e-01 2.844203412532806396e-01 6.706645339727401733e-02 6.079242229461669922e-01 5.773291587829589844e-01 7.809593081474304199e-01 9.069921374320983887e-01 4.355219006538391113e-01 4.431158304214477539e-01
5.585200190544128418e-01 7.541618347167968750e-01 5.957237482070922852e-01 9.839100241661071777e-01 7.607812285423278809e-01 3.064910136163234711e-02 1.736396700143814087e-01 4.897572994232177734e-01 7.111190557479858398e-01 5.652695298194885254e-01 9.131777882575988770e-01 7.282154560089111328e-01 2.481491267681121826e-01 4.639563858509063721e-01
9.074125289916992188e-01 2.505136728286743164e-01 3.429045081138610840e-01 5.561000108718872070e-01 7.731287479400634766e-01 5.574023127555847168e-01 2.182126641273498535e-01 8.863441348075866699e-01 4.531134068965911865e-01 4.840262234210968018e-01 3.457300961017608643e-01 7.684716582298278809e-01 5.137847661972045898e-01 4.120738804340362549e-01
1.697500003501772881e-03 2.052128314971923828e-01 8.254262208938598633e-01 4.673314988613128662e-01 5.136895179748535156e-01 3.532773852348327637e-01 1.424433290958404541e-02 2.529386058449745178e-02 2.779138088226318359e-01 9.159169793128967285e-01 6.511211991310119629e-01 4.460607171058654785e-01 5.299078822135925293e-01 5.006398558616638184e-01
1.567749977111816406e-01 7.670671939849853516e-01 3.213880062103271484e-01 8.067499995231628418e-01 1.678142547607421875e-01 7.131373882293701172e-02 2.599399983882904053e-01 2.295393198728561401e-01 6.536316871643066406e-01 3.325365781784057617e-01 6.460968255996704102e-01 2.240919768810272217e-01 4.548539817333221436e-01 5.355151891708374023e-01
6.168349981307983398e-01 4.037408232688903809e-01 1.616580039262771606e-01 7.432749867439270020e-01 5.563554763793945312e-01 7.999699711799621582e-01 1.299673318862915039e-01 6.708928346633911133e-01 4.595997929573059082e-01 3.001410067081451416e-01 3.249634206295013428e-01 6.510417461395263672e-01 4.895029366016387939e-01 5.688638687133789062e-01
1.986850053071975708e-01 5.572231411933898926e-01 4.441512525081634521e-01 5.925700068473815918e-01 4.984707534313201904e-01 5.399997234344482422e-01 8.419960141181945801e-01 1.856670081615447998e-01 4.986262023448944092e-01 4.339317977428436279e-01 6.116182208061218262e-01 4.521671235561370850e-01 4.843095839023590088e-01 5.830969214439392090e-01
8.248950242996215820e-01 7.038425207138061523e-01 9.996057748794555664e-01 8.325024694204330444e-02 9.278562664985656738e-01 8.856344223022460938e-01 4.287846684455871582e-01 7.583308815956115723e-01 3.126196563243865967e-01 6.397711634635925293e-01 4.284904897212982178e-01 8.904829025268554688e-01 5.933186411857604980e-01 3.309829831123352051e-01
8.813474774360656738e-01 3.891904950141906738e-01 3.636917471885681152e-01 9.584724903106689453e-01 6.880349665880203247e-02 1.990657597780227661e-01 7.262627482414245605e-01 9.122891426086425781e-01 1.509835273027420044e-01 7.121039628982543945e-01 8.450264334678649902e-01 1.277769654989242554e-01 5.331825017929077148e-01 8.664135336875915527e-01
1.284350007772445679e-01 6.631643176078796387e-01 6.328774988651275635e-02 1.418692469596862793e-01 1.792397499084472656e-01 4.968458712100982666e-01 1.209409981966018677e-01 1.465986967086791992e-01 5.945197939872741699e-01 1.459363549947738647e-01 2.920228540897369385e-01 3.142934441566467285e-01 6.143030524253845215e-01 5.701721906661987305e-01
9.635875225067138672e-01 5.637411475181579590e-01 4.383822381496429443e-01 7.597850263118743896e-02 9.052519798278808594e-01 9.879275560379028320e-01 9.250196814537048340e-01 8.050143122673034668e-01 5.433918237686157227e-01 2.878645360469818115e-01 2.652705907821655273e-01 7.113600373268127441e-01 4.740776121616363525e-01 4.823623895645141602e-01
8.729299902915954590e-01 7.463464736938476562e-01 8.662539720535278320e-01 8.754100203514099121e-01 8.440732359886169434e-01 9.832814335823059082e-01 8.517801165580749512e-01 7.794261574745178223e-01 5.472735762596130371e-01 6.539223194122314453e-01 8.299950361251831055e-01 7.102516889572143555e-01 3.622162342071533203e-01 4.305354654788970947e-01
5.949975252151489258e-01 5.057353377342224121e-01 5.988805294036865234e-01 3.418147563934326172e-01 6.337655186653137207e-01 5.259519219398498535e-01 5.760733410716056824e-02 6.405923366546630859e-01 3.895273208618164062e-01 5.523958206176757812e-01 3.070234954357147217e-01 7.074375748634338379e-01 5.333217382431030273e-01 4.116946458816528320e-01
7.419224977493286133e-01 4.392396807670593262e-01 5.558332204818725586e-01 2.116094976663589478e-01 3.972204923629760742e-01 4.682354629039764404e-01 6.004226803779602051e-01 8.210707306861877441e-01 4.078549146652221680e-01 5.606198906898498535e-01 2.477020770311355591e-01 4.907845854759216309e-01 5.498943328857421875e-01 4.357974827289581299e-01
8.364800214767456055e-01 2.710016667842864990e-01 7.002762556076049805e-01 2.519807517528533936e-01 2.885297536849975586e-01 8.502498865127563477e-01 9.438233375549316406e-01 7.781072854995727539e-01 3.557660579681396484e-01 6.228974461555480957e-01 4.371849298477172852e-01 1.819721311330795288e-01 5.437304377555847168e-01 5.970386266708374023e-01
8.034999668598175049e-02 8.062493205070495605e-01 4.360064864158630371e-01 7.908400297164916992e-01 3.615710139274597168e-01 4.221536219120025635e-01 8.304058909416198730e-01 5.788351595401763916e-02 6.383531689643859863e-01 4.806088805198669434e-01 8.567206859588623047e-01 4.312445521354675293e-01 3.644618988037109375e-01 6.257883906364440918e-01
1.794025003910064697e-01 4.401108324527740479e-01 5.952695012092590332e-01 4.741952419281005859e-01 9.085032343864440918e-01 9.068393111228942871e-01 2.860616743564605713e-01 1.539617627859115601e-01 4.261422157287597656e-01 6.619505286216735840e-01 3.892817795276641846e-01 9.139789938926696777e-01 6.020099520683288574e-01 2.987762689590454102e-01
5.568450093269348145e-01 6.437065005302429199e-01 8.851150274276733398e-01 6.475225090980529785e-01 1.756572574377059937e-01 7.180405855178833008e-01 3.212433308362960815e-02 5.694908499717712402e-01 4.379150569438934326e-01 6.773464083671569824e-01 5.064436197280883789e-01 2.519371807575225830e-01 4.729689657688140869e-01 4.501222670078277588e-01
6.374775171279907227e-01 4.486411809921264648e-01 1.933367550373077393e-01 7.991074919700622559e-01 5.403182506561279297e-01 9.167148470878601074e-01 3.306773304939270020e-01 5.172262787818908691e-01 6.046781539916992188e-01 4.111427366733551025e-01 5.363304018974304199e-01 4.728051424026489258e-01 4.318787455558776855e-01 4.761113226413726807e-01
6.120700240135192871e-01 5.740571618080139160e-01 5.120642781257629395e-01 8.653374761343002319e-02 4.943627417087554932e-01 2.611944377422332764e-01 7.549092173576354980e-01 6.469780206680297852e-01 4.380632936954498291e-01 5.038641095161437988e-01 2.016978263854980469e-01 5.520009398460388184e-01 5.548214912414550781e-01 4.005741775035858154e-01
4.469924867153167725e-01 7.451308369636535645e-01 2.578847408294677734e-01 5.253499746322631836e-01 4.693127572536468506e-01 7.279133200645446777e-01 9.899928569793701172e-01 4.235759675502777100e-01 5.537422895431518555e-01 1.726928055286407471e-01 3.557848930358886719e-01 3.438388407230377197e-01 5.377660989761352539e-01 6.133158802986145020e-01
4.331750050187110901e-02 3.074236810207366943e-01 4.799692630767822266e-01 5.963500142097473145e-01 2.638907432556152344e-01 4.979039430618286133e-01 9.746591448783874512e-01 3.128601238131523132e-02 4.057599306106567383e-01 6.603754758834838867e-01 6.363599896430969238e-01 7.490924000740051270e-02 5.947403311729431152e-01 6.348580718040466309e-01
2.589299976825714111e-01 6.359066963195800781e-01 8.574020266532897949e-01 5.857999920845031738e-01 3.669512569904327393e-01 1.112967655062675476e-01 2.941609919071197510e-01 3.311146497726440430e-01 4.984068572521209717e-01 6.822066307067871094e-01 5.824057459831237793e-01 3.877590894699096680e-01 4.118447899818420410e-01 3.909653425216674805e-01
6.753175258636474609e-01 5.855165123939514160e-01 3.768779933452606201e-01 3.575602471828460693e-01 7.087339758872985840e-01 3.318144381046295166e-01 3.250323235988616943e-01 6.805670261383056641e-01 3.772109746932983398e-01 3.939489424228668213e-01 4.530722796916961670e-01 7.747495770454406738e-01 5.186720490455627441e-01 5.567946434020996094e-01
4.319350123405456543e-01 2.201023399829864502e-01 2.271544933319091797e-01 2.004617452621459961e-01 7.734645009040832520e-01 1.259227246046066284e-01 8.821533918380737305e-01 4.337967038154602051e-01 4.296604990959167480e-01 4.717819690704345703e-01 2.951349914073944092e-01 6.482569575309753418e-01 5.112491250038146973e-01 4.718493819236755371e-01
7.354825139045715332e-01 4.861388206481933594e-01 2.284789979457855225e-01 1.091322526335716248e-01 2.454899996519088745e-01 8.421262502670288086e-01 9.701408743858337402e-01 7.082529664039611816e-01 5.491173267364501953e-01 9.887711703777313232e-02 1.670506149530410767e-01 1.238892450928688049e-01 6.347510218620300293e-01 6.351094245910644531e-01
8.141000270843505859e-01 4.891164898872375488e-01 4.006674885749816895e-02 5.827100276947021484e-01 5.042154788970947266e-01 5.178566575050354004e-01 2.908760011196136475e-01 8.192328810691833496e-01 4.172725677490234375e-01 3.331536352634429932e-01 2.336938232183456421e-01 6.472241878509521484e-01 5.085865855216979980e-01 5.475603938102722168e-01
4.663000106811523438e-01 5.125640034675598145e-01 5.874494910240173340e-01 7.036550045013427734e-01 6.947550177574157715e-02 4.312000870704650879e-01 4.654890000820159912e-01 3.896304070949554443e-01 4.946567118167877197e-01 6.321629285812377930e-01 6.128608584403991699e-01 7.981515675783157349e-02 4.482790827751159668e-01 5.085003376007080078e-01
7.167025208473205566e-01 6.054596900939941406e-01 4.423609972000122070e-01 8.019624948501586914e-01 8.645840287208557129e-01 6.784803867340087891e-01 1.883516609668731689e-01 8.244690895080566406e-01 4.367949962615966797e-01 4.328288733959197998e-01 6.666863560676574707e-01 8.959295153617858887e-01 5.148029923439025879e-01 4.861966669559478760e-01
2.617149949073791504e-01 5.295893549919128418e-01 1.559997498989105225e-01 1.640422493219375610e-01 8.358357548713684082e-01 4.258253574371337891e-01 9.723859429359436035e-01 3.290393650531768799e-01 4.927848279476165771e-01 1.571999639272689819e-01 1.596259325742721558e-01 7.014691233634948730e-01 5.356449484825134277e-01 5.685015916824340820e-01
8.441925048828125000e-01 2.410989999771118164e-01 7.056447267532348633e-01 7.654200196266174316e-01 5.485275015234947205e-02 5.961534380912780762e-01 6.470966935157775879e-01 8.391330838203430176e-01 1.440953016281127930e-01 7.619477510452270508e-01 8.892963528633117676e-01 1.010952517390251160e-01 5.029948353767395020e-01 8.654613494873046875e-01
1.801649928092956543e-01 7.603420019149780273e-01 5.677072405815124512e-01 2.697612643241882324e-01 4.702400043606758118e-02 9.978519082069396973e-01 8.639103770256042480e-01 1.616169214248657227e-01 5.294043421745300293e-01 3.187409043312072754e-01 3.226024210453033447e-01 1.109946295619010925e-01 6.592338681221008301e-01 5.398989915847778320e-01
9.962199926376342773e-01 6.550848484039306641e-01 3.846250008791685104e-03 2.122217565774917603e-01 8.671445250511169434e-01 9.400309324264526367e-01 2.761900126934051514e-01 3.943864405155181885e-01 2.730919420719146729e-01 7.051985263824462891e-01 1.864187866449356079e-01 7.996416687965393066e-01 6.367375850677490234e-01 3.433930575847625732e-01
2.698175013065338135e-01 6.942576766014099121e-01 1.674434989690780640e-01 8.185899853706359863e-01 2.747847437858581543e-01 5.642480850219726562e-01 1.363613307476043701e-01 3.004619181156158447e-01 5.815793275833129883e-01 1.197515949606895447e-01 5.687370896339416504e-01 4.332647025585174561e-01 4.905816018581390381e-01 7.020741701126098633e-01
3.713724911212921143e-01 4.494209885597229004e-01 9.146574884653091431e-02 5.088724941015243530e-02 7.216479778289794922e-01 1.497018188238143921e-01 2.110089957714080811e-01 4.400912821292877197e-01 5.545802712440490723e-01 2.178799957036972046e-01 2.183820009231567383e-01 7.584420442581176758e-01 4.847604036331176758e-01 4.787155985832214355e-01
1.323250029236078262e-02 3.783580064773559570e-01 7.665359973907470703e-01 8.064650297164916992e-01 7.990844845771789551e-01 3.885710239410400391e-01 8.736766874790191650e-02 2.090770751237869263e-02 4.551868736743927002e-01 8.511880636215209961e-01 8.898639678955078125e-01 8.468292355537414551e-01 4.166536927223205566e-01 4.870762228965759277e-01
7.812874913215637207e-01 8.164426684379577637e-01 7.108324766159057617e-02 2.481052428483963013e-01 5.354174971580505371e-02 4.161190986633300781e-01 7.398411631584167480e-01 8.628023862838745117e-01 7.461860179901123047e-01 3.471401333808898926e-02 4.944134354591369629e-01 7.127860188484191895e-02 5.142388343811035156e-01 8.000965118408203125e-01
9.865124821662902832e-01 4.368748366832733154e-01 4.525982439517974854e-01 3.285277485847473145e-01 8.410974740982055664e-01 3.436492979526519775e-01 9.645522236824035645e-01 8.494920134544372559e-01 5.335065722465515137e-01 3.490936756134033203e-01 5.540134906768798828e-01 6.872280240058898926e-01 4.573480784893035889e-01 5.796494483947753906e-01
8.974325060844421387e-01 2.575916647911071777e-01 7.572462558746337891e-01 3.391965031623840332e-01 6.682325005531311035e-01 2.186675816774368286e-01 8.826937079429626465e-01 8.753036260604858398e-01 2.577410340309143066e-01 7.492556571960449219e-01 4.565525949001312256e-01 6.366925835609436035e-01 5.845474004745483398e-01 4.206733107566833496e-01
8.158925175666809082e-01 3.456881642341613770e-01 9.641262292861938477e-01 1.607082486152648926e-01 3.560775145888328552e-02 9.606527090072631836e-01 9.759325981140136719e-01 8.751597404479980469e-01 1.273089051246643066e-01 5.004158020019531250e-01 5.588276982307434082e-01 3.444506227970123291e-02 6.102434396743774414e-01 9.031947255134582520e-01
1.370124965906143188e-01 3.030573427677154541e-01 9.773924946784973145e-02 9.463924914598464966e-02 7.869997620582580566e-01 4.077898859977722168e-01 5.425966382026672363e-01 1.434986293315887451e-01 5.720215439796447754e-01 4.126114249229431152e-01 3.240459561347961426e-01 7.326992154121398926e-01 5.014520287513732910e-01 4.236406385898590088e-01
7.438175082206726074e-01 6.377458572387695312e-01 9.899060130119323730e-01 3.296242356300354004e-01 4.340690076351165771e-01 8.144987821578979492e-01 1.637846678495407104e-01 8.311257362365722656e-01 4.834952652454376221e-01 6.389130949974060059e-01 3.843024373054504395e-01 5.475270152091979980e-01 4.849700331687927246e-01 3.423164188861846924e-01
9.323999881744384766e-01 3.661751747131347656e-01 7.173550128936767578e-02 9.061499834060668945e-01 5.201914906501770020e-01 6.365551352500915527e-01 2.483533322811126709e-01 8.944866061210632324e-01 5.634800791740417480e-01 5.401515364646911621e-01 4.696327447891235352e-01 5.742594003677368164e-01 4.418649375438690186e-01 4.036143422126770020e-01
6.403974890708923340e-01 1.812776625156402588e-01 7.186290025711059570e-01 1.826110035181045532e-01 9.235674738883972168e-01 1.713234335184097290e-01 7.629056572914123535e-01 5.946855545043945312e-01 3.581327497959136963e-01 6.880773305892944336e-01 5.817872881889343262e-01 7.988489270210266113e-01 5.217268466949462891e-01 3.528464734554290771e-01
5.647425055503845215e-01 7.346366643905639648e-01 8.560467362403869629e-01 7.396175265312194824e-01 6.451600193977355957e-01 9.212053418159484863e-01 3.232696652412414551e-01 6.606974601745605469e-01 4.435432851314544678e-01 4.566454887390136719e-01 6.623051166534423828e-01 7.322855591773986816e-01 4.816602766513824463e-01 5.525839328765869141e-01
3.969250023365020752e-01 4.868445098400115967e-01 9.126142263412475586e-01 5.097299814224243164e-01 9.071620106697082520e-01 7.078192830085754395e-01 2.489156723022460938e-01 4.474341273307800293e-01 3.554700911045074463e-01 6.834300160408020020e-01 5.385888814926147461e-01 9.025458693504333496e-01 5.838376283645629883e-01 3.103311657905578613e-01
6.698399782180786133e-01 6.449136734008789062e-01 9.128774702548980713e-02 9.916574954986572266e-01 7.850944995880126953e-01 9.974272549152374268e-02 6.776339411735534668e-01 6.857810020446777344e-01 6.498161554336547852e-01 2.553315758705139160e-01 8.697797060012817383e-01 7.500094175338745117e-01 3.699571788311004639e-01 6.869668364524841309e-01
2.989749908447265625e-01 3.900903463363647461e-01 7.611770033836364746e-01 5.751025080680847168e-01 6.940429806709289551e-01 4.495418071746826172e-01 6.194183230400085449e-01 3.409321308135986328e-01 2.687892317771911621e-01 7.322096228599548340e-01 7.931257486343383789e-01 7.703466415405273438e-01 5.438120961189270020e-01 4.951361119747161865e-01
1.585225015878677368e-01 7.340630292892456055e-01 6.829730272293090820e-01 4.475007355213165283e-01 6.366605162620544434e-01 3.876729309558868408e-01 9.420628547668457031e-01 1.482232362031936646e-01 5.017468333244323730e-01 3.706963956356048584e-01 5.618191957473754883e-01 5.859591960906982422e-01 4.927613735198974609e-01 5.903491377830505371e-01
2.846375107765197754e-01 4.710713326930999756e-01 1.407962441444396973e-01 4.320009946823120117e-01 8.948655128479003906e-01 7.737323045730590820e-01 8.859364390373229980e-01 2.333548367023468018e-01 5.237557291984558105e-01 3.130707144737243652e-01 2.639405131340026855e-01 8.060773611068725586e-01 4.970673620700836182e-01 4.705367684364318848e-01
8.780450224876403809e-01 5.469941496849060059e-01 9.665244817733764648e-01 3.642292618751525879e-01 8.808419704437255859e-01 7.378320097923278809e-01 3.512023389339447021e-01 8.591634631156921387e-01 4.965336918830871582e-01 5.147873759269714355e-01 6.140630841255187988e-01 8.273960947990417480e-01 4.778937101364135742e-01 4.326147735118865967e-01
8.036475181579589844e-01 2.518823444843292236e-01 6.328250169754028320e-01 8.370000123977661133e-01 1.324435025453567505e-01 1.285527199506759644e-01 5.727069973945617676e-01 8.908790349960327148e-01 2.216397672891616821e-01 7.411019206047058105e-01 8.747881054878234863e-01 1.690942943096160889e-01 4.749633073806762695e-01 8.076629638671875000e-01
2.208774983882904053e-01 3.254215121269226074e-01 3.224100172519683838e-02 5.585650205612182617e-01 6.299137473106384277e-01 5.669824481010437012e-01 9.136523008346557617e-01 2.581926286220550537e-01 4.951207935810089111e-01 1.164113581180572510e-01 4.426214694976806641e-01 5.674761533737182617e-01 5.137240290641784668e-01 7.146241664886474609e-01
6.341400146484375000e-01 2.281313389539718628e-01 1.487150043249130249e-02 1.323725003749132156e-02 7.149450182914733887e-01 5.451665520668029785e-01 6.353093385696411133e-01 5.690115094184875488e-01 3.328124880790710449e-01 2.773621380329132080e-01 1.281961947679519653e-01 7.408814430236816406e-01 5.465277433395385742e-01 5.697430372238159180e-01
8.614850044250488281e-01 3.864018321037292480e-01 8.318482637405395508e-01 8.611025214195251465e-01 2.365622520446777344e-01 9.255059361457824707e-01 3.051166534423828125e-01 8.882384300231933594e-01 2.395853102207183838e-01 7.717897891998291016e-01 7.485585808753967285e-01 3.421665430068969727e-01 5.055965185165405273e-01 6.507778167724609375e-01
8.320249915122985840e-01 2.998681664466857910e-01 4.143210053443908691e-01 5.417450070381164551e-01 7.014434933662414551e-01 9.409518241882324219e-01 6.318796873092651367e-01 7.185871601104736328e-01 4.710224270820617676e-01 4.947347640991210938e-01 5.817786455154418945e-01 6.601758003234863281e-01 4.705206751823425293e-01 5.159183144569396973e-01
4.272400140762329102e-01 2.574128210544586182e-01 6.712157726287841797e-01 4.088619947433471680e-01 9.342730045318603516e-01 8.447790741920471191e-01 3.897469937801361084e-01 4.646541774272918701e-01 3.367658257484436035e-01 6.175132989883422852e-01 3.608171045780181885e-01 8.949136137962341309e-01 5.956169366836547852e-01 3.348339498043060303e-01
5.798950195312500000e-01 6.780031919479370117e-01 7.554242610931396484e-01 9.880625009536743164e-01 4.750027358531951904e-01 1.862406134605407715e-01 6.142453551292419434e-01 6.017165184020996094e-01 5.468614697456359863e-01 6.131226420402526855e-01 8.045890331268310547e-01 4.960885941982269287e-01 3.583099544048309326e-01 4.858106970787048340e-01
6.362525224685668945e-01 2.733423411846160889e-01 9.975542426109313965e-01 7.477399706840515137e-01 2.463295012712478638e-01 9.802111983299255371e-01 6.646433472633361816e-02 8.172645568847656250e-01 2.806622087955474854e-01 7.563217282295227051e-01 5.198920965194702148e-01 3.454183638095855713e-01 5.306024551391601562e-01 5.304564237594604492e-01
6.312825083732604980e-01 2.546228468418121338e-01 5.712372660636901855e-01 3.460980057716369629e-01 6.178572773933410645e-01 4.528657495975494385e-01 1.277023404836654663e-01 6.960913538932800293e-01 3.645006418228149414e-01 6.876232624053955078e-01 3.121119141578674316e-01 6.735654473304748535e-01 5.583249330520629883e-01 3.202864229679107666e-01
9.764050245285034180e-01 7.269231677055358887e-01 2.711445093154907227e-01 3.747839927673339844e-01 6.142227649688720703e-01 8.628149628639221191e-01 3.085440099239349365e-01 8.239868283271789551e-01 6.269156336784362793e-01 3.749735355377197266e-01 3.870214819908142090e-01 5.954075455665588379e-01 4.477108716964721680e-01 4.237028360366821289e-01
8.067799806594848633e-01 6.760496497154235840e-01 1.784757524728775024e-01 3.130624815821647644e-02 6.377120018005371094e-01 9.640422463417053223e-01 5.679326653480529785e-01 5.080455541610717773e-01 4.653693735599517822e-01 5.255685448646545410e-01 2.230784744024276733e-01 5.942542552947998047e-01 5.444929003715515137e-01 3.673883080482482910e-01
6.057925224304199219e-01 3.115980029106140137e-01 4.256555140018463135e-01 8.433024883270263672e-01 8.073394894599914551e-01 8.771739602088928223e-01 1.603599935770034790e-01 6.192461252212524414e-01 3.415287733078002930e-01 6.381923556327819824e-01 5.954769253730773926e-01 8.004044890403747559e-01 5.422890186309814453e-01 4.104190766811370850e-01
5.547674894332885742e-01 3.044250011444091797e-01 5.264145135879516602e-01 4.936187565326690674e-01 4.112719893455505371e-01 1.621737331151962280e-01 6.781301498413085938e-01 5.578569173812866211e-01 4.399240911006927490e-01 6.807766556739807129e-01 4.964209198951721191e-01 3.717176914215087891e-01 4.606854617595672607e-01 4.006419777870178223e-01
1.865749992430210114e-02 8.193086385726928711e-01 1.713077425956726074e-01 6.129699945449829102e-02 4.871147572994232178e-01 7.545582056045532227e-01 9.924519658088684082e-01 6.036092042922973633e-01 3.124456293880939484e-02 4.418147727847099304e-03 2.385537634097545379e-08 7.285302877426147461e-02 9.997312426567077637e-01 9.949865192174911499e-02
9.808225035667419434e-01 4.601393342018127441e-01 1.942124962806701660e-02 9.465075135231018066e-01 6.670877337455749512e-01 1.035166680812835693e-01 3.370466828346252441e-02 9.522805809974670410e-01 7.053619027137756348e-01 2.312172949314117432e-01 7.182691097259521484e-01 7.209652066230773926e-01 3.728166520595550537e-01 6.438190340995788574e-01
9.133999943733215332e-01 5.379264950752258301e-01 4.813662469387054443e-01 7.658849954605102539e-01 3.250220119953155518e-01 7.570890188217163086e-01 2.507700026035308838e-01 9.460239410400390625e-01 5.635826587677001953e-01 5.611470937728881836e-01 5.784301161766052246e-01 3.858293592929840088e-01 4.179020822048187256e-01 5.188713669776916504e-01
8.333975076675415039e-01 2.529333233833312988e-01 8.677747249603271484e-01 6.541125178337097168e-01 9.100572466850280762e-01 3.150925338268280029e-01 7.506819367408752441e-01 8.183876276016235352e-01 2.379710227251052856e-01 7.481013536453247070e-01 8.963388204574584961e-01 8.584969639778137207e-01 5.446575284004211426e-01 4.881030917167663574e-01
7.621499896049499512e-02 4.196203351020812988e-01 4.880115091800689697e-01 7.176749706268310547e-01 3.931500017642974854e-01 7.470482587814331055e-01 5.604550242424011230e-01 7.778759300708770752e-02 4.336280822753906250e-01 5.875330567359924316e-01 4.553948342800140381e-01 4.249032437801361084e-01 5.649111866950988770e-01 5.513101220130920410e-01
9.622150063514709473e-01 3.672401607036590576e-01 4.315730035305023193e-01 5.890974998474121094e-01 2.976852357387542725e-01 8.230661749839782715e-01 4.263353347778320312e-01 9.515202045440673828e-01 5.312029719352722168e-01 5.168165564537048340e-01 5.297768712043762207e-01 3.510538339614868164e-01 4.449009895324707031e-01 5.778284072875976562e-01
3.755750060081481934e-01 5.931839942932128906e-01 3.499032557010650635e-01 4.208372533321380615e-01 7.672269940376281738e-01 9.975239634513854980e-01 6.351099908351898193e-02 3.568333387374877930e-01 5.770896077156066895e-01 3.224780559539794922e-01 2.563063204288482666e-01 7.723709940910339355e-01 4.846028983592987061e-01 3.952431678771972656e-01
3.981100022792816162e-01 2.819541692733764648e-01 5.770059823989868164e-01 8.607199788093566895e-01 2.366174943745136261e-02 2.042737416923046112e-02 1.091620028018951416e-01 5.059495568275451660e-01 1.900466829538345337e-01 7.272872328758239746e-01 5.663949847221374512e-01 9.912456572055816650e-02 5.699574947357177734e-01 7.174951434135437012e-01
8.554624915122985840e-01 6.537071466445922852e-01 9.578300118446350098e-01 4.308642446994781494e-01 2.263357490301132202e-01 3.710462749004364014e-01 8.904459476470947266e-01 9.307615160942077637e-01 6.531451344490051270e-01 4.302785694599151611e-01 8.346869349479675293e-01 1.874565333127975464e-01 3.481694757938385010e-01 7.008118033409118652e-01
6.094675064086914062e-01 5.914363265037536621e-01 4.981620013713836670e-01 6.647825241088867188e-01 9.630029797554016113e-01 2.017014175653457642e-01 4.487586617469787598e-01 7.058533430099487305e-01 4.184293150901794434e-01 6.019325852394104004e-01 4.769081175327301025e-01 9.057340621948242188e-01 5.452360510826110840e-01 3.093340992927551270e-01
3.252924978733062744e-01 4.903736710548400879e-01 2.082322537899017334e-01 9.700325131416320801e-01 5.515004992485046387e-01 2.473525255918502808e-01 5.070530176162719727e-01 3.631213903427124023e-01 5.688986182212829590e-01 3.943032026290893555e-01 8.129408359527587891e-01 5.492135286331176758e-01 4.005552828311920166e-01 6.262096166610717773e-01
6.806275248527526855e-01 6.559263467788696289e-01 7.233687639236450195e-01 5.689550042152404785e-01 3.091317415237426758e-01 4.911198019981384277e-01 1.333433296531438828e-02 7.783722281455993652e-01 5.051991939544677734e-01 6.474028229713439941e-01 4.129233360290527344e-01 3.670249581336975098e-01 4.764215648174285889e-01 3.664041161537170410e-01
6.708149909973144531e-01 7.460834980010986328e-01 5.697052478790283203e-01 1.247700005769729614e-01 6.827290058135986328e-01 8.476366400718688965e-01 2.288189977407455444e-01 5.943267345428466797e-01 4.515571594238281250e-01 4.265411794185638428e-01 2.126663029193878174e-01 7.205838561058044434e-01 5.148437023162841797e-01 4.178614914417266846e-01
2.883074879646301270e-01 3.998900055885314941e-01 4.245082437992095947e-01 9.971274733543395996e-01 2.127147465944290161e-01 9.044782072305679321e-02 1.894949972629547119e-01 3.745415210723876953e-01 4.247138500213623047e-01 7.358635067939758301e-01 6.610247492790222168e-01 2.481360733509063721e-01 4.018467962741851807e-01 4.423949420452117920e-01
5.538625121116638184e-01 1.737718284130096436e-01 9.059324860572814941e-02 1.470880061388015747e-01 2.515312433242797852e-01 8.202391862869262695e-01 1.857189983129501343e-01 5.886511206626892090e-01 4.678526818752288818e-01 2.232581526041030884e-01 1.157170459628105164e-01 3.456692099571228027e-01 6.269972920417785645e-01 5.089954137802124023e-01
8.557350039482116699e-01 3.413478434085845947e-01 6.399185061454772949e-01 4.771282374858856201e-01 2.543214857578277588e-01 6.311722993850708008e-01 6.887222528457641602e-01 8.805240392684936523e-01 4.020604193210601807e-01 6.285735368728637695e-01 5.188592672348022461e-01 2.609244287014007568e-01 5.000532865524291992e-01 5.808407068252563477e-01
5.000824928283691406e-01 6.582646369934082031e-01 1.011922508478164673e-01 6.044775247573852539e-01 8.873590230941772461e-01 5.297076702117919922e-01 9.362707138061523438e-01 3.754135072231292725e-01 5.514253377914428711e-01 2.038574963808059692e-01 7.050787210464477539e-01 7.471621036529541016e-01 4.458551704883575439e-01 6.650626659393310547e-01
5.146424770355224609e-01 7.400485277175903320e-01 9.453434944152832031e-01 6.225699782371520996e-01 1.413842439651489258e-01 8.122097849845886230e-01 2.889286577701568604e-01 5.810752511024475098e-01 4.497764706611633301e-01 6.211668252944946289e-01 4.305181801319122314e-01 2.409392446279525757e-01 5.149151086807250977e-01 4.697772860527038574e-01
3.458474874496459961e-01 4.892669916152954102e-01 3.762204945087432861e-01 6.692324876785278320e-01 7.701644897460937500e-01 4.186350405216217041e-01 7.823575139045715332e-01 4.061921536922454834e-01 3.427332341670989990e-01 4.476339221000671387e-01 6.893138885498046875e-01 7.903590798377990723e-01 5.334861278533935547e-01 6.062777638435363770e-01
4.759424924850463867e-01 5.396724939346313477e-01 4.260604977607727051e-01 5.443400144577026367e-01 8.675414919853210449e-01 3.678026199340820312e-01 5.653743147850036621e-01 5.418099761009216309e-01 3.713409304618835449e-01 5.376464128494262695e-01 4.528045356273651123e-01 8.894254565238952637e-01 5.607189536094665527e-01 3.898121714591979980e-01
3.531000018119812012e-02 3.460406661033630371e-01 1.447214931249618530e-01 6.900874972343444824e-01 8.749715089797973633e-01 5.909943580627441406e-01 2.430039942264556885e-01 5.672995746135711670e-02 6.281520724296569824e-01 5.023712515830993652e-01 4.514265656471252441e-01 8.210720419883728027e-01 4.773015975952148438e-01 4.053521156311035156e-01
5.178549885749816895e-01 8.025936484336853027e-01 4.754427373409271240e-01 5.204575061798095703e-01 8.190385103225708008e-01 9.527986049652099609e-01 1.604366675019264221e-02 4.840174019336700439e-01 5.779117941856384277e-01 4.075680375099182129e-01 3.151940107345581055e-01 8.268784284591674805e-01 4.600997269153594971e-01 3.658409118652343750e-01
9.318774938583374023e-01 7.922383546829223633e-01 5.414109826087951660e-01 5.016000270843505859e-01 2.836365103721618652e-01 3.041979670524597168e-01 1.624263375997543335e-01 9.610707759857177734e-01 7.037211656570434570e-01 3.790298998355865479e-01 6.712945699691772461e-01 3.990070521831512451e-01 3.594536483287811279e-01 5.831025838851928711e-01
9.915224909782409668e-01 5.852435231208801270e-01 8.502457737922668457e-01 9.862400293350219727e-01 1.550585031509399414e-01 8.512889146804809570e-01 8.949033170938491821e-02 9.866645336151123047e-01 3.307450413703918457e-01 6.217391490936279297e-01 9.313381910324096680e-01 3.859788775444030762e-01 4.500347077846527100e-01 8.302317857742309570e-01
8.863199949264526367e-01 4.069229960441589355e-01 1.893579959869384766e-01 7.294400036334991455e-02 6.903312206268310547e-01 7.342206835746765137e-01 5.326923131942749023e-01 6.906452775001525879e-01 5.468674302101135254e-01 3.748247027397155762e-01 2.724739015102386475e-01 6.468496918678283691e-01 4.920868277549743652e-01 4.194554090499877930e-01
1.083974987268447876e-01 7.824605107307434082e-01 1.283230036497116089e-01 8.469774723052978516e-01 7.821302413940429688e-01 9.846647381782531738e-01 3.239319920539855957e-01 3.193966299295425415e-02 6.698530316352844238e-01 1.490739583969116211e-01 4.263391792774200439e-01 8.095110058784484863e-01 7.080315947532653809e-01 3.427439630031585693e-01
2.710725069046020508e-01 5.734021663665771484e-01 3.155847489833831787e-01 5.611975193023681641e-01 6.579167246818542480e-01 1.268856525421142578e-01 2.591633424162864685e-02 2.970756888389587402e-01 5.912098288536071777e-01 4.070747792720794678e-01 5.672613978385925293e-01 6.937257647514343262e-01 4.149029850959777832e-01 4.842184484004974365e-01
8.018425107002258301e-01 8.067029714584350586e-01 7.353907227516174316e-01 3.280327618122100830e-01 5.407162308692932129e-01 5.744091793894767761e-02 7.603000104427337646e-02 8.800852298736572266e-01 5.742687582969665527e-01 3.361309170722961426e-01 4.899678230285644531e-01 6.578141450881958008e-01 4.450907409191131592e-01 5.536689162254333496e-01
7.876675128936767578e-01 7.800084948539733887e-01 6.484992504119873047e-01 7.177399843931198120e-02 3.393042385578155518e-01 7.921920418739318848e-01 8.614550232887268066e-01 7.729275822639465332e-01 6.368809342384338379e-01 3.938263952732086182e-01 3.928163349628448486e-01 2.769277989864349365e-01 4.756770133972167969e-01 4.437659084796905518e-01
7.887650132179260254e-01 1.707998365163803101e-01 2.689117491245269775e-01 1.715677529573440552e-01 4.584805071353912354e-01 5.856729149818420410e-01 9.326537251472473145e-01 6.853681802749633789e-01 4.501278698444366455e-01 4.833303391933441162e-01 2.682914137840270996e-01 3.857670426368713379e-01 5.496054887771606445e-01 4.762875139713287354e-01
6.138924956321716309e-01 2.990131676197052002e-01 6.870880126953125000e-01 3.610014915466308594e-01 9.075002670288085938e-01 5.366313084959983826e-02 7.136082053184509277e-01 6.959926486015319824e-01 2.941858768463134766e-01 6.822094917297363281e-01 3.888244628906250000e-01 8.327312469482421875e-01 5.975821614265441895e-01 3.329623937606811523e-01
7.764024734497070312e-01 2.303954958915710449e-01 4.517649859189987183e-02 2.238290011882781982e-01 8.824557662010192871e-01 2.316419221460819244e-02 4.090906679630279541e-01 7.906396985054016113e-01 5.577747821807861328e-01 3.648651242256164551e-01 2.668402493000030518e-01 7.551406025886535645e-01 4.773902595043182373e-01 3.989604711532592773e-01
8.611475229263305664e-01 5.029291510581970215e-01 7.918434739112854004e-01 3.507905006408691406e-01 5.899174809455871582e-01 7.605183124542236328e-01 8.123546242713928223e-01 8.857108354568481445e-01 6.189495325088500977e-01 5.835138559341430664e-01 5.737525820732116699e-01 5.256420373916625977e-01 3.927435576915740967e-01 3.673430085182189941e-01
8.742499947547912598e-01 7.550889849662780762e-01 1.301874965429306030e-01 3.596607446670532227e-01 3.129407465457916260e-01 5.421031117439270020e-01 4.128139913082122803e-01 8.556307554244995117e-01 6.506054401397705078e-01 2.553320229053497314e-01 3.524927794933319092e-01 3.748207986354827881e-01 4.702369570732116699e-01 5.212194323539733887e-01
2.718900144100189209e-01 3.575906753540039062e-01 3.067690134048461914e-01 3.941100090742111206e-02 1.523900032043457031e-02 5.528578907251358032e-02 5.284450054168701172e-01 3.327892720699310303e-01 5.272942185401916504e-01 4.419287145137786865e-01 2.152642458677291870e-01 3.193241730332374573e-02 7.127539515495300293e-01 4.443328082561492920e-01
1.728074997663497925e-01 2.856569886207580566e-01 3.369545042514801025e-01 4.146249964833259583e-02 3.664335012435913086e-01 9.702808260917663574e-01 4.931366816163063049e-02 1.779707372188568115e-01 4.030589461326599121e-01 3.721984326839447021e-01 1.010635122656822205e-01 4.548711478710174561e-01 6.761769652366638184e-01 4.869041740894317627e-01
1.085475012660026550e-01 6.530045270919799805e-01 3.547127544879913330e-01 5.272049903869628906e-01 1.486320048570632935e-01 2.973003983497619629e-01 4.634983241558074951e-01 1.357366889715194702e-01 5.616730451583862305e-01 4.611175358295440674e-01 4.969685077667236328e-01 1.946267634630203247e-01 5.429445505142211914e-01 5.160804986953735352e-01
9.037575125694274902e-01 5.142486691474914551e-01 5.011535286903381348e-01 9.820874929428100586e-01 6.129559874534606934e-01 9.437861442565917969e-01 6.548510193824768066e-01 8.586622476577758789e-01 5.531696081161499023e-01 6.192049980163574219e-01 7.324429154396057129e-01 6.127001643180847168e-01 3.907203078269958496e-01 4.418127238750457764e-01
4.373475015163421631e-01 4.566441774368286133e-01 3.355149924755096436e-02 9.868274927139282227e-01 9.817682504653930664e-01 2.539312243461608887e-01 9.301999956369400024e-02 3.460452854633331299e-01 7.183626890182495117e-01 4.870643615722656250e-01 8.666239380836486816e-01 8.994805812835693359e-01 2.979932725429534912e-01 4.430051743984222412e-01
5.892574787139892578e-01 5.256671905517578125e-01 3.833220005035400391e-01 4.100677371025085449e-01 4.292050004005432129e-01 7.145943641662597656e-01 9.107893109321594238e-01 5.176373124122619629e-01 5.280272364616394043e-01 5.296903252601623535e-01 3.793056905269622803e-01 3.364024162292480469e-01 5.064471364021301270e-01 4.115038514137268066e-01
8.896124958992004395e-01 5.709164738655090332e-01 6.017615199089050293e-01 7.296774983406066895e-01 2.513777613639831543e-01 2.104885876178741455e-01 4.076339900493621826e-01 9.661037325859069824e-01 5.092456936836242676e-01 5.851646661758422852e-01 7.186005711555480957e-01 3.385505974292755127e-01 4.163736701011657715e-01 6.362949013710021973e-01
2.978374958038330078e-01 4.444159865379333496e-01 2.433724999427795410e-01 1.843509972095489502e-01 2.251757532358169556e-01 9.433394297957420349e-03 1.765493303537368774e-01 4.182394146919250488e-01 5.915125012397766113e-01 5.372171401977539062e-01 3.411540985107421875e-01 2.025581002235412598e-01 5.335341691970825195e-01 3.503116071224212646e-01
3.598349988460540771e-01 2.996903359889984131e-01 4.710000066552311182e-04 7.063224911689758301e-01 9.674689769744873047e-01 1.224954575300216675e-01 1.405729949474334717e-01 3.515638113021850586e-01 4.344439208507537842e-01 5.993856191635131836e-01 6.127972006797790527e-01 9.302915334701538086e-01 5.542118549346923828e-01 3.476010262966156006e-01
9.644324779510498047e-01 4.646173417568206787e-01 5.738940238952636719e-01 1.671027541160583496e-01 7.665525078773498535e-01 6.398222446441650391e-01 8.692036867141723633e-01 8.533408641815185547e-01 3.528820276260375977e-01 3.916083574295043945e-01 3.992647230625152588e-01 7.393631339073181152e-01 5.294355154037475586e-01 5.811090469360351562e-01
2.768650054931640625e-01 3.343124985694885254e-01 1.403087526559829712e-01 9.292724728584289551e-01 6.357747316360473633e-01 5.279412865638732910e-01 7.147667407989501953e-01 3.733327388763427734e-01 4.807659387588500977e-01 2.405820786952972412e-01 8.212332129478454590e-01 6.571977734565734863e-01 4.651690721511840820e-01 7.197884321212768555e-01
3.513149917125701904e-01 1.672963351011276245e-01 3.242172598838806152e-01 3.931129872798919678e-01 9.706640243530273438e-01 3.940488770604133606e-02 2.433539927005767822e-01 4.545603692531585693e-01 3.813893198966979980e-01 6.171408295631408691e-01 3.540048003196716309e-01 8.966196775436401367e-01 5.807163715362548828e-01 3.055400252342224121e-01
9.710000157356262207e-01 6.171716451644897461e-01 4.681645035743713379e-01 5.625025033950805664e-01 6.266077756881713867e-01 7.416483759880065918e-01 7.225397825241088867e-01 7.799804210662841797e-01 5.662359595298767090e-01 6.253209710121154785e-01 6.232973337173461914e-01 5.571200847625732422e-01 3.950967192649841309e-01 3.693221807479858398e-01
4.696499928832054138e-02 5.904046893119812012e-01 4.128272533416748047e-01 8.961125016212463379e-01 4.829832613468170166e-01 6.732547283172607422e-01 6.345176696777343750e-01 3.153086081147193909e-02 6.480453014373779297e-01 5.890737175941467285e-01 8.846825957298278809e-01 5.037705898284912109e-01 3.305798470973968506e-01 6.092616915702819824e-01
2.299724966287612915e-01 5.938348174095153809e-01 7.080182433128356934e-01 6.222224831581115723e-01 1.198759973049163818e-01 1.493485867977142334e-01 1.097576692700386047e-01 3.235269188880920410e-01 5.538702607154846191e-01 6.958476901054382324e-01 6.568825840950012207e-01 1.621244251728057861e-01 3.751320242881774902e-01 3.910100460052490234e-01
4.988500103354454041e-02 6.964138150215148926e-01 9.342284798622131348e-01 2.847700007259845734e-02 1.156070008873939514e-01 4.264587759971618652e-01 2.090653330087661743e-01 7.984557002782821655e-02 5.637941956520080566e-01 6.755501627922058105e-01 3.067202568054199219e-01 1.746120154857635498e-01 6.130040287971496582e-01 3.687278926372528076e-01
4.282124936580657959e-01 3.620181679725646973e-01 1.770379990339279175e-01 5.411224961280822754e-01 5.354024767875671387e-01 9.847211837768554688e-02 9.538111090660095215e-01 4.309872686862945557e-01 5.732945799827575684e-01 5.780578851699829102e-01 5.261784195899963379e-01 3.133598566055297852e-01 4.264456033706665039e-01 3.846386671066284180e-01
8.657900094985961914e-01 6.814615130424499512e-01 1.793574914336204529e-02 1.648710072040557861e-01 1.341844946146011353e-01 8.240299224853515625e-01 5.403280258178710938e-01 8.520683050155639648e-01 6.324499249458312988e-01 5.224576592445373535e-02 2.124498933553695679e-01 2.182835787534713745e-01 5.501551032066345215e-01 7.020016312599182129e-01
7.591099739074707031e-01 3.764336705207824707e-01 4.209222495555877686e-01 1.516019999980926514e-01 8.258845210075378418e-01 4.438230395317077637e-01 5.119349956512451172e-01 6.410188674926757812e-01 4.268619716167449951e-01 5.015239715576171875e-01 3.466413319110870361e-01 7.766628265380859375e-01 5.180677175521850586e-01 4.115754067897796631e-01
3.152500092983245850e-01 8.091403245925903320e-01 2.362122535705566406e-01 7.664824724197387695e-01 4.129225015640258789e-01 1.563698053359985352e-01 8.539366722106933594e-02 3.266052901744842529e-01 6.804481148719787598e-01 1.926528662443161011e-01 6.543325185775756836e-01 4.451939463615417480e-01 4.156716465950012207e-01 6.179281473159790039e-01
8.833774924278259277e-01 3.062469959259033203e-01 7.148334980010986328e-01 9.394775032997131348e-01 8.379694819450378418e-01 4.785756468772888184e-01 1.238410025835037231e-01 8.760953545570373535e-01 4.207378923892974854e-01 7.292735576629638672e-01 8.942643404006958008e-01 8.373458981513977051e-01 4.237625598907470703e-01 4.282311499118804932e-01
2.624450027942657471e-01 7.081418037414550781e-01 9.133097529411315918e-01 3.516725003719329834e-01 3.775087594985961914e-01 4.892603158950805664e-01 7.394219040870666504e-01 3.015077710151672363e-01 5.998603701591491699e-01 5.826669335365295410e-01 5.585890412330627441e-01 3.200818300247192383e-01 4.137523174285888672e-01 3.866977393627166748e-01
6.288675069808959961e-01 4.013208448886871338e-01 6.271439790725708008e-01 5.914325118064880371e-01 6.386572718620300293e-01 7.352977991104125977e-02 8.387137651443481445e-01 7.695794105529785156e-01 3.382283449172973633e-01 6.259716153144836426e-01 5.097440481185913086e-01 6.922041773796081543e-01 5.442059040069580078e-01 4.534347951412200928e-01
9.649000316858291626e-02 6.352553367614746094e-01 2.174887508153915405e-01 3.789815008640289307e-01 5.279592275619506836e-01 7.699582576751708984e-01 2.776649892330169678e-01 8.495438843965530396e-02 6.556233167648315430e-01 3.432002663612365723e-01 4.051233530044555664e-01 5.828213095664978027e-01 5.174981355667114258e-01 4.244833588600158691e-01
4.747500177472829819e-03 6.919398307800292969e-01 4.735707640647888184e-01 8.740749955177307129e-01 4.507279992103576660e-01 8.296979069709777832e-01 8.891859650611877441e-01 3.301364183425903320e-02 6.829755902290344238e-01 2.276301681995391846e-01 3.808375298976898193e-01 4.868759512901306152e-01 5.873094797134399414e-01 4.876788556575775146e-01
7.755525112152099609e-01 7.979681491851806641e-01 9.111917614936828613e-01 3.796250093728303909e-03 7.594450116157531738e-01 3.547005057334899902e-01 3.552263379096984863e-01 8.236292004585266113e-01 4.260635673999786377e-01 4.502677023410797119e-01 2.172913700342178345e-01 7.715588212013244629e-01 5.284470915794372559e-01 3.978826701641082764e-01
3.808274865150451660e-01 4.288845062255859375e-01 9.527517557144165039e-01 7.650700211524963379e-01 2.052497565746307373e-01 4.425476789474487305e-01 9.385688900947570801e-01 3.473355472087860107e-01 2.730766832828521729e-01 7.459822297096252441e-01 7.875156998634338379e-01 1.710456460714340210e-01 4.400578439235687256e-01 6.436348557472229004e-01
7.254800200462341309e-01 3.581161797046661377e-01 4.086399972438812256e-01 7.949575185775756836e-01 1.915449947118759155e-01 7.611119151115417480e-01 8.981286883354187012e-01 7.434631586074829102e-01 3.469687402248382568e-01 6.057553291320800781e-01 6.199165582656860352e-01 1.394397169351577759e-01 5.026990771293640137e-01 6.818261742591857910e-01
9.948474764823913574e-01 6.081855297088623047e-01 7.062167525291442871e-01 1.075472533702850342e-01 5.257187485694885254e-01 3.161324262619018555e-01 1.537179946899414062e-01 9.605173468589782715e-01 4.802640080451965332e-01 5.056697130203247070e-01 3.056130111217498779e-01 6.749826669692993164e-01 5.019451379776000977e-01 4.186430275440216064e-01
6.872249841690063477e-01 8.315606713294982910e-01 4.650804996490478516e-01 8.842549920082092285e-01 9.784927368164062500e-01 4.295774698257446289e-01 2.765719890594482422e-01 7.089846134185791016e-01 6.191555261611938477e-01 5.631823539733886719e-01 7.867674231529235840e-01 9.175383448600769043e-01 3.842113018035888672e-01 3.643086254596710205e-01
1.120124980807304382e-01 4.812506735324859619e-01 2.018055021762847900e-01 6.449974775314331055e-01 9.377920031547546387e-01 1.845426261425018311e-01 3.518233448266983032e-02 9.943866729736328125e-02 6.406725049018859863e-01 5.967270731925964355e-01 8.456759452819824219e-01 9.338595271110534668e-01 3.825636506080627441e-01 4.073382019996643066e-01
3.766674995422363281e-01 3.590076565742492676e-01 7.314479947090148926e-01 3.205557465553283691e-01 9.059237241744995117e-01 6.269232034683227539e-01 1.329353302717208862e-01 4.292363524436950684e-01 3.749272227287292480e-01 6.219258308410644531e-01 4.061334431171417236e-01 9.078868031501770020e-01 5.860834717750549316e-01 3.115591108798980713e-01
9.774324893951416016e-01 7.538981437683105469e-01 8.305014967918395996e-01 1.580124907195568085e-02 7.033837437629699707e-01 1.430432349443435669e-01 8.005074858665466309e-01 9.137233495712280273e-01 5.137451291084289551e-01 2.814572155475616455e-01 5.184895396232604980e-01 7.382345199584960938e-01 4.625037312507629395e-01 6.162113547325134277e-01
6.378099918365478516e-01 3.201574981212615967e-01 2.945742607116699219e-01 5.731174945831298828e-01 3.922002613544464111e-01 3.540772795677185059e-01 4.411259889602661133e-01 5.908945798873901367e-01 4.877952933311462402e-01 5.611665248870849609e-01 5.295462012290954590e-01 4.038737118244171143e-01 4.594095051288604736e-01 4.733748733997344971e-01
3.080675005912780762e-01 7.010611891746520996e-01 4.994640052318572998e-01 5.099800229072570801e-01 5.613575130701065063e-02 7.657982707023620605e-01 4.196510016918182373e-01 3.161594569683074951e-01 6.270169615745544434e-01 5.109203457832336426e-01 5.700965523719787598e-01 1.049908250570297241e-01 4.512708187103271484e-01 4.349727034568786621e-01
9.125425219535827637e-01 4.284253418445587158e-01 6.012215018272399902e-01 9.908000230789184570e-01 4.402920007705688477e-01 6.208976507186889648e-01 4.471476674079895020e-01 9.214292168617248535e-01 4.331578612327575684e-01 6.613594889640808105e-01 8.469511270523071289e-01 5.659557580947875977e-01 4.207615256309509277e-01 5.944865942001342773e-01
4.709349870681762695e-01 3.548451662063598633e-01 7.789080142974853516e-01 1.375962495803833008e-01 1.834249943494796753e-01 8.134646415710449219e-01 4.403123259544372559e-01 5.217578411102294922e-01 3.383234739303588867e-01 6.336900591850280762e-01 1.937853395938873291e-01 2.612963616847991943e-01 6.451480388641357422e-01 4.751142561435699463e-01
3.710424900054931641e-01 5.534488558769226074e-01 2.560982406139373779e-01 9.934975206851959229e-02 7.513424754142761230e-01 8.485526442527770996e-01 3.969869911670684814e-01 2.986797094345092773e-01 5.044116377830505371e-01 2.387559115886688232e-01 1.529994755983352661e-01 7.788554430007934570e-01 5.325170755386352539e-01 4.634554088115692139e-01
9.339575171470642090e-01 4.130261540412902832e-01 6.500807404518127441e-01 7.896324992179870605e-01 8.682102560997009277e-01 1.072061620652675629e-02 3.690566718578338623e-01 9.563643336296081543e-01 3.673808574676513672e-01 6.589079499244689941e-01 6.753259301185607910e-01 8.744158744812011719e-01 5.453992486000061035e-01 3.824040293693542480e-01
7.518200278282165527e-01 5.801334977149963379e-01 6.751472353935241699e-01 4.115785062313079834e-01 5.104140043258666992e-01 4.630285799503326416e-01 3.231316804885864258e-01 6.991670727729797363e-01 4.756277799606323242e-01 6.578259468078613281e-01 4.980678558349609375e-01 5.519401431083679199e-01 4.508076906204223633e-01 3.539940118789672852e-01
8.601500093936920166e-02 1.790011674165725708e-01 3.285039961338043213e-01 2.262952476739883423e-01 5.205295085906982422e-01 1.034278795123100281e-01 7.129514813423156738e-01 1.600081175565719604e-01 3.535290658473968506e-01 6.039373874664306641e-01 2.389818727970123291e-01 5.265396833419799805e-01 6.022309064865112305e-01 5.100247263908386230e-01
5.384299755096435547e-01 6.914726495742797852e-01 7.503899931907653809e-02 8.818050026893615723e-01 2.162960022687911987e-01 2.338714152574539185e-01 3.813476562500000000e-01 4.753006696701049805e-01 7.342343926429748535e-01 2.856169939041137695e-01 7.093382477760314941e-01 2.029952108860015869e-01 3.886433243751525879e-01 5.335736870765686035e-01
5.683975219726562500e-01 8.110686540603637695e-01 5.762065052986145020e-01 1.738864928483963013e-01 4.620465040206909180e-01 2.299935370683670044e-01 5.021939873695373535e-01 5.405018925666809082e-01 5.545074343681335449e-01 5.602328181266784668e-01 4.015716910362243652e-01 4.614462256431579590e-01 4.602595567703247070e-01 3.455770611763000488e-01
6.241850256919860840e-01 5.553466677665710449e-01 9.314810037612915039e-01 9.446575045585632324e-01 8.736892342567443848e-01 7.963523268699645996e-01 9.412137866020202637e-01 7.493749856948852539e-01 3.501969575881958008e-01 5.813208222389221191e-01 9.519390463829040527e-01 8.220805525779724121e-01 4.667150676250457764e-01 6.600432395935058594e-01
2.081274986267089844e-01 5.066146850585937500e-01 2.573125064373016357e-02 1.949255019426345825e-01 8.051250129938125610e-03 7.783830165863037109e-01 1.631043404340744019e-01 1.847686767578125000e-01 5.539989471435546875e-01 1.085295304656028748e-01 2.299834042787551880e-01 1.210972517728805542e-01 6.894687414169311523e-01 6.191648244857788086e-01
7.902500219643115997e-03 2.775788307189941406e-01 9.630687236785888672e-01 5.940250121057033539e-03 9.443989992141723633e-01 8.861111477017402649e-03 8.763636350631713867e-01 4.654128476977348328e-02 3.253430426120758057e-01 8.530094027519226074e-01 3.744729757308959961e-01 7.689668536186218262e-01 6.310191750526428223e-01 3.569945991039276123e-01
3.490175008773803711e-01 3.315578401088714600e-01 6.813782453536987305e-01 8.463649749755859375e-01 4.392812550067901611e-01 4.820770621299743652e-01 5.543839931488037109e-01 3.822744786739349365e-01 2.961098849773406982e-01 7.504320740699768066e-01 6.645389199256896973e-01 4.993811249732971191e-01 4.798320531845092773e-01 5.006268024444580078e-01
6.325374841690063477e-01 4.777173399925231934e-01 9.069085121154785156e-01 2.631149999797344208e-02 4.379667639732360840e-01 7.652301192283630371e-01 1.946966722607612610e-02 6.646034121513366699e-01 4.092726707458496094e-01 6.688611507415771484e-01 2.776434123516082764e-01 5.439777970314025879e-01 5.516828298568725586e-01 3.267499208450317383e-01
2.474450021982192993e-01 6.708019971847534180e-01 6.160609722137451172e-01 6.686449795961380005e-02 9.973790049552917480e-01 5.136569738388061523e-01 1.479963362216949463e-01 2.215036153793334961e-01 6.074984073638916016e-01 5.074691176414489746e-01 2.856387794017791748e-01 9.294436573982238770e-01 4.968925118446350098e-01 2.476707398891448975e-01
2.414000034332275391e-01 2.934930026531219482e-01 6.491835117340087891e-01 8.848274946212768555e-01 1.507987529039382935e-01 9.573894143104553223e-01 2.810910046100616455e-01 2.531729042530059814e-01 3.547081053256988525e-01 7.035307288169860840e-01 6.443879604339599609e-01 2.072881460189819336e-01 4.750024080276489258e-01 5.496796369552612305e-01
3.619500100612640381e-01 1.991406679153442383e-01 9.865717291831970215e-01 3.456399962306022644e-02 4.986245036125183105e-01 4.302488863468170166e-01 5.639186501502990723e-01 3.872865140438079834e-01 2.429414838552474976e-01 7.333615422248840332e-01 2.981574833393096924e-01 5.794827342033386230e-01 6.179183125495910645e-01 4.719911515712738037e-01
7.787299752235412598e-01 6.428518295288085938e-01 1.538529992103576660e-01 4.492387473583221436e-01 4.656944870948791504e-01 2.912509143352508545e-01 1.223846673965454102e-01 8.312369585037231445e-01 5.774270892143249512e-01 2.435915172100067139e-01 3.873006403446197510e-01 6.137638688087463379e-01 4.545513987541198730e-01 5.794373750686645508e-01
9.658700227737426758e-01 4.178045094013214111e-01 1.517977565526962280e-01 2.776125073432922363e-02 6.223834753036499023e-01 1.368252560496330261e-02 7.477154731750488281e-01 7.864827513694763184e-01 4.097372591495513916e-01 5.107544660568237305e-01 2.219156026840209961e-01 6.275140643119812012e-01 5.382350087165832520e-01 4.180406630039215088e-01
8.769749850034713745e-02 3.803251683712005615e-01 1.799227446317672729e-01 4.054565131664276123e-01 4.197404980659484863e-01 6.658194065093994141e-01 5.733813047409057617e-01 1.048970818519592285e-01 5.606387853622436523e-01 3.128917813301086426e-01 3.104096651077270508e-01 3.473338782787322998e-01 6.045054793357849121e-01 5.208155512809753418e-01
5.782099962234497070e-01 5.492921471595764160e-01 7.322502732276916504e-01 6.360499858856201172e-01 5.924792289733886719e-01 6.236026287078857422e-01 7.244538068771362305e-01 5.200707316398620605e-01 5.573785901069641113e-01 6.596835255622863770e-01 6.865081787109375000e-01 4.845182597637176514e-01 3.598690927028656006e-01 3.718939125537872314e-01
7.511274814605712891e-01 2.561973333358764648e-01 2.034094929695129395e-01 5.781000107526779175e-02 3.090412616729736328e-01 6.001533269882202148e-01 2.684339880943298340e-01 6.798591613769531250e-01 5.048390626907348633e-01 3.693395256996154785e-01 2.013680338859558105e-01 3.566984236240386963e-01 5.699853301048278809e-01 4.570212066173553467e-01
2.233500033617019653e-01 2.889033257961273193e-01 7.361829876899719238e-01 6.372399926185607910e-01 9.772074818611145020e-01 1.930858641862869263e-01 5.314249992370605469e-01 2.149830162525177002e-01 3.174875676631927490e-01 8.105838894844055176e-01 8.098433017730712891e-01 9.204196333885192871e-01 5.594813823699951172e-01 3.402536511421203613e-01
9.253799915313720703e-01 7.197476625442504883e-01 6.850184798240661621e-01 9.621375203132629395e-01 2.298794984817504883e-01 8.561994880437850952e-02 7.906510829925537109e-01 9.760219454765319824e-01 7.410017251968383789e-01 4.288339614868164062e-01 9.718766808509826660e-01 2.897089421749114990e-01 2.460237294435501099e-01 7.871015667915344238e-01
6.271250247955322266e-01 1.996716707944869995e-01 8.539312481880187988e-01 7.863399982452392578e-01 3.019177615642547607e-01 6.361659765243530273e-01 9.492045044898986816e-01 7.081621289253234863e-01 2.205798625946044922e-01 7.239592075347900391e-01 7.198027968406677246e-01 2.476740181446075439e-01 5.149120092391967773e-01 7.074061036109924316e-01
9.157475233078002930e-01 7.877186536788940430e-01 5.659097433090209961e-01 7.570624947547912598e-01 5.788050293922424316e-01 5.376968979835510254e-01 9.000568985939025879e-01 9.116830229759216309e-01 5.527954697608947754e-01 3.075753748416900635e-01 7.538951635360717773e-01 6.900589466094970703e-01 4.365239739418029785e-01 6.894268393516540527e-01
5.659899711608886719e-01 5.330229997634887695e-01 6.296747326850891113e-01 8.884599804878234863e-01 2.933999896049499512e-01 3.588409125804901123e-01 4.630613327026367188e-01 5.867486596107482910e-01 4.350697994232177734e-01 6.658837199211120605e-01 6.283068656921386719e-01 3.391438424587249756e-01 4.290741980075836182e-01 4.800477027893066406e-01
2.679999917745590210e-03 4.351231753826141357e-01 3.351089954376220703e-01 5.842099785804748535e-01 8.974232673645019531e-01 6.055665612220764160e-01 5.793313384056091309e-01 4.238544031977653503e-02 6.418898701667785645e-01 4.593374133110046387e-01 3.810339868068695068e-01 8.253580927848815918e-01 5.314538478851318359e-01 3.569308221340179443e-01
4.033350050449371338e-01 4.212691783905029297e-01 1.912339925765991211e-01 2.825247645378112793e-01 7.213000208139419556e-02 6.112124323844909668e-01 4.370783269405364990e-01 3.855471909046173096e-01 5.676895976066589355e-01 3.219698071479797363e-01 3.076631426811218262e-01 8.654534071683883667e-02 6.371635794639587402e-01 4.887102544307708740e-01
1.106349974870681763e-01 6.190180182456970215e-01 1.793787479400634766e-01 1.274842470884323120e-01 3.577984869480133057e-01 5.410595797002315521e-03 5.348500013351440430e-01 2.045345902442932129e-01 6.103301048278808594e-01 3.204405605792999268e-01 3.739030957221984863e-01 3.190362453460693359e-01 5.496098399162292480e-01 4.678829610347747803e-01
4.543924927711486816e-01 7.378360033035278320e-01 5.042652487754821777e-01 5.452425032854080200e-02 3.704949915409088135e-01 3.414631187915802002e-01 3.860243260860443115e-01 4.509904384613037109e-01 5.241977572441101074e-01 3.887858390808105469e-01 2.890099883079528809e-01 4.604153931140899658e-01 5.304306745529174805e-01 4.559405148029327393e-01
3.660899996757507324e-01 2.527939975261688232e-01 7.037402391433715820e-01 5.978599786758422852e-01 6.748697757720947266e-01 7.463386654853820801e-01 2.581023275852203369e-01 3.685967326164245605e-01 2.879676222801208496e-01 7.430072426795959473e-01 6.576816439628601074e-01 7.205477952957153320e-01 5.397381782531738281e-01 4.327345788478851318e-01
7.690225243568420410e-01 4.442251622676849365e-01 3.291552364826202393e-01 6.761325150728225708e-02 4.906134903430938721e-01 9.290133118629455566e-01 6.837782263755798340e-01 6.996355652809143066e-01 5.723966360092163086e-01 3.455698788166046143e-01 2.441164255142211914e-01 4.719187617301940918e-01 5.238577723503112793e-01 4.111433923244476318e-01
7.788749933242797852e-01 1.939969956874847412e-01 7.486305236816406250e-01 8.033400028944015503e-02 7.285297513008117676e-01 6.470609307289123535e-01 3.644200041890144348e-02 6.721666455268859863e-01 3.788565993309020996e-01 6.912076473236083984e-01 4.208798110485076904e-01 7.111950516700744629e-01 5.224584937095642090e-01 3.239606022834777832e-01
4.922575056552886963e-01 4.644699990749359131e-01 9.722380042076110840e-01 8.096274733543395996e-02 5.000154972076416016e-01 2.986226379871368408e-01 3.622196614742279053e-01 5.682396292686462402e-01 4.575821459293365479e-01 6.659908890724182129e-01 3.550123274326324463e-01 5.228937864303588867e-01 4.953233003616333008e-01 3.145425617694854736e-01
6.248199939727783203e-01 2.757619917392730713e-01 4.636437594890594482e-01 5.869824886322021484e-01 7.075825333595275879e-02 1.443950533866882324e-01 9.021561741828918457e-01 4.954794645309448242e-01 2.790667712688446045e-01 6.347653269767761230e-01 7.630030512809753418e-01 4.024607315659523010e-02 4.954935014247894287e-01 7.673968076705932617e-01
9.167299866676330566e-01 5.198621749877929688e-01 8.730900287628173828e-02 1.401827484369277954e-01 9.455597400665283203e-01 2.844321131706237793e-01 4.433700144290924072e-01 6.602796912193298340e-01 3.256734311580657959e-01 4.867152869701385498e-01 2.220893502235412598e-01 8.741992712020874023e-01 5.780333280563354492e-01 3.968409299850463867e-01
5.328249931335449219e-02 6.268031597137451172e-01 8.656234741210937500e-01 7.841125130653381348e-01 1.281207501888275146e-01 4.714569821953773499e-02 7.636972069740295410e-01 7.715362310409545898e-02 5.361601710319519043e-01 7.167536616325378418e-01 6.715955138206481934e-01 1.188457161188125610e-01 4.639069139957427979e-01 4.774412810802459717e-01
3.370625078678131104e-01 5.679903626441955566e-01 4.762847423553466797e-01 6.781899929046630859e-01 1.619534939527511597e-01 1.665432378649711609e-02 1.155476644635200500e-01 4.221207499504089355e-01 5.632032155990600586e-01 6.078627705574035645e-01 5.060960054397583008e-01 1.901942640542984009e-01 4.445187747478485107e-01 3.932410180568695068e-01
2.262825071811676025e-01 3.520023226737976074e-01 2.302384972572326660e-01 2.541489899158477783e-01 6.097245216369628906e-01 9.378677010536193848e-01 1.245416700839996338e-01 2.542293071746826172e-01 4.730067253112792969e-01 4.290433824062347412e-01 1.676138937473297119e-01 6.023040413856506348e-01 6.019838452339172363e-01 4.028919935226440430e-01
3.556700050830841064e-01 6.033438444137573242e-01 7.590600103139877319e-02 7.855924963951110840e-01 8.106474876403808594e-01 7.986918091773986816e-01 4.689953327178955078e-01 2.472077906131744385e-01 5.952617526054382324e-01 3.408415317535400391e-01 5.053622126579284668e-01 8.382413387298583984e-01 4.413861930370330811e-01 4.650457203388214111e-01
8.429775238037109375e-01 7.083874940872192383e-01 8.969835042953491211e-01 3.316935002803802490e-01 1.922460049390792847e-01 1.513917148113250732e-01 6.337006688117980957e-01 9.760527014732360840e-01 7.357374429702758789e-01 2.944493591785430908e-01 7.048797011375427246e-01 2.577658295631408691e-01 3.488056659698486328e-01 6.715747714042663574e-01
5.403999984264373779e-02 7.656933069229125977e-01 6.545142531394958496e-01 5.883499979972839355e-01 8.085014820098876953e-01 7.347508072853088379e-01 9.054458141326904297e-01 5.798850581049919128e-02 6.265110969543457031e-01 4.959000647068023682e-01 3.729043304920196533e-01 8.832655549049377441e-01 5.058157444000244141e-01 3.487098515033721924e-01
6.548849940299987793e-01 2.622381746768951416e-01 3.171332478523254395e-01 8.244925141334533691e-01 7.220425009727478027e-01 6.205694675445556641e-01 7.463879585266113281e-01 7.272585034370422363e-01 4.661108851432800293e-01 3.923829197883605957e-01 6.920700669288635254e-01 7.052865028381347656e-01 4.725525975227355957e-01 6.126894950866699219e-01
5.690250173211097717e-02 3.842993378639221191e-01 3.209500014781951904e-01 8.980675041675567627e-02 6.344345211982727051e-01 8.523264527320861816e-01 7.518504858016967773e-01 6.260706484317779541e-02 5.791128873825073242e-01 4.808088839054107666e-01 2.908139526844024658e-01 4.699841439723968506e-01 6.180658340454101562e-01 4.075216352939605713e-01
1.180450022220611572e-01 5.258161425590515137e-01 3.197174891829490662e-02 3.379600048065185547e-01 1.635382473468780518e-01 3.489731252193450928e-01 4.183226525783538818e-01 1.756565123796463013e-01 5.708624720573425293e-01 1.609983146190643311e-01 3.200099468231201172e-01 2.486720085144042969e-01 6.109850406646728516e-01 5.931284427642822266e-01
5.906900167465209961e-01 4.630428254604339600e-01 2.061237543821334839e-01 4.866065084934234619e-01 8.219049870967864990e-02 2.872280776500701904e-01 7.287160754203796387e-01 5.545680522918701172e-01 6.642301678657531738e-01 2.699501216411590576e-01 6.502693891525268555e-01 5.717032402753829956e-02 4.727138578891754150e-01 6.304356455802917480e-01
1.937325000762939453e-01 2.511173188686370850e-01 5.159317255020141602e-01 9.303350001573562622e-02 7.434750348329544067e-02 9.222390055656433105e-01 9.384614825248718262e-01 1.316136866807937622e-01 3.895380198955535889e-01 5.665053725242614746e-01 4.128677546977996826e-01 1.714934594929218292e-02 6.729817390441894531e-01 5.899001955986022949e-01
6.079649925231933594e-01 1.895726621150970459e-01 5.640705227851867676e-01 4.215527474880218506e-01 2.759417593479156494e-01 5.700901746749877930e-01 6.042056679725646973e-01 6.605026125907897949e-01 3.512280583381652832e-01 6.765040159225463867e-01 3.342934846878051758e-01 3.233877718448638916e-01 5.659839510917663574e-01 4.752761125564575195e-01
5.863224864006042480e-01 7.500029802322387695e-01 8.931877613067626953e-01 5.423575043678283691e-01 4.633725062012672424e-02 4.671885967254638672e-01 4.951773285865783691e-01 5.897526144981384277e-01 4.596450328826904297e-01 5.893269777297973633e-01 5.903309583663940430e-01 8.349908143281936646e-02 4.794439375400543213e-01 5.860797762870788574e-01
7.541750073432922363e-01 7.632694840431213379e-01 6.187502741813659668e-01 6.510775089263916016e-01 7.499782443046569824e-01 9.260282665491104126e-02 6.434956789016723633e-01 8.524408936500549316e-01 4.617131650447845459e-01 3.638434708118438721e-01 6.936057806015014648e-01 7.981743216514587402e-01 4.854809641838073730e-01 6.054794788360595703e-01
9.906700253486633301e-01 3.610888421535491943e-01 2.323432564735412598e-01 7.726774811744689941e-01 1.641399972140789032e-02 5.265751481056213379e-01 1.431106626987457275e-01 9.830881953239440918e-01 6.908965706825256348e-01 2.384124249219894409e-01 8.716784715652465820e-01 8.871046453714370728e-02 3.460671603679656982e-01 8.528577089309692383e-01
2.739075124263763428e-01 5.550071597099304199e-01 2.408602535724639893e-01 4.076015055179595947e-01 3.628050163388252258e-02 6.620416045188903809e-01 2.150979936122894287e-01 2.875480949878692627e-01 5.346055626869201660e-01 3.577637970447540283e-01 4.091764390468597412e-01 1.163876876235008240e-01 5.952251553535461426e-01 5.303318500518798828e-01
3.850049972534179688e-01 7.872021794319152832e-01 9.797570109367370605e-01 9.987850189208984375e-01 8.127647638320922852e-01 3.989169597625732422e-01 3.919133245944976807e-01 4.326146841049194336e-01 5.712400078773498535e-01 6.032570600509643555e-01 9.360255002975463867e-01 9.025327563285827637e-01 3.488201200962066650e-01 4.865002036094665527e-01
5.063174962997436523e-01 2.145604938268661499e-01 2.073652446269989014e-01 8.162025213241577148e-01 4.607937633991241455e-01 7.850885987281799316e-01 5.947543382644653320e-01 4.128020107746124268e-01 4.572009146213531494e-01 6.519191861152648926e-01 5.474362969398498535e-01 3.927009403705596924e-01 4.427754580974578857e-01 4.220888912677764893e-01
4.404950141906738281e-01 5.511078238487243652e-01 8.799842596054077148e-01 7.212749868631362915e-02 4.232982397079467773e-01 1.371206045150756836e-01 5.367199778556823730e-01 4.666956067085266113e-01 5.610927939414978027e-01 6.583560705184936523e-01 5.077192783355712891e-01 3.516412377357482910e-01 4.082927703857421875e-01 3.183664977550506592e-01
2.760049998760223389e-01 6.105549931526184082e-01 7.547634840011596680e-01 8.293575048446655273e-01 5.048902630805969238e-01 8.438202142715454102e-01 5.183223485946655273e-01 2.956764996051788330e-01 5.182168483734130859e-01 5.712189674377441406e-01 7.253469824790954590e-01 5.192292332649230957e-01 4.064677357673645020e-01 5.091776251792907715e-01
4.031774997711181641e-01 3.110710084438323975e-01 2.925267517566680908e-01 8.773899823427200317e-02 9.853885173797607422e-01 1.736063659191131592e-01 2.956353425979614258e-01 4.089657068252563477e-01 4.001663029193878174e-01 5.429140329360961914e-01 1.941971927881240845e-01 8.983505368232727051e-01 5.745422244071960449e-01 3.077569305896759033e-01
7.851999998092651367e-02 4.747860133647918701e-01 4.607975110411643982e-02 7.003375142812728882e-02 9.840524941682815552e-02 9.464107155799865723e-01 4.422263205051422119e-01 5.419760569930076599e-02 6.485717296600341797e-01 8.057098835706710815e-02 1.339618712663650513e-01 7.209265232086181641e-02 8.396806716918945312e-01 4.664160311222076416e-01
7.364550232887268066e-01 2.173463404178619385e-01 7.382057309150695801e-01 9.760400056838989258e-01 3.472414910793304443e-01 8.941058814525604248e-02 4.363046586513519287e-01 9.214279055595397949e-01 1.989155560731887817e-01 8.048286437988281250e-01 7.213211655616760254e-01 5.179687142372131348e-01 5.567165017127990723e-01 5.734319090843200684e-01
3.136300146579742432e-01 2.598730027675628662e-01 1.336997449398040771e-01 2.559275031089782715e-01 7.587705254554748535e-01 2.483367733657360077e-02 5.789489746093750000e-01 4.926485717296600342e-01 4.405254423618316650e-01 3.958881199359893799e-01 1.678319722414016724e-01 7.234669923782348633e-01 5.299639701843261719e-01 4.243508279323577881e-01
3.607000112533569336e-01 7.318471670150756836e-01 8.859515190124511719e-01 5.523300170898437500e-01 8.288319706916809082e-01 2.518374621868133545e-01 6.919299811124801636e-02 4.495335519313812256e-01 4.146418571472167969e-01 6.102975606918334961e-01 5.633912086486816406e-01 9.298264384269714355e-01 5.648524761199951172e-01 3.226515650749206543e-01
4.553824961185455322e-01 6.316666603088378906e-01 2.955750003457069397e-02 9.369000196456909180e-01 2.222349941730499268e-01 5.863673686981201172e-01 9.579002857208251953e-01 3.885195553302764893e-01 6.204283237457275391e-01 1.070926338434219360e-01 7.493330240249633789e-01 1.761675029993057251e-01 5.000466108322143555e-01 7.656331658363342285e-01
2.442775070667266846e-01 5.134183168411254883e-01 3.265242576599121094e-01 3.863467574119567871e-01 2.892002463340759277e-01 5.751613974571228027e-01 3.760926723480224609e-01 2.784807384014129639e-01 5.177310705184936523e-01 3.631722629070281982e-01 3.670239746570587158e-01 3.463252484798431396e-01 5.484843254089355469e-01 5.207215547561645508e-01
9.840275049209594727e-01 5.984561443328857422e-01 1.044090017676353455e-01 4.685377478599548340e-01 5.093249958008527756e-03 2.064928263425827026e-01 5.362933278083801270e-01 9.622618556022644043e-01 5.280352830886840820e-01 1.851234287023544312e-01 6.434692740440368652e-01 8.450433611869812012e-02 4.607976973056793213e-01 8.506152629852294922e-01
4.618175029754638672e-01 8.308724761009216309e-01 6.438454985618591309e-01 4.836890101432800293e-01 1.742827445268630981e-01 6.004298105835914612e-02 5.046179890632629395e-01 5.058102607727050781e-01 6.198133826255798340e-01 4.989727437496185303e-01 4.743092656135559082e-01 1.994467824697494507e-01 4.597786068916320801e-01 4.054389595985412598e-01
9.378799796104431152e-01 2.468235045671463013e-01 8.417827486991882324e-01 2.632252573966979980e-01 5.194742679595947266e-01 5.607881546020507812e-01 8.390653729438781738e-01 9.213421344757080078e-01 3.811384737491607666e-01 6.746599078178405762e-01 5.305355191230773926e-01 5.018308162689208984e-01 5.029731392860412598e-01 4.929483830928802490e-01
4.536949992179870605e-01 5.361716747283935547e-01 9.804722666740417480e-01 3.274044990539550781e-01 6.911270022392272949e-01 9.038580656051635742e-01 2.757663428783416748e-01 4.833591878414154053e-01 3.467285931110382080e-01 6.285053491592407227e-01 3.213403224945068359e-01 7.517045140266418457e-01 5.618745088577270508e-01 3.820855915546417236e-01
9.493999928236007690e-02 4.337469935417175293e-01 1.638045012950897217e-01 8.934425115585327148e-01 1.743752509355545044e-01 9.190575480461120605e-01 7.773336768150329590e-01 6.422593444585800171e-02 5.529769062995910645e-01 1.610437631607055664e-01 4.706773757934570312e-01 1.705729961395263672e-01 6.251205801963806152e-01 6.795362830162048340e-01
8.203499913215637207e-01 4.154481589794158936e-01 1.856285035610198975e-01 8.868749737739562988e-01 9.504592418670654297e-01 8.619172573089599609e-01 6.622623205184936523e-01 6.592004895210266113e-01 3.732267320156097412e-01 5.123248696327209473e-01 8.077453374862670898e-01 8.662162423133850098e-01 5.221583247184753418e-01 5.351321101188659668e-01
1.314499974250793457e-02 7.862786650657653809e-01 3.632720112800598145e-01 6.636524796485900879e-01 4.514750093221664429e-03 5.481538176536560059e-01 1.425666618160903454e-03 2.986869774758815765e-02 7.019634842872619629e-01 1.935277432203292847e-01 4.539583921432495117e-01 1.742233335971832275e-01 6.042117476463317871e-01 5.677639842033386230e-01
5.490974783897399902e-01 6.816735267639160156e-01 7.393465042114257812e-01 5.538300275802612305e-01 6.895689964294433594e-01 3.746989965438842773e-01 8.107829093933105469e-01 5.827600359916687012e-01 5.314579010009765625e-01 4.190594553947448730e-01 7.170376181602478027e-01 6.472228169441223145e-01 4.282100796699523926e-01 5.790269374847412109e-01
7.690449953079223633e-01 7.244601845741271973e-01 7.989400029182434082e-01 4.643335044384002686e-01 6.882320046424865723e-01 1.161939371377229691e-02 7.228509187698364258e-01 8.730663061141967773e-01 4.398367106914520264e-01 5.785506963729858398e-01 4.553845524787902832e-01 7.385526895523071289e-01 5.094231963157653809e-01 4.007720649242401123e-01
8.214499950408935547e-01 6.396030187606811523e-01 8.020964860916137695e-01 8.544650077819824219e-01 8.157207369804382324e-01 5.137507319450378418e-01 6.084013581275939941e-01 8.927870392799377441e-01 4.965516328811645508e-01 5.239737629890441895e-01 8.855006694793701172e-01 8.331902623176574707e-01 4.346331655979156494e-01 5.714198350906372070e-01
4.449824988842010498e-01 1.730004996061325073e-01 1.919837445020675659e-01 8.914049863815307617e-01 4.474482536315917969e-01 1.133459582924842834e-01 3.014020025730133057e-01 4.652214050292968750e-01 3.825785517692565918e-01 6.826433539390563965e-01 6.199788451194763184e-01 4.555383622646331787e-01 4.489786326885223389e-01 4.676674306392669678e-01
5.276849865913391113e-01 2.721135020256042480e-01 4.138100147247314453e-02 9.040974974632263184e-01 8.555204868316650391e-01 3.309041559696197510e-01 7.041615843772888184e-01 6.155571341514587402e-01 4.816476106643676758e-01 3.467796146869659424e-01 7.264925837516784668e-01 7.916801571846008301e-01 4.696547687053680420e-01 6.049054265022277832e-01
7.985175251960754395e-01 4.271709918975830078e-01 4.223920106887817383e-01 6.474025249481201172e-01 5.809774994850158691e-01 1.900955587625503540e-01 8.407041430473327637e-01 8.291475176811218262e-01 5.055794119834899902e-01 5.644774436950683594e-01 6.103709340095520020e-01 5.960507392883300781e-01 4.439128935337066650e-01 4.743859767913818359e-01
5.226200222969055176e-01 3.002461791038513184e-01 8.271837234497070312e-01 1.771994978189468384e-01 1.301230043172836304e-01 4.921558499336242676e-01 8.911036252975463867e-01 6.507802605628967285e-01 2.247972935438156128e-01 6.144481301307678223e-01 2.915060520172119141e-01 1.179073601961135864e-01 6.327196359634399414e-01 6.734567284584045410e-01
5.144999921321868896e-02 3.007161617279052734e-01 7.257764935493469238e-01 7.474225014448165894e-02 3.962779939174652100e-01 5.713506340980529785e-01 3.989423215389251709e-01 4.283740371465682983e-02 4.265764057636260986e-01 8.191307187080383301e-01 3.394230306148529053e-01 3.197434544563293457e-01 5.946941375732421875e-01 4.148263335227966309e-01
6.362199783325195312e-01 5.529270172119140625e-01 4.047147631645202637e-01 8.475674986839294434e-01 9.481257796287536621e-01 8.504787832498550415e-02 2.739099971950054169e-02 6.809862852096557617e-01 5.063426494598388672e-01 6.600142121315002441e-01 7.244510054588317871e-01 9.005371332168579102e-01 4.433055520057678223e-01 3.172323703765869141e-01
9.104650020599365234e-01 7.689941525459289551e-01 9.911552667617797852e-01 1.493662446737289429e-01 2.071537524461746216e-01 2.542302943766117096e-03 8.431545495986938477e-01 9.535992145538330078e-01 3.925192058086395264e-01 5.238214135169982910e-01 4.687938392162322998e-01 2.299209833145141602e-01 5.119178295135498047e-01 6.777229309082031250e-01
7.981724739074707031e-01 7.309248447418212891e-01 9.566224813461303711e-01 7.585099935531616211e-01 3.478659987449645996e-01 8.730576634407043457e-01 7.547715902328491211e-01 8.993875980377197266e-01 4.223786592483520508e-01 5.692470073699951172e-01 6.922197341918945312e-01 4.899237155914306641e-01 4.687124192714691162e-01 6.229655146598815918e-01
1.489624977111816406e-01 4.548948407173156738e-01 8.022900223731994629e-01 1.656172573566436768e-01 6.272742748260498047e-01 7.358289957046508789e-01 2.898333361372351646e-03 2.003167718648910522e-01 3.235186040401458740e-01 4.673309326171875000e-01 1.166622564196586609e-01 7.646974325180053711e-01 6.029640436172485352e-01 4.974921345710754395e-01
8.982974886894226074e-01 6.900428533554077148e-01 1.368642449378967285e-01 4.350819885730743408e-01 5.334944725036621094e-01 4.095636308193206787e-01 8.269349932670593262e-01 7.776358127593994141e-01 4.484981596469879150e-01 4.323689639568328857e-01 3.573831319808959961e-01 5.608847737312316895e-01 5.004497170448303223e-01 5.306564569473266602e-01
7.015500068664550781e-01 6.412435173988342285e-01 4.198007583618164062e-01 5.504649877548217773e-01 7.410250138491392136e-03 4.132318198680877686e-01 9.991636872291564941e-01 7.704361081123352051e-01 3.390030860900878906e-01 1.488029062747955322e-01 4.449551105499267578e-01 7.134028710424900055e-03 6.447425484657287598e-01 8.827188611030578613e-01
2.476525008678436279e-01 4.927043318748474121e-01 2.128574997186660767e-02 4.631282389163970947e-01 1.987774968147277832e-01 4.231821298599243164e-01 2.026943266391754150e-01 2.943555116653442383e-01 5.941865444183349609e-01 1.784939765930175781e-01 4.456963539123535156e-01 2.533720731735229492e-01 5.483911633491516113e-01 6.042895913124084473e-01
6.765425205230712891e-01 7.614650130271911621e-01 6.810627579689025879e-01 1.579677462577819824e-01 7.730000070296227932e-04 2.683567702770233154e-01 8.816300332546234131e-02 7.542661428451538086e-01 6.191160678863525391e-01 3.350695371627807617e-01 4.448658823966979980e-01 5.157693848013877869e-02 5.257194042205810547e-01 5.794240236282348633e-01
4.355125129222869873e-01 7.827266454696655273e-01 4.248532354831695557e-01 1.532207429409027100e-01 7.457860112190246582e-01 8.723770976066589355e-01 6.970303058624267578e-01 2.977055907249450684e-01 5.553935766220092773e-01 2.780320942401885986e-01 2.895997762680053711e-01 7.263160347938537598e-01 4.779185950756072998e-01 4.882425069808959961e-01
8.536649942398071289e-01 7.856643199920654297e-01 5.591417551040649414e-01 1.890960037708282471e-01 8.428394794464111328e-01 9.334411025047302246e-01 7.802528738975524902e-01 7.737534046173095703e-01 5.661857724189758301e-01 2.300755977630615234e-01 4.736769199371337891e-01 7.726667523384094238e-01 4.479900896549224854e-01 5.810074210166931152e-01
9.594575166702270508e-01 4.878886640071868896e-01 9.981930255889892578e-01 8.015949726104736328e-01 3.949022591114044189e-01 1.671676784753799438e-01 9.344326853752136230e-01 9.529224634170532227e-01 1.905798763036727905e-01 7.631407380104064941e-01 8.878729939460754395e-01 4.918961524963378906e-01 5.330758690834045410e-01 7.361140251159667969e-01
4.580624997615814209e-01 8.079306483268737793e-01 7.878437638282775879e-01 6.098775267601013184e-01 5.536097288131713867e-01 5.248855352401733398e-01 6.898876428604125977e-01 4.769339561462402344e-01 5.520025491714477539e-01 3.383006751537322998e-01 6.222589612007141113e-01 5.653843879699707031e-01 4.425815641880035400e-01 5.911896228790283203e-01
4.095500111579895020e-01 3.522786796092987061e-01 5.122420191764831543e-01 9.022949934005737305e-01 5.774825066328048706e-02 4.883996844291687012e-01 3.524856567382812500e-01 3.434638679027557373e-01 3.618467748165130615e-01 6.831489801406860352e-01 7.365747690200805664e-01 8.316014707088470459e-02 4.442672431468963623e-01 6.201285719871520996e-01
9.380875229835510254e-01 5.895583629608154297e-01 3.114590048789978027e-01 1.443352550268173218e-01 2.863070070743560791e-01 3.775236308574676514e-01 7.531152963638305664e-01 9.288632869720458984e-01 5.479787588119506836e-01 2.291024476289749146e-01 2.667575180530548096e-01 3.927380442619323730e-01 4.833435416221618652e-01 6.184698939323425293e-01
3.996649980545043945e-01 3.663586676120758057e-01 4.700174927711486816e-01 8.497275114059448242e-01 7.542497515678405762e-01 3.019511997699737549e-01 7.408806085586547852e-01 5.200601816177368164e-01 3.492701947689056396e-01 5.774117708206176758e-01 8.098671436309814453e-01 7.537716031074523926e-01 5.060445666313171387e-01 5.610926747322082520e-01
3.520975112915039062e-01 3.082848191261291504e-01 7.619307637214660645e-01 2.474567443132400513e-01 8.176295161247253418e-01 9.469219446182250977e-01 7.358211278915405273e-01 3.297079205513000488e-01 3.162147998809814453e-01 6.162370443344116211e-01 4.992704391479492188e-01 7.765485048294067383e-01 5.712030529975891113e-01 4.670498073101043701e-01
7.865449786186218262e-01 3.306770026683807373e-01 7.198227643966674805e-01 5.933150053024291992e-01 9.896112680435180664e-01 8.928489685058593750e-01 3.647769987583160400e-01 7.903459668159484863e-01 3.364135622978210449e-01 6.831378340721130371e-01 4.981453418731689453e-01 8.873716592788696289e-01 5.797488093376159668e-01 2.982750236988067627e-01
6.617174744606018066e-01 6.804230213165283203e-01 2.834104895591735840e-01 8.354325294494628906e-01 3.302542567253112793e-01 9.441754817962646484e-01 4.172263443470001221e-01 6.219572424888610840e-01 6.740716099739074707e-01 4.337229728698730469e-01 5.408337116241455078e-01 2.913855910301208496e-01 4.129698872566223145e-01 4.143520891666412354e-01
5.136874914169311523e-01 4.180698394775390625e-01 4.170962572097778320e-01 9.724324941635131836e-01 9.122149944305419922e-01 1.280263662338256836e-01 3.748770058155059814e-01 4.633719623088836670e-01 6.254587769508361816e-01 6.708995699882507324e-01 9.426096081733703613e-01 8.697471618652343750e-01 2.738906741142272949e-01 4.380741417407989502e-01
6.826750040054321289e-01 4.547424912452697754e-01 6.540060043334960938e-01 7.854250073432922363e-02 8.932007551193237305e-01 3.277378678321838379e-01 5.098226666450500488e-01 6.933405995368957520e-01 3.862788081169128418e-01 5.178620815277099609e-01 3.849894702434539795e-01 8.670567274093627930e-01 5.462772250175476074e-01 3.849842846393585205e-01
2.929125130176544189e-01 6.528084874153137207e-01 8.871587514877319336e-01 1.289944946765899658e-01 7.063400149345397949e-01 7.539706826210021973e-01 2.010850012302398682e-01 3.262378871440887451e-01 4.223694205284118652e-01 4.857064485549926758e-01 1.829031258821487427e-01 7.936546206474304199e-01 5.439176559448242188e-01 3.992312550544738770e-01
8.093150258064270020e-01 7.125244736671447754e-01 5.997024774551391602e-01 1.479444950819015503e-01 9.693807363510131836e-01 3.379008173942565918e-01 9.396122097969055176e-01 7.562955021858215332e-01 4.643464386463165283e-01 2.667545080184936523e-01 5.850294828414916992e-01 8.250386714935302734e-01 4.810577332973480225e-01 6.162202358245849609e-01
5.082049965858459473e-01 7.035711407661437988e-01 2.742390036582946777e-01 6.981924772262573242e-01 4.974602460861206055e-01 4.361445307731628418e-01 1.566363275051116943e-01 6.065488457679748535e-01 5.752360224723815918e-01 1.694987416267395020e-01 5.454956889152526855e-01 6.110289692878723145e-01 4.523369073867797852e-01 6.689598560333251953e-01
5.053275227546691895e-01 4.889246523380279541e-01 7.014687657356262207e-01 1.987199932336807251e-01 7.730425149202346802e-02 3.731701895594596863e-02 6.120866537094116211e-02 8.121221065521240234e-01 3.168159723281860352e-01 3.957901597023010254e-01 1.121405214071273804e-01 2.092915028333663940e-01 6.470277905464172363e-01 5.881424546241760254e-01
8.495999872684478760e-02 4.279706776142120361e-01 7.499607205390930176e-01 2.351325005292892456e-01 2.591759860515594482e-01 3.204980790615081787e-01 6.585200130939483643e-02 9.195680171251296997e-02 4.743919372558593750e-01 7.442204952239990234e-01 3.353658914566040039e-01 2.776740491390228271e-01 5.742110013961791992e-01 4.018023610115051270e-01
3.200100064277648926e-01 2.963558435440063477e-01 5.861307382583618164e-01 4.232242405414581299e-01 5.989767313003540039e-01 6.486921310424804688e-01 9.603334069252014160e-01 3.421902060508728027e-01 3.360273540019989014e-01 5.659394264221191406e-01 3.310115933418273926e-01 5.467956662178039551e-01 5.499590635299682617e-01 5.413304567337036133e-01
1.339624971151351929e-01 7.998754978179931641e-01 7.009544968605041504e-01 6.888750195503234863e-01 2.250222563743591309e-01 9.002014994621276855e-01 4.175363481044769287e-01 1.330044865608215332e-01 5.054330229759216309e-01 3.508807122707366943e-01 3.420659005641937256e-01 3.764068484306335449e-01 5.795944929122924805e-01 5.518040657043457031e-01
2.768250107765197754e-01 8.249109983444213867e-01 7.311944961547851562e-01 5.408524870872497559e-01 4.353797435760498047e-01 4.064563512802124023e-01 6.288170218467712402e-01 2.750596702098846436e-01 6.146655678749084473e-01 5.588405728340148926e-01 7.638987302780151367e-01 4.409625232219696045e-01 3.488190174102783203e-01 4.740115106105804443e-01
5.790274739265441895e-01 2.872093319892883301e-01 1.394057571887969971e-01 7.705950140953063965e-01 3.519834876060485840e-01 4.396786987781524658e-01 6.853805184364318848e-01 5.479030609130859375e-01 5.532668232917785645e-01 5.486446619033813477e-01 5.660026669502258301e-01 2.932367622852325439e-01 4.327470064163208008e-01 4.522289335727691650e-01
8.795400261878967285e-01 4.430179893970489502e-01 6.310387253761291504e-01 2.864712476730346680e-01 5.999267697334289551e-01 2.638386785984039307e-01 4.022533446550369263e-02 8.564683198928833008e-01 5.393506288528442383e-01 5.917797684669494629e-01 4.770535528659820557e-01 6.222746372222900391e-01 4.469710588455200195e-01 3.597526848316192627e-01
1.554650068283081055e-01 5.591648221015930176e-01 6.075322628021240234e-01 2.424000054597854614e-01 8.456894755363464355e-01 2.625606060028076172e-01 3.246103227138519287e-01 1.583004295825958252e-01 5.142465829849243164e-01 6.070389747619628906e-01 4.267754554748535156e-01 8.765177726745605469e-01 5.314666628837585449e-01 3.298231661319732666e-01
1.802050024271011353e-01 4.150078296661376953e-01 3.737749904394149780e-02 1.352314949035644531e-01 7.568194866180419922e-01 6.386690586805343628e-02 7.936084270477294922e-01 2.483718991279602051e-01 5.701107382774353027e-01 2.548073232173919678e-01 2.789295017719268799e-01 6.791192293167114258e-01 5.058964490890502930e-01 4.785529971122741699e-01
9.137300252914428711e-01 2.974050045013427734e-01 8.905959725379943848e-01 6.386824846267700195e-01 6.191947460174560547e-01 1.835056543350219727e-01 3.367100059986114502e-01 9.085721969604492188e-01 1.954488605260848999e-01 8.243925571441650391e-01 6.599304080009460449e-01 7.405012249946594238e-01 5.990838408470153809e-01 4.029030501842498779e-01
4.364775121212005615e-01 5.137766599655151367e-01 9.151265025138854980e-01 7.698475122451782227e-01 8.470377326011657715e-01 1.177074760198593140e-01 1.468826681375503540e-01 4.954352080821990967e-01 4.218337833881378174e-01 7.434718608856201172e-01 8.679781556129455566e-01 8.656204342842102051e-01 4.165861904621124268e-01 3.784357309341430664e-01
8.056575059890747070e-01 8.254290223121643066e-01 8.169209957122802734e-01 7.033075094223022461e-01 1.690792441368103027e-01 5.300969481468200684e-01 1.358096599578857422e-01 9.245322942733764648e-01 5.702413916587829590e-01 4.889930188655853271e-01 6.872796416282653809e-01 2.995894253253936768e-01 4.086559712886810303e-01 6.309521198272705078e-01
9.047300219535827637e-01 7.829164862632751465e-01 2.656549960374832153e-02 9.875100106000900269e-02 9.798290133476257324e-01 1.911308020353317261e-01 1.887033283710479736e-01 7.381185293197631836e-01 4.990799129009246826e-01 3.123189210891723633e-01 1.678283363580703735e-01 9.024617671966552734e-01 4.991127550601959229e-01 3.637868165969848633e-01
7.295250147581100464e-02 7.940765023231506348e-01 6.740285158157348633e-01 2.577565014362335205e-01 4.783292412757873535e-01 5.044080615043640137e-01 2.938106656074523926e-01 8.037790656089782715e-02 5.663190484046936035e-01 4.645768702030181885e-01 3.483073711395263672e-01 6.610189676284790039e-01 5.356615185737609863e-01 4.441541433334350586e-01
4.975124895572662354e-01 6.383671760559082031e-01 3.225150108337402344e-01 7.376949787139892578e-01 4.409599900245666504e-01 7.593687772750854492e-01 7.372797727584838867e-01 4.759206473827362061e-01 5.214565396308898926e-01 2.932355999946594238e-01 5.077592730522155762e-01 4.872526526451110840e-01 4.815928637981414795e-01 6.034615635871887207e-01
1.434125006198883057e-01 5.821223258972167969e-01 9.644179940223693848e-01 8.515599966049194336e-01 4.740532636642456055e-01 7.899050712585449219e-01 3.854286670684814453e-01 1.449570506811141968e-01 3.533837795257568359e-01 7.074403166770935059e-01 7.599043250083923340e-01 6.164713501930236816e-01 4.907623231410980225e-01 5.595880746841430664e-01
6.909624934196472168e-01 6.641856431961059570e-01 2.385150082409381866e-02 4.183557629585266113e-01 6.279479861259460449e-01 8.780758380889892578e-01 8.065781593322753906e-01 5.401741266250610352e-01 5.085056424140930176e-01 1.673464626073837280e-01 2.380114495754241943e-01 6.067941188812255859e-01 5.044679045677185059e-01 6.012948751449584961e-01
9.991524815559387207e-01 7.144171595573425293e-01 5.253069996833801270e-01 8.299875259399414062e-01 7.334225177764892578e-01 1.946385800838470459e-01 8.178545832633972168e-01 9.432637691497802734e-01 7.564620971679687500e-01 3.913102149963378906e-01 9.239113926887512207e-01 7.064590454101562500e-01 2.773572504520416260e-01 6.114073395729064941e-01
8.375750184059143066e-01 6.719074845314025879e-01 3.186984956264495850e-01 4.734764993190765381e-01 4.155164957046508789e-01 5.255475640296936035e-01 7.649590969085693359e-01 8.336616754531860352e-01 5.981197357177734375e-01 3.978550434112548828e-01 4.270322620868682861e-01 4.374056160449981689e-01 4.581297636032104492e-01 4.887295067310333252e-01
1.500625014305114746e-01 5.123521685600280762e-01 1.863054931163787842e-01 7.742224633693695068e-02 5.120747685432434082e-01 8.886257410049438477e-01 1.990929991006851196e-01 1.218073070049285889e-01 5.675346255302429199e-01 3.751553297042846680e-01 2.571773827075958252e-01 4.761494100093841553e-01 6.261752247810363770e-01 4.075824022293090820e-01
2.888225018978118896e-01 7.634536623954772949e-01 9.547160267829895020e-01 5.969575047492980957e-01 9.834495186805725098e-01 9.689519405364990234e-01 1.504276692867279053e-01 2.451642900705337524e-01 5.034613609313964844e-01 6.232902407646179199e-01 5.002483129501342773e-01 9.515687823295593262e-01 5.476828217506408691e-01 2.696784138679504395e-01
2.390449941158294678e-01 7.651026844978332520e-01 7.204992771148681641e-01 4.032019972801208496e-01 5.510437488555908203e-01 8.566264510154724121e-01 7.739226818084716797e-01 2.804230749607086182e-01 4.723540842533111572e-01 2.548379898071289062e-01 3.415015935897827148e-01 6.567317247390747070e-01 5.077514648437500000e-01 5.928137302398681641e-01
4.152300059795379639e-01 6.416363120079040527e-01 7.212602496147155762e-01 8.360099792480468750e-02 8.399362564086914062e-01 4.467390850186347961e-02 2.194056659936904907e-01 4.086041450500488281e-01 4.607736766338348389e-01 5.662469267845153809e-01 3.203015625476837158e-01 8.516212105751037598e-01 5.332779288291931152e-01 3.225040733814239502e-01
1.266025006771087646e-01 3.266543447971343994e-01 4.546869993209838867e-01 9.991499781608581543e-01 4.076589941978454590e-01 8.804464936256408691e-01 7.317700386047363281e-01 1.235125958919525146e-01 3.779485225677490234e-01 5.477986335754394531e-01 5.531155467033386230e-01 4.385949373245239258e-01 5.515475273132324219e-01 6.110659241676330566e-01
8.767250180244445801e-01 6.182368397712707520e-01 4.686050117015838623e-02 8.797374963760375977e-01 4.119729995727539062e-01 8.031860589981079102e-01 9.151613712310791016e-01 7.966022491455078125e-01 7.103611826896667480e-01 2.257048040628433228e-01 6.267772912979125977e-01 3.192421197891235352e-01 4.196898937225341797e-01 6.140262484550476074e-01
3.434999883174896240e-01 5.211371779441833496e-01 8.041267395019531250e-01 5.010049939155578613e-01 4.457629919052124023e-01 6.407568454742431641e-01 4.862506687641143799e-01 3.611257374286651611e-01 3.828032612800598145e-01 6.901951432228088379e-01 4.558785855770111084e-01 5.367172360420227051e-01 5.017576217651367188e-01 4.119307994842529297e-01
1.183850020170211792e-01 7.483536601066589355e-01 4.461812376976013184e-01 3.370749950408935547e-02 7.808964848518371582e-01 9.116107225418090820e-01 3.100253343582153320e-01 3.588223829865455627e-02 6.372711658477783203e-01 2.682219743728637695e-01 3.477270603179931641e-01 8.672382235527038574e-01 6.687899231910705566e-01 3.015128374099731445e-01
1.916549950838088989e-01 5.928243398666381836e-01 8.760054707527160645e-01 7.979850172996520996e-01 3.387230038642883301e-01 4.463253617286682129e-01 3.344683349132537842e-01 2.354895770549774170e-01 3.906718790531158447e-01 7.363548874855041504e-01 7.028573155403137207e-01 4.335260689258575439e-01 4.273980259895324707e-01 4.925943613052368164e-01
6.259425282478332520e-01 3.014331758022308350e-01 1.485912501811981201e-01 4.580957591533660889e-01 7.705637216567993164e-01 8.267338275909423828e-01 2.553633451461791992e-01 5.994251966476440430e-01 5.364346504211425781e-01 2.651329338550567627e-01 2.615529000759124756e-01 7.322918772697448730e-01 4.772796630859375000e-01 4.907032847404479980e-01
8.713074922561645508e-01 5.213128328323364258e-01 6.556004881858825684e-01 7.431550025939941406e-01 2.114295065402984619e-01 2.956742346286773682e-01 9.932346940040588379e-01 9.425831437110900879e-01 2.343183457851409912e-01 5.780556797981262207e-01 7.293006777763366699e-01 1.070319414138793945e-01 5.254474282264709473e-01 8.481039404869079590e-01
5.600150227546691895e-01 8.011013269424438477e-01 1.746802479028701782e-01 8.368775248527526855e-01 6.002634763717651367e-01 6.545915007591247559e-01 3.031886518001556396e-01 5.736197233200073242e-01 6.907474398612976074e-01 1.097146794199943542e-01 6.160182356834411621e-01 6.563053131103515625e-01 4.001526534557342529e-01 6.821411252021789551e-01
4.330424964427947998e-01 8.296641707420349121e-01 8.474979996681213379e-01 4.256274923682212830e-02 8.965395092964172363e-01 4.965786933898925781e-01 8.266444802284240723e-01 3.866845369338989258e-01 3.846254944801330566e-01 5.156864523887634277e-01 2.142751961946487427e-01 8.661999702453613281e-01 5.658360123634338379e-01 3.690703213214874268e-01
7.245150208473205566e-01 2.509678304195404053e-01 9.300875067710876465e-01 1.628372520208358765e-01 3.406632542610168457e-01 1.437666639685630798e-02 4.453323185443878174e-01 8.704618811607360840e-01 2.773966491222381592e-01 7.137101888656616211e-01 2.658816874027252197e-01 4.254706501960754395e-01 5.992327928543090820e-01 4.624963998794555664e-01
1.781474947929382324e-01 3.325943350791931152e-01 8.845850229263305664e-01 1.533409953117370605e-01 2.598349936306476593e-02 3.444749414920806885e-01 4.275166690349578857e-01 3.175508081912994385e-01 2.742462158203125000e-01 7.001971006393432617e-01 2.776489257812500000e-01 7.489357888698577881e-02 6.739300489425659180e-01 5.644838213920593262e-01
5.908374786376953125e-01 2.694601714611053467e-01 3.079107403755187988e-01 1.356160044670104980e-01 9.814299941062927246e-01 9.748360514640808105e-01 6.202353239059448242e-01 4.341603219509124756e-01 3.805535733699798584e-01 5.218843221664428711e-01 1.788684874773025513e-01 8.547252416610717773e-01 5.682113766670227051e-01 3.558847010135650635e-01
1.325950026512145996e-01 5.515673160552978516e-01 3.460087478160858154e-01 7.090724706649780273e-01 9.941897392272949219e-01 6.797721982002258301e-01 7.997433543205261230e-01 7.093544304370880127e-02 6.181220412254333496e-01 5.751482844352722168e-01 7.421789765357971191e-01 9.297369122505187988e-01 4.453931748867034912e-01 4.015484154224395752e-01
7.833675146102905273e-01 4.851410090923309326e-01 4.625167548656463623e-01 8.910225033760070801e-01 2.814037501811981201e-01 9.563513994216918945e-01 9.677899628877639771e-02 8.020195364952087402e-01 4.687319993972778320e-01 6.427562236785888672e-01 5.118383169174194336e-01 3.173237442970275879e-01 4.677971005439758301e-01 4.672662317752838135e-01
2.576250135898590088e-01 7.209839820861816406e-01 1.898654997348785400e-01 5.631275177001953125e-01 6.051130294799804688e-01 3.283064663410186768e-01 9.261237978935241699e-01 2.506392598152160645e-01 6.380690336227416992e-01 1.428273767232894897e-01 6.983606815338134766e-01 5.170625448226928711e-01 4.335545599460601807e-01 6.903187036514282227e-01
7.408199906349182129e-01 5.070875287055969238e-01 4.242017567157745361e-01 6.091475114226341248e-02 2.742062509059906006e-01 1.601252555847167969e-01 6.718669533729553223e-01 6.286633610725402832e-01 5.482727289199829102e-01 5.723901391029357910e-01 3.256132602691650391e-01 2.264342904090881348e-01 5.335939526557922363e-01 3.781727254390716553e-01
9.558274745941162109e-01 7.775863409042358398e-01 1.871780008077621460e-01 2.321864962577819824e-01 4.836255013942718506e-01 8.137637376785278320e-02 1.698023378849029541e-01 8.499941825866699219e-01 3.882627487182617188e-01 4.609639048576354980e-01 2.244558632373809814e-01 6.197147965431213379e-01 5.339729189872741699e-01 4.862927794456481934e-01
7.085750102996826172e-01 7.358683347702026367e-01 1.833137571811676025e-01 8.957325220108032227e-01 2.544730007648468018e-01 2.716848552227020264e-01 9.668263792991638184e-01 6.950252056121826172e-01 7.114887237548828125e-01 2.766811847686767578e-01 8.051425814628601074e-01 1.327627152204513550e-01 3.775953948497772217e-01 6.637067198753356934e-01
5.495474934577941895e-01 4.828233420848846436e-01 1.465000063180923462e-01 9.153800010681152344e-01 4.890244901180267334e-01 6.905351281166076660e-01 8.498478531837463379e-01 4.720893204212188721e-01 6.205763816833496094e-01 1.593156307935714722e-01 7.057166099548339844e-01 4.498278796672821045e-01 4.454073607921600342e-01 7.060920596122741699e-01
7.489399909973144531e-01 7.925354838371276855e-01 2.003674954175949097e-01 1.547217518091201782e-01 8.525710105895996094e-01 7.529325485229492188e-01 4.229930043220520020e-01 6.144871115684509277e-01 4.575726985931396484e-01 2.958570420742034912e-01 1.368662714958190918e-01 8.237249255180358887e-01 5.088019967079162598e-01 4.265204966068267822e-01
7.444549798965454102e-01 4.208559989929199219e-01 8.873324990272521973e-01 8.197950124740600586e-01 7.678932547569274902e-01 9.955803751945495605e-01 6.563656926155090332e-01 8.306263685226440430e-01 2.905990779399871826e-01 6.814229488372802734e-01 7.648944854736328125e-01 7.931977510452270508e-01 5.503553152084350586e-01 4.725962579250335693e-01
5.618450045585632324e-01 4.592248201370239258e-01 2.847009897232055664e-01 5.328850075602531433e-02 8.596822619438171387e-01 2.256921231746673584e-01 9.071880578994750977e-01 5.238830447196960449e-01 4.479874372482299805e-01 2.548270225524902344e-01 3.119777441024780273e-01 7.569538354873657227e-01 4.913576543331146240e-01 5.723273158073425293e-01
4.456849992275238037e-01 5.223659873008728027e-01 2.190404981374740601e-01 8.451049923896789551e-01 5.862054824829101562e-01 4.030771553516387939e-02 8.485535979270935059e-01 4.678490757942199707e-01 5.957120060920715332e-01 3.252554535865783691e-01 6.892007589340209961e-01 4.902271330356597900e-01 4.240622520446777344e-01 6.041955947875976562e-01
1.507100015878677368e-01 3.795718252658843994e-01 1.951287537813186646e-01 5.876125097274780273e-01 1.586434990167617798e-01 8.012750744819641113e-01 6.996703147888183594e-01 1.464991122484207153e-01 5.189779996871948242e-01 2.725100219249725342e-01 3.978137075901031494e-01 1.419258564710617065e-01 6.288554668426513672e-01 5.949587821960449219e-01
9.277799725532531738e-01 6.243395209312438965e-01 6.169047355651855469e-01 2.255767434835433960e-01 2.950374968349933624e-02 4.564044475555419922e-01 2.360379993915557861e-01 9.495308995246887207e-01 3.834074437618255615e-01 4.465927183628082275e-01 5.756192803382873535e-01 9.892116487026214600e-02 5.074473619461059570e-01 7.826557159423828125e-01
8.471350073814392090e-01 4.721638262271881104e-01 1.958574950695037842e-01 1.323132514953613281e-01 4.070807397365570068e-01 3.512502014636993408e-01 1.963299959897994995e-01 7.233686447143554688e-01 5.595344305038452148e-01 4.473892748355865479e-01 2.703776657581329346e-01 4.359785914421081543e-01 5.169726610183715820e-01 3.793144226074218750e-01
2.549625039100646973e-01 7.805079817771911621e-01 7.970294952392578125e-01 1.723852455615997314e-01 7.375150173902511597e-02 1.463156491518020630e-01 3.699663281440734863e-01 3.625990748405456543e-01 5.812193751335144043e-01 5.790486335754394531e-01 4.070013463497161865e-01 1.427866965532302856e-01 5.106853842735290527e-01 3.756283521652221680e-01
3.683199882507324219e-01 6.143661737442016602e-01 7.387467622756958008e-01 6.460974812507629395e-01 2.826870083808898926e-01 6.573131084442138672e-01 8.359469175338745117e-01 3.409807085990905762e-01 5.413572788238525391e-01 6.071622371673583984e-01 6.825560331344604492e-01 2.376991361379623413e-01 4.008592367172241211e-01 4.612824618816375732e-01
4.541499912738800049e-02 1.910849958658218384e-01 5.246340036392211914e-01 1.431002467870712280e-01 7.950367331504821777e-01 5.483575910329818726e-02 2.895993292331695557e-01 7.871746271848678589e-02 4.030244052410125732e-01 7.804566025733947754e-01 3.371875286102294922e-01 6.562817096710205078e-01 5.848541259765625000e-01 3.722351491451263428e-01
2.378299981355667114e-01 5.872113108634948730e-01 4.622125029563903809e-01 8.108299970626831055e-02 2.199105024337768555e-01 7.931071519851684570e-01 5.145763158798217773e-01 2.799741923809051514e-01 4.276080727577209473e-01 3.447852432727813721e-01 1.468330472707748413e-01 3.702956438064575195e-01 6.395899653434753418e-01 5.093240737915039062e-01
2.804974913597106934e-01 7.127176523208618164e-01 9.512972235679626465e-01 1.079260036349296570e-01 7.346889972686767578e-01 7.235299944877624512e-01 4.480609893798828125e-01 3.208818435668945312e-01 4.270551800727844238e-01 4.398108720779418945e-01 1.676912605762481689e-01 8.166550397872924805e-01 5.397248268127441406e-01 4.087351858615875244e-01
7.937049865722656250e-01 2.360126674175262451e-01 6.152767539024353027e-01 8.819249868392944336e-01 5.588704943656921387e-01 7.368986606597900391e-01 7.446112632751464844e-01 7.760857343673706055e-01 3.230044543743133545e-01 7.189856767654418945e-01 6.773084998130798340e-01 5.731946229934692383e-01 4.903126358985900879e-01 4.855827391147613525e-01
1.764775067567825317e-01 1.689026653766632080e-01 1.206820011138916016e-01 6.065825223922729492e-01 5.573585033416748047e-01 1.613857597112655640e-01 8.703893423080444336e-01 3.278667926788330078e-01 3.657843768596649170e-01 3.874373137950897217e-01 2.859786748886108398e-01 5.746011137962341309e-01 5.418359637260437012e-01 5.952314734458923340e-01
2.291425019502639771e-01 7.988243103027343750e-01 8.099225163459777832e-01 7.555599808692932129e-01 9.395350217819213867e-01 5.867105126380920410e-01 2.200309932231903076e-01 1.842888593673706055e-01 5.761346220970153809e-01 6.284286975860595703e-01 7.446091175079345703e-01 9.480503201484680176e-01 4.549559056758880615e-01 3.254193663597106934e-01
5.481150150299072266e-01 6.148309707641601562e-01 2.334485054016113281e-01 4.371657371520996094e-01 8.387942314147949219e-01 6.195420026779174805e-01 3.453060090541839600e-01 5.286442041397094727e-01 5.634955167770385742e-01 3.385102748870849609e-01 3.281993269920349121e-01 8.172990679740905762e-01 4.622789323329925537e-01 4.273044764995574951e-01
7.913575172424316406e-01 1.891948282718658447e-01 1.629072427749633789e-01 7.972699999809265137e-01 8.299930095672607422e-01 1.130174770951271057e-01 8.728140592575073242e-01 8.383851647377014160e-01 4.773618876934051514e-01 3.840018510818481445e-01 7.098724246025085449e-01 7.524023652076721191e-01 4.742845296859741211e-01 6.146459579467773438e-01
3.627775013446807861e-01 4.031539857387542725e-01 5.257612466812133789e-01 3.397927582263946533e-01 5.686137676239013672e-01 8.678868412971496582e-01 7.034622430801391602e-01 4.401910901069641113e-01 3.696404993534088135e-01 3.968574702739715576e-01 1.895770430564880371e-01 6.369394659996032715e-01 5.410197973251342773e-01 5.342021584510803223e-01
6.716700196266174316e-01 3.031946718692779541e-01 4.493922591209411621e-01 1.494902521371841431e-01 5.518347620964050293e-01 5.307163596153259277e-01 3.457366675138473511e-02 6.399228572845458984e-01 4.742678105831146240e-01 5.646887421607971191e-01 2.959806621074676514e-01 6.062498092651367188e-01 5.119598507881164551e-01 3.524302244186401367e-01
4.799075126647949219e-01 7.102544903755187988e-01 4.781320095062255859e-01 1.974840015172958374e-01 5.665107369422912598e-01 4.028520286083221436e-01 5.205739736557006836e-01 5.577551126480102539e-01 5.476351380348205566e-01 3.628289997577667236e-01 2.919384539127349854e-01 6.186072230339050293e-01 4.932280778884887695e-01 4.382125437259674072e-01
4.847474992275238037e-01 1.685239970684051514e-01 6.531927585601806641e-01 2.372165024280548096e-01 1.111065000295639038e-01 6.418351531028747559e-01 6.056566834449768066e-01 6.596286296844482422e-01 2.261492162942886353e-01 6.377837657928466797e-01 1.838345676660537720e-01 1.449498087167739868e-01 6.697010993957519531e-01 6.120270490646362305e-01
4.699699878692626953e-01 2.541689872741699219e-01 2.573255002498626709e-01 7.542175054550170898e-01 2.843067646026611328e-01 6.752315908670425415e-02 9.036083221435546875e-01 4.532926380634307861e-01 3.774460256099700928e-01 6.580716371536254883e-01 5.901773571968078613e-01 2.266606688499450684e-01 4.747126996517181396e-01 5.434096455574035645e-01
6.102374792098999023e-01 2.492753267288208008e-01 9.033715128898620605e-01 8.036925196647644043e-01 2.312079966068267822e-01 8.614517450332641602e-01 3.940583467483520508e-01 7.321434617042541504e-01 2.191511541604995728e-01 7.798147797584533691e-01 5.863161683082580566e-01 3.248773813247680664e-01 5.410213470458984375e-01 5.910919308662414551e-01
6.573550105094909668e-01 3.867893218994140625e-01 5.973952412605285645e-01 1.390857547521591187e-01 2.904852628707885742e-01 8.112040162086486816e-01 6.816638708114624023e-01 6.546044349670410156e-01 3.817940652370452881e-01 5.995227694511413574e-01 2.259056270122528076e-01 3.615292012691497803e-01 5.951601862907409668e-01 4.488230645656585693e-01
2.036300003528594971e-01 8.159916400909423828e-01 2.037092447280883789e-01 9.925450086593627930e-01 2.474867552518844604e-01 6.502956748008728027e-01 8.741122484207153320e-01 1.639609336853027344e-01 6.429368257522583008e-01 9.729920327663421631e-02 8.441062569618225098e-01 3.878457248210906982e-01 4.426367878913879395e-01 7.808057069778442383e-01
1.686699986457824707e-01 6.485483050346374512e-01 2.703082561492919922e-01 4.660752415657043457e-01 3.980107605457305908e-01 1.690768748521804810e-01 3.416033387184143066e-01 2.254654020071029663e-01 5.629494190216064453e-01 3.668711185455322266e-01 4.470055401325225830e-01 4.195199310779571533e-01 5.010340809822082520e-01 5.156015753746032715e-01
6.744599938392639160e-01 3.613803386688232422e-01 5.103832483291625977e-01 3.837450146675109863e-01 5.895657539367675781e-01 4.618036374449729919e-02 3.808499872684478760e-01 6.498879194259643555e-01 3.889736235141754150e-01 7.355073094367980957e-01 4.336835741996765137e-01 5.853242874145507812e-01 4.937793612480163574e-01 3.114926517009735107e-01
9.577499702572822571e-03 4.899181723594665527e-01 5.492567420005798340e-01 3.735472559928894043e-01 1.247759982943534851e-01 6.964971423149108887e-01 7.659263014793395996e-01 1.889811083674430847e-02 5.582128763198852539e-01 6.342424750328063965e-01 4.702378213405609131e-01 9.409284591674804688e-02 6.224320530891418457e-01 5.143020749092102051e-01
3.948524892330169678e-01 8.156951665878295898e-01 5.545185208320617676e-01 3.511407375335693359e-01 6.778142452239990234e-01 1.695268750190734863e-01 6.019336581230163574e-01 4.434784054756164551e-01 5.219141840934753418e-01 3.007174134254455566e-01 3.983239233493804932e-01 7.617318630218505859e-01 4.724702835083007812e-01 5.165224671363830566e-01
4.778299927711486816e-01 3.839926719665527344e-01 1.179677471518516541e-01 9.105150103569030762e-01 8.309350013732910156e-01 9.744409322738647461e-01 1.284926682710647583e-01 4.381343424320220947e-01 5.518767237663269043e-01 3.657466173171997070e-01 3.361101150512695312e-01 7.905780076980590820e-01 4.678115546703338623e-01 4.292843341827392578e-01
7.924824953079223633e-01 4.116356670856475830e-01 3.267205059528350830e-01 5.712324976921081543e-01 2.277697473764419556e-01 6.754099130630493164e-01 9.813593626022338867e-01 7.150101661682128906e-01 6.277408003807067871e-01 3.305821716785430908e-01 6.702527999877929688e-01 5.857187137007713318e-02 4.510399699211120605e-01 6.623430848121643066e-01
8.418849706649780273e-01 3.179414868354797363e-01 2.911175042390823364e-02 4.272125065326690674e-01 7.307974994182586670e-02 4.761073589324951172e-01 5.642089843750000000e-01 8.141155838966369629e-01 4.030979275703430176e-01 3.252293169498443604e-01 3.020288944244384766e-01 9.332958608865737915e-02 5.839760303497314453e-01 6.877171993255615234e-01
2.836499921977519989e-02 2.677679955959320068e-01 3.475910127162933350e-01 4.296787381172180176e-01 4.613737463951110840e-01 4.002381861209869385e-01 3.058139979839324951e-01 5.459117889404296875e-02 4.837723076343536377e-01 5.925179719924926758e-01 4.604905843734741211e-01 3.666086792945861816e-01 5.582627654075622559e-01 5.366083979606628418e-01
2.180649936199188232e-01 4.679291546344757080e-01 2.385347485542297363e-01 7.597150206565856934e-01 8.584157228469848633e-01 6.920834183692932129e-01 2.962599992752075195e-01 1.555215120315551758e-01 5.519316196441650391e-01 5.448960661888122559e-01 5.382909178733825684e-01 8.794394731521606445e-01 4.954416453838348389e-01 3.821172714233398438e-01
1.771824955940246582e-01 3.917259871959686279e-01 3.943290114402770996e-01 7.711874842643737793e-01 3.773572444915771484e-01 5.990224480628967285e-01 9.789307713508605957e-01 2.246686071157455444e-01 3.455176055431365967e-01 4.411405920982360840e-01 4.208577871322631836e-01 3.283091485500335693e-01 5.780856013298034668e-01 6.444773077964782715e-01
4.061050117015838623e-01 4.131763279438018799e-01 7.984254956245422363e-01 9.545274972915649414e-01 6.034975051879882812e-01 9.258955717086791992e-01 8.604155182838439941e-01 4.082140624523162842e-01 3.411265611648559570e-01 7.248594164848327637e-01 8.519735336303710938e-01 5.971756577491760254e-01 4.187979400157928467e-01 5.392282605171203613e-01
8.099575042724609375e-01 5.186763405799865723e-01 8.889409899711608887e-01 4.842864871025085449e-01 8.636700361967086792e-02 9.005388021469116211e-01 8.310632705688476562e-01 8.794622421264648438e-01 3.341285884380340576e-01 5.944771766662597656e-01 7.725548744201660156e-01 8.055364340543746948e-02 4.748609066009521484e-01 7.920203804969787598e-01
4.042699933052062988e-01 7.431663274765014648e-01 6.569885015487670898e-01 1.865555047988891602e-01 8.740264773368835449e-01 4.504818320274353027e-01 4.761436581611633301e-01 4.037065207958221436e-01 5.567511916160583496e-01 4.870210289955139160e-01 3.261786997318267822e-01 8.575735688209533691e-01 4.799161553382873535e-01 3.260547816753387451e-01
6.198174953460693359e-01 7.880635261535644531e-01 8.623897433280944824e-01 2.427492439746856689e-01 8.867030143737792969e-01 6.674864888191223145e-01 2.721433341503143311e-02 7.013039588928222656e-01 5.796476006507873535e-01 3.993966579437255859e-01 3.883569240570068359e-01 8.750113844871520996e-01 4.567946493625640869e-01 3.756206035614013672e-01
2.606075108051300049e-01 4.200744926929473877e-01 7.704612612724304199e-01 6.364049762487411499e-02 9.628147482872009277e-01 1.958211064338684082e-01 7.915723919868469238e-01 2.868181467056274414e-01 3.642656505107879639e-01 6.201759576797485352e-01 3.223229944705963135e-01 9.013194441795349121e-01 6.033116579055786133e-01 3.240180611610412598e-01
8.912150263786315918e-01 5.319864749908447266e-01 9.264027476310729980e-01 1.116959974169731140e-01 2.414270043373107910e-01 4.711286723613739014e-01 5.862816572189331055e-01 9.246178865432739258e-01 5.812969803810119629e-01 5.315908789634704590e-01 5.566349029541015625e-01 2.390472590923309326e-01 4.281430542469024658e-01 5.403215885162353516e-01
7.809500098228454590e-01 5.252936482429504395e-01 8.591882586479187012e-01 8.087325096130371094e-01 9.970407485961914062e-01 2.341383844614028931e-01 6.756131649017333984e-01 8.300476074218750000e-01 5.746960043907165527e-01 6.763836145401000977e-01 9.120097160339355469e-01 9.020898938179016113e-01 3.513143956661224365e-01 3.933076858520507812e-01
4.751124978065490723e-01 7.331954836845397949e-01 8.993425220251083374e-02 8.339275121688842773e-01 1.880227476358413696e-01 9.301959872245788574e-01 7.068863511085510254e-01 3.991826474666595459e-01 6.557784676551818848e-01 1.122961193323135376e-01 5.718337297439575195e-01 2.318886667490005493e-01 5.100356340408325195e-01 6.782577633857727051e-01
9.470574855804443359e-01 3.193114995956420898e-01 9.481750130653381348e-01 2.080837488174438477e-01 9.637650251388549805e-01 8.426983952522277832e-01 2.077656686305999756e-01 8.821682929992675781e-01 3.004524409770965576e-01 7.067800760269165039e-01 3.963061869144439697e-01 8.878772258758544922e-01 6.122441291809082031e-01 2.735631465911865234e-01
7.538974881172180176e-01 2.423264980316162109e-01 7.832574844360351562e-01 6.983175277709960938e-01 7.776567339897155762e-01 9.096173644065856934e-01 9.652172923088073730e-01 5.980696082115173340e-01 3.401984572410583496e-01 7.368966341018676758e-01 6.972212791442871094e-01 5.899698734283447266e-01 4.524444639682769775e-01 4.335331916809082031e-01
4.282524883747100830e-01 8.116006851196289062e-01 7.093284726142883301e-01 9.261375069618225098e-01 2.681739926338195801e-01 9.614231586456298828e-01 8.834857940673828125e-01 3.659281730651855469e-01 5.917602777481079102e-01 4.903591871261596680e-01 7.596635818481445312e-01 2.493525594472885132e-01 3.891391158103942871e-01 5.336273312568664551e-01
7.823849916458129883e-01 2.176123261451721191e-01 9.409472346305847168e-01 2.428849972784519196e-02 1.805222481489181519e-01 2.095561623573303223e-01 5.592659711837768555e-01 9.386722445487976074e-01 2.314305156469345093e-01 6.345021128654479980e-01 2.799173891544342041e-01 2.199018001556396484e-01 6.012891530990600586e-01 6.642292141914367676e-01
1.895900070667266846e-01 2.005938291549682617e-01 7.996175289154052734e-01 5.235174894332885742e-01 7.516162395477294922e-01 2.388169765472412109e-01 1.345369964838027954e-01 1.634338498115539551e-01 3.004461824893951416e-01 8.144016861915588379e-01 7.763919830322265625e-01 7.677033543586730957e-01 5.162369012832641602e-01 4.438430070877075195e-01
4.215475022792816162e-01 5.947780013084411621e-01 4.910375177860260010e-02 2.215997427701950073e-01 5.485592484474182129e-01 6.685246229171752930e-01 3.506556749343872070e-01 3.420308232307434082e-01 5.300009846687316895e-01 1.719843447208404541e-01 2.015992254018783569e-01 5.815651416778564453e-01 5.474285483360290527e-01 5.464649200439453125e-01
5.674225091934204102e-01 5.798356533050537109e-01 8.210474997758865356e-02 8.073425292968750000e-01 6.427074968814849854e-02 9.827700257301330566e-01 9.138900041580200195e-02 4.352601170539855957e-01 6.550436019897460938e-01 2.159869819879531860e-01 4.424755871295928955e-01 1.010538786649703979e-01 5.606060028076171875e-01 5.443941950798034668e-01
8.543624877929687500e-01 3.778251707553863525e-01 9.337224811315536499e-02 3.436439931392669678e-01 1.033245027065277100e-01 7.313939277082681656e-03 8.193120956420898438e-01 8.738708496093750000e-01 6.370640993118286133e-01 2.648908793926239014e-01 6.105396151542663574e-01 5.930065363645553589e-02 4.620484411716461182e-01 7.076182365417480469e-01
1.682250052690505981e-01 1.814644932746887207e-01 8.670384883880615234e-01 6.544700264930725098e-02 6.575189828872680664e-01 7.671234607696533203e-01 2.556689977645874023e-01 1.624568104743957520e-01 2.933483123779296875e-01 6.593242883682250977e-01 2.587893903255462646e-01 6.827655434608459473e-01 6.144743561744689941e-01 4.916255176067352295e-01
4.626674950122833252e-01 2.216558307409286499e-01 2.734437584877014160e-01 2.593857645988464355e-01 5.907575041055679321e-02 3.144118189811706543e-01 7.007536292076110840e-01 4.577597081661224365e-01 3.174198269844055176e-01 5.721927881240844727e-01 2.814720273017883301e-01 6.202534213662147522e-02 6.636737585067749023e-01 5.909845829010009766e-01
6.663249731063842773e-01 3.741888403892517090e-01 2.567637562751770020e-01 9.129225015640258789e-01 6.877729892730712891e-01 9.018687009811401367e-01 9.955629110336303711e-01 6.547019481658935547e-01 4.052079916000366211e-01 3.543345332145690918e-01 3.527479767799377441e-01 5.581889748573303223e-01 5.065143704414367676e-01 5.987879037857055664e-01
8.478624820709228516e-01 2.968550026416778564e-01 9.844135046005249023e-01 3.209049999713897705e-01 8.649184703826904297e-01 2.877391874790191650e-01 4.683556556701660156e-01 8.100059628486633301e-01 3.650566041469573975e-01 7.084813117980957031e-01 7.134783864021301270e-01 8.154978752136230469e-01 5.025038719177246094e-01 3.655308187007904053e-01
3.933550119400024414e-01 7.792611718177795410e-01 2.256225049495697021e-01 4.539837539196014404e-01 9.645607471466064453e-01 5.436675548553466797e-01 9.842261672019958496e-01 3.313299119472503662e-01 6.269003152847290039e-01 1.081765070557594299e-01 3.314178884029388428e-01 7.882664799690246582e-01 4.439878165721893311e-01 6.008093953132629395e-01
8.245074748992919922e-01 4.658488333225250244e-01 4.028777480125427246e-01 4.487070143222808838e-01 1.257449984550476074e-01 5.301456525921821594e-02 4.834596812725067139e-01 9.306349754333496094e-01 4.811640381813049316e-01 4.468795359134674072e-01 4.928089678287506104e-01 1.701053977012634277e-01 4.900788962841033936e-01 6.678137183189392090e-01
4.186150133609771729e-01 7.024578452110290527e-01 5.393767356872558594e-01 8.538674712181091309e-01 9.153287410736083984e-01 4.153197109699249268e-01 8.053911328315734863e-01 3.530664145946502686e-01 5.592811703681945801e-01 6.006506681442260742e-01 8.690972924232482910e-01 8.633466958999633789e-01 3.738731443881988525e-01 4.514342844486236572e-01
9.017249941825866699e-02 2.756193280220031738e-01 1.122962534427642822e-01 6.571375131607055664e-01 3.364402353763580322e-01 7.941737174987792969e-01 3.937680125236511230e-01 9.556489437818527222e-02 5.293858647346496582e-01 3.497425913810729980e-01 2.760707139968872070e-01 2.872980535030364990e-01 6.370806694030761719e-01 5.232989788055419922e-01
5.516300201416015625e-01 7.285699844360351562e-01 3.691675141453742981e-02 6.254249811172485352e-01 9.216284751892089844e-01 9.986507892608642578e-01 6.811693906784057617e-01 3.356424868106842041e-01 7.428060770034790039e-01 1.196230053901672363e-01 4.762093126773834229e-01 8.286819458007812500e-01 3.671190440654754639e-01 5.372860431671142578e-01
9.975000284612178802e-03 6.077451705932617188e-01 5.737050175666809082e-01 8.519974946975708008e-01 7.049999833106994629e-01 6.096345186233520508e-01 2.733443379402160645e-01 2.453236840665340424e-02 6.416487693786621094e-01 6.651523113250732422e-01 7.946781516075134277e-01 8.390680551528930664e-01 3.778104484081268311e-01 4.507455825805664062e-01
5.808600187301635742e-01 6.185003519058227539e-01 2.808519899845123291e-01 1.205514967441558838e-01 1.236177533864974976e-01 9.330366849899291992e-01 4.232233390212059021e-02 6.202191710472106934e-01 5.595372915267944336e-01 1.243251264095306396e-01 1.540755778551101685e-01 2.187282443046569824e-01 6.314749121665954590e-01 5.557886958122253418e-01
4.963999986648559570e-01 4.145681560039520264e-01 6.885252594947814941e-01 5.212050080299377441e-01 3.256930112838745117e-01 6.143541336059570312e-01 5.584170222282409668e-01 4.541500806808471680e-01 4.138288497924804688e-01 6.819883584976196289e-01 5.293757915496826172e-01 3.429680764675140381e-01 4.619726240634918213e-01 4.410654008388519287e-01
9.885975122451782227e-01 6.910871863365173340e-01 3.718129992485046387e-01 1.185289993882179260e-01 2.560622394084930420e-01 9.607101231813430786e-02 5.039420127868652344e-01 9.625134468078613281e-01 6.155899763107299805e-01 2.335629016160964966e-01 2.756536900997161865e-01 3.898389041423797607e-01 4.605856239795684814e-01 5.833430886268615723e-01
1.551949977874755859e-01 6.668274998664855957e-01 8.811115026473999023e-01 3.756167590618133545e-01 2.120729982852935791e-01 9.501680731773376465e-01 4.661146700382232666e-01 1.606964021921157837e-01 5.187267661094665527e-01 6.416450142860412598e-01 3.214032351970672607e-01 2.691939771175384521e-01 5.705916881561279297e-01 3.989949524402618408e-01
5.313550233840942383e-01 5.344146490097045898e-01 8.636007308959960938e-01 5.713574886322021484e-01 5.078442692756652832e-01 1.703521162271499634e-01 1.415323317050933838e-01 5.473104715347290039e-01 3.968735635280609131e-01 6.986168026924133301e-01 5.787482857704162598e-01 5.785365700721740723e-01 4.544174671173095703e-01 3.894153833389282227e-01
3.412050008773803711e-01 6.443816423416137695e-01 1.925417482852935791e-01 2.354967445135116577e-01 9.768727421760559082e-01 8.338576555252075195e-01 8.119279742240905762e-01 2.503375709056854248e-01 6.234881877899169922e-01 3.049353957176208496e-01 2.700564563274383545e-01 8.458405733108520508e-01 4.686424434185028076e-01 3.695669472217559814e-01
4.792099893093109131e-01 5.157388448715209961e-01 1.730000018142163754e-03 4.244970083236694336e-01 4.968819916248321533e-01 8.404591083526611328e-01 6.291310191154479980e-01 4.445205628871917725e-01 5.642978549003601074e-01 9.378556907176971436e-02 2.365118265151977539e-01 5.307646989822387695e-01 5.282260179519653320e-01 6.337289214134216309e-01
4.884175062179565430e-01 2.860960066318511963e-01 9.357914924621582031e-01 6.774675250053405762e-01 8.088514804840087891e-01 4.589161574840545654e-01 2.861683368682861328e-01 5.005251169204711914e-01 4.094714820384979248e-01 7.517848014831542969e-01 8.993197083473205566e-01 7.854220271110534668e-01 3.793131709098815918e-01 4.425951242446899414e-01
5.504124760627746582e-01 5.506671667098999023e-01 7.786015272140502930e-01 8.276724815368652344e-01 3.699175119400024414e-01 9.370933175086975098e-01 9.209836125373840332e-01 4.744752645492553711e-01 4.107297956943511963e-01 6.597811579704284668e-01 6.506813168525695801e-01 3.161568641662597656e-01 4.326939284801483154e-01 5.065401196479797363e-01
4.176250100135803223e-02 2.605246603488922119e-01 8.082550168037414551e-01 7.088400125503540039e-01 9.726099669933319092e-02 8.720312118530273438e-01 5.954156517982482910e-01 1.846717856824398041e-02 3.298653364181518555e-01 8.643141388893127441e-01 7.545430064201354980e-01 4.564344137907028198e-02 5.450920462608337402e-01 6.011388897895812988e-01
8.923100233078002930e-01 4.332261681556701660e-01 6.243624910712242126e-02 1.452035009860992432e-01 1.183544993400573730e-01 1.551564633846282959e-01 6.420403122901916504e-01 8.929364085197448730e-01 5.552404522895812988e-01 1.888920366764068604e-01 2.674650847911834717e-01 1.262037754058837891e-01 5.434921383857727051e-01 6.606939435005187988e-01
2.522799968719482422e-01 6.224631667137145996e-01 8.469499647617340088e-03 3.744035065174102783e-01 6.552180051803588867e-01 2.078589946031570435e-01 1.057523339986801147e-01 2.358868122100830078e-01 6.729811429977416992e-01 1.923612505197525024e-01 4.459169805049896240e-01 7.099777460098266602e-01 4.118664264678955078e-01 5.284491777420043945e-01
2.943474948406219482e-01 6.059141755104064941e-01 3.404900133609771729e-01 5.019899830222129822e-02 9.364472627639770508e-01 3.801256418228149414e-01 3.225743472576141357e-01 3.000785112380981445e-01 5.831050872802734375e-01 4.011826813220977783e-01 2.162402719259262085e-01 9.022357463836669922e-01 4.953020513057708740e-01 2.974003553390502930e-01
9.918649792671203613e-01 2.399043291807174683e-01 2.555755078792572021e-01 6.090649962425231934e-01 9.141659736633300781e-01 2.139394879341125488e-01 3.539999946951866150e-03 9.085618257522583008e-01 3.419019877910614014e-01 5.338519811630249023e-01 4.722684621810913086e-01 8.860718607902526855e-01 5.706269145011901855e-01 4.083199203014373779e-01
6.428874731063842773e-01 6.863654851913452148e-01 8.696272373199462891e-01 5.212299898266792297e-02 2.282877564430236816e-01 2.851262688636779785e-01 7.379709482192993164e-01 6.904378533363342285e-01 5.750299096107482910e-01 5.366423726081848145e-01 3.791743814945220947e-01 1.940562874078750610e-01 5.071914792060852051e-01 4.133129417896270752e-01
7.266225218772888184e-01 2.745763361454010010e-01 5.135664939880371094e-01 8.061174750328063965e-01 9.611989855766296387e-01 5.417202115058898926e-01 2.644590139389038086e-01 7.722714543342590332e-01 2.980340719223022461e-01 7.150119543075561523e-01 6.183708310127258301e-01 8.912711739540100098e-01 5.852100253105163574e-01 3.172631561756134033e-01
8.255925178527832031e-01 5.649561882019042969e-01 5.232174992561340332e-01 2.945922613143920898e-01 1.444325037300586700e-02 3.230273723602294922e-01 2.873263359069824219e-01 8.873897790908813477e-01 4.832334518432617188e-01 4.282512664794921875e-01 5.812897682189941406e-01 6.638198345899581909e-02 4.928850531578063965e-01 7.172880172729492188e-01
2.333025038242340088e-01 7.495660185813903809e-01 5.310167670249938965e-01 3.153112530708312988e-01 1.402092427015304565e-01 2.774419188499450684e-01 9.145193696022033691e-01 2.783967256546020508e-01 5.499249696731567383e-01 4.406988024711608887e-01 5.244344472885131836e-01 1.393652558326721191e-01 5.206369161605834961e-01 5.134471654891967773e-01
8.026599884033203125e-01 3.577719926834106445e-01 1.426737457513809204e-01 2.047177553176879883e-01 2.806922495365142822e-01 8.813304305076599121e-01 2.133766748011112213e-02 7.176724076271057129e-01 4.827899038791656494e-01 3.154986798763275146e-01 1.325854808092117310e-01 3.801406025886535645e-01 5.954214334487915039e-01 4.575035870075225830e-01
4.212074875831604004e-01 2.311326712369918823e-01 5.794502496719360352e-01 3.717550039291381836e-01 2.572239935398101807e-01 2.658502161502838135e-01 3.115886747837066650e-01 4.998497962951660156e-01 3.057642877101898193e-01 7.093772888183593750e-01 3.170005679130554199e-01 3.290625512599945068e-01 5.894121527671813965e-01 4.862261116504669189e-01
2.308000065386295319e-02 4.461661577224731445e-01 9.833015203475952148e-01 9.763950109481811523e-01 3.843572437763214111e-01 9.968997836112976074e-01 2.280199974775314331e-01 1.327661611139774323e-02 4.529937505722045898e-01 8.682512640953063965e-01 7.488114833831787109e-01 3.101833164691925049e-01 4.501595497131347656e-01 5.218443274497985840e-01
5.251550078392028809e-01 3.844486773014068604e-01 2.193589955568313599e-01 1.582512557506561279e-01 8.997732400894165039e-01 2.091671675443649292e-01 2.588966786861419678e-01 5.092321634292602539e-01 5.658955574035644531e-01 4.099451601505279541e-01 3.231388032436370850e-01 8.270249366760253906e-01 4.646737277507781982e-01 3.745967149734497070e-01
8.639575242996215820e-01 3.500035107135772705e-01 3.779687583446502686e-01 9.440500140190124512e-01 4.058699905872344971e-01 2.994101047515869141e-01 1.872906684875488281e-01 9.462101459503173828e-01 4.404838085174560547e-01 6.754050850868225098e-01 6.570995450019836426e-01 5.158486962318420410e-01 4.547849297523498535e-01 5.077444911003112793e-01
3.170925080776214600e-01 3.960730135440826416e-01 6.460949778556823730e-02 5.564849972724914551e-01 9.977137446403503418e-01 4.039098918437957764e-01 3.835893273353576660e-01 3.416409492492675781e-01 5.960571765899658203e-01 4.503984451293945312e-01 4.562993049621582031e-01 9.253542423248291016e-01 4.669371545314788818e-01 3.362930417060852051e-01
7.966399788856506348e-01 4.674031734466552734e-01 1.055347472429275513e-01 1.526049990206956863e-02 9.108660221099853516e-01 4.915074706077575684e-01 1.619316637516021729e-01 6.968249678611755371e-01 5.498032569885253906e-01 3.819224834442138672e-01 2.091291844844818115e-01 7.900175452232360840e-01 4.927299916744232178e-01 3.435794711112976074e-01
6.559824943542480469e-01 7.047596573829650879e-01 7.030762434005737305e-01 9.165949821472167969e-01 6.067747473716735840e-01 7.577832341194152832e-01 5.521460175514221191e-01 5.796244740486145020e-01 6.452873945236206055e-01 5.406319499015808105e-01 8.242126703262329102e-01 5.445958375930786133e-01 3.202371895313262939e-01 4.812170267105102539e-01
2.607649862766265869e-01 3.124283254146575928e-01 7.467545270919799805e-01 3.063845038414001465e-01 9.494750201702117920e-02 5.084271430969238281e-01 9.333286285400390625e-01 2.593192458152770996e-01 3.705590069293975830e-01 6.000776290893554688e-01 6.404293775558471680e-01 3.217264637351036072e-02 5.372102856636047363e-01 6.405367255210876465e-01
8.996000289916992188e-01 6.043524742126464844e-01 7.848539948463439941e-01 4.169670045375823975e-01 3.107174932956695557e-01 1.276740431785583496e-01 4.606069922447204590e-01 9.656688570976257324e-01 6.139677166938781738e-01 5.294971466064453125e-01 5.881639719009399414e-01 3.618944585323333740e-01 3.956791162490844727e-01 5.249060392379760742e-01
4.996725022792816162e-01 5.268413424491882324e-01 6.797094941139221191e-01 3.203749889507889748e-03 9.723370075225830078e-01 6.996293663978576660e-01 5.905466526746749878e-02 4.166111052036285400e-01 5.097827911376953125e-01 5.675532817840576172e-01 2.695264518260955811e-01 8.768460154533386230e-01 5.208503603935241699e-01 2.670705020427703857e-01
3.643549978733062744e-01 8.031976819038391113e-01 6.656810045242309570e-01 1.120777502655982971e-01 2.856124937534332275e-02 5.675760507583618164e-01 7.655128836631774902e-01 3.278878331184387207e-01 6.050177216529846191e-01 4.832468032836914062e-01 3.875970542430877686e-01 5.391750484704971313e-02 5.749363899230957031e-01 4.263239204883575439e-01
5.564450025558471680e-01 4.227069914340972900e-01 9.876197576522827148e-01 1.268357485532760620e-01 5.292425155639648438e-01 5.998098850250244141e-01 5.383769869804382324e-01 5.847535133361816406e-01 3.237780630588531494e-01 6.611464023590087891e-01 3.266994357109069824e-01 6.415637731552124023e-01 5.653370618820190430e-01 4.066514670848846436e-01
6.995250284671783447e-02 3.475796580314636230e-01 3.483102619647979736e-01 7.563449740409851074e-01 8.936224877834320068e-02 9.025012850761413574e-01 4.239066541194915771e-01 4.752102866768836975e-02 4.948035180568695068e-01 5.483434796333312988e-01 4.761912524700164795e-01 7.961738109588623047e-02 6.334037780761718750e-01 5.613631606101989746e-01
3.598699867725372314e-01 5.408583283424377441e-01 5.970770120620727539e-01 8.252099752426147461e-01 2.269767522811889648e-01 9.392310380935668945e-01 2.108803391456604004e-01 3.731608688831329346e-01 5.763763785362243652e-01 6.315293908119201660e-01 6.470007300376892090e-01 2.310695350170135498e-01 3.822477757930755615e-01 4.001339375972747803e-01
6.147199869155883789e-01 4.281184971332550049e-01 8.357432484626770020e-01 9.019750170409679413e-03 2.497299946844577789e-02 7.410547733306884766e-01 5.738203525543212891e-01 6.390014886856079102e-01 2.511967420578002930e-01 5.940209627151489258e-01 2.601185142993927002e-01 6.724890321493148804e-02 6.581022739410400391e-01 6.579369306564331055e-01
7.169150114059448242e-01 4.921894967555999756e-01 4.354985058307647705e-01 2.849299907684326172e-01 4.643374979496002197e-01 5.153238177299499512e-01 6.947866678237915039e-01 6.685971021652221680e-01 5.642124414443969727e-01 5.345297455787658691e-01 4.371994137763977051e-01 4.198245406150817871e-01 4.552295506000518799e-01 3.895716071128845215e-01
3.189224898815155029e-01 7.392504811286926270e-01 4.565392434597015381e-01 3.356395065784454346e-01 7.298102378845214844e-01 9.734362363815307617e-01 7.795770764350891113e-01 2.984803617000579834e-01 5.361330509185791016e-01 2.565765380859375000e-01 2.868275046348571777e-01 7.779967188835144043e-01 4.830783903598785400e-01 5.078483223915100098e-01
9.011574983596801758e-01 4.933004975318908691e-01 8.385995030403137207e-01 9.336249828338623047e-01 8.906344771385192871e-01 5.840453505516052246e-02 9.531257748603820801e-01 8.849775791168212891e-01 2.829423248767852783e-01 6.950047016143798828e-01 9.119459986686706543e-01 8.342742919921875000e-01 5.234909653663635254e-01 5.552839040756225586e-01
8.290899991989135742e-01 4.036189913749694824e-01 9.241700172424316406e-01 4.082347452640533447e-01 8.346777558326721191e-01 1.936681866645812988e-01 2.115530073642730713e-01 8.561272025108337402e-01 3.100868761539459229e-01 6.750200390815734863e-01 6.764068007469177246e-01 8.544347286224365234e-01 5.687565803527832031e-01 3.898542225360870361e-01
9.108124971389770508e-01 4.060821533203125000e-01 3.963710069656372070e-01 2.565504908561706543e-01 9.716669917106628418e-01 9.357329010963439941e-01 7.572049498558044434e-01 7.751078605651855469e-01 3.151833713054656982e-01 4.954693913459777832e-01 3.151177763938903809e-01 8.761194348335266113e-01 5.774419903755187988e-01 4.195941984653472900e-01
2.336425036191940308e-01 5.244408249855041504e-01 9.918067455291748047e-01 5.709449946880340576e-02 8.039807677268981934e-01 9.650794863700866699e-01 8.060161471366882324e-01 2.488804757595062256e-01 3.762735426425933838e-01 5.704289078712463379e-01 2.290306389331817627e-01 8.015024662017822266e-01 5.736277699470520020e-01 4.048110544681549072e-01
4.102774858474731445e-01 1.770015060901641846e-01 3.008345067501068115e-01 5.821124911308288574e-01 7.327522635459899902e-01 4.268350601196289062e-01 1.234276667237281799e-01 5.180349349975585938e-01 3.083364665508270264e-01 5.047816634178161621e-01 5.598472356796264648e-01 7.840816378593444824e-01 5.520843863487243652e-01 5.558410286903381348e-01
6.624774932861328125e-01 2.088968306779861450e-01 3.391090035438537598e-01 3.140065073966979980e-01 9.960939884185791016e-01 8.746621012687683105e-01 9.185342788696289062e-01 6.284148693084716797e-01 4.967554509639739990e-01 2.982236444950103760e-01 4.038915932178497314e-01 7.641450166702270508e-01 4.771939516067504883e-01 5.383144617080688477e-01
7.213374972343444824e-01 4.295116662979125977e-01 1.259007453918457031e-01 3.528772592544555664e-01 8.844077587127685547e-01 7.783492654561996460e-02 2.173729985952377319e-01 7.584832906723022461e-01 6.297110915184020996e-01 2.445668578147888184e-01 3.708696365356445312e-01 8.210446238517761230e-01 4.298250377178192139e-01 4.712620675563812256e-01
7.612250000238418579e-02 6.363673210144042969e-01 3.854382634162902832e-01 1.954012513160705566e-01 8.093104958534240723e-01 5.679041147232055664e-01 5.694033205509185791e-02 6.507331877946853638e-02 5.929761528968811035e-01 4.809402525424957275e-01 2.518239021301269531e-01 9.090261459350585938e-01 5.778698921203613281e-01 2.804334163665771484e-01
3.790825009346008301e-01 2.969451546669006348e-01 5.388215184211730957e-01 6.171600222587585449e-01 8.544662594795227051e-01 7.549409866333007812e-01 8.283223509788513184e-01 3.966273665428161621e-01 2.970356643199920654e-01 6.534984707832336426e-01 5.400050282478332520e-01 7.928147315979003906e-01 5.791357159614562988e-01 4.401323795318603516e-01
5.811374783515930176e-01 8.208716511726379395e-01 2.419790029525756836e-01 2.538140118122100830e-01 9.436050057411193848e-01 3.703976869583129883e-01 1.821176707744598389e-01 4.472619891166687012e-01 6.103468537330627441e-01 4.377188086509704590e-01 4.324262440204620361e-01 8.972305059432983398e-01 4.413506686687469482e-01 3.472760319709777832e-01
5.918250083923339844e-01 3.714436590671539307e-01 7.825572490692138672e-01 7.523574829101562500e-01 6.133367419242858887e-01 2.225466668605804443e-01 3.584766760468482971e-02 6.941519379615783691e-01 3.522144258022308350e-01 7.128401994705200195e-01 6.307033896446228027e-01 6.787696480751037598e-01 4.862503409385681152e-01 3.946640491485595703e-01
7.706000208854675293e-01 6.776448488235473633e-01 4.714640080928802490e-01 3.555079996585845947e-01 9.190632700920104980e-01 6.355388164520263672e-01 8.472086787223815918e-01 5.285404920578002930e-01 2.378205507993698120e-01 7.112440466880798340e-01 4.221526086330413818e-01 8.148454427719116211e-01 6.191599369049072266e-01 3.954230546951293945e-01
3.508450090885162354e-01 6.578133106231689453e-01 7.899657487869262695e-01 1.249099988490343094e-02 2.101175040006637573e-01 8.954598903656005859e-01 1.574196666479110718e-01 3.613179624080657959e-01 5.739588141441345215e-01 5.951701998710632324e-01 3.812057673931121826e-01 2.173183411359786987e-01 5.059058070182800293e-01 3.464997112751007080e-01
4.521250128746032715e-01 5.691811442375183105e-01 5.474477410316467285e-01 9.590600132942199707e-01 8.026407361030578613e-01 6.644636392593383789e-01 7.219947576522827148e-01 5.227429866790771484e-01 4.371985793113708496e-01 5.599859952926635742e-01 8.692132234573364258e-01 8.096500635147094727e-01 4.493251740932464600e-01 5.477380156517028809e-01
1.650175005197525024e-01 5.530606508255004883e-01 5.305949971079826355e-02 9.004675149917602539e-01 7.129759788513183594e-01 9.784600138664245605e-01 5.204673409461975098e-01 1.156899929046630859e-01 6.813960075378417969e-01 1.705304533243179321e-01 3.455754518508911133e-01 6.637476682662963867e-01 5.074719190597534180e-01 4.659395515918731689e-01
4.566274881362915039e-01 7.609930038452148438e-01 4.903362393379211426e-01 6.952674984931945801e-01 8.391277790069580078e-01 1.487612128257751465e-01 8.181467056274414062e-01 4.335056245326995850e-01 5.955842733383178711e-01 3.966517150402069092e-01 8.553113341331481934e-01 8.043753504753112793e-01 3.848231732845306396e-01 5.849883556365966797e-01
9.704124927520751953e-01 4.830868244171142578e-01 4.125347435474395752e-01 8.490549772977828979e-02 4.642974957823753357e-02 5.761727094650268555e-01 2.229313403367996216e-01 9.233862757682800293e-01 4.456096887588500977e-01 3.454017043113708496e-01 4.447263479232788086e-01 1.036813855171203613e-01 5.193971395492553711e-01 7.345882058143615723e-01
2.323199957609176636e-01 6.407694816589355469e-01 5.708749871701002121e-03 6.976000070571899414e-01 2.728329896926879883e-01 5.251525044441223145e-01 4.920576810836791992e-01 2.491764873266220093e-01 6.124678254127502441e-01 6.487684696912765503e-02 4.312131404876708984e-01 4.067283570766448975e-01 5.182459354400634766e-01 7.176301479339599609e-01
4.939399957656860352e-01 2.628246545791625977e-01 5.115230083465576172e-01 2.914505004882812500e-01 4.304877519607543945e-01 9.862605929374694824e-01 4.724206626415252686e-01 4.398980736732482910e-01 4.375307857990264893e-01 6.748694181442260742e-01 4.110752940177917480e-01 4.148412942886352539e-01 4.915727376937866211e-01 3.760855495929718018e-01
6.546674966812133789e-01 5.627376437187194824e-01 7.887489795684814453e-01 7.050849795341491699e-01 4.585100114345550537e-01 4.451756477355957031e-01 6.604546904563903809e-01 6.828458309173583984e-01 3.811503946781158447e-01 7.067953348159790039e-01 5.771048665046691895e-01 4.918485581874847412e-01 4.643315970897674561e-01 4.269407093524932861e-01
6.601399779319763184e-01 4.476968348026275635e-01 3.925752639770507812e-01 6.233425140380859375e-01 7.591082453727722168e-01 7.454228401184082031e-01 1.137986630201339722e-01 5.754547715187072754e-01 5.178344249725341797e-01 5.567335486412048340e-01 5.588254332542419434e-01 7.017411589622497559e-01 4.347891509532928467e-01 4.146075546741485596e-01
7.106475234031677246e-01 3.993538320064544678e-01 2.918755114078521729e-01 2.454745024442672729e-01 1.800299994647502899e-02 8.587738275527954102e-01 3.208209872245788574e-01 8.992937803268432617e-01 3.308427929878234863e-01 1.344844996929168701e-01 9.145881980657577515e-02 1.037642955780029297e-01 6.512179374694824219e-01 7.486469149589538574e-01
3.088049888610839844e-01 5.247858166694641113e-01 6.952810287475585938e-01 9.432324767112731934e-01 7.305272221565246582e-01 8.292478919029235840e-01 1.827806681394577026e-01 3.349550664424896240e-01 5.080280900001525879e-01 6.303350925445556641e-01 8.413946032524108887e-01 8.158347606658935547e-01 3.971405029296875000e-01 4.552138149738311768e-01
6.842824816703796387e-01 5.587041378021240234e-01 9.434980154037475586e-01 1.759749953635036945e-03 6.103952527046203613e-01 6.740532517433166504e-01 8.170149922370910645e-01 6.269234418869018555e-01 4.275510609149932861e-01 6.008328199386596680e-01 3.488052189350128174e-01 6.004515886306762695e-01 5.145976543426513672e-01 3.867984712123870850e-01
3.043749928474426270e-02 5.966231822967529297e-01 2.370339930057525635e-01 7.125049829483032227e-01 2.016970068216323853e-01 9.692950248718261719e-01 9.215307235717773438e-01 2.612835168838500977e-02 6.777381896972656250e-01 2.245398610830307007e-01 2.578185796737670898e-01 8.277659863233566284e-02 8.088296651840209961e-01 3.923335075378417969e-01
2.057075053453445435e-01 4.859985113143920898e-01 3.142657577991485596e-01 1.467082500457763672e-01 4.800674915313720703e-01 2.194288820028305054e-01 4.781099855899810791e-01 2.851350307464599609e-01 5.243813991546630859e-01 4.772848188877105713e-01 3.189643323421478271e-01 4.380321502685546875e-01 5.364307761192321777e-01 4.346863627433776855e-01
6.991875171661376953e-01 7.028178572654724121e-01 3.507094979286193848e-01 2.621249854564666748e-01 2.370802462100982666e-01 3.497816994786262512e-02 3.829700127243995667e-02 8.660108447074890137e-01 6.980060935020446777e-01 3.259532749652862549e-01 3.954434096813201904e-01 2.694557607173919678e-01 4.486205279827117920e-01 4.505441188812255859e-01
8.487150073051452637e-01 7.393971681594848633e-01 1.203907504677772522e-01 4.202080070972442627e-01 9.957439899444580078e-01 8.805783092975616455e-02 2.721570134162902832e-01 8.045597672462463379e-01 5.411003828048706055e-01 3.474207520484924316e-01 2.812394201755523682e-01 9.011601805686950684e-01 4.847637712955474854e-01 3.651465475559234619e-01
2.667675018310546875e-01 2.028098404407501221e-01 5.025839805603027344e-01 4.763070046901702881e-01 7.137992382049560547e-01 1.187434345483779907e-01 7.614233493804931641e-01 3.158995509147644043e-01 3.693426847457885742e-01 7.311109900474548340e-01 5.924834609031677246e-01 6.155620217323303223e-01 4.798255562782287598e-01 4.122889339923858643e-01
4.864000156521797180e-02 8.020916581153869629e-01 7.703699916601181030e-02 7.314774990081787109e-01 5.842547416687011719e-01 1.106481850147247314e-01 5.240039825439453125e-01 7.129108905792236328e-02 7.094346284866333008e-01 2.113004624843597412e-01 3.935679495334625244e-01 7.916905283927917480e-01 4.546051025390625000e-01 4.493474960327148438e-01
8.165749907493591309e-02 5.916183590888977051e-01 8.413150161504745483e-02 5.793750286102294922e-01 6.981599926948547363e-01 8.597926497459411621e-01 9.409117698669433594e-01 6.162234768271446228e-02 6.485921144485473633e-01 1.205585673451423645e-01 2.763825953006744385e-01 5.679272413253784180e-01 6.199078559875488281e-01 5.207772850990295410e-01
6.042975187301635742e-01 2.646606564521789551e-01 8.466997742652893066e-01 9.775199890136718750e-01 5.850449800491333008e-01 2.530161738395690918e-01 2.847173213958740234e-01 7.173072099685668945e-01 2.264233380556106567e-01 7.918557524681091309e-01 7.547730207443237305e-01 6.932685971260070801e-01 5.349684357643127441e-01 4.562512934207916260e-01
6.530575156211853027e-01 6.028216481208801270e-01 2.088982462882995605e-01 3.332800045609474182e-02 9.898867607116699219e-01 2.076989971101284027e-03 1.043090000748634338e-01 5.693421959877014160e-01 5.640841126441955566e-01 4.974947869777679443e-01 2.970225214958190918e-01 8.764792084693908691e-01 4.777377247810363770e-01 2.883596122264862061e-01
3.977699875831604004e-01 5.439603328704833984e-01 4.471575096249580383e-02 7.335450053215026855e-01 7.958007454872131348e-01 9.143079519271850586e-01 5.448700115084648132e-02 3.398860096931457520e-01 5.582664012908935547e-01 3.210393190383911133e-01 2.314311712980270386e-01 8.061065077781677246e-01 4.864840507507324219e-01 4.027034640312194824e-01
6.885500252246856689e-02 6.234921813011169434e-01 7.342787384986877441e-01 9.694200158119201660e-01 2.085295021533966064e-01 7.193893194198608398e-01 3.703469932079315186e-01 4.007047787308692932e-02 5.506148338317871094e-01 6.583187580108642578e-01 7.739064693450927734e-01 2.599735260009765625e-01 4.302041828632354736e-01 5.727485418319702148e-01
9.005900025367736816e-01 6.713168621063232422e-01 3.063147366046905518e-01 5.335025191307067871e-01 1.629569977521896362e-01 8.822206258773803711e-01 8.828256130218505859e-01 9.250540137290954590e-01 7.354456186294555664e-01 1.812186688184738159e-01 6.426234245300292969e-01 1.269128769636154175e-01 4.164588749408721924e-01 7.042735815048217773e-01
5.030149817466735840e-01 7.216535210609436035e-01 6.225762367248535156e-01 4.709897637367248535e-01 5.198567509651184082e-01 2.770523130893707275e-01 4.698163270950317383e-01 4.900897741317749023e-01 5.740540623664855957e-01 5.952798128128051758e-01 5.786868929862976074e-01 4.897623360157012939e-01 3.943022191524505615e-01 3.742355406284332275e-01
9.189500212669372559e-01 4.992408454418182373e-01 2.528690099716186523e-01 2.169654965400695801e-01 5.428792238235473633e-01 7.176654338836669922e-01 1.333763301372528076e-01 8.015673756599426270e-01 5.588899254798889160e-01 3.388431668281555176e-01 3.161066770553588867e-01 6.088597178459167480e-01 4.781114459037780762e-01 4.774481952190399170e-01
6.644949913024902344e-01 6.991433501243591309e-01 1.481740027666091919e-01 1.959982514381408691e-01 9.597032666206359863e-01 4.715179800987243652e-01 3.573846518993377686e-01 4.253635704517364502e-01 5.369800329208374023e-01 5.126360058784484863e-01 3.153905570507049561e-01 8.549069166183471680e-01 4.897979497909545898e-01 3.167850375175476074e-01
7.365000247955322266e-02 5.998846888542175293e-01 8.382967710494995117e-01 1.244174987077713013e-01 5.792042613029479980e-01 1.920466721057891846e-01 4.355129897594451904e-01 1.193337067961692810e-01 4.661298990249633789e-01 6.540481448173522949e-01 2.888964116573333740e-01 6.548231840133666992e-01 5.691847205162048340e-01 3.875525593757629395e-01
3.820075094699859619e-01 4.058991670608520508e-01 6.040399894118309021e-02 4.993279874324798584e-01 7.363730072975158691e-01 8.218181901611387730e-04 2.652339935302734375e-01 5.213336944580078125e-01 4.784808158874511719e-01 3.162027299404144287e-01 2.142518609762191772e-01 7.622260451316833496e-01 4.941900968551635742e-01 4.687226712703704834e-01
6.734874844551086426e-01 2.581203281879425049e-01 1.634125038981437683e-02 5.002549886703491211e-01 9.406952261924743652e-01 7.915717363357543945e-01 9.632250070571899414e-01 3.716538548469543457e-01 2.882286012172698975e-01 5.335988402366638184e-01 2.881127297878265381e-01 7.299733757972717285e-01 5.761716365814208984e-01 5.316985249519348145e-01
3.340624868869781494e-01 6.153156757354736328e-01 9.067350029945373535e-01 9.625174999237060547e-01 1.351249986328184605e-03 9.852980971336364746e-01 6.231413483619689941e-01 2.772480845451354980e-01 3.214758038520812988e-01 7.200608253479003906e-01 8.058499693870544434e-01 6.527163833379745483e-02 4.303356111049652100e-01 6.578177213668823242e-01
3.917925059795379639e-01 3.288098275661468506e-01 1.542990058660507202e-01 9.434199929237365723e-01 3.648524880409240723e-01 6.462619304656982422e-01 4.769960045814514160e-01 5.566779375076293945e-01 3.974279165267944336e-01 2.704394757747650146e-01 4.351974427700042725e-01 5.540925860404968262e-01 5.041126608848571777e-01 6.687579751014709473e-01
1.945874989032745361e-01 6.939941644668579102e-01 4.014810025691986084e-01 1.812302470207214355e-01 1.896084994077682495e-01 7.000187039375305176e-01 7.596010565757751465e-01 2.050637006759643555e-01 5.217974781990051270e-01 3.407013714313507080e-01 2.755194008350372314e-01 2.507133483886718750e-01 6.236079335212707520e-01 5.051416754722595215e-01
8.813675045967102051e-01 7.756216526031494141e-01 7.729225158691406250e-01 5.734850168228149414e-01 8.600190281867980957e-01 8.666889667510986328e-01 6.872032880783081055e-01 8.580613136291503906e-01 3.842706978321075439e-01 4.973904788494110107e-01 6.724587678909301758e-01 8.498204946517944336e-01 5.306972861289978027e-01 5.009666085243225098e-01
2.693000063300132751e-02 3.042481541633605957e-01 9.250062704086303711e-01 2.505410015583038330e-01 1.775642484426498413e-01 7.743809223175048828e-01 1.861533373594284058e-01 3.325597569346427917e-02 3.918384015560150146e-01 8.574540019035339355e-01 3.784002959728240967e-01 1.603800654411315918e-01 6.151218414306640625e-01 4.332792162895202637e-01
6.776300072669982910e-01 2.043119966983795166e-01 2.989700138568878174e-01 6.940499693155288696e-02 1.394192427396774292e-01 1.076769679784774780e-01 1.439806669950485229e-01 8.320773839950561523e-01 3.300470113754272461e-01 4.280766844749450684e-01 1.202532351016998291e-01 2.208848595619201660e-01 6.368482112884521484e-01 5.687888860702514648e-01
4.782350063323974609e-01 7.911813259124755859e-01 5.272212624549865723e-01 5.567324757575988770e-01 9.788549691438674927e-02 8.737713098526000977e-02 2.144196629524230957e-01 4.805830121040344238e-01 6.075757741928100586e-01 5.156854391098022461e-01 4.757701456546783447e-01 1.396166980266571045e-01 4.746623039245605469e-01 4.234086275100708008e-01
2.920374870300292969e-01 1.823923289775848389e-01 4.837647378444671631e-01 2.757012546062469482e-01 4.742070138454437256e-01 1.803983896970748901e-01 1.464010030031204224e-01 3.495056927204132080e-01 4.035583734512329102e-01 7.214907407760620117e-01 4.028498232364654541e-01 4.662829339504241943e-01 5.066670179367065430e-01 3.726001381874084473e-01
9.837650060653686523e-01 2.328586727380752563e-01 5.097404718399047852e-01 6.401850283145904541e-02 8.007032275199890137e-01 8.592240214347839355e-01 6.222276687622070312e-01 8.384623527526855469e-01 3.987971842288970947e-01 5.719333291053771973e-01 2.536813616752624512e-01 7.280311584472656250e-01 5.463626384735107422e-01 3.563971519470214844e-01
2.242050021886825562e-01 6.794016957283020020e-01 3.697065114974975586e-01 6.038550138473510742e-01 8.502212762832641602e-01 4.308721125125885010e-01 7.275583148002624512e-01 1.700736731290817261e-01 6.228444576263427734e-01 4.825794398784637451e-01 6.653596162796020508e-01 8.650688529014587402e-01 4.189686179161071777e-01 4.319570660591125488e-01
1.225425004959106445e-01 7.974123358726501465e-01 2.289937436580657959e-01 5.994449853897094727e-01 8.021999895572662354e-02 2.203916162252426147e-01 6.135839819908142090e-01 1.495737731456756592e-01 5.989843606948852539e-01 2.257285714149475098e-01 5.346813201904296875e-01 1.817499399185180664e-01 5.593239665031433105e-01 6.054087877273559570e-01
5.651299953460693359e-01 4.342240095138549805e-01 2.651552557945251465e-01 8.545849919319152832e-01 4.086624979972839355e-01 1.951127313077449799e-02 2.685713469982147217e-01 5.088934898376464844e-01 6.087556481361389160e-01 5.648611783981323242e-01 6.729462146759033203e-01 3.620432317256927490e-01 3.708822131156921387e-01 4.182801246643066406e-01
7.176675200462341309e-01 6.709439754486083984e-01 9.676517248153686523e-01 1.850699931383132935e-01 7.320860028266906738e-01 4.249105155467987061e-01 6.557213068008422852e-01 8.172580003738403320e-01 5.264049768447875977e-01 3.381019532680511475e-01 4.694780707359313965e-01 7.416102290153503418e-01 4.658460319042205811e-01 5.353541970252990723e-01
6.924600005149841309e-01 6.172943115234375000e-01 6.960095167160034180e-01 2.764475047588348389e-01 9.830549955368041992e-01 2.519876658916473389e-01 6.858751177787780762e-01 7.155922055244445801e-01 5.073909759521484375e-01 4.260248243808746338e-01 5.240886211395263672e-01 8.932865858078002930e-01 4.893639385700225830e-01 4.192192852497100830e-01
4.902474880218505859e-01 6.200025081634521484e-01 5.459897518157958984e-01 4.647170007228851318e-01 5.417192578315734863e-01 9.186736345291137695e-01 9.253376126289367676e-01 4.609188735485076904e-01 4.932901263236999512e-01 2.688584923744201660e-01 4.602048099040985107e-01 5.217407941818237305e-01 4.899426400661468506e-01 6.162224411964416504e-01
8.397249877452850342e-02 2.019488364458084106e-01 2.245479971170425415e-01 8.676224946975708008e-01 1.421812474727630615e-01 5.760824084281921387e-01 5.280936956405639648e-01 7.557646185159683228e-02 4.168757498264312744e-01 5.922147631645202637e-01 7.287624478340148926e-01 8.392031490802764893e-02 5.343986749649047852e-01 6.474153995513916016e-01
6.964200139045715332e-01 7.983130216598510742e-01 6.458929777145385742e-01 9.963799715042114258e-01 7.059417366981506348e-01 4.747812151908874512e-01 7.282366752624511719e-01 6.099768877029418945e-01 6.011539101600646973e-01 6.139547228813171387e-01 9.015168547630310059e-01 6.472967267036437988e-01 3.065426945686340332e-01 5.010746717453002930e-01
5.084074735641479492e-01 4.650023281574249268e-01 8.708552718162536621e-01 8.327224850654602051e-01 6.989537477493286133e-01 5.021595954895019531e-01 2.425770014524459839e-01 5.952622294425964355e-01 4.234744906425476074e-01 7.213920950889587402e-01 8.329254388809204102e-01 7.078087329864501953e-01 3.918173909187316895e-01 4.327638447284698486e-01
4.930750131607055664e-01 7.057193517684936523e-01 3.754922449588775635e-01 4.498357474803924561e-01 3.035610020160675049e-01 6.380637288093566895e-01 2.919116616249084473e-01 4.606951475143432617e-01 6.088418364524841309e-01 5.017210245132446289e-01 4.848152995109558105e-01 2.987894713878631592e-01 4.457711875438690186e-01 3.928069174289703369e-01
5.629100203514099121e-01 4.005673229694366455e-01 7.478045225143432617e-01 4.015862643718719482e-01 8.773162364959716797e-01 4.590095877647399902e-01 9.663308858871459961e-01 7.339804172515869141e-01 4.300033152103424072e-01 3.477071225643157959e-01 3.719510436058044434e-01 7.258128523826599121e-01 4.990447461605072021e-01 5.494669675827026367e-01
3.476425111293792725e-01 2.847398221492767334e-01 1.029092520475387573e-01 9.588500261306762695e-01 1.684104949235916138e-01 8.559984564781188965e-01 9.219125509262084961e-01 2.597807645797729492e-01 4.717286825180053711e-01 3.130404055118560791e-01 7.185480594635009766e-01 8.357171714305877686e-02 5.350261926651000977e-01 7.024878263473510742e-01
9.423925280570983887e-01 7.337131500244140625e-01 4.884625077247619629e-01 9.180124998092651367e-01 4.536060094833374023e-01 6.236575543880462646e-03 2.140016704797744751e-01 9.795875549316406250e-01 6.730170249938964844e-01 5.278682708740234375e-01 7.846294045448303223e-01 5.759601593017578125e-01 3.423640429973602295e-01 5.239151120185852051e-01
1.284125000238418579e-01 1.719155013561248779e-01 5.350260138511657715e-01 2.646502554416656494e-01 8.763049840927124023e-01 5.629256367683410645e-01 3.499099984765052795e-02 1.175813600420951843e-01 3.086296021938323975e-01 7.491320967674255371e-01 3.345564305782318115e-01 8.863077163696289062e-01 6.588420867919921875e-01 3.254341483116149902e-01
1.172875016927719116e-01 3.054768443107604980e-01 5.660949945449829102e-01 1.917285025119781494e-01 8.922507762908935547e-01 7.128430008888244629e-01 4.886460006237030029e-01 1.156411096453666687e-01 3.783862292766571045e-01 7.038320302963256836e-01 1.866944879293441772e-01 8.437664508819580078e-01 6.490234732627868652e-01 2.999767363071441650e-01
8.809249848127365112e-02 5.194123387336730957e-01 1.886775046586990356e-01 8.846399784088134766e-01 7.538997530937194824e-01 5.163500905036926270e-01 7.475700229406356812e-02 7.443504035472869873e-02 6.398609876632690430e-01 5.220971107482910156e-01 6.838706731796264648e-01 8.560764789581298828e-01 4.151514470577239990e-01 4.497860968112945557e-01
3.538450002670288086e-01 1.902383267879486084e-01 2.484862506389617920e-01 5.129550099372863770e-01 3.490292429924011230e-01 5.120608806610107422e-01 6.247966736555099487e-02 3.803223073482513428e-01 4.128975868225097656e-01 6.051898598670959473e-01 3.930955827236175537e-01 3.847244679927825928e-01 5.267001390457153320e-01 4.681892096996307373e-01
1.412000041455030441e-02 5.109578371047973633e-01 8.534232378005981445e-01 2.960324883460998535e-01 4.027594923973083496e-01 3.013576865196228027e-01 5.926493406295776367e-01 4.594641178846359253e-02 5.155827999114990234e-01 7.296580672264099121e-01 3.688869774341583252e-01 3.144597113132476807e-01 5.674311518669128418e-01 4.275718927383422852e-01
2.173649966716766357e-01 2.632724940776824951e-01 2.774530053138732910e-01 6.107349991798400879e-01 2.107595056295394897e-01 4.478313028812408447e-03 4.359943270683288574e-01 3.512108623981475830e-01 4.710861742496490479e-01 6.943811774253845215e-01 4.674468040466308594e-01 1.962136626243591309e-01 4.823219478130340576e-01 4.026893079280853271e-01
9.693275094032287598e-01 5.509733557701110840e-01 5.440757274627685547e-01 1.720017492771148682e-01 1.577232480049133301e-01 7.993734478950500488e-01 4.431466758251190186e-02 9.053490161895751953e-01 4.002450406551361084e-01 5.095975995063781738e-01 2.969346940517425537e-01 2.214859426021575928e-01 5.525050759315490723e-01 5.858297944068908691e-01
3.348749876022338867e-02 7.767233252525329590e-01 3.903475031256675720e-02 9.800450205802917480e-01 2.856637537479400635e-01 8.443925380706787109e-01 2.885093390941619873e-01 1.435607820749282837e-01 3.044726550579071045e-01 1.783591322600841522e-02 2.603338216431438923e-04 5.916798487305641174e-02 9.939330220222473145e-01 1.849059760570526123e-01
3.693074882030487061e-01 6.723816394805908203e-01 2.327892482280731201e-01 2.784954905509948730e-01 1.811912506818771362e-01 4.109440445899963379e-01 2.574779987335205078e-01 3.814779818058013916e-01 5.478653907775878906e-01 3.120981454849243164e-01 3.285000324249267578e-01 2.643922567367553711e-01 5.746699571609497070e-01 5.024403929710388184e-01
7.974125146865844727e-01 5.367343425750732422e-01 5.583882331848144531e-01 6.094999909400939941e-01 7.157087326049804688e-01 4.356943368911743164e-01 8.962759375572204590e-01 8.194515705108642578e-01 4.947325587272644043e-01 3.694969415664672852e-01 6.563845276832580566e-01 6.970003843307495117e-01 4.661009907722473145e-01 6.157088279724121094e-01
6.699950098991394043e-01 4.240998327732086182e-01 3.559700027108192444e-02 4.702374935150146484e-01 3.884350061416625977e-01 2.180802971124649048e-01 1.741210073232650757e-01 7.446467280387878418e-01 5.634309053421020508e-01 2.426763176918029785e-01 3.668101429939270020e-01 5.091526508331298828e-01 4.795522987842559814e-01 5.808454155921936035e-01
6.237750127911567688e-02 2.716386616230010986e-01 3.773480057716369629e-01 8.478450179100036621e-01 6.220495104789733887e-01 7.307096719741821289e-01 2.128543406724929810e-01 6.380961835384368896e-02 4.050366580486297607e-01 5.176896452903747559e-01 5.956208705902099609e-01 5.474799275398254395e-01 5.517177581787109375e-01 6.233775019645690918e-01
1.193649992346763611e-01 6.419805288314819336e-01 9.560302495956420898e-01 9.162124991416931152e-01 6.321480274200439453e-01 1.568811088800430298e-01 8.465480804443359375e-01 1.070664674043655396e-01 5.112141966819763184e-01 6.965091228485107422e-01 9.219507575035095215e-01 6.560344099998474121e-01 3.371216654777526855e-01 5.859063267707824707e-01
9.241275191307067871e-01 5.073841810226440430e-01 8.331737518310546875e-01 6.578850150108337402e-01 8.317272663116455078e-01 6.479824185371398926e-01 9.302215576171875000e-01 9.071648716926574707e-01 4.848393499851226807e-01 4.586361944675445557e-01 8.361455202102661133e-01 7.929041385650634766e-01 4.606378674507141113e-01 6.124842762947082520e-01
5.100324749946594238e-01 3.694968223571777344e-01 1.342995017766952515e-01 4.107219874858856201e-01 2.300942540168762207e-01 9.451075792312622070e-01 5.536180138587951660e-01 4.185848534107208252e-01 5.535400509834289551e-01 3.893179893493652344e-01 3.095713257789611816e-01 2.066510170698165894e-01 5.898090004920959473e-01 4.503766000270843506e-01
7.371674776077270508e-01 6.245350241661071777e-01 1.415992528200149536e-01 6.183524727821350098e-01 5.833129882812500000e-01 9.757261872291564941e-01 4.753646552562713623e-01 6.981532573699951172e-01 6.069665551185607910e-01 1.337803155183792114e-01 4.537154436111450195e-01 6.229640245437622070e-01 4.464105665683746338e-01 6.624454855918884277e-01
7.336974740028381348e-01 4.527829885482788086e-01 3.021264970302581787e-01 7.407850027084350586e-01 2.628802359104156494e-01 6.051770448684692383e-01 2.379033342003822327e-02 7.377211451530456543e-01 5.722866654396057129e-01 5.690775513648986816e-01 4.749788939952850342e-01 2.710850238800048828e-01 4.532812535762786865e-01 4.183661639690399170e-01
3.586100041866302490e-01 7.043098211288452148e-01 5.855717658996582031e-01 1.687217503786087036e-01 6.629977226257324219e-01 5.079816281795501709e-02 9.374176859855651855e-01 3.990028202533721924e-01 5.364392995834350586e-01 2.494331896305084229e-01 3.759420216083526611e-01 5.645906925201416016e-01 4.867947697639465332e-01 5.709839463233947754e-01
5.329675078392028809e-01 7.382906675338745117e-01 6.523939967155456543e-01 7.983700037002563477e-01 4.227202534675598145e-01 6.077450513839721680e-01 1.733000040985643864e-03 5.378215909004211426e-01 5.362982749938964844e-01 5.391619205474853516e-01 6.415416002273559570e-01 4.923695325851440430e-01 4.172059297561645508e-01 4.772800803184509277e-01
6.555299758911132812e-01 4.635914862155914307e-01 1.688247472047805786e-01 5.515825152397155762e-01 3.393970131874084473e-01 1.829334348440170288e-01 6.068366765975952148e-01 6.777846217155456543e-01 6.276578307151794434e-01 4.745661020278930664e-01 4.922735393047332764e-01 2.973107397556304932e-01 4.392079412937164307e-01 4.231779873371124268e-01
2.484200000762939453e-01 6.049588322639465332e-01 1.062124967575073242e-01 9.500100016593933105e-01 5.992525219917297363e-01 2.579506933689117432e-01 6.954591870307922363e-01 2.259358614683151245e-01 6.698632836341857910e-01 2.811404466629028320e-01 8.683775663375854492e-01 5.948029160499572754e-01 3.509334623813629150e-01 6.690818071365356445e-01
2.196950018405914307e-01 1.760526597499847412e-01 9.563272595405578613e-01 1.990730017423629761e-01 1.613135039806365967e-01 8.763859868049621582e-01 3.526220023632049561e-01 4.931306540966033936e-01 3.028971552848815918e-01 5.925197005271911621e-01 1.393548548221588135e-01 2.695313394069671631e-01 6.755027770996093750e-01 4.990366101264953613e-01
9.881950020790100098e-01 2.954658269882202148e-01 3.824999928474426270e-02 4.003750160336494446e-02 2.242332547903060913e-01 9.060132503509521484e-01 8.228458166122436523e-01 8.410863876342773438e-01 4.625141620635986328e-01 1.356970667839050293e-01 8.138750493526458740e-02 2.347365617752075195e-01 6.292677521705627441e-01 5.995165109634399414e-01
6.045749783515930176e-01 4.663773477077484131e-01 6.360922455787658691e-01 6.410400271415710449e-01 4.841452538967132568e-01 9.406235218048095703e-01 4.244669973850250244e-01 6.473666429519653320e-01 5.150241255760192871e-01 5.174960494041442871e-01 4.489836394786834717e-01 5.245475172996520996e-01 4.660435020923614502e-01 4.392186105251312256e-01
9.350475072860717773e-01 6.368168592453002930e-01 2.684457600116729736e-01 9.514374732971191406e-01 9.912312626838684082e-01 3.656792044639587402e-01 4.226116538047790527e-01 8.318946957588195801e-01 5.957701206207275391e-01 5.313748121261596680e-01 8.329825401306152344e-01 8.988801240921020508e-01 3.960520327091217041e-01 4.377308785915374756e-01
3.219074904918670654e-01 7.851873040199279785e-01 8.952297568321228027e-01 5.502524971961975098e-02 5.780267715454101562e-01 5.067141260951757431e-03 2.714983224868774414e-01 4.137009680271148682e-01 5.370777249336242676e-01 3.235121667385101318e-01 2.663630247116088867e-01 6.713344454765319824e-01 4.976578354835510254e-01 4.510321915149688721e-01
8.964675068855285645e-01 3.624795079231262207e-01 2.787545025348663330e-01 7.069125175476074219e-01 8.014817237854003906e-01 9.630825519561767578e-01 4.612233340740203857e-01 7.955899238586425781e-01 5.015558600425720215e-01 4.416267275810241699e-01 4.525405764579772949e-01 7.356883287429809570e-01 4.806053042411804199e-01 4.686141610145568848e-01
4.043000042438507080e-01 1.878161728382110596e-01 7.126792669296264648e-01 6.659899950027465820e-01 4.542807638645172119e-01 3.635007143020629883e-01 9.689762592315673828e-01 3.923881947994232178e-01 2.906009554862976074e-01 7.133352160453796387e-01 6.877571344375610352e-01 3.625016212463378906e-01 4.758668839931488037e-01 5.785017013549804688e-01
2.559500038623809814e-01 5.063111782073974609e-01 2.912094891071319580e-01 8.048800230026245117e-01 4.565087556838989258e-01 8.906704187393188477e-01 7.865687608718872070e-01 3.864173293113708496e-01 4.036298394203186035e-01 1.739116758108139038e-01 2.603739500045776367e-01 5.968477725982666016e-01 5.326302647590637207e-01 6.746659278869628906e-01
3.616650104522705078e-01 6.272389888763427734e-01 3.917714953422546387e-01 4.347034990787506104e-01 6.956017613410949707e-01 5.041260719299316406e-01 5.248439908027648926e-01 3.263727128505706787e-01 5.644221305847167969e-01 3.537105023860931396e-01 4.758964776992797852e-01 6.981285214424133301e-01 4.459992051124572754e-01 4.961750209331512451e-01
7.554900050163269043e-01 6.345980167388916016e-01 8.923619985580444336e-01 9.708474874496459961e-01 3.195172548294067383e-01 6.552398800849914551e-01 5.037656426429748535e-01 9.117234349250793457e-01 4.267944097518920898e-01 6.902074813842773438e-01 7.658029198646545410e-01 4.336032569408416748e-01 4.277202486991882324e-01 5.664391517639160156e-01
4.444500058889389038e-02 4.185693264007568359e-01 3.067000070586800575e-03 7.756325006484985352e-01 6.786370277404785156e-01 8.105429410934448242e-01 8.663578629493713379e-01 5.280265957117080688e-02 6.047341823577880859e-01 2.294909954071044922e-01 1.984274983406066895e-01 3.387130796909332275e-01 7.440072894096374512e-01 4.146100580692291260e-01
2.349025011062622070e-01 6.891918182373046875e-01 9.407504796981811523e-01 9.645400047302246094e-01 3.689067363739013672e-01 4.100188985466957092e-02 7.937300205230712891e-02 2.806978225708007812e-01 5.690199136734008789e-01 7.061739563941955566e-01 8.688633441925048828e-01 4.200623333454132080e-01 2.917191088199615479e-01 4.556824564933776855e-01
9.063249826431274414e-01 6.930516958236694336e-01 7.074582576751708984e-01 7.183924913406372070e-01 9.000489711761474609e-01 8.186395168304443359e-01 2.183533273637294769e-02 8.264502286911010742e-01 5.030756592750549316e-01 6.341931223869323730e-01 7.753726840019226074e-01 8.734104633331298828e-01 4.397296011447906494e-01 3.762675225734710693e-01
3.474250063300132751e-02 6.587420105934143066e-01 4.527827501296997070e-01 6.435800194740295410e-01 6.526517271995544434e-01 4.067844450473785400e-01 4.279956519603729248e-01 3.459905087947845459e-02 6.454100012779235840e-01 5.658656954765319824e-01 6.947234272956848145e-01 8.128048181533813477e-01 4.083715677261352539e-01 4.764178991317749023e-01
2.945100069046020508e-01 2.189078330993652344e-01 8.122337460517883301e-01 4.190712571144104004e-01 1.330232471227645874e-01 5.562328100204467773e-01 2.678973376750946045e-01 3.924807906150817871e-01 2.383102923631668091e-01 7.392944693565368652e-01 3.845304548740386963e-01 2.331101596355438232e-01 6.026257276535034180e-01 5.762614011764526367e-01
6.115425229072570801e-01 2.521600127220153809e-01 1.086800023913383484e-01 4.441912472248077393e-01 7.000982761383056641e-01 6.795511245727539062e-01 8.408421277999877930e-01 6.341567039489746094e-01 4.751286804676055908e-01 1.873032003641128540e-01 3.311333060264587402e-01 6.712430715560913086e-01 4.835457503795623779e-01 6.377425789833068848e-01
2.932550013065338135e-01 3.404181599617004395e-01 7.108334898948669434e-01 2.087062448263168335e-01 7.977392673492431641e-01 2.438409030437469482e-01 3.783883452415466309e-01 3.412247896194458008e-01 3.304737210273742676e-01 6.207134127616882324e-01 2.788553237915039062e-01 8.328858613967895508e-01 5.948665142059326172e-01 3.739416003227233887e-01
1.711499989032745361e-01 4.491150081157684326e-01 3.571879863739013672e-01 9.489275217056274414e-01 8.063892722129821777e-01 1.983977854251861572e-02 8.382726907730102539e-01 2.189013212919235229e-01 5.214511752128601074e-01 6.347562670707702637e-01 8.971112370491027832e-01 7.364851832389831543e-01 3.584538102149963379e-01 5.396497845649719238e-01
1.468600034713745117e-01 2.038401663303375244e-01 1.505035012960433960e-01 1.864357441663742065e-01 4.044989943504333496e-01 9.537561535835266113e-01 6.519413590431213379e-01 1.201876848936080933e-01 4.306038022041320801e-01 2.878293395042419434e-01 1.035166457295417786e-01 4.165283143520355225e-01 6.963012218475341797e-01 5.201683640480041504e-01
3.803249821066856384e-02 4.884209930896759033e-01 8.500572443008422852e-01 4.934649914503097534e-02 3.436270058155059814e-01 8.992376923561096191e-01 5.530560016632080078e-01 5.296172574162483215e-02 4.820463359355926514e-01 7.487419247627258301e-01 2.286124229431152344e-01 2.701091468334197998e-01 6.551113724708557129e-01 3.776597976684570312e-01
5.449625253677368164e-01 3.788338303565979004e-01 6.805057525634765625e-01 9.376574754714965820e-01 5.338904857635498047e-01 5.498128533363342285e-01 5.796503424644470215e-01 5.175747275352478027e-01 3.359618782997131348e-01 7.357692122459411621e-01 7.585268616676330566e-01 5.767624974250793457e-01 4.370390176773071289e-01 4.727409183979034424e-01
1.927600055932998657e-01 3.586298227310180664e-01 1.004874985665082932e-02 9.608899950981140137e-01 4.578372538089752197e-01 1.772738397121429443e-01 4.056023359298706055e-01 3.078841865062713623e-01 5.671221017837524414e-01 1.983944922685623169e-01 7.234088778495788574e-01 4.699333906173706055e-01 4.590602517127990723e-01 6.924399137496948242e-01
1.021625027060508728e-01 3.407101631164550781e-01 4.753974825143814087e-02 5.727375149726867676e-01 3.707095086574554443e-01 7.009811997413635254e-01 1.445853263139724731e-01 8.183497190475463867e-02 5.658612847328186035e-01 8.476802706718444824e-02 3.930346667766571045e-01 3.672090768814086914e-01 5.833898186683654785e-01 7.144630551338195801e-01
2.137124985456466675e-01 1.886628270149230957e-01 6.104300171136856079e-02 5.293925106525421143e-02 9.007232785224914551e-01 8.127704858779907227e-01 7.415059208869934082e-01 2.185976505279541016e-01 5.885964035987854004e-01 2.964014410972595215e-01 2.214418053627014160e-01 6.898211836814880371e-01 5.744857192039489746e-01 3.618907034397125244e-01
3.262724876403808594e-01 2.228884994983673096e-01 7.022724747657775879e-01 1.034877523779869080e-01 9.182662367820739746e-01 9.927438497543334961e-01 8.649766445159912109e-02 3.851484060287475586e-01 3.435361385345458984e-01 5.038453340530395508e-01 1.318656653165817261e-01 8.969820737838745117e-01 5.984727144241333008e-01 3.522629737854003906e-01
4.429075121879577637e-01 5.042976737022399902e-01 3.337427377700805664e-01 2.487017512321472168e-01 2.156530022621154785e-01 5.129626989364624023e-01 9.083265066146850586e-01 3.963430523872375488e-01 5.683115720748901367e-01 4.397403299808502197e-01 4.295688271522521973e-01 1.435348093509674072e-01 5.365791916847229004e-01 4.707098007202148438e-01
7.522749900817871094e-02 1.900353282690048218e-01 9.781612753868103027e-01 3.342950046062469482e-01 1.016000006347894669e-02 4.932941496372222900e-01 9.600000083446502686e-02 2.098097652196884155e-01 3.754193782806396484e-01 6.272163391113281250e-01 4.634527564048767090e-01 3.721624240279197693e-02 6.030471920967102051e-01 5.675123333930969238e-01
1.517949998378753662e-01 6.557903289794921875e-01 8.247165083885192871e-01 6.869149804115295410e-01 4.343450069427490234e-02 5.703724026679992676e-01 5.052440166473388672e-01 1.578517556190490723e-01 5.332814455032348633e-01 6.396704912185668945e-01 7.117428183555603027e-01 1.077148094773292542e-01 4.358665347099304199e-01 5.041028261184692383e-01
8.953549861907958984e-01 5.862891674041748047e-01 6.467152237892150879e-01 5.519449710845947266e-01 9.323687553405761719e-01 6.628285646438598633e-01 2.669763267040252686e-01 8.358392119407653809e-01 3.229736983776092529e-01 6.371280550956726074e-01 4.339756071567535400e-01 8.803741335868835449e-01 5.881683230400085449e-01 3.334138393402099609e-01
6.797350049018859863e-01 1.855916678905487061e-01 1.324830055236816406e-01 9.617699980735778809e-01 5.100774765014648438e-01 5.725200176239013672e-01 8.363666385412216187e-02 7.259663939476013184e-01 3.046200275421142578e-01 4.442258775234222412e-01 5.548458099365234375e-01 6.857793331146240234e-01 5.390515327453613281e-01 6.363959908485412598e-01
5.017549991607666016e-01 7.772013545036315918e-01 3.903807401657104492e-01 7.679849863052368164e-01 5.121650174260139465e-02 2.171011120080947876e-01 7.964714169502258301e-01 4.149454236030578613e-01 5.709285736083984375e-01 3.839092850685119629e-01 7.141649127006530762e-01 5.249812826514244080e-02 4.656851291656494141e-01 6.450684070587158203e-01
2.702049911022186279e-01 4.745688438415527344e-01 6.956980228424072266e-01 7.114024758338928223e-01 5.466217398643493652e-01 4.974386990070343018e-01 2.066693305969238281e-01 3.121030330657958984e-01 3.780288994312286377e-01 6.335680484771728516e-01 6.377466320991516113e-01 6.256694197654724121e-01 4.986512064933776855e-01 5.022333264350891113e-01
4.383875131607055664e-01 3.512288331985473633e-01 9.961684942245483398e-01 5.929375290870666504e-01 7.806209921836853027e-01 5.186372622847557068e-02 3.338833153247833252e-02 6.271046400070190430e-01 2.472073584794998169e-01 7.552236914634704590e-01 6.652464866638183594e-01 8.510830402374267578e-01 5.925589799880981445e-01 3.594675064086914062e-01
1.317349970340728760e-01 4.840390086174011230e-01 7.276524901390075684e-01 5.476350188255310059e-01 8.633027672767639160e-01 9.419897794723510742e-01 9.958772063255310059e-01 9.826429188251495361e-02 3.233053088188171387e-01 5.101843476295471191e-01 2.151790708303451538e-01 6.393233537673950195e-01 6.114953756332397461e-01 5.752552151679992676e-01
7.434750199317932129e-01 1.881581693887710571e-01 3.971965014934539795e-01 2.029392570257186890e-01 6.353765130043029785e-01 2.486621141433715820e-01 2.497116625308990479e-01 7.125608325004577637e-01 4.009151756763458252e-01 6.527931690216064453e-01 3.056268393993377686e-01 6.754137873649597168e-01 5.425975918769836426e-01 3.207760155200958252e-01
6.897699832916259766e-01 7.753491401672363281e-01 4.845674932003021240e-01 2.079597562551498413e-01 3.084147572517395020e-01 3.154381811618804932e-01 9.148108363151550293e-01 6.798062324523925781e-01 6.205006837844848633e-01 3.825837671756744385e-01 4.034948647022247314e-01 2.404356151819229126e-01 4.976197481155395508e-01 4.644312858581542969e-01
4.769900143146514893e-01 6.494928598403930664e-01 9.877974987030029297e-01 8.149949908256530762e-01 9.657357335090637207e-01 6.497691869735717773e-01 7.298033684492111206e-02 5.286130309104919434e-01 4.985803365707397461e-01 7.210829257965087891e-01 8.604282140731811523e-01 9.413308501243591309e-01 4.239212572574615479e-01 3.073880970478057861e-01
9.998499751091003418e-01 4.555903375148773193e-01 1.200914978981018066e-01 7.027649879455566406e-01 4.627495110034942627e-01 8.709942698478698730e-01 7.787816524505615234e-01 9.225786328315734863e-01 4.969094097614288330e-01 2.951111495494842529e-01 3.305835127830505371e-01 5.677329897880554199e-01 4.722498059272766113e-01 6.085957884788513184e-01
1.773300021886825562e-01 7.780806422233581543e-01 9.852052330970764160e-01 6.366750001907348633e-01 6.764730215072631836e-01 4.626944363117218018e-01 9.242535829544067383e-01 1.652032434940338135e-01 4.546920955181121826e-01 5.462238788604736328e-01 7.931109070777893066e-01 7.234495878219604492e-01 4.695449769496917725e-01 5.758994817733764648e-01
8.886324763298034668e-01 7.991539835929870605e-01 1.115052476525306702e-01 3.471982479095458984e-01 1.500079929828643799e-01 9.553924202919006348e-01 9.987829923629760742e-01 9.196078777313232422e-01 3.708233833312988281e-01 2.905056625604629517e-02 6.299846619367599487e-02 6.320293247699737549e-02 6.724100112915039062e-01 8.412489295005798340e-01
4.300999939441680908e-01 5.606704950332641602e-01 3.689455091953277588e-01 9.093124866485595703e-01 5.146367549896240234e-01 7.438012361526489258e-01 2.674019932746887207e-01 5.199832916259765625e-01 4.487528204917907715e-01 2.825225889682769775e-01 6.757544279098510742e-01 6.489951014518737793e-01 4.801461398601531982e-01 6.759946942329406738e-01
2.422000020742416382e-01 1.847310066223144531e-01 2.178175002336502075e-01 7.245849967002868652e-01 6.140099838376045227e-02 5.237497016787528992e-02 7.730579972267150879e-01 2.375497668981552124e-01 3.861658573150634766e-01 5.922220349311828613e-01 7.413349151611328125e-01 2.557032369077205658e-02 4.999729394912719727e-01 6.720705032348632812e-01
6.410599946975708008e-01 3.446514904499053955e-01 7.296465039253234863e-01 8.390824794769287109e-01 4.992667436599731445e-01 8.385573625564575195e-01 9.880166500806808472e-02 7.442442774772644043e-01 2.671461403369903564e-01 7.087866663932800293e-01 5.849713087081909180e-01 6.401454210281372070e-01 5.593320131301879883e-01 4.760177731513977051e-01
6.476475000381469727e-01 1.690388321876525879e-01 4.567134976387023926e-01 6.453800201416015625e-01 7.913025021553039551e-01 7.770004272460937500e-01 3.630309998989105225e-01 5.432412028312683105e-01 3.618064820766448975e-01 7.397857308387756348e-01 6.252577900886535645e-01 7.075529098510742188e-01 4.716520309448242188e-01 3.553453087806701660e-01
2.102050036191940308e-01 1.699483394622802734e-01 3.857982456684112549e-01 9.160075187683105469e-01 2.800500094890594482e-01 3.479255437850952148e-01 5.483633279800415039e-01 2.803471088409423828e-01 3.643755316734313965e-01 7.409840822219848633e-01 6.746976971626281738e-01 2.683376371860504150e-01 4.378101825714111328e-01 5.051602125167846680e-01
3.891899883747100830e-01 4.987755119800567627e-01 1.667809933423995972e-01 3.890550136566162109e-02 8.077377676963806152e-01 3.437652587890625000e-01 6.254083514213562012e-01 3.391431570053100586e-01 5.316401720046997070e-01 3.527876138687133789e-01 2.278486788272857666e-01 7.745701074600219727e-01 4.967839419841766357e-01 4.105181396007537842e-01
3.398325145244598389e-01 5.975663065910339355e-01 5.214369893074035645e-01 6.868900358676910400e-02 6.308000087738037109e-01 4.579527378082275391e-01 6.804948449134826660e-01 4.492983222007751465e-01 4.288735985755920410e-01 3.067716062068939209e-01 1.587744653224945068e-01 6.955285668373107910e-01 5.314847230911254883e-01 5.029820799827575684e-01
2.578375041484832764e-01 4.118201732635498047e-01 2.253089994192123413e-01 6.728975176811218262e-01 4.939399957656860352e-01 2.631570696830749512e-01 4.727183282375335693e-01 3.882295191287994385e-01 4.442769289016723633e-01 3.034322857856750488e-01 5.643674135208129883e-01 5.937792658805847168e-01 4.905850589275360107e-01 6.406126022338867188e-01
9.516925215721130371e-01 4.952396750450134277e-01 2.367350012063980103e-01 2.763272523880004883e-01 2.652044892311096191e-01 7.811561822891235352e-01 4.397683441638946533e-01 9.051725864410400391e-01 7.006036639213562012e-01 3.095775842666625977e-01 4.153534471988677979e-01 2.682107686996459961e-01 4.394012689590454102e-01 4.908649325370788574e-01
9.631875157356262207e-01 2.626779973506927490e-01 9.101107716560363770e-01 4.565854966640472412e-01 1.642107516527175903e-01 7.718654721975326538e-02 9.797173738479614258e-01 9.731991887092590332e-01 1.853870600461959839e-01 6.166029572486877441e-01 8.429507017135620117e-01 1.028773784637451172e-01 5.227021574974060059e-01 8.991419076919555664e-01
2.130649983882904053e-01 6.375938057899475098e-01 5.913747549057006836e-01 4.145044982433319092e-01 1.685010045766830444e-01 2.469953596591949463e-01 6.711961030960083008e-01 3.000113666057586670e-01 5.591696500778198242e-01 6.135009527206420898e-01 5.561315417289733887e-01 1.714307367801666260e-01 4.457390904426574707e-01 4.134132564067840576e-01
5.630549788475036621e-01 7.642126679420471191e-01 1.551025062799453735e-01 5.367999896407127380e-03 1.762830018997192383e-01 6.041724085807800293e-01 8.803960084915161133e-01 3.932294547557830811e-01 6.645497679710388184e-01 1.422275006771087646e-01 3.663135766983032227e-01 1.229379624128341675e-01 6.008936166763305664e-01 5.485687851905822754e-01
4.402174949645996094e-01 6.799306869506835938e-01 6.067062616348266602e-01 2.981482446193695068e-01 5.094027519226074219e-01 5.745131373405456543e-01 6.764621138572692871e-01 3.595366179943084717e-01 5.809256434440612793e-01 5.296024084091186523e-01 5.612403154373168945e-01 4.363259971141815186e-01 4.193700850009918213e-01 4.259602427482604980e-01
8.484374880790710449e-01 5.347723364830017090e-01 3.936510086059570312e-01 2.098277509212493896e-01 6.586275249719619751e-02 6.504502892494201660e-01 3.824299871921539307e-01 7.154606580734252930e-01 5.089105963706970215e-01 4.484062194824218750e-01 4.061295092105865479e-01 6.907308846712112427e-02 5.525027513504028320e-01 5.761170983314514160e-01
3.627974987030029297e-01 7.667228579521179199e-01 1.186007484793663025e-01 1.930730044841766357e-01 3.599779903888702393e-01 1.915203034877777100e-01 6.331603527069091797e-01 3.627631068229675293e-01 6.325047612190246582e-01 1.741845309734344482e-01 4.035520851612091064e-01 3.984471261501312256e-01 5.012974739074707031e-01 5.665383934974670410e-01
2.279750071465969086e-02 7.290816903114318848e-01 3.886330127716064453e-01 6.187350153923034668e-01 6.867992281913757324e-01 6.296537071466445923e-02 1.733296662569046021e-01 5.983949080109596252e-02 6.645474433898925781e-01 4.576829075813293457e-01 4.696254134178161621e-01 8.459478020668029785e-01 4.542723596096038818e-01 3.890552818775177002e-01
3.483799993991851807e-01 4.424490034580230713e-01 8.299782276153564453e-01 5.256174802780151367e-01 6.181917786598205566e-01 7.944409251213073730e-01 6.627043485641479492e-01 3.642771244049072266e-01 3.325287699699401855e-01 6.640917062759399414e-01 4.803420007228851318e-01 6.468519568443298340e-01 5.420872569084167480e-01 4.554866850376129150e-01
4.717974960803985596e-01 5.893661379814147949e-01 1.473069936037063599e-01 1.037224978208541870e-01 5.259225144982337952e-02 5.590292215347290039e-01 2.615109980106353760e-01 4.811535477638244629e-01 5.719071030616760254e-01 1.456662118434906006e-01 1.997498273849487305e-01 1.215234175324440002e-01 6.678163409233093262e-01 5.441920161247253418e-01
6.387825012207031250e-01 3.832564949989318848e-01 8.044384717941284180e-01 4.398517608642578125e-01 9.210499934852123260e-03 6.086848378181457520e-01 9.024531245231628418e-01 5.746497511863708496e-01 1.690015494823455811e-01 6.581407189369201660e-01 7.569994926452636719e-01 3.060201555490493774e-02 5.476854443550109863e-01 8.460692167282104492e-01
3.817900121212005615e-01 2.016038298606872559e-01 4.585129916667938232e-01 1.326670050621032715e-01 3.231142461299896240e-01 6.884273886680603027e-01 4.049760103225708008e-01 4.074799120426177979e-01 4.525902271270751953e-01 6.371115446090698242e-01 3.022894561290740967e-01 3.136056363582611084e-01 5.614650249481201172e-01 3.916924297809600830e-01
7.234050035476684570e-01 6.934876441955566406e-01 4.994750022888183594e-02 6.292150169610977173e-02 4.559312462806701660e-01 3.615341484546661377e-01 2.511516809463500977e-01 6.722896099090576172e-01 5.928661823272705078e-01 2.445033639669418335e-01 2.689210474491119385e-01 5.212180018424987793e-01 5.034477114677429199e-01 4.805361032485961914e-01
9.175775051116943359e-01 4.523440003395080566e-01 9.552389979362487793e-01 1.028909981250762939e-01 8.186404705047607422e-01 9.355515241622924805e-02 2.648103237152099609e-01 8.422987461090087891e-01 3.606819510459899902e-01 7.326785326004028320e-01 4.364781975746154785e-01 7.678913474082946777e-01 5.394167304039001465e-01 2.847019731998443604e-01
7.697600126266479492e-01 2.868301570415496826e-01 6.030687689781188965e-01 3.855972588062286377e-01 7.842697501182556152e-01 9.904954433441162109e-01 9.166354537010192871e-01 7.371854782104492188e-01 2.891877591609954834e-01 4.418181180953979492e-01 4.261673688888549805e-01 7.210839390754699707e-01 5.535894632339477539e-01 6.034770011901855469e-01
4.375700056552886963e-01 8.189644813537597656e-01 4.052765071392059326e-01 9.388899803161621094e-01 4.055650159716606140e-02 8.844659328460693359e-01 1.193383336067199707e-01 3.777153789997100830e-01 6.217032074928283691e-01 4.113509654998779297e-01 6.370707750320434570e-01 1.311801522970199585e-01 4.451393187046051025e-01 5.209674835205078125e-01
1.254774928092956543e-01 4.475161731243133545e-01 5.642525106668472290e-02 6.325349807739257812e-01 5.250422358512878418e-01 3.180835247039794922e-01 6.215766668319702148e-01 1.287364214658737183e-01 5.429018735885620117e-01 2.342478632926940918e-01 8.219761252403259277e-01 5.930175185203552246e-01 4.500661194324493408e-01 7.134862542152404785e-01
3.286600112915039062e-01 6.621256470680236816e-01 3.600047528743743896e-01 8.583300113677978516e-01 3.562127351760864258e-01 3.612012267112731934e-01 9.937797784805297852e-01 3.223466873168945312e-01 5.659466385841369629e-01 4.682824611663818359e-01 6.183684468269348145e-01 1.790295541286468506e-01 4.588359594345092773e-01 5.114957690238952637e-01
2.163950055837631226e-01 3.665758371353149414e-01 7.558852434158325195e-01 4.939722418785095215e-01 3.272849917411804199e-01 7.512735128402709961e-01 9.705789685249328613e-01 2.346040904521942139e-01 4.132330715656280518e-01 7.060382962226867676e-01 6.234695911407470703e-01 1.954559832811355591e-01 4.606897830963134766e-01 4.954453408718109131e-01
5.350450277328491211e-01 3.965680003166198730e-01 7.630414962768554688e-01 9.363125264644622803e-02 1.622560024261474609e-01 2.246978878974914551e-02 6.477233171463012695e-01 6.444362998008728027e-01 2.889116704463958740e-01 6.579176783561706543e-01 1.892239302396774292e-01 2.149631828069686890e-01 6.506903171539306641e-01 5.198041796684265137e-01
3.023599982261657715e-01 6.194526553153991699e-01 5.790007710456848145e-01 5.285949707031250000e-01 7.862374782562255859e-01 5.487869977951049805e-01 8.016116023063659668e-01 2.796676754951477051e-01 4.799211025238037109e-01 4.289726912975311279e-01 6.110206842422485352e-01 8.006808757781982422e-01 4.880895614624023438e-01 5.108928084373474121e-01
4.904000088572502136e-02 2.539061605930328369e-01 5.461049824953079224e-02 2.460680007934570312e-01 2.425872534513473511e-01 1.955541372299194336e-01 3.050966747105121613e-02 1.186730936169624329e-01 5.311503410339355469e-01 3.095206320285797119e-01 3.030861914157867432e-01 1.982090622186660767e-01 6.443630456924438477e-01 5.460175275802612305e-01
2.384749948978424072e-01 3.995049893856048584e-01 1.277839988470077515e-01 2.591500058770179749e-03 2.525347471237182617e-01 2.046119123697280884e-01 8.129746317863464355e-01 3.265833556652069092e-01 5.737285017967224121e-01 5.457130074501037598e-01 3.376313745975494385e-01 1.643840372562408447e-01 5.609507560729980469e-01 3.733616769313812256e-01
7.858374714851379395e-01 4.382849931716918945e-01 7.590627670288085938e-01 7.881774902343750000e-01 7.571949809789657593e-02 3.304540514945983887e-01 4.732806682586669922e-01 8.497456312179565430e-01 1.789157837629318237e-01 7.473652958869934082e-01 8.432601094245910645e-01 1.491169035434722900e-01 5.055808424949645996e-01 8.183681964874267578e-01
1.872825026512145996e-01 2.393951714038848877e-01 7.800387740135192871e-01 3.179795145988464355e-01 4.566012620925903320e-01 4.172929329797625542e-04 5.568450093269348145e-01 2.920204102993011475e-01 3.156534135341644287e-01 7.771561741828918457e-01 3.927190303802490234e-01 4.661629498004913330e-01 5.538063049316406250e-01 4.231073260307312012e-01
5.011875033378601074e-01 3.927989900112152100e-01 9.812750220298767090e-01 6.368874907493591309e-01 7.526195049285888672e-01 8.465783596038818359e-01 8.667809963226318359e-01 6.485556364059448242e-01 3.290750086307525635e-01 5.303635001182556152e-01 6.626420021057128906e-01 7.398041486740112305e-01 5.336976051330566406e-01 5.604387521743774414e-01
1.525299996137619019e-01 8.317388296127319336e-01 1.133067533373832703e-01 8.598675131797790527e-01 7.432209849357604980e-01 5.088062882423400879e-01 7.693351507186889648e-01 1.032189577817916870e-01 7.727728486061096191e-01 2.351619303226470947e-01 6.253293156623840332e-01 8.462215662002563477e-01 3.334387540817260742e-01 4.853938817977905273e-01
6.723625063896179199e-01 4.730803370475769043e-01 4.930622577667236328e-01 8.679999709129333496e-01 1.206677481532096863e-01 4.792086780071258545e-01 8.237157464027404785e-01 6.644622683525085449e-01 3.816214799880981445e-01 6.115589141845703125e-01 8.010339736938476562e-01 1.002644523978233337e-01 4.372697770595550537e-01 7.214083075523376465e-01
5.357825160026550293e-01 2.421228289604187012e-01 5.260474979877471924e-02 3.906505107879638672e-01 6.126195192337036133e-01 8.402023464441299438e-02 8.767951726913452148e-01 6.303899288177490234e-01 3.121423423290252686e-01 3.364842236042022705e-01 2.273975163698196411e-01 6.548372507095336914e-01 5.407342910766601562e-01 6.148741245269775391e-01
4.663349986076354980e-01 3.137138187885284424e-01 5.724725127220153809e-02 8.269550204277038574e-01 8.612982630729675293e-01 5.050286054611206055e-01 3.795556724071502686e-01 4.729755818843841553e-01 4.951393902301788330e-01 3.761931061744689941e-01 6.280323266983032227e-01 8.586381673812866211e-01 4.795504808425903320e-01 5.088186264038085938e-01
7.427099943161010742e-01 4.139738380908966064e-01 1.239174976944923401e-01 4.290517568588256836e-01 2.992777526378631592e-01 5.610550642013549805e-01 1.080316677689552307e-01 8.139153718948364258e-01 5.744198560714721680e-01 2.407873123884201050e-01 2.580564320087432861e-01 4.160273075103759766e-01 5.053048729896545410e-01 5.359564423561096191e-01
5.366225242614746094e-01 8.096731901168823242e-01 9.361100196838378906e-01 3.660545051097869873e-01 7.474210262298583984e-01 2.915331423282623291e-01 8.212825059890747070e-01 5.929294228553771973e-01 4.428734779357910156e-01 3.909771442413330078e-01 7.473421692848205566e-01 7.480488419532775879e-01 4.802750051021575928e-01 6.163086891174316406e-01
6.934224963188171387e-01 6.792104840278625488e-01 2.057377547025680542e-01 6.441749930381774902e-01 6.155679821968078613e-01 5.076336264610290527e-01 2.206886708736419678e-01 6.989728212356567383e-01 5.810385942459106445e-01 2.372931241989135742e-01 5.159232616424560547e-01 6.626058816909790039e-01 4.452072679996490479e-01 6.062979698181152344e-01
3.936274945735931396e-01 6.602734923362731934e-01 2.649817466735839844e-01 1.645164936780929565e-01 9.704624861478805542e-02 2.310305088758468628e-01 8.739756345748901367e-01 3.645783066749572754e-01 6.144640445709228516e-01 2.379386723041534424e-01 3.934569656848907471e-01 6.904430687427520752e-02 6.102766394615173340e-01 5.427190661430358887e-01
4.730150103569030762e-01 7.679100036621093750e-01 9.202399849891662598e-01 4.119270145893096924e-01 7.194147706031799316e-01 6.225322484970092773e-01 2.866999991238117218e-02 4.629056751728057861e-01 5.594197511672973633e-01 4.777202010154724121e-01 5.427749752998352051e-01 7.739506959915161133e-01 4.337580204010009766e-01 4.262714684009552002e-01
8.426975011825561523e-01 5.174419879913330078e-01 6.238867640495300293e-01 4.218050092458724976e-02 8.711312413215637207e-01 5.889973640441894531e-01 5.251593589782714844e-01 7.893766164779663086e-01 3.949560523033142090e-01 4.044124186038970947e-01 3.796592950820922852e-01 8.432354927062988281e-01 5.277404785156250000e-01 4.747755527496337891e-01
6.675099730491638184e-01 2.318491637706756592e-01 2.331082522869110107e-01 7.170525193214416504e-01 3.677457571029663086e-01 3.395042419433593750e-01 8.538793921470642090e-01 7.387714385986328125e-01 3.518409729003906250e-01 5.813641548156738281e-01 4.760457575321197510e-01 4.173527359962463379e-01 5.243272781372070312e-01 5.783063769340515137e-01
5.558724999427795410e-01 7.472894787788391113e-01 3.908759951591491699e-01 2.809120118618011475e-01 2.921639978885650635e-01 4.634938240051269531e-01 6.243249773979187012e-01 5.021095275878906250e-01 5.972726345062255859e-01 4.893643856048583984e-01 4.002858996391296387e-01 2.616065740585327148e-01 4.911422729492187500e-01 3.904835283756256104e-01
6.369750201702117920e-02 3.945121765136718750e-01 9.262135028839111328e-01 9.229099750518798828e-01 3.028602600097656250e-01 2.783435285091400146e-01 5.241866782307624817e-02 6.749422103166580200e-02 4.094104766845703125e-01 8.335469961166381836e-01 7.660588622093200684e-01 3.141638934612274170e-01 4.125663638114929199e-01 4.949950575828552246e-01
2.270449995994567871e-01 7.026693224906921387e-01 2.022435069084167480e-01 4.898095130920410156e-01 4.708947539329528809e-01 9.035301208496093750e-01 5.466856956481933594e-01 2.224197536706924438e-01 5.352022647857666016e-01 1.328670978546142578e-01 2.124013155698776245e-01 5.803537964820861816e-01 5.572104454040527344e-01 5.969343185424804688e-01
2.516349852085113525e-01 4.856129884719848633e-01 1.109820008277893066e-01 8.530974984169006348e-01 4.772675037384033203e-02 1.070952489972114563e-01 6.053590178489685059e-01 2.809323370456695557e-01 6.512541770935058594e-01 3.731707930564880371e-01 7.540919780731201172e-01 5.921567603945732117e-02 4.257849752902984619e-01 5.804538130760192871e-01
4.572075009346008301e-01 2.400455027818679810e-01 1.694837510585784912e-01 6.468049883842468262e-01 6.805880069732666016e-01 8.495687842369079590e-01 5.110826492309570312e-01 5.387115478515625000e-01 3.838384151458740234e-01 2.873343527317047119e-01 2.952800989151000977e-01 7.133678793907165527e-01 5.088852047920227051e-01 6.001760363578796387e-01
6.007249951362609863e-01 2.827340066432952881e-01 7.095092535018920898e-01 1.164039969444274902e-01 2.065594941377639771e-01 7.881730198860168457e-01 4.739056527614593506e-01 6.556659340858459473e-01 3.216106295585632324e-01 6.677657365798950195e-01 1.663197427988052368e-01 2.503014206886291504e-01 6.547044515609741211e-01 4.582199156284332275e-01
2.640525102615356445e-01 7.929865121841430664e-01 8.348850160837173462e-02 8.986725211143493652e-01 9.089007377624511719e-01 4.784008115530014038e-02 5.826833471655845642e-02 2.476151734590530396e-01 7.745377421379089355e-01 2.690524458885192871e-01 6.893249750137329102e-01 8.917275071144104004e-01 3.139742314815521240e-01 4.602006971836090088e-01
2.036074995994567871e-01 3.488264977931976318e-01 6.753327250480651855e-01 5.997149944305419922e-01 9.489194750785827637e-01 2.864290773868560791e-01 7.881625890731811523e-01 2.591662108898162842e-01 3.185630142688751221e-01 7.544965147972106934e-01 7.750650644302368164e-01 9.217213392257690430e-01 5.837539434432983398e-01 3.629525899887084961e-01
3.916250169277191162e-02 2.380171716213226318e-01 1.971572488546371460e-01 3.708149865269660950e-02 5.661587715148925781e-01 6.807007193565368652e-01 1.711010038852691650e-01 6.591796129941940308e-02 5.676780343055725098e-01 5.356637835502624512e-01 2.823730409145355225e-01 3.587447404861450195e-01 6.266943216323852539e-01 4.098551869392395020e-01
7.286974787712097168e-01 6.110755205154418945e-01 9.030290246009826660e-01 8.502949774265289307e-02 7.019022703170776367e-01 8.196391165256500244e-02 8.987302780151367188e-01 7.393187880516052246e-01 5.005238652229309082e-01 6.023733615875244141e-01 4.107775390148162842e-01 6.221972703933715820e-01 4.714023768901824951e-01 3.443425893783569336e-01
9.474499821662902832e-01 7.913686633110046387e-01 9.256874918937683105e-01 6.912950277328491211e-01 3.640557527542114258e-01 9.761916399002075195e-01 7.064587473869323730e-01 9.788297414779663086e-01 6.343584060668945312e-01 4.996984601020812988e-01 7.830522060394287109e-01 4.691222608089447021e-01 3.585104942321777344e-01 6.176390051841735840e-01
5.637549757957458496e-01 6.347948312759399414e-01 3.657754957675933838e-01 3.729597628116607666e-01 7.620480060577392578e-01 1.665357649326324463e-01 7.701913118362426758e-01 5.588286519050598145e-01 5.821703076362609863e-01 3.591336607933044434e-01 4.117735624313354492e-01 6.809998750686645508e-01 4.477135837078094482e-01 4.665673375129699707e-01
9.656574726104736328e-01 3.094906806945800781e-01 3.624809980392456055e-01 3.486152589321136475e-01 4.429012537002563477e-01 7.013195753097534180e-01 6.059673428535461426e-01 8.968570232391357422e-01 3.600968718528747559e-01 5.530236363410949707e-01 2.274742573499679565e-01 5.571327805519104004e-01 5.580439567565917969e-01 4.630756378173828125e-01
2.965824902057647705e-01 5.619238615036010742e-01 6.708289980888366699e-01 6.906974911689758301e-01 4.050777554512023926e-01 6.324750185012817383e-02 8.797048926353454590e-01 3.696322739124298096e-01 5.346009135246276855e-01 6.494632363319396973e-01 6.019688844680786133e-01 3.118599653244018555e-01 4.036205112934112549e-01 3.946963846683502197e-01
1.740050017833709717e-01 2.157965004444122314e-01 6.672905087471008301e-01 7.132124900817871094e-01 8.350717425346374512e-01 5.355723500251770020e-01 7.470663189888000488e-01 1.337826400995254517e-01 2.588841617107391357e-01 8.103037476539611816e-01 8.932009935379028320e-01 8.188737034797668457e-01 5.276382565498352051e-01 5.367636680603027344e-01
3.051350116729736328e-01 5.961760282516479492e-01 9.740340113639831543e-01 3.775017559528350830e-01 4.077497422695159912e-01 2.144347503781318665e-02 9.863998889923095703e-01 3.474309146404266357e-01 4.329549670219421387e-01 6.748242378234863281e-01 5.151668190956115723e-01 2.494056671857833862e-01 4.756829440593719482e-01 4.509618282318115234e-01
8.515924811363220215e-01 4.543575048446655273e-01 9.197707772254943848e-01 9.216524958610534668e-01 5.721842646598815918e-01 4.399455487728118896e-01 3.832719922065734863e-01 9.422846436500549316e-01 2.651827931404113770e-01 7.691704630851745605e-01 7.705289721488952637e-01 7.551517486572265625e-01 5.503976941108703613e-01 4.631485044956207275e-01
3.414250016212463379e-01 1.974795013666152954e-01 6.623342633247375488e-01 3.587655127048492432e-01 2.173382490873336792e-01 2.279833406209945679e-01 8.509876728057861328e-01 4.041343927383422852e-01 2.183567583560943604e-01 7.715528011322021484e-01 3.571613729000091553e-01 2.460946887731552124e-01 6.181449890136718750e-01 5.655792951583862305e-01
2.029249966144561768e-01 1.776528358459472656e-01 6.320887207984924316e-01 3.826797604560852051e-01 3.800885081291198730e-01 7.036591172218322754e-01 7.720733433961868286e-02 2.067407816648483276e-01 3.210772871971130371e-01 7.370679378509521484e-01 3.716541826725006104e-01 4.854336380958557129e-01 5.742133259773254395e-01 4.730412065982818604e-01
4.631224870681762695e-01 6.676691770553588867e-01 3.447594940662384033e-01 7.806900143623352051e-01 6.428850293159484863e-01 4.927051663398742676e-01 1.974916607141494751e-01 4.582328200340270996e-01 5.849900245666503906e-01 2.975950539112091064e-01 7.136420011520385742e-01 6.662157773971557617e-01 4.143017530441284180e-01 6.174777150154113770e-01
4.132199883460998535e-01 4.431616663932800293e-01 7.950122356414794922e-01 4.654632508754730225e-01 8.658605217933654785e-01 6.726535558700561523e-01 5.329966545104980469e-01 4.079895913600921631e-01 4.201561808586120605e-01 6.254828572273254395e-01 6.355355381965637207e-01 8.416363596916198730e-01 5.121987462043762207e-01 3.884196281433105469e-01
4.420574903488159180e-01 4.471616744995117188e-01 7.173347473144531250e-01 2.391025051474571228e-02 8.092275261878967285e-02 8.611178994178771973e-01 8.545247316360473633e-01 3.518370985984802246e-01 4.015020430088043213e-01 6.162899732589721680e-01 2.969700694084167480e-01 4.755671322345733643e-02 6.500499248504638672e-01 5.013161301612854004e-01
1.498000044375658035e-02 4.535171687602996826e-01 2.213532477617263794e-01 4.472172558307647705e-01 2.679615020751953125e-01 7.041104137897491455e-02 6.484043598175048828e-01 1.163679659366607666e-01 5.761389136314392090e-01 5.475724935531616211e-01 3.819115757942199707e-01 1.933560222387313843e-01 5.778887867927551270e-01 4.329499006271362305e-01
5.075024962425231934e-01 3.459048271179199219e-01 3.086295127868652344e-01 5.579699873924255371e-01 6.084579825401306152e-01 4.724511206150054932e-01 7.345458269119262695e-01 4.567451179027557373e-01 4.557593464851379395e-01 6.223987340927124023e-01 4.636796116828918457e-01 5.209996104240417480e-01 4.679522812366485596e-01 4.007263481616973877e-01
6.482325196266174316e-01 6.570381522178649902e-01 9.226070046424865723e-01 7.603474855422973633e-01 2.792174927890300751e-02 1.631443500518798828e-01 2.927139997482299805e-01 7.394192814826965332e-01 4.019466042518615723e-01 6.579737067222595215e-01 8.341003656387329102e-01 8.470855653285980225e-02 4.051052331924438477e-01 7.171652317047119141e-01
4.386675059795379639e-01 2.093991637229919434e-01 5.198264718055725098e-01 7.888050079345703125e-01 1.636310070753097534e-01 7.395008206367492676e-01 1.749079972505569458e-01 4.413639903068542480e-01 2.229621857404708862e-01 7.509674429893493652e-01 4.995634853839874268e-01 2.758315801620483398e-01 5.634469389915466309e-01 5.976440906524658203e-01
7.669475078582763672e-01 7.743913531303405762e-01 1.878429949283599854e-01 7.923399806022644043e-01 2.193322479724884033e-01 4.512698054313659668e-01 4.169733449816703796e-02 8.352109193801879883e-01 6.826940178871154785e-01 4.135563373565673828e-01 5.590469241142272949e-01 2.833359241485595703e-01 4.069568216800689697e-01 4.815314412117004395e-01
8.101775050163269043e-01 3.217746615409851074e-01 4.817727506160736084e-01 1.110172495245933533e-01 8.580784797668457031e-01 3.764493018388748169e-02 7.607474923133850098e-01 7.330704927444458008e-01 3.538914024829864502e-01 5.275391340255737305e-01 3.656094968318939209e-01 7.870726585388183594e-01 5.477132201194763184e-01 4.377840459346771240e-01
8.605124950408935547e-01 3.274306654930114746e-01 3.220610022544860840e-01 2.436057478189468384e-01 3.543084859848022461e-01 1.781616210937500000e-01 8.514204025268554688e-01 7.803029417991638184e-01 6.052371859550476074e-01 5.338364839553833008e-01 4.707621037960052490e-01 2.448367923498153687e-01 4.481092095375061035e-01 4.251379668712615967e-01
5.458400249481201172e-01 7.860990166664123535e-01 2.146192491054534912e-01 5.922200083732604980e-01 2.699300050735473633e-01 3.902914226055145264e-01 5.093250274658203125e-01 4.988240301609039307e-01 6.350169181823730469e-01 4.098882079124450684e-01 4.865988492965698242e-01 2.554579079151153564e-01 4.628141820430755615e-01 4.381314218044281006e-01
1.957425028085708618e-01 8.232640027999877930e-01 9.656594991683959961e-01 4.594612419605255127e-01 1.002107486128807068e-01 2.941190004348754883e-01 2.515793442726135254e-01 2.889709174633026123e-01 5.764692425727844238e-01 5.965007543563842773e-01 5.570815205574035645e-01 1.789539307355880737e-01 4.444587528705596924e-01 4.103785455226898193e-01
7.654274702072143555e-01 3.399510085582733154e-01 8.748645186424255371e-01 4.326625168323516846e-02 5.313322544097900391e-01 8.196669816970825195e-01 8.862343430519104004e-01 6.784757971763610840e-01 3.061893284320831299e-01 7.328429818153381348e-01 3.125955462455749512e-01 4.759894609451293945e-01 5.799674987792968750e-01 4.058036208152770996e-01
7.682024836540222168e-01 3.232718408107757568e-01 1.809727549552917480e-01 3.102207481861114502e-01 5.768684744834899902e-01 3.666198849678039551e-01 5.440516471862792969e-01 6.140349507331848145e-01 2.720368504524230957e-01 6.254699230194091797e-01 2.421795129776000977e-01 6.306657791137695312e-01 5.939126610755920410e-01 4.732013046741485596e-01
6.690074801445007324e-01 1.953310072422027588e-01 5.609505176544189453e-01 6.027324795722961426e-01 2.070399932563304901e-02 9.634103775024414062e-01 7.323263287544250488e-01 5.799558758735656738e-01 1.928569078445434570e-01 6.630575656890869141e-01 6.700786352157592773e-01 4.580035805702209473e-02 5.551494359970092773e-01 7.980858087539672852e-01
7.734774947166442871e-01 4.626024961471557617e-01 5.511192679405212402e-01 8.569499850273132324e-01 5.305787324905395508e-01 7.679459452629089355e-01 9.973242878913879395e-01 8.147464990615844727e-01 3.320975601673126221e-01 5.992806553840637207e-01 3.787463009357452393e-01 4.138589501380920410e-01 5.470950007438659668e-01 5.590136647224426270e-01
3.142800033092498779e-01 5.818568468093872070e-01 7.304524779319763184e-01 1.487714946269989014e-01 6.069799885153770447e-02 9.118931293487548828e-01 5.086493492126464844e-01 3.489203751087188721e-01 5.341098308563232422e-01 5.852179527282714844e-01 3.647670149803161621e-01 1.021934002637863159e-01 5.642511844635009766e-01 4.082658290863037109e-01
9.755449891090393066e-01 3.260173201560974121e-01 6.551945209503173828e-01 3.995020091533660889e-01 7.451159954071044922e-01 5.146903991699218750e-01 4.871606528759002686e-01 9.067198038101196289e-01 3.347202539443969727e-01 6.967582106590270996e-01 4.144205152988433838e-01 7.599807977676391602e-01 5.640993714332580566e-01 3.476760387420654297e-01
5.610024929046630859e-01 5.684013366699218750e-01 6.648139953613281250e-01 2.033732533454895020e-01 9.983902573585510254e-01 4.019358456134796143e-01 8.533829450607299805e-01 6.009760499000549316e-01 4.421387314796447754e-01 4.559173882007598877e-01 4.813839495182037354e-01 9.029276967048645020e-01 5.242674350738525391e-01 4.046344459056854248e-01
9.173725247383117676e-01 7.111759781837463379e-01 4.230707585811614990e-01 4.913102388381958008e-01 1.099435016512870789e-01 9.720702171325683594e-01 3.351179957389831543e-01 9.321194291114807129e-01 6.431217789649963379e-01 3.337150514125823975e-01 4.792363643646240234e-01 1.628308296203613281e-01 4.508100152015686035e-01 6.026547551155090332e-01
2.205374985933303833e-01 7.748318314552307129e-01 8.597850054502487183e-02 4.398149996995925903e-02 4.213749989867210388e-02 7.479460835456848145e-01 4.064829945564270020e-01 1.957193911075592041e-01 6.088203191757202148e-01 8.670882135629653931e-02 2.299035787582397461e-01 1.698592603206634521e-01 6.760784983634948730e-01 5.860768556594848633e-01
7.031850218772888184e-01 5.867491960525512695e-01 1.108054965734481812e-01 1.669829934835433960e-01 4.861112534999847412e-01 1.433253586292266846e-01 5.936333443969488144e-03 7.844908833503723145e-01 6.440265178680419922e-01 2.263904362916946411e-01 2.872030436992645264e-01 5.253628492355346680e-01 4.805246889591217041e-01 4.676318168640136719e-01
5.509225130081176758e-01 4.462999999523162842e-01 5.692067742347717285e-01 7.794525027275085449e-01 1.497952491044998169e-01 6.465487182140350342e-02 7.202421426773071289e-01 6.334134340286254883e-01 3.168886601924896240e-01 6.872610449790954590e-01 5.989024639129638672e-01 1.610357612371444702e-01 5.012786388397216797e-01 6.277099847793579102e-01
5.261275172233581543e-01 3.189666569232940674e-01 7.446517348289489746e-01 7.917324900627136230e-01 5.016352534294128418e-01 9.569997787475585938e-01 8.346788883209228516e-01 4.647518396377563477e-01 3.406253457069396973e-01 7.153243422508239746e-01 6.757943630218505859e-01 4.553781449794769287e-01 4.483719170093536377e-01 4.948158264160156250e-01
4.949024915695190430e-01 3.677553236484527588e-01 1.742150075733661652e-02 6.589599847793579102e-01 3.138450160622596741e-02 2.384890913963317871e-01 9.339904785156250000e-01 2.926618754863739014e-01 5.324746966361999512e-01 2.215135395526885986e-01 8.057499527931213379e-01 1.043781917542219162e-02 5.455381274223327637e-01 8.013402819633483887e-01
5.985025167465209961e-01 8.175334930419921875e-01 6.713887453079223633e-01 5.954725146293640137e-01 6.227202415466308594e-01 9.046794772148132324e-01 9.716145992279052734e-01 5.013679265975952148e-01 6.465586423873901367e-01 2.497194856405258179e-01 6.200497150421142578e-01 4.317770600318908691e-01 4.344012439250946045e-01 5.959125757217407227e-01
7.073274850845336914e-01 5.316288471221923828e-01 3.319412469863891602e-01 7.321050167083740234e-01 6.838432550430297852e-01 9.590491652488708496e-01 8.273171186447143555e-01 7.515977621078491211e-01 5.307607054710388184e-01 2.596086859703063965e-01 5.560652017593383789e-01 6.730313301086425781e-01 4.576376080513000488e-01 6.337628364562988281e-01
3.858500123023986816e-01 1.780051738023757935e-01 9.378349781036376953e-02 7.735049724578857422e-01 9.514625072479248047e-01 2.235848456621170044e-01 3.364006578922271729e-01 4.700812697410583496e-01 3.805770874023437500e-01 6.025009155273437500e-01 5.156947970390319824e-01 9.011388421058654785e-01 5.675945878028869629e-01 3.510416746139526367e-01
9.259524941444396973e-01 2.824686765670776367e-01 9.754717350006103516e-01 8.834025263786315918e-01 2.585974931716918945e-01 9.160662889480590820e-01 6.007729768753051758e-01 9.838755130767822266e-01 2.859004735946655273e-01 7.190139889717102051e-01 9.043202996253967285e-01 4.347028732299804688e-01 4.755689799785614014e-01 7.581023573875427246e-01
2.072625011205673218e-01 4.390664994716644287e-01 8.916812539100646973e-01 3.251174837350845337e-02 1.310727447271347046e-01 5.953319072723388672e-01 1.075899973511695862e-01 2.718413174152374268e-01 4.271059930324554443e-01 6.764885187149047852e-01 2.892819643020629883e-01 2.213947027921676636e-01 6.001028418540954590e-01 4.182184934616088867e-01
1.533900052309036255e-01 2.225034981966018677e-01 9.993100166320800781e-01 8.967924714088439941e-01 6.162397265434265137e-01 8.647853732109069824e-01 9.637614488601684570e-01 1.324610710144042969e-01 2.956245839595794678e-01 8.194269537925720215e-01 7.538135051727294922e-01 4.761472642421722412e-01 4.635258018970489502e-01 5.430682301521301270e-01
1.263374984264373779e-01 5.046705007553100586e-01 9.243552684783935547e-01 5.951200127601623535e-01 6.481242775917053223e-01 5.588319152593612671e-02 6.770868897438049316e-01 1.484289765357971191e-01 3.658995330333709717e-01 7.861406207084655762e-01 7.277549505233764648e-01 6.618397831916809082e-01 4.665727317333221436e-01 4.637601077556610107e-01
2.979950010776519775e-01 3.230801522731781006e-01 2.669997513294219971e-01 4.417137503623962402e-01 8.420475125312805176e-01 6.968254446983337402e-01 3.699833154678344727e-02 3.223616182804107666e-01 4.129499793052673340e-01 4.889992475509643555e-01 1.883188635110855103e-01 8.505671620368957520e-01 5.541372895240783691e-01 3.787367641925811768e-01
2.953275144100189209e-01 6.704171895980834961e-01 8.190429806709289551e-01 9.334099888801574707e-01 5.372064709663391113e-01 6.258832216262817383e-01 7.714646458625793457e-01 3.915037214756011963e-01 3.770217299461364746e-01 5.818747878074645996e-01 8.408577442169189453e-01 6.400281190872192383e-01 4.672873616218566895e-01 6.043442487716674805e-01
3.448750078678131104e-01 2.141470015048980713e-01 9.015110135078430176e-01 2.870952486991882324e-01 6.370412707328796387e-01 6.654912233352661133e-01 3.735673427581787109e-01 3.496132493019104004e-01 2.510166466236114502e-01 7.869709134101867676e-01 4.783994555473327637e-01 6.556400060653686523e-01 5.802429318428039551e-01 4.152710735797882080e-01
6.741899847984313965e-01 8.082826733589172363e-01 1.032207533717155457e-01 2.216400019824504852e-02 3.568559885025024414e-01 8.944219350814819336e-01 4.667923450469970703e-01 5.806603431701660156e-01 5.772446990013122559e-01 1.388961076736450195e-01 1.654915064573287964e-01 4.165463149547576904e-01 5.826357603073120117e-01 5.108122229576110840e-01
9.305725097656250000e-01 7.065901756286621094e-01 4.610712528228759766e-01 2.358510047197341919e-01 7.522845268249511719e-01 2.368315160274505615e-01 6.023663282394409180e-01 8.133646845817565918e-01 4.677160978317260742e-01 4.920101761817932129e-01 3.974491059780120850e-01 7.353392243385314941e-01 5.006368756294250488e-01 4.296566545963287354e-01
4.475125074386596680e-01 1.962733268737792969e-01 3.604579865932464600e-01 1.466600038111209869e-02 8.268957734107971191e-01 5.781880021095275879e-01 4.867316782474517822e-01 5.406484603881835938e-01 3.812798559665679932e-01 3.344088196754455566e-01 1.327309757471084595e-01 8.113914728164672852e-01 5.360403656959533691e-01 4.660207927227020264e-01
9.792674779891967773e-01 4.237459897994995117e-01 6.906472444534301758e-01 8.733249902725219727e-01 9.440619945526123047e-01 7.296715378761291504e-01 4.113573431968688965e-01 9.225040674209594727e-01 3.179842829704284668e-01 7.299771308898925781e-01 7.714546322822570801e-01 8.979593515396118164e-01 5.560668706893920898e-01 3.495676815509796143e-01
1.202149987220764160e-01 4.077860116958618164e-01 8.760149776935577393e-02 8.250849843025207520e-01 5.091272592544555664e-01 4.650103151798248291e-01 9.179294109344482422e-01 1.282368302345275879e-01 5.183662772178649902e-01 1.877944767475128174e-01 8.754884600639343262e-01 4.901968240737915039e-01 4.642347097396850586e-01 7.744917869567871094e-01
5.874000117182731628e-02 8.260093331336975098e-01 4.955385029315948486e-01 3.620620071887969971e-01 2.058894932270050049e-01 5.833041667938232422e-01 7.171626091003417969e-01 6.085386499762535095e-02 6.851785182952880859e-01 4.263238906860351562e-01 5.317113399505615234e-01 2.348718494176864624e-01 5.065477490425109863e-01 4.611397087574005127e-01
6.303024888038635254e-01 3.544625043869018555e-01 8.096399903297424316e-02 7.293099761009216309e-01 9.691050052642822266e-01 6.976475715637207031e-01 7.162414193153381348e-01 5.460779666900634766e-01 4.364989995956420898e-01 4.022456109523773193e-01 6.249927878379821777e-01 8.825057148933410645e-01 5.095951557159423828e-01 5.049897432327270508e-01
7.462775111198425293e-01 7.063188552856445312e-01 8.119260072708129883e-01 6.077200174331665039e-01 3.214687407016754150e-01 6.943229436874389648e-01 8.746514916419982910e-01 7.201669216156005859e-01 5.920709371566772461e-01 5.860908031463623047e-01 6.639370322227478027e-01 2.454366385936737061e-01 3.840511441230773926e-01 4.729508459568023682e-01
2.065699994564056396e-01 5.430923104286193848e-01 6.977670192718505859e-01 1.102714985609054565e-01 3.492420017719268799e-01 4.025849401950836182e-01 2.819726765155792236e-01 2.636304199695587158e-01 5.554875731468200684e-01 6.641410589218139648e-01 4.696470797061920166e-01 3.249774873256683350e-01 4.491164088249206543e-01 3.518472313880920410e-01
6.440749764442443848e-01 5.446731448173522949e-01 6.427057385444641113e-01 3.259647488594055176e-01 8.291702270507812500e-01 9.725201129913330078e-01 5.962110161781311035e-01 6.569656729698181152e-01 5.130375027656555176e-01 3.498274683952331543e-01 3.785340487957000732e-01 7.900081276893615723e-01 4.780137538909912109e-01 4.763703346252441406e-01
2.486374974250793457e-01 2.211270034313201904e-01 5.154482722282409668e-01 5.806000232696533203e-01 3.315384984016418457e-01 6.763250231742858887e-01 6.407666802406311035e-01 2.685766816139221191e-01 3.592550456523895264e-01 7.069683670997619629e-01 4.795034527778625488e-01 3.458363413810729980e-01 5.182223916053771973e-01 4.911626875400543213e-01
7.940375208854675293e-01 3.648176789283752441e-01 9.046245217323303223e-01 7.495149970054626465e-01 3.795062601566314697e-01 4.950668662786483765e-02 6.048006415367126465e-01 9.414752721786499023e-01 2.157261967658996582e-01 7.852476835250854492e-01 6.659901142120361328e-01 5.244613885879516602e-01 5.642402172088623047e-01 5.606128573417663574e-01
6.518749892711639404e-02 5.052204728126525879e-01 9.506545066833496094e-01 4.140560030937194824e-01 8.984937667846679688e-01 4.106009006500244141e-01 5.488446950912475586e-01 6.867367774248123169e-02 4.204796552658081055e-01 7.252506017684936523e-01 4.718041419982910156e-01 9.318720698356628418e-01 6.219539046287536621e-01 3.022316098213195801e-01
5.943499878048896790e-02 3.374461531639099121e-01 8.989147543907165527e-01 2.309807538986206055e-01 9.726870059967041016e-01 4.784203171730041504e-01 6.312130093574523926e-01 4.592660069465637207e-02 3.632797598838806152e-01 8.632208704948425293e-01 6.601503491401672363e-01 9.104495644569396973e-01 5.775644183158874512e-01 3.093892931938171387e-01
2.258774936199188232e-01 8.217719793319702148e-01 6.336097717285156250e-01 1.508557498455047607e-01 3.188750147819519043e-01 1.218674778938293457e-01 3.859233483672142029e-02 3.400877714157104492e-01 5.992959737777709961e-01 5.341003537178039551e-01 4.379070103168487549e-01 3.490221500396728516e-01 4.622993171215057373e-01 3.592163920402526855e-01
6.239749789237976074e-01 6.769943237304687500e-01 5.796237587928771973e-01 6.872649788856506348e-01 1.938387453556060791e-01 4.837133288383483887e-01 8.309555649757385254e-01 6.787639856338500977e-01 6.048810482025146484e-01 4.792426526546478271e-01 6.446381807327270508e-01 1.673078089952468872e-01 4.164444208145141602e-01 5.428618192672729492e-01
6.879349946975708008e-01 4.438803195953369141e-01 9.511400014162063599e-02 9.322075247764587402e-01 4.410925135016441345e-02 8.069642186164855957e-01 3.108166754245758057e-01 6.485711336135864258e-01 6.202862262725830078e-01 2.627742588520050049e-01 6.322826743125915527e-01 5.895124748349189758e-02 4.907147586345672607e-01 6.758629083633422852e-01
8.400499820709228516e-01 6.506978273391723633e-01 3.873007595539093018e-01 7.139300107955932617e-01 3.400214910507202148e-01 9.051448702812194824e-01 2.102160006761550903e-01 8.905090093612670898e-01 6.626172065734863281e-01 4.619346857070922852e-01 5.154532194137573242e-01 3.758595585823059082e-01 4.055280983448028564e-01 4.401358962059020996e-01
5.589274764060974121e-01 2.332029938697814941e-01 8.062247633934020996e-01 9.356924891471862793e-01 7.271804809570312500e-01 9.714506864547729492e-01 4.993889927864074707e-01 5.588482022285461426e-01 2.725552320480346680e-01 7.659555673599243164e-01 8.159906864166259766e-01 7.133079171180725098e-01 4.849928915500640869e-01 4.683746099472045898e-01
7.627800107002258301e-01 4.945281744003295898e-01 1.382782459259033203e-01 7.152575254440307617e-01 1.939999929163604975e-04 6.276039481163024902e-01 3.173853456974029541e-01 7.295163273811340332e-01 6.039660573005676270e-01 2.398808151483535767e-01 7.301291823387145996e-01 4.338152706623077393e-02 4.718601405620574951e-01 7.593971490859985352e-01
1.578775048255920410e-01 1.995288282632827759e-01 6.897745132446289062e-01 9.656249880790710449e-01 3.698350116610527039e-02 3.022793829441070557e-01 4.404506683349609375e-01 2.746024131774902344e-01 2.349296659231185913e-01 7.140104770660400391e-01 8.061842918395996094e-01 6.263156980276107788e-02 4.838979542255401611e-01 7.355654239654541016e-01
5.970699787139892578e-01 1.718250066041946411e-01 9.883695244789123535e-01 5.472549796104431152e-01 9.043052792549133301e-01 9.743424504995346069e-02 6.684552431106567383e-01 5.998991131782531738e-01 2.396883219480514526e-01 8.296514749526977539e-01 8.403532505035400391e-01 8.281883597373962402e-01 5.121490359306335449e-01 3.753190934658050537e-01
8.985099792480468750e-01 3.385618329048156738e-01 1.650290042161941528e-01 3.243757486343383789e-01 4.220190048217773438e-01 4.982384741306304932e-01 2.797909975051879883e-01 8.509236574172973633e-01 5.541564822196960449e-01 4.396803975105285645e-01 2.626065015792846680e-01 4.631030559539794922e-01 5.036227703094482422e-01 4.047603905200958252e-01
6.295949816703796387e-01 2.465299963951110840e-01 4.323379993438720703e-01 8.928449749946594238e-01 8.645950257778167725e-02 1.001100987195968628e-02 5.744856595993041992e-01 8.231951594352722168e-01 1.985463201999664307e-01 6.958846449851989746e-01 6.325365900993347168e-01 1.387862563133239746e-01 5.528528094291687012e-01 7.646546363830566406e-01
6.653525233268737793e-01 2.667149901390075684e-01 7.782869935035705566e-01 4.530150070786476135e-02 8.366282582283020020e-01 1.546453535556793213e-01 4.110066592693328857e-01 6.408520340919494629e-01 3.339942097663879395e-01 7.166081666946411133e-01 3.311868011951446533e-01 7.690073847770690918e-01 5.781327486038208008e-01 2.887216508388519287e-01
3.970099985599517822e-01 6.831718087196350098e-01 4.429590106010437012e-01 8.981325030326843262e-01 1.466815024614334106e-01 3.519445359706878662e-01 1.629673391580581665e-01 3.865925967693328857e-01 6.279023885726928711e-01 5.514148473739624023e-01 7.326229214668273926e-01 1.928164213895797729e-01 3.619399964809417725e-01 4.553243517875671387e-01
5.834624767303466797e-01 3.895348310470581055e-01 6.640700250864028931e-02 4.181624948978424072e-02 4.035564959049224854e-01 6.913924962282180786e-02 3.493956625461578369e-01 6.296999454498291016e-01 5.358319878578186035e-01 3.059435486793518066e-01 1.837466210126876831e-01 4.330660402774810791e-01 5.705226063728332520e-01 4.274719953536987305e-01
1.427000015974044800e-01 2.582674920558929443e-01 4.301872551441192627e-01 7.438725233078002930e-01 7.067357301712036133e-01 1.449830234050750732e-01 4.557439982891082764e-01 2.411662787199020386e-01 3.626995384693145752e-01 7.262489199638366699e-01 6.250213384628295898e-01 6.939624547958374023e-01 5.100259184837341309e-01 4.279093444347381592e-01
9.734724760055541992e-01 6.639819741249084473e-01 7.653682231903076172e-01 7.416375279426574707e-01 9.804850220680236816e-01 1.155926287174224854e-01 8.479951024055480957e-01 8.946642279624938965e-01 6.581326127052307129e-01 5.402007102966308594e-01 9.526634812355041504e-01 8.570692539215087891e-01 3.044215440750122070e-01 5.594293475151062012e-01
1.518975049257278442e-01 1.861023306846618652e-01 2.964519858360290527e-01 7.823525071144104004e-01 7.760262489318847656e-01 4.889107048511505127e-01 5.911786556243896484e-01 1.865322291851043701e-01 3.553031086921691895e-01 5.007176399230957031e-01 7.769061326980590820e-01 7.437228560447692871e-01 5.352187156677246094e-01 6.331844925880432129e-01
1.902800053358078003e-01 6.292663216590881348e-01 3.299472630023956299e-01 8.811774849891662598e-01 5.418024957180023193e-02 8.204603195190429688e-01 2.048616707324981689e-01 1.807715892791748047e-01 5.244117975234985352e-01 3.359208703041076660e-01 5.300009846687316895e-01 1.609025001525878906e-01 5.683322548866271973e-01 5.928956866264343262e-01
1.670075058937072754e-01 3.362553417682647705e-01 7.750024646520614624e-02 3.875845074653625488e-01 1.134962514042854309e-01 8.286284804344177246e-01 1.890666596591472626e-02 1.619726270437240601e-01 5.105308294296264648e-01 2.150327265262603760e-01 2.728285193443298340e-01 1.593102812767028809e-01 6.595121026039123535e-01 5.928580164909362793e-01
4.249149858951568604e-01 5.324971675872802734e-01 5.279325246810913086e-01 1.363320052623748779e-01 4.763777554035186768e-01 5.903634428977966309e-01 7.874699681997299194e-02 4.234541356563568115e-01 4.365211725234985352e-01 5.684905052185058594e-01 2.559002637863159180e-01 5.485716462135314941e-01 5.460783243179321289e-01 3.994636237621307373e-01
2.899875044822692871e-01 7.173541784286499023e-01 3.968850076198577881e-01 7.623299956321716309e-01 8.239449858665466309e-01 1.742414198815822601e-03 6.428356766700744629e-01 2.744050621986389160e-01 6.378752589225769043e-01 5.715211629867553711e-01 8.144365549087524414e-01 8.042131066322326660e-01 3.269032537937164307e-01 4.337049424648284912e-01
5.517849922180175781e-01 5.037706494331359863e-01 4.507582485675811768e-01 9.931374788284301758e-01 2.286775037646293640e-02 3.112568557262420654e-01 5.397336483001708984e-01 4.312444329261779785e-01 4.288703501224517822e-01 6.259415149688720703e-01 8.543904423713684082e-01 4.290089383721351624e-02 3.912542164325714111e-01 7.012503147125244141e-01
2.557924985885620117e-01 3.934251666069030762e-01 3.312830030918121338e-01 2.956680059432983398e-01 8.724107742309570312e-01 7.905024290084838867e-01 2.840389907360076904e-01 2.996694445610046387e-01 4.436021149158477783e-01 4.222750663757324219e-01 1.174637377262115479e-01 8.532059192657470703e-01 5.658018589019775391e-01 3.513636291027069092e-01
1.621775031089782715e-01 8.035038113594055176e-01 9.001610279083251953e-01 8.881099820137023926e-01 4.438122510910034180e-01 6.954697966575622559e-01 1.382600069046020508e-01 1.610988229513168335e-01 5.595303773880004883e-01 6.112056374549865723e-01 7.931686639785766602e-01 5.517181158065795898e-01 3.690898716449737549e-01 5.203652977943420410e-01
3.562549948692321777e-01 2.370945066213607788e-01 5.455669760704040527e-01 6.818400025367736816e-01 8.570999838411808014e-03 1.381490975618362427e-01 4.299433231353759766e-01 3.800616264343261719e-01 1.986273378133773804e-01 7.163023948669433594e-01 5.363253355026245117e-01 6.243398413062095642e-02 5.907216668128967285e-01 7.085183858871459961e-01
7.689999882131814957e-03 5.844631791114807129e-01 9.989849925041198730e-01 2.419205009937286377e-01 8.347000181674957275e-02 8.229247480630874634e-02 4.542733430862426758e-01 3.621569648385047913e-02 5.540289878845214844e-01 7.654374837875366211e-01 3.612600564956665039e-01 9.881601482629776001e-02 6.193917989730834961e-01 3.785698115825653076e-01
5.111299753189086914e-01 6.040113568305969238e-01 7.527179718017578125e-01 3.147130012512207031e-01 9.920000284910202026e-02 6.828786134719848633e-01 7.498147487640380859e-01 4.121674597263336182e-01 5.379713177680969238e-01 5.578960776329040527e-01 4.750556051731109619e-01 8.821202069520950317e-02 5.129264593124389648e-01 4.677352905273437500e-01
3.772450089454650879e-01 5.745930075645446777e-01 6.445682644844055176e-01 8.425850272178649902e-01 2.983577549457550049e-01 5.552165508270263672e-01 6.401723623275756836e-01 3.858914673328399658e-01 4.689555168151855469e-01 6.983448863029479980e-01 6.710425615310668945e-01 2.897787988185882568e-01 3.902351856231689453e-01 4.318991899490356445e-01
8.946650028228759766e-01 2.435593307018280029e-01 2.394375056028366089e-01 9.174475073814392090e-01 1.370940059423446655e-01 2.754754424095153809e-01 3.216606676578521729e-01 9.328767657279968262e-01 2.633053362369537354e-01 6.603134870529174805e-01 7.262445688247680664e-01 2.028714865446090698e-01 5.164968967437744141e-01 7.718455195426940918e-01
2.120925039052963257e-01 7.423236370086669922e-01 6.986650079488754272e-02 5.320000052452087402e-01 3.012430071830749512e-01 9.933641552925109863e-01 2.352456599473953247e-01 1.630393266677856445e-01 6.472102999687194824e-01 1.073578223586082458e-01 3.036801815032958984e-01 3.357173800468444824e-01 6.014730930328369141e-01 5.586874485015869141e-01
2.198000065982341766e-02 5.032585263252258301e-01 9.928575158119201660e-02 7.509899735450744629e-01 2.574369907379150391e-01 6.253568530082702637e-01 3.158099949359893799e-02 5.076151341199874878e-02 6.677543520927429199e-01 8.842984586954116821e-02 3.922265172004699707e-01 2.942495644092559814e-01 6.069741249084472656e-01 6.406025886535644531e-01
9.001849889755249023e-01 2.206020057201385498e-01 3.131240010261535645e-01 5.151075124740600586e-02 5.087280273437500000e-01 8.106319308280944824e-01 3.902973234653472900e-01 7.472108602523803711e-01 4.021225571632385254e-01 6.054199934005737305e-01 1.820789575576782227e-01 5.609779953956604004e-01 5.833392143249511719e-01 3.430159091949462891e-01
1.831250041723251343e-01 3.086704909801483154e-01 5.589450001716613770e-01 7.527375221252441406e-01 6.543319821357727051e-01 8.171328306198120117e-01 3.623563349246978760e-01 2.182925194501876831e-01 3.200143873691558838e-01 5.772658586502075195e-01 4.346496164798736572e-01 7.095794677734375000e-01 5.693585276603698730e-01 5.350052118301391602e-01
2.814750000834465027e-02 4.593645036220550537e-01 1.364137530326843262e-01 2.025589942932128906e-01 5.943892598152160645e-01 8.378771543502807617e-01 4.141116738319396973e-01 7.575574517250061035e-02 4.284268617630004883e-01 7.999996654689311981e-03 1.532859401777386665e-03 1.131910160183906555e-01 9.781369566917419434e-01 3.563366234302520752e-01
8.586674928665161133e-01 2.780836522579193115e-01 1.458609998226165771e-01 5.938850045204162598e-01 1.529477536678314209e-01 3.784566521644592285e-01 1.551906615495681763e-01 8.528176546096801758e-01 4.186181426048278809e-01 5.061935186386108398e-01 4.354842305183410645e-01 2.044134885072708130e-01 5.241829752922058105e-01 6.225649118423461914e-01
1.366849988698959351e-01 6.986733078956604004e-01 3.120205104351043701e-01 4.813075065612792969e-02 6.936472654342651367e-01 5.900353789329528809e-01 8.486900329589843750e-01 1.088113486766815186e-01 6.542174816131591797e-01 3.196387887001037598e-01 3.654075264930725098e-01 7.207792997360229492e-01 4.944445490837097168e-01 4.010002613067626953e-01
8.932899832725524902e-01 2.070388346910476685e-01 5.370677709579467773e-01 7.773724794387817383e-01 4.704720079898834229e-01 9.015863537788391113e-01 2.019986659288406372e-01 9.204183220863342285e-01 3.728509247303009033e-01 7.340884804725646973e-01 5.300579071044921875e-01 5.348473191261291504e-01 5.011770129203796387e-01 4.162111878395080566e-01
3.467049896717071533e-01 5.467463135719299316e-01 5.102017521858215332e-01 5.738350152969360352e-01 9.010599851608276367e-01 2.032486796379089355e-01 9.766026139259338379e-01 4.999920725822448730e-01 4.010456502437591553e-01 3.172776699066162109e-01 4.947957098484039307e-01 7.628920078277587891e-01 5.019423961639404297e-01 6.094605922698974609e-01
9.483175277709960938e-01 1.821395009756088257e-01 5.533900111913681030e-02 5.363249778747558594e-01 4.948824942111968994e-01 6.514284014701843262e-01 5.256393551826477051e-01 8.633556962013244629e-01 4.718525707721710205e-01 4.220899045467376709e-01 2.403221279382705688e-01 5.829951167106628418e-01 5.120826959609985352e-01 4.632575213909149170e-01
4.870424866676330566e-01 3.329469859600067139e-01 3.580097556114196777e-01 5.027225017547607422e-01 5.799662470817565918e-01 8.327689766883850098e-01 1.588779985904693604e-01 5.083701610565185547e-01 4.434509873390197754e-01 4.308953583240509033e-01 2.725949883460998535e-01 6.307520270347595215e-01 5.098734498023986816e-01 4.766494631767272949e-01
4.331875145435333252e-01 3.390606641769409180e-01 2.507547438144683838e-01 4.275657534599304199e-01 1.570542454719543457e-01 5.633147358894348145e-01 7.719448804855346680e-01 3.984731733798980713e-01 5.079171061515808105e-01 4.593265354633331299e-01 4.009974002838134766e-01 1.074578762054443359e-01 5.763759016990661621e-01 5.052509903907775879e-01
2.217350006103515625e-01 7.262931466102600098e-01 9.163147211074829102e-01 7.159749865531921387e-01 5.107472538948059082e-01 8.047858476638793945e-01 8.581415414810180664e-01 3.146151602268218994e-01 3.856046795845031738e-01 3.697542548179626465e-01 5.662357211112976074e-01 6.278181076049804688e-01 5.103459358215332031e-01 6.415125131607055664e-01
1.531224995851516724e-01 3.431704938411712646e-01 5.225445032119750977e-01 7.331799864768981934e-01 4.529507458209991455e-01 4.274224340915679932e-01 8.240348696708679199e-01 2.273120135068893433e-01 3.184713125228881836e-01 6.106344461441040039e-01 5.062392354011535645e-01 5.526487827301025391e-01 5.535579323768615723e-01 5.743181109428405762e-01
2.020599991083145142e-01 7.868273258209228516e-01 2.617794871330261230e-01 3.447780013084411621e-01 2.609735131263732910e-01 9.179791808128356934e-01 1.310106664896011353e-01 1.496083140373229980e-01 6.384421586990356445e-01 1.607527434825897217e-01 3.135856688022613525e-01 2.908216714859008789e-01 6.091489791870117188e-01 5.170155167579650879e-01
2.665475010871887207e-01 4.045301675796508789e-01 9.794754981994628906e-01 1.554377526044845581e-01 3.459317386150360107e-01 6.813490986824035645e-01 9.009742736816406250e-01 2.655904293060302734e-01 4.000063240528106689e-01 7.217308282852172852e-01 5.273131132125854492e-01 2.721913754940032959e-01 4.861001074314117432e-01 4.594100415706634521e-01
9.573850035667419434e-01 8.139820098876953125e-01 6.088320016860961914e-01 8.857049793004989624e-02 1.275434941053390503e-01 7.055476903915405273e-01 2.913553416728973389e-01 9.628767371177673340e-01 6.760370135307312012e-01 1.602251380681991577e-01 3.971698284149169922e-01 2.252672016620635986e-01 4.461539387702941895e-01 6.813973188400268555e-01
3.278949856758117676e-01 3.414828479290008545e-01 7.885682582855224609e-01 2.670237421989440918e-01 2.012550085783004761e-02 3.053804039955139160e-01 1.969960033893585205e-01 3.917610347270965576e-01 2.632367908954620361e-01 7.031906247138977051e-01 3.165523707866668701e-01 9.002949297428131104e-02 6.462146639823913574e-01 5.818704962730407715e-01
8.868899941444396973e-01 5.946446657180786133e-01 4.008197486400604248e-01 2.643550001084804535e-02 7.825257778167724609e-01 2.680285871028900146e-01 8.592966198921203613e-01 8.039500713348388672e-01 5.346439480781555176e-01 3.105375468730926514e-01 3.145280480384826660e-01 6.915602684020996094e-01 4.719670414924621582e-01 5.040046572685241699e-01
6.539049744606018066e-01 3.682501614093780518e-01 8.424255251884460449e-01 1.923237442970275879e-01 8.707795143127441406e-01 3.737134337425231934e-01 1.600613296031951904e-01 6.871855258941650391e-01 3.972049653530120850e-01 6.319036483764648438e-01 3.254669308662414551e-01 8.032519817352294922e-01 5.479960441589355469e-01 3.108273744583129883e-01
4.639874994754791260e-01 2.771931588649749756e-01 7.287794947624206543e-01 9.938849806785583496e-01 5.276834964752197266e-01 1.289423257112503052e-01 3.005666658282279968e-03 4.963012039661407471e-01 2.386564463376998901e-01 8.008220791816711426e-01 8.341357707977294922e-01 6.412509679794311523e-01 4.749046266078948975e-01 5.082596540451049805e-01
5.376099944114685059e-01 5.812326669692993164e-01 4.106827378273010254e-01 7.484200000762939453e-01 8.492792248725891113e-01 5.462629199028015137e-01 2.727830111980438232e-01 5.674173831939697266e-01 4.767375886440277100e-01 5.671463012695312500e-01 5.648441910743713379e-01 8.500918149948120117e-01 4.887336790561676025e-01 3.767418563365936279e-01
1.609324961900711060e-01 6.976643204689025879e-01 1.050089970231056213e-01 3.723672628402709961e-01 9.749220013618469238e-01 7.635092735290527344e-01 5.655126571655273438e-01 1.406320184469223022e-01 6.707519888877868652e-01 2.350058257579803467e-01 1.777062118053436279e-01 9.168281555175781250e-01 5.373578071594238281e-01 2.779111564159393311e-01
1.320649981498718262e-01 2.901311814785003662e-01 7.512332797050476074e-01 8.206225037574768066e-01 2.000135034322738647e-01 2.546254694461822510e-01 8.544185757637023926e-01 2.500121593475341797e-01 3.748362660408020020e-01 7.199629545211791992e-01 6.956481933593750000e-01 1.604822874069213867e-01 4.438191354274749756e-01 5.395317077636718750e-01
6.512150168418884277e-01 1.923206597566604614e-01 9.973149746656417847e-02 2.608295083045959473e-01 4.207512438297271729e-01 3.121549487113952637e-01 4.272043406963348389e-01 6.789458990097045898e-01 5.428548455238342285e-01 3.638930320739746094e-01 2.525064647197723389e-01 4.533912241458892822e-01 5.281475186347961426e-01 4.398825764656066895e-01
4.741125106811523438e-01 2.003899961709976196e-01 3.625024855136871338e-02 3.154312372207641602e-01 6.080597639083862305e-01 7.519220113754272461e-01 2.074713259935379028e-01 4.792860448360443115e-01 4.292442202568054199e-01 2.613575458526611328e-01 1.552760452032089233e-01 6.517363190650939941e-01 5.371480584144592285e-01 5.354454517364501953e-01
9.444674849510192871e-01 4.022436738014221191e-01 9.909275174140930176e-02 1.898674964904785156e-01 1.938702464103698730e-01 6.242219209671020508e-01 5.758126378059387207e-01 9.627026915550231934e-01 6.860159635543823242e-01 7.922609895467758179e-02 2.711290419101715088e-01 2.590074539184570312e-01 4.642098546028137207e-01 7.022056579589843750e-01
8.278300166130065918e-01 6.031684875488281250e-01 4.741325080394744873e-01 9.663425087928771973e-01 5.458277463912963867e-01 1.398769766092300415e-01 9.772698283195495605e-01 9.246234893798828125e-01 5.759589672088623047e-01 4.020005762577056885e-01 7.829725146293640137e-01 5.603487491607666016e-01 4.088282585144042969e-01 6.696093082427978516e-01
5.196949839591979980e-01 4.025066792964935303e-01 3.330805003643035889e-01 8.103200197219848633e-01 2.791005074977874756e-01 7.365096807479858398e-01 4.529696702957153320e-01 4.833538532257080078e-01 5.804653167724609375e-01 5.984035134315490723e-01 5.166444778442382812e-01 2.351701110601425171e-01 4.260904192924499512e-01 3.783622086048126221e-01
8.322975039482116699e-01 6.958403587341308594e-01 2.381147444248199463e-01 6.202350258827209473e-01 7.948589920997619629e-01 6.070459634065628052e-02 9.468768239021301270e-01 8.498396873474121094e-01 6.334862709045410156e-01 1.652021557092666626e-01 6.256086826324462891e-01 6.786364912986755371e-01 4.163509905338287354e-01 6.899456977844238281e-01
7.731999754905700684e-01 8.212446570396423340e-01 5.161280035972595215e-01 9.025074839591979980e-01 3.879152536392211914e-01 8.273578882217407227e-01 4.189876616001129150e-01 8.437077999114990234e-01 6.251252293586730957e-01 5.029503107070922852e-01 6.234088540077209473e-01 4.476375281810760498e-01 3.919686675071716309e-01 4.691890180110931396e-01
8.002499938011169434e-01 4.046635031700134277e-01 5.651975274085998535e-01 1.004102528095245361e-01 1.121099963784217834e-01 2.571572661399841309e-01 3.929453194141387939e-01 8.700682520866394043e-01 3.139096498489379883e-01 5.104449391365051270e-01 2.511664032936096191e-01 1.810742020606994629e-01 5.902177691459655762e-01 6.398041844367980957e-01
3.681100010871887207e-01 8.264704942703247070e-01 7.774847745895385742e-01 9.814925193786621094e-01 6.500757336616516113e-01 9.492060542106628418e-02 9.464492201805114746e-01 4.793282747268676758e-01 5.163950324058532715e-01 3.504002094268798828e-01 8.852697610855102539e-01 6.402386426925659180e-01 4.212264120578765869e-01 6.974962353706359863e-01
3.073099851608276367e-01 5.716444849967956543e-01 2.263475023210048676e-02 8.619949817657470703e-01 8.766417503356933594e-01 4.531598091125488281e-01 3.091563284397125244e-01 1.807025969028472900e-01 6.980623006820678711e-01 3.436074256896972656e-01 7.533944249153137207e-01 8.731487393379211426e-01 3.602079749107360840e-01 4.991326034069061279e-01
8.292400240898132324e-01 1.986764967441558838e-01 5.879187583923339844e-01 2.134947478771209717e-01 2.327899932861328125e-01 5.063039660453796387e-01 7.181866466999053955e-02 8.764207959175109863e-01 3.224357068538665771e-01 6.293181180953979492e-01 2.667947411537170410e-01 3.171496391296386719e-01 5.807676911354064941e-01 5.334132909774780273e-01
8.129649758338928223e-01 2.848911583423614502e-01 4.388187527656555176e-01 7.931200265884399414e-01 4.341005086898803711e-01 2.054956555366516113e-01 4.306063354015350342e-01 8.362838625907897949e-01 3.509954810142517090e-01 7.430962324142456055e-01 5.654814839363098145e-01 4.903467595577239990e-01 4.913241863250732422e-01 4.317542314529418945e-01
8.762149810791015625e-01 2.129254937171936035e-01 5.751320123672485352e-01 5.260000228881835938e-01 6.435567736625671387e-01 1.356080770492553711e-01 9.854862093925476074e-01 8.182598948478698730e-01 3.101906776428222656e-01 7.344865202903747559e-01 4.519797563552856445e-01 4.810933768749237061e-01 5.406314134597778320e-01 4.441336393356323242e-01
7.672150135040283203e-01 3.905594944953918457e-01 6.594647765159606934e-01 6.768699884414672852e-01 9.592442512512207031e-01 6.120114326477050781e-01 1.120069995522499084e-01 7.848939299583435059e-01 3.647471964359283447e-01 7.078250646591186523e-01 6.320762634277343750e-01 8.972056508064270020e-01 5.434059500694274902e-01 2.956362068653106689e-01
7.361775040626525879e-01 6.823850274085998535e-01 6.356400251388549805e-01 4.858627617359161377e-01 9.509182572364807129e-01 2.216678857803344727e-01 9.310903549194335938e-01 7.769992351531982422e-01 3.961814343929290771e-01 4.174639880657196045e-01 7.181092500686645508e-01 8.305568695068359375e-01 5.141069293022155762e-01 5.805698037147521973e-01
7.562500238418579102e-01 4.344143271446228027e-01 9.773497581481933594e-01 4.890932440757751465e-01 9.775454998016357422e-01 5.385959744453430176e-01 4.342999774962663651e-03 7.823129296302795410e-01 2.726327180862426758e-01 7.637339830398559570e-01 7.071229219436645508e-01 9.344996213912963867e-01 6.043226718902587891e-01 2.789707779884338379e-01
3.746975064277648926e-01 6.508463621139526367e-01 3.576724976301193237e-02 5.340999960899353027e-01 7.504875212907791138e-02 3.147092834115028381e-02 7.184900641441345215e-01 3.752396702766418457e-01 6.984396576881408691e-01 1.782222837209701538e-01 4.953116476535797119e-01 7.106208056211471558e-02 5.542529821395874023e-01 5.601651668548583984e-01
2.449699938297271729e-01 3.164404928684234619e-01 7.942475080490112305e-01 2.133225090801715851e-02 5.302454829216003418e-01 4.847319126129150391e-01 4.620253443717956543e-01 2.796390056610107422e-01 2.997851371765136719e-01 5.336695313453674316e-01 2.248549610376358032e-01 6.352334022521972656e-01 5.819162726402282715e-01 5.547306537628173828e-01
2.463424950838088989e-01 2.800010144710540771e-01 4.976387619972229004e-01 1.588452458381652832e-01 8.626465201377868652e-01 8.607895970344543457e-01 9.242500364780426025e-02 2.484268844127655029e-01 4.141627550125122070e-01 4.504804909229278564e-01 1.235452964901924133e-01 8.683071732521057129e-01 5.708264112472534180e-01 3.726878762245178223e-01
2.739324867725372314e-01 2.753413319587707520e-01 6.462069749832153320e-01 6.166100129485130310e-02 7.695084810256958008e-01 2.746755480766296387e-01 1.291580051183700562e-01 2.832889854907989502e-01 2.986806035041809082e-01 6.448656916618347168e-01 2.730804383754730225e-01 8.280158042907714844e-01 6.145175099372863770e-01 3.931981027126312256e-01
1.417375057935714722e-01 3.618965148925781250e-01 9.087882637977600098e-01 3.604072630405426025e-01 8.234865069389343262e-01 8.922663927078247070e-01 8.877131938934326172e-01 1.138029173016548157e-01 3.297746181488037109e-01 7.030854225158691406e-01 3.929184675216674805e-01 7.756913900375366211e-01 6.085963249206542969e-01 4.347240030765533447e-01
1.929624974727630615e-01 8.048803210258483887e-01 6.028800010681152344e-01 5.719799995422363281e-01 7.207639813423156738e-01 7.589644193649291992e-01 4.446616768836975098e-01 1.487147212028503418e-01 6.364840865135192871e-01 5.208275318145751953e-01 5.733546614646911621e-01 7.875568270683288574e-01 3.985328078269958496e-01 4.032368957996368408e-01
9.803749918937683105e-01 5.225048065185546875e-01 3.207575082778930664e-01 8.990225195884704590e-01 8.209890127182006836e-01 8.980779647827148438e-01 3.555376529693603516e-01 9.064432382583618164e-01 6.001046895980834961e-01 3.058640062808990479e-01 6.986505985260009766e-01 7.949360609054565430e-01 4.251871705055236816e-01 5.990172028541564941e-01
6.794599890708923340e-01 5.357708334922790527e-01 1.596177518367767334e-01 7.904850244522094727e-01 3.986515104770660400e-01 5.225380659103393555e-01 5.057883262634277344e-01 6.820192933082580566e-01 5.658801198005676270e-01 4.007334709167480469e-01 5.053005218505859375e-01 4.305259883403778076e-01 4.649522900581359863e-01 5.261917710304260254e-01
6.819999776780605316e-03 3.606431782245635986e-01 1.149607524275779724e-01 1.700700074434280396e-02 2.142957448959350586e-01 2.898358702659606934e-01 2.734533250331878662e-01 5.820472911000251770e-02 5.839257836341857910e-01 3.851437568664550781e-01 2.927245199680328369e-01 1.445202827453613281e-01 6.746741533279418945e-01 4.915232956409454346e-01
7.795000076293945312e-02 3.114185035228729248e-01 2.725124917924404144e-02 9.125375151634216309e-01 5.412602424621582031e-01 5.944179743528366089e-02 6.687484383583068848e-01 1.724214851856231689e-01 5.452920198440551758e-01 3.222335875034332275e-01 6.475521326065063477e-01 4.159468114376068115e-01 4.793547391891479492e-01 6.187080144882202148e-01
6.629999727010726929e-02 4.376886785030364990e-01 6.856524944305419922e-02 3.136524856090545654e-01 7.715139985084533691e-01 2.118923217058181763e-01 7.452871203422546387e-01 1.125874966382980347e-01 5.858088135719299316e-01 4.445954263210296631e-01 3.603046834468841553e-01 7.506266236305236816e-01 4.941376447677612305e-01 4.195669293403625488e-01
4.068324863910675049e-01 5.474578142166137695e-01 6.147467494010925293e-01 3.877042531967163086e-01 6.455550193786621094e-01 3.256133198738098145e-01 8.587364554405212402e-01 5.959147214889526367e-01 4.221349060535430908e-01 2.670221328735351562e-01 4.653382003307342529e-01 7.012263536453247070e-01 4.914846420288085938e-01 6.402059793472290039e-01
5.203250050544738770e-01 7.661569714546203613e-01 8.027355074882507324e-01 6.596800088882446289e-01 5.420560240745544434e-01 3.266798853874206543e-01 3.982700109481811523e-01 6.336112022399902344e-01 4.688736796379089355e-01 4.299211502075195312e-01 6.944112181663513184e-01 6.560285091400146484e-01 4.634198844432830811e-01 5.946193337440490723e-01
1.790149956941604614e-01 7.230315208435058594e-01 2.552249934524297714e-03 1.209302470088005066e-01 1.450884938240051270e-01 2.752987854182720184e-02 3.720023334026336670e-01 2.855612039566040039e-01 6.941584944725036621e-01 1.252283602952957153e-01 3.722111582756042480e-01 1.870680600404739380e-01 5.872942805290222168e-01 5.270588397979736328e-01
3.348950147628784180e-01 2.106498330831527710e-01 4.408434927463531494e-01 5.701599717140197754e-01 8.044377565383911133e-01 7.456704229116439819e-02 5.372146964073181152e-01 4.303487241268157959e-01 2.846821546554565430e-01 7.110170722007751465e-01 4.160908162593841553e-01 7.739596366882324219e-01 5.945899486541748047e-01 3.768111467361450195e-01
1.830974966287612915e-01 5.264053344726562500e-01 9.307599812746047974e-02 6.528750061988830566e-01 4.148772358894348145e-01 2.422667741775512695e-01 2.920486629009246826e-01 2.169807106256484985e-01 5.857055187225341797e-01 1.839689314365386963e-01 6.436293721199035645e-01 4.476206004619598389e-01 4.730042219161987305e-01 6.662717461585998535e-01
3.330950140953063965e-01 6.812804937362670898e-01 4.320277571678161621e-01 7.925824820995330811e-02 3.999660015106201172e-01 2.394173741340637207e-01 3.290933370590209961e-02 3.695037364959716797e-01 5.380693674087524414e-01 4.244014918804168701e-01 2.972728312015533447e-01 4.420901834964752197e-01 5.344836711883544922e-01 4.239779114723205566e-01
9.677324891090393066e-01 6.381933093070983887e-01 2.211679965257644653e-01 5.103625059127807617e-01 2.065279930830001831e-01 1.791393905878067017e-01 2.441416680812835693e-01 9.789560437202453613e-01 7.242993712425231934e-01 2.512702941894531250e-01 5.817748904228210449e-01 3.188905119895935059e-01 3.741120100021362305e-01 6.538975238800048828e-01
8.047050237655639648e-01 3.341749906539916992e-01 2.886570096015930176e-01 8.265749812126159668e-01 9.023422598838806152e-01 4.086725115776062012e-01 2.061270028352737427e-01 7.834414839744567871e-01 4.065604805946350098e-01 6.217991709709167480e-01 7.599458098411560059e-01 8.686137795448303223e-01 4.992336332798004150e-01 4.145287573337554932e-01
5.936225056648254395e-01 2.293860018253326416e-01 6.963207721710205078e-01 6.201149821281433105e-01 4.500552415847778320e-01 5.349397063255310059e-01 1.773633360862731934e-01 7.259359955787658691e-01 3.189035356044769287e-01 7.313977479934692383e-01 4.292883276939392090e-01 5.319938659667968750e-01 5.392383933067321777e-01 4.050908684730529785e-01
8.887199759483337402e-01 2.698483467102050781e-01 1.089274976402521133e-02 8.647124767303466797e-01 5.544034838676452637e-01 8.546180725097656250e-01 4.935669898986816406e-01 7.365275025367736816e-01 5.950743556022644043e-01 3.369188308715820312e-01 4.870198965072631836e-01 5.360801815986633301e-01 4.548113644123077393e-01 5.345631241798400879e-01
5.871825218200683594e-01 1.929113268852233887e-01 2.521700039505958557e-02 7.007449865341186523e-01 1.576937437057495117e-01 1.590898931026458740e-01 2.989773452281951904e-01 5.578817129135131836e-01 5.268988013267517090e-01 5.680865645408630371e-01 4.772545099258422852e-01 1.419382840394973755e-01 4.932560920715332031e-01 4.734820723533630371e-01
5.507000163197517395e-02 7.092584967613220215e-01 2.128332555294036865e-01 8.023124933242797852e-01 9.055892229080200195e-01 2.672068774700164795e-01 3.978576660156250000e-01 7.683245837688446045e-02 7.022410035133361816e-01 4.176526665687561035e-01 4.049443304538726807e-01 9.320600032806396484e-01 4.428385794162750244e-01 3.099227249622344971e-01
6.110900044441223145e-01 8.064320087432861328e-01 2.173149958252906799e-02 9.532899856567382812e-01 9.646874666213989258e-02 5.143381953239440918e-01 3.385500013828277588e-01 5.141136646270751953e-01 8.965466618537902832e-01 2.306435070931911469e-02 8.867280483245849609e-01 1.335953772068023682e-01 3.514663577079772949e-01 8.132270574569702148e-01
2.155375033617019653e-01 6.010781526565551758e-01 1.379829943180084229e-01 2.802869975566864014e-01 4.386394917964935303e-01 6.228146553039550781e-01 7.900071740150451660e-01 2.183150649070739746e-01 5.412290692329406738e-01 1.240463554859161377e-01 2.412193119525909424e-01 4.595578908920288086e-01 5.727969408035278320e-01 6.194863319396972656e-01
9.934099912643432617e-01 4.920678436756134033e-01 6.661509871482849121e-01 6.179875135421752930e-01 1.762534976005554199e-01 4.949137270450592041e-01 6.511283516883850098e-01 9.780862927436828613e-01 5.437651872634887695e-01 4.758454859256744385e-01 8.909335732460021973e-01 2.298578321933746338e-01 3.746157288551330566e-01 8.022508025169372559e-01
2.341500073671340942e-01 3.067109882831573486e-01 3.950785100460052490e-01 4.103417396545410156e-01 1.566000049933791161e-03 9.432788193225860596e-02 8.450892567634582520e-01 2.325885146856307983e-01 3.239686787128448486e-01 6.095516085624694824e-01 5.575855374336242676e-01 1.512529421597719193e-02 6.018989682197570801e-01 6.687880158424377441e-01
9.451624751091003418e-01 7.677651643753051758e-01 5.062707662582397461e-01 3.400070071220397949e-01 9.847157597541809082e-01 4.410351514816284180e-01 5.211279988288879395e-01 8.171867132186889648e-01 4.773595035076141357e-01 4.656263589859008789e-01 4.152777194976806641e-01 8.841542601585388184e-01 5.105410218238830566e-01 3.739013969898223877e-01
3.081550002098083496e-01 4.624156653881072998e-01 9.027104973793029785e-01 8.950150012969970703e-01 7.652857303619384766e-01 1.684870719909667969e-01 4.899736642837524414e-01 3.678114414215087891e-01 3.939013481140136719e-01 7.859966754913330078e-01 9.084136486053466797e-01 7.727884650230407715e-01 3.720671534538269043e-01 4.522798955440521240e-01
5.959250032901763916e-02 2.269258350133895874e-01 6.095117330551147461e-01 3.945930004119873047e-01 9.068974852561950684e-02 7.907846570014953613e-01 5.229156613349914551e-01 5.900302156805992126e-02 3.892293870449066162e-01 7.394454479217529297e-01 5.623833537101745605e-01 4.733911156654357910e-02 5.949584841728210449e-01 5.565786957740783691e-01
8.267275094985961914e-01 3.686358332633972168e-01 6.082127690315246582e-01 8.079550266265869141e-01 6.571197509765625000e-01 4.879957437515258789e-01 7.827824950218200684e-01 7.788476347923278809e-01 3.231055736541748047e-01 7.319552302360534668e-01 7.053818106651306152e-01 6.631576418876647949e-01 4.904147982597351074e-01 4.395318627357482910e-01
3.591825067996978760e-01 4.656594991683959961e-01 5.146500095725059509e-02 2.993287444114685059e-01 3.908247351646423340e-01 8.834795951843261719e-01 9.764754772186279297e-01 3.185964822769165039e-01 5.146404504776000977e-01 1.136764883995056152e-01 1.828329414129257202e-01 3.038908243179321289e-01 6.237560510635375977e-01 6.178123354911804199e-01
7.991600036621093750e-01 6.288218498229980469e-01 4.468327462673187256e-01 1.250067502260208130e-01 2.468472570180892944e-01 1.209525242447853088e-01 3.391453325748443604e-01 8.646144866943359375e-01 6.331940293312072754e-01 3.585180640220642090e-01 3.199731111526489258e-01 2.798219919204711914e-01 4.853602945804595947e-01 4.561206400394439697e-01
1.128550022840499878e-01 5.491473078727722168e-01 8.182822465896606445e-01 6.119775176048278809e-01 8.264387249946594238e-01 4.379501938819885254e-01 2.316206693649291992e-01 1.135164797306060791e-01 4.710800945758819580e-01 6.904627680778503418e-01 6.477037072181701660e-01 9.081999659538269043e-01 5.327327847480773926e-01 3.511132299900054932e-01
6.335750222206115723e-02 1.713248342275619507e-01 5.900254845619201660e-01 6.968749761581420898e-01 6.396072506904602051e-01 9.659515023231506348e-01 1.606699973344802856e-01 3.303993493318557739e-02 3.001694679260253906e-01 8.458318114280700684e-01 6.324596405029296875e-01 5.458219647407531738e-01 5.511988997459411621e-01 5.484483838081359863e-01
8.088625073432922363e-01 4.510933458805084229e-01 4.925750195980072021e-03 2.590050101280212402e-01 2.094492465257644653e-01 7.252506017684936523e-01 9.005544185638427734e-01 6.866270303726196289e-01 5.923642516136169434e-01 1.163680106401443481e-01 3.088988363742828369e-01 1.578026562929153442e-01 5.729325413703918457e-01 6.525304913520812988e-01
1.214300021529197693e-01 2.295676618814468384e-01 8.449134826660156250e-01 6.279500126838684082e-01 2.150127440690994263e-01 4.034447371959686279e-01 6.849652528762817383e-01 1.694121956825256348e-01 2.872199118137359619e-01 8.136310577392578125e-01 5.892581939697265625e-01 2.356564700603485107e-01 5.193746089935302734e-01 5.256122946739196777e-01
3.106375038623809814e-01 1.934846639633178711e-01 8.345957398414611816e-01 1.677014976739883423e-01 9.950739741325378418e-01 2.894924283027648926e-01 5.445870161056518555e-01 3.950955867767333984e-01 3.371174335479736328e-01 6.924975514411926270e-01 3.785642385482788086e-01 9.065150022506713867e-01 6.142905354499816895e-01 2.775146663188934326e-01
7.028599977493286133e-01 7.514163255691528320e-01 6.811050325632095337e-02 8.234674930572509766e-01 9.367802739143371582e-01 8.505947589874267578e-01 8.574801683425903320e-01 5.242325663566589355e-01 5.876880288124084473e-01 2.484540045261383057e-01 6.577822566032409668e-01 8.294802904129028320e-01 4.295035004615783691e-01 5.834671258926391602e-01
1.975724995136260986e-01 4.997861683368682861e-01 5.756917595863342285e-01 6.797875165939331055e-01 3.597654998302459717e-01 8.325021266937255859e-01 8.975711464881896973e-01 1.933494806289672852e-01 4.798115193843841553e-01 6.326887607574462891e-01 5.289511680603027344e-01 2.847908735275268555e-01 4.908923506736755371e-01 4.783210456371307373e-01
6.395549774169921875e-01 7.905266880989074707e-01 3.326947391033172607e-01 9.002000093460083008e-02 8.122054934501647949e-01 4.569154679775238037e-01 9.415280818939208984e-01 5.273944735527038574e-01 5.459188222885131836e-01 2.343722134828567505e-01 2.878898978233337402e-01 6.870175600051879883e-01 4.771772027015686035e-01 5.285682678222656250e-01
9.528024792671203613e-01 5.527313351631164551e-01 8.683130145072937012e-01 4.962379932403564453e-01 3.765589892864227295e-01 5.970827341079711914e-01 2.612093389034271240e-01 9.419902563095092773e-01 3.469741642475128174e-01 7.084262967109680176e-01 5.698031783103942871e-01 4.881294965744018555e-01 5.114825367927551270e-01 5.141459107398986816e-01
9.491325020790100098e-01 6.493046879768371582e-01 5.895749926567077637e-01 9.330624938011169434e-01 6.993362307548522949e-01 2.887982726097106934e-01 5.647063255310058594e-01 9.804636836051940918e-01 6.329725384712219238e-01 4.424479603767395020e-01 8.414936065673828125e-01 7.953770756721496582e-01 3.826329112052917480e-01 5.718145966529846191e-01
7.438500225543975830e-02 7.575938105583190918e-01 9.661374986171722412e-02 4.223677515983581543e-01 1.293262541294097900e-01 1.305421143770217896e-01 1.673776656389236450e-01 1.238320618867874146e-01 6.209759116172790527e-01 1.519222855567932129e-01 3.662671148777008057e-01 2.859113216400146484e-01 5.907391905784606934e-01 5.848954319953918457e-01
7.455474734306335449e-01 5.300335288047790527e-01 7.741000037640333176e-03 9.078674912452697754e-01 9.026939868927001953e-01 6.327807903289794922e-01 6.027470231056213379e-01 8.063036203384399414e-01 6.047700047492980957e-01 1.826528161764144897e-01 6.341925859451293945e-01 8.668690919876098633e-01 4.269618391990661621e-01 6.187373399734497070e-01
9.295250177383422852e-01 8.151946663856506348e-01 9.061702489852905273e-01 4.047070145606994629e-01 9.129790067672729492e-01 7.690424323081970215e-01 9.433133155107498169e-02 9.089752435684204102e-01 4.247153103351593018e-01 5.781349539756774902e-01 3.533550500869750977e-01 8.931618332862854004e-01 5.516147613525390625e-01 2.916367650032043457e-01
4.920449852943420410e-01 8.141611814498901367e-01 9.446147680282592773e-01 1.594575047492980957e-01 3.929964900016784668e-01 3.560666739940643311e-01 7.838143110275268555e-01 4.876234233379364014e-01 5.689175128936767578e-01 5.842105150222778320e-01 4.764701724052429199e-01 3.297522962093353271e-01 4.383418262004852295e-01 3.644359111785888672e-01
4.493550062179565430e-01 5.989211797714233398e-01 4.402562379837036133e-01 2.873030006885528564e-01 2.712412476539611816e-01 8.570153713226318359e-01 4.475066810846328735e-02 4.531390368938446045e-01 5.720141530036926270e-01 4.905997514724731445e-01 3.201082348823547363e-01 2.806753814220428467e-01 5.384393930435180664e-01 3.738503754138946533e-01
9.980524778366088867e-01 3.132088184356689453e-01 3.932177424430847168e-01 9.289224743843078613e-01 5.947847366333007812e-01 4.333557486534118652e-01 8.870372176170349121e-01 9.541455507278442383e-01 3.161197602748870850e-01 5.868372321128845215e-01 7.627486586570739746e-01 7.206478714942932129e-01 5.346587896347045898e-01 6.223419308662414551e-01
2.360000014305114746e-01 2.570591568946838379e-01 7.041049748659133911e-02 8.099374771118164062e-01 4.919882416725158691e-01 3.334451615810394287e-01 1.488646715879440308e-01 3.301493823528289795e-01 5.096329450607299805e-01 2.710709273815155029e-01 6.510154008865356445e-01 5.214779376983642578e-01 4.748383462429046631e-01 6.509562730789184570e-01
1.435675024986267090e-01 6.907453536987304688e-01 5.505930185317993164e-01 5.306749939918518066e-01 5.915372371673583984e-01 4.775111079216003418e-01 2.768793404102325439e-01 1.440956890583038330e-01 5.917633771896362305e-01 5.375901460647583008e-01 5.774943828582763672e-01 7.117931246757507324e-01 4.239464402198791504e-01 4.475049972534179688e-01
8.747624754905700684e-01 4.096686542034149170e-01 7.249632477760314941e-01 2.324704974889755249e-01 6.159027218818664551e-01 3.981615006923675537e-01 4.987636804580688477e-01 8.339536786079406738e-01 4.186198711395263672e-01 6.878448724746704102e-01 4.012995958328247070e-01 6.346946954727172852e-01 5.064427852630615234e-01 3.298099935054779053e-01
2.054374963045120239e-01 6.829001903533935547e-01 7.840482592582702637e-01 2.582890093326568604e-01 7.161042690277099609e-01 8.399477601051330566e-01 4.234276711940765381e-01 2.277946770191192627e-01 5.127968192100524902e-01 4.650352895259857178e-01 2.297998368740081787e-01 8.140313029289245605e-01 5.260573029518127441e-01 3.675177097320556641e-01
4.500474929809570312e-01 2.326668351888656616e-01 9.079660177230834961e-01 1.801335066556930542e-01 5.342885255813598633e-01 2.043447494506835938e-01 1.150529980659484863e-01 5.329269766807556152e-01 3.255758881568908691e-01 7.440872788429260254e-01 3.694890141487121582e-01 5.875800848007202148e-01 5.488364696502685547e-01 3.555744290351867676e-01
1.716125011444091797e-01 7.104644775390625000e-01 7.644727230072021484e-01 5.839449763298034668e-01 1.502449996769428253e-02 9.150173664093017578e-01 7.523478865623474121e-01 1.478149443864822388e-01 5.460175275802612305e-01 5.166555047035217285e-01 6.331553459167480469e-01 7.137162238359451294e-02 5.135038495063781738e-01 5.375014543533325195e-01
2.315649986267089844e-01 1.944424957036972046e-01 6.003869771957397461e-01 8.320999741554260254e-01 5.329484939575195312e-01 4.115415215492248535e-01 4.217476546764373779e-01 2.557214200496673584e-01 2.938184440135955811e-01 8.047856092453002930e-01 7.686083316802978516e-01 5.600392818450927734e-01 4.523609280586242676e-01 4.989729821681976318e-01
6.484450101852416992e-01 3.091376721858978271e-01 8.949152231216430664e-01 9.953299760818481445e-01 8.896415233612060547e-01 2.444833368062973022e-01 8.710507154464721680e-01 7.561135292053222656e-01 3.601872920989990234e-01 7.455549240112304688e-01 9.514380097389221191e-01 8.144803047180175781e-01 3.977375626564025879e-01 5.315059423446655273e-01
6.493849754333496094e-01 5.262169837951660156e-01 4.916684925556182861e-01 5.990675091743469238e-01 1.798194944858551025e-01 8.192878961563110352e-01 7.851254343986511230e-01 6.696832776069641113e-01 5.462707281112670898e-01 5.167891383171081543e-01 4.186557233333587646e-01 1.467112600803375244e-01 5.135446190834045410e-01 4.777772724628448486e-01
6.808475255966186523e-01 7.847478389739990234e-01 7.625892758369445801e-01 8.105875253677368164e-01 6.292449831962585449e-01 8.035141229629516602e-01 1.528780013322830200e-01 7.907124161720275879e-01 5.693128705024719238e-01 4.043725430965423584e-01 6.686772108078002930e-01 7.070158123970031738e-01 4.272400438785552979e-01 5.486918687820434570e-01
9.498599767684936523e-01 8.278484940528869629e-01 3.469137549400329590e-01 6.138399839401245117e-01 2.481924928724765778e-02 3.502866625785827637e-01 8.328256607055664062e-01 9.639149904251098633e-01 7.152725458145141602e-01 1.662449389696121216e-01 9.230132102966308594e-01 5.910165607929229736e-02 3.452516794204711914e-01 8.859953284263610840e-01
7.040600180625915527e-01 2.445831596851348877e-01 5.179657340049743652e-01 3.014979958534240723e-01 6.944412589073181152e-01 7.953236103057861328e-01 9.188633412122726440e-02 6.377509236335754395e-01 3.542551100254058838e-01 6.218441724777221680e-01 2.853035628795623779e-01 7.133367657661437988e-01 5.585880279541015625e-01 3.728292882442474365e-01
5.308874845504760742e-01 8.255511522293090820e-01 8.138550072908401489e-02 3.859654963016510010e-01 4.395889937877655029e-01 4.801411032676696777e-01 2.096209973096847534e-01 4.874691069126129150e-01 6.427497863769531250e-01 1.367666274309158325e-01 4.145278632640838623e-01 5.067490339279174805e-01 4.652502834796905518e-01 6.115401983261108398e-01
6.973925232887268066e-01 5.711896419525146484e-01 1.401317566633224487e-01 1.142439991235733032e-01 8.223302364349365234e-01 7.226148247718811035e-01 1.778446733951568604e-01 5.012959241867065430e-01 5.611009001731872559e-01 2.994714081287384033e-01 2.501020431518554688e-01 7.695773243904113770e-01 4.727365970611572266e-01 4.291951060295104980e-01
3.714250028133392334e-02 6.853228211402893066e-01 2.552727460861206055e-01 4.187070131301879883e-01 6.025524735450744629e-01 3.562717139720916748e-02 6.077539920806884766e-01 8.666791766881942749e-02 6.523476243019104004e-01 3.887824416160583496e-01 4.391397237777709961e-01 7.078072428703308105e-01 4.591269791126251221e-01 4.388671219348907471e-01
1.447850018739700317e-01 5.353046655654907227e-01 2.610259950160980225e-01 9.536749720573425293e-01 1.336022466421127319e-01 4.159683883190155029e-01 1.277299970388412476e-02 1.786541938781738281e-01 5.995448827743530273e-01 4.701574742794036865e-01 7.996355295181274414e-01 1.931948065757751465e-01 4.077575504779815674e-01 5.771091580390930176e-01
5.474724769592285156e-01 8.194954991340637207e-01 2.571560144424438477e-01 1.945742517709732056e-01 2.209209948778152466e-01 1.819355487823486328e-01 4.850936532020568848e-01 5.173138380050659180e-01 6.331373453140258789e-01 3.745752274990081787e-01 3.210040330886840820e-01 1.994613558053970337e-01 5.514393448829650879e-01 3.942876160144805908e-01
8.212425112724304199e-01 7.582646608352661133e-01 7.158439755439758301e-01 5.180000066757202148e-01 2.457029968500137329e-01 2.013582885265350342e-01 7.482120394706726074e-01 9.563830494880676270e-01 6.905552744865417480e-01 3.707872033119201660e-01 6.277886629104614258e-01 3.004703223705291748e-01 3.767380118370056152e-01 5.958776473999023438e-01
6.419150233268737793e-01 6.205558180809020996e-01 3.441385030746459961e-01 9.354575276374816895e-01 3.605602383613586426e-01 5.372315049171447754e-01 1.679863333702087402e-01 6.870328783988952637e-01 6.034663319587707520e-01 5.545264482498168945e-01 6.142694950103759766e-01 3.762417733669281006e-01 3.912525475025177002e-01 4.225138127803802490e-01
2.642774879932403564e-01 3.649694919586181641e-01 5.531514883041381836e-01 5.063325166702270508e-01 1.449369937181472778e-01 8.870480060577392578e-01 9.732766449451446533e-02 2.863519191741943359e-01 5.484345555305480957e-01 6.336020231246948242e-01 5.547887086868286133e-01 1.419527530670166016e-01 4.507091045379638672e-01 4.180040955543518066e-01
1.867524981498718262e-01 6.023071408271789551e-01 3.728710114955902100e-01 2.146992534399032593e-01 7.239530086517333984e-01 9.343560338020324707e-01 5.959119796752929688e-01 1.379217952489852905e-01 5.698254108428955078e-01 3.301629424095153809e-01 2.502215206623077393e-01 7.553029656410217285e-01 5.447499155998229980e-01 4.134107232093811035e-01
1.152774989604949951e-01 7.734618186950683594e-01 8.898157477378845215e-01 3.256124854087829590e-01 9.327022433280944824e-01 6.689997762441635132e-02 8.019927144050598145e-01 9.254852682352066040e-02 5.824714899063110352e-01 6.378011107444763184e-01 6.875268220901489258e-01 9.298987984657287598e-01 4.601081907749176025e-01 3.399422466754913330e-01
3.015075027942657471e-01 3.536486625671386719e-01 4.645090103149414062e-01 7.456949949264526367e-01 9.170609712600708008e-01 8.256681561470031738e-01 9.979915022850036621e-01 3.471550643444061279e-01 3.529421389102935791e-01 3.696892559528350830e-01 4.526429474353790283e-01 6.839622855186462402e-01 5.249895453453063965e-01 6.309102773666381836e-01
3.052349984645843506e-01 2.299216687679290771e-01 3.813264966011047363e-01 2.811250090599060059e-02 6.477875113487243652e-01 9.154051542282104492e-01 9.160826802253723145e-01 3.259264826774597168e-01 3.583489656448364258e-01 2.784787416458129883e-01 1.076279357075691223e-01 6.016372442245483398e-01 5.986555218696594238e-01 5.711392164230346680e-01
8.898299932479858398e-01 7.019508481025695801e-01 8.754077553749084473e-01 8.941900134086608887e-01 6.813847422599792480e-01 5.231255292892456055e-01 2.971239984035491943e-01 9.427085518836975098e-01 5.302628278732299805e-01 6.395663619041442871e-01 8.248636722564697266e-01 7.531000971794128418e-01 4.021024405956268311e-01 4.635185301303863525e-01
1.042400002479553223e-01 6.695755124092102051e-01 4.081789851188659668e-01 2.852660119533538818e-01 1.068142503499984741e-01 1.763645410537719727e-01 5.024903416633605957e-01 1.836182922124862671e-01 6.065225601196289062e-01 5.441570878028869629e-01 4.887456893920898438e-01 1.422456949949264526e-01 5.087872743606567383e-01 4.220148921012878418e-01
6.421999633312225342e-02 7.808668613433837891e-01 4.603349864482879639e-01 5.461775064468383789e-01 5.009622573852539062e-01 6.578851342201232910e-01 1.071106642484664917e-01 6.867628544569015503e-02 6.651361584663391113e-01 3.815243244171142578e-01 4.205198884010314941e-01 7.793910503387451172e-01 4.676861763000488281e-01 4.132802188396453857e-01
8.832349777221679688e-01 5.240583419799804688e-01 1.805957555770874023e-01 5.900899767875671387e-01 1.062320023775100708e-01 5.846139192581176758e-01 3.791600093245506287e-02 9.372714161872863770e-01 7.112504839897155762e-01 2.535139024257659912e-01 5.783734917640686035e-01 1.682528406381607056e-01 4.141719937324523926e-01 6.426728963851928711e-01
8.635699748992919922e-01 8.196914792060852051e-01 9.688469767570495605e-01 5.868625044822692871e-01 6.652867794036865234e-01 6.388631463050842285e-01 2.263583391904830933e-01 9.528878331184387207e-01 4.434387981891632080e-01 4.289398193359375000e-01 5.026687979698181152e-01 8.070310950279235840e-01 5.057443976402282715e-01 5.077496767044067383e-01
7.625100016593933105e-01 2.794791758060455322e-01 3.493887484073638916e-01 9.111124873161315918e-01 9.305689930915832520e-01 6.499826908111572266e-02 4.571963250637054443e-01 6.698735356330871582e-01 4.841478466987609863e-01 7.268283367156982422e-01 9.203031063079833984e-01 8.432418704032897949e-01 3.519602417945861816e-01 4.257077276706695557e-01
3.069674968719482422e-01 2.686223387718200684e-01 6.135209798812866211e-01 7.313575148582458496e-01 1.791490018367767334e-01 6.060931086540222168e-01 3.482060134410858154e-01 3.577415645122528076e-01 2.683807015419006348e-01 7.749748826026916504e-01 6.146932244300842285e-01 2.643897533416748047e-01 4.958299696445465088e-01 5.523937344551086426e-01
3.541750013828277588e-01 6.397448182106018066e-01 6.536882519721984863e-01 8.935624957084655762e-01 5.817695260047912598e-01 4.228020310401916504e-01 1.015396639704704285e-01 4.549010992050170898e-01 4.303669631481170654e-01 5.470092296600341797e-01 7.078473567962646484e-01 6.758996248245239258e-01 4.659450352191925049e-01 5.257666110992431641e-01
2.002625018358230591e-01 3.212423324584960938e-01 3.642842471599578857e-01 8.671749830245971680e-01 9.112039804458618164e-01 7.709363698959350586e-01 6.265209913253784180e-01 2.217588275671005249e-01 3.290781080722808838e-01 6.265095472335815430e-01 5.934217572212219238e-01 9.024541974067687988e-01 6.058523654937744141e-01 4.185689985752105713e-01
8.632224798202514648e-01 1.740638315677642822e-01 6.831627488136291504e-01 5.091050267219543457e-01 8.231530189514160156e-01 3.628678917884826660e-01 4.153863191604614258e-01 8.084499835968017578e-01 3.979249894618988037e-01 7.156848311424255371e-01 6.833079457283020020e-01 7.610343098640441895e-01 4.703944325447082520e-01 3.580831587314605713e-01
8.594124913215637207e-01 7.282714843750000000e-01 6.899717450141906738e-01 3.089725039899349213e-02 4.734137356281280518e-01 4.481248557567596436e-01 9.208466410636901855e-01 8.073460459709167480e-01 5.039525628089904785e-01 5.281751155853271484e-01 2.903179824352264404e-01 4.327961802482604980e-01 5.163495540618896484e-01 4.031320810317993164e-01
4.599300026893615723e-01 2.584826648235321045e-01 8.435419797897338867e-01 1.000557467341423035e-01 1.492130011320114136e-01 6.562843322753906250e-01 1.932086646556854248e-01 5.398252010345458984e-01 2.521034777164459229e-01 7.214416861534118652e-01 1.656318157911300659e-01 2.360474169254302979e-01 6.815131902694702148e-01 5.030814409255981445e-01
9.050250053405761719e-02 5.558493137359619141e-01 5.175117254257202148e-01 8.112124800682067871e-01 6.077859997749328613e-01 1.421558558940887451e-01 4.484433233737945557e-01 1.104041859507560730e-01 5.292369127273559570e-01 6.278089284896850586e-01 8.361276388168334961e-01 7.355054020881652832e-01 3.997148573398590088e-01 5.331413745880126953e-01
1.651725023984909058e-01 6.740713119506835938e-01 4.668417572975158691e-01 7.212150096893310547e-01 3.464494943618774414e-01 2.908519208431243896e-01 6.307326555252075195e-01 2.055991441011428833e-01 5.790115594863891602e-01 5.854020714759826660e-01 7.126520276069641113e-01 3.661253452301025391e-01 3.885687291622161865e-01 4.811677932739257812e-01
2.065324932336807251e-01 2.816611528396606445e-01 1.655890047550201416e-01 4.830805063247680664e-01 5.813105106353759766e-01 5.318204164505004883e-01 3.679130077362060547e-01 2.661385238170623779e-01 3.544945120811462402e-01 3.278619050979614258e-01 2.394741177558898926e-01 6.652429699897766113e-01 5.529260039329528809e-01 6.135332584381103516e-01
2.240474969148635864e-01 4.798958301544189453e-01 7.749292254447937012e-01 9.883999824523925781e-01 7.860124856233596802e-02 5.054787993431091309e-01 6.728756427764892578e-01 2.307582199573516846e-01 3.581003546714782715e-01 7.529489398002624512e-01 8.582417964935302734e-01 1.037539169192314148e-01 3.745629191398620605e-01 6.082231998443603516e-01
5.416975021362304688e-01 6.685218214988708496e-01 4.935140013694763184e-01 2.465650066733360291e-02 5.878254771232604980e-01 6.987134218215942383e-01 3.131889998912811279e-01 4.390735924243927002e-01 5.697804093360900879e-01 3.534674346446990967e-01 3.211748301982879639e-01 5.749619007110595703e-01 4.901028275489807129e-01 4.367432594299316406e-01
7.552700042724609375e-01 2.058493345975875854e-01 4.871369898319244385e-01 6.214749813079833984e-01 6.112792491912841797e-01 2.835598886013031006e-01 5.896919965744018555e-01 7.536282539367675781e-01 4.562912583351135254e-01 6.880636215209960938e-01 6.035990715026855469e-01 6.038329601287841797e-01 4.370970726013183594e-01 3.694836795330047607e-01
8.721749782562255859e-01 4.224916696548461914e-01 2.696232497692108154e-01 5.294724702835083008e-01 8.450499922037124634e-02 8.036802709102630615e-02 7.970975041389465332e-01 9.468728303909301758e-01 5.459954738616943359e-01 3.509108126163482666e-01 6.843621730804443359e-01 8.550401031970977783e-02 4.464044272899627686e-01 7.712360620498657227e-01
5.297974944114685059e-01 2.267381697893142700e-01 9.610419869422912598e-01 3.573409914970397949e-01 3.243822455406188965e-01 1.476016193628311157e-01 3.081533312797546387e-02 6.742871403694152832e-01 3.477416038513183594e-01 7.144804000854492188e-01 4.276932775974273682e-01 4.043978452682495117e-01 5.239220261573791504e-01 4.405637085437774658e-01
2.504475116729736328e-01 2.833483219146728516e-01 4.003742635250091553e-01 5.166199803352355957e-01 8.828527331352233887e-01 6.694873571395874023e-01 7.449062466621398926e-01 2.569224238395690918e-01 3.176948130130767822e-01 5.598290562629699707e-01 4.207329154014587402e-01 8.551673889160156250e-01 5.902712345123291016e-01 4.667643010616302490e-01
1.127125024795532227e-01 2.877111732959747314e-01 2.880587577819824219e-01 9.813699722290039062e-01 1.177722513675689697e-01 6.219356656074523926e-01 1.769309937953948975e-01 1.196768507361412048e-01 4.534097313880920410e-01 5.073027014732360840e-01 6.986377835273742676e-01 1.353078186511993408e-01 5.256999135017395020e-01 6.301109790802001953e-01
8.195599913597106934e-01 4.422656595706939697e-01 7.440090179443359375e-01 7.224174737930297852e-01 8.534552454948425293e-01 1.439448446035385132e-01 1.702986657619476318e-01 8.321756124496459961e-01 5.617919564247131348e-01 6.773269772529602051e-01 8.330887556076049805e-01 8.070356845855712891e-01 3.617611229419708252e-01 3.769709467887878418e-01
1.588474959135055542e-01 4.303905069828033447e-01 2.112354934215545654e-01 8.250399678945541382e-02 4.347400069236755371e-01 5.471823215484619141e-01 9.030123353004455566e-01 2.385490238666534424e-01 4.652570486068725586e-01 1.196682825684547424e-01 1.437334567308425903e-01 4.966798126697540283e-01 6.038694977760314941e-01 6.329469084739685059e-01
2.307025045156478882e-01 7.518898248672485352e-01 4.819582402706146240e-01 9.245675206184387207e-01 6.715862751007080078e-01 2.127910107374191284e-01 3.505496680736541748e-01 2.261489927768707275e-01 6.465451717376708984e-01 5.279117822647094727e-01 8.898369669914245605e-01 7.969689965248107910e-01 3.138210177421569824e-01 5.169306397438049316e-01
8.450599908828735352e-01 8.086674809455871582e-01 3.377422392368316650e-01 9.776399731636047363e-01 1.778647452592849731e-01 7.802458405494689941e-01 5.932933092117309570e-01 9.482645392417907715e-01 7.631942033767700195e-01 2.845877707004547119e-01 8.004590868949890137e-01 2.372181266546249390e-01 3.292028009891510010e-01 6.756199002265930176e-01
7.982999831438064575e-02 2.523464858531951904e-01 4.447687566280364990e-01 3.116492629051208496e-01 9.649107456207275391e-01 2.590162754058837891e-01 3.339713215827941895e-01 7.523860037326812744e-02 3.874595761299133301e-01 7.979834079742431641e-01 5.768573880195617676e-01 8.939301967620849609e-01 5.849616527557373047e-01 3.213268220424652100e-01
8.058149814605712891e-01 6.100363135337829590e-01 6.687927246093750000e-01 9.147725105285644531e-01 7.714497447013854980e-01 2.177344411611557007e-01 2.561233378946781158e-02 8.758489489555358887e-01 5.003314614295959473e-01 6.376431584358215332e-01 8.582338690757751465e-01 8.254889249801635742e-01 4.143028259277343750e-01 4.529168605804443359e-01
7.192649841308593750e-01 7.686201930046081543e-01 2.673182487487792969e-01 5.070800185203552246e-01 6.556162238121032715e-01 5.536083579063415527e-01 5.703963041305541992e-01 7.133082151412963867e-01 5.876578092575073242e-01 2.822719812393188477e-01 4.163423180580139160e-01 6.688762903213500977e-01 4.507849812507629395e-01 5.299372076988220215e-01
3.285799920558929443e-01 1.742128282785415649e-01 7.692499756813049316e-01 7.350174784660339355e-01 5.880115032196044922e-01 7.006379961967468262e-01 9.078453183174133301e-01 4.077248573303222656e-01 2.328552305698394775e-01 6.850689649581909180e-01 6.879452466964721680e-01 6.111463308334350586e-01 5.612354874610900879e-01 5.927603840827941895e-01
7.492200136184692383e-01 6.012636423110961914e-01 2.865747511386871338e-01 4.755609929561614990e-01 2.049469947814941406e-01 4.405696988105773926e-01 2.813056707382202148e-01 6.874904036521911621e-01 6.323652863502502441e-01 4.925330281257629395e-01 4.837694764137268066e-01 1.950521171092987061e-01 4.517114162445068359e-01 4.282504022121429443e-01
1.658699959516525269e-01 4.959684908390045166e-01 9.346642494201660156e-01 8.718400001525878906e-01 5.821499824523925781e-01 6.459947228431701660e-01 7.166654467582702637e-01 1.898276954889297485e-01 2.997857034206390381e-01 7.268123626708984375e-01 7.531322240829467773e-01 6.688045263290405273e-01 5.262947082519531250e-01 5.422214865684509277e-01
6.464049816131591797e-01 3.320885002613067627e-01 5.331119894981384277e-01 9.863100200891494751e-02 2.601794898509979248e-01 7.171387672424316406e-01 9.348137974739074707e-01 5.267780423164367676e-01 4.389985799789428711e-01 6.012483835220336914e-01 2.729339599609375000e-01 1.650669872760772705e-01 6.086209416389465332e-01 4.462678730487823486e-01
8.904625177383422852e-01 4.613531529903411865e-01 4.721432626247406006e-01 5.135524868965148926e-01 3.900157511234283447e-01 4.170095026493072510e-01 3.518146574497222900e-01 9.269047975540161133e-01 5.917290449142456055e-01 5.194793939590454102e-01 5.305143594741821289e-01 4.721896648406982422e-01 4.187753200531005859e-01 4.683225154876708984e-01
4.302625060081481934e-01 2.810098230838775635e-01 7.762432694435119629e-01 5.599550008773803711e-01 3.048110008239746094e-01 3.174351453781127930e-01 3.220919966697692871e-01 4.665361344814300537e-01 2.968627810478210449e-01 7.497701644897460938e-01 5.217369794845581055e-01 3.885384798049926758e-01 5.109219551086425781e-01 4.873779118061065674e-01
4.358499869704246521e-02 5.277578234672546387e-01 8.832332491874694824e-01 9.970074892044067383e-01 5.555642247200012207e-01 5.639045238494873047e-01 9.356014728546142578e-01 1.578495465219020844e-02 4.513382911682128906e-01 8.038777112960815430e-01 9.464859962463378906e-01 4.656522572040557861e-01 3.456426858901977539e-01 6.776543259620666504e-01
5.321099758148193359e-01 2.957693338394165039e-01 2.727074921131134033e-01 9.602950215339660645e-01 3.113592565059661865e-01 7.684116363525390625e-01 1.962223351001739502e-01 4.307267367839813232e-01 4.170390069484710693e-01 6.493110060691833496e-01 5.983460545539855957e-01 3.389241695404052734e-01 4.487918317317962646e-01 4.856037199497222900e-01
9.889224767684936523e-01 4.733573198318481445e-01 7.809439897537231445e-01 4.756850004196166992e-01 5.477662682533264160e-01 9.675707221031188965e-01 5.898826718330383301e-01 9.362123608589172363e-01 3.158664107322692871e-01 7.189449667930603027e-01 4.499883949756622314e-01 6.065716147422790527e-01 5.511882901191711426e-01 4.313760101795196533e-01
8.844900131225585938e-01 7.488093376159667969e-01 3.287997543811798096e-01 7.859749794006347656e-01 9.571449756622314453e-01 1.469782888889312744e-01 1.796603351831436157e-01 7.702444195747375488e-01 5.443362593650817871e-01 5.860217213630676270e-01 6.666738986968994141e-01 8.719967007637023926e-01 4.354014396667480469e-01 3.560558855533599854e-01
1.406275033950805664e-01 5.856565237045288086e-01 4.085149988532066345e-02 3.983109891414642334e-01 9.426630139350891113e-01 7.315694093704223633e-01 8.165760040283203125e-01 8.857551962137222290e-02 7.018710970878601074e-01 2.520721554756164551e-01 3.135079145431518555e-01 8.552567362785339355e-01 5.203300714492797852e-01 3.148261308670043945e-01
5.027449727058410645e-01 5.095480084419250488e-01 8.963407278060913086e-01 1.512337476015090942e-01 4.184592366218566895e-01 9.644466638565063477e-01 3.596040010452270508e-01 4.869739711284637451e-01 4.339061677455902100e-01 6.989983320236206055e-01 3.557029962539672852e-01 4.142604172229766846e-01 5.171750187873840332e-01 3.371993005275726318e-01
7.180075049400329590e-01 5.600948333740234375e-01 5.534625053405761719e-01 4.424625039100646973e-01 3.334434926509857178e-01 8.625479936599731445e-01 5.140339732170104980e-01 6.590855717658996582e-01 5.727107524871826172e-01 6.137094497680664062e-01 4.046054184436798096e-01 2.870041131973266602e-01 4.657088220119476318e-01 3.340106904506683350e-01
8.111425042152404785e-01 3.810715079307556152e-01 9.915145039558410645e-01 9.932625293731689453e-01 7.405955195426940918e-01 7.845013141632080078e-01 3.326849937438964844e-01 8.373713493347167969e-01 2.713168859481811523e-01 7.776465415954589844e-01 8.830569982528686523e-01 8.060757517814636230e-01 4.955063164234161377e-01 4.641767144203186035e-01
4.876824915409088135e-01 4.412226676940917969e-01 1.316102445125579834e-01 8.695049881935119629e-01 4.777505099773406982e-01 3.954051434993743896e-01 5.039799958467483521e-02 6.193797588348388672e-01 5.433612465858459473e-01 3.056148588657379150e-01 5.577204227447509766e-01 5.686923265457153320e-01 4.606193602085113525e-01 6.040862202644348145e-01
5.334299802780151367e-01 2.057266682386398315e-01 7.236487269401550293e-01 2.885389924049377441e-01 7.802265286445617676e-01 7.101064920425415039e-01 5.062836408615112305e-01 5.119747519493103027e-01 3.243919312953948975e-01 7.239332795143127441e-01 4.075288474559783936e-01 7.321227788925170898e-01 5.617249011993408203e-01 3.331893980503082275e-01
5.403274893760681152e-01 2.234033346176147461e-01 3.753154873847961426e-01 5.154374837875366211e-01 2.419465035200119019e-01 6.113628149032592773e-01 8.194503188133239746e-01 5.241084694862365723e-01 3.858681917190551758e-01 6.433315277099609375e-01 3.964315056800842285e-01 2.176019847393035889e-01 5.514999032020568848e-01 5.016517639160156250e-01
2.090924978256225586e-01 7.794713377952575684e-01 5.002560019493103027e-01 8.273224830627441406e-01 3.914034962654113770e-01 2.420175820589065552e-02 7.428545951843261719e-01 2.753204405307769775e-01 6.388089656829833984e-01 5.553126931190490723e-01 7.036837935447692871e-01 3.550874888896942139e-01 3.596109151840209961e-01 4.296589493751525879e-01
8.623449802398681641e-01 6.626321673393249512e-01 2.115387469530105591e-01 8.975399732589721680e-01 1.212925016880035400e-01 7.023661732673645020e-01 4.856886565685272217e-01 9.197317957878112793e-01 7.004229426383972168e-01 3.077142238616943359e-01 7.313287258148193359e-01 1.682667583227157593e-01 3.796241581439971924e-01 6.778008341789245605e-01
4.557699859142303467e-01 2.035633325576782227e-01 6.224024891853332520e-01 5.323650240898132324e-01 9.583024978637695312e-01 4.734882712364196777e-01 8.875754475593566895e-01 5.789417028427124023e-01 2.379004508256912231e-01 6.034184694290161133e-01 7.507367134094238281e-01 8.635340332984924316e-01 5.947970151901245117e-01 5.441510677337646484e-01
8.217500150203704834e-02 4.042528271675109863e-01 2.633709907531738281e-01 5.008850097656250000e-01 7.902914881706237793e-01 1.384773701429367065e-01 6.386073231697082520e-01 1.104755550622940063e-01 5.439875125885009766e-01 5.087811946868896484e-01 5.306182503700256348e-01 7.415268421173095703e-01 4.819090366363525391e-01 4.714652597904205322e-01
2.077874988317489624e-01 7.193776369094848633e-01 4.863577485084533691e-01 4.365715086460113525e-01 9.227727651596069336e-01 4.660186767578125000e-01 5.291499942541122437e-02 1.732346862554550171e-01 5.457559823989868164e-01 6.163925528526306152e-01 3.812187910079956055e-01 9.317919611930847168e-01 5.291596055030822754e-01 2.566054761409759521e-01
4.823800027370452881e-01 6.737746596336364746e-01 8.059129714965820312e-01 1.223495006561279297e-01 7.907500267028808594e-01 7.789705991744995117e-01 8.932219743728637695e-01 5.214104056358337402e-01 3.909677863121032715e-01 3.473185896873474121e-01 2.974014282226562500e-01 7.614563107490539551e-01 5.128477215766906738e-01 5.412905216217041016e-01
9.685925245285034180e-01 4.140959978103637695e-01 8.527389764785766602e-01 7.307599782943725586e-01 9.126800298690795898e-02 4.492133259773254395e-01 4.995933175086975098e-02 9.858947992324829102e-01 4.131554663181304932e-01 5.475587844848632812e-01 9.479554891586303711e-01 2.480282187461853027e-01 3.984878361225128174e-01 8.679511547088623047e-01
9.897900223731994629e-01 5.829196572303771973e-01 1.453949958086013794e-01 2.517459988594055176e-01 6.864047646522521973e-01 6.584630012512207031e-01 6.456410288810729980e-01 7.970703244209289551e-01 3.940071761608123779e-01 3.802312314510345459e-01 2.001591175794601440e-01 6.908683180809020996e-01 5.249314308166503906e-01 4.958979785442352295e-01
5.386974811553955078e-01 4.717078208923339844e-01 5.466474890708923340e-01 5.241150259971618652e-01 9.801027774810791016e-01 8.318531513214111328e-01 4.672723412513732910e-01 5.780652761459350586e-01 4.117095172405242920e-01 5.442102551460266113e-01 3.793352544307708740e-01 9.170918464660644531e-01 5.570060014724731445e-01 3.217563033103942871e-01
9.927750229835510254e-01 2.767311632633209229e-01 8.149319887161254883e-01 7.502725124359130859e-01 7.623825073242187500e-01 8.075518012046813965e-01 5.116379857063293457e-01 9.123808145523071289e-01 2.640492022037506104e-01 7.396295666694641113e-01 7.466061115264892578e-01 8.064886927604675293e-01 5.686958432197570801e-01 4.343023002147674561e-01
3.990199863910675049e-01 2.346338331699371338e-01 8.860499598085880280e-03 5.298200249671936035e-01 1.841422468423843384e-01 9.893446564674377441e-01 6.010853052139282227e-01 4.120194017887115479e-01 5.127786993980407715e-01 1.624065339565277100e-01 2.312244176864624023e-01 2.038147300481796265e-01 6.231392025947570801e-01 5.980960130691528320e-01
2.251800000667572021e-01 6.177623271942138672e-01 8.442917466163635254e-01 4.716185033321380615e-01 7.483630180358886719e-01 6.845041513442993164e-01 1.784026622772216797e-01 2.522165477275848389e-01 3.918550014495849609e-01 6.260378956794738770e-01 3.697045743465423584e-01 8.554300665855407715e-01 5.816875100135803223e-01 3.507693707942962646e-01
6.615149974822998047e-01 4.841718375682830811e-01 8.136177659034729004e-01 6.965249776840209961e-01 5.985814929008483887e-01 1.196264624595642090e-01 4.875413477420806885e-01 6.397169232368469238e-01 3.395352959632873535e-01 7.321567535400390625e-01 6.891736388206481934e-01 6.382483839988708496e-01 4.653790295124053955e-01 4.196943044662475586e-01
2.118825018405914307e-01 5.305439829826354980e-01 4.217147529125213623e-01 8.362525105476379395e-01 6.373779773712158203e-01 3.057251572608947754e-01 9.551899880170822144e-02 2.363101541996002197e-01 4.474406242370605469e-01 4.906767606735229492e-01 7.793481349945068359e-01 7.256613969802856445e-01 4.771608412265777588e-01 5.856929421424865723e-01
2.107125073671340942e-01 6.612021923065185547e-01 9.766765236854553223e-01 5.544275045394897461e-01 5.391610264778137207e-01 7.118383646011352539e-01 6.030480265617370605e-01 2.037626057863235474e-01 5.301880836486816406e-01 6.066452264785766602e-01 6.971902251243591309e-01 5.489349365234375000e-01 4.049344062805175781e-01 4.894022941589355469e-01
2.731449902057647705e-01 2.497496604919433594e-01 2.055637538433074951e-01 3.289087414741516113e-01 9.290124773979187012e-01 7.428917884826660156e-01 6.367613077163696289e-01 2.765818536281585693e-01 4.538389742374420166e-01 4.619758725166320801e-01 1.987030208110809326e-01 8.505389690399169922e-01 5.389386415481567383e-01 3.798639178276062012e-01
1.099374964833259583e-01 8.203533291816711426e-01 3.436962366104125977e-01 4.942519962787628174e-01 7.096842527389526367e-01 6.930471658706665039e-01 6.743325591087341309e-01 7.574398070573806763e-02 6.888447403907775879e-01 3.163929879665374756e-01 3.511283993721008301e-01 8.343799114227294922e-01 5.014820098876953125e-01 3.379603028297424316e-01
2.014500088989734650e-02 1.732639968395233154e-01 4.892455041408538818e-01 1.087822467088699341e-01 1.699250005185604095e-02 2.432075738906860352e-01 6.785438060760498047e-01 3.787732124328613281e-02 3.058470785617828369e-01 7.694877982139587402e-01 4.819536805152893066e-01 7.410165388137102127e-03 6.980456709861755371e-01 6.139778494834899902e-01
1.843499988317489624e-01 4.640919864177703857e-01 2.547335028648376465e-01 7.003600001335144043e-01 7.372199743986129761e-02 7.555744647979736328e-01 9.924200177192687988e-02 2.061887532472610474e-01 5.031873583793640137e-01 4.281345903873443604e-01 4.429565370082855225e-01 1.475893855094909668e-01 5.840418934822082520e-01 5.377684235572814941e-01
1.695374995470046997e-01 3.830703198909759521e-01 6.557847261428833008e-01 3.081764876842498779e-01 2.749992609024047852e-01 4.547604918479919434e-01 3.954069912433624268e-01 2.438592761754989624e-01 5.157996416091918945e-01 6.994226574897766113e-01 5.534736514091491699e-01 2.355186790227890015e-01 4.396435022354125977e-01 3.916224539279937744e-01
7.851099967956542969e-01 2.838208377361297607e-01 4.859574884176254272e-02 7.275325059890747070e-01 6.494047641754150391e-01 2.689580917358398438e-01 2.365169972181320190e-01 8.084416985511779785e-01 4.199320375919342041e-01 3.177550733089447021e-01 5.085909366607666016e-01 7.377735972404479980e-01 4.943158328533172607e-01 6.207134127616882324e-01
1.243700012564659119e-01 4.635013341903686523e-01 3.702797591686248779e-01 2.614215016365051270e-01 3.172562420368194580e-01 6.493861675262451172e-01 2.214876711368560791e-01 1.812719404697418213e-01 4.265306293964385986e-01 2.053081840276718140e-01 1.349242329597473145e-01 5.002803206443786621e-01 6.265816688537597656e-01 5.958728790283203125e-01
4.293375015258789062e-01 2.440201640129089355e-01 3.409104943275451660e-01 8.306199908256530762e-01 4.029132425785064697e-01 6.610777974128723145e-01 8.140576481819152832e-01 3.416780233383178711e-01 4.562542140483856201e-01 6.677669286727905273e-01 7.139642238616943359e-01 3.140033185482025146e-01 4.012229144573211670e-01 4.853568077087402344e-01
6.942524909973144531e-01 4.803601801395416260e-01 6.735829710960388184e-01 7.635650038719177246e-01 3.130332529544830322e-01 4.330886006355285645e-01 1.816383302211761475e-01 8.623372316360473633e-01 3.773364126682281494e-01 6.913750171661376953e-01 4.756542146205902100e-01 4.090066552162170410e-01 5.060947537422180176e-01 4.717871844768524170e-01
8.758825063705444336e-01 3.527486622333526611e-01 9.108337759971618652e-01 8.457400202751159668e-01 2.928059995174407959e-01 5.732141137123107910e-01 8.437833786010742188e-01 9.412294626235961914e-01 2.789180576801300049e-01 7.296124100685119629e-01 9.082411527633666992e-01 3.439525067806243896e-01 4.523112475872039795e-01 7.578621506690979004e-01
4.967449903488159180e-01 7.593383193016052246e-01 1.583234965801239014e-01 8.866599798202514648e-01 6.204787492752075195e-01 4.469740390777587891e-01 5.974843502044677734e-01 5.428367257118225098e-01 6.832863092422485352e-01 9.482736140489578247e-02 7.865295410156250000e-01 6.598298549652099609e-01 3.939577341079711914e-01 7.566598653793334961e-01
9.766799807548522949e-01 4.110870063304901123e-01 2.983307540416717529e-01 3.890700042247772217e-01 4.752174913883209229e-01 7.957282066345214844e-01 8.552070856094360352e-01 9.281844496726989746e-01 5.396780371665954590e-01 3.074059188365936279e-01 3.480992317199707031e-01 5.223372578620910645e-01 4.630874097347259521e-01 5.889186859130859375e-01
6.968499720096588135e-02 8.173441886901855469e-01 7.575384974479675293e-01 6.486575007438659668e-01 8.568019866943359375e-01 3.175308182835578918e-02 4.786063432693481445e-01 7.260358333587646484e-02 6.389609575271606445e-01 6.414831280708312988e-01 7.448346018791198730e-01 9.283472299575805664e-01 3.963454961776733398e-01 3.370976746082305908e-01
8.385549783706665039e-01 6.141798496246337891e-01 8.400982618331909180e-01 6.058375239372253418e-01 4.839950054883956909e-02 2.811928391456604004e-01 3.290836811065673828e-01 9.625070691108703613e-01 5.132336616516113281e-01 5.135740041732788086e-01 8.720994591712951660e-01 1.061746552586555481e-01 3.837899863719940186e-01 8.002295494079589844e-01
3.107500076293945312e-02 2.337059974670410156e-01 6.422512531280517578e-01 8.201799988746643066e-01 9.925119876861572266e-01 8.998229354619979858e-02 9.918475151062011719e-01 2.873877063393592834e-02 3.080343008041381836e-01 8.980194330215454102e-01 8.551161289215087891e-01 5.623967051506042480e-01 4.340762197971343994e-01 5.615535378456115723e-01
8.731424808502197266e-01 1.976723372936248779e-01 7.636805176734924316e-01 3.970742523670196533e-01 4.516409933567047119e-01 8.355248570442199707e-01 3.589493334293365479e-01 8.865257501602172852e-01 2.948181927204132080e-01 7.164704799652099609e-01 4.184451997280120850e-01 5.213286876678466797e-01 5.604667067527770996e-01 4.617998898029327393e-01
6.385675072669982910e-01 5.164849758148193359e-01 8.268727660179138184e-01 9.576175212860107422e-01 6.633312702178955078e-01 7.092039585113525391e-01 4.020606577396392822e-01 7.693714499473571777e-01 3.527897000312805176e-01 6.586113572120666504e-01 7.818590402603149414e-01 7.410985827445983887e-01 4.929644167423248291e-01 4.871781766414642334e-01
9.980174899101257324e-01 7.844493389129638672e-01 4.801585078239440918e-01 4.079844951629638672e-01 2.022745013236999512e-01 2.526359558105468750e-01 3.866963386535644531e-01 9.596098661422729492e-01 5.621963143348693848e-01 4.601625204086303711e-01 5.013647079467773438e-01 2.674715518951416016e-01 4.437832832336425781e-01 6.027649641036987305e-01
2.775624990463256836e-01 6.470296382904052734e-01 4.572544991970062256e-01 9.748049974441528320e-01 8.521760106086730957e-01 4.699597060680389404e-01 8.959758877754211426e-01 2.216703891754150391e-01 5.458456873893737793e-01 4.446322321891784668e-01 9.565370678901672363e-01 8.595933914184570312e-01 3.791096508502960205e-01 6.629322171211242676e-01
2.570349872112274170e-01 4.388005137443542480e-01 6.577129960060119629e-01 9.676625132560729980e-01 3.413027524948120117e-01 7.309765815734863281e-01 9.808143377304077148e-01 2.379050701856613159e-01 4.092149138450622559e-01 6.873867511749267578e-01 7.634419798851013184e-01 1.946761012077331543e-01 4.188053309917449951e-01 5.565018057823181152e-01
5.884999874979257584e-03 8.094981908798217773e-01 5.221369862556457520e-01 3.898167610168457031e-01 9.821050167083740234e-01 6.448975801467895508e-01 3.125283420085906982e-01 2.068790197372436523e-01 4.710758626461029053e-01 5.308480560779571533e-02 4.957924131304025650e-03 7.819258570671081543e-01 9.602295756340026855e-01 1.145901307463645935e-01
8.309249877929687500e-01 7.323151826858520508e-01 5.342345237731933594e-01 6.996424794197082520e-01 5.627985000610351562e-01 6.865467429161071777e-01 5.763083100318908691e-01 8.399788737297058105e-01 5.277637243270874023e-01 4.365412592887878418e-01 5.432924628257751465e-01 6.482946872711181641e-01 4.591061174869537354e-01 5.268765687942504883e-01
3.532500006258487701e-03 5.339141488075256348e-01 7.152537703514099121e-01 6.727725267410278320e-01 7.744114995002746582e-01 7.662025094032287598e-01 6.485173106193542480e-01 3.551451116800308228e-02 5.752964615821838379e-01 6.765679717063903809e-01 5.217629075050354004e-01 8.469302058219909668e-01 5.084981322288513184e-01 3.415953218936920166e-01
1.424324959516525269e-01 8.081420063972473145e-01 4.390029907226562500e-01 2.336760014295578003e-01 1.226679980754852295e-01 4.396421089768409729e-02 9.580381512641906738e-01 2.345229983329772949e-01 6.735268235206604004e-01 4.716857671737670898e-01 5.046438574790954590e-01 7.883016020059585571e-02 4.953346848487854004e-01 3.973119556903839111e-01
1.597075015306472778e-01 5.399438142776489258e-01 8.310687541961669922e-01 1.744832545518875122e-01 2.999460101127624512e-01 8.250668644905090332e-01 8.335250020027160645e-01 1.760532110929489136e-01 4.112961292266845703e-01 6.043217182159423828e-01 2.222906798124313354e-01 3.233372271060943604e-01 6.352142691612243652e-01 4.672752618789672852e-01
1.864224970340728760e-01 7.968623042106628418e-01 1.460539996623992920e-01 4.094704985618591309e-01 3.413322567939758301e-01 3.719622194766998291e-01 7.374163866043090820e-01 1.824368685483932495e-01 6.352888345718383789e-01 8.182030916213989258e-02 5.608010888099670410e-01 4.310916960239410400e-01 4.887617528438568115e-01 7.137230038642883301e-01
6.277700066566467285e-01 6.250895261764526367e-01 2.592760026454925537e-01 6.830450296401977539e-01 5.038654804229736328e-01 3.044649362564086914e-01 8.945277929306030273e-01 7.308688163757324219e-01 5.563755035400390625e-01 2.531895041465759277e-01 5.335299372673034668e-01 5.316682457923889160e-01 4.611389338970184326e-01 6.392724514007568359e-01
3.888500109314918518e-02 5.458783507347106934e-01 2.316622436046600342e-01 2.073654979467391968e-01 4.549207389354705811e-01 7.230187058448791504e-01 7.494988441467285156e-01 7.538333535194396973e-02 6.095716357231140137e-01 3.011752068996429443e-01 3.082988858222961426e-01 3.212309777736663818e-01 6.299919486045837402e-01 4.728170633316040039e-01
4.975925087928771973e-01 1.914699971675872803e-01 7.903527617454528809e-01 8.565700054168701172e-01 7.395922541618347168e-01 1.769916117191314697e-01 6.669698953628540039e-01 5.055893063545227051e-01 2.375259250402450562e-01 8.136541843414306641e-01 8.939812779426574707e-01 7.370368838310241699e-01 4.667828977108001709e-01 4.989447295665740967e-01
6.851475238800048828e-01 4.911438226699829102e-01 7.559949904680252075e-02 2.256969958543777466e-01 7.490312457084655762e-01 9.518651366233825684e-01 8.883943557739257812e-01 5.678750872611999512e-01 5.306481122970581055e-01 1.807444244623184204e-01 2.018240094184875488e-01 6.584815382957458496e-01 5.065043568611145020e-01 5.363517403602600098e-01
1.415800005197525024e-01 2.402359992265701294e-01 5.730272531509399414e-01 9.371000342071056366e-03 2.378759980201721191e-01 3.296287953853607178e-01 7.775235772132873535e-01 1.890977621078491211e-01 4.630842804908752441e-01 6.788061857223510742e-01 3.534634411334991455e-01 1.714780032634735107e-01 5.790417790412902832e-01 4.246399700641632080e-01
8.044899702072143555e-01 6.944448351860046387e-01 2.532307505607604980e-01 9.372799992561340332e-01 9.362249635159969330e-03 4.991972744464874268e-01 6.282786726951599121e-01 9.450199007987976074e-01 7.318042516708374023e-01 1.906656324863433838e-01 8.900495171546936035e-01 6.936475634574890137e-02 3.514946103096008301e-01 8.359494209289550781e-01
8.453875184059143066e-01 3.597314953804016113e-01 8.074129819869995117e-01 6.165624856948852539e-01 8.759710192680358887e-01 1.585176736116409302e-01 5.073663592338562012e-01 7.682923674583435059e-01 2.357298731803894043e-01 8.011891841888427734e-01 7.801673412322998047e-01 8.435159325599670410e-01 5.546097755432128906e-01 3.601104915142059326e-01
3.063200116157531738e-01 7.977858185768127441e-01 5.129082202911376953e-01 2.442390024662017822e-01 5.247684717178344727e-01 7.088058590888977051e-01 8.468981385231018066e-01 3.762016296386718750e-01 5.107440948486328125e-01 1.364621669054031372e-01 2.575964629650115967e-01 6.075521111488342285e-01 5.150993466377258301e-01 6.352503299713134766e-01
4.158050119876861572e-01 1.947340071201324463e-01 1.264699995517730713e-01 4.490857422351837158e-01 1.042670011520385742e-01 8.916791081428527832e-01 1.803310066461563110e-01 4.214364290237426758e-01 4.944748878479003906e-01 3.121061623096466064e-01 2.535171210765838623e-01 1.296027004718780518e-01 6.445154547691345215e-01 5.256682634353637695e-01
2.509750053286552429e-02 6.435148119926452637e-01 5.335814952850341797e-01 6.083174943923950195e-01 4.093345105648040771e-01 3.453432321548461914e-01 5.391696691513061523e-01 2.890617400407791138e-02 6.331021785736083984e-01 6.142671704292297363e-01 7.814171314239501953e-01 4.418753683567047119e-01 3.838383853435516357e-01 5.545907020568847656e-01
4.750925004482269287e-01 4.300971627235412598e-01 5.615410208702087402e-01 6.989399790763854980e-01 9.905614852905273438e-01 4.089313093572854996e-03 6.365713477134704590e-01 4.259633123874664307e-01 6.050115823745727539e-01 6.871415972709655762e-01 8.856776952743530273e-01 8.529851436614990234e-01 3.017951548099517822e-01 3.766786456108093262e-01
8.507875204086303711e-01 3.962140083312988281e-01 4.785777628421783447e-01 6.876674890518188477e-01 7.318105101585388184e-01 5.346573591232299805e-01 8.751931786537170410e-01 7.384513616561889648e-01 3.740925490856170654e-01 5.837101936340332031e-01 7.875849008560180664e-01 7.054825425148010254e-01 4.883741736412048340e-01 5.576685070991516113e-01
4.054074883460998535e-01 7.553371787071228027e-01 3.305859863758087158e-01 5.773050189018249512e-01 3.429242372512817383e-01 8.511605672538280487e-03 7.901139259338378906e-01 4.362733066082000732e-01 6.368690729141235352e-01 3.721897602081298828e-01 5.622821450233459473e-01 2.813391387462615967e-01 4.465423524379730225e-01 4.860817193984985352e-01
2.369800060987472534e-01 3.631036579608917236e-01 5.800930261611938477e-01 1.775784939527511597e-01 1.086170002818107605e-01 5.787756443023681641e-01 6.950903534889221191e-01 2.784367799758911133e-01 4.508625566959381104e-01 6.486940979957580566e-01 3.916858136653900146e-01 1.095461323857307434e-01 5.684122443199157715e-01 4.524907171726226807e-01
2.872075140476226807e-01 6.344143152236938477e-01 5.566402673721313477e-01 7.772175073623657227e-01 8.578725159168243408e-02 2.813133299350738525e-01 1.087233331054449081e-02 3.225996792316436768e-01 5.666090846061706543e-01 6.179714202880859375e-01 7.153029441833496094e-01 1.524767577648162842e-01 3.811837136745452881e-01 4.615108668804168701e-01
7.159324884414672852e-01 2.209813296794891357e-01 9.139750003814697266e-01 6.674349904060363770e-01 6.595525145530700684e-02 2.601666748523712158e-01 1.492770016193389893e-01 8.942031264305114746e-01 1.295889914035797119e-01 7.663576006889343262e-01 7.309582829475402832e-01 1.619183123111724854e-01 5.705196261405944824e-01 8.145000934600830078e-01
5.501924753189086914e-01 2.911836802959442139e-01 3.733937442302703857e-01 7.048925161361694336e-01 5.743070244789123535e-01 3.173181787133216858e-03 9.912912845611572266e-01 6.180929541587829590e-01 3.118288516998291016e-01 6.712172031402587891e-01 3.742710649967193604e-01 4.167669713497161865e-01 5.576695203781127930e-01 5.030675530433654785e-01
7.583525180816650391e-01 1.828928291797637939e-01 6.967425346374511719e-02 4.723342359066009521e-01 2.396295070648193359e-01 7.562177777290344238e-01 6.533933281898498535e-01 7.782231569290161133e-01 4.145140051841735840e-01 2.456635981798171997e-01 1.781010776758193970e-01 3.293674588203430176e-01 5.682166814804077148e-01 6.169581413269042969e-01
9.334899783134460449e-01 6.004208326339721680e-01 9.396717548370361328e-01 8.683699965476989746e-01 6.510177254676818848e-01 9.915614128112792969e-01 5.417066812515258789e-02 9.459079504013061523e-01 5.350460410118103027e-01 6.728712916374206543e-01 8.011723160743713379e-01 7.297580838203430176e-01 3.969461917877197266e-01 4.248297214508056641e-01
8.621374964714050293e-01 7.728329896926879883e-01 2.976202368736267090e-01 7.338975071907043457e-01 9.422677755355834961e-01 1.476058550179004669e-02 3.441919982433319092e-01 8.793721795082092285e-01 7.247170805931091309e-01 2.247813045978546143e-01 6.647385358810424805e-01 8.538560271263122559e-01 3.666054904460906982e-01 5.361260771751403809e-01
1.705050021409988403e-01 3.196843266487121582e-01 1.304792463779449463e-01 6.749500036239624023e-01 1.263882517814636230e-01 7.074759602546691895e-01 9.485461115837097168e-01 1.981688290834426880e-01 3.933374881744384766e-01 9.753842651844024658e-02 6.055981516838073730e-01 5.987855419516563416e-02 6.412662863731384277e-01 8.316997289657592773e-01
2.599124908447265625e-01 7.445809841156005859e-01 3.670677542686462402e-01 4.681879878044128418e-01 2.335840016603469849e-01 8.634638190269470215e-01 8.618876934051513672e-01 3.016143143177032471e-01 5.007608532905578613e-01 1.768281459808349609e-01 2.598679661750793457e-01 3.215341567993164062e-01 5.872477293014526367e-01 6.108388900756835938e-01
3.447274863719940186e-01 3.451788425445556641e-01 6.127752661705017090e-01 9.122575074434280396e-02 3.012742400169372559e-01 1.028555557131767273e-01 4.840236604213714600e-01 4.545168876647949219e-01 4.230102598667144775e-01 6.609737277030944824e-01 2.472988367080688477e-01 3.066866993904113770e-01 6.011953949928283691e-01 3.811322748661041260e-01
3.653349876403808594e-01 5.773816704750061035e-01 1.754840016365051270e-01 9.945824742317199707e-01 3.806675076484680176e-01 3.133946359157562256e-01 3.284020125865936279e-01 3.580071330070495605e-01 6.659593582153320312e-01 4.337563216686248779e-01 7.465517520904541016e-01 3.572928309440612793e-01 3.645789325237274170e-01 4.991309344768524170e-01
7.635974884033203125e-01 6.699454784393310547e-01 7.329542636871337891e-01 8.146175146102905273e-01 8.036440014839172363e-01 3.105475902557373047e-01 2.783353328704833984e-01 8.251985907554626465e-01 4.418548941612243652e-01 6.614715456962585449e-01 7.631703019142150879e-01 8.118419647216796875e-01 4.581804573535919189e-01 4.005402028560638428e-01
6.014350056648254395e-01 5.422124862670898438e-01 1.773484945297241211e-01 4.779844880104064941e-01 9.739720225334167480e-01 1.520858556032180786e-01 4.348326623439788818e-01 6.470870375633239746e-01 5.625781416893005371e-01 4.342267513275146484e-01 3.137159943580627441e-01 8.772749304771423340e-01 4.734602570533752441e-01 3.315163552761077881e-01
3.039849996566772461e-01 5.486879944801330566e-01 4.088182449340820312e-01 2.318372428417205811e-01 2.551124989986419678e-01 9.883172512054443359e-01 4.944766759872436523e-01 2.793684303760528564e-01 5.128822922706604004e-01 4.266296923160552979e-01 2.842885553836822510e-01 2.890330851078033447e-01 5.958538651466369629e-01 4.633625447750091553e-01
4.488224983215332031e-01 4.112294912338256836e-01 1.496777534484863281e-01 3.667697608470916748e-01 2.406329959630966187e-01 1.408270746469497681e-01 3.469326794147491455e-01 4.749125838279724121e-01 5.718091130256652832e-01 4.273807108402252197e-01 3.319237530231475830e-01 2.369652539491653442e-01 5.541132688522338867e-01 4.234612286090850830e-01
6.999250054359436035e-01 5.242549777030944824e-01 5.934012532234191895e-01 1.909639984369277954e-01 5.387642383575439453e-01 9.653626382350921631e-02 2.984826564788818359e-01 7.358833551406860352e-01 3.828661143779754639e-01 6.068489551544189453e-01 2.726804614067077637e-01 6.651695966720581055e-01 5.513187646865844727e-01 3.681616485118865967e-01
4.688574969768524170e-01 6.967204809188842773e-01 6.375045180320739746e-01 9.711949825286865234e-01 4.190987646579742432e-01 3.063127398490905762e-01 8.324115276336669922e-01 4.779545962810516357e-01 5.739862918853759766e-01 5.877264738082885742e-01 7.657710313796997070e-01 3.704267144203186035e-01 3.593050837516784668e-01 4.738249480724334717e-01
9.539949893951416016e-01 4.410711526870727539e-01 2.958847582340240479e-01 8.785600066184997559e-01 2.438982427120208740e-01 5.410260558128356934e-01 5.579919815063476562e-01 9.246742725372314453e-01 3.710891306400299072e-01 6.164281964302062988e-01 6.323766112327575684e-01 2.971293330192565918e-01 4.932150840759277344e-01 6.642760038375854492e-01
1.856674998998641968e-01 3.681085109710693359e-01 7.408312559127807617e-01 5.961000174283981323e-02 6.048374772071838379e-01 6.877787709236145020e-01 6.671070456504821777e-01 1.926336586475372314e-01 3.691653013229370117e-01 5.564756393432617188e-01 1.975889354944229126e-01 6.102958321571350098e-01 5.887777209281921387e-01 4.874472320079803467e-01
3.244425058364868164e-01 5.582485198974609375e-01 8.422524929046630859e-01 7.574449777603149414e-01 6.823350191116333008e-01 3.767365515232086182e-01 7.012336254119873047e-01 4.936076998710632324e-01 3.638501167297363281e-01 5.136334896087646484e-01 8.277317881584167480e-01 7.459961175918579102e-01 5.016822814941406250e-01 6.099691390991210938e-01
2.793950140476226807e-01 3.222376704216003418e-01 6.780025362968444824e-02 1.331344991922378540e-01 6.233947277069091797e-01 8.988487124443054199e-01 2.538770139217376709e-01 2.925975322723388672e-01 5.028296113014221191e-01 2.839598059654235840e-01 1.530783921480178833e-01 5.487484931945800781e-01 6.140832901000976562e-01 4.331562519073486328e-01
2.184700071811676025e-01 7.058413624763488770e-01 6.477707624435424805e-01 6.481500267982482910e-01 8.773875236511230469e-02 3.672913014888763428e-01 3.665679991245269775e-01 2.956220507621765137e-01 5.711863040924072266e-01 6.414228081703186035e-01 6.269801259040832520e-01 1.428255885839462280e-01 4.074860215187072754e-01 4.131928384304046631e-01
6.250475049018859863e-01 5.400835275650024414e-01 7.453424930572509766e-01 7.355249673128128052e-02 3.498100116848945618e-02 2.365493923425674438e-01 3.413033187389373779e-01 6.338880062103271484e-01 3.167455494403839111e-01 5.979307889938354492e-01 3.322531878948211670e-01 8.669413626194000244e-02 6.151641011238098145e-01 6.132999658584594727e-01
1.819974929094314575e-01 4.171600043773651123e-01 9.570422768592834473e-01 6.194900274276733398e-01 2.879522442817687988e-01 3.794939517974853516e-01 4.708479940891265869e-01 2.559263110160827637e-01 3.890651166439056396e-01 7.462694644927978516e-01 5.833430886268615723e-01 3.193665742874145508e-01 4.613567888736724854e-01 4.548048377037048340e-01
5.621899962425231934e-01 7.003980278968811035e-01 8.130949735641479492e-01 4.148829877376556396e-01 6.889425218105316162e-02 8.395439386367797852e-01 9.931287169456481934e-01 3.914148211479187012e-01 4.227864742279052734e-01 3.311939537525177002e-01 6.661196947097778320e-01 9.856467135250568390e-03 5.875141620635986328e-01 7.777029275894165039e-01
9.079974889755249023e-01 5.744446516036987305e-01 8.087807297706604004e-01 9.132850170135498047e-01 3.266774863004684448e-02 3.812755644321441650e-01 1.322650015354156494e-01 9.562679529190063477e-01 1.616459786891937256e-01 7.131428718566894531e-01 9.389733672142028809e-01 1.892456859350204468e-01 5.027636289596557617e-01 8.930339217185974121e-01
2.801625132560729980e-01 5.184839963912963867e-01 5.375907421112060547e-01 2.715537548065185547e-01 3.208297491073608398e-01 3.589427098631858826e-02 3.398246765136718750e-01 3.915652930736541748e-01 5.399827957153320312e-01 6.421272754669189453e-01 4.263434708118438721e-01 2.925755679607391357e-01 4.671078026294708252e-01 3.421660959720611572e-01
4.564700126647949219e-01 3.974293470382690430e-01 8.955454826354980469e-01 8.375924825668334961e-01 1.070287525653839111e-01 7.861267924308776855e-01 7.790951728820800781e-01 3.776050508022308350e-01 2.343033254146575928e-01 7.604814171791076660e-01 7.537196874618530273e-01 1.093878075480461121e-01 4.750897884368896484e-01 6.848794221878051758e-01
7.077299952507019043e-01 2.929836809635162354e-01 7.978332638740539551e-01 8.632000088691711426e-01 3.853679895401000977e-01 1.042263656854629517e-01 7.726418375968933105e-01 8.583199381828308105e-01 2.366646528244018555e-01 7.894154191017150879e-01 6.431609392166137695e-01 4.571533799171447754e-01 5.336284041404724121e-01 5.345388650894165039e-01
6.061325073242187500e-01 5.286773443222045898e-01 9.539045095443725586e-01 6.892575025558471680e-01 1.212900038808584213e-02 6.110888719558715820e-02 2.462996691465377808e-01 8.378722071647644043e-01 2.396639436483383179e-01 6.593528985977172852e-01 7.206252217292785645e-01 1.014586910605430603e-01 5.183297991752624512e-01 7.899704575538635254e-01
6.212524771690368652e-01 8.245003223419189453e-01 4.099594950675964355e-01 7.801525294780731201e-02 7.249559760093688965e-01 4.168257489800453186e-02 4.027393460273742676e-01 6.527491807937622070e-01 5.680109262466430664e-01 2.289819717407226562e-01 3.426227867603302002e-01 7.450793981552124023e-01 4.585532546043395996e-01 5.317148566246032715e-01
6.552500277757644653e-02 7.206093072891235352e-01 5.362802743911743164e-01 2.181712538003921509e-01 3.208550065755844116e-02 8.479651808738708496e-01 6.593620181083679199e-01 7.029278576374053955e-02 5.908873081207275391e-01 5.431317090988159180e-01 2.758137881755828857e-01 1.128339171409606934e-01 6.744965314865112305e-01 4.035722017288208008e-01
8.281549811363220215e-01 7.665309906005859375e-01 4.543867409229278564e-01 5.889175087213516235e-02 9.415049850940704346e-02 8.700953722000122070e-01 1.256183385848999023e-01 9.153862595558166504e-01 5.430806279182434082e-01 1.020629554986953735e-01 1.204609125852584839e-01 1.958789527416229248e-01 5.744388699531555176e-01 6.530558466911315918e-01
6.398875117301940918e-01 6.490081548690795898e-01 1.845210045576095581e-01 2.858589887619018555e-01 1.322290003299713135e-01 7.693094015121459961e-01 8.332080245018005371e-01 5.235936045646667480e-01 6.475759148597717285e-01 1.385962665081024170e-01 3.965575993061065674e-01 9.286779910326004028e-02 5.850286483764648438e-01 6.077011227607727051e-01
9.222974777221679688e-01 1.695683300495147705e-01 6.918812394142150879e-01 4.529255032539367676e-01 5.676717758178710938e-01 2.332700937986373901e-01 2.949563264846801758e-01 8.731824755668640137e-01 2.359477281570434570e-01 8.047338128089904785e-01 5.177929997444152832e-01 6.365973949432373047e-01 5.812185406684875488e-01 3.895732760429382324e-01
5.460575222969055176e-01 6.547381877899169922e-01 3.003992438316345215e-01 7.880575060844421387e-01 6.686909794807434082e-01 8.276858329772949219e-01 6.490746736526489258e-01 6.004490256309509277e-01 5.443438887596130371e-01 2.090274095535278320e-01 6.904923915863037109e-01 7.099631428718566895e-01 4.469604790210723877e-01 6.819596290588378906e-01
6.219025254249572754e-01 3.339833319187164307e-01 9.383512735366821289e-01 4.547325074672698975e-01 4.536375105381011963e-01 8.965011835098266602e-01 4.417913258075714111e-01 6.850345134735107422e-01 3.833725750446319580e-01 7.110984921455383301e-01 4.362383186817169189e-01 5.056751370429992676e-01 5.000848770141601562e-01 3.716186881065368652e-01
6.473749876022338867e-01 3.915891647338867188e-01 5.854149907827377319e-02 9.807475209236145020e-01 1.431844979524612427e-01 4.643613994121551514e-01 4.712750017642974854e-01 7.265504002571105957e-01 6.610351800918579102e-01 3.561946749687194824e-01 6.744596362113952637e-01 1.405322551727294922e-01 4.172719419002532959e-01 5.972673892974853516e-01
4.647425115108489990e-01 5.594635009765625000e-01 1.341187506914138794e-01 6.015449762344360352e-01 2.915255129337310791e-01 8.053122162818908691e-01 8.893100172281265259e-02 4.095380902290344238e-01 5.515422821044921875e-01 2.700194418430328369e-01 3.815452456474304199e-01 3.592257797718048096e-01 5.254610776901245117e-01 5.533464550971984863e-01
1.510374993085861206e-01 7.848830223083496094e-01 6.609975099563598633e-01 9.452524781227111816e-01 8.952019810676574707e-01 1.329793930053710938e-01 6.449783444404602051e-01 1.242210417985916138e-01 6.594336032867431641e-01 6.899808645248413086e-01 9.424394369125366211e-01 9.323971271514892578e-01 2.878542542457580566e-01 4.121909141540527344e-01
9.844375252723693848e-01 7.605218291282653809e-01 9.192675352096557617e-02 5.606024861335754395e-01 5.739262700080871582e-01 7.877938151359558105e-01 3.253839910030364990e-01 8.440936803817749023e-01 6.017417907714843750e-01 3.014754652976989746e-01 3.987328112125396729e-01 5.971606969833374023e-01 4.520341753959655762e-01 5.233317613601684570e-01
3.726199865341186523e-01 3.180755078792572021e-01 4.277029931545257568e-01 3.247597515583038330e-01 3.380219936370849609e-01 5.873375535011291504e-01 7.150733470916748047e-02 3.448005020618438721e-01 4.690352380275726318e-01 6.832953691482543945e-01 4.568771421909332275e-01 3.261373341083526611e-01 4.732319414615631104e-01 3.846108019351959229e-01
4.806424975395202637e-01 5.522184967994689941e-01 7.042227387428283691e-01 2.557342648506164551e-01 1.420274972915649414e-01 4.663622081279754639e-01 7.534304857254028320e-01 4.618915319442749023e-01 4.421072304248809814e-01 6.120535731315612793e-01 3.410558402538299561e-01 1.380122005939483643e-01 5.828584432601928711e-01 4.621187150478363037e-01
9.422450065612792969e-01 5.391541719436645508e-01 2.777699939906597137e-02 7.076324820518493652e-01 6.022179722785949707e-01 6.936286091804504395e-01 7.229866832494735718e-02 8.874439001083374023e-01 7.009515762329101562e-01 1.115299835801124573e-01 5.657693743705749512e-01 6.536949872970581055e-01 3.958029448986053467e-01 6.944044828414916992e-01
1.349425017833709717e-01 5.702876448631286621e-01 2.108024954795837402e-01 3.221405148506164551e-01 3.736524879932403564e-01 1.524286866188049316e-01 9.884206652641296387e-01 2.071327120065689087e-01 5.614581108093261719e-01 3.878528177738189697e-01 3.868886530399322510e-01 1.723202168941497803e-01 5.848325490951538086e-01 4.958999454975128174e-01
9.585174918174743652e-01 6.201810240745544434e-01 8.820164799690246582e-01 2.833409905433654785e-01 8.069437742233276367e-01 1.794200949370861053e-02 4.330543279647827148e-01 9.595127105712890625e-01 6.048613786697387695e-01 3.899519145488739014e-01 6.922590732574462891e-01 8.102552294731140137e-01 4.230466783046722412e-01 5.269470810890197754e-01
7.520924806594848633e-01 3.638750016689300537e-01 6.975737214088439941e-01 9.253150224685668945e-01 1.606742441654205322e-01 3.470104038715362549e-01 8.254791498184204102e-01 9.187485575675964355e-01 2.556592226028442383e-01 6.510183215141296387e-01 8.333733677864074707e-01 1.983652561902999878e-01 4.950845837593078613e-01 8.131793737411499023e-01
4.309675097465515137e-01 4.931598305702209473e-01 7.368220090866088867e-01 8.183075189590454102e-01 6.259367465972900391e-01 8.800421953201293945e-01 4.618873298168182373e-01 4.600653052330017090e-01 3.647189736366271973e-01 6.619623303413391113e-01 5.812409520149230957e-01 6.592664718627929688e-01 5.005588531494140625e-01 4.331572353839874268e-01
9.516075253486633301e-01 6.732609868049621582e-01 6.420667767524719238e-01 1.295922547578811646e-01 5.559595227241516113e-01 1.594765633344650269e-01 4.007033407688140869e-01 8.728289604187011719e-01 2.975048124790191650e-01 7.151917219161987305e-01 2.846387922763824463e-01 6.410686969757080078e-01 5.893216133117675781e-01 3.639794290065765381e-01
4.865775108337402344e-01 5.090973377227783203e-01 7.632197737693786621e-01 9.028924703598022461e-01 3.508227467536926270e-01 2.269738316535949707e-01 2.448260039091110229e-01 5.470658540725708008e-01 3.379956185817718506e-01 7.150081992149353027e-01 6.453960537910461426e-01 4.429364502429962158e-01 4.587774574756622314e-01 4.921165108680725098e-01
1.012549996376037598e-01 4.701478481292724609e-01 6.166015267372131348e-01 7.866925001144409180e-01 4.679502546787261963e-01 2.931601107120513916e-01 6.526066660881042480e-01 1.093154251575469971e-01 5.044736862182617188e-01 7.304048538208007812e-01 7.579553723335266113e-01 3.879641890525817871e-01 3.860301673412322998e-01 4.924469292163848877e-01
9.819574952125549316e-01 2.656910121440887451e-01 4.958412647247314453e-01 6.735200285911560059e-01 2.693359851837158203e-01 6.661537289619445801e-01 1.754489988088607788e-01 9.632791876792907715e-01 3.397209942340850830e-01 6.681602597236633301e-01 5.459311604499816895e-01 3.569439053535461426e-01 5.135311484336853027e-01 6.116136312484741211e-01
7.005624771118164062e-01 7.497523427009582520e-01 9.296659827232360840e-01 4.327164888381958008e-01 4.056552648544311523e-01 6.591722965240478516e-01 4.067953228950500488e-01 8.137497901916503906e-01 5.838258862495422363e-01 5.383561253547668457e-01 5.079612731933593750e-01 4.749591052532196045e-01 4.277958273887634277e-01 4.095624983310699463e-01
7.426224946975708008e-01 7.560531497001647949e-01 5.292630195617675781e-01 4.015775024890899658e-02 5.045522451400756836e-01 3.771344423294067383e-01 5.333233252167701721e-02 6.999332904815673828e-01 5.170280337333679199e-01 4.352357387542724609e-01 2.663689851760864258e-01 6.002853512763977051e-01 5.085727572441101074e-01 4.031556546688079834e-01
2.411224991083145142e-01 4.323373436927795410e-01 8.599757552146911621e-01 7.368400096893310547e-01 7.839325070381164551e-01 2.699950635433197021e-01 3.896403312683105469e-01 2.943281233310699463e-01 3.699807822704315186e-01 7.872260212898254395e-01 8.167056441307067871e-01 8.266438245773315430e-01 4.597831666469573975e-01 3.819168508052825928e-01
1.746399998664855957e-01 6.210315227508544922e-01 1.956689953804016113e-01 8.164749741554260254e-01 9.546550363302230835e-02 3.991990983486175537e-01 6.611239910125732422e-01 2.083311378955841064e-01 5.817438364028930664e-01 3.139667809009552002e-01 6.320602893829345703e-01 1.414864957332611084e-01 5.153740048408508301e-01 5.981436371803283691e-01
5.090550184249877930e-01 2.609901726245880127e-01 6.441632509231567383e-01 5.431025028228759766e-01 3.627292513847351074e-01 1.895234286785125732e-01 1.028349995613098145e-01 6.055668592453002930e-01 2.989747226238250732e-01 7.670012116432189941e-01 4.113846719264984131e-01 4.374162554740905762e-01 5.437646508216857910e-01 4.165286123752593994e-01
4.006449878215789795e-01 2.642199993133544922e-01 9.954457283020019531e-01 2.330639958381652832e-01 6.529867649078369141e-01 5.477699041366577148e-01 1.650516688823699951e-01 4.629161953926086426e-01 3.194807767868041992e-01 6.979722380638122559e-01 3.890550732612609863e-01 7.060725092887878418e-01 5.662620067596435547e-01 3.766431510448455811e-01
9.126999974250793457e-02 6.764908432960510254e-01 9.938369989395141602e-01 5.685750246047973633e-01 4.595134854316711426e-01 5.797924995422363281e-01 3.380096554756164551e-01 1.094376221299171448e-01 4.453199803829193115e-01 5.663042664527893066e-01 4.167592227458953857e-01 5.610098242759704590e-01 5.423756241798400879e-01 5.156042575836181641e-01
6.778450012207031250e-01 7.370973229408264160e-01 3.234107494354248047e-01 5.799674987792968750e-01 5.321572422981262207e-01 2.101450562477111816e-01 6.452896595001220703e-01 7.917920947074890137e-01 6.333672404289245605e-01 4.045976102352142334e-01 4.564686417579650879e-01 5.265417695045471191e-01 4.338768422603607178e-01 4.342090189456939697e-01
4.725574851036071777e-01 2.472868263721466064e-01 7.400092482566833496e-01 4.887087643146514893e-01 7.529527544975280762e-01 3.758261501789093018e-01 3.318283259868621826e-01 5.913971662521362305e-01 3.581032752990722656e-01 6.179993152618408203e-01 5.632360577583312988e-01 7.572932839393615723e-01 5.287200212478637695e-01 4.307339787483215332e-01
9.382750093936920166e-02 5.328438282012939453e-01 7.938910126686096191e-01 8.634750247001647949e-01 5.910550057888031006e-02 7.046648263931274414e-01 9.558927416801452637e-01 5.208945646882057190e-02 4.425479471683502197e-01 5.826069712638854980e-01 8.222288489341735840e-01 2.307511307299137115e-02 5.199025273323059082e-01 6.848054528236389160e-01
6.868175268173217773e-01 3.436478376388549805e-01 9.366962313652038574e-01 5.226899981498718262e-01 2.179157435894012451e-01 5.110229253768920898e-01 3.156393468379974365e-01 7.438023686408996582e-01 3.283178210258483887e-01 7.319469451904296875e-01 5.887492895126342773e-01 2.792655825614929199e-01 4.873874187469482422e-01 5.452574491500854492e-01
6.279875040054321289e-01 7.675701379776000977e-01 2.198537439107894897e-01 9.413074851036071777e-01 4.327414929866790771e-01 9.920724034309387207e-01 7.527640461921691895e-01 6.030931472778320312e-01 6.075277924537658691e-01 1.930035650730133057e-01 5.735405087471008301e-01 4.679778516292572021e-01 4.570830762386322021e-01 6.551091074943542480e-01
6.891300082206726074e-01 3.249181807041168213e-01 3.840160071849822998e-01 6.894624829292297363e-01 8.964815139770507812e-01 4.945704042911529541e-01 4.213153421878814697e-01 7.765375971794128418e-01 3.610458970069885254e-01 5.768421292304992676e-01 5.796135663986206055e-01 8.726306557655334473e-01 5.515677928924560547e-01 4.025654494762420654e-01
4.684124886989593506e-01 6.555943489074707031e-01 4.177590012550354004e-01 3.189950063824653625e-02 6.006004810333251953e-01 1.215243414044380188e-01 7.677332758903503418e-01 4.932712316513061523e-01 5.167249441146850586e-01 2.446766495704650879e-01 2.559725344181060791e-01 6.340481638908386230e-01 4.992416799068450928e-01 5.340651869773864746e-01
8.496950268745422363e-01 6.307659745216369629e-01 5.950847268104553223e-01 5.380725264549255371e-01 5.970107316970825195e-01 8.437042236328125000e-01 8.213899731636047363e-01 7.992819547653198242e-01 5.117868185043334961e-01 4.138259887695312500e-01 5.970531105995178223e-01 6.178694963455200195e-01 4.603118598461151123e-01 5.800827741622924805e-01
1.760724931955337524e-01 6.575471758842468262e-01 5.239537358283996582e-01 9.876800179481506348e-01 2.620872557163238525e-01 7.753024101257324219e-01 7.844391465187072754e-01 1.775338202714920044e-01 5.062959790229797363e-01 4.217308461666107178e-01 6.605754494667053223e-01 3.057154417037963867e-01 4.924491941928863525e-01 6.049250960350036621e-01
9.613549709320068359e-01 6.017921566963195801e-01 5.494532585144042969e-01 6.854699850082397461e-01 4.363904893398284912e-01 5.530970692634582520e-01 3.727796673774719238e-01 9.769667983055114746e-01 7.211726307868957520e-01 4.684415161609649658e-01 6.941168308258056641e-01 4.917644858360290527e-01 3.351370692253112793e-01 4.906873404979705811e-01
9.667599797248840332e-01 7.416541576385498047e-01 7.425672411918640137e-01 3.771177530288696289e-01 3.237862586975097656e-01 9.244707822799682617e-01 6.617829799652099609e-01 9.508593678474426270e-01 6.663388609886169434e-01 4.226575493812561035e-01 5.228658318519592285e-01 3.600474894046783447e-01 3.975910842418670654e-01 5.131347775459289551e-01
6.980000063776969910e-03 2.416518330574035645e-01 4.042002558708190918e-01 3.535017371177673340e-01 8.473114967346191406e-01 9.774734377861022949e-01 3.839706778526306152e-01 5.137815326452255249e-02 5.660961270332336426e-01 6.089954376220703125e-01 3.657782971858978271e-01 6.713528037071228027e-01 5.691124200820922852e-01 3.642876446247100830e-01
2.432900071144104004e-01 7.838180065155029297e-01 8.322992324829101562e-01 5.030875205993652344e-01 1.726935058832168579e-01 3.214684724807739258e-01 9.674847722053527832e-01 2.835048735141754150e-01 5.815626978874206543e-01 5.661616921424865723e-01 6.506066918373107910e-01 1.023245975375175476e-01 4.274725317955017090e-01 4.682744145393371582e-01
9.342250227928161621e-01 7.558425068855285645e-01 2.448640018701553345e-01 6.785424947738647461e-01 7.794424891471862793e-02 9.280430078506469727e-01 2.831216752529144287e-01 9.173065423965454102e-01 6.713511943817138672e-01 2.335942536592483521e-01 6.377311944961547852e-01 1.484970450401306152e-01 4.284444749355316162e-01 7.098025083541870117e-01
7.830324769020080566e-01 6.229286789894104004e-01 4.068182408809661865e-01 3.814442455768585205e-01 8.886964917182922363e-01 8.537571430206298828e-01 5.983406901359558105e-01 6.763114929199218750e-01 3.984323740005493164e-01 5.288048386573791504e-01 3.323758244514465332e-01 8.159149885177612305e-01 5.362567901611328125e-01 3.843031823635101318e-01
5.592550039291381836e-01 5.967666506767272949e-01 3.383852541446685791e-01 5.316175222396850586e-01 4.672802388668060303e-01 9.219858795404434204e-02 4.134390056133270264e-01 5.450774431228637695e-01 6.040775775909423828e-01 5.934732556343078613e-01 5.375360250473022461e-01 4.001654386520385742e-01 3.937008678913116455e-01 3.353732526302337646e-01
9.758750349283218384e-02 4.007529914379119873e-01 8.339570164680480957e-01 3.464489877223968506e-01 6.432194709777832031e-01 6.024216413497924805e-01 4.584843218326568604e-01 1.013108417391777039e-01 3.442707657814025879e-01 7.479805350303649902e-01 3.990229666233062744e-01 6.793115735054016113e-01 5.912843346595764160e-01 4.381209015846252441e-01
3.322500037029385567e-03 2.959155142307281494e-01 1.869817525148391724e-01 7.955824732780456543e-01 4.505874961614608765e-02 1.682046502828598022e-01 6.875904798507690430e-01 2.710096724331378937e-02 4.886211454868316650e-01 4.480738937854766846e-01 8.413802385330200195e-01 8.352270349860191345e-03 5.773193836212158203e-01 7.372090220451354980e-01
1.470675021409988403e-01 6.325076818466186523e-01 7.432205080986022949e-01 2.819162607192993164e-01 6.649485230445861816e-01 1.055288910865783691e-01 6.910012960433959961e-01 1.695269197225570679e-01 4.868867099285125732e-01 5.062694549560546875e-01 3.217018842697143555e-01 6.725296974182128906e-01 5.224885940551757812e-01 4.496783614158630371e-01
1.050949990749359131e-01 2.787913382053375244e-01 5.417027473449707031e-01 4.402332603931427002e-01 2.220832556486129761e-01 4.453970789909362793e-01 6.988682150840759277e-01 1.292393803596496582e-01 4.211078286170959473e-01 7.363499999046325684e-01 5.360539555549621582e-01 1.724048852920532227e-01 5.205358266830444336e-01 4.818888902664184570e-01
7.730499655008316040e-02 5.291533470153808594e-01 6.181217432022094727e-01 5.548949837684631348e-01 2.779412567615509033e-01 8.754463791847229004e-01 7.390717267990112305e-01 6.146542355418205261e-02 5.238088369369506836e-01 6.139318346977233887e-01 4.088038802146911621e-01 2.483731061220169067e-01 5.769004821777343750e-01 4.830575883388519287e-01
6.590275168418884277e-01 5.051458477973937988e-01 5.260717272758483887e-01 6.490374803543090820e-01 8.821822404861450195e-01 8.826860785484313965e-01 1.852396726608276367e-01 7.869872450828552246e-01 4.187678992748260498e-01 4.343480765819549561e-01 4.179085493087768555e-01 8.904731869697570801e-01 5.309448242187500000e-01 4.175655543804168701e-01
1.309799998998641968e-01 6.809356808662414551e-01 1.348225027322769165e-01 9.204149842262268066e-01 6.528150290250778198e-02 1.173792928457260132e-01 9.099288582801818848e-01 1.665542423725128174e-01 6.924156546592712402e-01 1.535211503505706787e-01 8.049775958061218262e-01 7.787477970123291016e-02 4.801862537860870361e-01 7.028979659080505371e-01
2.817449867725372314e-01 5.875154733657836914e-01 2.276834994554519653e-01 9.186375141143798828e-01 3.071047365665435791e-01 9.074702262878417969e-01 3.873119950294494629e-01 2.610781192779541016e-01 6.015951633453369141e-01 2.561120390892028809e-01 5.583239793777465820e-01 3.189943432807922363e-01 4.925279617309570312e-01 5.849753022193908691e-01
6.068999767303466797e-01 7.440279722213745117e-01 5.552470088005065918e-01 9.310100078582763672e-01 9.265072345733642578e-01 7.487454414367675781e-01 1.065580025315284729e-01 5.328903794288635254e-01 6.327565312385559082e-01 5.626179575920104980e-01 8.357552289962768555e-01 9.058949351310729980e-01 3.564435839653015137e-01 3.950979113578796387e-01
3.717800080776214600e-01 7.088994979858398438e-01 5.612580180168151855e-01 4.163727462291717529e-01 4.571954905986785889e-01 7.869939208030700684e-01 1.250683367252349854e-01 4.215905368328094482e-01 4.713315367698669434e-01 4.107818007469177246e-01 2.342602312564849854e-01 5.682618618011474609e-01 5.333730578422546387e-01 4.583824574947357178e-01
9.550999850034713745e-02 7.348151803016662598e-01 6.920747756958007812e-01 5.123475193977355957e-01 8.792262673377990723e-01 1.730298064649105072e-02 8.163986206054687500e-01 8.255558460950851440e-02 5.920372009277343750e-01 6.210639476776123047e-01 6.866934895515441895e-01 8.938357234001159668e-01 4.418839514255523682e-01 3.789238929748535156e-01
2.998274862766265869e-01 6.662678122520446777e-01 1.252427548170089722e-01 6.662275195121765137e-01 5.710232257843017578e-01 1.727082878351211548e-01 6.751709580421447754e-01 2.724882662296295166e-01 7.209212183952331543e-01 1.107710674405097961e-01 7.458727955818176270e-01 5.449113249778747559e-01 3.827023804187774658e-01 7.007268667221069336e-01
4.535500109195709229e-01 2.949983477592468262e-01 3.897237479686737061e-01 2.041224986314773560e-01 4.896639883518218994e-01 3.237257525324821472e-02 3.148236572742462158e-01 4.694312214851379395e-01 5.460491776466369629e-01 6.532198190689086914e-01 4.781384468078613281e-01 4.039096832275390625e-01 4.230176806449890137e-01 3.149562478065490723e-01
4.437899887561798096e-01 3.876276612281799316e-01 2.937380075454711914e-01 7.269074916839599609e-01 6.122825145721435547e-01 6.759816408157348633e-01 4.116563200950622559e-01 6.058560609817504883e-01 4.143051207065582275e-01 2.668893635272979736e-01 4.074556827545166016e-01 7.096002697944641113e-01 4.942331314086914062e-01 6.277285814285278320e-01
4.652050137519836426e-01 4.550846815109252930e-01 4.558182358741760254e-01 5.530825257301330566e-01 1.964642554521560669e-01 1.923914104700088501e-01 2.710030078887939453e-01 4.538121223449707031e-01 4.374484717845916748e-01 6.705128550529479980e-01 4.160041809082031250e-01 2.419438362121582031e-01 5.147005915641784668e-01 4.254744350910186768e-01
3.250750154256820679e-02 5.093628168106079102e-01 5.604357719421386719e-01 9.683174639940261841e-02 1.840497553348541260e-01 9.906110912561416626e-02 8.679397702217102051e-01 7.072176784276962280e-02 5.735593438148498535e-01 6.657721996307373047e-01 3.923207223415374756e-01 8.720302581787109375e-02 6.016773581504821777e-01 4.056577086448669434e-01
1.097775027155876160e-01 3.531931638717651367e-01 8.094587326049804688e-01 9.800525009632110596e-02 4.691612422466278076e-01 3.681816160678863525e-01 7.290320396423339844e-01 1.552173346281051636e-01 3.586643040180206299e-01 7.059826254844665527e-01 2.367356568574905396e-01 5.107591152191162109e-01 6.210211515426635742e-01 4.396462142467498779e-01
3.866224884986877441e-01 6.484264731407165527e-01 5.030350089073181152e-01 6.311925053596496582e-01 2.427390068769454956e-01 8.362802863121032715e-01 2.504663467407226562e-01 4.018301665782928467e-01 5.766471624374389648e-01 5.702021121978759766e-01 5.000190138816833496e-01 2.655484080314636230e-01 4.430757462978363037e-01 3.869908154010772705e-01
5.899925231933593750e-01 7.016066908836364746e-01 6.718800067901611328e-01 1.055245026946067810e-01 8.466395139694213867e-01 6.510836482048034668e-01 6.740410923957824707e-01 4.468462467193603516e-01 5.781651139259338379e-01 4.125856757164001465e-01 3.925220668315887451e-01 7.397461533546447754e-01 4.434418380260467529e-01 4.168206751346588135e-01
5.733475089073181152e-01 3.408998250961303711e-01 3.990134894847869873e-01 6.752974987030029297e-01 1.049055010080337524e-01 3.624636232852935791e-01 6.532863378524780273e-01 4.991860687732696533e-01 3.577585816383361816e-01 6.374683380126953125e-01 6.216925978660583496e-01 1.156694516539573669e-01 4.917801022529602051e-01 6.254786849021911621e-01
3.033399879932403564e-01 6.771423220634460449e-01 7.324150204658508301e-02 3.964257538318634033e-01 6.854627728462219238e-01 3.009533286094665527e-01 3.549329936504364014e-01 2.572789788246154785e-01 6.765068173408508301e-01 1.888722926378250122e-01 4.662025570869445801e-01 7.639825344085693359e-01 4.031363427639007568e-01 5.286507606506347656e-01
1.966075003147125244e-01 2.244630008935928345e-01 8.554250001907348633e-02 2.975359857082366943e-01 2.271302491426467896e-01 7.972438633441925049e-02 4.460099935531616211e-01 3.313948214054107666e-01 5.767241120338439941e-01 5.446400642395019531e-01 4.156412482261657715e-01 1.621207147836685181e-01 5.167164802551269531e-01 3.980111777782440186e-01
4.272625148296356201e-01 5.793964862823486328e-01 1.994644999504089355e-01 5.948974937200546265e-02 1.351879984140396118e-01 2.164591848850250244e-01 4.600630104541778564e-01 4.607316255569458008e-01 5.783307552337646484e-01 2.934089303016662598e-01 2.098910063505172729e-01 1.545654237270355225e-01 6.575816869735717773e-01 4.263431131839752197e-01
3.457999974489212036e-02 1.674879938364028931e-01 9.186595082283020020e-01 7.629424929618835449e-01 4.165515005588531494e-01 5.274913311004638672e-01 4.826959967613220215e-01 6.169728189706802368e-02 2.836562991142272949e-01 8.791393637657165527e-01 5.966693162918090820e-01 3.801572620868682861e-01 5.316771268844604492e-01 4.958699345588684082e-01
9.745724797248840332e-01 3.878139853477478027e-01 1.298257559537887573e-01 5.172125101089477539e-01 8.457534909248352051e-01 2.605712115764617920e-01 9.193726181983947754e-01 8.676074147224426270e-01 5.648877620697021484e-01 1.820702552795410156e-01 7.416726350784301758e-01 7.565781474113464355e-01 4.342285096645355225e-01 7.281215190887451172e-01
8.990000002086162567e-03 6.680160164833068848e-01 7.947924733161926270e-02 2.195032536983489990e-01 8.213882446289062500e-01 3.648533225059509277e-01 8.206087350845336914e-01 2.230751514434814453e-01 4.232569038867950439e-01 3.492870554327964783e-02 2.790420083329081535e-03 4.669037759304046631e-01 9.716344475746154785e-01 1.677594035863876343e-01
4.673025012016296387e-01 3.793559968471527100e-01 5.317587256431579590e-01 1.938247531652450562e-01 7.275797724723815918e-01 2.509693801403045654e-01 9.638689756393432617e-01 4.639305174350738525e-01 3.578419983386993408e-01 5.093618631362915039e-01 2.580812871456146240e-01 6.062088012695312500e-01 5.397259593009948730e-01 5.089073777198791504e-01
7.049199938774108887e-01 8.124211430549621582e-01 3.995667397975921631e-01 4.554885029792785645e-01 5.713610053062438965e-01 5.809615254402160645e-01 1.477036625146865845e-01 8.034650087356567383e-01 5.886410474777221680e-01 2.460636794567108154e-01 3.935655057430267334e-01 6.651594042778015137e-01 4.489973187446594238e-01 5.574126839637756348e-01
9.146500229835510254e-01 1.781450062990188599e-01 4.454975128173828125e-01 9.706224799156188965e-01 7.175109982490539551e-01 8.379697799682617188e-01 8.286145329475402832e-01 8.998350501060485840e-01 4.086750447750091553e-01 6.694784760475158691e-01 7.220482230186462402e-01 7.099795937538146973e-01 4.755802452564239502e-01 4.611389338970184326e-01
2.933000028133392334e-02 3.724956810474395752e-01 8.690974712371826172e-01 5.618100166320800781e-01 6.299149990081787109e-02 6.523442268371582031e-01 8.501488566398620605e-01 2.280844375491142273e-02 3.935464620590209961e-01 7.867308855056762695e-01 7.436974048614501953e-01 2.826496772468090057e-02 5.617845058441162109e-01 6.111734509468078613e-01
2.791750133037567139e-01 7.884361743927001953e-01 5.897700041532516479e-02 6.549274921417236328e-01 2.035714983940124512e-01 7.823231220245361328e-01 7.542160749435424805e-01 2.371719330549240112e-01 6.598182320594787598e-01 3.745891526341438293e-02 4.750278592109680176e-01 3.371982276439666748e-01 5.228719115257263184e-01 7.565479874610900879e-01
2.377450019121170044e-01 2.443999946117401123e-01 9.319957494735717773e-01 4.504442512989044189e-01 9.608632326126098633e-01 1.411705017089843750e-01 5.848933458328247070e-01 2.617460489273071289e-01 3.037220835685729980e-01 8.047309517860412598e-01 7.791441679000854492e-01 9.093703627586364746e-01 5.678856968879699707e-01 3.355738520622253418e-01
5.136625170707702637e-01 6.405320167541503906e-01 4.551477432250976562e-01 4.894577562808990479e-01 2.580167353153228760e-01 5.705167725682258606e-02 8.676409125328063965e-01 4.976431429386138916e-01 5.874497294425964355e-01 5.646961927413940430e-01 4.603193700313568115e-01 1.892168372869491577e-01 4.657340943813323975e-01 3.928079307079315186e-01
9.297999739646911621e-01 4.685964882373809814e-01 9.328014850616455078e-01 3.591487407684326172e-01 5.130900070071220398e-02 8.263292908668518066e-01 5.476756691932678223e-01 9.434226155281066895e-01 2.489616423845291138e-01 6.122976541519165039e-01 6.738616228103637695e-01 1.093895509839057922e-01 5.308908820152282715e-01 8.139623403549194336e-01
3.635050058364868164e-01 2.460754960775375366e-01 2.840802371501922607e-01 1.446104943752288818e-01 1.437620073556900024e-01 8.063829541206359863e-01 9.441310763359069824e-01 2.800315618515014648e-01 4.368263483047485352e-01 4.461988508701324463e-01 4.090516865253448486e-01 4.055829718708992004e-02 6.358232498168945312e-01 5.856457352638244629e-01
7.295424938201904297e-01 3.351703286170959473e-01 2.343074977397918701e-02 1.735904961824417114e-01 5.631945133209228516e-01 2.962669730186462402e-01 8.294847011566162109e-01 6.892971396446228027e-01 5.589567422866821289e-01 3.154359459877014160e-01 2.893049418926239014e-01 5.280880331993103027e-01 4.997391998767852783e-01 4.776010513305664062e-01
5.127224922180175781e-01 1.909443289041519165e-01 9.228557348251342773e-01 1.049280017614364624e-01 5.614364743232727051e-01 8.815972805023193359e-01 7.816983461380004883e-01 4.303064942359924316e-01 2.587025165557861328e-01 7.448039650917053223e-01 3.735698163509368896e-01 5.680615305900573730e-01 5.880245566368103027e-01 4.497940540313720703e-01
4.227499961853027344e-01 3.984954953193664551e-01 5.991947650909423828e-01 6.537299752235412598e-01 8.221499919891357422e-01 7.245889902114868164e-01 5.850009918212890625e-01 4.490496218204498291e-01 4.078062772750854492e-01 6.045253872871398926e-01 6.266882419586181641e-01 8.040665388107299805e-01 5.077987909317016602e-01 4.179682731628417969e-01
6.447275280952453613e-01 4.406161606311798096e-01 9.469867348670959473e-01 2.777464985847473145e-01 6.745367646217346191e-01 2.977691963315010071e-02 7.930464744567871094e-01 6.800441145896911621e-01 5.238952636718750000e-01 6.481832861900329590e-01 5.851341485977172852e-01 5.696880221366882324e-01 4.111364483833312988e-01 3.523853421211242676e-01
5.881574749946594238e-01 4.265193343162536621e-01 5.036932229995727539e-01 3.175984919071197510e-01 3.061864972114562988e-01 9.132704138755798340e-01 8.569837212562561035e-01 4.696432352066040039e-01 5.693656802177429199e-01 5.825665593147277832e-01 3.959776461124420166e-01 2.058562785387039185e-01 4.966700375080108643e-01 3.696014583110809326e-01
5.527499914169311523e-01 7.725604772567749023e-01 9.604867696762084961e-01 1.096727475523948669e-01 3.902287483215332031e-01 5.579910874366760254e-01 1.162329986691474915e-01 5.178770422935485840e-01 5.801128745079040527e-01 5.802787542343139648e-01 4.786338806152343750e-01 3.744760453701019287e-01 4.289131462574005127e-01 3.474948704242706299e-01
3.465549945831298828e-01 6.855944991111755371e-01 9.708734750747680664e-01 7.998549938201904297e-01 3.367124870419502258e-02 5.156407356262207031e-01 8.682900667190551758e-01 2.810012400150299072e-01 3.856473565101623535e-01 6.709780693054199219e-01 7.957752346992492676e-01 4.201218113303184509e-02 4.307648241519927979e-01 6.479949951171875000e-01
8.065075278282165527e-01 2.262906730175018311e-01 2.029242515563964844e-01 5.537099838256835938e-01 3.434124961495399475e-02 8.460672497749328613e-01 6.467233598232269287e-02 8.214643001556396484e-01 4.083889424800872803e-01 3.884752094745635986e-01 4.330335855484008789e-01 7.581331580877304077e-02 5.541155338287353516e-01 7.118992805480957031e-01
3.208099901676177979e-01 1.863678395748138428e-01 3.123000077903270721e-02 2.173185050487518311e-01 6.893892288208007812e-01 3.688910007476806641e-01 4.679393470287322998e-01 4.385870099067687988e-01 4.800724983215332031e-01 1.749362945556640625e-01 1.679561138153076172e-01 6.857625842094421387e-01 5.227485895156860352e-01 5.669668316841125488e-01
7.017599940299987793e-01 1.942598372697830200e-01 9.521002769470214844e-01 9.198424816131591797e-01 7.981345057487487793e-01 5.269034504890441895e-01 9.132369756698608398e-01 8.373315930366516113e-01 1.650314331054687500e-01 8.104164600372314453e-01 7.734271883964538574e-01 7.857645750045776367e-01 6.100683212280273438e-01 4.654238224029541016e-01
8.117874860763549805e-01 1.793943345546722412e-01 5.303397774696350098e-01 6.265249848365783691e-01 3.267037570476531982e-01 4.721077680587768555e-01 4.428743422031402588e-01 9.453353285789489746e-01 2.979372143745422363e-01 6.418833732604980469e-01 4.035942554473876953e-01 4.403139650821685791e-01 5.541809201240539551e-01 5.783842802047729492e-01
8.463674783706665039e-01 2.603396773338317871e-01 2.820439934730529785e-01 4.999207556247711182e-01 5.234835147857666016e-01 9.136135578155517578e-01 8.606400340795516968e-02 7.708699703216552734e-01 3.796678483486175537e-01 6.174094080924987793e-01 2.703128457069396973e-01 6.243405342102050781e-01 5.536687970161437988e-01 3.768347203731536865e-01
9.944000244140625000e-01 2.218358367681503296e-01 1.720930039882659912e-01 4.847662448883056641e-01 2.934922575950622559e-01 7.490941286087036133e-01 1.927926689386367798e-01 9.185250997543334961e-01 6.664286851882934570e-01 4.024932086467742920e-01 4.614417552947998047e-01 3.056209683418273926e-01 4.248165786266326904e-01 4.838807582855224609e-01
5.396199822425842285e-01 3.424330055713653564e-01 1.016094982624053955e-01 8.665475249290466309e-01 8.272287249565124512e-01 1.740013062953948975e-01 9.591920375823974609e-01 5.459529161453247070e-01 5.101804733276367188e-01 3.448162972927093506e-01 7.642662525177001953e-01 6.392178535461425781e-01 4.439531266689300537e-01 6.489654779434204102e-01
3.163549900054931641e-01 2.412720024585723877e-01 8.697975277900695801e-01 9.904199838638305664e-01 2.899030148983001709e-01 4.653993844985961914e-01 1.546390056610107422e-01 4.554953277111053467e-01 2.010428309440612793e-01 7.864363193511962891e-01 6.542300581932067871e-01 4.310514628887176514e-01 5.337917804718017578e-01 5.805619955062866211e-01
5.529249832034111023e-02 4.505078196525573730e-01 6.825092434883117676e-01 6.678125262260437012e-01 1.655824929475784302e-01 6.691441535949707031e-01 4.525323212146759033e-01 5.156069248914718628e-02 4.971666932106018066e-01 7.322543859481811523e-01 5.463375449180603027e-01 1.328981220722198486e-01 5.442768931388854980e-01 4.813964068889617920e-01
6.206774711608886719e-01 1.785324960947036743e-01 2.425380051136016846e-01 2.955275028944015503e-02 7.558084726333618164e-01 9.600194096565246582e-01 2.060196697711944580e-01 5.271621942520141602e-01 4.316436350345611572e-01 4.354181289672851562e-01 1.636081486940383911e-01 7.051190137863159180e-01 5.437823534011840820e-01 4.022797644138336182e-01
2.460750043392181396e-01 7.176194787025451660e-01 1.621192544698715210e-01 2.373367547988891602e-01 6.415475010871887207e-01 1.375248432159423828e-01 2.658306658267974854e-01 2.743746936321258545e-01 6.460726261138916016e-01 1.797869503498077393e-01 3.249846696853637695e-01 7.233912944793701172e-01 4.539996683597564697e-01 4.917312860488891602e-01
9.199299812316894531e-01 2.250796705484390259e-01 7.743309736251831055e-01 8.345775008201599121e-01 9.249039888381958008e-01 4.640942513942718506e-01 7.101820707321166992e-01 9.015481472015380859e-01 2.962559163570404053e-01 7.664552927017211914e-01 7.717191576957702637e-01 8.300413489341735840e-01 5.327919721603393555e-01 3.765523135662078857e-01
9.603250026702880859e-01 5.450321435928344727e-01 1.146697476506233215e-01 9.550999999046325684e-01 2.757882475852966309e-01 4.605836272239685059e-01 8.651856780052185059e-01 9.575350284576416016e-01 7.391366362571716309e-01 2.932472527027130127e-01 8.394144177436828613e-01 3.012076318264007568e-01 3.281570672988891602e-01 7.158573269844055176e-01
1.204499974846839905e-02 1.874786615371704102e-01 7.428597211837768555e-01 5.637350082397460938e-01 1.353417485952377319e-01 8.259353637695312500e-01 1.956689953804016113e-01 2.512381598353385925e-02 2.876388132572174072e-01 8.729761242866516113e-01 5.846542119979858398e-01 6.673786789178848267e-02 6.036023497581481934e-01 5.674619078636169434e-01
3.273675143718719482e-01 8.320863246917724609e-01 3.168227374553680420e-01 1.398047506809234619e-01 7.834757566452026367e-01 6.290248632431030273e-01 1.423113346099853516e-01 2.196150571107864380e-01 5.777628421783447266e-01 3.733550310134887695e-01 2.842896282672882080e-01 8.816773295402526855e-01 4.840869903564453125e-01 3.730719685554504395e-01
4.344049990177154541e-01 1.836201697587966919e-01 5.549357533454895020e-01 1.193452477455139160e-01 6.148917675018310547e-01 5.018258690834045410e-01 5.008950233459472656e-01 4.593519568443298340e-01 3.518623411655426025e-01 6.956763267517089844e-01 3.235253989696502686e-01 6.235578656196594238e-01 5.574206709861755371e-01 3.656229674816131592e-01
6.656824946403503418e-01 5.698183178901672363e-01 3.748934864997863770e-01 4.220192432403564453e-01 1.078250035643577576e-01 7.841259837150573730e-01 4.969396591186523438e-01 7.779383659362792969e-01 4.987455606460571289e-01 3.095007240772247314e-01 2.408843040466308594e-01 1.626998037099838257e-01 5.798862576484680176e-01 5.656453371047973633e-01
9.126399755477905273e-01 7.295699715614318848e-01 4.599750041961669922e-03 6.023650169372558594e-01 7.383092641830444336e-01 4.447256624698638916e-01 3.924649953842163086e-01 7.301320433616638184e-01 5.019506812095642090e-01 2.572715580463409424e-01 5.077134370803833008e-01 7.468793392181396484e-01 4.673737287521362305e-01 6.104970574378967285e-01
5.927624702453613281e-01 7.969380021095275879e-01 3.147200047969818115e-01 6.525275111198425293e-01 3.152549862861633301e-01 8.430555462837219238e-01 1.217896640300750732e-01 5.246211290359497070e-01 6.713806390762329102e-01 2.158035337924957275e-01 5.621615052223205566e-01 3.466348350048065186e-01 4.561725556850433350e-01 5.802218317985534668e-01
4.951825141906738281e-01 2.382826656103134155e-01 4.936827421188354492e-01 9.631975293159484863e-01 8.993780016899108887e-01 5.508499741554260254e-01 7.942029833793640137e-01 5.668138265609741211e-01 3.075231313705444336e-01 7.047690749168395996e-01 9.221752882003784180e-01 8.529918193817138672e-01 4.867092967033386230e-01 5.212675333023071289e-01
2.954750061035156250e-01 4.943531751632690430e-01 2.867447435855865479e-01 5.367050170898437500e-01 2.663795053958892822e-01 3.088882863521575928e-01 8.261472582817077637e-01 3.086356520652770996e-01 5.703181028366088867e-01 5.130162835121154785e-01 6.101959347724914551e-01 2.054325938224792480e-01 4.459838271141052246e-01 4.771628677845001221e-01
5.365999937057495117e-01 3.601716756820678711e-01 4.663124978542327881e-01 2.271144986152648926e-01 4.487582445144653320e-01 6.466563344001770020e-01 7.665904164314270020e-01 5.947316884994506836e-01 4.250322282314300537e-01 4.301068484783172607e-01 2.083825916051864624e-01 5.148204565048217773e-01 5.516184568405151367e-01 4.744981825351715088e-01
3.840200006961822510e-01 5.197191834449768066e-01 4.857147634029388428e-01 1.156880035996437073e-01 7.116387486457824707e-01 6.539517045021057129e-01 9.521313905715942383e-01 4.171683788299560547e-01 4.134252369403839111e-01 2.055772244930267334e-01 2.704637944698333740e-01 6.616844534873962402e-01 5.151112675666809082e-01 6.427073478698730469e-01
6.502500176429748535e-01 4.166921675205230713e-01 6.213162541389465332e-01 6.285474896430969238e-01 5.290174856781959534e-02 5.571200251579284668e-01 9.793671965599060059e-01 4.387087523937225342e-01 1.911869198083877563e-01 6.451518535614013672e-01 8.292675614356994629e-01 1.831056550145149231e-02 5.237200856208801270e-01 8.527331352233886719e-01
7.071749866008758545e-02 7.070360183715820312e-01 3.129277527332305908e-01 9.920049905776977539e-01 9.471755027770996094e-01 9.389640688896179199e-01 9.710583686828613281e-01 5.306118726730346680e-02 6.801012158393859863e-01 1.691961437463760376e-01 2.518992125988006592e-01 8.316113352775573730e-01 5.654027462005615234e-01 3.970185518264770508e-01
6.016499996185302734e-01 2.364670038223266602e-01 1.418517529964447021e-01 2.742764949798583984e-01 1.163989976048469543e-01 1.942558586597442627e-01 9.814959168434143066e-01 7.780726552009582520e-01 2.657985687255859375e-01 2.390654087066650391e-01 1.456552892923355103e-01 3.917457535862922668e-02 6.938207149505615234e-01 7.674683332443237305e-01
9.368749856948852539e-01 3.105620145797729492e-01 1.286187469959259033e-01 1.563829928636550903e-01 7.206979990005493164e-01 7.647799253463745117e-01 7.873678803443908691e-01 6.938549876213073730e-01 4.106115400791168213e-01 4.257510006427764893e-01 2.404359728097915649e-01 6.610212326049804688e-01 5.209473371505737305e-01 4.778614342212677002e-01
4.465425014495849609e-01 4.232286810874938965e-01 8.544987440109252930e-01 8.825225234031677246e-01 7.092865109443664551e-01 3.337733447551727295e-01 9.196926951408386230e-01 4.773854613304138184e-01 3.891257941722869873e-01 7.218788266181945801e-01 8.898443579673767090e-01 6.322574019432067871e-01 3.807631731033325195e-01 5.250933170318603516e-01
4.123499989509582520e-02 5.642784833908081055e-01 3.366257548332214355e-01 8.238524794578552246e-01 8.332707285881042480e-01 1.878641396760940552e-01 5.563660264015197754e-01 5.158764868974685669e-02 6.384205818176269531e-01 6.139405965805053711e-01 8.453906178474426270e-01 8.912037611007690430e-01 3.762379884719848633e-01 4.595087468624114990e-01
3.146199882030487061e-01 3.595576584339141846e-01 6.435042619705200195e-01 6.393074989318847656e-01 6.406614780426025391e-01 7.780373692512512207e-01 1.508400030434131622e-02 3.766692578792572021e-01 3.491677641868591309e-01 5.329840779304504395e-01 5.272172689437866211e-01 7.216733694076538086e-01 5.365368127822875977e-01 5.306817293167114258e-01
5.819674730300903320e-01 3.530548214912414551e-01 6.453629732131958008e-01 1.539367437362670898e-01 2.349732518196105957e-01 6.952026486396789551e-01 2.211849987506866455e-01 5.765190124511718750e-01 3.649909496307373047e-01 6.562117338180541992e-01 2.271855473518371582e-01 3.026038706302642822e-01 6.154859066009521484e-01 4.382054507732391357e-01
6.505224704742431641e-01 6.392993330955505371e-01 5.050787329673767090e-01 1.458157449960708618e-01 6.484597325325012207e-01 6.279878020286560059e-01 4.818966686725616455e-01 4.742970466613769531e-01 6.318324804306030273e-01 3.636696636676788330e-01 4.866772294044494629e-01 5.651791691780090332e-01 4.236710071563720703e-01 4.564747810363769531e-01
7.936000078916549683e-02 5.735970139503479004e-01 9.105307459831237793e-01 1.576180011034011841e-01 2.292982488870620728e-01 6.773114204406738281e-01 2.636710107326507568e-01 8.621009439229965210e-02 4.494116306304931641e-01 7.038792967796325684e-01 2.353906780481338501e-01 3.342198431491851807e-01 6.386907696723937988e-01 4.171758592128753662e-01
4.121125042438507080e-01 5.006426572799682617e-01 1.614764928817749023e-01 3.070757389068603516e-01 9.928487539291381836e-01 9.494737386703491211e-01 7.274215817451477051e-01 2.465387433767318726e-01 5.557895898818969727e-01 4.330493807792663574e-01 2.528484165668487549e-01 8.600795865058898926e-01 4.991314113140106201e-01 3.445247709751129150e-01
6.768724918365478516e-01 6.323341727256774902e-01 8.293092250823974609e-01 4.622355103492736816e-01 9.298072457313537598e-01 9.559648633003234863e-01 1.986576616764068604e-01 6.872331500053405762e-01 3.472710847854614258e-01 7.004190683364868164e-01 3.774248957633972168e-01 8.724780678749084473e-01 5.846996903419494629e-01 2.621448934078216553e-01
9.208700060844421387e-01 6.114343404769897461e-01 3.710674941539764404e-01 6.961575150489807129e-01 1.306407451629638672e-01 6.011397838592529297e-01 6.398720145225524902e-01 9.754006862640380859e-01 7.601826786994934082e-01 2.314179241657257080e-01 8.152484893798828125e-01 1.709533482789993286e-01 3.314889967441558838e-01 7.602015137672424316e-01
4.704799950122833252e-01 5.761476755142211914e-01 8.482172489166259766e-01 6.504775285720825195e-01 5.214767456054687500e-01 9.937075972557067871e-01 9.426579475402832031e-01 4.197891056537628174e-01 3.779971599578857422e-01 6.431061029434204102e-01 5.643630027770996094e-01 4.635994732379913330e-01 4.795571267604827881e-01 4.970312416553497314e-01
9.871000051498413086e-01 7.380246520042419434e-01 9.183604717254638672e-01 2.013545036315917969e-01 1.050572469830513000e-01 7.219816446304321289e-01 8.786040544509887695e-01 9.453026056289672852e-01 3.968276083469390869e-01 4.925872981548309326e-01 7.900162935256958008e-01 8.688130229711532593e-02 4.607482254505157471e-01 8.243613839149475098e-01
1.164999976754188538e-02 8.330911397933959961e-01 9.093310236930847168e-01 5.164949893951416016e-01 3.527782559394836426e-01 1.722430288791656494e-01 3.816379904747009277e-01 3.969229757785797119e-02 6.140148043632507324e-01 6.054124236106872559e-01 5.633304715156555176e-01 6.696456074714660645e-01 4.509769678115844727e-01 4.434685111045837402e-01
1.399524956941604614e-01 4.102056622505187988e-01 6.231064796447753906e-01 9.769225120544433594e-01 6.846380233764648438e-01 6.604446172714233398e-01 1.134806647896766663e-01 1.130096986889839172e-01 3.948930203914642334e-01 7.310336232185363770e-01 8.809071183204650879e-01 8.017442822456359863e-01 4.624262750148773193e-01 5.359162688255310059e-01
2.632974982261657715e-01 2.656104862689971924e-01 4.342275112867355347e-02 3.894522488117218018e-01 2.623017430305480957e-01 1.343323290348052979e-01 5.586083531379699707e-01 3.702964186668395996e-01 5.247638225555419922e-01 3.339018523693084717e-01 3.571743965148925781e-01 2.613710165023803711e-01 5.684527754783630371e-01 5.224869251251220703e-01
7.311674952507019043e-01 6.474741697311401367e-01 3.246217370033264160e-01 2.191219925880432129e-01 9.092952609062194824e-01 7.058147192001342773e-01 5.312083363533020020e-01 6.200445890426635742e-01 3.261217772960662842e-01 4.550897777080535889e-01 1.464882642030715942e-01 8.595767617225646973e-01 5.780031681060791016e-01 4.013070464134216309e-01
4.204474985599517822e-01 3.709990084171295166e-01 9.306852221488952637e-01 4.132249858230352402e-03 6.871950030326843262e-01 9.532450437545776367e-01 4.201456606388092041e-01 4.000743329524993896e-01 3.424240946769714355e-01 7.311523556709289551e-01 3.476774394512176514e-01 6.850177049636840820e-01 5.656313300132751465e-01 3.329237699508666992e-01
9.144325256347656250e-01 6.479095220565795898e-01 9.171262383460998535e-01 6.246849894523620605e-01 4.769574999809265137e-01 2.253358513116836548e-01 7.583124637603759766e-01 9.635550379753112793e-01 5.360574722290039062e-01 6.431331634521484375e-01 7.965418696403503418e-01 5.627007484436035156e-01 3.903832435607910156e-01 5.328260064125061035e-01
1.668500006198883057e-01 2.282795011997222900e-01 4.130964875221252441e-01 2.387272566556930542e-01 9.501252770423889160e-01 3.912641406059265137e-01 1.274096667766571045e-01 1.559037864208221436e-01 3.895579278469085693e-01 6.742442250251770020e-01 3.813224136829376221e-01 9.256131649017333984e-01 6.241270899772644043e-01 2.952423095703125000e-01
5.724800229072570801e-01 6.066531538963317871e-01 5.193912386894226074e-01 5.833175182342529297e-01 2.240187525749206543e-01 1.528712082654237747e-02 5.838613510131835938e-01 6.593148708343505859e-01 5.820448994636535645e-01 5.983893275260925293e-01 4.724364578723907471e-01 2.003460973501205444e-01 4.521825313568115234e-01 3.946303427219390869e-01
9.721000194549560547e-01 3.513773381710052490e-01 5.821959972381591797e-01 6.629024744033813477e-01 5.153047442436218262e-01 8.867051601409912109e-01 5.417850017547607422e-01 9.515694379806518555e-01 4.647553861141204834e-01 6.364417672157287598e-01 5.225315690040588379e-01 5.877200961112976074e-01 4.721321463584899902e-01 4.442121386528015137e-01
9.757549762725830078e-01 4.466879963874816895e-01 8.659275174140930176e-01 2.202187478542327881e-01 3.146150112152099609e-01 2.023295015096664429e-01 3.476016521453857422e-01 9.489754438400268555e-01 3.013720810413360596e-01 6.985117197036743164e-01 4.324911236763000488e-01 4.209315776824951172e-01 5.492080450057983398e-01 5.377202630043029785e-01
6.024624705314636230e-01 6.000358462333679199e-01 7.366440296173095703e-01 1.314607560634613037e-01 8.143842220306396484e-01 8.693859577178955078e-01 9.268115758895874023e-01 6.031687855720520020e-01 3.806706666946411133e-01 3.234732747077941895e-01 3.493899405002593994e-01 7.343803048133850098e-01 5.094661712646484375e-01 5.874372720718383789e-01
2.012400031089782715e-01 3.815110027790069580e-01 8.585077524185180664e-01 2.493102550506591797e-01 5.604252219200134277e-01 1.626758649945259094e-02 2.169380038976669312e-01 2.728893458843231201e-01 3.756084740161895752e-01 7.190167307853698730e-01 3.846382498741149902e-01 5.760937929153442383e-01 5.376372933387756348e-01 3.904204070568084717e-01
4.428249895572662354e-01 3.255431652069091797e-01 8.035429716110229492e-01 3.446577489376068115e-01 9.785485267639160156e-01 4.237544536590576172e-01 9.942741990089416504e-01 4.228068590164184570e-01 2.989810705184936523e-01 6.319594383239746094e-01 4.164491295814514160e-01 7.038495540618896484e-01 5.683323144912719727e-01 4.701637029647827148e-01
4.902150034904479980e-01 4.880734980106353760e-01 5.841022729873657227e-01 9.503775238990783691e-01 1.294797509908676147e-01 7.712795734405517578e-01 4.259139895439147949e-01 4.512568712234497070e-01 3.666676878929138184e-01 6.621291637420654297e-01 6.321246027946472168e-01 1.800336241722106934e-01 4.684056937694549561e-01 5.762242674827575684e-01
7.155950069427490234e-01 3.396468460559844971e-01 5.778499841690063477e-01 9.569324851036071777e-01 9.954682588577270508e-01 9.475606083869934082e-01 9.733666665852069855e-03 7.140036821365356445e-01 4.987182319164276123e-01 7.272593379020690918e-01 7.684589028358459473e-01 8.752111196517944336e-01 4.055593907833099365e-01 2.925329804420471191e-01
5.424025058746337891e-01 5.573086738586425781e-01 1.662174984812736511e-02 3.453732430934906006e-01 4.699522554874420166e-01 1.110838353633880615e-02 4.547083377838134766e-01 6.245381832122802734e-01 6.479544639587402344e-01 2.572430074214935303e-01 3.592751920223236084e-01 4.490635693073272705e-01 4.837898313999176025e-01 4.668659269809722900e-01
8.687850236892700195e-01 8.019423484802246094e-01 5.835794806480407715e-01 4.445595145225524902e-01 4.474924877285957336e-02 1.662075817584991455e-01 3.223066776990890503e-02 9.372920989990234375e-01 6.857374310493469238e-01 3.310430347919464111e-01 7.165604233741760254e-01 1.112102419137954712e-01 3.861821889877319336e-01 6.903389096260070801e-01
8.148000240325927734e-01 6.215536594390869141e-01 7.817950099706649780e-02 6.470099836587905884e-02 1.665007472038269043e-01 6.672195196151733398e-01 7.953569889068603516e-01 8.491236567497253418e-01 6.279122233390808105e-01 4.169151186943054199e-02 1.814056932926177979e-01 1.939283460378646851e-01 5.719320774078369141e-01 7.116633057594299316e-01
2.010924965143203735e-01 5.208246707916259766e-01 7.715669870376586914e-01 7.282500267028808594e-01 1.443410068750381470e-01 1.658741384744644165e-01 7.124543190002441406e-01 2.603186070919036865e-01 4.578727483749389648e-01 7.391834259033203125e-01 7.589244246482849121e-01 1.509757190942764282e-01 3.701082170009613037e-01 4.772515296936035156e-01
4.440249875187873840e-02 7.399014830589294434e-01 5.939354896545410156e-01 6.293699741363525391e-01 3.751834928989410400e-01 1.262980848550796509e-01 7.960428595542907715e-01 5.502321198582649231e-02 6.134464740753173828e-01 6.297061443328857422e-01 6.904934644699096680e-01 3.399480879306793213e-01 4.135468602180480957e-01 4.965778291225433350e-01
4.066250026226043701e-01 2.880555093288421631e-01 2.204700000584125519e-02 1.881475001573562622e-02 4.099765121936798096e-01 7.361112236976623535e-01 8.040610551834106445e-01 3.562428355216979980e-01 4.847297966480255127e-01 2.334367185831069946e-01 1.682948619127273560e-01 4.088924229145050049e-01 6.029891371726989746e-01 5.266228914260864258e-01
3.207724988460540771e-01 6.541846394538879395e-01 6.219859719276428223e-01 3.132880032062530518e-01 4.914075136184692383e-01 6.924595832824707031e-01 3.819893300533294678e-01 3.448320031166076660e-01 3.855894505977630615e-01 2.997078299522399902e-01 2.773474156856536865e-01 6.453368067741394043e-01 5.286779403686523438e-01 6.118548512458801270e-01
7.660899758338928223e-01 1.752775013446807861e-01 8.233197331428527832e-01 9.507275223731994629e-01 1.079782471060752869e-01 1.744058579206466675e-01 2.222686707973480225e-01 9.141339659690856934e-01 1.062175557017326355e-01 8.273983597755432129e-01 8.900457024574279785e-01 2.517666816711425781e-01 5.481770038604736328e-01 8.258821368217468262e-01
6.687350273132324219e-01 4.107071757316589355e-01 9.591947793960571289e-01 7.672299742698669434e-01 9.198252558708190918e-01 2.760475873947143555e-01 6.218776702880859375e-01 7.560297250747680664e-01 3.163504302501678467e-01 7.499778270721435547e-01 9.020416736602783203e-01 8.808341026306152344e-01 4.826826751232147217e-01 4.236938059329986572e-01
3.829349875450134277e-01 4.518409967422485352e-01 6.192114949226379395e-01 1.412605047225952148e-01 5.847114920616149902e-01 9.698917269706726074e-01 7.576421499252319336e-01 3.836473822593688965e-01 4.055183231830596924e-01 5.057890415191650391e-01 2.074580937623977661e-01 5.900470614433288574e-01 5.569177865982055664e-01 4.558127224445343018e-01
1.822800040245056152e-01 7.410910129547119141e-01 4.287784993648529053e-01 9.727674722671508789e-01 5.156260132789611816e-01 5.548734068870544434e-01 4.317829906940460205e-01 1.260955780744552612e-01 6.413604021072387695e-01 4.742520451545715332e-01 9.089083671569824219e-01 6.314796209335327148e-01 3.238682150840759277e-01 6.196268796920776367e-01
4.074774980545043945e-01 6.785355210304260254e-01 9.041702747344970703e-01 2.398242503404617310e-01 2.947754859924316406e-01 8.879771828651428223e-01 9.984859228134155273e-01 3.736323118209838867e-01 5.449472665786743164e-01 5.631873011589050293e-01 3.221156299114227295e-01 9.956589341163635254e-02 5.899286270141601562e-01 3.974044322967529297e-01
4.396449923515319824e-01 4.835981726646423340e-01 1.400475017726421356e-02 1.709427535533905029e-01 3.119977414608001709e-01 4.852584898471832275e-01 7.311444878578186035e-01 4.589270353317260742e-01 6.401513814926147461e-01 9.038116782903671265e-02 3.905084133148193359e-01 3.361419439315795898e-01 5.180953741073608398e-01 6.548129320144653320e-01
1.275900006294250488e-01 3.872483372688293457e-01 9.487425088882446289e-01 1.167844980955123901e-01 5.616724863648414612e-02 1.252895891666412354e-01 1.748013347387313843e-01 2.319283783435821533e-01 4.110387265682220459e-01 6.976243853569030762e-01 2.912357151508331299e-01 1.097558736801147461e-01 6.329146027565002441e-01 4.398655295372009277e-01
5.375750064849853516e-01 2.593303322792053223e-01 9.449257254600524902e-01 8.439025282859802246e-01 8.150400221347808838e-02 3.944902122020721436e-01 3.274810016155242920e-01 6.990846991539001465e-01 1.592834889888763428e-01 7.763048410415649414e-01 6.813433766365051270e-01 1.560923159122467041e-01 5.489926934242248535e-01 7.489309906959533691e-01
8.166199922561645508e-01 1.668203324079513550e-01 2.224394977092742920e-01 3.549455106258392334e-01 7.353617548942565918e-01 8.972108364105224609e-01 7.361181974411010742e-01 7.131499052047729492e-01 3.927740156650543213e-01 4.596440196037292480e-01 2.462499290704727173e-01 6.730223298072814941e-01 5.291790962219238281e-01 4.668780565261840820e-01
9.507300257682800293e-01 2.290794998407363892e-01 7.269935011863708496e-01 6.428325176239013672e-01 1.478397548198699951e-01 2.563213184475898743e-02 9.042685627937316895e-01 9.571141600608825684e-01 1.872534155845642090e-01 6.952157616615295410e-01 8.985670804977416992e-01 1.508572995662689209e-01 5.042899250984191895e-01 8.774995803833007812e-01
4.120849967002868652e-01 3.886718451976776123e-01 2.151607573032379150e-01 7.934675216674804688e-01 3.344855010509490967e-01 8.644419908523559570e-01 2.336743324995040894e-01 4.909774959087371826e-01 4.623370468616485596e-01 2.809558510780334473e-01 2.887304723262786865e-01 4.612937271595001221e-01 5.285949707031250000e-01 5.800359249114990234e-01
1.037874966859817505e-01 4.940769970417022705e-01 9.403492212295532227e-01 1.819860041141510010e-01 8.395845293998718262e-01 7.580046653747558594e-01 5.884383320808410645e-01 1.042164638638496399e-01 3.576539158821105957e-01 6.936170458793640137e-01 2.464950680732727051e-01 8.904557824134826660e-01 6.488199830055236816e-01 3.188460767269134521e-01
5.439800024032592773e-01 3.141635060310363770e-01 1.589819937944412231e-01 7.092174887657165527e-02 9.319102764129638672e-01 3.035661578178405762e-01 1.381633337587118149e-02 5.323184728622436523e-01 5.039938092231750488e-01 4.251776039600372314e-01 1.977109611034393311e-01 8.619928956031799316e-01 5.079435110092163086e-01 3.308027684688568115e-01
3.873575031757354736e-01 8.237251639366149902e-01 3.082250058650970459e-01 8.219674825668334961e-01 5.448164939880371094e-01 7.747303843498229980e-01 2.236966602504253387e-02 3.123680651187896729e-01 6.035097837448120117e-01 1.898021250963211060e-01 6.415063142776489258e-01 6.311032772064208984e-01 4.338558018207550049e-01 6.482964158058166504e-01
7.761849761009216309e-01 3.718998432159423828e-01 4.434669911861419678e-01 4.039514958858489990e-01 6.197850033640861511e-02 7.105566859245300293e-01 3.005490005016326904e-01 7.516381740570068359e-01 2.824611365795135498e-01 5.971614122390747070e-01 4.001352488994598389e-01 1.105755865573883057e-01 5.819206237792968750e-01 6.786009073257446289e-01
9.873800277709960938e-01 5.359823107719421387e-01 5.666212439537048340e-01 4.284430146217346191e-01 9.563059806823730469e-01 3.458921238780021667e-02 7.681704163551330566e-01 8.463680148124694824e-01 3.246255218982696533e-01 6.059983968734741211e-01 7.377227544784545898e-01 8.682094216346740723e-01 5.560849308967590332e-01 4.559066295623779297e-01
1.235449984669685364e-01 2.690021693706512451e-01 1.439985036849975586e-01 1.124422475695610046e-01 7.461360096931457520e-01 8.677965402603149414e-02 1.131829991936683655e-01 2.317640185356140137e-01 4.668497145175933838e-01 3.801562190055847168e-01 1.599542796611785889e-01 7.431820631027221680e-01 5.634464025497436523e-01 4.289519786834716797e-01
5.593749880790710449e-02 3.184539973735809326e-01 8.308002352714538574e-01 9.563025236129760742e-01 7.669515013694763184e-01 1.065079793334007263e-01 3.420990109443664551e-01 5.123031139373779297e-02 3.765628337860107422e-01 8.674774765968322754e-01 9.054335355758666992e-01 7.440096139907836914e-01 3.934481739997863770e-01 5.141484737396240234e-01
3.689649999141693115e-01 2.273650020360946655e-01 1.478627473115921021e-01 7.615849971771240234e-01 5.230867266654968262e-01 2.790378928184509277e-01 7.500044107437133789e-01 5.491307973861694336e-01 3.306805193424224854e-01 3.496474623680114746e-01 4.195896685123443604e-01 6.622753143310546875e-01 5.217261314392089844e-01 6.465587019920349121e-01
3.960374891757965088e-01 6.238396763801574707e-01 9.683125019073486328e-01 3.030174970626831055e-02 2.644087374210357666e-01 6.071625351905822754e-01 7.434496879577636719e-01 4.246275722980499268e-01 4.218643009662628174e-01 6.024765372276306152e-01 3.117949962615966797e-01 3.254484534263610840e-01 5.667330622673034668e-01 4.451155364513397217e-01
1.064700037240982056e-01 3.151873350143432617e-01 2.445607483386993408e-01 3.649787604808807373e-01 3.894385099411010742e-01 8.215081095695495605e-01 8.243320584297180176e-01 7.845444232225418091e-02 4.252801239490509033e-01 2.318247407674789429e-01 1.931110769510269165e-01 4.038241207599639893e-01 6.517592072486877441e-01 6.355841159820556641e-01
8.122550249099731445e-01 6.465596556663513184e-01 1.211022511124610901e-01 7.810425162315368652e-01 6.175227761268615723e-01 5.936071872711181641e-01 4.038223326206207275e-01 8.560676574707031250e-01 6.562884449958801270e-01 1.427061706781387329e-01 6.280481219291687012e-01 6.903339624404907227e-01 4.079630374908447266e-01 6.971164941787719727e-01
8.028150200843811035e-01 5.732144713401794434e-01 2.295535057783126831e-01 6.946424841880798340e-01 9.231107234954833984e-01 8.115611076354980469e-01 5.180090069770812988e-01 7.684819102287292480e-01 5.186035037040710449e-01 3.523771464824676514e-01 4.364522099494934082e-01 8.526168465614318848e-01 4.786235392093658447e-01 4.639616310596466064e-01
7.058950066566467285e-01 5.784844756126403809e-01 8.781217336654663086e-01 5.887324810028076172e-01 9.549574851989746094e-01 3.352040350437164307e-01 6.958832144737243652e-01 7.349197268486022949e-01 3.400447368621826172e-01 7.143277525901794434e-01 8.798446655273437500e-01 9.105668663978576660e-01 5.042982101440429688e-01 4.017975032329559326e-01
8.918575048446655273e-01 7.369746565818786621e-01 5.908054709434509277e-01 2.607057392597198486e-01 8.280537724494934082e-01 7.834926247596740723e-01 6.967225074768066406e-01 8.406640887260437012e-01 6.640393733978271484e-01 1.564392745494842529e-01 5.982425212860107422e-01 7.544645071029663086e-01 4.023747146129608154e-01 6.504364013671875000e-01
6.752799749374389648e-01 2.407515048980712891e-01 9.716762304306030273e-01 2.347504943609237671e-01 4.720567464828491211e-01 7.338165640830993652e-01 2.703480124473571777e-01 6.086212992668151855e-01 2.789908349514007568e-01 7.802467942237854004e-01 4.448119997978210449e-01 5.349256396293640137e-01 5.470457673072814941e-01 3.944976031780242920e-01
6.344249844551086426e-01 6.126148104667663574e-01 6.056257486343383789e-01 3.943184912204742432e-01 4.792717397212982178e-01 3.934729397296905518e-01 7.056192159652709961e-01 6.067894697189331055e-01 5.699769854545593262e-01 6.090896725654602051e-01 5.038801431655883789e-01 4.021908640861511230e-01 4.171785414218902588e-01 3.416101634502410889e-01
4.139175117015838623e-01 7.253504991531372070e-01 3.252139985561370850e-01 6.532300263643264771e-02 6.295999884605407715e-02 2.621102929115295410e-01 6.189373135566711426e-01 4.045944809913635254e-01 6.063491702079772949e-01 3.192011713981628418e-01 2.601063549518585205e-01 9.327109903097152710e-02 6.500614285469055176e-01 4.284048378467559814e-01
3.316025137901306152e-01 7.281389832496643066e-01 8.542452454566955566e-01 2.249505072832107544e-01 2.384702563285827637e-01 6.133063435554504395e-01 4.121526777744293213e-01 4.124658405780792236e-01 5.651869177818298340e-01 5.786653757095336914e-01 4.214457571506500244e-01 2.675719261169433594e-01 4.765372872352600098e-01 3.688265085220336914e-01
1.649250090122222900e-02 2.913664877414703369e-01 2.093594968318939209e-01 5.392674803733825684e-01 8.406982421875000000e-01 9.353960752487182617e-01 4.999243319034576416e-01 2.919697016477584839e-02 5.945509076118469238e-01 1.452817171812057495e-01 1.577025800943374634e-01 4.344765543937683105e-01 8.481749296188354492e-01 3.531090319156646729e-01
7.780249714851379395e-01 7.511096596717834473e-01 3.650715053081512451e-01 1.763432472944259644e-01 5.976972579956054688e-01 9.786142706871032715e-01 2.309333384037017822e-01 6.718152165412902832e-01 5.884922146797180176e-01 3.570052385330200195e-01 3.001953363418579102e-01 6.031688451766967773e-01 4.843768477439880371e-01 4.093827605247497559e-01
6.054049730300903320e-01 7.075453400611877441e-01 2.268392443656921387e-01 7.638350129127502441e-01 7.120339870452880859e-01 1.246047466993331909e-01 4.791416525840759277e-01 5.751353502273559570e-01 6.451228857040405273e-01 3.802681863307952881e-01 6.214082241058349609e-01 6.403285861015319824e-01 3.871217668056488037e-01 4.946947395801544189e-01
3.520149886608123779e-01 5.280548334121704102e-01 3.585387468338012695e-01 3.468132615089416504e-01 1.129002496600151062e-01 1.143163666129112244e-01 6.654980182647705078e-01 4.061692953109741211e-01 5.798186063766479492e-01 5.180280804634094238e-01 3.805844783782958984e-01 1.138063669204711914e-01 5.468629002571105957e-01 4.101058244705200195e-01
2.694750130176544189e-01 2.983153462409973145e-01 4.852362573146820068e-01 7.730575203895568848e-01 2.449090033769607544e-01 4.340046346187591553e-01 4.425783455371856689e-01 3.238669335842132568e-01 4.132017493247985840e-01 7.086479663848876953e-01 6.355950832366943359e-01 2.614863812923431396e-01 4.316074252128601074e-01 4.710407257080078125e-01
6.353974938392639160e-01 6.742054820060729980e-01 1.154307499527931213e-01 5.268524885177612305e-01 1.115292534232139587e-01 6.476544737815856934e-01 1.378476619720458984e-01 6.040928363800048828e-01 6.873703002929687500e-01 2.228573262691497803e-01 4.158235490322113037e-01 1.384289562702178955e-01 5.246145725250244141e-01 5.139849185943603516e-01
