4.490514397621154785e-01 3.519166726619005203e-03 9.322242736816406250e-01 4.156785905361175537e-01 3.209452331066131592e-01 0.000000000000000000e+00 5.672468543052673340e-01 2.069795727729797363e-01 6.281850337982177734e-01 4.716843068599700928e-01 3.402510583400726318e-01 3.281050547957420349e-02
9.682499766349792480e-01 3.831666707992553711e-01 5.927500128746032715e-01 7.587500214576721191e-01 1.567499935626983643e-01 6.448374986648559570e-01 9.238162636756896973e-01 4.741764366626739502e-01 6.995278000831604004e-01 5.916008353233337402e-01 1.512213945388793945e-01 5.956013798713684082e-01
6.862499713897705078e-01 1.848333328962326050e-01 1.072499975562095642e-01 1.247500032186508179e-01 1.492500007152557373e-01 7.700725197792053223e-01 6.121943593025207520e-01 2.497246861457824707e-01 1.933696419000625610e-01 1.170732676982879639e-01 1.255597621202468872e-01 6.708089709281921387e-01
9.157500267028808594e-01 3.728333413600921631e-01 5.482500195503234863e-01 9.407500028610229492e-01 3.007499873638153076e-01 1.988424956798553467e-01 9.505894780158996582e-01 4.303821623325347900e-01 7.044634222984313965e-01 7.731650471687316895e-01 3.010557889938354492e-01 5.528003573417663574e-01
5.242984294891357422e-01 8.435993194580078125e-01 5.382158756256103516e-01 3.326447010040283203e-01 8.046497404575347900e-02 0.000000000000000000e+00 5.236918926239013672e-01 6.496292352676391602e-01 2.127686887979507446e-01 3.916133344173431396e-01 6.354279816150665283e-02 2.947026863694190979e-02
9.792500138282775879e-01 2.138333320617675781e-01 2.775000035762786865e-02 8.262500166893005371e-01 7.302500009536743164e-01 2.978425025939941406e-01 8.861161470413208008e-01 3.461024165153503418e-01 2.310636788606643677e-01 8.068655133247375488e-01 7.001792788505554199e-01 3.205711543560028076e-01
1.039570719003677368e-01 6.502701640129089355e-01 4.853380024433135986e-01 9.108142852783203125e-01 3.974117934703826904e-01 0.000000000000000000e+00 5.953588336706161499e-02 8.090803623199462891e-01 7.760567069053649902e-01 9.126650094985961914e-01 3.525004386901855469e-01 1.720569655299186707e-02
2.532162666320800781e-01 6.596434712409973145e-01 1.249679252505302429e-01 4.406853020191192627e-01 3.204870223999023438e-01 0.000000000000000000e+00 2.556783556938171387e-01 7.378163933753967285e-01 1.856989562511444092e-01 2.996164262294769287e-01 3.206533789634704590e-01 5.339767783880233765e-02
1.197500005364418030e-01 7.655000090599060059e-01 3.937500119209289551e-01 4.627499878406524658e-01 2.425000071525573730e-02 7.378975152969360352e-01 9.964413195848464966e-02 5.916739106178283691e-01 2.176861464977264404e-01 4.079109430313110352e-01 1.305729895830154419e-01 7.010769248008728027e-01
4.225658774375915527e-01 6.880264878273010254e-01 8.044209480285644531e-01 7.249938845634460449e-01 9.117444157600402832e-01 0.000000000000000000e+00 4.473962783813476562e-01 6.862876415252685547e-01 7.691118717193603516e-01 8.263021707534790039e-01 9.137607812881469727e-01 2.091929316520690918e-02
4.085108935832977295e-01 5.053573250770568848e-01 4.547305032610893250e-02 2.081873565912246704e-01 1.128010973334312439e-01 0.000000000000000000e+00 3.786208927631378174e-01 6.878831982612609863e-01 1.079076230525970459e-01 1.483187228441238403e-01 1.005222871899604797e-01 4.234119504690170288e-02
7.422500252723693848e-01 3.138333261013031006e-01 2.622500061988830566e-01 7.897499799728393555e-01 4.324999824166297913e-02 7.606675028800964355e-01 6.383431553840637207e-01 4.310380518436431885e-01 3.745347559452056885e-01 6.455770730972290039e-01 7.123489677906036377e-02 4.832929074764251709e-01
5.432500243186950684e-01 4.318333268165588379e-01 2.807500064373016357e-01 1.127500012516975403e-01 6.707500219345092773e-01 2.117124944925308228e-01 5.150440931320190430e-01 4.254507720470428467e-01 4.108425676822662354e-01 1.970062255859375000e-01 6.306949257850646973e-01 1.537891626358032227e-01
7.777500152587890625e-01 5.548333525657653809e-01 2.002499997615814209e-01 6.624999642372131348e-02 9.717500209808349609e-01 1.671624928712844849e-01 7.108059525489807129e-01 5.903583765029907227e-01 3.090594708919525146e-01 2.386432141065597534e-01 9.117770791053771973e-01 6.364452093839645386e-02
1.724999956786632538e-02 2.105000019073486328e-01 3.075000084936618805e-02 3.967500030994415283e-01 8.824999630451202393e-02 2.468574941158294678e-01 5.571678653359413147e-02 2.531713247299194336e-01 1.045836433768272400e-01 3.774447441101074219e-01 2.572887763381004333e-02 1.789194792509078979e-01
8.112204670906066895e-01 7.164216637611389160e-01 8.850507140159606934e-01 9.081423282623291016e-01 3.103545010089874268e-01 0.000000000000000000e+00 7.975887060165405273e-01 4.725989103317260742e-01 7.122750282287597656e-01 8.800571560859680176e-01 2.849991023540496826e-01 5.757846520282328129e-04
4.324999824166297913e-02 3.465000092983245850e-01 9.724999964237213135e-02 9.907500147819519043e-01 2.837499976158142090e-01 4.750525057315826416e-01 5.929239094257354736e-02 3.859235048294067383e-01 1.051065251231193542e-01 9.033761024475097656e-01 2.269213795661926270e-01 4.204031229019165039e-01
5.582500100135803223e-01 3.838333189487457275e-01 3.772499859333038330e-01 4.975000023841857910e-02 5.062500238418579102e-01 7.497774958610534668e-01 6.075975894927978516e-01 3.981502950191497803e-01 2.877224087715148926e-01 9.651805460453033447e-02 4.798163473606109619e-01 6.861305832862854004e-01
1.049078777432441711e-01 3.806213438510894775e-01 3.710909485816955566e-01 9.455219507217407227e-01 7.406148314476013184e-01 0.000000000000000000e+00 1.310433894395828247e-01 5.859370827674865723e-01 6.667450666427612305e-01 8.130634427070617676e-01 6.865478754043579102e-01 7.395552098751068115e-02
8.506162166595458984e-01 1.224166676402091980e-01 3.313709497451782227e-01 5.141190290451049805e-01 1.511014997959136963e-01 0.000000000000000000e+00 6.394575834274291992e-01 2.186809480190277100e-01 5.804176330566406250e-01 6.740420460700988770e-01 1.138427779078483582e-01 4.887441638857126236e-03
9.249740839004516602e-01 9.512813091278076172e-01 2.597201466560363770e-01 8.268143534660339355e-01 9.012835621833801270e-01 0.000000000000000000e+00 8.934590816497802734e-01 8.150793910026550293e-01 3.791613280773162842e-01 7.697463035583496094e-01 8.851590156555175781e-01 1.551673398353159428e-03
5.147500038146972656e-01 7.461666464805603027e-01 4.427500069141387939e-01 2.087499946355819702e-01 4.997499883174896240e-01 3.527874946594238281e-01 5.669656991958618164e-01 7.045383453369140625e-01 3.490344285964965820e-01 2.475857138633728027e-01 5.109852552413940430e-01 2.880575656890869141e-01
8.425000309944152832e-02 3.655000030994415283e-01 1.875000074505805969e-02 4.672499895095825195e-01 2.232500016689300537e-01 3.839724957942962646e-01 1.377919316291809082e-01 5.072553157806396484e-01 1.516951173543930054e-01 5.705538392066955566e-01 1.831773221492767334e-01 5.214378833770751953e-01
6.492499709129333496e-01 7.601666450500488281e-01 4.250000230967998505e-03 4.437499940395355225e-01 9.767500162124633789e-01 4.626775085926055908e-01 5.923618674278259277e-01 6.806351542472839355e-01 1.599287092685699463e-01 6.362400650978088379e-01 9.404974579811096191e-01 4.523018002510070801e-01
5.046116113662719727e-01 5.298854708671569824e-01 7.640615701675415039e-01 2.668684124946594238e-01 2.431405782699584961e-01 0.000000000000000000e+00 4.706816971302032471e-01 3.351699411869049072e-01 4.720453321933746338e-01 3.822470903396606445e-01 2.313163578510284424e-01 1.519059538841247559e-01
6.113541126251220703e-01 2.250983379781246185e-02 3.116526305675506592e-01 2.406096011400222778e-01 9.503335356712341309e-01 0.000000000000000000e+00 7.314915657043457031e-01 2.306070476770401001e-01 3.625035583972930908e-01 1.426985114812850952e-01 9.482760429382324219e-01 2.479494176805019379e-02
5.807499885559082031e-01 3.148333430290222168e-01 5.957499742507934570e-01 1.624999940395355225e-02 9.624999761581420898e-02 6.359274983406066895e-01 5.437359809875488281e-01 2.699759602546691895e-01 5.020324587821960449e-01 1.141815260052680969e-01 8.782783150672912598e-02 6.071278452873229980e-01
8.829076290130615234e-01 5.042549967765808105e-02 7.345488667488098145e-01 9.351281523704528809e-01 4.538421332836151123e-01 0.000000000000000000e+00 8.896665573120117188e-01 2.201545089483261108e-01 8.733358383178710938e-01 9.184994697570800781e-01 4.207344949245452881e-01 6.015847902745008469e-04
6.776854395866394043e-01 1.491283327341079712e-01 2.998954989016056061e-02 4.941039085388183594e-01 2.511838078498840332e-01 0.000000000000000000e+00 5.874093174934387207e-01 3.100101649761199951e-01 4.566412866115570068e-01 4.226713478565216064e-01 2.336894720792770386e-01 1.315698307007551193e-02
2.367500066757202148e-01 5.378333330154418945e-01 3.197500109672546387e-01 2.102500051259994507e-01 3.602499961853027344e-01 9.784675240516662598e-01 2.062041759490966797e-01 5.224409699440002441e-01 2.531132996082305908e-01 2.637873291969299316e-01 3.666936755180358887e-01 9.013535380363464355e-01
2.087499946355819702e-01 8.308333158493041992e-01 8.952500224113464355e-01 2.347500026226043701e-01 1.957499980926513672e-01 4.715875089168548584e-01 2.233422547578811646e-01 7.497012019157409668e-01 7.475390434265136719e-01 2.781036794185638428e-01 2.335228621959686279e-01 2.689762711524963379e-01
8.392297029495239258e-01 9.600081443786621094e-01 7.593227028846740723e-01 1.455826461315155029e-01 7.811545729637145996e-01 0.000000000000000000e+00 7.906460165977478027e-01 7.697175145149230957e-01 5.371289849281311035e-01 3.495925366878509521e-01 7.758147120475769043e-01 2.030610293149948120e-02
4.394707977771759033e-01 4.538834989070892334e-01 4.098477587103843689e-02 4.290376007556915283e-01 9.952024817466735840e-01 0.000000000000000000e+00 4.844499826431274414e-01 6.820862293243408203e-01 3.692376613616943359e-01 3.229067921638488770e-01 9.454497694969177246e-01 8.186820894479751587e-02
1.307048946619033813e-01 4.378983378410339355e-02 3.353744745254516602e-01 3.004209697246551514e-01 1.680236458778381348e-01 0.000000000000000000e+00 1.452471464872360229e-01 1.564889848232269287e-01 4.223496913909912109e-01 1.516856104135513306e-01 1.899584531784057617e-01 3.440500050783157349e-02
8.162500262260437012e-01 6.061666607856750488e-01 4.707500040531158447e-01 2.437500059604644775e-01 1.947499960660934448e-01 3.300175070762634277e-01 7.968114614486694336e-01 4.297345876693725586e-01 2.818700671195983887e-01 2.746903896331787109e-01 1.994050294160842896e-01 3.057372868061065674e-01
9.725373387336730957e-01 1.009194999933242798e-01 3.468529880046844482e-01 6.130784749984741211e-01 2.963030040264129639e-01 0.000000000000000000e+00 7.424768209457397461e-01 1.890478879213333130e-01 8.024471402168273926e-01 6.696145534515380859e-01 3.032819032669067383e-01 7.590460777282714844e-02
5.648339390754699707e-01 5.234591960906982422e-01 4.378195405006408691e-01 6.077617406845092773e-01 1.365213245153427124e-01 0.000000000000000000e+00 5.068871378898620605e-01 3.104178309440612793e-01 4.146955609321594238e-01 6.919531822204589844e-01 1.144379079341888428e-01 1.614443399012088776e-02
1.197500005364418030e-01 7.655000090599060059e-01 3.937500119209289551e-01 4.627499878406524658e-01 2.425000071525573730e-02 7.378975152969360352e-01 9.964413195848464966e-02 5.916739106178283691e-01 2.176861464977264404e-01 4.079109430313110352e-01 1.305729895830154419e-01 7.010769248008728027e-01
6.182500123977661133e-01 3.758333325386047363e-01 4.675000160932540894e-02 1.125000044703483582e-02 5.502499938011169434e-01 6.443424820899963379e-01 6.145763993263244629e-01 3.385171592235565186e-01 1.194582954049110413e-01 1.084075272083282471e-01 5.259611606597900391e-01 7.434371113777160645e-01
7.462499737739562988e-01 4.435000121593475342e-01 5.262500047683715820e-01 9.722499847412109375e-01 5.317500233650207520e-01 3.008125126361846924e-01 6.901944279670715332e-01 3.788455724716186523e-01 6.405900120735168457e-01 8.170922994613647461e-01 5.056931376457214355e-01 2.511692345142364502e-01
8.988802433013916016e-01 9.725456833839416504e-01 9.494672715663909912e-02 1.589851975440979004e-01 9.799843430519104004e-01 0.000000000000000000e+00 8.936255574226379395e-01 7.277077436447143555e-01 1.431857198476791382e-01 8.596440404653549194e-02 9.286962747573852539e-01 2.071989001706242561e-03
5.465636253356933594e-01 3.897031545639038086e-01 2.318842709064483643e-01 6.938999891281127930e-02 2.036156207323074341e-01 0.000000000000000000e+00 5.362415909767150879e-01 3.602334260940551758e-01 1.553574055433273315e-01 1.437390595674514771e-01 2.136695683002471924e-01 2.575215399265289307e-01
9.245489239692687988e-01 2.321991622447967529e-01 5.734986662864685059e-01 4.362773299217224121e-01 3.301272541284561157e-02 0.000000000000000000e+00 7.454963922500610352e-01 2.691532075405120850e-01 7.049663662910461426e-01 6.670040488243103027e-01 5.418163537979125977e-02 3.550290130078792572e-03
7.067499756813049316e-01 2.685000002384185791e-01 5.397499799728393555e-01 7.762500047683715820e-01 7.002500295639038086e-01 1.295424997806549072e-01 8.073921203613281250e-01 2.732151448726654053e-01 5.506258010864257812e-01 6.621342897415161133e-01 6.515816450119018555e-01 1.662083417177200317e-01
3.631751239299774170e-01 8.869378566741943359e-01 5.249464511871337891e-01 4.569839537143707275e-01 9.097806215286254883e-01 0.000000000000000000e+00 3.641615211963653564e-01 7.874276041984558105e-01 4.907273352146148682e-01 5.986536741256713867e-01 9.107006192207336426e-01 1.650531738996505737e-01
5.938059687614440918e-01 1.251106709241867065e-01 1.411431282758712769e-01 9.169515967369079590e-01 9.231058359146118164e-01 0.000000000000000000e+00 6.857308149337768555e-01 2.715445756912231445e-01 5.076856613159179688e-01 5.856849551200866699e-01 9.330078959465026855e-01 7.744701113551855087e-03
5.992500185966491699e-01 7.551666498184204102e-01 8.052499890327453613e-01 4.177500009536743164e-01 7.957500219345092773e-01 1.696375012397766113e-01 5.900439620018005371e-01 7.008450031280517578e-01 6.261441707611083984e-01 6.129735708236694336e-01 8.081166744232177734e-01 1.607424914836883545e-01
8.632500171661376953e-01 4.165000021457672119e-01 4.027499854564666748e-01 8.617500066757202148e-01 4.562500119209289551e-01 8.859025239944458008e-01 8.719854950904846191e-01 4.850621223449707031e-01 4.315168857574462891e-01 6.930657625198364258e-01 4.118758440017700195e-01 6.063793301582336426e-01
7.262499928474426270e-01 3.008333444595336914e-01 2.924999967217445374e-02 6.517500281333923340e-01 3.974999859929084778e-02 5.527675151824951172e-01 7.160735130310058594e-01 3.410753011703491211e-01 1.610923111438751221e-01 3.639582097530364990e-01 6.532166153192520142e-02 4.124349355697631836e-01
4.222500026226043701e-01 3.244999945163726807e-01 6.075000017881393433e-02 5.477499961853027344e-01 8.737499713897705078e-01 9.274824857711791992e-01 4.993399679660797119e-01 4.446612000465393066e-01 1.431398987770080566e-01 5.419911742210388184e-01 8.877424001693725586e-01 8.821648359298706055e-01
9.002500176429748535e-01 4.108333289623260498e-01 2.167499959468841553e-01 6.967499852180480957e-01 1.177499964833259583e-01 7.032474875450134277e-01 8.227388262748718262e-01 4.493777453899383545e-01 2.559374272823333740e-01 4.988797903060913086e-01 1.076420843601226807e-01 4.512232840061187744e-01
7.462499737739562988e-01 4.435000121593475342e-01 5.262500047683715820e-01 9.722499847412109375e-01 5.317500233650207520e-01 3.008125126361846924e-01 6.901944279670715332e-01 3.788455724716186523e-01 6.405900120735168457e-01 8.170922994613647461e-01 5.056931376457214355e-01 2.511692345142364502e-01
8.418635129928588867e-01 7.765183597803115845e-02 5.020554661750793457e-01 8.411182165145874023e-01 6.530433893203735352e-01 0.000000000000000000e+00 8.378280997276306152e-01 2.951056063175201416e-01 7.265215516090393066e-01 8.210190534591674805e-01 6.619635224342346191e-01 6.712298840284347534e-02
1.617500036954879761e-01 3.955000042915344238e-01 7.982500195503234863e-01 6.612499952316284180e-01 5.727499723434448242e-01 7.512624859809875488e-01 1.580316871404647827e-01 4.340128004550933838e-01 6.918052434921264648e-01 8.021208643913269043e-01 5.489777326583862305e-01 8.280891776084899902e-01
9.157500267028808594e-01 3.728333413600921631e-01 5.482500195503234863e-01 9.407500028610229492e-01 3.007499873638153076e-01 1.988424956798553467e-01 9.505894780158996582e-01 4.303821623325347900e-01 7.044634222984313965e-01 7.731650471687316895e-01 3.010557889938354492e-01 5.528003573417663574e-01
3.857499957084655762e-01 8.264999985694885254e-01 8.447499871253967285e-01 1.167500019073486328e-01 1.217499971389770508e-01 5.389075279235839844e-01 4.294715225696563721e-01 6.846286654472351074e-01 6.701143980026245117e-01 1.169979274272918701e-01 1.669098734855651855e-01 3.635165989398956299e-01
4.285517334938049316e-01 9.163691401481628418e-01 5.856790021061897278e-02 8.226234316825866699e-01 2.143753021955490112e-01 0.000000000000000000e+00 4.246324896812438965e-01 9.287496209144592285e-01 7.472087442874908447e-02 6.418101787567138672e-01 1.886589378118515015e-01 2.211705315858125687e-03
5.078848004341125488e-01 6.420828104019165039e-01 3.396093845367431641e-01 8.745614290237426758e-01 8.469990491867065430e-01 0.000000000000000000e+00 5.505947470664978027e-01 7.501711249351501465e-01 5.281540155410766602e-01 7.771883606910705566e-01 8.569426536560058594e-01 2.106243744492530823e-02
7.152500152587890625e-01 2.968333363533020020e-01 3.749999916180968285e-03 2.847500145435333252e-01 3.277499973773956299e-01 7.621524930000305176e-01 6.845964193344116211e-01 2.865589559078216553e-01 1.132654175162315369e-01 1.037333458662033081e-01 3.351031243801116943e-01 6.305511593818664551e-01
3.627499938011169434e-01 5.935000181198120117e-01 5.862500071525573730e-01 1.075000036507844925e-02 5.074999853968620300e-02 5.156425237655639648e-01 3.554604053497314453e-01 3.897575736045837402e-01 3.476131856441497803e-01 9.366293251514434814e-02 8.542238175868988037e-02 3.541452586650848389e-01
1.544154435396194458e-01 8.217966556549072266e-01 3.280188441276550293e-01 4.621395766735076904e-01 9.242093563079833984e-01 0.000000000000000000e+00 1.465627700090408325e-01 7.951630949974060059e-01 3.669295907020568848e-01 5.906555056571960449e-01 9.070795178413391113e-01 9.271871298551559448e-03
9.977082610130310059e-01 7.745118141174316406e-01 2.991661429405212402e-01 3.668748438358306885e-01 7.977942228317260742e-01 0.000000000000000000e+00 9.163821339607238770e-01 3.620923757553100586e-01 2.547597289085388184e-01 4.183978736400604248e-01 7.763751745223999023e-01 1.458990154787898064e-03
9.392499923706054688e-01 3.638333380222320557e-01 9.022499918937683105e-01 4.647499918937683105e-01 7.072499990463256836e-01 7.735375165939331055e-01 9.055652618408203125e-01 3.301006853580474854e-01 8.047861456871032715e-01 5.181873440742492676e-01 7.206266522407531738e-01 7.589353322982788086e-01
3.522500097751617432e-01 2.885000109672546387e-01 7.817500233650207520e-01 1.324999984353780746e-02 4.882499873638153076e-01 7.086924910545349121e-01 4.019317328929901123e-01 3.221631944179534912e-01 6.295595765113830566e-01 1.426361203193664551e-01 4.221562743186950684e-01 5.628926753997802734e-01
3.097499907016754150e-01 5.391666889190673828e-01 8.897500038146972656e-01 1.025000028312206268e-02 7.647500038146972656e-01 5.785074830055236816e-01 3.093030452728271484e-01 4.504318237304687500e-01 6.781684160232543945e-01 2.160684764385223389e-01 7.781286239624023438e-01 5.019829869270324707e-01
1.001560464501380920e-01 1.866946667432785034e-01 5.226894617080688477e-01 8.762919306755065918e-01 4.608202874660491943e-01 0.000000000000000000e+00 9.580530226230621338e-02 1.582962721586227417e-01 8.271057009696960449e-01 8.367862105369567871e-01 4.705072045326232910e-01 5.977705586701631546e-03
3.627499938011169434e-01 5.935000181198120117e-01 5.862500071525573730e-01 1.075000036507844925e-02 5.074999853968620300e-02 5.156425237655639648e-01 3.554604053497314453e-01 3.897575736045837402e-01 3.476131856441497803e-01 9.366293251514434814e-02 8.542238175868988037e-02 3.541452586650848389e-01
7.462499737739562988e-01 4.435000121593475342e-01 5.262500047683715820e-01 9.722499847412109375e-01 5.317500233650207520e-01 3.008125126361846924e-01 6.901944279670715332e-01 3.788455724716186523e-01 6.405900120735168457e-01 8.170922994613647461e-01 5.056931376457214355e-01 2.511692345142364502e-01
3.842499852180480957e-01 7.928333282470703125e-01 6.317499876022338867e-01 7.692499756813049316e-01 8.192499876022338867e-01 7.433425188064575195e-01 4.191166162490844727e-01 7.370984554290771484e-01 6.592672467231750488e-01 7.961669564247131348e-01 8.611636757850646973e-01 7.132599949836730957e-01
6.872500181198120117e-01 1.895000040531158447e-01 7.222499847412109375e-01 8.382499814033508301e-01 9.427499771118164062e-01 2.389374971389770508e-01 8.024852871894836426e-01 2.315070480108261108e-01 6.917108297348022461e-01 6.877470016479492188e-01 8.611139655113220215e-01 9.056098759174346924e-02
6.208345890045166016e-01 6.533928513526916504e-01 7.017077207565307617e-01 6.459809839725494385e-02 9.126687794923782349e-02 0.000000000000000000e+00 5.347220301628112793e-01 3.371278345584869385e-01 2.460097521543502808e-01 3.956706821918487549e-01 7.690306752920150757e-02 1.139452457427978516e-01
4.304271042346954346e-01 7.384985089302062988e-01 7.922080755233764648e-01 4.227548837661743164e-01 5.063464045524597168e-01 0.000000000000000000e+00 4.060513675212860107e-01 7.032167315483093262e-01 6.390189528465270996e-01 5.424620509147644043e-01 4.682398140430450439e-01 1.087684556841850281e-01
5.807499885559082031e-01 3.148333430290222168e-01 5.957499742507934570e-01 1.624999940395355225e-02 9.624999761581420898e-02 6.359274983406066895e-01 5.437359809875488281e-01 2.699759602546691895e-01 5.020324587821960449e-01 1.141815260052680969e-01 8.782783150672912598e-02 6.071278452873229980e-01
3.915491104125976562e-01 1.598246693611145020e-01 9.550953507423400879e-01 4.640429019927978516e-01 6.263464093208312988e-01 0.000000000000000000e+00 4.040245413780212402e-01 2.477573156356811523e-01 7.150379419326782227e-01 6.699414849281311035e-01 6.267631649971008301e-01 3.964617103338241577e-02
3.597055077552795410e-01 8.442655205726623535e-01 4.879646599292755127e-01 6.288070082664489746e-01 8.290605247020721436e-02 0.000000000000000000e+00 3.051028549671173096e-01 6.887697577476501465e-01 3.703103661537170410e-01 6.853783726692199707e-01 6.121541559696197510e-02 3.106594271957874298e-02
6.182500123977661133e-01 3.758333325386047363e-01 4.675000160932540894e-02 1.125000044703483582e-02 5.502499938011169434e-01 6.443424820899963379e-01 6.145763993263244629e-01 3.385171592235565186e-01 1.194582954049110413e-01 1.084075272083282471e-01 5.259611606597900391e-01 7.434371113777160645e-01
5.790258049964904785e-01 3.795788288116455078e-01 6.833299398422241211e-01 2.418387234210968018e-01 6.230959892272949219e-01 0.000000000000000000e+00 6.097998023033142090e-01 2.273492962121963501e-01 4.660310447216033936e-01 3.564127683639526367e-01 6.098450422286987305e-01 6.664858013391494751e-02
1.594885438680648804e-01 1.989078372716903687e-01 6.286816000938415527e-01 1.163334771990776062e-01 2.556040585041046143e-01 0.000000000000000000e+00 1.137384697794914246e-01 2.143934816122055054e-01 6.891962289810180664e-01 1.563002169132232666e-01 2.928633987903594971e-01 7.380514405667781830e-03
4.392499923706054688e-01 7.818333506584167480e-01 6.822500228881835938e-01 7.642499804496765137e-01 5.087500214576721191e-01 1.226124987006187439e-01 4.661338329315185547e-01 6.509457826614379883e-01 6.223886609077453613e-01 7.113295793533325195e-01 5.058946013450622559e-01 1.578624546527862549e-01
6.422500014305114746e-01 5.651666522026062012e-01 7.967500090599060059e-01 4.024999961256980896e-02 5.324999988079071045e-02 3.255625069141387939e-01 6.733449101448059082e-01 3.079223334789276123e-01 4.538404047489166260e-01 1.586231738328933716e-01 8.987368643283843994e-02 5.368566513061523438e-01
1.562500000000000000e-01 2.598333358764648438e-01 1.867499947547912598e-01 7.337499856948852539e-01 2.272499948740005493e-01 8.548749983310699463e-02 1.912853866815567017e-01 3.139469027519226074e-01 2.570981681346893311e-01 6.310377120971679688e-01 1.744377613067626953e-01 1.181252673268318176e-01
1.782102510333061218e-02 6.647105216979980469e-01 8.691920638084411621e-01 6.396918296813964844e-01 3.813567757606506348e-01 0.000000000000000000e+00 1.621548645198345184e-02 6.794184446334838867e-01 8.655868172645568848e-01 6.858981251716613770e-01 3.500641882419586182e-01 7.310580462217330933e-03
9.250000119209289551e-03 6.671666502952575684e-01 8.472499847412109375e-01 4.362500011920928955e-01 1.627500057220458984e-01 2.226025015115737915e-01 3.831953927874565125e-02 6.460757851600646973e-01 7.364414334297180176e-01 5.001575350761413574e-01 2.519518136978149414e-01 5.081805586814880371e-02
9.809564352035522461e-01 7.652944922447204590e-01 5.086681246757507324e-01 6.332961916923522949e-01 9.473838806152343750e-01 0.000000000000000000e+00 9.374737739562988281e-01 5.582732558250427246e-01 4.975749552249908447e-01 6.581977605819702148e-01 9.098432064056396484e-01 1.801342586986720562e-03
3.410693705081939697e-01 4.910691678524017334e-01 9.742522239685058594e-02 3.855229616165161133e-01 1.125839725136756897e-01 0.000000000000000000e+00 3.116605281829833984e-01 6.051675081253051758e-01 1.868216246366500854e-01 2.399637848138809204e-01 9.031450003385543823e-02 1.286229938268661499e-01
6.337707489728927612e-02 1.044816710054874420e-02 8.643751144409179688e-01 9.160760641098022461e-01 9.571183919906616211e-01 0.000000000000000000e+00 2.074786573648452759e-01 2.033618539571762085e-01 5.805295109748840332e-01 8.216497898101806641e-01 9.461480379104614258e-01 7.566033303737640381e-02
8.947819471359252930e-01 3.621828258037567139e-01 9.623171687126159668e-01 9.926418066024780273e-01 3.692904114723205566e-01 0.000000000000000000e+00 8.939992785453796387e-01 1.862275451421737671e-01 9.058462977409362793e-01 9.499872922897338867e-01 3.548764586448669434e-01 5.504049477167427540e-05
7.462499737739562988e-01 4.435000121593475342e-01 5.262500047683715820e-01 9.722499847412109375e-01 5.317500233650207520e-01 3.008125126361846924e-01 6.901944279670715332e-01 3.788455724716186523e-01 6.405900120735168457e-01 8.170922994613647461e-01 5.056931376457214355e-01 2.511692345142364502e-01
3.097499907016754150e-01 5.391666889190673828e-01 8.897500038146972656e-01 1.025000028312206268e-02 7.647500038146972656e-01 5.785074830055236816e-01 3.093030452728271484e-01 4.504318237304687500e-01 6.781684160232543945e-01 2.160684764385223389e-01 7.781286239624023438e-01 5.019829869270324707e-01
8.772500157356262207e-01 2.208333313465118408e-01 2.672500014305114746e-01 1.457500010728836060e-01 7.042499780654907227e-01 9.750025272369384766e-01 7.939170002937316895e-01 3.275872766971588135e-01 2.537906169891357422e-01 1.458536833524703979e-01 6.573823690414428711e-01 7.985907196998596191e-01
5.452499985694885254e-01 3.055000007152557373e-01 9.522500038146972656e-01 7.967500090599060059e-01 7.602499723434448242e-01 7.062175273895263672e-01 5.429286956787109375e-01 3.756057620048522949e-01 8.240224719047546387e-01 8.704925775527954102e-01 7.558218240737915039e-01 7.465392947196960449e-01
7.422500252723693848e-01 3.138333261013031006e-01 2.622500061988830566e-01 7.897499799728393555e-01 4.324999824166297913e-02 7.606675028800964355e-01 6.383431553840637207e-01 4.310380518436431885e-01 3.745347559452056885e-01 6.455770730972290039e-01 7.123489677906036377e-02 4.832929074764251709e-01
9.780381917953491211e-01 3.366291522979736328e-01 2.757762372493743896e-01 3.097485303878784180e-01 1.051075533032417297e-01 0.000000000000000000e+00 8.556157946586608887e-01 5.324443578720092773e-01 4.522106647491455078e-01 3.646256327629089355e-01 8.523166924715042114e-02 7.795675843954086304e-02
9.530037641525268555e-01 7.123703360557556152e-01 3.493470847606658936e-01 5.777137875556945801e-01 5.690067633986473083e-02 0.000000000000000000e+00 9.149532318115234375e-01 8.498408198356628418e-01 4.576382637023925781e-01 4.537371993064880371e-01 5.531675368547439575e-02 4.205074510537087917e-04
4.188385903835296631e-01 1.773231625556945801e-01 7.529490590095520020e-01 4.945300519466400146e-01 3.409959673881530762e-01 0.000000000000000000e+00 4.212622046470642090e-01 2.421414554119110107e-01 5.553508400917053223e-01 6.508216857910156250e-01 3.556116223335266113e-01 8.834493905305862427e-02
5.967500209808349609e-01 5.328333377838134766e-01 5.092499852180480957e-01 5.947499871253967285e-01 3.992500007152557373e-01 3.740724921226501465e-01 6.835073828697204590e-01 4.669469594955444336e-01 4.241038560867309570e-01 4.404866397380828857e-01 4.126449525356292725e-01 2.495208680629730225e-01
6.697499752044677734e-01 2.458333373069763184e-01 1.750000054016709328e-03 1.677500009536743164e-01 2.412499934434890747e-01 8.562024831771850586e-01 6.099076867103576660e-01 2.890720069408416748e-01 7.093545794486999512e-02 1.088423058390617371e-01 2.482825666666030884e-01 7.347972393035888672e-01
9.370364546775817871e-01 8.144255280494689941e-01 8.401516079902648926e-01 2.816185057163238525e-01 1.222525024786591530e-03 0.000000000000000000e+00 8.853198885917663574e-01 7.732077240943908691e-01 5.290938019752502441e-01 4.894196689128875732e-01 3.422161564230918884e-02 8.874649647623300552e-04
9.022499918937683105e-01 2.164999991655349731e-01 8.612499833106994629e-01 5.582500100135803223e-01 6.122499704360961914e-01 6.586974859237670898e-01 8.519325852394104004e-01 2.641496360301971436e-01 8.728175163269042969e-01 5.409011840820312500e-01 5.712563395500183105e-01 5.729963183403015137e-01
4.812155067920684814e-01 9.445573091506958008e-01 7.934851050376892090e-01 5.285076498985290527e-01 8.380839228630065918e-01 0.000000000000000000e+00 4.908752143383026123e-01 8.399575352668762207e-01 6.603856086730957031e-01 6.296165585517883301e-01 8.420036435127258301e-01 8.882666006684303284e-03
8.577499985694885254e-01 2.168333381414413452e-01 2.547500133514404297e-01 3.422499895095825195e-01 2.307499945163726807e-01 5.324724912643432617e-01 7.627696990966796875e-01 2.924185693264007568e-01 3.148531913757324219e-01 3.064566552639007568e-01 2.068542838096618652e-01 3.063019514083862305e-01
6.177499890327453613e-01 6.188333630561828613e-01 4.407500028610229492e-01 3.187499940395355225e-01 5.037500262260437012e-01 1.216225028038024902e-01 6.356289982795715332e-01 5.946651101112365723e-01 4.659596383571624756e-01 2.952539324760437012e-01 5.081640481948852539e-01 1.449073404073715210e-01
2.661647200584411621e-01 1.355186700820922852e-01 5.600529909133911133e-01 3.721397817134857178e-01 7.575895786285400391e-01 0.000000000000000000e+00 2.923907339572906494e-01 1.815975606441497803e-01 6.687341332435607910e-01 2.904655933380126953e-01 7.283104658126831055e-01 9.891593363136053085e-04
4.456263482570648193e-01 5.420665144920349121e-01 1.541935801506042480e-01 8.142957687377929688e-01 5.201014876365661621e-01 0.000000000000000000e+00 4.750830531120300293e-01 6.954856514930725098e-01 2.864482998847961426e-01 7.412281632423400879e-01 4.914177954196929932e-01 3.032968640327453613e-01
8.617690801620483398e-01 6.530621647834777832e-01 8.708069324493408203e-01 1.428274810314178467e-01 2.425880730152130127e-01 0.000000000000000000e+00 7.768927216529846191e-01 4.403313398361206055e-01 3.463642299175262451e-01 5.469203591346740723e-01 2.303012460470199585e-01 3.759280219674110413e-02
8.162500262260437012e-01 6.061666607856750488e-01 4.707500040531158447e-01 2.437500059604644775e-01 1.947499960660934448e-01 3.300175070762634277e-01 7.968114614486694336e-01 4.297345876693725586e-01 2.818700671195983887e-01 2.746903896331787109e-01 1.994050294160842896e-01 3.057372868061065674e-01
8.218627572059631348e-01 1.909749954938888550e-01 9.729057550430297852e-01 9.835485219955444336e-01 9.698737859725952148e-01 0.000000000000000000e+00 8.798356056213378906e-01 1.738825440406799316e-01 9.322446584701538086e-01 8.943471908569335938e-01 9.128912687301635742e-01 4.507584031671285629e-03
9.022499918937683105e-01 2.164999991655349731e-01 8.612499833106994629e-01 5.582500100135803223e-01 6.122499704360961914e-01 6.586974859237670898e-01 8.519325852394104004e-01 2.641496360301971436e-01 8.728175163269042969e-01 5.409011840820312500e-01 5.712563395500183105e-01 5.729963183403015137e-01
5.327647328376770020e-01 5.208648443222045898e-01 7.977669239044189453e-01 7.556847929954528809e-01 6.623019576072692871e-01 0.000000000000000000e+00 5.882104635238647461e-01 3.881774544715881348e-01 6.037338972091674805e-01 6.784018278121948242e-01 7.518004775047302246e-01 1.463634520769119263e-01
6.422500014305114746e-01 5.651666522026062012e-01 7.967500090599060059e-01 4.024999961256980896e-02 5.324999988079071045e-02 3.255625069141387939e-01 6.733449101448059082e-01 3.079223334789276123e-01 4.538404047489166260e-01 1.586231738328933716e-01 8.987368643283843994e-02 5.368566513061523438e-01
4.961704313755035400e-01 7.311576604843139648e-01 6.811375617980957031e-01 5.376135110855102539e-01 2.675344645977020264e-01 0.000000000000000000e+00 4.412659108638763428e-01 2.976723611354827881e-01 3.049574494361877441e-01 6.971689462661743164e-01 2.768977284431457520e-01 2.363194338977336884e-02
6.182500123977661133e-01 3.758333325386047363e-01 4.675000160932540894e-02 1.125000044703483582e-02 5.502499938011169434e-01 6.443424820899963379e-01 6.145763993263244629e-01 3.385171592235565186e-01 1.194582954049110413e-01 1.084075272083282471e-01 5.259611606597900391e-01 7.434371113777160645e-01
9.440581202507019043e-01 1.524999970570206642e-03 3.379354998469352722e-02 8.945797085762023926e-01 3.125249932054430246e-04 0.000000000000000000e+00 8.480883240699768066e-01 3.586212694644927979e-01 5.721871852874755859e-01 6.216112971305847168e-01 3.504919260740280151e-02 5.068740574643015862e-04
8.725000172853469849e-02 5.738333463668823242e-01 8.117499947547912598e-01 8.967499732971191406e-01 4.697499871253967285e-01 8.616474866867065430e-01 8.620607852935791016e-02 5.789433121681213379e-01 7.843921184539794922e-01 8.530029058456420898e-01 4.654124975204467773e-01 8.681772351264953613e-01
7.588603496551513672e-01 9.343250095844268799e-02 9.908139705657958984e-01 9.663170576095581055e-01 5.209218263626098633e-01 0.000000000000000000e+00 8.926481008529663086e-01 1.992712914943695068e-01 8.488216996192932129e-01 9.055795669555664062e-01 4.957259893417358398e-01 2.170698484405875206e-03
8.905158042907714844e-01 3.270936608314514160e-01 9.093118906021118164e-01 9.300377964973449707e-01 8.199785947799682617e-01 0.000000000000000000e+00 8.904511332511901855e-01 2.844485044479370117e-01 8.751776814460754395e-01 9.216680526733398438e-01 8.099154829978942871e-01 8.054387755692005157e-03
2.967500090599060059e-01 7.678333520889282227e-01 5.277500152587890625e-01 8.107500076293945312e-01 8.812500238418579102e-01 2.077524960041046143e-01 3.378881216049194336e-01 7.617896199226379395e-01 5.658932328224182129e-01 8.696960210800170898e-01 8.766314387321472168e-01 5.006590113043785095e-02
1.605137437582015991e-02 7.927796840667724609e-01 1.346595287322998047e-01 8.639073967933654785e-01 8.540896177291870117e-01 0.000000000000000000e+00 5.230829119682312012e-02 8.598691225051879883e-01 1.255801171064376831e-01 7.758754491806030273e-01 8.819536566734313965e-01 6.168954423628747463e-04
8.177499771118164062e-01 5.158333182334899902e-01 9.177500009536743164e-01 6.962500214576721191e-01 9.737499952316284180e-01 9.705474972724914551e-01 7.980373501777648926e-01 4.430978596210479736e-01 7.720856070518493652e-01 7.720775604248046875e-01 9.170287847518920898e-01 6.583501696586608887e-01
7.249999791383743286e-03 5.961666703224182129e-01 8.457499742507934570e-01 3.867500126361846924e-01 4.352500140666961670e-01 7.509250193834304810e-02 6.429999321699142456e-02 6.251624822616577148e-01 7.637692093849182129e-01 4.962972700595855713e-01 4.772689044475555420e-01 8.777348697185516357e-02
1.317500025033950806e-01 3.211666643619537354e-01 9.142500162124633789e-01 2.262499928474426270e-01 9.742500185966491699e-01 8.720424771308898926e-01 1.426819264888763428e-01 3.186581432819366455e-01 7.459711432456970215e-01 2.412195652723312378e-01 9.166346788406372070e-01 7.918803095817565918e-01
4.962500035762786865e-01 5.658333301544189453e-01 8.657500147819519043e-01 8.772500157356262207e-01 2.282499969005584717e-01 8.131374716758728027e-01 4.786822795867919922e-01 5.141146183013916016e-01 7.092683911323547363e-01 8.354035615921020508e-01 2.562852203845977783e-01 6.111641526222229004e-01
2.517499923706054688e-01 6.198333501815795898e-01 4.977500140666961670e-01 7.227500081062316895e-01 5.952500104904174805e-01 5.230674743652343750e-01 2.859182953834533691e-01 6.863850355148315430e-01 5.645316839218139648e-01 8.158869147300720215e-01 5.692577958106994629e-01 5.790106058120727539e-01
1.949034184217453003e-01 2.457083389163017273e-02 5.687105059623718262e-01 6.477002501487731934e-01 2.307687997817993164e-01 0.000000000000000000e+00 1.311429589986801147e-01 1.458200365304946899e-01 8.202596306800842285e-01 6.695341467857360840e-01 2.603848874568939209e-01 1.598151167854666710e-03
9.972500205039978027e-01 4.148333370685577393e-01 4.582499861717224121e-01 3.007499873638153076e-01 2.467499971389770508e-01 2.361249923706054688e-02 9.230262041091918945e-01 4.140741825103759766e-01 4.975402951240539551e-01 2.777792811393737793e-01 2.162966728210449219e-01 1.439760029315948486e-01
5.665752887725830078e-01 1.598200052976608276e-01 3.056031763553619385e-01 6.358605027198791504e-01 2.158634066581726074e-01 0.000000000000000000e+00 5.366340279579162598e-01 2.784365713596343994e-01 4.174557924270629883e-01 5.612020492553710938e-01 1.864785701036453247e-01 5.612134188413619995e-02
6.583192348480224609e-01 8.261550068855285645e-01 4.005639255046844482e-01 4.698840081691741943e-01 3.430368304252624512e-01 0.000000000000000000e+00 6.065774559974670410e-01 7.216996550559997559e-01 2.705251276493072510e-01 6.820666193962097168e-01 3.237551748752593994e-01 2.532851397991180420e-01
7.279981374740600586e-01 9.814338088035583496e-01 1.477206945419311523e-01 9.428740143775939941e-01 8.802214860916137695e-01 0.000000000000000000e+00 8.320828080177307129e-01 8.295321464538574219e-01 1.600872129201889038e-01 8.366340994834899902e-01 8.887174129486083984e-01 6.719700060784816742e-03
9.392499923706054688e-01 3.638333380222320557e-01 9.022499918937683105e-01 4.647499918937683105e-01 7.072499990463256836e-01 7.735375165939331055e-01 9.055652618408203125e-01 3.301006853580474854e-01 8.047861456871032715e-01 5.181873440742492676e-01 7.206266522407531738e-01 7.589353322982788086e-01
3.240703344345092773e-01 6.005483269691467285e-01 2.642665505409240723e-01 3.322360217571258545e-01 6.076979637145996094e-01 0.000000000000000000e+00 4.090452194213867188e-01 7.146445512771606445e-01 4.151424467563629150e-01 2.009842097759246826e-01 5.849698185920715332e-01 2.028485387563705444e-01
8.931031227111816406e-01 1.903319954872131348e-01 4.897669255733489990e-01 7.112867236137390137e-01 9.114015102386474609e-01 0.000000000000000000e+00 9.172743558883666992e-01 3.593195378780364990e-01 5.197118520736694336e-01 7.417204976081848145e-01 8.758287429809570312e-01 1.114946883171796799e-02
6.862499713897705078e-01 1.848333328962326050e-01 1.072499975562095642e-01 1.247500032186508179e-01 1.492500007152557373e-01 7.700725197792053223e-01 6.121943593025207520e-01 2.497246861457824707e-01 1.933696419000625610e-01 1.170732676982879639e-01 1.255597621202468872e-01 6.708089709281921387e-01
5.853021740913391113e-01 8.179035186767578125e-01 3.470972776412963867e-01 5.705711841583251953e-01 1.719255298376083374e-01 0.000000000000000000e+00 5.119529366493225098e-01 7.999477982521057129e-01 2.291345894336700439e-01 5.837892889976501465e-01 1.555771827697753906e-01 2.063682675361633301e-02
5.352500081062316895e-01 2.551666796207427979e-01 8.397499918937683105e-01 2.217500060796737671e-01 1.412499994039535522e-01 5.755375027656555176e-01 5.023563504219055176e-01 2.718685567378997803e-01 7.305061221122741699e-01 2.397447675466537476e-01 1.304356306791305542e-01 4.548787474632263184e-01
5.922499895095825195e-01 3.555000126361846924e-01 8.552500009536743164e-01 7.402499914169311523e-01 2.752499878406524658e-01 4.394125044345855713e-01 6.317406892776489258e-01 3.375167548656463623e-01 6.897664070129394531e-01 7.217056155204772949e-01 2.803367972373962402e-01 3.963575065135955811e-01
6.187072396278381348e-01 8.627164959907531738e-01 6.480955332517623901e-02 5.730929374694824219e-01 4.380541741847991943e-01 0.000000000000000000e+00 6.383979916572570801e-01 9.225715398788452148e-01 1.186132729053497314e-01 4.931371510028839111e-01 4.174257516860961914e-01 6.805761717259883881e-03
7.447500228881835938e-01 5.211666822433471680e-01 3.624999895691871643e-02 1.832499951124191284e-01 9.457499980926513672e-01 1.948824971914291382e-01 6.911829113960266113e-01 6.572518348693847656e-01 2.741610407829284668e-01 2.755857110023498535e-01 8.984651565551757812e-01 9.825909882783889771e-02
1.562500000000000000e-01 2.598333358764648438e-01 1.867499947547912598e-01 7.337499856948852539e-01 2.272499948740005493e-01 8.548749983310699463e-02 1.912853866815567017e-01 3.139469027519226074e-01 2.570981681346893311e-01 6.310377120971679688e-01 1.744377613067626953e-01 1.181252673268318176e-01
8.725412487983703613e-01 2.177501618862152100e-01 2.192015200853347778e-01 5.042738318443298340e-01 3.173951208591461182e-01 0.000000000000000000e+00 7.694825530052185059e-01 4.818991720676422119e-01 3.885489106178283691e-01 5.756132006645202637e-01 3.323267698287963867e-01 2.346996776759624481e-02
3.842499852180480957e-01 7.928333282470703125e-01 6.317499876022338867e-01 7.692499756813049316e-01 8.192499876022338867e-01 7.433425188064575195e-01 4.191166162490844727e-01 7.370984554290771484e-01 6.592672467231750488e-01 7.961669564247131348e-01 8.611636757850646973e-01 7.132599949836730957e-01
2.602174580097198486e-01 7.839448451995849609e-01 3.379713892936706543e-01 1.742471754550933838e-01 7.993567734956741333e-02 0.000000000000000000e+00 1.964706480503082275e-01 6.949070096015930176e-01 2.195104807615280151e-01 2.358028143644332886e-01 5.840814113616943359e-02 2.331355959177017212e-02
4.497855603694915771e-01 8.799085021018981934e-01 4.819082319736480713e-01 6.333172321319580078e-01 9.211826324462890625e-01 0.000000000000000000e+00 4.749696850776672363e-01 8.922662138938903809e-01 6.416299939155578613e-01 6.684710383415222168e-01 9.122600555419921875e-01 1.598532544448971748e-03
8.807504177093505859e-01 2.739283256232738495e-02 6.614480018615722656e-01 7.557910680770874023e-01 3.618905246257781982e-01 0.000000000000000000e+00 8.700447082519531250e-01 2.687884569168090820e-01 7.351734042167663574e-01 8.470591306686401367e-01 3.572183847427368164e-01 1.045735087245702744e-02
4.066875576972961426e-01 4.473694860935211182e-01 1.308660507202148438e-01 3.644348084926605225e-01 6.237405166029930115e-02 0.000000000000000000e+00 4.466035366058349609e-01 5.085927844047546387e-01 1.622862666845321655e-01 1.955682486295700073e-01 5.646377429366111755e-02 5.802677199244499207e-02
8.591620326042175293e-01 6.739783287048339844e-01 5.734832286834716797e-01 6.212056875228881836e-01 3.218745589256286621e-01 0.000000000000000000e+00 8.244974613189697266e-01 6.620321273803710938e-01 3.500384092330932617e-01 8.055074810981750488e-01 3.101198375225067139e-01 1.042210496962070465e-02
9.992499947547912598e-01 2.108333259820938110e-01 4.542500078678131104e-01 9.667500257492065430e-01 7.722499966621398926e-01 5.196024775505065918e-01 8.965925574302673340e-01 2.673780024051666260e-01 7.984657883644104004e-01 7.390424609184265137e-01 7.317436337471008301e-01 4.975601732730865479e-01
9.438915848731994629e-01 4.862236678600311279e-01 4.865520894527435303e-01 3.647927045822143555e-01 7.432077527046203613e-01 0.000000000000000000e+00 8.842251896858215332e-01 3.501257598400115967e-01 5.355469584465026855e-01 3.819583058357238770e-01 7.861155867576599121e-01 1.052914708852767944e-01
9.547500014305114746e-01 3.425000011920928955e-01 2.362499982118606567e-01 2.532500028610229492e-01 3.957499861717224121e-01 4.588750004768371582e-02 8.904463052749633789e-01 3.803045749664306641e-01 3.505760133266448975e-01 2.462652474641799927e-01 3.882085084915161133e-01 1.750948280096054077e-01
4.586453437805175781e-01 4.315334856510162354e-01 7.878094911575317383e-01 7.711335420608520508e-01 9.965490102767944336e-01 0.000000000000000000e+00 5.030192136764526367e-01 3.136623203754425049e-01 6.710473299026489258e-01 8.346205949783325195e-01 9.385195374488830566e-01 1.752683543600142002e-03
1.762566715478897095e-01 1.537606716156005859e-01 5.675712227821350098e-01 7.164362818002700806e-02 4.623134732246398926e-01 0.000000000000000000e+00 1.620540171861648560e-01 2.767089307308197021e-01 6.173221468925476074e-01 1.621362715959548950e-01 4.730036556720733643e-01 1.449719304218888283e-03
6.947252154350280762e-01 8.572463393211364746e-01 4.784069955348968506e-01 1.800531744956970215e-01 3.656267374753952026e-02 0.000000000000000000e+00 6.260641813278198242e-01 5.118204355239868164e-01 1.295725405216217041e-01 3.235129415988922119e-01 5.416713282465934753e-02 8.150572329759597778e-02
1.501466035842895508e-01 7.050715088844299316e-01 7.401763796806335449e-01 9.496235251426696777e-01 9.326375275850296021e-02 0.000000000000000000e+00 6.490993499755859375e-02 7.519705891609191895e-01 8.005468845367431641e-01 9.520354270935058594e-01 1.103371903300285339e-01 5.383233726024627686e-02
3.557499945163726807e-01 4.548333287239074707e-01 2.712500095367431641e-01 3.907499909400939941e-01 8.172500133514404297e-01 1.033075004816055298e-01 4.289571046829223633e-01 4.358912110328674316e-01 2.957109510898590088e-01 3.705706596374511719e-01 7.901273369789123535e-01 1.725831180810928345e-01
7.236765027046203613e-01 4.900254905223846436e-01 1.808760464191436768e-01 3.720228672027587891e-01 7.812432050704956055e-01 0.000000000000000000e+00 7.725654840469360352e-01 5.864779949188232422e-01 2.905000448226928711e-01 2.821823954582214355e-01 8.083839416503906250e-01 9.186460822820663452e-02
2.472912520170211792e-02 6.664639711380004883e-01 4.179938733577728271e-01 5.054130554199218750e-01 6.126749515533447266e-01 0.000000000000000000e+00 3.869128227233886719e-02 7.552050948143005371e-01 6.567586064338684082e-01 4.404630362987518311e-01 5.379583835601806641e-01 1.677898922935128212e-03
3.377499878406524658e-01 3.161666691303253174e-01 6.292499899864196777e-01 8.542500138282775879e-01 1.362500041723251343e-01 4.390750080347061157e-02 3.695358932018280029e-01 3.171858489513397217e-01 6.862044334411621094e-01 7.131166458129882812e-01 1.231655552983283997e-01 2.497503347694873810e-02
9.358225464820861816e-01 4.993511736392974854e-01 1.733384430408477783e-01 6.900889873504638672e-01 5.496165752410888672e-01 0.000000000000000000e+00 8.863444924354553223e-01 6.867763996124267578e-01 3.482121825218200684e-01 6.866135001182556152e-01 5.259866714477539062e-01 4.437134042382240295e-02
3.612476885318756104e-01 8.927416801452636719e-01 3.183402419090270996e-01 3.071821928024291992e-01 1.944704204797744751e-01 0.000000000000000000e+00 3.236833810806274414e-01 8.618548512458801270e-01 3.026826083660125732e-01 1.934561431407928467e-01 1.536397933959960938e-01 6.469580344855785370e-03
3.402499854564666748e-01 7.441666722297668457e-01 1.987500041723251343e-01 1.917500048875808716e-01 2.012500017881393433e-01 2.968524992465972900e-01 3.454373180866241455e-01 6.758901476860046387e-01 2.262802273035049438e-01 2.151337713003158569e-01 2.332555353641510010e-01 1.422059983015060425e-01
4.042211771011352539e-01 9.792346954345703125e-01 4.301772639155387878e-02 8.334084749221801758e-01 9.639832377433776855e-01 0.000000000000000000e+00 4.355517327785491943e-01 9.656645059585571289e-01 1.232360079884529114e-01 7.537219524383544922e-01 9.392684102058410645e-01 1.511854497948661447e-04
5.177641510963439941e-01 9.215433597564697266e-01 6.981670111417770386e-02 6.008655428886413574e-01 8.010255694389343262e-01 0.000000000000000000e+00 5.441033840179443359e-01 9.089356660842895508e-01 1.186861470341682434e-01 5.684933066368103027e-01 8.029506802558898926e-01 1.497923303395509720e-02
9.022499918937683105e-01 2.164999991655349731e-01 8.612499833106994629e-01 5.582500100135803223e-01 6.122499704360961914e-01 6.586974859237670898e-01 8.519325852394104004e-01 2.641496360301971436e-01 8.728175163269042969e-01 5.409011840820312500e-01 5.712563395500183105e-01 5.729963183403015137e-01
4.821956753730773926e-01 4.515101611614227295e-01 1.545401066541671753e-01 6.256832480430603027e-01 9.306961297988891602e-01 0.000000000000000000e+00 5.248393416404724121e-01 6.214470267295837402e-01 5.598192214965820312e-01 3.697815239429473877e-01 9.275103807449340820e-01 1.635589152574539185e-01
2.838756144046783447e-01 4.977233335375785828e-02 4.308622330427169800e-02 3.197089433670043945e-01 2.491891533136367798e-01 0.000000000000000000e+00 3.611756563186645508e-01 2.606549263000488281e-01 1.782582402229309082e-01 2.092468291521072388e-01 2.076892554759979248e-01 2.798168361186981201e-01
9.662500023841857910e-01 2.314999997615814209e-01 1.092500016093254089e-01 8.524999767541885376e-02 3.177500069141387939e-01 6.710724830627441406e-01 8.170888423919677734e-01 3.426654338836669922e-01 1.411325633525848389e-01 1.410504877567291260e-01 3.271786272525787354e-01 5.600107908248901367e-01
1.328454017639160156e-01 2.249190062284469604e-01 9.795255661010742188e-01 9.016315937042236328e-01 3.640976250171661377e-01 0.000000000000000000e+00 1.164198070764541626e-01 2.362490892410278320e-01 7.513164281845092773e-01 8.705233931541442871e-01 3.692500591278076172e-01 5.603186436928808689e-04
4.649969935417175293e-02 3.675756752490997314e-01 5.006108283996582031e-01 5.769520401954650879e-01 1.514603495597839355e-01 0.000000000000000000e+00 3.317300975322723389e-02 5.461300611495971680e-01 7.983809709548950195e-01 4.683780670166015625e-01 1.598160266876220703e-01 1.311391312628984451e-02
3.750056624412536621e-01 3.565051555633544922e-01 1.707920432090759277e-01 9.843896627426147461e-01 4.222036302089691162e-01 0.000000000000000000e+00 3.974606096744537354e-01 5.205978155136108398e-01 4.337683618068695068e-01 7.713712453842163086e-01 4.213141798973083496e-01 1.692399084568023682e-01
3.367500007152557373e-01 6.825000047683715820e-01 3.542500138282775879e-01 8.167499899864196777e-01 7.225000113248825073e-02 8.746749907732009888e-02 3.927512168884277344e-01 6.333119273185729980e-01 3.890038430690765381e-01 6.008704304695129395e-01 1.120711490511894226e-01 1.014439389109611511e-01
9.250000119209289551e-03 6.671666502952575684e-01 8.472499847412109375e-01 4.362500011920928955e-01 1.627500057220458984e-01 2.226025015115737915e-01 3.831953927874565125e-02 6.460757851600646973e-01 7.364414334297180176e-01 5.001575350761413574e-01 2.519518136978149414e-01 5.081805586814880371e-02
7.737500071525573730e-01 4.474999904632568359e-01 6.207500100135803223e-01 8.602499961853027344e-01 5.787500143051147461e-01 4.166424870491027832e-01 7.986593842506408691e-01 5.016589760780334473e-01 5.864154696464538574e-01 8.108698129653930664e-01 5.457437634468078613e-01 4.277794063091278076e-01
9.809564352035522461e-01 7.652944922447204590e-01 5.086681246757507324e-01 6.332961916923522949e-01 9.473838806152343750e-01 0.000000000000000000e+00 9.374737739562988281e-01 5.582732558250427246e-01 4.975749552249908447e-01 6.581977605819702148e-01 9.098432064056396484e-01 1.801342586986720562e-03
3.478617072105407715e-01 4.151481688022613525e-01 5.758785009384155273e-01 7.916718125343322754e-01 2.545940876007080078e-01 0.000000000000000000e+00 3.272016346454620361e-01 4.277669787406921387e-01 6.244817972183227539e-01 8.295909762382507324e-01 2.469696253538131714e-01 1.072683632373809814e-01
6.337707489728927612e-02 1.044816710054874420e-02 8.643751144409179688e-01 9.160760641098022461e-01 9.571183919906616211e-01 0.000000000000000000e+00 2.074786573648452759e-01 2.033618539571762085e-01 5.805295109748840332e-01 8.216497898101806641e-01 9.461480379104614258e-01 7.566033303737640381e-02
7.067499756813049316e-01 2.685000002384185791e-01 5.397499799728393555e-01 7.762500047683715820e-01 7.002500295639038086e-01 1.295424997806549072e-01 8.073921203613281250e-01 2.732151448726654053e-01 5.506258010864257812e-01 6.621342897415161133e-01 6.515816450119018555e-01 1.662083417177200317e-01
6.424999982118606567e-02 3.221666812896728516e-01 1.432500034570693970e-01 9.674999862909317017e-02 7.162500023841857910e-01 4.161475002765655518e-01 1.423553824424743652e-01 4.183420538902282715e-01 2.185582369565963745e-01 2.121178954839706421e-01 7.174400687217712402e-01 3.688443899154663086e-01
5.985284447669982910e-01 7.494966387748718262e-01 5.204875469207763672e-01 7.918423414230346680e-01 2.836887538433074951e-01 0.000000000000000000e+00 5.460076332092285156e-01 6.782177686691284180e-01 6.018691658973693848e-01 8.329352736473083496e-01 2.890997529029846191e-01 1.052143946290016174e-01
2.262645214796066284e-01 5.225428342819213867e-01 9.656787514686584473e-01 5.870584845542907715e-01 6.811459064483642578e-01 0.000000000000000000e+00 2.367754578590393066e-01 4.188735485076904297e-01 7.377757430076599121e-01 6.591562032699584961e-01 6.800900101661682129e-01 5.952201411128044128e-02
9.553678035736083984e-01 2.099118381738662720e-01 6.107803583145141602e-01 7.590013146400451660e-01 8.793964982032775879e-02 0.000000000000000000e+00 8.718714118003845215e-01 3.281354904174804688e-01 7.414394617080688477e-01 7.760527729988098145e-01 8.390449732542037964e-02 3.735104401130229235e-04
8.338772058486938477e-01 5.817603468894958496e-01 3.065396249294281006e-01 7.224022150039672852e-01 9.701617807149887085e-02 0.000000000000000000e+00 8.308993577957153320e-01 7.589685320854187012e-01 3.730852007865905762e-01 5.617123842239379883e-01 7.682460546493530273e-02 1.773346681147813797e-03
9.567304253578186035e-01 1.683714985847473145e-01 3.291169703006744385e-01 3.316304385662078857e-01 6.902254223823547363e-01 0.000000000000000000e+00 8.715426921844482422e-01 3.983470499515533447e-01 4.878952801227569580e-01 3.993402421474456787e-01 7.253047823905944824e-01 1.837503165006637573e-01
8.675000071525573730e-02 2.471666634082794189e-01 7.547500133514404297e-01 2.772499918937683105e-01 6.777499914169311523e-01 7.265124917030334473e-01 1.163887083530426025e-01 2.787086069583892822e-01 7.510285377502441406e-01 3.509922921657562256e-01 6.310791373252868652e-01 7.449807524681091309e-01
1.923807561397552490e-01 5.969518423080444336e-01 9.606235623359680176e-01 2.661876380443572998e-01 2.561544999480247498e-02 0.000000000000000000e+00 1.288456618785858154e-01 3.864274919033050537e-01 5.248156189918518066e-01 2.797058224678039551e-01 6.471617519855499268e-02 1.821884512901306152e-01
6.677500009536743164e-01 6.388333439826965332e-01 2.257499992847442627e-01 1.757500022649765015e-01 1.952500045299530029e-01 1.676574945449829102e-01 6.648166775703430176e-01 6.323050856590270996e-01 1.637330800294876099e-01 1.959526836872100830e-01 2.222443819046020508e-01 8.095172792673110962e-02
9.382500052452087402e-01 3.701666593551635742e-01 8.425000309944152832e-02 3.137499988079071045e-01 5.662500262260437012e-01 4.042674899101257324e-01 8.626034259796142578e-01 3.800940215587615967e-01 2.527549266815185547e-01 2.137632817029953003e-01 5.089169144630432129e-01 1.812469363212585449e-01
4.162499904632568359e-01 3.471666574478149414e-01 4.787499904632568359e-01 3.037500083446502686e-01 8.972499966621398926e-01 8.994249999523162842e-02 4.478834569454193115e-01 4.930653870105743408e-01 6.168631911277770996e-01 3.751046657562255859e-01 8.249208927154541016e-01 3.592224791646003723e-02
7.507500052452087402e-01 7.124999761581420898e-01 6.712499856948852539e-01 7.547500133514404297e-01 1.647499948740005493e-01 3.597174882888793945e-01 8.249065279960632324e-01 4.663239419460296631e-01 5.607275366783142090e-01 5.194142460823059082e-01 1.756398230791091919e-01 3.534658849239349365e-01
2.150297537446022034e-02 3.645179867744445801e-01 6.487893462181091309e-01 3.764452338218688965e-01 5.689773559570312500e-01 0.000000000000000000e+00 3.885804116725921631e-02 3.802334964275360107e-01 8.841578960418701172e-01 3.443908095359802246e-01 5.680662393569946289e-01 1.174391480162739754e-03
9.192500114440917969e-01 4.514999985694885254e-01 6.262500286102294922e-01 7.275000214576721191e-02 7.157499790191650391e-01 9.665874838829040527e-01 8.748469948768615723e-01 4.438255429267883301e-01 4.978877604007720947e-01 2.114508301019668579e-01 6.698613166809082031e-01 6.901079416275024414e-01
9.327808618545532227e-01 4.284001588821411133e-01 5.762262940406799316e-01 6.593400239944458008e-02 1.498915255069732666e-01 0.000000000000000000e+00 7.939409017562866211e-01 3.056315183639526367e-01 4.624713063240051270e-01 3.711507916450500488e-01 1.500951945781707764e-01 1.421028971672058105e-01
8.474999666213989258e-02 4.178333282470703125e-01 2.502500116825103760e-01 3.462499976158142090e-01 1.792500019073486328e-01 8.796250075101852417e-02 1.157584488391876221e-01 4.833582043647766113e-01 3.845342993736267090e-01 4.115340113639831543e-01 1.656844019889831543e-01 4.739808291196823120e-02
2.967500090599060059e-01 7.678333520889282227e-01 5.277500152587890625e-01 8.107500076293945312e-01 8.812500238418579102e-01 2.077524960041046143e-01 3.378881216049194336e-01 7.617896199226379395e-01 5.658932328224182129e-01 8.696960210800170898e-01 8.766314387321472168e-01 5.006590113043785095e-02
9.547500014305114746e-01 3.425000011920928955e-01 2.362499982118606567e-01 2.532500028610229492e-01 3.957499861717224121e-01 4.588750004768371582e-02 8.904463052749633789e-01 3.803045749664306641e-01 3.505760133266448975e-01 2.462652474641799927e-01 3.882085084915161133e-01 1.750948280096054077e-01
5.466465950012207031e-01 7.092813253402709961e-01 1.403210461139678955e-01 2.321489006280899048e-01 4.876793324947357178e-01 0.000000000000000000e+00 5.599336624145507812e-01 7.922251820564270020e-01 1.208360567688941956e-01 1.155608445405960083e-01 4.644772708415985107e-01 2.332027070224285126e-02
7.004494071006774902e-01 7.129078507423400879e-01 5.063797831535339355e-01 5.209463238716125488e-01 8.542301058769226074e-01 0.000000000000000000e+00 6.709263324737548828e-01 7.694935798645019531e-01 5.957363247871398926e-01 6.116947531700134277e-01 8.748514056205749512e-01 5.437170621007680893e-03
5.182499885559082031e-01 2.278333306312561035e-01 1.567499935626983643e-01 8.647500276565551758e-01 6.932500004768371582e-01 1.503324955701828003e-01 5.337730646133422852e-01 2.093676924705505371e-01 2.406709492206573486e-01 7.912842631340026855e-01 6.411154866218566895e-01 3.932426869869232178e-02
9.370364546775817871e-01 8.144255280494689941e-01 8.401516079902648926e-01 2.816185057163238525e-01 1.222525024786591530e-03 0.000000000000000000e+00 8.853198885917663574e-01 7.732077240943908691e-01 5.290938019752502441e-01 4.894196689128875732e-01 3.422161564230918884e-02 8.874649647623300552e-04
9.552975893020629883e-01 6.513211727142333984e-01 2.910482585430145264e-01 8.306640386581420898e-01 7.444004416465759277e-01 0.000000000000000000e+00 9.383192658424377441e-01 6.010124087333679199e-01 2.933898270130157471e-01 8.163352608680725098e-01 7.506896257400512695e-01 1.054430846124887466e-02
2.079225182533264160e-01 1.985881626605987549e-01 7.502229809761047363e-01 2.632046937942504883e-01 7.063987851142883301e-01 0.000000000000000000e+00 1.828270107507705688e-01 1.212673261761665344e-01 7.578675150871276855e-01 3.049667179584503174e-01 7.000702619552612305e-01 5.162996239960193634e-04
9.812499880790710449e-01 5.708333253860473633e-01 7.732499837875366211e-01 2.982499897480010986e-01 1.337500065565109253e-01 6.285024881362915039e-01 8.884619474411010742e-01 4.207302927970886230e-01 6.193045973777770996e-01 3.555591702461242676e-01 1.320795416831970215e-01 4.410725831985473633e-01
2.172500044107437134e-01 6.765000224113464355e-01 9.674999862909317017e-02 9.392499923706054688e-01 9.047499895095825195e-01 6.864175200462341309e-01 2.198517471551895142e-01 7.471458315849304199e-01 1.624098420143127441e-01 9.302492141723632812e-01 9.519320726394653320e-01 6.483892202377319336e-01
8.186942934989929199e-01 5.527529716491699219e-01 3.132797405123710632e-02 5.061126351356506348e-01 1.376676261425018311e-01 0.000000000000000000e+00 6.969026327133178711e-01 5.293453931808471680e-01 3.275824487209320068e-01 4.587381184101104736e-01 9.720753878355026245e-02 6.088973954319953918e-03
6.558250188827514648e-01 8.244761824607849121e-01 7.699007391929626465e-01 1.030948758125305176e-01 8.537486791610717773e-01 0.000000000000000000e+00 6.568328142166137695e-01 6.418507099151611328e-01 5.241743922233581543e-01 2.518954575061798096e-01 8.737843632698059082e-01 3.701949492096900940e-02
9.422500133514404297e-01 5.985000133514404297e-01 2.437500059604644775e-01 3.787499964237213135e-01 7.767500281333923340e-01 7.324525117874145508e-01 8.688765764236450195e-01 5.331998467445373535e-01 1.832027584314346313e-01 3.866946697235107422e-01 7.771211862564086914e-01 7.803827524185180664e-01
4.422500133514404297e-01 1.764999926090240479e-01 4.402500092983245850e-01 1.772499978542327881e-01 7.625000178813934326e-02 4.319874942302703857e-01 4.920676648616790771e-01 1.930623054504394531e-01 4.083477556705474854e-01 1.041694357991218567e-01 6.894422322511672974e-02 4.271064400672912598e-01
8.675000071525573730e-02 2.471666634082794189e-01 7.547500133514404297e-01 2.772499918937683105e-01 6.777499914169311523e-01 7.265124917030334473e-01 1.163887083530426025e-01 2.787086069583892822e-01 7.510285377502441406e-01 3.509922921657562256e-01 6.310791373252868652e-01 7.449807524681091309e-01
7.964083552360534668e-01 6.501876711845397949e-01 5.063409805297851562e-01 2.988130748271942139e-01 6.068399548530578613e-01 0.000000000000000000e+00 8.858145475387573242e-01 3.785850405693054199e-01 3.000843524932861328e-01 2.243472188711166382e-01 5.694625377655029297e-01 1.253482848405838013e-01
2.968175411224365234e-01 7.251818180084228516e-01 8.726145029067993164e-01 7.148128747940063477e-01 4.491889849305152893e-02 0.000000000000000000e+00 2.847435772418975830e-01 6.310769319534301758e-01 5.336859226226806641e-01 8.113664388656616211e-01 5.499309673905372620e-02 2.266448549926280975e-02
1.049377992749214172e-01 1.411239951848983765e-01 5.647160410881042480e-01 8.058414459228515625e-01 3.650277554988861084e-01 0.000000000000000000e+00 7.675233483314514160e-02 1.438554376363754272e-01 8.419814109802246094e-01 8.070224523544311523e-01 3.977127671241760254e-01 1.301056006923317909e-03
9.552975893020629883e-01 6.513211727142333984e-01 2.910482585430145264e-01 8.306640386581420898e-01 7.444004416465759277e-01 0.000000000000000000e+00 9.383192658424377441e-01 6.010124087333679199e-01 2.933898270130157471e-01 8.163352608680725098e-01 7.506896257400512695e-01 1.054430846124887466e-02
2.262645214796066284e-01 5.225428342819213867e-01 9.656787514686584473e-01 5.870584845542907715e-01 6.811459064483642578e-01 0.000000000000000000e+00 2.367754578590393066e-01 4.188735485076904297e-01 7.377757430076599121e-01 6.591562032699584961e-01 6.800900101661682129e-01 5.952201411128044128e-02
4.875576794147491455e-01 3.003124892711639404e-01 3.878428936004638672e-01 4.086456596851348877e-01 2.853560447692871094e-01 0.000000000000000000e+00 4.710686504840850830e-01 3.527492880821228027e-01 4.594676792621612549e-01 3.459918797016143799e-01 2.814802825450897217e-01 1.322416663169860840e-01
7.765432596206665039e-01 5.122473239898681641e-01 6.449379920959472656e-01 3.061000406742095947e-01 6.897065043449401855e-01 0.000000000000000000e+00 7.461794614791870117e-01 2.936138510704040527e-01 6.327996253967285156e-01 2.876462042331695557e-01 7.079602479934692383e-01 8.720359206199645996e-02
7.137500047683715820e-01 4.058333337306976318e-01 9.047499895095825195e-01 5.977500081062316895e-01 2.067500054836273193e-01 6.522625088691711426e-01 7.671309113502502441e-01 3.056390583515167236e-01 7.433374524116516113e-01 4.682443141937255859e-01 2.169226706027984619e-01 4.175301492214202881e-01
2.542499899864196777e-01 5.245000123977661133e-01 5.952500104904174805e-01 8.477500081062316895e-01 5.725000053644180298e-02 4.290175139904022217e-01 2.830195724964141846e-01 5.130671858787536621e-01 5.969133973121643066e-01 7.668886184692382812e-01 9.470922499895095825e-02 1.410722434520721436e-01
2.838458418846130371e-01 2.887731790542602539e-01 7.711387276649475098e-01 4.281985461711883545e-01 8.715862631797790527e-01 0.000000000000000000e+00 3.577216267585754395e-01 2.738893926143646240e-01 6.714076995849609375e-01 3.228466212749481201e-01 8.645730018615722656e-01 2.986852452158927917e-02
5.707499980926513672e-01 2.768333256244659424e-01 2.472500056028366089e-01 4.202499985694885254e-01 6.162499785423278809e-01 6.865750253200531006e-02 5.686662793159484863e-01 3.548153936862945557e-01 3.741143941879272461e-01 3.505902588367462158e-01 5.584766268730163574e-01 1.545516550540924072e-01
5.943420156836509705e-02 8.836766332387924194e-02 6.468737721443176270e-01 8.027008175849914551e-01 9.114982187747955322e-02 0.000000000000000000e+00 7.154887169599533081e-02 1.730893999338150024e-01 8.417938351631164551e-01 5.408626794815063477e-01 1.148247569799423218e-01 4.903958179056644440e-04
8.889746069908142090e-01 9.035794734954833984e-01 2.980573773384094238e-01 9.158182144165039062e-01 5.057025551795959473e-01 0.000000000000000000e+00 9.131459593772888184e-01 9.158619046211242676e-01 4.241572916507720947e-01 7.745663523674011230e-01 5.115621685981750488e-01 1.805078587494790554e-03
2.542499899864196777e-01 5.245000123977661133e-01 5.952500104904174805e-01 8.477500081062316895e-01 5.725000053644180298e-02 4.290175139904022217e-01 2.830195724964141846e-01 5.130671858787536621e-01 5.969133973121643066e-01 7.668886184692382812e-01 9.470922499895095825e-02 1.410722434520721436e-01
6.558250188827514648e-01 8.244761824607849121e-01 7.699007391929626465e-01 1.030948758125305176e-01 8.537486791610717773e-01 0.000000000000000000e+00 6.568328142166137695e-01 6.418507099151611328e-01 5.241743922233581543e-01 2.518954575061798096e-01 8.737843632698059082e-01 3.701949492096900940e-02
8.577499985694885254e-01 2.168333381414413452e-01 2.547500133514404297e-01 3.422499895095825195e-01 2.307499945163726807e-01 5.324724912643432617e-01 7.627696990966796875e-01 2.924185693264007568e-01 3.148531913757324219e-01 3.064566552639007568e-01 2.068542838096618652e-01 3.063019514083862305e-01
3.957499861717224121e-01 2.851666808128356934e-01 4.972499907016754150e-01 6.037499904632568359e-01 7.942500114440917969e-01 1.310275048017501831e-01 4.211249947547912598e-01 3.693139553070068359e-01 4.666954576969146729e-01 7.385341525077819824e-01 7.395830750465393066e-01 6.920580565929412842e-02
3.033367991447448730e-01 3.193636536598205566e-01 2.752391397953033447e-01 5.820561647415161133e-01 4.906319379806518555e-01 0.000000000000000000e+00 3.219614923000335693e-01 5.906381607055664062e-01 7.576784491539001465e-01 4.199872314929962158e-01 4.551507234573364258e-01 2.437186837196350098e-01
3.992500007152557373e-01 4.884999990463256836e-01 2.152500003576278687e-01 9.512500166893005371e-01 1.624999940395355225e-02 1.448875069618225098e-01 4.472302198410034180e-01 4.855868518352508545e-01 3.798306286334991455e-01 6.938177943229675293e-01 5.219129845499992371e-02 8.644898235797882080e-02
3.989082276821136475e-01 7.235258221626281738e-01 8.401290774345397949e-01 7.281184941530227661e-02 3.371712863445281982e-01 0.000000000000000000e+00 3.456573784351348877e-01 6.264672279357910156e-01 6.675153970718383789e-01 2.313339561223983765e-01 3.197638988494873047e-01 1.332666873931884766e-01
4.715428650379180908e-01 4.189555048942565918e-01 2.829512059688568115e-01 9.359648227691650391e-01 9.588425755500793457e-01 0.000000000000000000e+00 6.120872497558593750e-01 4.814102947711944580e-01 3.962208628654479980e-01 7.097817659378051758e-01 9.390628337860107422e-01 4.185194149613380432e-02
3.827037662267684937e-02 9.629175066947937012e-01 1.015226021409034729e-01 4.530841410160064697e-01 5.564384460449218750e-01 0.000000000000000000e+00 8.237728476524353027e-02 9.486028552055358887e-01 2.404490485787391663e-02 2.919605374336242676e-01 6.781367659568786621e-01 4.949127742293057963e-06
1.868869066238403320e-01 7.849299907684326172e-01 5.242999792098999023e-01 6.190943121910095215e-01 6.148437857627868652e-01 0.000000000000000000e+00 1.740230470895767212e-01 7.679563164710998535e-01 4.230273962020874023e-01 6.791245937347412109e-01 5.648297667503356934e-01 1.486094575375318527e-02
4.060304760932922363e-01 7.671198248863220215e-01 3.998046815395355225e-01 4.185163974761962891e-01 4.426892399787902832e-01 0.000000000000000000e+00 4.088209271430969238e-01 8.142738938331604004e-01 5.615112781524658203e-01 3.257946968078613281e-01 4.162688851356506348e-01 1.140075996518135071e-01
9.685450196266174316e-01 3.759810030460357666e-01 9.623929858207702637e-02 1.748133003711700439e-01 1.024792529642581940e-02 0.000000000000000000e+00 7.587117552757263184e-01 5.153576135635375977e-01 3.737767934799194336e-01 2.739387154579162598e-01 3.937035426497459412e-02 1.034034509211778641e-02
9.468501210212707520e-01 3.933053314685821533e-01 7.589914649724960327e-02 7.355742156505584717e-02 6.463385820388793945e-01 0.000000000000000000e+00 8.142678737640380859e-01 1.972851306200027466e-01 2.710978686809539795e-01 1.095169112086296082e-01 6.170078516006469727e-01 2.954472973942756653e-02
8.624999970197677612e-02 7.328333258628845215e-01 8.352500200271606445e-01 5.232499837875366211e-01 8.042500019073486328e-01 1.424124985933303833e-01 1.227267235517501831e-01 6.941817998886108398e-01 7.803574800491333008e-01 5.918801426887512207e-01 8.522741198539733887e-01 1.283442229032516479e-01
1.562500000000000000e-01 2.598333358764648438e-01 1.867499947547912598e-01 7.337499856948852539e-01 2.272499948740005493e-01 8.548749983310699463e-02 1.912853866815567017e-01 3.139469027519226074e-01 2.570981681346893311e-01 6.310377120971679688e-01 1.744377613067626953e-01 1.181252673268318176e-01
4.422500133514404297e-01 1.764999926090240479e-01 4.402500092983245850e-01 1.772499978542327881e-01 7.625000178813934326e-02 4.319874942302703857e-01 4.920676648616790771e-01 1.930623054504394531e-01 4.083477556705474854e-01 1.041694357991218567e-01 6.894422322511672974e-02 4.271064400672912598e-01
4.799444973468780518e-01 2.558701634407043457e-01 2.385901510715484619e-01 1.590204983949661255e-01 3.947274982929229736e-01 0.000000000000000000e+00 5.196781754493713379e-01 2.538845241069793701e-01 3.064137399196624756e-01 8.095182478427886963e-02 3.916946649551391602e-01 1.937304735183715820e-01
7.863420844078063965e-01 5.045326948165893555e-01 2.745147347450256348e-01 4.856117069721221924e-01 6.198209524154663086e-01 0.000000000000000000e+00 8.816283345222473145e-01 7.142199873924255371e-01 3.561174869537353516e-01 2.811898291110992432e-01 5.921533107757568359e-01 1.295878887176513672e-01
3.210775852203369141e-01 3.484050035476684570e-01 7.128057479858398438e-01 4.549012780189514160e-01 6.039049029350280762e-01 0.000000000000000000e+00 3.595524132251739502e-01 4.387630522251129150e-01 6.632334589958190918e-01 4.578897655010223389e-01 5.916851758956909180e-01 4.535739123821258545e-02
8.377500176429748535e-01 7.304999828338623047e-01 8.007500171661376953e-01 3.725000098347663879e-02 3.237499892711639404e-01 1.438975036144256592e-01 8.658362030982971191e-01 4.317946135997772217e-01 4.361982643604278564e-01 1.675456613302230835e-01 3.662143349647521973e-01 2.195037901401519775e-01
9.812499880790710449e-01 5.708333253860473633e-01 7.732499837875366211e-01 2.982499897480010986e-01 1.337500065565109253e-01 6.285024881362915039e-01 8.884619474411010742e-01 4.207302927970886230e-01 6.193045973777770996e-01 3.555591702461242676e-01 1.320795416831970215e-01 4.410725831985473633e-01
1.420202553272247314e-01 1.129020005464553833e-01 1.432089805603027344e-01 7.551504671573638916e-02 7.473904490470886230e-01 0.000000000000000000e+00 2.441763430833816528e-01 2.040945589542388916e-01 2.866366803646087646e-01 1.177771016955375671e-01 7.886947393417358398e-01 1.133892033249139786e-02
1.447287052869796753e-01 4.473136663436889648e-01 9.350158572196960449e-01 4.486775025725364685e-02 6.716116070747375488e-01 0.000000000000000000e+00 1.329304277896881104e-01 3.138270676136016846e-01 7.221797704696655273e-01 2.610688507556915283e-01 7.199051380157470703e-01 1.317204907536506653e-02
5.147500038146972656e-01 7.461666464805603027e-01 4.427500069141387939e-01 2.087499946355819702e-01 4.997499883174896240e-01 3.527874946594238281e-01 5.669656991958618164e-01 7.045383453369140625e-01 3.490344285964965820e-01 2.475857138633728027e-01 5.109852552413940430e-01 2.880575656890869141e-01
1.117499992251396179e-01 3.808333277702331543e-01 1.052500009536743164e-01 5.272499918937683105e-01 7.074999809265136719e-02 1.810224950313568115e-01 1.432929486036300659e-01 3.196534216403961182e-01 1.383225917816162109e-01 4.801281094551086426e-01 6.564058363437652588e-02 6.500390917062759399e-02
3.934780135750770569e-02 9.572846889495849609e-01 1.633909195661544800e-01 7.524203062057495117e-01 2.860488593578338623e-01 0.000000000000000000e+00 2.164233848452568054e-02 9.252001047134399414e-01 3.112195618450641632e-02 6.172512769699096680e-01 2.339678853750228882e-01 1.311304549744818360e-05
4.670429974794387817e-02 6.914615035057067871e-01 1.362019181251525879e-01 2.391441315412521362e-01 1.894920021295547485e-01 0.000000000000000000e+00 4.707802459597587585e-02 7.728459835052490234e-01 2.148797065019607544e-01 2.219927310943603516e-01 1.406716257333755493e-01 3.033668175339698792e-02
3.521106839179992676e-01 7.577185034751892090e-01 5.589260458946228027e-01 7.310615777969360352e-01 8.268076777458190918e-01 0.000000000000000000e+00 3.714868426322937012e-01 7.681415677070617676e-01 6.691991686820983887e-01 6.167007088661193848e-01 8.216389417648315430e-01 9.289268404245376587e-03
3.167499899864196777e-01 7.714999914169311523e-01 3.377499878406524658e-01 3.597500026226043701e-01 8.707500100135803223e-01 7.374024987220764160e-01 4.048669338226318359e-01 5.668451786041259766e-01 2.192851155996322632e-01 3.158130645751953125e-01 9.200544953346252441e-01 7.475045919418334961e-01
5.992500185966491699e-01 7.551666498184204102e-01 8.052499890327453613e-01 4.177500009536743164e-01 7.957500219345092773e-01 1.696375012397766113e-01 5.900439620018005371e-01 7.008450031280517578e-01 6.261441707611083984e-01 6.129735708236694336e-01 8.081166744232177734e-01 1.607424914836883545e-01
8.889746069908142090e-01 9.035794734954833984e-01 2.980573773384094238e-01 9.158182144165039062e-01 5.057025551795959473e-01 0.000000000000000000e+00 9.131459593772888184e-01 9.158619046211242676e-01 4.241572916507720947e-01 7.745663523674011230e-01 5.115621685981750488e-01 1.805078587494790554e-03
4.222500026226043701e-01 3.244999945163726807e-01 6.075000017881393433e-02 5.477499961853027344e-01 8.737499713897705078e-01 9.274824857711791992e-01 4.993399679660797119e-01 4.446612000465393066e-01 1.431398987770080566e-01 5.419911742210388184e-01 8.877424001693725586e-01 8.821648359298706055e-01
4.042211771011352539e-01 9.792346954345703125e-01 4.301772639155387878e-02 8.334084749221801758e-01 9.639832377433776855e-01 0.000000000000000000e+00 4.355517327785491943e-01 9.656645059585571289e-01 1.232360079884529114e-01 7.537219524383544922e-01 9.392684102058410645e-01 1.511854497948661447e-04
1.321063190698623657e-01 5.431053042411804199e-01 9.755009412765502930e-01 2.330818474292755127e-01 6.901721954345703125e-01 0.000000000000000000e+00 1.292482614517211914e-01 5.065317153930664062e-01 7.136539220809936523e-01 2.809804975986480713e-01 6.802023649215698242e-01 8.714209496974945068e-02
6.677500009536743164e-01 6.388333439826965332e-01 2.257499992847442627e-01 1.757500022649765015e-01 1.952500045299530029e-01 1.676574945449829102e-01 6.648166775703430176e-01 6.323050856590270996e-01 1.637330800294876099e-01 1.959526836872100830e-01 2.222443819046020508e-01 8.095172792673110962e-02
5.352500081062316895e-01 2.551666796207427979e-01 8.397499918937683105e-01 2.217500060796737671e-01 1.412499994039535522e-01 5.755375027656555176e-01 5.023563504219055176e-01 2.718685567378997803e-01 7.305061221122741699e-01 2.397447675466537476e-01 1.304356306791305542e-01 4.548787474632263184e-01
8.829076290130615234e-01 5.042549967765808105e-02 7.345488667488098145e-01 9.351281523704528809e-01 4.538421332836151123e-01 0.000000000000000000e+00 8.896665573120117188e-01 2.201545089483261108e-01 8.733358383178710938e-01 9.184994697570800781e-01 4.207344949245452881e-01 6.015847902745008469e-04
8.964907526969909668e-01 7.037054896354675293e-01 5.144056677818298340e-01 4.171439707279205322e-01 5.698693394660949707e-01 0.000000000000000000e+00 8.380345106124877930e-01 6.540895104408264160e-01 3.740399777889251709e-01 5.868283510208129883e-01 5.755247473716735840e-01 9.763702005147933960e-02
9.324999898672103882e-02 5.198333263397216797e-01 2.852500081062316895e-01 6.117500066757202148e-01 8.752499818801879883e-01 9.908425211906433105e-01 1.566442102193832397e-01 6.059315800666809082e-01 3.411602079868316650e-01 2.579769492149353027e-01 9.794227480888366699e-01 6.660359501838684082e-01
4.306537508964538574e-01 7.542253136634826660e-01 7.457005381584167480e-01 8.294911980628967285e-01 2.491653561592102051e-01 0.000000000000000000e+00 4.675163626670837402e-01 6.625136137008666992e-01 5.555936098098754883e-01 7.967014908790588379e-01 2.052086591720581055e-01 1.507678180932998657e-01
1.117499992251396179e-01 3.808333277702331543e-01 1.052500009536743164e-01 5.272499918937683105e-01 7.074999809265136719e-02 1.810224950313568115e-01 1.432929486036300659e-01 3.196534216403961182e-01 1.383225917816162109e-01 4.801281094551086426e-01 6.564058363437652588e-02 6.500390917062759399e-02
6.948174834251403809e-01 6.177468299865722656e-01 7.034614086151123047e-01 7.156257331371307373e-02 9.129438996315002441e-01 0.000000000000000000e+00 7.424542307853698730e-01 6.027525663375854492e-01 4.087943434715270996e-01 3.610775768756866455e-01 8.984463214874267578e-01 1.277626864612102509e-02
3.060159981250762939e-01 9.243674874305725098e-01 7.163594365119934082e-01 9.349507689476013184e-01 6.520617008209228516e-01 0.000000000000000000e+00 2.594248354434967041e-01 8.451357483863830566e-01 6.139799356460571289e-01 9.400220513343811035e-01 6.376728415489196777e-01 6.059873383492231369e-03
5.797330141067504883e-01 4.855833202600479126e-02 8.777880072593688965e-01 7.031559944152832031e-01 6.915452480316162109e-01 0.000000000000000000e+00 6.488634347915649414e-01 2.244210690259933472e-01 8.216826915740966797e-01 7.630042433738708496e-01 7.137994170188903809e-01 6.572100520133972168e-02
8.967874646186828613e-01 3.563979864120483398e-01 1.299772560596466064e-01 7.666377425193786621e-01 5.298825502395629883e-01 0.000000000000000000e+00 8.930959105491638184e-01 5.728471279144287109e-01 3.772490620613098145e-01 5.944350361824035645e-01 5.096475481986999512e-01 1.224516183137893677e-01
7.537500262260437012e-01 7.048333287239074707e-01 1.892500072717666626e-01 9.274999797344207764e-02 6.372500061988830566e-01 8.240274786949157715e-01 6.869025826454162598e-01 6.794594526290893555e-01 1.081644371151924133e-01 2.535710334777832031e-01 6.526288390159606934e-01 7.485774159431457520e-01
5.707499980926513672e-01 2.768333256244659424e-01 2.472500056028366089e-01 4.202499985694885254e-01 6.162499785423278809e-01 6.865750253200531006e-02 5.686662793159484863e-01 3.548153936862945557e-01 3.741143941879272461e-01 3.505902588367462158e-01 5.584766268730163574e-01 1.545516550540924072e-01
6.862499713897705078e-01 1.848333328962326050e-01 1.072499975562095642e-01 1.247500032186508179e-01 1.492500007152557373e-01 7.700725197792053223e-01 6.121943593025207520e-01 2.497246861457824707e-01 1.933696419000625610e-01 1.170732676982879639e-01 1.255597621202468872e-01 6.708089709281921387e-01
8.121626973152160645e-01 7.401148080825805664e-01 5.280246734619140625e-01 1.450711190700531006e-01 1.495299953967332840e-02 0.000000000000000000e+00 7.642645835876464844e-01 7.233550548553466797e-01 3.046206235885620117e-01 3.493162691593170166e-01 3.879892081022262573e-02 2.494154497981071472e-03
6.697499752044677734e-01 2.458333373069763184e-01 1.750000054016709328e-03 1.677500009536743164e-01 2.412499934434890747e-01 8.562024831771850586e-01 6.099076867103576660e-01 2.890720069408416748e-01 7.093545794486999512e-02 1.088423058390617371e-01 2.482825666666030884e-01 7.347972393035888672e-01
5.882499814033508301e-01 7.901666760444641113e-01 9.967499971389770508e-01 7.422500252723693848e-01 2.624999918043613434e-02 2.023075073957443237e-01 6.171858310699462891e-01 5.829576253890991211e-01 6.078727841377258301e-01 7.779433131217956543e-01 8.678220212459564209e-02 4.308145940303802490e-01
2.907499969005584717e-01 4.438333213329315186e-01 6.312500238418579102e-01 9.792500138282775879e-01 9.562500119209289551e-01 8.215525150299072266e-01 3.117993175983428955e-01 5.238520503044128418e-01 7.096621394157409668e-01 8.820502758026123047e-01 8.795846104621887207e-01 8.427841067314147949e-01
1.745488792657852173e-01 5.245736837387084961e-01 3.634288907051086426e-01 5.474534034729003906e-01 3.321357667446136475e-01 0.000000000000000000e+00 2.009257823228836060e-01 6.758044362068176270e-01 6.066782474517822266e-01 4.544690549373626709e-01 2.793262600898742676e-01 1.915020346641540527e-01
6.182500123977661133e-01 3.758333325386047363e-01 4.675000160932540894e-02 1.125000044703483582e-02 5.502499938011169434e-01 6.443424820899963379e-01 6.145763993263244629e-01 3.385171592235565186e-01 1.194582954049110413e-01 1.084075272083282471e-01 5.259611606597900391e-01 7.434371113777160645e-01
6.557499766349792480e-01 3.031666576862335205e-01 8.272500038146972656e-01 2.447499930858612061e-01 3.577499985694885254e-01 2.379474937915802002e-01 6.213211417198181152e-01 3.440916240215301514e-01 7.344940304756164551e-01 3.066404759883880615e-01 3.637869358062744141e-01 2.105443626642227173e-01
5.133100152015686035e-01 8.691773414611816406e-01 1.900607496500015259e-01 6.103048920631408691e-01 1.523372679948806763e-01 0.000000000000000000e+00 4.816715121269226074e-01 8.530654311180114746e-01 1.571804732084274292e-01 4.720902740955352783e-01 1.250205934047698975e-01 1.076258718967437744e-02
9.930034279823303223e-01 3.613179922103881836e-01 4.779428243637084961e-01 9.223562479019165039e-02 7.322687655687332153e-02 0.000000000000000000e+00 7.932339906692504883e-01 3.280547559261322021e-01 4.533036053180694580e-01 3.572778403759002686e-01 6.630753725767135620e-02 6.536249816417694092e-02
9.422500133514404297e-01 5.985000133514404297e-01 2.437500059604644775e-01 3.787499964237213135e-01 7.767500281333923340e-01 7.324525117874145508e-01 8.688765764236450195e-01 5.331998467445373535e-01 1.832027584314346313e-01 3.866946697235107422e-01 7.771211862564086914e-01 7.803827524185180664e-01
5.624631047248840332e-01 1.518251597881317139e-01 6.730815768241882324e-01 7.189576625823974609e-01 5.634235739707946777e-01 0.000000000000000000e+00 5.079532861709594727e-01 1.975527256727218628e-01 7.347077727317810059e-01 7.694551944732666016e-01 5.487176179885864258e-01 2.808421663939952850e-02
4.422500133514404297e-01 1.764999926090240479e-01 4.402500092983245850e-01 1.772499978542327881e-01 7.625000178813934326e-02 4.319874942302703857e-01 4.920676648616790771e-01 1.930623054504394531e-01 4.083477556705474854e-01 1.041694357991218567e-01 6.894422322511672974e-02 4.271064400672912598e-01
3.122499883174896240e-01 2.651666700839996338e-01 5.387499928474426270e-01 6.875000149011611938e-02 8.587499856948852539e-01 9.779725074768066406e-01 2.625240981578826904e-01 3.270903825759887695e-01 5.442534685134887695e-01 1.768438816070556641e-01 8.396161794662475586e-01 8.490991592407226562e-01
9.525754451751708984e-01 7.251564860343933105e-01 6.680265069007873535e-01 2.061512321233749390e-01 2.206441313028335571e-01 0.000000000000000000e+00 8.238450884819030762e-01 4.557774662971496582e-01 4.938706755638122559e-01 5.413498878479003906e-01 2.151012867689132690e-01 1.547277718782424927e-01
9.973561763763427734e-01 8.242118358612060547e-01 8.797179460525512695e-01 2.387554943561553955e-02 1.510776728391647339e-01 0.000000000000000000e+00 8.218168020248413086e-01 3.601003885269165039e-01 5.526605844497680664e-01 3.865223228931427002e-01 1.083265542984008789e-01 2.406495064496994019e-02
5.572500228881835938e-01 6.501666903495788574e-01 5.007500052452087402e-01 8.547499775886535645e-01 7.812500000000000000e-01 9.457975029945373535e-01 5.238655805587768555e-01 6.670026779174804688e-01 5.015005469322204590e-01 8.949332833290100098e-01 8.124002814292907715e-01 8.870912194252014160e-01
9.477499723434448242e-01 2.308333367109298706e-01 1.042499989271163940e-01 3.242500126361846924e-01 1.475000008940696716e-02 7.334424853324890137e-01 7.885227799415588379e-01 2.880866527557373047e-01 1.574566364288330078e-01 2.233948707580566406e-01 5.621815100312232971e-02 5.618169307708740234e-01
2.079225182533264160e-01 1.985881626605987549e-01 7.502229809761047363e-01 2.632046937942504883e-01 7.063987851142883301e-01 0.000000000000000000e+00 1.828270107507705688e-01 1.212673261761665344e-01 7.578675150871276855e-01 3.049667179584503174e-01 7.000702619552612305e-01 5.162996239960193634e-04
5.992500185966491699e-01 7.551666498184204102e-01 8.052499890327453613e-01 4.177500009536743164e-01 7.957500219345092773e-01 1.696375012397766113e-01 5.900439620018005371e-01 7.008450031280517578e-01 6.261441707611083984e-01 6.129735708236694336e-01 8.081166744232177734e-01 1.607424914836883545e-01
1.617500036954879761e-01 3.955000042915344238e-01 7.982500195503234863e-01 6.612499952316284180e-01 5.727499723434448242e-01 7.512624859809875488e-01 1.580316871404647827e-01 4.340128004550933838e-01 6.918052434921264648e-01 8.021208643913269043e-01 5.489777326583862305e-01 8.280891776084899902e-01
2.262645214796066284e-01 5.225428342819213867e-01 9.656787514686584473e-01 5.870584845542907715e-01 6.811459064483642578e-01 0.000000000000000000e+00 2.367754578590393066e-01 4.188735485076904297e-01 7.377757430076599121e-01 6.591562032699584961e-01 6.800900101661682129e-01 5.952201411128044128e-02
9.317499995231628418e-01 4.221666753292083740e-01 9.857500195503234863e-01 7.962499856948852539e-01 7.422500252723693848e-01 5.250474810600280762e-01 9.187244176864624023e-01 2.488972544670104980e-01 8.128551244735717773e-01 8.324671983718872070e-01 7.231827378273010254e-01 4.816832244396209717e-01
9.035434722900390625e-01 1.205316632986068726e-01 3.541584908962249756e-01 8.540670275688171387e-01 6.023581027984619141e-01 0.000000000000000000e+00 8.608231544494628906e-01 3.451897501945495605e-01 7.172971367835998535e-01 7.567965388298034668e-01 6.460145711898803711e-01 2.241156101226806641e-01
5.213145613670349121e-01 9.450421929359436035e-01 5.447180867195129395e-01 6.441375613212585449e-01 5.322032570838928223e-01 0.000000000000000000e+00 5.270284414291381836e-01 8.235100507736206055e-01 3.886936008930206299e-01 5.809496045112609863e-01 5.620476007461547852e-01 1.462128851562738419e-02
8.235239386558532715e-01 3.740909993648529053e-01 9.669042229652404785e-01 1.328331679105758667e-01 4.594960510730743408e-01 0.000000000000000000e+00 8.604122400283813477e-01 3.001105189323425293e-01 5.098429322242736816e-01 4.486472904682159424e-01 4.510643482208251953e-01 1.756202876567840576e-01
5.652499794960021973e-01 6.051666736602783203e-01 2.692500054836273193e-01 4.037500023841857910e-01 1.512500047683715820e-01 5.280175209045410156e-01 5.213316082954406738e-01 5.781031250953674316e-01 2.675790786743164062e-01 3.419511020183563232e-01 1.688328683376312256e-01 3.288624286651611328e-01
2.074813693761825562e-01 7.087320089340209961e-01 7.322341203689575195e-01 5.660782381892204285e-02 9.622425436973571777e-01 0.000000000000000000e+00 2.284299433231353760e-01 5.166373848915100098e-01 4.928259253501892090e-01 2.166882455348968506e-01 9.496886134147644043e-01 4.441296160221099854e-01
9.002500176429748535e-01 4.108333289623260498e-01 2.167499959468841553e-01 6.967499852180480957e-01 1.177499964833259583e-01 7.032474875450134277e-01 8.227388262748718262e-01 4.493777453899383545e-01 2.559374272823333740e-01 4.988797903060913086e-01 1.076420843601226807e-01 4.512232840061187744e-01
5.147500038146972656e-01 7.461666464805603027e-01 4.427500069141387939e-01 2.087499946355819702e-01 4.997499883174896240e-01 3.527874946594238281e-01 5.669656991958618164e-01 7.045383453369140625e-01 3.490344285964965820e-01 2.475857138633728027e-01 5.109852552413940430e-01 2.880575656890869141e-01
6.453599333763122559e-01 9.176908135414123535e-01 7.924228906631469727e-01 7.378264665603637695e-01 4.738104343414306641e-01 0.000000000000000000e+00 6.806190013885498047e-01 7.468230724334716797e-01 5.010281205177307129e-01 7.452575564384460449e-01 4.661007523536682129e-01 3.309813141822814941e-02
9.317499995231628418e-01 4.221666753292083740e-01 9.857500195503234863e-01 7.962499856948852539e-01 7.422500252723693848e-01 5.250474810600280762e-01 9.187244176864624023e-01 2.488972544670104980e-01 8.128551244735717773e-01 8.324671983718872070e-01 7.231827378273010254e-01 4.816832244396209717e-01
2.967500090599060059e-01 7.678333520889282227e-01 5.277500152587890625e-01 8.107500076293945312e-01 8.812500238418579102e-01 2.077524960041046143e-01 3.378881216049194336e-01 7.617896199226379395e-01 5.658932328224182129e-01 8.696960210800170898e-01 8.766314387321472168e-01 5.006590113043785095e-02
1.782102510333061218e-02 6.647105216979980469e-01 8.691920638084411621e-01 6.396918296813964844e-01 3.813567757606506348e-01 0.000000000000000000e+00 1.621548645198345184e-02 6.794184446334838867e-01 8.655868172645568848e-01 6.858981251716613770e-01 3.500641882419586182e-01 7.310580462217330933e-03
3.714718222618103027e-01 4.858553409576416016e-01 5.742077827453613281e-01 4.622797966003417969e-01 6.926386952400207520e-01 0.000000000000000000e+00 3.701172471046447754e-01 3.870788812637329102e-01 4.707623720169067383e-01 4.990361332893371582e-01 7.107020616531372070e-01 2.747206017374992371e-02
9.793605804443359375e-01 4.755116701126098633e-01 6.915222853422164917e-02 7.528229355812072754e-01 5.333482474088668823e-02 0.000000000000000000e+00 7.344068288803100586e-01 5.369898676872253418e-01 6.452041864395141602e-01 7.607827782630920410e-01 5.323297530412673950e-02 1.306520134676247835e-04
4.313540458679199219e-01 6.731968522071838379e-01 9.404026269912719727e-01 3.660071492195129395e-01 6.743482500314712524e-02 0.000000000000000000e+00 4.389627575874328613e-01 3.374921083450317383e-01 3.309171199798583984e-01 5.310735702514648438e-01 6.594090908765792847e-02 1.000800356268882751e-01
9.607499837875366211e-01 1.688333302736282349e-01 9.202499985694885254e-01 7.357500195503234863e-01 8.472499847412109375e-01 3.547675013542175293e-01 9.026492834091186523e-01 2.044936120510101318e-01 8.602968454360961914e-01 7.803342938423156738e-01 7.770007848739624023e-01 1.464989781379699707e-01
6.597499847412109375e-01 2.834999859333038330e-01 8.867499828338623047e-01 8.802499771118164062e-01 9.377499818801879883e-01 3.235825002193450928e-01 7.661231756210327148e-01 2.435986548662185669e-01 7.796619534492492676e-01 8.398427367210388184e-01 9.209112524986267090e-01 3.772782683372497559e-01
7.422500252723693848e-01 3.138333261013031006e-01 2.622500061988830566e-01 7.897499799728393555e-01 4.324999824166297913e-02 7.606675028800964355e-01 6.383431553840637207e-01 4.310380518436431885e-01 3.745347559452056885e-01 6.455770730972290039e-01 7.123489677906036377e-02 4.832929074764251709e-01
2.262645214796066284e-01 5.225428342819213867e-01 9.656787514686584473e-01 5.870584845542907715e-01 6.811459064483642578e-01 0.000000000000000000e+00 2.367754578590393066e-01 4.188735485076904297e-01 7.377757430076599121e-01 6.591562032699584961e-01 6.800900101661682129e-01 5.952201411128044128e-02
8.210365176200866699e-01 2.769493460655212402e-01 9.082990884780883789e-01 5.584498047828674316e-01 4.198554903268814087e-02 0.000000000000000000e+00 8.515058159828186035e-01 2.489909529685974121e-01 7.178926467895507812e-01 6.711918711662292480e-01 5.391944199800491333e-02 1.739211147651076317e-03
1.597499996423721313e-01 2.758333384990692139e-01 2.612499892711639404e-01 7.782499790191650391e-01 6.602500081062316895e-01 3.884274959564208984e-01 1.849038898944854736e-01 3.521709144115447998e-01 3.093318343162536621e-01 7.841422557830810547e-01 5.976217985153198242e-01 3.975063264369964600e-01
6.182500123977661133e-01 3.758333325386047363e-01 4.675000160932540894e-02 1.125000044703483582e-02 5.502499938011169434e-01 6.443424820899963379e-01 6.145763993263244629e-01 3.385171592235565186e-01 1.194582954049110413e-01 1.084075272083282471e-01 5.259611606597900391e-01 7.434371113777160645e-01
5.507500171661376953e-01 3.238333463668823242e-01 8.967499732971191406e-01 2.862499952316284180e-01 4.297499954700469971e-01 5.097025036811828613e-01 5.993356704711914062e-01 3.244472742080688477e-01 7.947292923927307129e-01 2.608397901058197021e-01 4.360183775424957275e-01 4.783624410629272461e-01
4.971136152744293213e-01 4.849449992179870605e-01 5.493133068084716797e-01 5.723812580108642578e-01 6.107336282730102539e-01 0.000000000000000000e+00 4.597351551055908203e-01 5.303451418876647949e-01 6.834751963615417480e-01 6.271715164184570312e-01 6.135457158088684082e-01 1.169862449169158936e-01
8.942499756813049316e-01 6.038333177566528320e-01 5.497499704360961914e-01 4.132499992847442627e-01 4.922499954700469971e-01 4.413925111293792725e-01 9.024861454963684082e-01 4.608713090419769287e-01 5.168102979660034180e-01 2.959881126880645752e-01 4.564505517482757568e-01 2.508722543716430664e-01
6.132500171661376953e-01 4.048333466053009033e-01 4.632500112056732178e-01 7.622500061988830566e-01 1.612499952316284180e-01 7.913575172424316406e-01 5.883642435073852539e-01 4.460829794406890869e-01 4.401891827583312988e-01 6.531751751899719238e-01 1.447360068559646606e-01 6.261346936225891113e-01
5.182499885559082031e-01 2.278333306312561035e-01 1.567499935626983643e-01 8.647500276565551758e-01 6.932500004768371582e-01 1.503324955701828003e-01 5.337730646133422852e-01 2.093676924705505371e-01 2.406709492206573486e-01 7.912842631340026855e-01 6.411154866218566895e-01 3.932426869869232178e-02
9.242500066757202148e-01 5.005000233650207520e-01 6.162499785423278809e-01 5.257499814033508301e-01 7.982500195503234863e-01 2.864575088024139404e-01 8.945537209510803223e-01 3.120778799057006836e-01 5.938156247138977051e-01 5.096411108970642090e-01 7.779652476310729980e-01 1.305199265480041504e-01
7.222499847412109375e-01 1.968333274126052856e-01 7.652500271797180176e-01 6.532499790191650391e-01 3.502500057220458984e-01 9.601525068283081055e-01 7.764627933502197266e-01 2.779677510261535645e-01 7.166760563850402832e-01 5.327215194702148438e-01 3.441860377788543701e-01 5.505187511444091797e-01
9.397500157356262207e-01 6.438333392143249512e-01 5.912500023841857910e-01 3.247500061988830566e-01 5.752500295639038086e-01 5.062375068664550781e-01 9.137985706329345703e-01 4.736454188823699951e-01 4.020285010337829590e-01 3.687521517276763916e-01 5.298498868942260742e-01 2.997854053974151611e-01
9.444096684455871582e-01 4.749810099601745605e-01 9.193977117538452148e-01 2.153200060129165649e-01 7.658598423004150391e-01 0.000000000000000000e+00 7.914932370185852051e-01 4.674907922744750977e-01 7.029927372932434082e-01 6.993101835250854492e-01 8.044150471687316895e-01 3.272017836570739746e-02
2.472912520170211792e-02 6.664639711380004883e-01 4.179938733577728271e-01 5.054130554199218750e-01 6.126749515533447266e-01 0.000000000000000000e+00 3.869128227233886719e-02 7.552050948143005371e-01 6.567586064338684082e-01 4.404630362987518311e-01 5.379583835601806641e-01 1.677898922935128212e-03
3.066524863243103027e-01 7.625303268432617188e-01 8.761275410652160645e-01 3.775978982448577881e-01 6.938863992691040039e-01 0.000000000000000000e+00 3.194482326507568359e-01 6.979470849037170410e-01 5.729376673698425293e-01 5.680607557296752930e-01 6.968370676040649414e-01 3.944207727909088135e-02
4.137499928474426270e-01 6.748333573341369629e-01 6.282500028610229492e-01 5.052499771118164062e-01 7.272499799728393555e-01 6.512724757194519043e-01 4.200116097927093506e-01 6.040445566177368164e-01 4.388136863708496094e-01 7.103181481361389160e-01 7.378886938095092773e-01 7.654948830604553223e-01
3.097499907016754150e-01 5.391666889190673828e-01 8.897500038146972656e-01 1.025000028312206268e-02 7.647500038146972656e-01 5.785074830055236816e-01 3.093030452728271484e-01 4.504318237304687500e-01 6.781684160232543945e-01 2.160684764385223389e-01 7.781286239624023438e-01 5.019829869270324707e-01
4.626930654048919678e-01 6.773260235786437988e-01 4.833857342600822449e-02 3.416106998920440674e-01 2.241050302982330322e-01 0.000000000000000000e+00 4.385068416595458984e-01 7.967926859855651855e-01 1.636878103017807007e-01 2.226418554782867432e-01 2.200355678796768188e-01 2.415838651359081268e-02
3.417443037033081055e-01 5.594433471560478210e-02 6.199608445167541504e-01 4.919871985912322998e-01 5.797387957572937012e-01 0.000000000000000000e+00 5.654673576354980469e-01 2.190831452608108521e-01 4.361417889595031738e-01 3.702571392059326172e-01 5.619788765907287598e-01 1.544257812201976776e-02
3.857499957084655762e-01 8.264999985694885254e-01 8.447499871253967285e-01 1.167500019073486328e-01 1.217499971389770508e-01 5.389075279235839844e-01 4.294715225696563721e-01 6.846286654472351074e-01 6.701143980026245117e-01 1.169979274272918701e-01 1.669098734855651855e-01 3.635165989398956299e-01
1.912499964237213135e-01 2.818333208560943604e-01 2.477499991655349731e-01 2.682499885559082031e-01 9.972500205039978027e-01 6.453325152397155762e-01 2.354081422090530396e-01 3.865175545215606689e-01 3.076301813125610352e-01 2.760043740272521973e-01 9.336829185485839844e-01 7.634899020195007324e-01
8.772500157356262207e-01 2.208333313465118408e-01 2.672500014305114746e-01 1.457500010728836060e-01 7.042499780654907227e-01 9.750025272369384766e-01 7.939170002937316895e-01 3.275872766971588135e-01 2.537906169891357422e-01 1.458536833524703979e-01 6.573823690414428711e-01 7.985907196998596191e-01
9.917500019073486328e-01 1.704999953508377075e-01 3.627499938011169434e-01 4.262500107288360596e-01 4.727500081062316895e-01 2.275525033473968506e-01 9.386616349220275879e-01 3.411787748336791992e-01 4.526846706867218018e-01 3.164744973182678223e-01 4.438300430774688721e-01 9.342946112155914307e-02
5.331090092658996582e-01 3.243334889411926270e-01 8.302404880523681641e-01 9.212814569473266602e-01 8.806794285774230957e-01 0.000000000000000000e+00 6.195694804191589355e-01 5.649808645248413086e-01 8.403917551040649414e-01 8.650743961334228516e-01 9.101812243461608887e-01 4.358061030507087708e-02
2.742500007152557373e-01 2.431666702032089233e-01 6.825000047683715820e-02 1.872500032186508179e-01 7.892500162124633789e-01 7.933375239372253418e-01 2.925377488136291504e-01 4.097660779953002930e-01 2.121564447879791260e-01 2.023177742958068848e-01 7.993959784507751465e-01 7.565736770629882812e-01
6.227499842643737793e-01 5.504999756813049316e-01 9.182500243186950684e-01 2.882499992847442627e-01 4.312500059604644775e-01 7.106724977493286133e-01 6.371273994445800781e-01 4.082842767238616943e-01 8.113033175468444824e-01 2.169197946786880493e-01 4.245160222053527832e-01 6.602866649627685547e-01
7.753055095672607422e-01 6.614631414413452148e-01 3.979968726634979248e-01 6.711735725402832031e-01 8.655117750167846680e-01 0.000000000000000000e+00 8.059124946594238281e-01 6.443806290626525879e-01 4.730111658573150635e-01 5.784109234809875488e-01 8.874524831771850586e-01 2.299355156719684601e-02
3.992500007152557373e-01 4.884999990463256836e-01 2.152500003576278687e-01 9.512500166893005371e-01 1.624999940395355225e-02 1.448875069618225098e-01 4.472302198410034180e-01 4.855868518352508545e-01 3.798306286334991455e-01 6.938177943229675293e-01 5.219129845499992371e-02 8.644898235797882080e-02
7.177067995071411133e-01 9.169768095016479492e-01 3.785022348165512085e-02 5.015472173690795898e-01 6.537150125950574875e-03 0.000000000000000000e+00 7.030822038650512695e-01 8.554758429527282715e-01 6.339360028505325317e-02 3.629219830036163330e-01 3.590704873204231262e-02 1.736162230372428894e-03
8.217467367649078369e-02 2.945761680603027344e-01 2.405550926923751831e-01 4.596721529960632324e-01 3.662774860858917236e-01 0.000000000000000000e+00 1.225839778780937195e-01 3.627653717994689941e-01 3.925588130950927734e-01 2.954743206501007080e-01 3.475331664085388184e-01 2.925382554531097412e-02
3.992500007152557373e-01 4.884999990463256836e-01 2.152500003576278687e-01 9.512500166893005371e-01 1.624999940395355225e-02 1.448875069618225098e-01 4.472302198410034180e-01 4.855868518352508545e-01 3.798306286334991455e-01 6.938177943229675293e-01 5.219129845499992371e-02 8.644898235797882080e-02
4.495150148868560791e-01 2.693733274936676025e-01 8.971499204635620117e-01 5.930173397064208984e-01 1.701891720294952393e-01 0.000000000000000000e+00 4.687755405902862549e-01 2.854842543601989746e-01 6.484766006469726562e-01 7.142750620841979980e-01 1.591171473264694214e-01 3.608338907361030579e-02
9.947500228881835938e-01 4.358333349227905273e-01 7.782499790191650391e-01 2.212499976158142090e-01 7.252500057220458984e-01 2.983374893665313721e-01 9.170574545860290527e-01 3.820517659187316895e-01 7.069363594055175781e-01 3.048827946186065674e-01 6.951642036437988281e-01 3.712680041790008545e-01
3.617500066757202148e-01 1.958333402872085571e-01 1.767500042915344238e-01 4.187499880790710449e-01 8.402500152587890625e-01 6.616675257682800293e-01 4.022431075572967529e-01 4.126380383968353271e-01 2.527809441089630127e-01 6.100094318389892578e-01 7.996210455894470215e-01 7.436326742172241211e-01
4.239968955516815186e-01 9.884111881256103516e-01 1.521186530590057373e-01 9.625147283077239990e-02 8.994153738021850586e-01 0.000000000000000000e+00 4.302973747253417969e-01 9.067042469978332520e-01 1.655371487140655518e-01 2.386555224657058716e-01 9.218502044677734375e-01 9.197290986776351929e-03
6.391649246215820312e-01 9.816751480102539062e-01 1.106548979878425598e-01 2.275591939687728882e-01 3.128929436206817627e-01 0.000000000000000000e+00 6.440161466598510742e-01 8.740439414978027344e-01 1.347797960042953491e-01 1.675224602222442627e-01 3.232176601886749268e-01 8.146414533257484436e-03
5.507500171661376953e-01 3.238333463668823242e-01 8.967499732971191406e-01 2.862499952316284180e-01 4.297499954700469971e-01 5.097025036811828613e-01 5.993356704711914062e-01 3.244472742080688477e-01 7.947292923927307129e-01 2.608397901058197021e-01 4.360183775424957275e-01 4.783624410629272461e-01
7.462499737739562988e-01 4.435000121593475342e-01 5.262500047683715820e-01 9.722499847412109375e-01 5.317500233650207520e-01 3.008125126361846924e-01 6.901944279670715332e-01 3.788455724716186523e-01 6.405900120735168457e-01 8.170922994613647461e-01 5.056931376457214355e-01 2.511692345142364502e-01
7.223249077796936035e-01 7.778800129890441895e-01 7.413027286529541016e-01 2.406362295150756836e-01 2.221591472625732422e-01 0.000000000000000000e+00 7.556809782981872559e-01 5.284234881401062012e-01 2.515924274921417236e-01 4.484362900257110596e-01 1.938566118478775024e-01 1.438821256160736084e-01
3.424999862909317017e-02 4.754999876022338867e-01 7.697499990463256836e-01 2.577500045299530029e-01 8.107500076293945312e-01 5.834575295448303223e-01 1.074132546782493591e-01 5.388615131378173828e-01 7.198327183723449707e-01 3.390817046165466309e-01 8.373742103576660156e-01 3.794333338737487793e-01
8.675000071525573730e-02 2.471666634082794189e-01 7.547500133514404297e-01 2.772499918937683105e-01 6.777499914169311523e-01 7.265124917030334473e-01 1.163887083530426025e-01 2.787086069583892822e-01 7.510285377502441406e-01 3.509922921657562256e-01 6.310791373252868652e-01 7.449807524681091309e-01
8.235841989517211914e-01 8.418506383895874023e-01 4.944935739040374756e-01 7.822074294090270996e-01 7.075049914419651031e-03 0.000000000000000000e+00 8.668972849845886230e-01 8.465899825096130371e-01 4.952585399150848389e-01 6.261479258537292480e-01 2.912416309118270874e-02 7.475435995729640126e-05
5.124450922012329102e-01 9.976349771022796631e-02 7.188595086336135864e-02 5.277468562126159668e-01 9.955403208732604980e-01 0.000000000000000000e+00 5.526633858680725098e-01 4.651688337326049805e-01 5.092922449111938477e-01 4.177041053771972656e-01 9.550951123237609863e-01 7.681923918426036835e-03
4.295878112316131592e-01 8.506226539611816406e-01 8.165087699890136719e-01 6.091029644012451172e-01 1.444989293813705444e-01 0.000000000000000000e+00 4.109013974666595459e-01 7.295163869857788086e-01 5.108179450035095215e-01 7.555990815162658691e-01 9.918765723705291748e-02 4.631030187010765076e-02
6.872500181198120117e-01 1.895000040531158447e-01 7.222499847412109375e-01 8.382499814033508301e-01 9.427499771118164062e-01 2.389374971389770508e-01 8.024852871894836426e-01 2.315070480108261108e-01 6.917108297348022461e-01 6.877470016479492188e-01 8.611139655113220215e-01 9.056098759174346924e-02
6.397500038146972656e-01 7.154999971389770508e-01 5.697500109672546387e-01 5.147500038146972656e-01 6.047499775886535645e-01 3.018024861812591553e-01 6.150527000427246094e-01 6.618915796279907227e-01 5.548431873321533203e-01 5.078594684600830078e-01 5.883824229240417480e-01 1.429829895496368408e-01
3.345910906791687012e-01 5.818599835038185120e-02 1.688115298748016357e-01 3.723559677600860596e-01 4.104174375534057617e-01 0.000000000000000000e+00 4.016695618629455566e-01 1.457876861095428467e-01 1.974421441555023193e-01 2.755530476570129395e-01 4.267145097255706787e-01 6.113754212856292725e-02
3.557499945163726807e-01 4.548333287239074707e-01 2.712500095367431641e-01 3.907499909400939941e-01 8.172500133514404297e-01 1.033075004816055298e-01 4.289571046829223633e-01 4.358912110328674316e-01 2.957109510898590088e-01 3.705706596374511719e-01 7.901273369789123535e-01 1.725831180810928345e-01
2.742500007152557373e-01 2.431666702032089233e-01 6.825000047683715820e-02 1.872500032186508179e-01 7.892500162124633789e-01 7.933375239372253418e-01 2.925377488136291504e-01 4.097660779953002930e-01 2.121564447879791260e-01 2.023177742958068848e-01 7.993959784507751465e-01 7.565736770629882812e-01
9.502500295639038086e-01 4.421666562557220459e-01 6.302499771118164062e-01 3.707500100135803223e-01 3.777500092983245850e-01 7.459750026464462280e-02 8.800119161605834961e-01 3.772693574428558350e-01 6.457734107971191406e-01 3.665364682674407959e-01 3.949722647666931152e-01 1.252161413431167603e-01
4.909875392913818359e-01 5.280953049659729004e-01 2.120362818241119385e-01 2.709264457225799561e-01 6.170117259025573730e-01 0.000000000000000000e+00 5.604003071784973145e-01 7.004332542419433594e-01 2.990203201770782471e-01 1.930484473705291748e-01 6.022776961326599121e-01 3.503839373588562012e-01
3.522500097751617432e-01 2.885000109672546387e-01 7.817500233650207520e-01 1.324999984353780746e-02 4.882499873638153076e-01 7.086924910545349121e-01 4.019317328929901123e-01 3.221631944179534912e-01 6.295595765113830566e-01 1.426361203193664551e-01 4.221562743186950684e-01 5.628926753997802734e-01
9.140678644180297852e-01 9.511330127716064453e-01 6.816827058792114258e-01 3.926156759262084961e-01 3.718931078910827637e-01 0.000000000000000000e+00 9.090680480003356934e-01 7.708833217620849609e-01 4.242812991142272949e-01 5.147892832756042480e-01 3.796724379062652588e-01 5.025540012866258621e-03
9.547500014305114746e-01 3.425000011920928955e-01 2.362499982118606567e-01 2.532500028610229492e-01 3.957499861717224121e-01 4.588750004768371582e-02 8.904463052749633789e-01 3.803045749664306641e-01 3.505760133266448975e-01 2.462652474641799927e-01 3.882085084915161133e-01 1.750948280096054077e-01
2.742500007152557373e-01 2.431666702032089233e-01 6.825000047683715820e-02 1.872500032186508179e-01 7.892500162124633789e-01 7.933375239372253418e-01 2.925377488136291504e-01 4.097660779953002930e-01 2.121564447879791260e-01 2.023177742958068848e-01 7.993959784507751465e-01 7.565736770629882812e-01
6.862499713897705078e-01 1.848333328962326050e-01 1.072499975562095642e-01 1.247500032186508179e-01 1.492500007152557373e-01 7.700725197792053223e-01 6.121943593025207520e-01 2.497246861457824707e-01 1.933696419000625610e-01 1.170732676982879639e-01 1.255597621202468872e-01 6.708089709281921387e-01
9.242500066757202148e-01 5.005000233650207520e-01 6.162499785423278809e-01 5.257499814033508301e-01 7.982500195503234863e-01 2.864575088024139404e-01 8.945537209510803223e-01 3.120778799057006836e-01 5.938156247138977051e-01 5.096411108970642090e-01 7.779652476310729980e-01 1.305199265480041504e-01
5.985284447669982910e-01 7.494966387748718262e-01 5.204875469207763672e-01 7.918423414230346680e-01 2.836887538433074951e-01 0.000000000000000000e+00 5.460076332092285156e-01 6.782177686691284180e-01 6.018691658973693848e-01 8.329352736473083496e-01 2.890997529029846191e-01 1.052143946290016174e-01
4.147500097751617432e-01 2.754999995231628418e-01 9.357500076293945312e-01 5.447499752044677734e-01 4.547500014305114746e-01 2.800225019454956055e-01 4.520179033279418945e-01 2.966312468051910400e-01 7.839606404304504395e-01 4.906777441501617432e-01 4.402221739292144775e-01 1.375559717416763306e-01
3.242500126361846924e-01 4.478333294391632080e-01 5.707499980926513672e-01 1.307500004768371582e-01 1.082499995827674866e-01 5.809825062751770020e-01 3.122443556785583496e-01 3.138192296028137207e-01 4.463215768337249756e-01 1.407060325145721436e-01 1.088592112064361572e-01 3.376684188842773438e-01
2.808876931667327881e-01 5.445898175239562988e-01 8.277884125709533691e-01 4.957728385925292969e-01 9.378634095191955566e-01 0.000000000000000000e+00 3.369279801845550537e-01 4.128205180168151855e-01 7.543436884880065918e-01 3.794382810592651367e-01 9.015097022056579590e-01 2.283416502177715302e-02
5.753400325775146484e-01 9.747760295867919922e-01 2.034065574407577515e-01 5.647836327552795410e-01 3.590864837169647217e-01 0.000000000000000000e+00 5.745521187782287598e-01 8.644881844520568848e-01 1.627843379974365234e-01 3.211046159267425537e-01 3.654063940048217773e-01 1.105529814958572388e-02
3.857499957084655762e-01 8.264999985694885254e-01 8.447499871253967285e-01 1.167500019073486328e-01 1.217499971389770508e-01 5.389075279235839844e-01 4.294715225696563721e-01 6.846286654472351074e-01 6.701143980026245117e-01 1.169979274272918701e-01 1.669098734855651855e-01 3.635165989398956299e-01
4.392499923706054688e-01 7.818333506584167480e-01 6.822500228881835938e-01 7.642499804496765137e-01 5.087500214576721191e-01 1.226124987006187439e-01 4.661338329315185547e-01 6.509457826614379883e-01 6.223886609077453613e-01 7.113295793533325195e-01 5.058946013450622559e-01 1.578624546527862549e-01
6.107500195503234863e-01 8.118333220481872559e-01 5.537499785423278809e-01 1.437499970197677612e-01 7.262499928474426270e-01 7.116624712944030762e-01 6.079694032669067383e-01 7.251030206680297852e-01 5.472959876060485840e-01 1.921797543764114380e-01 7.193900346755981445e-01 5.043577551841735840e-01
4.691538512706756592e-01 8.211609721183776855e-01 3.683013319969177246e-01 1.132580265402793884e-01 1.890592724084854126e-01 0.000000000000000000e+00 4.111776649951934814e-01 7.670905590057373047e-01 2.129538506269454956e-01 1.634723991155624390e-01 1.482513248920440674e-01 2.011610940098762512e-02
5.912691354751586914e-01 4.433633387088775635e-01 8.925689458847045898e-01 9.341168403625488281e-01 4.197549223899841309e-01 0.000000000000000000e+00 6.634657382965087891e-01 2.742827534675598145e-01 7.333080768585205078e-01 8.397147655487060547e-01 4.252535998821258545e-01 1.159117072820663452e-01
8.332499861717224121e-01 3.888333439826965332e-01 5.274999886751174927e-02 4.912500083446502686e-01 2.452500015497207642e-01 1.191475018858909607e-01 8.121309876441955566e-01 3.836978375911712646e-01 2.521349489688873291e-01 2.703701853752136230e-01 2.324722856283187866e-01 3.013815283775329590e-01
7.197198867797851562e-01 1.470096707344055176e-01 6.780157685279846191e-01 3.908848464488983154e-01 7.307871580123901367e-01 0.000000000000000000e+00 7.220388650894165039e-01 2.373747229576110840e-01 6.020092964172363281e-01 5.364952683448791504e-01 7.851464748382568359e-01 4.088009148836135864e-02
8.425000309944152832e-02 3.655000030994415283e-01 1.875000074505805969e-02 4.672499895095825195e-01 2.232500016689300537e-01 3.839724957942962646e-01 1.377919316291809082e-01 5.072553157806396484e-01 1.516951173543930054e-01 5.705538392066955566e-01 1.831773221492767334e-01 5.214378833770751953e-01
4.127610921859741211e-01 5.888776779174804688e-01 1.393345743417739868e-01 9.980369210243225098e-01 7.978793382644653320e-01 0.000000000000000000e+00 4.100944697856903076e-01 7.977382540702819824e-01 4.764510095119476318e-01 8.581293821334838867e-01 7.676185965538024902e-01 1.167491823434829712e-01
3.424999862909317017e-02 4.754999876022338867e-01 7.697499990463256836e-01 2.577500045299530029e-01 8.107500076293945312e-01 5.834575295448303223e-01 1.074132546782493591e-01 5.388615131378173828e-01 7.198327183723449707e-01 3.390817046165466309e-01 8.373742103576660156e-01 3.794333338737487793e-01
8.942499756813049316e-01 6.038333177566528320e-01 5.497499704360961914e-01 4.132499992847442627e-01 4.922499954700469971e-01 4.413925111293792725e-01 9.024861454963684082e-01 4.608713090419769287e-01 5.168102979660034180e-01 2.959881126880645752e-01 4.564505517482757568e-01 2.508722543716430664e-01
8.067499995231628418e-01 7.524999976158142090e-01 9.367499947547912598e-01 5.612499713897705078e-01 4.272499978542327881e-01 8.769925236701965332e-01 7.410786151885986328e-01 6.052210927009582520e-01 8.583413958549499512e-01 5.536467432975769043e-01 4.235017001628875732e-01 7.989107966423034668e-01
5.438882112503051758e-01 2.981854975223541260e-01 4.236824512481689453e-01 6.179373264312744141e-01 1.384150236845016479e-01 0.000000000000000000e+00 4.156386852264404297e-01 4.476006925106048584e-01 5.727335214614868164e-01 8.088085651397705078e-01 1.158932074904441833e-01 5.133976042270660400e-02
1.017500013113021851e-01 8.181666731834411621e-01 4.687500000000000000e-01 5.482500195503234863e-01 1.012500002980232239e-01 1.618750020861625671e-02 1.118320971727371216e-01 7.847409844398498535e-01 5.027530789375305176e-01 5.127705931663513184e-01 1.670043170452117920e-01 8.685427717864513397e-03
6.597499847412109375e-01 2.834999859333038330e-01 8.867499828338623047e-01 8.802499771118164062e-01 9.377499818801879883e-01 3.235825002193450928e-01 7.661231756210327148e-01 2.435986548662185669e-01 7.796619534492492676e-01 8.398427367210388184e-01 9.209112524986267090e-01 3.772782683372497559e-01
8.105162978172302246e-01 8.657500147819519043e-01 4.837487339973449707e-01 3.585310280323028564e-01 7.220298647880554199e-01 0.000000000000000000e+00 8.813839554786682129e-01 7.728039622306823730e-01 3.855881094932556152e-01 3.551763594150543213e-01 6.840023994445800781e-01 6.047086324542760849e-03
2.517499923706054688e-01 6.198333501815795898e-01 4.977500140666961670e-01 7.227500081062316895e-01 5.952500104904174805e-01 5.230674743652343750e-01 2.859182953834533691e-01 6.863850355148315430e-01 5.645316839218139648e-01 8.158869147300720215e-01 5.692577958106994629e-01 5.790106058120727539e-01
7.037500143051147461e-01 2.081666737794876099e-01 5.124999955296516418e-02 8.377500176429748535e-01 9.057499766349792480e-01 5.740525126457214355e-01 6.769703030586242676e-01 2.688106000423431396e-01 2.440479099750518799e-01 7.593842744827270508e-01 8.601713776588439941e-01 4.821858108043670654e-01
8.567500114440917969e-01 6.978333592414855957e-01 5.562499761581420898e-01 3.017500042915344238e-01 1.562500000000000000e-01 1.221174970269203186e-01 8.661050796508789062e-01 4.188141524791717529e-01 4.014211893081665039e-01 2.899339199066162109e-01 1.746328175067901611e-01 2.432845532894134521e-01
7.657499909400939941e-01 6.545000076293945312e-01 7.587500214576721191e-01 7.607499957084655762e-01 2.025000005960464478e-02 9.007524847984313965e-01 8.063972592353820801e-01 4.096532762050628662e-01 6.137996912002563477e-01 4.487319588661193848e-01 7.342093437910079956e-02 3.265517354011535645e-01
2.172500044107437134e-01 6.765000224113464355e-01 9.674999862909317017e-02 9.392499923706054688e-01 9.047499895095825195e-01 6.864175200462341309e-01 2.198517471551895142e-01 7.471458315849304199e-01 1.624098420143127441e-01 9.302492141723632812e-01 9.519320726394653320e-01 6.483892202377319336e-01
7.357500195503234863e-01 6.741666793823242188e-01 3.927499949932098389e-01 8.432499766349792480e-01 2.797499895095825195e-01 8.111575245857238770e-01 7.535843849182128906e-01 6.490337252616882324e-01 4.127372503280639648e-01 6.666564941406250000e-01 2.629010975360870361e-01 4.596388638019561768e-01
6.287500262260437012e-01 3.498333394527435303e-01 2.857500016689300537e-01 3.732500076293945312e-01 4.812499880790710449e-01 6.388974785804748535e-01 5.537998676300048828e-01 3.909983336925506592e-01 2.544103562831878662e-01 3.765590488910675049e-01 4.716898500919342041e-01 4.731625914573669434e-01
7.704762220382690430e-01 4.807280004024505615e-01 6.030433177947998047e-01 3.228409960865974426e-02 5.431753396987915039e-01 0.000000000000000000e+00 8.975631594657897949e-01 4.079944789409637451e-01 2.065231353044509888e-01 1.132478266954421997e-01 5.411863923072814941e-01 1.267624497413635254e-01
2.542499899864196777e-01 5.245000123977661133e-01 5.952500104904174805e-01 8.477500081062316895e-01 5.725000053644180298e-02 4.290175139904022217e-01 2.830195724964141846e-01 5.130671858787536621e-01 5.969133973121643066e-01 7.668886184692382812e-01 9.470922499895095825e-02 1.410722434520721436e-01
1.062500029802322388e-01 4.724999964237213135e-01 6.117500066757202148e-01 7.057499885559082031e-01 7.172499895095825195e-01 2.339874953031539917e-01 1.505018174648284912e-01 5.138707756996154785e-01 6.363003253936767578e-01 8.003975152969360352e-01 6.827554106712341309e-01 3.871496617794036865e-01
7.741775512695312500e-01 8.723181486129760742e-01 4.549110233783721924e-01 8.708078265190124512e-01 1.851210743188858032e-01 0.000000000000000000e+00 8.557397723197937012e-01 8.659209012985229492e-01 4.784820079803466797e-01 6.337912082672119141e-01 1.446335464715957642e-01 6.757440278306603432e-04
9.324999898672103882e-02 5.198333263397216797e-01 2.852500081062316895e-01 6.117500066757202148e-01 8.752499818801879883e-01 9.908425211906433105e-01 1.566442102193832397e-01 6.059315800666809082e-01 3.411602079868316650e-01 2.579769492149353027e-01 9.794227480888366699e-01 6.660359501838684082e-01
3.003137409687042236e-01 1.158450022339820862e-01 4.064113199710845947e-01 9.603799581527709961e-01 9.213927388191223145e-01 0.000000000000000000e+00 3.517379760742187500e-01 2.361084371805191040e-01 5.031366944313049316e-01 8.668659329414367676e-01 9.153900742530822754e-01 2.896311879158020020e-02
1.782499998807907104e-01 5.178333520889282227e-01 6.672499775886535645e-01 5.974999815225601196e-02 6.962500214576721191e-01 1.567675024271011353e-01 2.343479841947555542e-01 5.762107968330383301e-01 7.260840535163879395e-01 1.856888532638549805e-01 6.735596060752868652e-01 2.200619876384735107e-01
9.992499947547912598e-01 2.108333259820938110e-01 4.542500078678131104e-01 9.667500257492065430e-01 7.722499966621398926e-01 5.196024775505065918e-01 8.965925574302673340e-01 2.673780024051666260e-01 7.984657883644104004e-01 7.390424609184265137e-01 7.317436337471008301e-01 4.975601732730865479e-01
2.479135543107986450e-01 1.461559981107711792e-01 7.397067546844482422e-02 4.959073364734649658e-01 6.791977882385253906e-01 0.000000000000000000e+00 3.909568786621093750e-01 3.713210523128509521e-01 3.395416736602783203e-01 1.527824699878692627e-01 6.642761230468750000e-01 2.422344535589218140e-01
1.317500025033950806e-01 3.211666643619537354e-01 9.142500162124633789e-01 2.262499928474426270e-01 9.742500185966491699e-01 8.720424771308898926e-01 1.426819264888763428e-01 3.186581432819366455e-01 7.459711432456970215e-01 2.412195652723312378e-01 9.166346788406372070e-01 7.918803095817565918e-01
8.725000172853469849e-02 5.738333463668823242e-01 8.117499947547912598e-01 8.967499732971191406e-01 4.697499871253967285e-01 8.616474866867065430e-01 8.620607852935791016e-02 5.789433121681213379e-01 7.843921184539794922e-01 8.530029058456420898e-01 4.654124975204467773e-01 8.681772351264953613e-01
2.319842278957366943e-01 6.772588491439819336e-01 7.598061561584472656e-01 4.946175031363964081e-03 6.143790483474731445e-01 0.000000000000000000e+00 1.973616629838943481e-01 4.570683240890502930e-01 4.481513798236846924e-01 2.207050770521163940e-01 5.708382725715637207e-01 1.355476081371307373e-01
9.317499995231628418e-01 4.221666753292083740e-01 9.857500195503234863e-01 7.962499856948852539e-01 7.422500252723693848e-01 5.250474810600280762e-01 9.187244176864624023e-01 2.488972544670104980e-01 8.128551244735717773e-01 8.324671983718872070e-01 7.231827378273010254e-01 4.816832244396209717e-01
3.965640068054199219e-02 6.160230040550231934e-01 9.388573765754699707e-01 1.368643045425415039e-01 1.171552985906600952e-01 0.000000000000000000e+00 1.652042940258979797e-02 5.611523389816284180e-01 7.999876141548156738e-01 1.941896528005599976e-01 1.157573685050010681e-01 1.245840266346931458e-02
9.780381917953491211e-01 3.366291522979736328e-01 2.757762372493743896e-01 3.097485303878784180e-01 1.051075533032417297e-01 0.000000000000000000e+00 8.556157946586608887e-01 5.324443578720092773e-01 4.522106647491455078e-01 3.646256327629089355e-01 8.523166924715042114e-02 7.795675843954086304e-02
8.624660968780517578e-01 2.584648430347442627e-01 1.001755222678184509e-01 2.783907949924468994e-01 3.945050239562988281e-01 0.000000000000000000e+00 7.597028017044067383e-01 2.315487116575241089e-01 4.199174344539642334e-01 2.526055872440338135e-01 4.043830633163452148e-01 1.768135651946067810e-02
7.288105487823486328e-01 1.162466686218976974e-02 4.152130186557769775e-01 3.290868103504180908e-01 7.456296086311340332e-01 0.000000000000000000e+00 7.288224101066589355e-01 1.834663152694702148e-01 3.274641931056976318e-01 6.768454313278198242e-01 7.894779443740844727e-01 2.236963994801044464e-02
8.157007694244384766e-01 5.077899992465972900e-02 3.790187835693359375e-01 2.156326323747634888e-01 1.318511515855789185e-01 0.000000000000000000e+00 6.085085868835449219e-01 2.090467959642410278e-01 5.913955569267272949e-01 3.403197526931762695e-01 1.361111551523208618e-01 1.137641221284866333e-01
4.176519811153411865e-01 7.160000037401914597e-03 7.140450179576873779e-02 3.775711655616760254e-01 4.773701131343841553e-01 0.000000000000000000e+00 4.252496957778930664e-01 1.908039152622222900e-01 1.927168071269989014e-01 3.842366337776184082e-01 5.086978077888488770e-01 5.811939015984535217e-02
2.890748381614685059e-01 1.714843362569808960e-01 8.002722263336181641e-01 3.826674222946166992e-01 2.275328040122985840e-01 0.000000000000000000e+00 2.554856240749359131e-01 1.898700743913650513e-01 6.166734695434570312e-01 6.152295470237731934e-01 2.239566892385482788e-01 4.846658091992139816e-03
9.249740839004516602e-01 9.512813091278076172e-01 2.597201466560363770e-01 8.268143534660339355e-01 9.012835621833801270e-01 0.000000000000000000e+00 8.934590816497802734e-01 8.150793910026550293e-01 3.791613280773162842e-01 7.697463035583496094e-01 8.851590156555175781e-01 1.551673398353159428e-03
9.977082610130310059e-01 7.745118141174316406e-01 2.991661429405212402e-01 3.668748438358306885e-01 7.977942228317260742e-01 0.000000000000000000e+00 9.163821339607238770e-01 3.620923757553100586e-01 2.547597289085388184e-01 4.183978736400604248e-01 7.763751745223999023e-01 1.458990154787898064e-03
9.195662140846252441e-01 7.437999825924634933e-03 2.569214403629302979e-01 8.022786974906921387e-01 8.337591290473937988e-01 0.000000000000000000e+00 8.580148816108703613e-01 1.412097662687301636e-01 6.011893749237060547e-01 6.495573520660400391e-01 8.287008404731750488e-01 1.575083122588694096e-03
8.874999731779098511e-02 5.541666746139526367e-01 6.437500119209289551e-01 8.057500123977661133e-01 3.427500128746032715e-01 7.666075229644775391e-01 7.320113480091094971e-02 5.918341875076293945e-01 7.472326159477233887e-01 8.900377154350280762e-01 3.737833201885223389e-01 7.724227905273437500e-01
8.435936570167541504e-01 4.428183436393737793e-01 2.371170520782470703e-01 9.750361442565917969e-01 7.472357153892517090e-01 0.000000000000000000e+00 8.219695687294006348e-01 7.179223299026489258e-01 5.369036793708801270e-01 8.449438214302062988e-01 7.441160678863525391e-01 2.670778892934322357e-02
3.137075603008270264e-01 8.075016736984252930e-02 9.097768664360046387e-01 9.684878587722778320e-01 4.093226492404937744e-01 0.000000000000000000e+00 4.348806738853454590e-01 2.743442356586456299e-01 6.569989323616027832e-01 8.415925502777099609e-01 4.034270942211151123e-01 1.407381147146224976e-03
8.303242176771163940e-02 9.393919706344604492e-01 4.198887348175048828e-01 8.395333290100097656e-01 2.332583963871002197e-01 0.000000000000000000e+00 1.989175193011760712e-02 8.996944427490234375e-01 3.076489865779876709e-01 9.214760065078735352e-01 1.605412811040878296e-01 4.079370046383701265e-05
9.322500228881835938e-01 6.085000038146972656e-01 8.602499961853027344e-01 9.147499799728393555e-01 2.832500040531158447e-01 8.962975144386291504e-01 9.468728303909301758e-01 4.497860968112945557e-01 6.645458936691284180e-01 7.887462973594665527e-01 3.092320263385772705e-01 6.337678432464599609e-01
5.369894504547119141e-01 8.453088402748107910e-01 8.445882201194763184e-01 5.630698204040527344e-01 6.842415332794189453e-01 0.000000000000000000e+00 5.481939315795898438e-01 6.864682435989379883e-01 5.438369512557983398e-01 7.053897976875305176e-01 7.021559476852416992e-01 2.226739823818206787e-01
6.310977786779403687e-02 3.622390031814575195e-01 3.004041314125061035e-01 1.643298566341400146e-01 7.874030470848083496e-01 0.000000000000000000e+00 1.183277219533920288e-01 6.102094650268554688e-01 6.867926716804504395e-01 2.503969967365264893e-01 8.377141356468200684e-01 7.157581299543380737e-02
9.112499952316284180e-01 2.748333215713500977e-01 8.147500157356262207e-01 7.077500224113464355e-01 8.597499728202819824e-01 8.873875141143798828e-01 8.971393108367919922e-01 3.392365574836730957e-01 7.858274579048156738e-01 7.788431644439697266e-01 8.445823192596435547e-01 8.000286817550659180e-01
3.882162272930145264e-01 7.642869949340820312e-01 9.071197509765625000e-01 7.693548202514648438e-01 9.240358471870422363e-01 0.000000000000000000e+00 4.337002336978912354e-01 6.802071928977966309e-01 6.654350161552429199e-01 8.096520900726318359e-01 9.123954176902770996e-01 6.364341825246810913e-02
1.992499977350234985e-01 3.591666519641876221e-01 9.657499790191650391e-01 3.250000067055225372e-03 8.375000208616256714e-02 1.830025017261505127e-01 1.639484316110610962e-01 3.061218261718750000e-01 8.325403928756713867e-01 8.396317809820175171e-02 1.047280281782150269e-01 6.440538167953491211e-02
4.164533019065856934e-01 1.493166685104370117e-01 3.754347562789916992e-01 4.459062218666076660e-01 5.106427073478698730e-01 0.000000000000000000e+00 3.579785525798797607e-01 1.950550377368927002e-01 4.726465344429016113e-01 5.280548930168151855e-01 5.237218737602233887e-01 5.519542098045349121e-02
5.676525086164474487e-02 7.952148318290710449e-01 1.170108467340469360e-01 9.196657538414001465e-01 5.405242443084716797e-01 0.000000000000000000e+00 3.734803572297096252e-02 9.018871188163757324e-01 8.091060817241668701e-02 9.497065544128417969e-01 5.215895771980285645e-01 8.503462595399469137e-05
3.097499907016754150e-01 5.391666889190673828e-01 8.897500038146972656e-01 1.025000028312206268e-02 7.647500038146972656e-01 5.785074830055236816e-01 3.093030452728271484e-01 4.504318237304687500e-01 6.781684160232543945e-01 2.160684764385223389e-01 7.781286239624023438e-01 5.019829869270324707e-01
9.682499766349792480e-01 3.831666707992553711e-01 5.927500128746032715e-01 7.587500214576721191e-01 1.567499935626983643e-01 6.448374986648559570e-01 9.238162636756896973e-01 4.741764366626739502e-01 6.995278000831604004e-01 5.916008353233337402e-01 1.512213945388793945e-01 5.956013798713684082e-01
3.402499854564666748e-01 7.441666722297668457e-01 1.987500041723251343e-01 1.917500048875808716e-01 2.012500017881393433e-01 2.968524992465972900e-01 3.454373180866241455e-01 6.758901476860046387e-01 2.262802273035049438e-01 2.151337713003158569e-01 2.332555353641510010e-01 1.422059983015060425e-01
1.607789546251296997e-01 6.275676488876342773e-01 7.003828883171081543e-01 7.920463085174560547e-01 4.382189214229583740e-01 0.000000000000000000e+00 1.199671626091003418e-01 6.799674034118652344e-01 7.339870929718017578e-01 8.849126100540161133e-01 4.311124682426452637e-01 3.302786871790885925e-02
7.765432596206665039e-01 5.122473239898681641e-01 6.449379920959472656e-01 3.061000406742095947e-01 6.897065043449401855e-01 0.000000000000000000e+00 7.461794614791870117e-01 2.936138510704040527e-01 6.327996253967285156e-01 2.876462042331695557e-01 7.079602479934692383e-01 8.720359206199645996e-02
5.783275961875915527e-01 7.679461836814880371e-01 1.879194676876068115e-01 3.136897459626197815e-02 3.740251362323760986e-01 0.000000000000000000e+00 5.812830328941345215e-01 6.663755178451538086e-01 1.142762377858161926e-01 7.998364418745040894e-02 3.941076099872589111e-01 9.073109924793243408e-02
8.875057697296142578e-01 9.342371821403503418e-01 4.110736846923828125e-01 4.650854468345642090e-01 4.324819445610046387e-01 0.000000000000000000e+00 9.247645735740661621e-01 7.413429021835327148e-01 2.738464474678039551e-01 3.146828413009643555e-01 4.413065016269683838e-01 3.917437046766281128e-02
2.280253469944000244e-01 4.683878421783447266e-01 6.794906854629516602e-01 1.134227514266967773e-01 8.491526246070861816e-01 0.000000000000000000e+00 2.524064481258392334e-01 4.529809355735778809e-01 6.737587451934814453e-01 2.072652876377105713e-01 8.509563207626342773e-01 1.160918548703193665e-02
2.770037055015563965e-01 1.766666682669892907e-04 8.724019527435302734e-01 1.987800002098083496e-02 7.433099746704101562e-01 0.000000000000000000e+00 3.208830952644348145e-01 1.290616542100906372e-01 5.719035267829895020e-01 2.957071363925933838e-01 7.668097019195556641e-01 1.876364927738904953e-03
9.280958175659179688e-01 4.130569994449615479e-01 4.558309316635131836e-01 6.010336875915527344e-01 2.196087539196014404e-01 0.000000000000000000e+00 8.571024537086486816e-01 5.605775713920593262e-01 5.290159583091735840e-01 6.342742443084716797e-01 1.876401901245117188e-01 9.277484379708766937e-03
1.748982816934585571e-01 9.988076686859130859e-01 7.458911538124084473e-01 3.680723309516906738e-01 5.668605566024780273e-01 0.000000000000000000e+00 1.603460758924484253e-01 7.707266807556152344e-01 4.452825784683227539e-01 4.750660061836242676e-01 5.345644950866699219e-01 9.375219233334064484e-03
3.551124632358551025e-01 4.899838268756866455e-01 5.812529847025871277e-02 1.337887942790985107e-01 4.256072044372558594e-01 0.000000000000000000e+00 4.363832771778106689e-01 5.735626816749572754e-01 1.232569217681884766e-01 6.535954773426055908e-02 4.215439260005950928e-01 1.234998852014541626e-01
3.617500066757202148e-01 1.958333402872085571e-01 1.767500042915344238e-01 4.187499880790710449e-01 8.402500152587890625e-01 6.616675257682800293e-01 4.022431075572967529e-01 4.126380383968353271e-01 2.527809441089630127e-01 6.100094318389892578e-01 7.996210455894470215e-01 7.436326742172241211e-01
4.820331633090972900e-01 8.122533559799194336e-02 4.849237576127052307e-02 8.929528594017028809e-01 5.484721660614013672e-01 0.000000000000000000e+00 5.399309396743774414e-01 2.467132806777954102e-01 3.411566317081451416e-01 6.968258619308471680e-01 5.459436178207397461e-01 7.898675650358200073e-02
4.962500035762786865e-01 5.658333301544189453e-01 8.657500147819519043e-01 8.772500157356262207e-01 2.282499969005584717e-01 8.131374716758728027e-01 4.786822795867919922e-01 5.141146183013916016e-01 7.092683911323547363e-01 8.354035615921020508e-01 2.562852203845977783e-01 6.111641526222229004e-01
4.440308511257171631e-01 5.496360063552856445e-01 5.020245313644409180e-01 3.677894920110702515e-02 2.192436307668685913e-01 0.000000000000000000e+00 3.733820915222167969e-01 5.576717853546142578e-01 5.385960936546325684e-01 1.261926293373107910e-01 1.847317069768905640e-01 1.112384274601936340e-01
1.330804973840713501e-01 8.381141424179077148e-01 3.445439934730529785e-01 2.826385498046875000e-01 2.946943044662475586e-01 0.000000000000000000e+00 1.034501194953918457e-01 7.605774998664855957e-01 2.456292361021041870e-01 2.986574172973632812e-01 2.849878966808319092e-01 1.783689134754240513e-03
7.506425380706787109e-01 7.086910009384155273e-01 7.058249786496162415e-03 8.532959818840026855e-01 3.801179528236389160e-01 0.000000000000000000e+00 7.342529296875000000e-01 7.463428974151611328e-01 1.642654985189437866e-01 6.724595427513122559e-01 3.831023275852203369e-01 2.825917117297649384e-02
9.928889274597167969e-01 2.782063186168670654e-01 1.467955708503723145e-01 9.190775156021118164e-01 8.076618313789367676e-01 0.000000000000000000e+00 8.944947123527526855e-01 4.263589084148406982e-01 6.267179846763610840e-01 7.263688445091247559e-01 8.134794831275939941e-01 2.324070082977414131e-03
2.542499899864196777e-01 5.245000123977661133e-01 5.952500104904174805e-01 8.477500081062316895e-01 5.725000053644180298e-02 4.290175139904022217e-01 2.830195724964141846e-01 5.130671858787536621e-01 5.969133973121643066e-01 7.668886184692382812e-01 9.470922499895095825e-02 1.410722434520721436e-01
7.137500047683715820e-01 4.058333337306976318e-01 9.047499895095825195e-01 5.977500081062316895e-01 2.067500054836273193e-01 6.522625088691711426e-01 7.671309113502502441e-01 3.056390583515167236e-01 7.433374524116516113e-01 4.682443141937255859e-01 2.169226706027984619e-01 4.175301492214202881e-01
8.997499942779541016e-01 3.171666562557220459e-01 7.972499728202819824e-01 1.452499926090240479e-01 7.557500004768371582e-01 8.012574911117553711e-01 8.620073199272155762e-01 3.424984514713287354e-01 7.330119609832763672e-01 2.041111588478088379e-01 7.152400016784667969e-01 5.840982794761657715e-01
6.132500171661376953e-01 4.048333466053009033e-01 4.632500112056732178e-01 7.622500061988830566e-01 1.612499952316284180e-01 7.913575172424316406e-01 5.883642435073852539e-01 4.460829794406890869e-01 4.401891827583312988e-01 6.531751751899719238e-01 1.447360068559646606e-01 6.261346936225891113e-01
2.641765773296356201e-01 7.116767019033432007e-02 2.263942807912826538e-01 1.907666474580764771e-01 3.137709796428680420e-01 0.000000000000000000e+00 3.615450859069824219e-01 1.768872737884521484e-01 1.212154850363731384e-01 1.046258732676506042e-01 3.345006704330444336e-01 9.870801866054534912e-02
6.132500171661376953e-01 4.048333466053009033e-01 4.632500112056732178e-01 7.622500061988830566e-01 1.612499952316284180e-01 7.913575172424316406e-01 5.883642435073852539e-01 4.460829794406890869e-01 4.401891827583312988e-01 6.531751751899719238e-01 1.447360068559646606e-01 6.261346936225891113e-01
1.967500001192092896e-01 5.351666808128356934e-01 5.907499790191650391e-01 6.075000017881393433e-02 9.127500057220458984e-01 9.522324800491333008e-01 2.205361872911453247e-01 4.532769918441772461e-01 4.946855306625366211e-01 2.257283180952072144e-01 9.688187241554260254e-01 9.049869179725646973e-01
8.448429703712463379e-01 1.091929972171783447e-01 2.497130073606967926e-02 1.562728285789489746e-01 7.722362875938415527e-01 0.000000000000000000e+00 8.295508623123168945e-01 2.041101753711700439e-01 1.992737948894500732e-01 1.251928210258483887e-01 7.847465872764587402e-01 1.520215300843119621e-03
8.169860839843750000e-01 4.174965023994445801e-01 5.605835914611816406e-01 6.968985795974731445e-01 8.543722033500671387e-01 0.000000000000000000e+00 8.194003701210021973e-01 4.188729524612426758e-01 6.274225115776062012e-01 6.584278345108032227e-01 8.739288449287414551e-01 1.178217213600873947e-02
1.612499952316284180e-01 5.575000047683715820e-01 7.357500195503234863e-01 9.762499928474426270e-01 4.097500145435333252e-01 1.617175042629241943e-01 1.746458262205123901e-01 6.006100177764892578e-01 7.842333316802978516e-01 9.265176057815551758e-01 4.164935350418090820e-01 1.159492582082748413e-01
7.067499756813049316e-01 2.685000002384185791e-01 5.397499799728393555e-01 7.762500047683715820e-01 7.002500295639038086e-01 1.295424997806549072e-01 8.073921203613281250e-01 2.732151448726654053e-01 5.506258010864257812e-01 6.621342897415161133e-01 6.515816450119018555e-01 1.662083417177200317e-01
2.522499859333038330e-01 2.831666767597198486e-01 6.997500061988830566e-01 4.477500021457672119e-01 3.902499973773956299e-01 6.982975006103515625e-01 2.372267395257949829e-01 4.371015429496765137e-01 6.782976984977722168e-01 6.062219738960266113e-01 3.888932168483734131e-01 6.809014678001403809e-01
4.238914251327514648e-01 5.041863322257995605e-01 3.236258029937744141e-01 6.279878020286560059e-01 3.440963029861450195e-01 0.000000000000000000e+00 4.722902476787567139e-01 3.732857704162597656e-01 3.180373907089233398e-01 4.565797448158264160e-01 3.073132336139678955e-01 1.799643635749816895e-01
6.132500171661376953e-01 4.048333466053009033e-01 4.632500112056732178e-01 7.622500061988830566e-01 1.612499952316284180e-01 7.913575172424316406e-01 5.883642435073852539e-01 4.460829794406890869e-01 4.401891827583312988e-01 6.531751751899719238e-01 1.447360068559646606e-01 6.261346936225891113e-01
5.162416100502014160e-01 4.212566614151000977e-01 7.411950826644897461e-01 9.319068193435668945e-01 3.388173580169677734e-01 0.000000000000000000e+00 4.847266674041748047e-01 4.311083555221557617e-01 7.616977691650390625e-01 8.974085450172424316e-01 3.573813736438751221e-01 1.266829818487167358e-01
3.766983449459075928e-01 4.058924913406372070e-01 2.412370033562183380e-02 7.170052826404571533e-02 2.847297787666320801e-01 0.000000000000000000e+00 4.330793321132659912e-01 5.870521664619445801e-01 1.002157852053642273e-01 7.371951639652252197e-02 2.955974042415618896e-01 6.906864792108535767e-02
2.704489827156066895e-01 9.678953289985656738e-01 7.133627682924270630e-02 8.912764191627502441e-01 7.000987529754638672e-01 0.000000000000000000e+00 2.841161489486694336e-01 9.720945358276367188e-01 5.124814063310623169e-02 8.674683570861816406e-01 7.526111602783203125e-01 1.264507009182125330e-04
2.522499859333038330e-01 2.831666767597198486e-01 6.997500061988830566e-01 4.477500021457672119e-01 3.902499973773956299e-01 6.982975006103515625e-01 2.372267395257949829e-01 4.371015429496765137e-01 6.782976984977722168e-01 6.062219738960266113e-01 3.888932168483734131e-01 6.809014678001403809e-01
7.995358109474182129e-01 4.345313310623168945e-01 4.714157879352569580e-01 5.261633396148681641e-01 3.331958353519439697e-01 0.000000000000000000e+00 7.896484136581420898e-01 4.406846165657043457e-01 4.691791534423828125e-01 5.363515019416809082e-01 3.706386685371398926e-01 4.029947519302368164e-01
4.982500076293945312e-01 3.598333299160003662e-01 6.932500004768371582e-01 8.737499713897705078e-01 3.422499895095825195e-01 8.552125096321105957e-01 5.300729274749755859e-01 4.154716134071350098e-01 7.204214334487915039e-01 7.576716542243957520e-01 3.338962495326995850e-01 6.932609677314758301e-01
9.397500157356262207e-01 6.438333392143249512e-01 5.912500023841857910e-01 3.247500061988830566e-01 5.752500295639038086e-01 5.062375068664550781e-01 9.137985706329345703e-01 4.736454188823699951e-01 4.020285010337829590e-01 3.687521517276763916e-01 5.298498868942260742e-01 2.997854053974151611e-01
9.947550892829895020e-01 2.314333245158195496e-02 2.378972470760345459e-01 9.270197749137878418e-01 9.649623036384582520e-01 0.000000000000000000e+00 9.114014506340026855e-01 1.869349628686904907e-01 6.689463257789611816e-01 7.569112777709960938e-01 9.095975756645202637e-01 2.067296067252755165e-03
5.347744226455688477e-01 7.793478369712829590e-01 8.331415057182312012e-01 7.790077924728393555e-01 5.636247992515563965e-01 0.000000000000000000e+00 5.194750428199768066e-01 7.681163549423217773e-01 6.891352534294128418e-01 8.673238754272460938e-01 5.905113220214843750e-01 1.954329945147037506e-02
2.967863976955413818e-01 9.881186485290527344e-01 6.660865247249603271e-02 5.419292449951171875e-01 9.202473759651184082e-01 0.000000000000000000e+00 3.283696472644805908e-01 9.571059942245483398e-01 1.115699857473373413e-01 5.951162576675415039e-01 9.257081747055053711e-01 2.986122563015669584e-04
2.301054745912551880e-01 9.691733121871948242e-02 6.382489800453186035e-01 7.685819864273071289e-01 3.302344679832458496e-01 0.000000000000000000e+00 1.817250251770019531e-01 1.883207857608795166e-01 6.749304533004760742e-01 8.391112089157104492e-01 3.057806193828582764e-01 4.360959399491548538e-03
1.503943800926208496e-01 1.105993315577507019e-01 5.670726299285888672e-01 1.951381713151931763e-01 2.584861814975738525e-01 0.000000000000000000e+00 1.385663896799087524e-01 1.415018290281295776e-01 5.506112575531005859e-01 1.557642668485641479e-01 2.969862818717956543e-01 7.941640913486480713e-03
9.978399612009525299e-03 8.567103147506713867e-01 9.568911194801330566e-01 3.575807213783264160e-01 9.530025720596313477e-01 0.000000000000000000e+00 8.708439022302627563e-02 6.834242939949035645e-01 6.665303111076354980e-01 1.480652093887329102e-01 9.920254349708557129e-01 1.082660071551799774e-02
6.697499752044677734e-01 2.458333373069763184e-01 1.750000054016709328e-03 1.677500009536743164e-01 2.412499934434890747e-01 8.562024831771850586e-01 6.099076867103576660e-01 2.890720069408416748e-01 7.093545794486999512e-02 1.088423058390617371e-01 2.482825666666030884e-01 7.347972393035888672e-01
5.383807420730590820e-01 1.416289955377578735e-01 1.945949974469840527e-03 3.711903095245361328e-01 5.422427058219909668e-01 0.000000000000000000e+00 5.736509561538696289e-01 2.170825004577636719e-01 2.567538619041442871e-01 2.122735232114791870e-01 5.477799773216247559e-01 4.290325641632080078e-01
1.590283811092376709e-01 7.472721934318542480e-01 7.429565787315368652e-01 6.154149770736694336e-01 3.097667396068572998e-01 0.000000000000000000e+00 7.908326387405395508e-02 7.764977812767028809e-01 7.781901359558105469e-01 7.523362636566162109e-01 3.051764965057373047e-01 3.703322028741240501e-03
9.992499947547912598e-01 2.108333259820938110e-01 4.542500078678131104e-01 9.667500257492065430e-01 7.722499966621398926e-01 5.196024775505065918e-01 8.965925574302673340e-01 2.673780024051666260e-01 7.984657883644104004e-01 7.390424609184265137e-01 7.317436337471008301e-01 4.975601732730865479e-01
9.477499723434448242e-01 2.308333367109298706e-01 1.042499989271163940e-01 3.242500126361846924e-01 1.475000008940696716e-02 7.334424853324890137e-01 7.885227799415588379e-01 2.880866527557373047e-01 1.574566364288330078e-01 2.233948707580566406e-01 5.621815100312232971e-02 5.618169307708740234e-01
9.232500195503234863e-01 2.728333473205566406e-01 2.137500047683715820e-01 5.667499899864196777e-01 4.237500131130218506e-01 1.562725007534027100e-01 9.351521134376525879e-01 4.390623569488525391e-01 3.201971054077148438e-01 4.044399261474609375e-01 4.225026667118072510e-01 1.411004215478897095e-01
8.942499756813049316e-01 6.038333177566528320e-01 5.497499704360961914e-01 4.132499992847442627e-01 4.922499954700469971e-01 4.413925111293792725e-01 9.024861454963684082e-01 4.608713090419769287e-01 5.168102979660034180e-01 2.959881126880645752e-01 4.564505517482757568e-01 2.508722543716430664e-01
4.162499904632568359e-01 3.471666574478149414e-01 4.787499904632568359e-01 3.037500083446502686e-01 8.972499966621398926e-01 8.994249999523162842e-02 4.478834569454193115e-01 4.930653870105743408e-01 6.168631911277770996e-01 3.751046657562255859e-01 8.249208927154541016e-01 3.592224791646003723e-02
7.252097129821777344e-01 4.964565038681030273e-01 4.316820204257965088e-01 5.907102674245834351e-02 3.930287063121795654e-01 0.000000000000000000e+00 6.886107921600341797e-01 4.993849694728851318e-01 3.525500893592834473e-01 1.574848890304565430e-01 4.201018810272216797e-01 4.565539956092834473e-01
3.175474405288696289e-01 9.195416420698165894e-02 4.269298911094665527e-01 3.991314172744750977e-01 3.241155445575714111e-01 0.000000000000000000e+00 3.325769603252410889e-01 2.748986780643463135e-01 6.078793406486511230e-01 2.260415554046630859e-01 3.757168650627136230e-01 3.311692923307418823e-02
5.147500038146972656e-01 7.461666464805603027e-01 4.427500069141387939e-01 2.087499946355819702e-01 4.997499883174896240e-01 3.527874946594238281e-01 5.669656991958618164e-01 7.045383453369140625e-01 3.490344285964965820e-01 2.475857138633728027e-01 5.109852552413940430e-01 2.880575656890869141e-01
1.410933732986450195e-01 8.972766995429992676e-02 2.542624771595001221e-01 8.673640489578247070e-01 9.529482722282409668e-01 0.000000000000000000e+00 2.255332022905349731e-01 2.232131212949752808e-01 6.546695232391357422e-01 6.381996870040893555e-01 9.207271933555603027e-01 1.962700486183166504e-02
3.377499878406524658e-01 3.161666691303253174e-01 6.292499899864196777e-01 8.542500138282775879e-01 1.362500041723251343e-01 4.390750080347061157e-02 3.695358932018280029e-01 3.171858489513397217e-01 6.862044334411621094e-01 7.131166458129882812e-01 1.231655552983283997e-01 2.497503347694873810e-02
8.837479948997497559e-01 9.499149769544601440e-02 6.897642463445663452e-02 7.053790092468261719e-01 6.201136112213134766e-01 0.000000000000000000e+00 7.539725303649902344e-01 1.664327681064605713e-01 4.281900525093078613e-01 6.947135329246520996e-01 6.273537278175354004e-01 1.130572333931922913e-02
4.321062564849853516e-02 9.275056719779968262e-01 9.519277811050415039e-01 6.778772473335266113e-01 6.853951811790466309e-01 0.000000000000000000e+00 4.118973389267921448e-02 7.611462473869323730e-01 6.669727563858032227e-01 5.443322062492370605e-01 6.775057315826416016e-01 8.638842962682247162e-03
5.707499980926513672e-01 2.768333256244659424e-01 2.472500056028366089e-01 4.202499985694885254e-01 6.162499785423278809e-01 6.865750253200531006e-02 5.686662793159484863e-01 3.548153936862945557e-01 3.741143941879272461e-01 3.505902588367462158e-01 5.584766268730163574e-01 1.545516550540924072e-01
8.624999970197677612e-02 7.328333258628845215e-01 8.352500200271606445e-01 5.232499837875366211e-01 8.042500019073486328e-01 1.424124985933303833e-01 1.227267235517501831e-01 6.941817998886108398e-01 7.803574800491333008e-01 5.918801426887512207e-01 8.522741198539733887e-01 1.283442229032516479e-01
3.167499899864196777e-01 7.714999914169311523e-01 3.377499878406524658e-01 3.597500026226043701e-01 8.707500100135803223e-01 7.374024987220764160e-01 4.048669338226318359e-01 5.668451786041259766e-01 2.192851155996322632e-01 3.158130645751953125e-01 9.200544953346252441e-01 7.475045919418334961e-01
9.966300129890441895e-01 6.885374784469604492e-01 3.632844090461730957e-01 1.594967544078826904e-01 2.452704757452011108e-01 0.000000000000000000e+00 8.523138165473937988e-01 5.284151434898376465e-01 3.656664490699768066e-01 3.014453649520874023e-01 2.452749162912368774e-01 6.551966816186904907e-02
1.687500029802322388e-01 6.371666789054870605e-01 9.317499995231628418e-01 7.975000143051147461e-02 8.197500109672546387e-01 5.131675004959106445e-01 1.781043410301208496e-01 5.826357603073120117e-01 7.156465649604797363e-01 2.972634732723236084e-01 8.560521006584167480e-01 3.725035786628723145e-01
3.627499938011169434e-01 5.935000181198120117e-01 5.862500071525573730e-01 1.075000036507844925e-02 5.074999853968620300e-02 5.156425237655639648e-01 3.554604053497314453e-01 3.897575736045837402e-01 3.476131856441497803e-01 9.366293251514434814e-02 8.542238175868988037e-02 3.541452586650848389e-01
9.342780709266662598e-01 1.629738360643386841e-01 5.959213376045227051e-01 9.268664121627807617e-01 3.746295869350433350e-01 0.000000000000000000e+00 9.058267474174499512e-01 2.371458560228347778e-01 7.818950414657592773e-01 8.640458583831787109e-01 3.563669919967651367e-01 7.864464074373245239e-03
3.992500007152557373e-01 4.884999990463256836e-01 2.152500003576278687e-01 9.512500166893005371e-01 1.624999940395355225e-02 1.448875069618225098e-01 4.472302198410034180e-01 4.855868518352508545e-01 3.798306286334991455e-01 6.938177943229675293e-01 5.219129845499992371e-02 8.644898235797882080e-02
5.237500071525573730e-01 5.421666502952575684e-01 4.572499990463256836e-01 7.225000113248825073e-02 6.075000017881393433e-02 4.884175062179565430e-01 5.121757984161376953e-01 4.094843566417694092e-01 3.174976408481597900e-01 1.412972360849380493e-01 8.112791925668716431e-02 4.504488408565521240e-01
2.542499899864196777e-01 5.245000123977661133e-01 5.952500104904174805e-01 8.477500081062316895e-01 5.725000053644180298e-02 4.290175139904022217e-01 2.830195724964141846e-01 5.130671858787536621e-01 5.969133973121643066e-01 7.668886184692382812e-01 9.470922499895095825e-02 1.410722434520721436e-01
1.117499992251396179e-01 3.808333277702331543e-01 1.052500009536743164e-01 5.272499918937683105e-01 7.074999809265136719e-02 1.810224950313568115e-01 1.432929486036300659e-01 3.196534216403961182e-01 1.383225917816162109e-01 4.801281094551086426e-01 6.564058363437652588e-02 6.500390917062759399e-02
9.525000303983688354e-02 5.774999856948852539e-01 1.882500052452087402e-01 4.282500147819519043e-01 5.407500267028808594e-01 2.409175038337707520e-01 1.638241112232208252e-01 6.002410650253295898e-01 2.510306835174560547e-01 4.822248518466949463e-01 5.850915312767028809e-01 7.103415578603744507e-02
9.022499918937683105e-01 2.164999991655349731e-01 8.612499833106994629e-01 5.582500100135803223e-01 6.122499704360961914e-01 6.586974859237670898e-01 8.519325852394104004e-01 2.641496360301971436e-01 8.728175163269042969e-01 5.409011840820312500e-01 5.712563395500183105e-01 5.729963183403015137e-01
9.382500052452087402e-01 3.701666593551635742e-01 8.425000309944152832e-02 3.137499988079071045e-01 5.662500262260437012e-01 4.042674899101257324e-01 8.626034259796142578e-01 3.800940215587615967e-01 2.527549266815185547e-01 2.137632817029953003e-01 5.089169144630432129e-01 1.812469363212585449e-01
6.840844154357910156e-01 6.615191698074340820e-01 9.224231839179992676e-01 5.497673153877258301e-01 6.428290158510208130e-02 0.000000000000000000e+00 7.010840177536010742e-01 4.223871231079101562e-01 5.381654500961303711e-01 7.143698930740356445e-01 5.804336443543434143e-02 1.538517768494784832e-03
2.562499940395355225e-01 6.324999928474426270e-01 7.047500014305114746e-01 3.497500121593475342e-01 2.192499935626983643e-01 1.760724931955337524e-01 2.965205013751983643e-01 6.851848959922790527e-01 7.287339568138122559e-01 3.323892951011657715e-01 2.146809399127960205e-01 2.315878868103027344e-01
9.893684834241867065e-02 5.308316946029663086e-01 6.624969840049743652e-01 1.356620788574218750e-01 1.257986277341842651e-01 0.000000000000000000e+00 4.245685786008834839e-02 4.767389595508575439e-01 5.765337347984313965e-01 2.524206340312957764e-01 1.300258189439773560e-01 8.896765299141407013e-03
8.697500228881835938e-01 5.304999947547912598e-01 9.707499742507934570e-01 6.927499771118164062e-01 5.352500081062316895e-01 6.816250085830688477e-02 8.970128893852233887e-01 3.613343238830566406e-01 7.490875720977783203e-01 7.406504154205322266e-01 5.055606365203857422e-01 2.597902417182922363e-01
5.858947336673736572e-02 9.238215088844299316e-01 4.362717270851135254e-01 9.760951399803161621e-01 4.485224485397338867e-01 0.000000000000000000e+00 2.130916342139244080e-02 8.767241239547729492e-01 3.182670772075653076e-01 9.245916008949279785e-01 3.421927690505981445e-01 1.176980076706968248e-04
3.857499957084655762e-01 8.264999985694885254e-01 8.447499871253967285e-01 1.167500019073486328e-01 1.217499971389770508e-01 5.389075279235839844e-01 4.294715225696563721e-01 6.846286654472351074e-01 6.701143980026245117e-01 1.169979274272918701e-01 1.669098734855651855e-01 3.635165989398956299e-01
5.807499885559082031e-01 3.148333430290222168e-01 5.957499742507934570e-01 1.624999940395355225e-02 9.624999761581420898e-02 6.359274983406066895e-01 5.437359809875488281e-01 2.699759602546691895e-01 5.020324587821960449e-01 1.141815260052680969e-01 8.782783150672912598e-02 6.071278452873229980e-01
8.874999731779098511e-02 5.541666746139526367e-01 6.437500119209289551e-01 8.057500123977661133e-01 3.427500128746032715e-01 7.666075229644775391e-01 7.320113480091094971e-02 5.918341875076293945e-01 7.472326159477233887e-01 8.900377154350280762e-01 3.737833201885223389e-01 7.724227905273437500e-01
8.110523223876953125e-01 2.506333403289318085e-02 8.194037079811096191e-01 5.249916911125183105e-01 3.969953060150146484e-01 0.000000000000000000e+00 7.730401158332824707e-01 2.240504473447799683e-01 8.598313331604003906e-01 7.302933335304260254e-01 4.246668517589569092e-01 1.895295679569244385e-01
5.922499895095825195e-01 3.555000126361846924e-01 8.552500009536743164e-01 7.402499914169311523e-01 2.752499878406524658e-01 4.394125044345855713e-01 6.317406892776489258e-01 3.375167548656463623e-01 6.897664070129394531e-01 7.217056155204772949e-01 2.803367972373962402e-01 3.963575065135955811e-01
2.225000038743019104e-02 6.468333601951599121e-01 7.072499990463256836e-01 3.307499885559082031e-01 7.882500290870666504e-01 4.399074912071228027e-01 1.059442684054374695e-01 6.000378131866455078e-01 6.152294874191284180e-01 3.720635771751403809e-01 9.524747729301452637e-01 5.008773207664489746e-01
9.797565937042236328e-01 4.857531785964965820e-01 5.249174237251281738e-01 6.670719981193542480e-01 4.684277176856994629e-01 0.000000000000000000e+00 8.769027590751647949e-01 5.473641753196716309e-01 5.796197652816772461e-01 8.285028338432312012e-01 4.810496866703033447e-01 1.382883042097091675e-01
9.947500228881835938e-01 4.358333349227905273e-01 7.782499790191650391e-01 2.212499976158142090e-01 7.252500057220458984e-01 2.983374893665313721e-01 9.170574545860290527e-01 3.820517659187316895e-01 7.069363594055175781e-01 3.048827946186065674e-01 6.951642036437988281e-01 3.712680041790008545e-01
4.162499904632568359e-01 3.471666574478149414e-01 4.787499904632568359e-01 3.037500083446502686e-01 8.972499966621398926e-01 8.994249999523162842e-02 4.478834569454193115e-01 4.930653870105743408e-01 6.168631911277770996e-01 3.751046657562255859e-01 8.249208927154541016e-01 3.592224791646003723e-02
1.912499964237213135e-01 2.818333208560943604e-01 2.477499991655349731e-01 2.682499885559082031e-01 9.972500205039978027e-01 6.453325152397155762e-01 2.354081422090530396e-01 3.865175545215606689e-01 3.076301813125610352e-01 2.760043740272521973e-01 9.336829185485839844e-01 7.634899020195007324e-01
7.262499928474426270e-01 3.008333444595336914e-01 2.924999967217445374e-02 6.517500281333923340e-01 3.974999859929084778e-02 5.527675151824951172e-01 7.160735130310058594e-01 3.410753011703491211e-01 1.610923111438751221e-01 3.639582097530364990e-01 6.532166153192520142e-02 4.124349355697631836e-01
7.777500152587890625e-01 5.548333525657653809e-01 2.002499997615814209e-01 6.624999642372131348e-02 9.717500209808349609e-01 1.671624928712844849e-01 7.108059525489807129e-01 5.903583765029907227e-01 3.090594708919525146e-01 2.386432141065597534e-01 9.117770791053771973e-01 6.364452093839645386e-02
4.809302389621734619e-01 3.095296621322631836e-01 3.946012631058692932e-02 3.064999282360076904e-01 7.918032407760620117e-01 0.000000000000000000e+00 4.905961155891418457e-01 2.974506616592407227e-01 3.822237551212310791e-01 1.189487427473068237e-01 8.206171393394470215e-01 2.867172472178936005e-02
1.612124964594841003e-02 8.683238625526428223e-01 5.619220137596130371e-01 5.268286466598510742e-01 1.883033215999603271e-01 0.000000000000000000e+00 1.123775541782379150e-02 8.494164347648620605e-01 5.761106610298156738e-01 4.177993237972259521e-01 1.846819669008255005e-01 1.588637242093682289e-04
7.279666066169738770e-01 2.115554958581924438e-01 3.854945302009582520e-01 1.527375727891921997e-01 4.602438509464263916e-01 0.000000000000000000e+00 6.508097052574157715e-01 1.935465484857559204e-01 3.799549043178558350e-01 2.941685020923614502e-01 4.747748970985412598e-01 4.696074128150939941e-02
6.727500003762543201e-04 3.008881807327270508e-01 1.847850042395293713e-03 2.242622524499893188e-02 8.625592589378356934e-01 0.000000000000000000e+00 1.511201411485671997e-01 6.454535722732543945e-01 3.601621687412261963e-01 1.766089200973510742e-01 9.792580008506774902e-01 2.303337007761001587e-01
9.939075112342834473e-01 3.374036550521850586e-01 1.245800033211708069e-01 8.545477986335754395e-01 3.676518797874450684e-01 0.000000000000000000e+00 8.076688051223754883e-01 3.998415172100067139e-01 5.356969237327575684e-01 7.805963158607482910e-01 3.639688193798065186e-01 2.140410058200359344e-02
9.022499918937683105e-01 2.164999991655349731e-01 8.612499833106994629e-01 5.582500100135803223e-01 6.122499704360961914e-01 6.586974859237670898e-01 8.519325852394104004e-01 2.641496360301971436e-01 8.728175163269042969e-01 5.409011840820312500e-01 5.712563395500183105e-01 5.729963183403015137e-01
5.397499799728393555e-01 4.061666727066040039e-01 6.297500133514404297e-01 3.267500102519989014e-01 3.487499952316284180e-01 6.667750328779220581e-02 5.134570598602294922e-01 3.391878604888916016e-01 7.312530875205993652e-01 2.506108582019805908e-01 3.439629375934600830e-01 9.265497326850891113e-02
2.594854831695556641e-01 3.774291574954986572e-01 4.797795712947845459e-01 9.314787387847900391e-01 2.567547559738159180e-01 0.000000000000000000e+00 2.504262030124664307e-01 4.613166749477386475e-01 7.131010890007019043e-01 8.837374448776245117e-01 2.571069598197937012e-01 3.869074210524559021e-02
5.182499885559082031e-01 2.278333306312561035e-01 1.567499935626983643e-01 8.647500276565551758e-01 6.932500004768371582e-01 1.503324955701828003e-01 5.337730646133422852e-01 2.093676924705505371e-01 2.406709492206573486e-01 7.912842631340026855e-01 6.411154866218566895e-01 3.932426869869232178e-02
6.661542654037475586e-01 1.925158351659774780e-01 7.631503939628601074e-01 1.320504955947399139e-02 1.616541445255279541e-01 0.000000000000000000e+00 6.400369405746459961e-01 2.068650722503662109e-01 5.843797922134399414e-01 2.339118868112564087e-01 1.468384861946105957e-01 2.637853622436523438e-01
1.299390494823455811e-01 6.816676855087280273e-01 7.936831116676330566e-01 4.727561473846435547e-01 9.189565181732177734e-01 0.000000000000000000e+00 1.316234916448593140e-01 6.084606051445007324e-01 7.054787278175354004e-01 5.453647971153259277e-01 8.975343108177185059e-01 3.263403475284576416e-02
8.218627572059631348e-01 1.909749954938888550e-01 9.729057550430297852e-01 9.835485219955444336e-01 9.698737859725952148e-01 0.000000000000000000e+00 8.798356056213378906e-01 1.738825440406799316e-01 9.322446584701538086e-01 8.943471908569335938e-01 9.128912687301635742e-01 4.507584031671285629e-03
6.818647384643554688e-01 3.372948467731475830e-01 6.944408416748046875e-01 8.217337727546691895e-01 6.150277331471443176e-02 0.000000000000000000e+00 7.538740038871765137e-01 2.793432772159576416e-01 6.489523053169250488e-01 7.021646499633789062e-01 7.349482178688049316e-02 5.437626503407955170e-03
1.085057482123374939e-02 6.770746707916259766e-01 8.960077166557312012e-01 1.824519783258438110e-01 3.933699801564216614e-03 0.000000000000000000e+00 3.952856641262769699e-03 6.806608438491821289e-01 9.259232282638549805e-01 1.814838647842407227e-01 4.659283906221389771e-02 3.827264008577913046e-04
9.250000119209289551e-03 6.671666502952575684e-01 8.472499847412109375e-01 4.362500011920928955e-01 1.627500057220458984e-01 2.226025015115737915e-01 3.831953927874565125e-02 6.460757851600646973e-01 7.364414334297180176e-01 5.001575350761413574e-01 2.519518136978149414e-01 5.081805586814880371e-02
6.110392212867736816e-01 2.457990050315856934e-01 7.080356478691101074e-01 9.125527143478393555e-01 5.699502676725387573e-02 0.000000000000000000e+00 7.187937498092651367e-01 2.562078833580017090e-01 7.030176520347595215e-01 7.812507748603820801e-01 6.259877979755401611e-02 1.709482632577419281e-03
8.235841989517211914e-01 8.418506383895874023e-01 4.944935739040374756e-01 7.822074294090270996e-01 7.075049914419651031e-03 0.000000000000000000e+00 8.668972849845886230e-01 8.465899825096130371e-01 4.952585399150848389e-01 6.261479258537292480e-01 2.912416309118270874e-02 7.475435995729640126e-05
1.927301436662673950e-01 8.795545101165771484e-01 8.618885278701782227e-02 5.868036746978759766e-01 7.600958943367004395e-01 0.000000000000000000e+00 2.027561962604522705e-01 9.345219135284423828e-01 9.823743999004364014e-02 6.779573559761047363e-01 7.834604978561401367e-01 4.314474062994122505e-04
7.753055095672607422e-01 6.614631414413452148e-01 3.979968726634979248e-01 6.711735725402832031e-01 8.655117750167846680e-01 0.000000000000000000e+00 8.059124946594238281e-01 6.443806290626525879e-01 4.730111658573150635e-01 5.784109234809875488e-01 8.874524831771850586e-01 2.299355156719684601e-02
3.186056911945343018e-01 5.354290008544921875e-01 3.599792346358299255e-02 5.303654670715332031e-01 4.351224005222320557e-01 0.000000000000000000e+00 4.062607288360595703e-01 7.672490477561950684e-01 1.763108521699905396e-01 3.627410233020782471e-01 4.467735290527343750e-01 2.103984504938125610e-01
9.392499923706054688e-01 3.638333380222320557e-01 9.022499918937683105e-01 4.647499918937683105e-01 7.072499990463256836e-01 7.735375165939331055e-01 9.055652618408203125e-01 3.301006853580474854e-01 8.047861456871032715e-01 5.181873440742492676e-01 7.206266522407531738e-01 7.589353322982788086e-01
9.242500066757202148e-01 5.005000233650207520e-01 6.162499785423278809e-01 5.257499814033508301e-01 7.982500195503234863e-01 2.864575088024139404e-01 8.945537209510803223e-01 3.120778799057006836e-01 5.938156247138977051e-01 5.096411108970642090e-01 7.779652476310729980e-01 1.305199265480041504e-01
8.144327998161315918e-01 4.711889922618865967e-01 1.889361441135406494e-01 7.103475183248519897e-02 4.387933611869812012e-01 0.000000000000000000e+00 8.326762914657592773e-01 7.114427089691162109e-01 1.689760386943817139e-01 1.407999545335769653e-01 4.706684052944183350e-01 5.910084769129753113e-02
5.507500171661376953e-01 3.238333463668823242e-01 8.967499732971191406e-01 2.862499952316284180e-01 4.297499954700469971e-01 5.097025036811828613e-01 5.993356704711914062e-01 3.244472742080688477e-01 7.947292923927307129e-01 2.608397901058197021e-01 4.360183775424957275e-01 4.783624410629272461e-01
6.492499709129333496e-01 7.601666450500488281e-01 4.250000230967998505e-03 4.437499940395355225e-01 9.767500162124633789e-01 4.626775085926055908e-01 5.923618674278259277e-01 6.806351542472839355e-01 1.599287092685699463e-01 6.362400650978088379e-01 9.404974579811096191e-01 4.523018002510070801e-01
1.695181429386138916e-01 5.397799983620643616e-02 7.394127249717712402e-01 2.536891102790832520e-01 6.360855102539062500e-01 0.000000000000000000e+00 1.796658635139465332e-01 1.179312989115715027e-01 7.006995677947998047e-01 2.809249460697174072e-01 6.488682031631469727e-01 1.303388085216283798e-02
4.392499923706054688e-01 7.818333506584167480e-01 6.822500228881835938e-01 7.642499804496765137e-01 5.087500214576721191e-01 1.226124987006187439e-01 4.661338329315185547e-01 6.509457826614379883e-01 6.223886609077453613e-01 7.113295793533325195e-01 5.058946013450622559e-01 1.578624546527862549e-01
7.467618584632873535e-01 7.222576737403869629e-01 6.278952360153198242e-01 6.369887590408325195e-01 2.037489973008632660e-02 0.000000000000000000e+00 7.307232618331909180e-01 5.780822634696960449e-01 4.928795099258422852e-01 6.946865320205688477e-01 4.271370545029640198e-02 9.401024435646831989e-04
3.544427156448364258e-01 3.339389860630035400e-01 5.579780340194702148e-01 5.920838117599487305e-01 6.350732445716857910e-01 0.000000000000000000e+00 3.737650513648986816e-01 3.997178971767425537e-01 7.334104776382446289e-01 5.475697517395019531e-01 6.302306652069091797e-01 1.445090770721435547e-02
1.864756792783737183e-01 4.848288297653198242e-01 1.357013434171676636e-01 6.019451618194580078e-01 8.045922517776489258e-01 0.000000000000000000e+00 2.595145404338836670e-01 7.110146880149841309e-01 3.907569944858551025e-01 4.600754380226135254e-01 8.001786470413208008e-01 5.261649191379547119e-02
8.207499980926513672e-01 3.451666533946990967e-01 3.482500016689300537e-01 8.142499923706054688e-01 9.872499704360961914e-01 8.487774729728698730e-01 7.712945938110351562e-01 2.613096833229064941e-01 2.934629321098327637e-01 8.433569669723510742e-01 9.399741888046264648e-01 5.867178440093994141e-01
7.812500000000000000e-01 1.751666665077209473e-01 3.517499864101409912e-01 4.552499949932098389e-01 5.249999929219484329e-03 9.754974842071533203e-01 7.039071321487426758e-01 2.359801679849624634e-01 3.385269343852996826e-01 2.800542116165161133e-01 4.279363155364990234e-02 7.499428987503051758e-01
7.415388822555541992e-01 9.491593241691589355e-01 1.610819995403289795e-01 1.048060730099678040e-01 1.807884573936462402e-01 0.000000000000000000e+00 7.247759699821472168e-01 7.075355648994445801e-01 6.774403899908065796e-02 8.517527580261230469e-02 1.884537041187286377e-01 2.728047966957092285e-02
6.132500171661376953e-01 4.048333466053009033e-01 4.632500112056732178e-01 7.622500061988830566e-01 1.612499952316284180e-01 7.913575172424316406e-01 5.883642435073852539e-01 4.460829794406890869e-01 4.401891827583312988e-01 6.531751751899719238e-01 1.447360068559646606e-01 6.261346936225891113e-01
9.917500019073486328e-01 1.704999953508377075e-01 3.627499938011169434e-01 4.262500107288360596e-01 4.727500081062316895e-01 2.275525033473968506e-01 9.386616349220275879e-01 3.411787748336791992e-01 4.526846706867218018e-01 3.164744973182678223e-01 4.438300430774688721e-01 9.342946112155914307e-02
6.191256642341613770e-01 3.119321763515472412e-01 7.745572328567504883e-01 5.170548558235168457e-01 8.445796966552734375e-01 0.000000000000000000e+00 7.533936500549316406e-01 2.141302675008773804e-01 5.207687616348266602e-01 6.246312856674194336e-01 8.663436174392700195e-01 2.664439147338271141e-03
8.470542430877685547e-01 5.603143572807312012e-01 2.989039942622184753e-02 1.839319989085197449e-02 7.052729725837707520e-01 0.000000000000000000e+00 8.525112271308898926e-01 6.864475607872009277e-01 9.225358814001083374e-02 7.659743726253509521e-02 7.263730168342590332e-01 1.448373217135667801e-02
6.583192348480224609e-01 8.261550068855285645e-01 4.005639255046844482e-01 4.698840081691741943e-01 3.430368304252624512e-01 0.000000000000000000e+00 6.065774559974670410e-01 7.216996550559997559e-01 2.705251276493072510e-01 6.820666193962097168e-01 3.237551748752593994e-01 2.532851397991180420e-01
5.510343313217163086e-01 5.150920152664184570e-01 5.282002687454223633e-01 6.846172809600830078e-01 6.758956313133239746e-01 0.000000000000000000e+00 4.757077097892761230e-01 5.906236767768859863e-01 7.625997662544250488e-01 7.519308328628540039e-01 6.920460462570190430e-01 2.395489960908889771e-01
4.982500076293945312e-01 3.598333299160003662e-01 6.932500004768371582e-01 8.737499713897705078e-01 3.422499895095825195e-01 8.552125096321105957e-01 5.300729274749755859e-01 4.154716134071350098e-01 7.204214334487915039e-01 7.576716542243957520e-01 3.338962495326995850e-01 6.932609677314758301e-01
4.306537508964538574e-01 7.542253136634826660e-01 7.457005381584167480e-01 8.294911980628967285e-01 2.491653561592102051e-01 0.000000000000000000e+00 4.675163626670837402e-01 6.625136137008666992e-01 5.555936098098754883e-01 7.967014908790588379e-01 2.052086591720581055e-01 1.507678180932998657e-01
1.832499951124191284e-01 1.901666671037673950e-01 9.902499914169311523e-01 3.447499871253967285e-01 4.292500019073486328e-01 1.518175005912780762e-01 2.162429690361022949e-01 2.372552156448364258e-01 8.544010519981384277e-01 3.605141639709472656e-01 3.670622110366821289e-01 8.060119114816188812e-03
5.812565088272094727e-01 5.481481552124023438e-01 3.001672327518463135e-01 7.627131342887878418e-01 1.665900051593780518e-01 0.000000000000000000e+00 6.046336889266967773e-01 5.775733590126037598e-01 3.779984414577484131e-01 6.275776028633117676e-01 1.303118467330932617e-01 5.562157928943634033e-02
4.534086585044860840e-01 4.530040025711059570e-01 5.160615444183349609e-01 7.578579783439636230e-01 3.871478140354156494e-01 0.000000000000000000e+00 4.090714156627655029e-01 3.712128698825836182e-01 6.249698400497436523e-01 7.914397716522216797e-01 4.075467586517333984e-01 1.289289295673370361e-01
5.707499980926513672e-01 2.768333256244659424e-01 2.472500056028366089e-01 4.202499985694885254e-01 6.162499785423278809e-01 6.865750253200531006e-02 5.686662793159484863e-01 3.548153936862945557e-01 3.741143941879272461e-01 3.505902588367462158e-01 5.584766268730163574e-01 1.545516550540924072e-01
2.079225182533264160e-01 1.985881626605987549e-01 7.502229809761047363e-01 2.632046937942504883e-01 7.063987851142883301e-01 0.000000000000000000e+00 1.828270107507705688e-01 1.212673261761665344e-01 7.578675150871276855e-01 3.049667179584503174e-01 7.000702619552612305e-01 5.162996239960193634e-04
2.711475081741809845e-02 1.665096729993820190e-01 7.788210511207580566e-01 9.614503979682922363e-01 2.912884950637817383e-02 0.000000000000000000e+00 5.922443792223930359e-02 1.866427063941955566e-01 8.211397528648376465e-01 7.093382477760314941e-01 6.046842783689498901e-02 1.142147157224826515e-04
5.910990238189697266e-01 5.314033478498458862e-02 5.638347864151000977e-01 3.408569991588592529e-01 8.325753808021545410e-01 0.000000000000000000e+00 5.902997851371765137e-01 1.820677518844604492e-01 6.055483222007751465e-01 5.249686837196350098e-01 8.276858925819396973e-01 3.792386734858155251e-03
1.688352972269058228e-01 1.114671677350997925e-01 5.282322764396667480e-01 4.432798624038696289e-01 1.954801231622695923e-01 0.000000000000000000e+00 1.259128451347351074e-01 2.007565945386886597e-01 7.151706814765930176e-01 3.524447381496429443e-01 1.982668340206146240e-01 2.933176793158054352e-02
4.377500116825103760e-01 3.538333475589752197e-01 5.725000053644180298e-02 3.642500042915344238e-01 2.675000019371509552e-02 4.453524947166442871e-01 4.746939837932586670e-01 3.837721943855285645e-01 1.536516696214675903e-01 2.463648319244384766e-01 5.387569591403007507e-02 2.913646399974822998e-01
4.263843894004821777e-01 8.090531826019287109e-01 2.360068261623382568e-01 5.633959770202636719e-01 4.260073304176330566e-01 0.000000000000000000e+00 4.032948613166809082e-01 7.477065324783325195e-01 2.753806412220001221e-01 6.275733113288879395e-01 4.109483063220977783e-01 2.571566104888916016e-01
3.728604614734649658e-01 7.834101915359497070e-01 2.128076702356338501e-01 4.460771381855010986e-01 8.820706605911254883e-01 0.000000000000000000e+00 3.844782412052154541e-01 8.614960312843322754e-01 3.695392608642578125e-01 4.740425050258636475e-01 8.913409709930419922e-01 1.534365583211183548e-02
2.953494787216186523e-01 9.729636907577514648e-01 5.268294215202331543e-01 8.780496120452880859e-01 5.697163343429565430e-01 0.000000000000000000e+00 2.476736605167388916e-01 8.875373601913452148e-01 4.506087303161621094e-01 9.155713915824890137e-01 5.405256152153015137e-01 2.162556396797299385e-03
1.502500027418136597e-01 6.945000290870666504e-01 7.067499756813049316e-01 2.177499979734420776e-01 9.425000101327896118e-02 7.354224920272827148e-01 1.282990127801895142e-01 6.927685141563415527e-01 6.740802526473999023e-01 2.438048124313354492e-01 1.419385075569152832e-01 7.704850435256958008e-01
8.477500081062316895e-01 6.428333520889282227e-01 2.902500033378601074e-01 9.562500119209289551e-01 7.402499914169311523e-01 1.780524998903274536e-01 8.575082421302795410e-01 6.321749091148376465e-01 3.739635646343231201e-01 8.284835219383239746e-01 7.123256325721740723e-01 4.006420075893402100e-02
9.525000303983688354e-02 5.774999856948852539e-01 1.882500052452087402e-01 4.282500147819519043e-01 5.407500267028808594e-01 2.409175038337707520e-01 1.638241112232208252e-01 6.002410650253295898e-01 2.510306835174560547e-01 4.822248518466949463e-01 5.850915312767028809e-01 7.103415578603744507e-02
7.669539451599121094e-01 2.680324912071228027e-01 1.966638714075088501e-01 4.681768119335174561e-01 5.851507186889648438e-01 0.000000000000000000e+00 6.940582990646362305e-01 4.795343875885009766e-01 4.640434384346008301e-01 3.730732798576354980e-01 5.854516029357910156e-01 1.540215462446212769e-01
5.397499799728393555e-01 4.061666727066040039e-01 6.297500133514404297e-01 3.267500102519989014e-01 3.487499952316284180e-01 6.667750328779220581e-02 5.134570598602294922e-01 3.391878604888916016e-01 7.312530875205993652e-01 2.506108582019805908e-01 3.439629375934600830e-01 9.265497326850891113e-02
5.432500243186950684e-01 4.318333268165588379e-01 2.807500064373016357e-01 1.127500012516975403e-01 6.707500219345092773e-01 2.117124944925308228e-01 5.150440931320190430e-01 4.254507720470428467e-01 4.108425676822662354e-01 1.970062255859375000e-01 6.306949257850646973e-01 1.537891626358032227e-01
8.281154632568359375e-01 6.533380150794982910e-01 4.902095198631286621e-01 2.763429880142211914e-01 7.002606391906738281e-01 0.000000000000000000e+00 8.516161441802978516e-01 5.385339260101318359e-01 2.685419917106628418e-01 4.009090363979339600e-01 7.178215384483337402e-01 7.811354100704193115e-02
7.852854132652282715e-01 5.437974929809570312e-01 1.405118703842163086e-01 6.916261911392211914e-01 8.204960823059082031e-01 0.000000000000000000e+00 8.538237214088439941e-01 6.945334076881408691e-01 3.971583247184753418e-01 4.055798351764678955e-01 8.476182222366333008e-01 1.031004730612039566e-02
9.322500228881835938e-01 6.085000038146972656e-01 8.602499961853027344e-01 9.147499799728393555e-01 2.832500040531158447e-01 8.962975144386291504e-01 9.468728303909301758e-01 4.497860968112945557e-01 6.645458936691284180e-01 7.887462973594665527e-01 3.092320263385772705e-01 6.337678432464599609e-01
7.568354010581970215e-01 3.704304993152618408e-01 9.434895515441894531e-01 8.726505041122436523e-01 5.784329771995544434e-01 0.000000000000000000e+00 8.294024467468261719e-01 2.137351334095001221e-01 8.058310747146606445e-01 8.542175889015197754e-01 5.466144084930419922e-01 2.037409320473670959e-02
3.167499899864196777e-01 7.714999914169311523e-01 3.377499878406524658e-01 3.597500026226043701e-01 8.707500100135803223e-01 7.374024987220764160e-01 4.048669338226318359e-01 5.668451786041259766e-01 2.192851155996322632e-01 3.158130645751953125e-01 9.200544953346252441e-01 7.475045919418334961e-01
6.098022684454917908e-02 9.168800115585327148e-01 4.914691746234893799e-01 9.259174577891826630e-03 1.979908198118209839e-01 0.000000000000000000e+00 3.343125432729721069e-02 7.797076702117919922e-01 2.941635251045227051e-01 1.473172903060913086e-01 1.577178090810775757e-01 4.213428590446710587e-03
2.282876968383789062e-01 7.855771780014038086e-01 4.249383211135864258e-01 8.289149403572082520e-01 7.709525823593139648e-01 0.000000000000000000e+00 2.113205194473266602e-01 8.005409836769104004e-01 4.444221258163452148e-01 8.693761825561523438e-01 7.573081851005554199e-01 2.730602584779262543e-02
3.150576353073120117e-01 6.553418040275573730e-01 6.074017882347106934e-01 7.884014844894409180e-01 8.807570338249206543e-01 0.000000000000000000e+00 3.521499335765838623e-01 7.381753325462341309e-01 6.541150212287902832e-01 7.480544447898864746e-01 8.621352910995483398e-01 7.285717874765396118e-03
3.377499878406524658e-01 3.161666691303253174e-01 6.292499899864196777e-01 8.542500138282775879e-01 1.362500041723251343e-01 4.390750080347061157e-02 3.695358932018280029e-01 3.171858489513397217e-01 6.862044334411621094e-01 7.131166458129882812e-01 1.231655552983283997e-01 2.497503347694873810e-02
2.130403071641921997e-01 7.538406848907470703e-01 6.046638488769531250e-01 7.817583084106445312e-01 7.653055191040039062e-01 0.000000000000000000e+00 1.969775706529617310e-01 7.589602470397949219e-01 5.860353112220764160e-01 7.377210259437561035e-01 7.064994573593139648e-01 1.520430762320756912e-02
1.992499977350234985e-01 3.591666519641876221e-01 9.657499790191650391e-01 3.250000067055225372e-03 8.375000208616256714e-02 1.830025017261505127e-01 1.639484316110610962e-01 3.061218261718750000e-01 8.325403928756713867e-01 8.396317809820175171e-02 1.047280281782150269e-01 6.440538167953491211e-02
3.122499883174896240e-01 2.651666700839996338e-01 5.387499928474426270e-01 6.875000149011611938e-02 8.587499856948852539e-01 9.779725074768066406e-01 2.625240981578826904e-01 3.270903825759887695e-01 5.442534685134887695e-01 1.768438816070556641e-01 8.396161794662475586e-01 8.490991592407226562e-01
9.038134217262268066e-01 6.256254911422729492e-01 6.076961755752563477e-01 7.663932442665100098e-02 5.236064791679382324e-01 0.000000000000000000e+00 8.313984274864196777e-01 6.812721490859985352e-01 4.286569058895111084e-01 2.722824513912200928e-01 5.265194773674011230e-01 4.060489684343338013e-02
9.322500228881835938e-01 6.085000038146972656e-01 8.602499961853027344e-01 9.147499799728393555e-01 2.832500040531158447e-01 8.962975144386291504e-01 9.468728303909301758e-01 4.497860968112945557e-01 6.645458936691284180e-01 7.887462973594665527e-01 3.092320263385772705e-01 6.337678432464599609e-01
6.872500181198120117e-01 1.895000040531158447e-01 7.222499847412109375e-01 8.382499814033508301e-01 9.427499771118164062e-01 2.389374971389770508e-01 8.024852871894836426e-01 2.315070480108261108e-01 6.917108297348022461e-01 6.877470016479492188e-01 8.611139655113220215e-01 9.056098759174346924e-02
7.357500195503234863e-01 6.741666793823242188e-01 3.927499949932098389e-01 8.432499766349792480e-01 2.797499895095825195e-01 8.111575245857238770e-01 7.535843849182128906e-01 6.490337252616882324e-01 4.127372503280639648e-01 6.666564941406250000e-01 2.629010975360870361e-01 4.596388638019561768e-01
5.172675251960754395e-01 1.429583281278610229e-01 8.761697262525558472e-02 1.231698021292686462e-01 9.803267121315002441e-01 0.000000000000000000e+00 5.327334403991699219e-01 3.004302680492401123e-01 3.885017037391662598e-01 1.115399152040481567e-01 9.560448527336120605e-01 3.337282314896583557e-02
3.857499957084655762e-01 8.264999985694885254e-01 8.447499871253967285e-01 1.167500019073486328e-01 1.217499971389770508e-01 5.389075279235839844e-01 4.294715225696563721e-01 6.846286654472351074e-01 6.701143980026245117e-01 1.169979274272918701e-01 1.669098734855651855e-01 3.635165989398956299e-01
6.794481277465820312e-01 3.660198450088500977e-01 6.429616808891296387e-01 9.853849411010742188e-01 1.531449556350708008e-01 0.000000000000000000e+00 7.056844830513000488e-01 2.662374675273895264e-01 7.025932073593139648e-01 8.116339445114135742e-01 1.347631961107254028e-01 9.033006615936756134e-03
8.042500019073486328e-01 3.201666772365570068e-01 9.007499814033508301e-01 2.692500054836273193e-01 5.424999818205833435e-02 4.606975018978118896e-01 8.678379058837890625e-01 3.672893941402435303e-01 6.254293322563171387e-01 3.013196289539337158e-01 7.280419021844863892e-02 4.244548976421356201e-01
6.202499866485595703e-01 6.754999756813049316e-01 3.052499890327453613e-01 7.287499904632568359e-01 2.812500000000000000e-01 8.958024978637695312e-01 5.972625613212585449e-01 6.201869845390319824e-01 3.605010807514190674e-01 4.429253637790679932e-01 2.934806048870086670e-01 5.614109635353088379e-01
2.607499957084655762e-01 3.608333468437194824e-01 9.957500100135803223e-01 7.667499780654907227e-01 4.282500147819519043e-01 1.790425032377243042e-01 2.819273769855499268e-01 2.720824182033538818e-01 8.094125390052795410e-01 7.502388358116149902e-01 4.166484773159027100e-01 1.023562345653772354e-02
3.627759516239166260e-01 3.934253454208374023e-01 9.887663722038269043e-01 2.260797470808029175e-01 6.655945777893066406e-01 0.000000000000000000e+00 3.473802506923675537e-01 1.790508478879928589e-01 6.099425554275512695e-01 4.176028966903686523e-01 6.819282770156860352e-01 5.150918662548065186e-02
2.517499923706054688e-01 6.198333501815795898e-01 4.977500140666961670e-01 7.227500081062316895e-01 5.952500104904174805e-01 5.230674743652343750e-01 2.859182953834533691e-01 6.863850355148315430e-01 5.645316839218139648e-01 8.158869147300720215e-01 5.692577958106994629e-01 5.790106058120727539e-01
1.197500005364418030e-01 7.655000090599060059e-01 3.937500119209289551e-01 4.627499878406524658e-01 2.425000071525573730e-02 7.378975152969360352e-01 9.964413195848464966e-02 5.916739106178283691e-01 2.176861464977264404e-01 4.079109430313110352e-01 1.305729895830154419e-01 7.010769248008728027e-01
1.152499988675117493e-01 6.201666593551635742e-01 2.342499941587448120e-01 6.475000083446502686e-02 4.577499926090240479e-01 2.765575051307678223e-01 1.637022197246551514e-01 4.970691204071044922e-01 2.194032967090606689e-01 2.259247303009033203e-01 5.764773488044738770e-01 2.857092022895812988e-01
3.135683834552764893e-01 1.792911738157272339e-01 3.227819204330444336e-01 4.522843956947326660e-01 2.127286195755004883e-01 0.000000000000000000e+00 2.668684124946594238e-01 2.732976377010345459e-01 4.816893339157104492e-01 4.205392897129058838e-01 2.298348546028137207e-01 1.372548341751098633e-01
8.377500176429748535e-01 7.304999828338623047e-01 8.007500171661376953e-01 3.725000098347663879e-02 3.237499892711639404e-01 1.438975036144256592e-01 8.658362030982971191e-01 4.317946135997772217e-01 4.361982643604278564e-01 1.675456613302230835e-01 3.662143349647521973e-01 2.195037901401519775e-01
9.161805510520935059e-01 8.035218119621276855e-01 7.650212049484252930e-01 8.554050922393798828e-01 8.463123440742492676e-01 0.000000000000000000e+00 9.091949462890625000e-01 7.343469262123107910e-01 6.887549757957458496e-01 8.706010580062866211e-01 8.659830689430236816e-01 4.230175167322158813e-03
9.448421597480773926e-01 2.000540047883987427e-01 8.412823677062988281e-01 6.737433671951293945e-01 7.044734805822372437e-02 0.000000000000000000e+00 9.118812680244445801e-01 3.030056953430175781e-01 7.479504346847534180e-01 8.293004631996154785e-01 6.211011484265327454e-02 2.939860132755711675e-05
1.452191025018692017e-01 6.891199946403503418e-01 3.527673482894897461e-01 4.771548509597778320e-01 3.721880167722702026e-02 0.000000000000000000e+00 7.507815957069396973e-02 6.889265179634094238e-01 2.982161045074462891e-01 5.115367770195007324e-01 5.859928578138351440e-02 3.217920428141951561e-03
2.211609035730361938e-01 6.291461586952209473e-01 2.947899978607892990e-03 8.210307359695434570e-02 4.253296554088592529e-01 0.000000000000000000e+00 2.519032061100006104e-01 8.310224413871765137e-01 1.001844480633735657e-01 1.367617994546890259e-01 4.462341666221618652e-01 2.517570275813341141e-03
2.152500003576278687e-01 8.138333559036254883e-01 9.817500114440917969e-01 6.437500119209289551e-01 5.357499718666076660e-01 7.557175159454345703e-01 2.178333252668380737e-01 7.075584530830383301e-01 7.699668407440185547e-01 7.264779210090637207e-01 5.400176048278808594e-01 7.966716289520263672e-01
7.657499909400939941e-01 6.545000076293945312e-01 7.587500214576721191e-01 7.607499957084655762e-01 2.025000005960464478e-02 9.007524847984313965e-01 8.063972592353820801e-01 4.096532762050628662e-01 6.137996912002563477e-01 4.487319588661193848e-01 7.342093437910079956e-02 3.265517354011535645e-01
9.418051838874816895e-01 4.346333444118499756e-01 2.419872581958770752e-02 2.374822199344635010e-01 5.546315312385559082e-01 0.000000000000000000e+00 8.658360838890075684e-01 2.605144977569580078e-01 1.726529151201248169e-01 1.533983945846557617e-01 5.320233106613159180e-01 1.194859817624092102e-01
2.011366933584213257e-01 2.878843247890472412e-01 5.616015195846557617e-01 4.627489447593688965e-01 4.145735502243041992e-01 0.000000000000000000e+00 2.322808653116226196e-01 4.229159057140350342e-01 6.740421056747436523e-01 3.335892856121063232e-01 4.203516542911529541e-01 2.304200083017349243e-01
7.137500047683715820e-01 4.058333337306976318e-01 9.047499895095825195e-01 5.977500081062316895e-01 2.067500054836273193e-01 6.522625088691711426e-01 7.671309113502502441e-01 3.056390583515167236e-01 7.433374524116516113e-01 4.682443141937255859e-01 2.169226706027984619e-01 4.175301492214202881e-01
7.523800134658813477e-01 6.215171813964843750e-01 7.547479271888732910e-01 2.499856948852539062e-01 4.806305095553398132e-02 0.000000000000000000e+00 6.935557126998901367e-01 4.711224138736724854e-01 5.203123688697814941e-01 4.853957891464233398e-01 4.800514876842498779e-02 1.276093418709933758e-03
4.962500035762786865e-01 5.658333301544189453e-01 8.657500147819519043e-01 8.772500157356262207e-01 2.282499969005584717e-01 8.131374716758728027e-01 4.786822795867919922e-01 5.141146183013916016e-01 7.092683911323547363e-01 8.354035615921020508e-01 2.562852203845977783e-01 6.111641526222229004e-01
2.217293232679367065e-01 6.888298392295837402e-01 2.292660474777221680e-01 1.428179740905761719e-01 9.853346347808837891e-01 0.000000000000000000e+00 2.854249477386474609e-01 7.759370207786560059e-01 3.676441907882690430e-01 2.317544519901275635e-01 9.571582078933715820e-01 3.894808515906333923e-02
3.762499988079071045e-01 2.175000011920928955e-01 1.457500010728836060e-01 2.972500026226043701e-01 3.892500102519989014e-01 4.686174988746643066e-01 4.237803220748901367e-01 2.861302196979522705e-01 1.657485514879226685e-01 3.208104074001312256e-01 3.538145720958709717e-01 3.663206398487091064e-01
1.992499977350234985e-01 3.591666519641876221e-01 9.657499790191650391e-01 3.250000067055225372e-03 8.375000208616256714e-02 1.830025017261505127e-01 1.639484316110610962e-01 3.061218261718750000e-01 8.325403928756713867e-01 8.396317809820175171e-02 1.047280281782150269e-01 6.440538167953491211e-02
9.212499856948852539e-01 5.285000205039978027e-01 5.617499947547912598e-01 9.492499828338623047e-01 5.022500157356262207e-01 6.903774738311767578e-01 8.856766819953918457e-01 4.474506676197052002e-01 5.743488073348999023e-01 7.858855128288269043e-01 4.422440528869628906e-01 6.236992478370666504e-01
4.377500116825103760e-01 3.538333475589752197e-01 5.725000053644180298e-02 3.642500042915344238e-01 2.675000019371509552e-02 4.453524947166442871e-01 4.746939837932586670e-01 3.837721943855285645e-01 1.536516696214675903e-01 2.463648319244384766e-01 5.387569591403007507e-02 2.913646399974822998e-01
9.002500176429748535e-01 4.108333289623260498e-01 2.167499959468841553e-01 6.967499852180480957e-01 1.177499964833259583e-01 7.032474875450134277e-01 8.227388262748718262e-01 4.493777453899383545e-01 2.559374272823333740e-01 4.988797903060913086e-01 1.076420843601226807e-01 4.512232840061187744e-01
2.793674916028976440e-02 5.560231804847717285e-01 6.131314039230346680e-01 8.537050336599349976e-03 3.687391579151153564e-01 0.000000000000000000e+00 2.834740839898586273e-02 6.137514114379882812e-01 7.020371556282043457e-01 2.241997569799423218e-01 3.170721530914306641e-01 1.786544802598655224e-03
6.287500262260437012e-01 3.498333394527435303e-01 2.857500016689300537e-01 3.732500076293945312e-01 4.812499880790710449e-01 6.388974785804748535e-01 5.537998676300048828e-01 3.909983336925506592e-01 2.544103562831878662e-01 3.765590488910675049e-01 4.716898500919342041e-01 4.731625914573669434e-01
1.152499988675117493e-01 6.201666593551635742e-01 2.342499941587448120e-01 6.475000083446502686e-02 4.577499926090240479e-01 2.765575051307678223e-01 1.637022197246551514e-01 4.970691204071044922e-01 2.194032967090606689e-01 2.259247303009033203e-01 5.764773488044738770e-01 2.857092022895812988e-01
3.424999862909317017e-02 4.754999876022338867e-01 7.697499990463256836e-01 2.577500045299530029e-01 8.107500076293945312e-01 5.834575295448303223e-01 1.074132546782493591e-01 5.388615131378173828e-01 7.198327183723449707e-01 3.390817046165466309e-01 8.373742103576660156e-01 3.794333338737487793e-01
3.009964227676391602e-01 3.786778450012207031e-01 8.486590981483459473e-01 5.482691526412963867e-01 8.003641963005065918e-01 0.000000000000000000e+00 3.129182159900665283e-01 3.484162688255310059e-01 7.309134006500244141e-01 6.009438037872314453e-01 7.818864583969116211e-01 6.130943074822425842e-03
7.037500143051147461e-01 2.081666737794876099e-01 5.124999955296516418e-02 8.377500176429748535e-01 9.057499766349792480e-01 5.740525126457214355e-01 6.769703030586242676e-01 2.688106000423431396e-01 2.440479099750518799e-01 7.593842744827270508e-01 8.601713776588439941e-01 4.821858108043670654e-01
1.307048946619033813e-01 4.378983378410339355e-02 3.353744745254516602e-01 3.004209697246551514e-01 1.680236458778381348e-01 0.000000000000000000e+00 1.452471464872360229e-01 1.564889848232269287e-01 4.223496913909912109e-01 1.516856104135513306e-01 1.899584531784057617e-01 3.440500050783157349e-02
4.235617518424987793e-01 9.977581501007080078e-01 3.993900418281555176e-01 2.832077145576477051e-01 2.700519263744354248e-01 0.000000000000000000e+00 3.959966003894805908e-01 8.068583011627197266e-01 2.351767569780349731e-01 1.607445776462554932e-01 2.795839309692382812e-01 1.366996392607688904e-02
1.330804973840713501e-01 8.381141424179077148e-01 3.445439934730529785e-01 2.826385498046875000e-01 2.946943044662475586e-01 0.000000000000000000e+00 1.034501194953918457e-01 7.605774998664855957e-01 2.456292361021041870e-01 2.986574172973632812e-01 2.849878966808319092e-01 1.783689134754240513e-03
5.432500243186950684e-01 4.318333268165588379e-01 2.807500064373016357e-01 1.127500012516975403e-01 6.707500219345092773e-01 2.117124944925308228e-01 5.150440931320190430e-01 4.254507720470428467e-01 4.108425676822662354e-01 1.970062255859375000e-01 6.306949257850646973e-01 1.537891626358032227e-01
3.468466401100158691e-01 9.247616529464721680e-01 1.775340437889099121e-01 2.747757136821746826e-01 6.054145097732543945e-01 0.000000000000000000e+00 3.435736298561096191e-01 9.193604588508605957e-01 1.489613801240921021e-01 3.175800740718841553e-01 6.429090499877929688e-01 9.063006727956235409e-04
5.978912711143493652e-01 1.031958311796188354e-01 1.085724532604217529e-01 9.974483251571655273e-01 5.346216559410095215e-01 0.000000000000000000e+00 5.468500256538391113e-01 2.535191178321838379e-01 5.881045460700988770e-01 7.777835130691528320e-01 5.457979440689086914e-01 1.286290138959884644e-01
7.262499928474426270e-01 3.008333444595336914e-01 2.924999967217445374e-02 6.517500281333923340e-01 3.974999859929084778e-02 5.527675151824951172e-01 7.160735130310058594e-01 3.410753011703491211e-01 1.610923111438751221e-01 3.639582097530364990e-01 6.532166153192520142e-02 4.124349355697631836e-01
4.032500088214874268e-01 2.255000025033950806e-01 6.592500209808349609e-01 9.312499761581420898e-01 5.867499709129333496e-01 1.047924980521202087e-01 4.518838524818420410e-01 4.088149368762969971e-01 7.808687686920166016e-01 8.544260263442993164e-01 5.390199422836303711e-01 2.206612825393676758e-01
5.466465950012207031e-01 7.092813253402709961e-01 1.403210461139678955e-01 2.321489006280899048e-01 4.876793324947357178e-01 0.000000000000000000e+00 5.599336624145507812e-01 7.922251820564270020e-01 1.208360567688941956e-01 1.155608445405960083e-01 4.644772708415985107e-01 2.332027070224285126e-02
5.213145613670349121e-01 9.450421929359436035e-01 5.447180867195129395e-01 6.441375613212585449e-01 5.322032570838928223e-01 0.000000000000000000e+00 5.270284414291381836e-01 8.235100507736206055e-01 3.886936008930206299e-01 5.809496045112609863e-01 5.620476007461547852e-01 1.462128851562738419e-02
4.197079539299011230e-01 5.877634882926940918e-01 5.865720510482788086e-01 8.666877150535583496e-01 1.922767460346221924e-01 0.000000000000000000e+00 4.349328279495239258e-01 6.178860664367675781e-01 5.761671066284179688e-01 8.060125112533569336e-01 1.726378798484802246e-01 1.645903587341308594e-01
6.982922554016113281e-01 9.536316990852355957e-02 7.482133507728576660e-01 7.345767021179199219e-01 8.090677261352539062e-01 0.000000000000000000e+00 7.730290293693542480e-01 1.894249767065048218e-01 7.562467455863952637e-01 7.652800679206848145e-01 8.107171058654785156e-01 1.465341355651617050e-02
6.397500038146972656e-01 7.154999971389770508e-01 5.697500109672546387e-01 5.147500038146972656e-01 6.047499775886535645e-01 3.018024861812591553e-01 6.150527000427246094e-01 6.618915796279907227e-01 5.548431873321533203e-01 5.078594684600830078e-01 5.883824229240417480e-01 1.429829895496368408e-01
8.207499980926513672e-01 3.451666533946990967e-01 3.482500016689300537e-01 8.142499923706054688e-01 9.872499704360961914e-01 8.487774729728698730e-01 7.712945938110351562e-01 2.613096833229064941e-01 2.934629321098327637e-01 8.433569669723510742e-01 9.399741888046264648e-01 5.867178440093994141e-01
7.537500262260437012e-01 7.048333287239074707e-01 1.892500072717666626e-01 9.274999797344207764e-02 6.372500061988830566e-01 8.240274786949157715e-01 6.869025826454162598e-01 6.794594526290893555e-01 1.081644371151924133e-01 2.535710334777832031e-01 6.526288390159606934e-01 7.485774159431457520e-01
6.202499866485595703e-01 6.754999756813049316e-01 3.052499890327453613e-01 7.287499904632568359e-01 2.812500000000000000e-01 8.958024978637695312e-01 5.972625613212585449e-01 6.201869845390319824e-01 3.605010807514190674e-01 4.429253637790679932e-01 2.934806048870086670e-01 5.614109635353088379e-01
7.462788820266723633e-01 2.475010007619857788e-01 8.584071993827819824e-01 9.298864603042602539e-01 2.800943851470947266e-01 0.000000000000000000e+00 7.884691357612609863e-01 2.105080783367156982e-01 8.387634158134460449e-01 8.837106823921203613e-01 2.623968124389648438e-01 1.165991649031639099e-02
6.927499771118164062e-01 6.318333148956298828e-01 3.787499964237213135e-01 6.617500185966491699e-01 3.747499883174896240e-01 4.196124970912933350e-01 6.920110583305358887e-01 6.025641560554504395e-01 4.276840090751647949e-01 5.615112185478210449e-01 3.904580175876617432e-01 3.909358084201812744e-01
1.992499977350234985e-01 3.591666519641876221e-01 9.657499790191650391e-01 3.250000067055225372e-03 8.375000208616256714e-02 1.830025017261505127e-01 1.639484316110610962e-01 3.061218261718750000e-01 8.325403928756713867e-01 8.396317809820175171e-02 1.047280281782150269e-01 6.440538167953491211e-02
8.162500262260437012e-01 6.061666607856750488e-01 4.707500040531158447e-01 2.437500059604644775e-01 1.947499960660934448e-01 3.300175070762634277e-01 7.968114614486694336e-01 4.297345876693725586e-01 2.818700671195983887e-01 2.746903896331787109e-01 1.994050294160842896e-01 3.057372868061065674e-01
9.422500133514404297e-01 5.985000133514404297e-01 2.437500059604644775e-01 3.787499964237213135e-01 7.767500281333923340e-01 7.324525117874145508e-01 8.688765764236450195e-01 5.331998467445373535e-01 1.832027584314346313e-01 3.866946697235107422e-01 7.771211862564086914e-01 7.803827524185180664e-01
9.917500019073486328e-01 1.704999953508377075e-01 3.627499938011169434e-01 4.262500107288360596e-01 4.727500081062316895e-01 2.275525033473968506e-01 9.386616349220275879e-01 3.411787748336791992e-01 4.526846706867218018e-01 3.164744973182678223e-01 4.438300430774688721e-01 9.342946112155914307e-02
6.287500262260437012e-01 3.498333394527435303e-01 2.857500016689300537e-01 3.732500076293945312e-01 4.812499880790710449e-01 6.388974785804748535e-01 5.537998676300048828e-01 3.909983336925506592e-01 2.544103562831878662e-01 3.765590488910675049e-01 4.716898500919342041e-01 4.731625914573669434e-01
5.922499895095825195e-01 3.555000126361846924e-01 8.552500009536743164e-01 7.402499914169311523e-01 2.752499878406524658e-01 4.394125044345855713e-01 6.317406892776489258e-01 3.375167548656463623e-01 6.897664070129394531e-01 7.217056155204772949e-01 2.803367972373962402e-01 3.963575065135955811e-01
2.532162666320800781e-01 6.596434712409973145e-01 1.249679252505302429e-01 4.406853020191192627e-01 3.204870223999023438e-01 0.000000000000000000e+00 2.556783556938171387e-01 7.378163933753967285e-01 1.856989562511444092e-01 2.996164262294769287e-01 3.206533789634704590e-01 5.339767783880233765e-02
9.607499837875366211e-01 1.688333302736282349e-01 9.202499985694885254e-01 7.357500195503234863e-01 8.472499847412109375e-01 3.547675013542175293e-01 9.026492834091186523e-01 2.044936120510101318e-01 8.602968454360961914e-01 7.803342938423156738e-01 7.770007848739624023e-01 1.464989781379699707e-01
6.927499771118164062e-01 6.318333148956298828e-01 3.787499964237213135e-01 6.617500185966491699e-01 3.747499883174896240e-01 4.196124970912933350e-01 6.920110583305358887e-01 6.025641560554504395e-01 4.276840090751647949e-01 5.615112185478210449e-01 3.904580175876617432e-01 3.909358084201812744e-01
7.222499847412109375e-01 1.968333274126052856e-01 7.652500271797180176e-01 6.532499790191650391e-01 3.502500057220458984e-01 9.601525068283081055e-01 7.764627933502197266e-01 2.779677510261535645e-01 7.166760563850402832e-01 5.327215194702148438e-01 3.441860377788543701e-01 5.505187511444091797e-01
5.478864908218383789e-02 4.886809885501861572e-01 9.755693078041076660e-01 7.467260956764221191e-01 4.751343131065368652e-01 0.000000000000000000e+00 3.469470888376235962e-02 4.443045258522033691e-01 8.950334787368774414e-01 8.890328407287597656e-01 5.013374090194702148e-01 3.297356516122817993e-02
7.587291598320007324e-01 2.973218262195587158e-01 9.837347269058227539e-01 3.654597401618957520e-01 7.636730670928955078e-01 0.000000000000000000e+00 7.391268610954284668e-01 2.105365395545959473e-01 6.621460914611816406e-01 6.723555922508239746e-01 8.010998964309692383e-01 1.600176468491554260e-02
6.194632500410079956e-02 1.784796714782714844e-01 3.713397979736328125e-01 9.949237853288650513e-02 9.161939024925231934e-01 0.000000000000000000e+00 1.518766582012176514e-01 2.902483344078063965e-01 5.032318830490112305e-01 2.067191153764724731e-01 9.149105548858642578e-01 8.243481628596782684e-03
5.922499895095825195e-01 3.555000126361846924e-01 8.552500009536743164e-01 7.402499914169311523e-01 2.752499878406524658e-01 4.394125044345855713e-01 6.317406892776489258e-01 3.375167548656463623e-01 6.897664070129394531e-01 7.217056155204772949e-01 2.803367972373962402e-01 3.963575065135955811e-01
7.462499737739562988e-01 4.435000121593475342e-01 5.262500047683715820e-01 9.722499847412109375e-01 5.317500233650207520e-01 3.008125126361846924e-01 6.901944279670715332e-01 3.788455724716186523e-01 6.405900120735168457e-01 8.170922994613647461e-01 5.056931376457214355e-01 2.511692345142364502e-01
8.029548525810241699e-01 1.512118279933929443e-01 7.539251446723937988e-01 5.471847057342529297e-01 7.245408296585083008e-01 0.000000000000000000e+00 8.119312524795532227e-01 1.978304535150527954e-01 7.381414771080017090e-01 6.347715258598327637e-01 7.863445878028869629e-01 4.399896040558815002e-02
6.557499766349792480e-01 3.031666576862335205e-01 8.272500038146972656e-01 2.447499930858612061e-01 3.577499985694885254e-01 2.379474937915802002e-01 6.213211417198181152e-01 3.440916240215301514e-01 7.344940304756164551e-01 3.066404759883880615e-01 3.637869358062744141e-01 2.105443626642227173e-01
7.432500123977661133e-01 3.411666750907897949e-01 5.337499976158142090e-01 6.142500042915344238e-01 6.477500200271606445e-01 9.002575278282165527e-01 7.458530664443969727e-01 3.464989662170410156e-01 6.018899083137512207e-01 5.057975053787231445e-01 6.432291269302368164e-01 7.198408842086791992e-01
1.242557540535926819e-02 5.834518074989318848e-01 6.026154756546020508e-01 4.197252988815307617e-01 7.770934700965881348e-01 0.000000000000000000e+00 4.316506907343864441e-02 7.066448926925659180e-01 7.909646630287170410e-01 4.276329874992370605e-01 7.731694579124450684e-01 7.784563582390546799e-03
9.813842773437500000e-01 7.971861958503723145e-01 4.387982785701751709e-01 2.046087570488452911e-02 7.672514319419860840e-01 0.000000000000000000e+00 8.919509649276733398e-01 7.470561265945434570e-01 3.329216837882995605e-01 2.477727532386779785e-01 7.824937701225280762e-01 1.269978377968072891e-02
7.906510829925537109e-01 8.702819943428039551e-01 6.524608135223388672e-01 3.730936348438262939e-01 7.736917734146118164e-01 0.000000000000000000e+00 8.330715894699096680e-01 7.624169588088989258e-01 4.148904085159301758e-01 5.772426724433898926e-01 7.745726108551025391e-01 4.874670412391424179e-03
5.562499761581420898e-01 3.861666619777679443e-01 6.532499790191650391e-01 4.712499976158142090e-01 6.737499833106994629e-01 8.537275195121765137e-01 5.085945129394531250e-01 3.983140587806701660e-01 5.796638131141662598e-01 5.966585874557495117e-01 6.258467435836791992e-01 6.891177296638488770e-01
8.332499861717224121e-01 3.888333439826965332e-01 5.274999886751174927e-02 4.912500083446502686e-01 2.452500015497207642e-01 1.191475018858909607e-01 8.121309876441955566e-01 3.836978375911712646e-01 2.521349489688873291e-01 2.703701853752136230e-01 2.324722856283187866e-01 3.013815283775329590e-01
1.856343299150466919e-01 6.472690105438232422e-01 7.827227711677551270e-01 9.216087311506271362e-02 7.028238177299499512e-01 0.000000000000000000e+00 1.615145951509475708e-01 5.961570143699645996e-01 6.501682400703430176e-01 3.018101751804351807e-01 7.009148597717285156e-01 3.035347908735275269e-02
3.857499957084655762e-01 8.264999985694885254e-01 8.447499871253967285e-01 1.167500019073486328e-01 1.217499971389770508e-01 5.389075279235839844e-01 4.294715225696563721e-01 6.846286654472351074e-01 6.701143980026245117e-01 1.169979274272918701e-01 1.669098734855651855e-01 3.635165989398956299e-01
7.538414001464843750e-01 8.736938238143920898e-01 5.958678722381591797e-01 4.131650030612945557e-01 5.895233154296875000e-01 0.000000000000000000e+00 7.809290885925292969e-01 8.335197567939758301e-01 4.551786780357360840e-01 4.248578846454620361e-01 5.782009959220886230e-01 1.827132143080234528e-02
6.202499866485595703e-01 6.754999756813049316e-01 3.052499890327453613e-01 7.287499904632568359e-01 2.812500000000000000e-01 8.958024978637695312e-01 5.972625613212585449e-01 6.201869845390319824e-01 3.605010807514190674e-01 4.429253637790679932e-01 2.934806048870086670e-01 5.614109635353088379e-01
6.424999982118606567e-02 3.221666812896728516e-01 1.432500034570693970e-01 9.674999862909317017e-02 7.162500023841857910e-01 4.161475002765655518e-01 1.423553824424743652e-01 4.183420538902282715e-01 2.185582369565963745e-01 2.121178954839706421e-01 7.174400687217712402e-01 3.688443899154663086e-01
7.222499847412109375e-01 1.968333274126052856e-01 7.652500271797180176e-01 6.532499790191650391e-01 3.502500057220458984e-01 9.601525068283081055e-01 7.764627933502197266e-01 2.779677510261535645e-01 7.166760563850402832e-01 5.327215194702148438e-01 3.441860377788543701e-01 5.505187511444091797e-01
2.241049893200397491e-03 1.070993319153785706e-01 7.056998014450073242e-01 3.450172245502471924e-01 6.061912328004837036e-02 0.000000000000000000e+00 5.281287804245948792e-02 1.064092740416526794e-01 5.562877655029296875e-01 8.500343561172485352e-02 8.634608238935470581e-02 8.017608523368835449e-02
5.668743848800659180e-01 5.103118419647216797e-01 1.353272199630737305e-01 1.876596808433532715e-01 7.575206160545349121e-01 0.000000000000000000e+00 6.006524562835693359e-01 7.765588164329528809e-01 3.044813871383666992e-01 1.101362407207489014e-01 7.643009424209594727e-01 3.768248483538627625e-02
9.327499866485595703e-01 1.961666643619537354e-01 5.502499938011169434e-01 5.617499947547912598e-01 1.867499947547912598e-01 6.260275244712829590e-01 9.044623374938964844e-01 3.899789154529571533e-01 6.402505040168762207e-01 4.268423020839691162e-01 1.360063105821609497e-01 5.216378569602966309e-01
5.652499794960021973e-01 6.051666736602783203e-01 2.692500054836273193e-01 4.037500023841857910e-01 1.512500047683715820e-01 5.280175209045410156e-01 5.213316082954406738e-01 5.781031250953674316e-01 2.675790786743164062e-01 3.419511020183563232e-01 1.688328683376312256e-01 3.288624286651611328e-01
1.597275026142597198e-02 4.843519926071166992e-01 6.713607162237167358e-02 6.999639272689819336e-01 9.393235445022583008e-01 0.000000000000000000e+00 9.247154742479324341e-02 7.603470683097839355e-01 2.697423696517944336e-01 6.559951901435852051e-01 9.357699751853942871e-01 1.839750632643699646e-02
6.664533615112304688e-01 6.055076718330383301e-01 6.866016387939453125e-01 5.690432786941528320e-01 8.742089271545410156e-01 0.000000000000000000e+00 7.235506772994995117e-01 3.836416602134704590e-01 5.497018694877624512e-01 5.243670940399169922e-01 9.025962948799133301e-01 4.035091400146484375e-02
1.452191025018692017e-01 6.891199946403503418e-01 3.527673482894897461e-01 4.771548509597778320e-01 3.721880167722702026e-02 0.000000000000000000e+00 7.507815957069396973e-02 6.889265179634094238e-01 2.982161045074462891e-01 5.115367770195007324e-01 5.859928578138351440e-02 3.217920428141951561e-03
4.164847433567047119e-01 9.186803102493286133e-01 1.538504809141159058e-01 6.420759558677673340e-01 8.687990158796310425e-02 0.000000000000000000e+00 4.098102748394012451e-01 8.687408566474914551e-01 1.332720220088958740e-01 4.068723618984222412e-01 6.824719905853271484e-02 3.917429596185684204e-03
9.249740839004516602e-01 9.512813091278076172e-01 2.597201466560363770e-01 8.268143534660339355e-01 9.012835621833801270e-01 0.000000000000000000e+00 8.934590816497802734e-01 8.150793910026550293e-01 3.791613280773162842e-01 7.697463035583496094e-01 8.851590156555175781e-01 1.551673398353159428e-03
4.187349677085876465e-01 8.485144972801208496e-01 2.420874238014221191e-01 1.749000698328018188e-01 6.150363683700561523e-01 0.000000000000000000e+00 3.883162438869476318e-01 8.709695935249328613e-01 1.958500742912292480e-01 2.302743792533874512e-01 6.312458515167236328e-01 1.132908370345830917e-02
5.452499985694885254e-01 3.055000007152557373e-01 9.522500038146972656e-01 7.967500090599060059e-01 7.602499723434448242e-01 7.062175273895263672e-01 5.429286956787109375e-01 3.756057620048522949e-01 8.240224719047546387e-01 8.704925775527954102e-01 7.558218240737915039e-01 7.465392947196960449e-01
6.689013242721557617e-01 9.414616972208023071e-02 5.235604047775268555e-01 4.655204713344573975e-01 4.934232831001281738e-01 0.000000000000000000e+00 6.446592807769775391e-01 2.270027846097946167e-01 5.929558277130126953e-01 5.642126202583312988e-01 5.011268854141235352e-01 6.785413622856140137e-02
9.212499856948852539e-01 5.285000205039978027e-01 5.617499947547912598e-01 9.492499828338623047e-01 5.022500157356262207e-01 6.903774738311767578e-01 8.856766819953918457e-01 4.474506676197052002e-01 5.743488073348999023e-01 7.858855128288269043e-01 4.422440528869628906e-01 6.236992478370666504e-01
1.824037283658981323e-01 5.445370078086853027e-01 3.521882593631744385e-01 3.496931195259094238e-01 2.419609725475311279e-01 0.000000000000000000e+00 1.738737970590591431e-01 6.791798472404479980e-01 5.133841037750244141e-01 2.896028757095336914e-01 1.905746459960937500e-01 3.424930945038795471e-02
9.022499918937683105e-01 2.164999991655349731e-01 8.612499833106994629e-01 5.582500100135803223e-01 6.122499704360961914e-01 6.586974859237670898e-01 8.519325852394104004e-01 2.641496360301971436e-01 8.728175163269042969e-01 5.409011840820312500e-01 5.712563395500183105e-01 5.729963183403015137e-01
9.422500133514404297e-01 5.985000133514404297e-01 2.437500059604644775e-01 3.787499964237213135e-01 7.767500281333923340e-01 7.324525117874145508e-01 8.688765764236450195e-01 5.331998467445373535e-01 1.832027584314346313e-01 3.866946697235107422e-01 7.771211862564086914e-01 7.803827524185180664e-01
9.952499866485595703e-01 6.638333201408386230e-01 9.117500185966491699e-01 1.942500025033950806e-01 2.500000118743628263e-04 1.924075037240982056e-01 9.103094339370727539e-01 5.097254514694213867e-01 6.125825047492980957e-01 3.165560960769653320e-01 5.317609384655952454e-02 2.066259831190109253e-01
8.632500171661376953e-01 4.165000021457672119e-01 4.027499854564666748e-01 8.617500066757202148e-01 4.562500119209289551e-01 8.859025239944458008e-01 8.719854950904846191e-01 4.850621223449707031e-01 4.315168857574462891e-01 6.930657625198364258e-01 4.118758440017700195e-01 6.063793301582336426e-01
2.742500007152557373e-01 2.431666702032089233e-01 6.825000047683715820e-02 1.872500032186508179e-01 7.892500162124633789e-01 7.933375239372253418e-01 2.925377488136291504e-01 4.097660779953002930e-01 2.121564447879791260e-01 2.023177742958068848e-01 7.993959784507751465e-01 7.565736770629882812e-01
5.352500081062316895e-01 2.551666796207427979e-01 8.397499918937683105e-01 2.217500060796737671e-01 1.412499994039535522e-01 5.755375027656555176e-01 5.023563504219055176e-01 2.718685567378997803e-01 7.305061221122741699e-01 2.397447675466537476e-01 1.304356306791305542e-01 4.548787474632263184e-01
4.585417807102203369e-01 6.021391749382019043e-01 2.054114192724227905e-01 5.906795859336853027e-01 2.076007723808288574e-01 0.000000000000000000e+00 4.276826083660125732e-01 5.531412363052368164e-01 3.338545858860015869e-01 5.307434797286987305e-01 1.499595493078231812e-01 8.364158123731613159e-02
4.649969935417175293e-02 3.675756752490997314e-01 5.006108283996582031e-01 5.769520401954650879e-01 1.514603495597839355e-01 0.000000000000000000e+00 3.317300975322723389e-02 5.461300611495971680e-01 7.983809709548950195e-01 4.683780670166015625e-01 1.598160266876220703e-01 1.311391312628984451e-02
6.182500123977661133e-01 3.758333325386047363e-01 4.675000160932540894e-02 1.125000044703483582e-02 5.502499938011169434e-01 6.443424820899963379e-01 6.145763993263244629e-01 3.385171592235565186e-01 1.194582954049110413e-01 1.084075272083282471e-01 5.259611606597900391e-01 7.434371113777160645e-01
7.037500143051147461e-01 2.081666737794876099e-01 5.124999955296516418e-02 8.377500176429748535e-01 9.057499766349792480e-01 5.740525126457214355e-01 6.769703030586242676e-01 2.688106000423431396e-01 2.440479099750518799e-01 7.593842744827270508e-01 8.601713776588439941e-01 4.821858108043670654e-01
8.377500176429748535e-01 7.304999828338623047e-01 8.007500171661376953e-01 3.725000098347663879e-02 3.237499892711639404e-01 1.438975036144256592e-01 8.658362030982971191e-01 4.317946135997772217e-01 4.361982643604278564e-01 1.675456613302230835e-01 3.662143349647521973e-01 2.195037901401519775e-01
6.859586834907531738e-01 4.666045010089874268e-01 8.198604583740234375e-01 2.321299016475677490e-01 7.160478830337524414e-01 0.000000000000000000e+00 7.578172683715820312e-01 4.654102325439453125e-01 4.789780974388122559e-01 3.582004606723785400e-01 7.306624650955200195e-01 4.114883020520210266e-02
1.481538712978363037e-01 9.712121486663818359e-01 1.504255533218383789e-01 6.928742527961730957e-01 4.878323078155517578e-01 0.000000000000000000e+00 9.539736062288284302e-02 9.184552431106567383e-01 6.421890854835510254e-02 8.035643696784973145e-01 4.911249577999114990e-01 2.752263681031763554e-04
9.112499952316284180e-01 2.748333215713500977e-01 8.147500157356262207e-01 7.077500224113464355e-01 8.597499728202819824e-01 8.873875141143798828e-01 8.971393108367919922e-01 3.392365574836730957e-01 7.858274579048156738e-01 7.788431644439697266e-01 8.445823192596435547e-01 8.000286817550659180e-01
9.422500133514404297e-01 5.985000133514404297e-01 2.437500059604644775e-01 3.787499964237213135e-01 7.767500281333923340e-01 7.324525117874145508e-01 8.688765764236450195e-01 5.331998467445373535e-01 1.832027584314346313e-01 3.866946697235107422e-01 7.771211862564086914e-01 7.803827524185180664e-01
1.523814797401428223e-01 5.652688145637512207e-01 2.911945879459381104e-01 4.388316571712493896e-01 8.334630727767944336e-01 0.000000000000000000e+00 1.828108429908752441e-01 5.832095146179199219e-01 4.121923744678497314e-01 3.592207729816436768e-01 7.974254488945007324e-01 5.886266753077507019e-02
6.567500233650207520e-01 6.668333411216735840e-01 1.217499971389770508e-01 8.567500114440917969e-01 1.202500015497207642e-01 8.443225026130676270e-01 6.339966058731079102e-01 5.952896475791931152e-01 1.865927428007125854e-01 6.687958240509033203e-01 1.418122053146362305e-01 5.557780265808105469e-01
9.371743202209472656e-01 1.411593407392501831e-01 1.647354066371917725e-01 1.026594266295433044e-01 7.906585931777954102e-01 0.000000000000000000e+00 8.429643511772155762e-01 2.043456435203552246e-01 2.526215910911560059e-01 1.640292853116989136e-01 7.959327101707458496e-01 5.350696388632059097e-03
9.002500176429748535e-01 4.108333289623260498e-01 2.167499959468841553e-01 6.967499852180480957e-01 1.177499964833259583e-01 7.032474875450134277e-01 8.227388262748718262e-01 4.493777453899383545e-01 2.559374272823333740e-01 4.988797903060913086e-01 1.076420843601226807e-01 4.512232840061187744e-01
2.079843282699584961e-01 7.287793159484863281e-01 2.856248319149017334e-01 6.615986824035644531e-01 7.528181076049804688e-01 0.000000000000000000e+00 2.035951763391494751e-01 7.988519072532653809e-01 4.262936413288116455e-01 7.096418738365173340e-01 7.519852519035339355e-01 1.027767825871706009e-02
9.812499880790710449e-01 5.708333253860473633e-01 7.732499837875366211e-01 2.982499897480010986e-01 1.337500065565109253e-01 6.285024881362915039e-01 8.884619474411010742e-01 4.207302927970886230e-01 6.193045973777770996e-01 3.555591702461242676e-01 1.320795416831970215e-01 4.410725831985473633e-01
3.531650900840759277e-01 7.186936736106872559e-01 6.191990971565246582e-01 8.050783276557922363e-01 1.303651928901672363e-01 0.000000000000000000e+00 3.243099749088287354e-01 6.926995515823364258e-01 6.331505179405212402e-01 8.420772552490234375e-01 1.079395636916160583e-01 1.833421550691127777e-02
1.901951432228088379e-01 6.454083323478698730e-01 1.137335970997810364e-01 4.203924536705017090e-01 7.311606407165527344e-01 0.000000000000000000e+00 2.349333912134170532e-01 7.512007355690002441e-01 2.803345620632171631e-01 3.410518467426300049e-01 7.248391509056091309e-01 1.332231983542442322e-02
9.748962521553039551e-01 1.497936695814132690e-01 9.412041306495666504e-01 8.883531689643859863e-01 3.324493169784545898e-01 0.000000000000000000e+00 9.207807183265686035e-01 1.837295293807983398e-01 8.733732104301452637e-01 9.519258737564086914e-01 2.925563752651214600e-01 2.669722307473421097e-04
3.762499988079071045e-01 2.175000011920928955e-01 1.457500010728836060e-01 2.972500026226043701e-01 3.892500102519989014e-01 4.686174988746643066e-01 4.237803220748901367e-01 2.861302196979522705e-01 1.657485514879226685e-01 3.208104074001312256e-01 3.538145720958709717e-01 3.663206398487091064e-01
4.638823270797729492e-01 2.891391813755035400e-01 5.462732911109924316e-01 3.926490545272827148e-01 7.533110976219177246e-01 0.000000000000000000e+00 5.303918123245239258e-01 3.240860104560852051e-01 5.399033427238464355e-01 2.627516686916351318e-01 7.836854457855224609e-01 3.274179995059967041e-02
5.324332714080810547e-01 2.329818308353424072e-01 5.080672353506088257e-02 3.244104981422424316e-02 7.097727060317993164e-01 0.000000000000000000e+00 6.582342982292175293e-01 3.854501545429229736e-01 1.136902272701263428e-01 6.678698956966400146e-02 7.049431204795837402e-01 2.920922935009002686e-01
5.420028567314147949e-01 8.675234913825988770e-01 4.991985559463500977e-01 2.860508263111114502e-01 7.103654742240905762e-02 0.000000000000000000e+00 5.178616046905517578e-01 5.306280851364135742e-01 2.409802675247192383e-01 2.768825888633728027e-01 7.112563401460647583e-02 1.908940374851226807e-01
7.925000041723251343e-02 4.868333339691162109e-01 4.742499887943267822e-01 2.274999953806400299e-02 9.662500023841857910e-01 8.477874994277954102e-01 1.352438181638717651e-01 5.086289644241333008e-01 4.639221131801605225e-01 2.217975258827209473e-01 9.915266633033752441e-01 8.227704763412475586e-01
7.552381157875061035e-01 9.286648631095886230e-01 5.080722570419311523e-01 8.803173303604125977e-01 1.157872006297111511e-01 0.000000000000000000e+00 8.434547781944274902e-01 8.793624043464660645e-01 4.794046878814697266e-01 6.612346768379211426e-01 9.017445147037506104e-02 4.822253540623933077e-04
2.742500007152557373e-01 2.431666702032089233e-01 6.825000047683715820e-02 1.872500032186508179e-01 7.892500162124633789e-01 7.933375239372253418e-01 2.925377488136291504e-01 4.097660779953002930e-01 2.121564447879791260e-01 2.023177742958068848e-01 7.993959784507751465e-01 7.565736770629882812e-01
8.675000071525573730e-02 2.471666634082794189e-01 7.547500133514404297e-01 2.772499918937683105e-01 6.777499914169311523e-01 7.265124917030334473e-01 1.163887083530426025e-01 2.787086069583892822e-01 7.510285377502441406e-01 3.509922921657562256e-01 6.310791373252868652e-01 7.449807524681091309e-01
7.152500152587890625e-01 2.968333363533020020e-01 3.749999916180968285e-03 2.847500145435333252e-01 3.277499973773956299e-01 7.621524930000305176e-01 6.845964193344116211e-01 2.865589559078216553e-01 1.132654175162315369e-01 1.037333458662033081e-01 3.351031243801116943e-01 6.305511593818664551e-01
7.037500143051147461e-01 2.081666737794876099e-01 5.124999955296516418e-02 8.377500176429748535e-01 9.057499766349792480e-01 5.740525126457214355e-01 6.769703030586242676e-01 2.688106000423431396e-01 2.440479099750518799e-01 7.593842744827270508e-01 8.601713776588439941e-01 4.821858108043670654e-01
5.610477924346923828e-01 2.168978303670883179e-01 5.868996977806091309e-01 5.372099280357360840e-01 3.418274922296404839e-03 0.000000000000000000e+00 5.294867157936096191e-01 2.198984026908874512e-01 5.718258023262023926e-01 6.382840275764465332e-01 4.394631087779998779e-02 5.779048427939414978e-03
8.332499861717224121e-01 3.888333439826965332e-01 5.274999886751174927e-02 4.912500083446502686e-01 2.452500015497207642e-01 1.191475018858909607e-01 8.121309876441955566e-01 3.836978375911712646e-01 2.521349489688873291e-01 2.703701853752136230e-01 2.324722856283187866e-01 3.013815283775329590e-01
6.403613686561584473e-01 1.973699964582920074e-02 5.188882350921630859e-01 6.455374360084533691e-01 8.379185795783996582e-01 0.000000000000000000e+00 6.795989274978637695e-01 1.404076069593429565e-01 5.951445698738098145e-01 6.369649767875671387e-01 8.648225069046020508e-01 2.199936192482709885e-03
4.032500088214874268e-01 2.255000025033950806e-01 6.592500209808349609e-01 9.312499761581420898e-01 5.867499709129333496e-01 1.047924980521202087e-01 4.518838524818420410e-01 4.088149368762969971e-01 7.808687686920166016e-01 8.544260263442993164e-01 5.390199422836303711e-01 2.206612825393676758e-01
6.567500233650207520e-01 6.668333411216735840e-01 1.217499971389770508e-01 8.567500114440917969e-01 1.202500015497207642e-01 8.443225026130676270e-01 6.339966058731079102e-01 5.952896475791931152e-01 1.865927428007125854e-01 6.687958240509033203e-01 1.418122053146362305e-01 5.557780265808105469e-01
5.147500038146972656e-01 7.461666464805603027e-01 4.427500069141387939e-01 2.087499946355819702e-01 4.997499883174896240e-01 3.527874946594238281e-01 5.669656991958618164e-01 7.045383453369140625e-01 3.490344285964965820e-01 2.475857138633728027e-01 5.109852552413940430e-01 2.880575656890869141e-01
7.252097129821777344e-01 4.964565038681030273e-01 4.316820204257965088e-01 5.907102674245834351e-02 3.930287063121795654e-01 0.000000000000000000e+00 6.886107921600341797e-01 4.993849694728851318e-01 3.525500893592834473e-01 1.574848890304565430e-01 4.201018810272216797e-01 4.565539956092834473e-01
5.251175165176391602e-01 1.990288347005844116e-01 3.066509962081909180e-01 2.147978544235229492e-01 3.066003918647766113e-01 0.000000000000000000e+00 5.251231193542480469e-01 1.673372983932495117e-01 2.946287393569946289e-01 2.036339044570922852e-01 3.299875855445861816e-01 1.209222003817558289e-01
5.383807420730590820e-01 1.416289955377578735e-01 1.945949974469840527e-03 3.711903095245361328e-01 5.422427058219909668e-01 0.000000000000000000e+00 5.736509561538696289e-01 2.170825004577636719e-01 2.567538619041442871e-01 2.122735232114791870e-01 5.477799773216247559e-01 4.290325641632080078e-01
6.557499766349792480e-01 3.031666576862335205e-01 8.272500038146972656e-01 2.447499930858612061e-01 3.577499985694885254e-01 2.379474937915802002e-01 6.213211417198181152e-01 3.440916240215301514e-01 7.344940304756164551e-01 3.066404759883880615e-01 3.637869358062744141e-01 2.105443626642227173e-01
8.697500228881835938e-01 5.304999947547912598e-01 9.707499742507934570e-01 6.927499771118164062e-01 5.352500081062316895e-01 6.816250085830688477e-02 8.970128893852233887e-01 3.613343238830566406e-01 7.490875720977783203e-01 7.406504154205322266e-01 5.055606365203857422e-01 2.597902417182922363e-01
6.095002591609954834e-02 6.871406435966491699e-01 7.021182775497436523e-01 2.425664216279983521e-01 8.213670253753662109e-01 0.000000000000000000e+00 9.675820916891098022e-02 6.506314277648925781e-01 6.599220037460327148e-01 3.098980486392974854e-01 8.756012916564941406e-01 7.829858362674713135e-02
9.546319842338562012e-01 6.155303120613098145e-01 6.876758933067321777e-01 2.502225106582045555e-03 2.629271745681762695e-01 0.000000000000000000e+00 7.931396961212158203e-01 4.296689033508300781e-01 3.657114803791046143e-01 4.453704655170440674e-01 2.667168676853179932e-01 4.901359975337982178e-02
3.612476885318756104e-01 8.927416801452636719e-01 3.183402419090270996e-01 3.071821928024291992e-01 1.944704204797744751e-01 0.000000000000000000e+00 3.236833810806274414e-01 8.618548512458801270e-01 3.026826083660125732e-01 1.934561431407928467e-01 1.536397933959960938e-01 6.469580344855785370e-03
5.517500042915344238e-01 6.575000286102294922e-01 1.012500002980232239e-01 8.642500042915344238e-01 5.892500281333923340e-01 6.294925212860107422e-01 5.261198878288269043e-01 6.501678824424743652e-01 2.114625126123428345e-01 8.367058634757995605e-01 5.642190575599670410e-01 5.816282629966735840e-01
3.567500114440917969e-01 3.388333320617675781e-01 5.867499709129333496e-01 6.472499966621398926e-01 5.577499866485595703e-01 3.404124975204467773e-01 3.967334628105163574e-01 2.869260609149932861e-01 5.454219579696655273e-01 6.734670996665954590e-01 5.377219915390014648e-01 2.893168330192565918e-01
6.376563310623168945e-01 6.361828446388244629e-01 3.552133142948150635e-01 7.521473169326782227e-01 7.094876766204833984e-01 0.000000000000000000e+00 5.751156210899353027e-01 7.352569699287414551e-01 5.375952124595642090e-01 7.879329323768615723e-01 7.304022908210754395e-01 8.890934288501739502e-02
8.406010270118713379e-01 6.945809721946716309e-01 7.868521809577941895e-01 8.472130894660949707e-01 7.431838512420654297e-01 0.000000000000000000e+00 9.178153276443481445e-01 5.372187495231628418e-01 5.995692610740661621e-01 8.405890464782714844e-01 7.453619837760925293e-01 3.678763657808303833e-02
6.177499890327453613e-01 6.188333630561828613e-01 4.407500028610229492e-01 3.187499940395355225e-01 5.037500262260437012e-01 1.216225028038024902e-01 6.356289982795715332e-01 5.946651101112365723e-01 4.659596383571624756e-01 2.952539324760437012e-01 5.081640481948852539e-01 1.449073404073715210e-01
1.782499998807907104e-01 5.178333520889282227e-01 6.672499775886535645e-01 5.974999815225601196e-02 6.962500214576721191e-01 1.567675024271011353e-01 2.343479841947555542e-01 5.762107968330383301e-01 7.260840535163879395e-01 1.856888532638549805e-01 6.735596060752868652e-01 2.200619876384735107e-01
7.163284420967102051e-01 4.536961615085601807e-01 4.289075434207916260e-01 3.810743987560272217e-01 2.351298928260803223e-01 0.000000000000000000e+00 6.334410309791564941e-01 3.075651526451110840e-01 4.271711707115173340e-01 5.063412785530090332e-01 2.200908809900283813e-01 7.076210808008909225e-03
1.117499992251396179e-01 3.808333277702331543e-01 1.052500009536743164e-01 5.272499918937683105e-01 7.074999809265136719e-02 1.810224950313568115e-01 1.432929486036300659e-01 3.196534216403961182e-01 1.383225917816162109e-01 4.801281094551086426e-01 6.564058363437652588e-02 6.500390917062759399e-02
9.502500295639038086e-01 4.421666562557220459e-01 6.302499771118164062e-01 3.707500100135803223e-01 3.777500092983245850e-01 7.459750026464462280e-02 8.800119161605834961e-01 3.772693574428558350e-01 6.457734107971191406e-01 3.665364682674407959e-01 3.949722647666931152e-01 1.252161413431167603e-01
2.836351990699768066e-01 9.232331514358520508e-01 3.578579425811767578e-01 3.454668521881103516e-01 1.226103231310844421e-01 0.000000000000000000e+00 2.376780509948730469e-01 7.949912548065185547e-01 3.599078059196472168e-01 3.081108033657073975e-01 8.224167674779891968e-02 7.929924875497817993e-03
7.377263903617858887e-01 2.159750089049339294e-02 3.189847171306610107e-01 8.487699627876281738e-01 8.681755065917968750e-01 0.000000000000000000e+00 7.954959273338317871e-01 1.650725901126861572e-01 7.249937057495117188e-01 5.847187638282775879e-01 9.001505374908447266e-01 5.425020679831504822e-02
2.742500007152557373e-01 2.431666702032089233e-01 6.825000047683715820e-02 1.872500032186508179e-01 7.892500162124633789e-01 7.933375239372253418e-01 2.925377488136291504e-01 4.097660779953002930e-01 2.121564447879791260e-01 2.023177742958068848e-01 7.993959784507751465e-01 7.565736770629882812e-01
5.228049159049987793e-01 2.051334977149963379e-01 9.120671153068542480e-01 9.370580911636352539e-01 9.510552287101745605e-01 0.000000000000000000e+00 7.230391502380371094e-01 3.043331205844879150e-01 7.107912898063659668e-01 8.375195264816284180e-01 9.372643828392028809e-01 1.547379978001117706e-02
1.117499992251396179e-01 3.808333277702331543e-01 1.052500009536743164e-01 5.272499918937683105e-01 7.074999809265136719e-02 1.810224950313568115e-01 1.432929486036300659e-01 3.196534216403961182e-01 1.383225917816162109e-01 4.801281094551086426e-01 6.564058363437652588e-02 6.500390917062759399e-02
5.647554993629455566e-02 8.230205178260803223e-01 1.155360043048858643e-02 2.796781957149505615e-01 9.580357074737548828e-01 0.000000000000000000e+00 1.596764475107192993e-01 9.561887979507446289e-01 9.998290985822677612e-02 3.610143065452575684e-01 9.806030392646789551e-01 1.486263208789750934e-04
5.967500209808349609e-01 5.328333377838134766e-01 5.092499852180480957e-01 5.947499871253967285e-01 3.992500007152557373e-01 3.740724921226501465e-01 6.835073828697204590e-01 4.669469594955444336e-01 4.241038560867309570e-01 4.404866397380828857e-01 4.126449525356292725e-01 2.495208680629730225e-01
5.383807420730590820e-01 1.416289955377578735e-01 1.945949974469840527e-03 3.711903095245361328e-01 5.422427058219909668e-01 0.000000000000000000e+00 5.736509561538696289e-01 2.170825004577636719e-01 2.567538619041442871e-01 2.122735232114791870e-01 5.477799773216247559e-01 4.290325641632080078e-01
5.117391943931579590e-01 6.542023420333862305e-01 8.256343603134155273e-01 3.051897585391998291e-01 8.862998485565185547e-01 0.000000000000000000e+00 5.763204097747802734e-01 6.898164749145507812e-01 5.737498998641967773e-01 4.308291077613830566e-01 8.948110938072204590e-01 1.878764294087886810e-02
2.522499859333038330e-01 2.831666767597198486e-01 6.997500061988830566e-01 4.477500021457672119e-01 3.902499973773956299e-01 6.982975006103515625e-01 2.372267395257949829e-01 4.371015429496765137e-01 6.782976984977722168e-01 6.062219738960266113e-01 3.888932168483734131e-01 6.809014678001403809e-01
6.573607325553894043e-01 9.050186872482299805e-01 4.313960671424865723e-01 4.462569952011108398e-02 6.128290295600891113e-01 0.000000000000000000e+00 6.561750173568725586e-01 7.201999425888061523e-01 1.967727690935134888e-01 6.823779642581939697e-02 5.895355343818664551e-01 4.662898927927017212e-02
6.422500014305114746e-01 5.651666522026062012e-01 7.967500090599060059e-01 4.024999961256980896e-02 5.324999988079071045e-02 3.255625069141387939e-01 6.733449101448059082e-01 3.079223334789276123e-01 4.538404047489166260e-01 1.586231738328933716e-01 8.987368643283843994e-02 5.368566513061523438e-01
8.624999970197677612e-02 7.328333258628845215e-01 8.352500200271606445e-01 5.232499837875366211e-01 8.042500019073486328e-01 1.424124985933303833e-01 1.227267235517501831e-01 6.941817998886108398e-01 7.803574800491333008e-01 5.918801426887512207e-01 8.522741198539733887e-01 1.283442229032516479e-01
9.192500114440917969e-01 4.514999985694885254e-01 6.262500286102294922e-01 7.275000214576721191e-02 7.157499790191650391e-01 9.665874838829040527e-01 8.748469948768615723e-01 4.438255429267883301e-01 4.978877604007720947e-01 2.114508301019668579e-01 6.698613166809082031e-01 6.901079416275024414e-01
8.884927630424499512e-01 1.567738354206085205e-01 2.968280613422393799e-01 4.225051999092102051e-01 7.131811976432800293e-01 0.000000000000000000e+00 8.235663771629333496e-01 2.053475528955459595e-01 5.543902516365051270e-01 2.877002656459808350e-01 7.476543784141540527e-01 1.557658985257148743e-02
4.887422025203704834e-01 9.504593610763549805e-01 4.026072025299072266e-01 3.760915696620941162e-01 7.983440756797790527e-01 0.000000000000000000e+00 4.471084773540496826e-01 8.824538588523864746e-01 3.115218579769134521e-01 5.952520370483398438e-01 8.325213193893432617e-01 3.697631414979696274e-03
6.105227395892143250e-02 7.317141890525817871e-01 1.176311224699020386e-01 3.981916010379791260e-01 2.219872027635574341e-01 0.000000000000000000e+00 5.756186693906784058e-02 8.012855052947998047e-01 1.157748922705650330e-01 5.165673494338989258e-01 1.660972237586975098e-01 2.487554214894771576e-03
8.829076290130615234e-01 5.042549967765808105e-02 7.345488667488098145e-01 9.351281523704528809e-01 4.538421332836151123e-01 0.000000000000000000e+00 8.896665573120117188e-01 2.201545089483261108e-01 8.733358383178710938e-01 9.184994697570800781e-01 4.207344949245452881e-01 6.015847902745008469e-04
7.537500262260437012e-01 7.048333287239074707e-01 1.892500072717666626e-01 9.274999797344207764e-02 6.372500061988830566e-01 8.240274786949157715e-01 6.869025826454162598e-01 6.794594526290893555e-01 1.081644371151924133e-01 2.535710334777832031e-01 6.526288390159606934e-01 7.485774159431457520e-01
2.342125177383422852e-01 2.655666554346680641e-03 4.727514982223510742e-01 6.634221076965332031e-01 6.983384490013122559e-01 0.000000000000000000e+00 2.698964476585388184e-01 1.259950250387191772e-01 6.652517914772033691e-01 4.037292897701263428e-01 7.027152180671691895e-01 7.903952151536941528e-03
6.761931777000427246e-01 1.398346722126007080e-01 5.644291639328002930e-01 7.815052568912506104e-02 2.265651226043701172e-01 0.000000000000000000e+00 6.003208756446838379e-01 1.796651184558868408e-01 5.726051926612854004e-01 2.274961620569229126e-01 2.570239901542663574e-01 7.391536235809326172e-02
5.807499885559082031e-01 3.148333430290222168e-01 5.957499742507934570e-01 1.624999940395355225e-02 9.624999761581420898e-02 6.359274983406066895e-01 5.437359809875488281e-01 2.699759602546691895e-01 5.020324587821960449e-01 1.141815260052680969e-01 8.782783150672912598e-02 6.071278452873229980e-01
7.657499909400939941e-01 6.545000076293945312e-01 7.587500214576721191e-01 7.607499957084655762e-01 2.025000005960464478e-02 9.007524847984313965e-01 8.063972592353820801e-01 4.096532762050628662e-01 6.137996912002563477e-01 4.487319588661193848e-01 7.342093437910079956e-02 3.265517354011535645e-01
4.199803471565246582e-01 9.504278302192687988e-01 9.882931709289550781e-01 7.862676382064819336e-01 9.392349123954772949e-01 0.000000000000000000e+00 4.476751089096069336e-01 8.332179188728332520e-01 7.481856346130371094e-01 8.545405268669128418e-01 8.978946805000305176e-01 6.944841239601373672e-03
3.092090785503387451e-01 4.741874933242797852e-01 4.521791934967041016e-01 8.010124787688255310e-03 3.066777884960174561e-01 0.000000000000000000e+00 2.796272337436676025e-01 4.574991762638092041e-01 3.483722507953643799e-01 7.522041350603103638e-02 2.673847973346710205e-01 2.401514723896980286e-02
8.169860839843750000e-01 4.174965023994445801e-01 5.605835914611816406e-01 6.968985795974731445e-01 8.543722033500671387e-01 0.000000000000000000e+00 8.194003701210021973e-01 4.188729524612426758e-01 6.274225115776062012e-01 6.584278345108032227e-01 8.739288449287414551e-01 1.178217213600873947e-02
5.967500209808349609e-01 5.328333377838134766e-01 5.092499852180480957e-01 5.947499871253967285e-01 3.992500007152557373e-01 3.740724921226501465e-01 6.835073828697204590e-01 4.669469594955444336e-01 4.241038560867309570e-01 4.404866397380828857e-01 4.126449525356292725e-01 2.495208680629730225e-01
7.426000200212001801e-03 4.802386760711669922e-01 5.515422224998474121e-01 9.036992788314819336e-01 1.790134459733963013e-01 0.000000000000000000e+00 1.021481398493051529e-02 6.492848396301269531e-01 9.403917193412780762e-01 9.168046116828918457e-01 1.708580702543258667e-01 2.224230952560901642e-02
7.137500047683715820e-01 4.058333337306976318e-01 9.047499895095825195e-01 5.977500081062316895e-01 2.067500054836273193e-01 6.522625088691711426e-01 7.671309113502502441e-01 3.056390583515167236e-01 7.433374524116516113e-01 4.682443141937255859e-01 2.169226706027984619e-01 4.175301492214202881e-01
3.827037662267684937e-02 9.629175066947937012e-01 1.015226021409034729e-01 4.530841410160064697e-01 5.564384460449218750e-01 0.000000000000000000e+00 8.237728476524353027e-02 9.486028552055358887e-01 2.404490485787391663e-02 2.919605374336242676e-01 6.781367659568786621e-01 4.949127742293057963e-06
8.425000309944152832e-02 3.655000030994415283e-01 1.875000074505805969e-02 4.672499895095825195e-01 2.232500016689300537e-01 3.839724957942962646e-01 1.377919316291809082e-01 5.072553157806396484e-01 1.516951173543930054e-01 5.705538392066955566e-01 1.831773221492767334e-01 5.214378833770751953e-01
1.410933732986450195e-01 8.972766995429992676e-02 2.542624771595001221e-01 8.673640489578247070e-01 9.529482722282409668e-01 0.000000000000000000e+00 2.255332022905349731e-01 2.232131212949752808e-01 6.546695232391357422e-01 6.381996870040893555e-01 9.207271933555603027e-01 1.962700486183166504e-02
6.368587613105773926e-01 7.910130023956298828e-01 5.132490992546081543e-01 1.371410936117172241e-01 8.804840445518493652e-01 0.000000000000000000e+00 5.947003960609436035e-01 7.263341546058654785e-01 4.413029551506042480e-01 2.632573544979095459e-01 8.795856833457946777e-01 4.268813133239746094e-02
2.152500003576278687e-01 8.138333559036254883e-01 9.817500114440917969e-01 6.437500119209289551e-01 5.357499718666076660e-01 7.557175159454345703e-01 2.178333252668380737e-01 7.075584530830383301e-01 7.699668407440185547e-01 7.264779210090637207e-01 5.400176048278808594e-01 7.966716289520263672e-01
7.415388822555541992e-01 9.491593241691589355e-01 1.610819995403289795e-01 1.048060730099678040e-01 1.807884573936462402e-01 0.000000000000000000e+00 7.247759699821472168e-01 7.075355648994445801e-01 6.774403899908065796e-02 8.517527580261230469e-02 1.884537041187286377e-01 2.728047966957092285e-02
1.967500001192092896e-01 5.351666808128356934e-01 5.907499790191650391e-01 6.075000017881393433e-02 9.127500057220458984e-01 9.522324800491333008e-01 2.205361872911453247e-01 4.532769918441772461e-01 4.946855306625366211e-01 2.257283180952072144e-01 9.688187241554260254e-01 9.049869179725646973e-01
1.612499952316284180e-01 5.575000047683715820e-01 7.357500195503234863e-01 9.762499928474426270e-01 4.097500145435333252e-01 1.617175042629241943e-01 1.746458262205123901e-01 6.006100177764892578e-01 7.842333316802978516e-01 9.265176057815551758e-01 4.164935350418090820e-01 1.159492582082748413e-01
3.897500038146972656e-01 7.645000219345092773e-01 2.977499961853027344e-01 9.697499871253967285e-01 2.027499973773956299e-01 3.577375113964080811e-01 4.156327545642852783e-01 7.113916277885437012e-01 3.530019223690032959e-01 7.635240554809570312e-01 2.386053949594497681e-01 2.587061822414398193e-01
8.312522172927856445e-01 7.412030100822448730e-01 4.365137591958045959e-02 7.993530631065368652e-01 3.120857775211334229e-01 0.000000000000000000e+00 8.694404959678649902e-01 9.098311066627502441e-01 2.810626924037933350e-01 5.740244984626770020e-01 2.635678946971893311e-01 1.693688565865159035e-03
9.242500066757202148e-01 5.005000233650207520e-01 6.162499785423278809e-01 5.257499814033508301e-01 7.982500195503234863e-01 2.864575088024139404e-01 8.945537209510803223e-01 3.120778799057006836e-01 5.938156247138977051e-01 5.096411108970642090e-01 7.779652476310729980e-01 1.305199265480041504e-01
8.550763130187988281e-01 5.532580018043518066e-01 9.489028453826904297e-01 4.617718458175659180e-01 9.163523912429809570e-01 0.000000000000000000e+00 8.636882305145263672e-01 6.998935341835021973e-01 6.521500945091247559e-01 7.127181887626647949e-01 8.915776610374450684e-01 2.386580454185605049e-03
9.242500066757202148e-01 5.005000233650207520e-01 6.162499785423278809e-01 5.257499814033508301e-01 7.982500195503234863e-01 2.864575088024139404e-01 8.945537209510803223e-01 3.120778799057006836e-01 5.938156247138977051e-01 5.096411108970642090e-01 7.779652476310729980e-01 1.305199265480041504e-01
9.157500267028808594e-01 3.728333413600921631e-01 5.482500195503234863e-01 9.407500028610229492e-01 3.007499873638153076e-01 1.988424956798553467e-01 9.505894780158996582e-01 4.303821623325347900e-01 7.044634222984313965e-01 7.731650471687316895e-01 3.010557889938354492e-01 5.528003573417663574e-01
9.370364546775817871e-01 8.144255280494689941e-01 8.401516079902648926e-01 2.816185057163238525e-01 1.222525024786591530e-03 0.000000000000000000e+00 8.853198885917663574e-01 7.732077240943908691e-01 5.290938019752502441e-01 4.894196689128875732e-01 3.422161564230918884e-02 8.874649647623300552e-04
4.192500114440917969e-01 8.331666588783264160e-01 2.402500063180923462e-01 3.272500038146972656e-01 2.727499902248382568e-01 9.462925195693969727e-01 3.993968963623046875e-01 6.834288239479064941e-01 2.116537839174270630e-01 2.375881969928741455e-01 2.946903705596923828e-01 8.191853761672973633e-01
3.627499938011169434e-01 5.935000181198120117e-01 5.862500071525573730e-01 1.075000036507844925e-02 5.074999853968620300e-02 5.156425237655639648e-01 3.554604053497314453e-01 3.897575736045837402e-01 3.476131856441497803e-01 9.366293251514434814e-02 8.542238175868988037e-02 3.541452586650848389e-01
2.874537110328674316e-01 5.757691860198974609e-01 6.644427180290222168e-01 4.446263611316680908e-01 6.055549383163452148e-01 0.000000000000000000e+00 3.275342285633087158e-01 4.107648730278015137e-01 5.544086098670959473e-01 2.944874763488769531e-01 6.251144409179687500e-01 1.399724036455154419e-01
9.242500066757202148e-01 5.005000233650207520e-01 6.162499785423278809e-01 5.257499814033508301e-01 7.982500195503234863e-01 2.864575088024139404e-01 8.945537209510803223e-01 3.120778799057006836e-01 5.938156247138977051e-01 5.096411108970642090e-01 7.779652476310729980e-01 1.305199265480041504e-01
3.556940555572509766e-01 2.245571613311767578e-01 2.314097434282302856e-02 8.734422326087951660e-01 8.319692313671112061e-02 0.000000000000000000e+00 3.725004196166992188e-01 3.492971360683441162e-01 2.684029936790466309e-01 5.839830636978149414e-01 6.046976894140243530e-02 4.801840987056493759e-03
7.737500071525573730e-01 4.474999904632568359e-01 6.207500100135803223e-01 8.602499961853027344e-01 5.787500143051147461e-01 4.166424870491027832e-01 7.986593842506408691e-01 5.016589760780334473e-01 5.864154696464538574e-01 8.108698129653930664e-01 5.457437634468078613e-01 4.277794063091278076e-01
1.949034184217453003e-01 2.457083389163017273e-02 5.687105059623718262e-01 6.477002501487731934e-01 2.307687997817993164e-01 0.000000000000000000e+00 1.311429589986801147e-01 1.458200365304946899e-01 8.202596306800842285e-01 6.695341467857360840e-01 2.603848874568939209e-01 1.598151167854666710e-03
9.786381721496582031e-01 8.955863118171691895e-01 2.070432007312774658e-01 4.431430101394653320e-01 5.755654573440551758e-01 0.000000000000000000e+00 9.260756373405456543e-01 8.140629529953002930e-01 2.851920425891876221e-01 3.146142363548278809e-01 5.605713129043579102e-01 8.117591962218284607e-03
6.025974750518798828e-01 2.361356616020202637e-01 9.938470274209976196e-02 5.698785185813903809e-02 8.001449704170227051e-02 0.000000000000000000e+00 5.233948826789855957e-01 2.299923598766326904e-01 1.594429612159729004e-01 1.793025732040405273e-01 6.731145828962326050e-02 1.138158664107322693e-01
6.422500014305114746e-01 5.651666522026062012e-01 7.967500090599060059e-01 4.024999961256980896e-02 5.324999988079071045e-02 3.255625069141387939e-01 6.733449101448059082e-01 3.079223334789276123e-01 4.538404047489166260e-01 1.586231738328933716e-01 8.987368643283843994e-02 5.368566513061523438e-01
8.874999731779098511e-02 5.541666746139526367e-01 6.437500119209289551e-01 8.057500123977661133e-01 3.427500128746032715e-01 7.666075229644775391e-01 7.320113480091094971e-02 5.918341875076293945e-01 7.472326159477233887e-01 8.900377154350280762e-01 3.737833201885223389e-01 7.724227905273437500e-01
8.470857739448547363e-01 2.593991756439208984e-01 2.532981932163238525e-01 8.234341740608215332e-01 1.251295506954193115e-01 0.000000000000000000e+00 7.782433032989501953e-01 3.204321861267089844e-01 5.622460246086120605e-01 6.977324485778808594e-01 9.727431088685989380e-02 2.754051238298416138e-03
3.167499899864196777e-01 7.714999914169311523e-01 3.377499878406524658e-01 3.597500026226043701e-01 8.707500100135803223e-01 7.374024987220764160e-01 4.048669338226318359e-01 5.668451786041259766e-01 2.192851155996322632e-01 3.158130645751953125e-01 9.200544953346252441e-01 7.475045919418334961e-01
9.157500267028808594e-01 3.728333413600921631e-01 5.482500195503234863e-01 9.407500028610229492e-01 3.007499873638153076e-01 1.988424956798553467e-01 9.505894780158996582e-01 4.303821623325347900e-01 7.044634222984313965e-01 7.731650471687316895e-01 3.010557889938354492e-01 5.528003573417663574e-01
9.840673208236694336e-01 8.887035250663757324e-01 1.542914807796478271e-01 5.422097444534301758e-01 8.247925639152526855e-01 0.000000000000000000e+00 8.852925300598144531e-01 7.376865148544311523e-01 2.824991941452026367e-01 5.872592329978942871e-01 8.544988036155700684e-01 1.544011477380990982e-02
9.638002514839172363e-01 3.132821619510650635e-01 2.615928649902343750e-01 9.549925327301025391e-01 1.667989045381546021e-01 0.000000000000000000e+00 7.946169972419738770e-01 3.139055967330932617e-01 6.644476652145385742e-01 8.502021431922912598e-01 1.383873075246810913e-01 8.490259642712771893e-04
9.725373387336730957e-01 1.009194999933242798e-01 3.468529880046844482e-01 6.130784749984741211e-01 2.963030040264129639e-01 0.000000000000000000e+00 7.424768209457397461e-01 1.890478879213333130e-01 8.024471402168273926e-01 6.696145534515380859e-01 3.032819032669067383e-01 7.590460777282714844e-02
3.574580848217010498e-01 2.612715065479278564e-01 6.517462134361267090e-01 3.658190667629241943e-01 4.461279809474945068e-01 0.000000000000000000e+00 3.077681362628936768e-01 2.226402163505554199e-01 6.755031347274780273e-01 4.260884225368499756e-01 4.635296761989593506e-01 2.233709581196308136e-02
9.792500138282775879e-01 2.138333320617675781e-01 2.775000035762786865e-02 8.262500166893005371e-01 7.302500009536743164e-01 2.978425025939941406e-01 8.861161470413208008e-01 3.461024165153503418e-01 2.310636788606643677e-01 8.068655133247375488e-01 7.001792788505554199e-01 3.205711543560028076e-01
5.967500209808349609e-01 5.328333377838134766e-01 5.092499852180480957e-01 5.947499871253967285e-01 3.992500007152557373e-01 3.740724921226501465e-01 6.835073828697204590e-01 4.669469594955444336e-01 4.241038560867309570e-01 4.404866397380828857e-01 4.126449525356292725e-01 2.495208680629730225e-01
2.200829535722732544e-01 8.146784901618957520e-01 7.745891213417053223e-01 3.530946373939514160e-01 2.782575488090515137e-01 0.000000000000000000e+00 1.723747253417968750e-01 8.161370754241943359e-01 7.204362154006958008e-01 3.962259888648986816e-01 1.970307230949401855e-01 2.002531588077545166e-01
4.473357200622558594e-01 3.841984868049621582e-01 3.225597739219665527e-01 2.680909037590026855e-01 2.902600169181823730e-01 0.000000000000000000e+00 4.776524007320404053e-01 3.564164042472839355e-01 2.825989425182342529e-01 2.534278631210327148e-01 2.680699229240417480e-01 2.118575423955917358e-01
9.792500138282775879e-01 2.138333320617675781e-01 2.775000035762786865e-02 8.262500166893005371e-01 7.302500009536743164e-01 2.978425025939941406e-01 8.861161470413208008e-01 3.461024165153503418e-01 2.310636788606643677e-01 8.068655133247375488e-01 7.001792788505554199e-01 3.205711543560028076e-01
8.403639197349548340e-01 3.702848255634307861e-01 4.203035533428192139e-01 4.625450074672698975e-01 6.563393473625183105e-01 0.000000000000000000e+00 8.281314373016357422e-01 4.354456067085266113e-01 6.668491959571838379e-01 3.978649675846099854e-01 7.085803747177124023e-01 5.955609083175659180e-01
2.696113884449005127e-01 1.812923401594161987e-01 9.711723327636718750e-01 4.126658737659454346e-01 8.014550805091857910e-01 0.000000000000000000e+00 3.220415711402893066e-01 2.252461016178131104e-01 7.172998785972595215e-01 4.821328222751617432e-01 8.062308430671691895e-01 1.955359987914562225e-02
6.677500009536743164e-01 6.388333439826965332e-01 2.257499992847442627e-01 1.757500022649765015e-01 1.952500045299530029e-01 1.676574945449829102e-01 6.648166775703430176e-01 6.323050856590270996e-01 1.637330800294876099e-01 1.959526836872100830e-01 2.222443819046020508e-01 8.095172792673110962e-02
7.137500047683715820e-01 4.058333337306976318e-01 9.047499895095825195e-01 5.977500081062316895e-01 2.067500054836273193e-01 6.522625088691711426e-01 7.671309113502502441e-01 3.056390583515167236e-01 7.433374524116516113e-01 4.682443141937255859e-01 2.169226706027984619e-01 4.175301492214202881e-01
7.072124481201171875e-01 3.706884980201721191e-01 9.655199944972991943e-02 6.508925557136535645e-01 6.730204224586486816e-01 0.000000000000000000e+00 6.623303890228271484e-01 6.675186157226562500e-01 4.250119924545288086e-01 4.209651947021484375e-01 7.135343551635742188e-01 3.432185575366020203e-02
7.588603496551513672e-01 9.343250095844268799e-02 9.908139705657958984e-01 9.663170576095581055e-01 5.209218263626098633e-01 0.000000000000000000e+00 8.926481008529663086e-01 1.992712914943695068e-01 8.488216996192932129e-01 9.055795669555664062e-01 4.957259893417358398e-01 2.170698484405875206e-03
9.544151425361633301e-01 2.193515002727508545e-01 1.835678070783615112e-01 2.082073688507080078e-01 5.119031071662902832e-01 0.000000000000000000e+00 7.101395726203918457e-01 1.924447864294052124e-01 4.979987740516662598e-01 3.125592172145843506e-01 5.228382945060729980e-01 4.521358385682106018e-02
6.075000017881393433e-02 1.908333301544189453e-01 2.627499997615814209e-01 1.117499992251396179e-01 8.874999731779098511e-02 7.156224846839904785e-01 4.078643023967742920e-02 2.455162853002548218e-01 2.710207104682922363e-01 1.920694112777709961e-01 5.111299455165863037e-02 6.945106387138366699e-01
6.177499890327453613e-01 6.188333630561828613e-01 4.407500028610229492e-01 3.187499940395355225e-01 5.037500262260437012e-01 1.216225028038024902e-01 6.356289982795715332e-01 5.946651101112365723e-01 4.659596383571624756e-01 2.952539324760437012e-01 5.081640481948852539e-01 1.449073404073715210e-01
8.042500019073486328e-01 3.201666772365570068e-01 9.007499814033508301e-01 2.692500054836273193e-01 5.424999818205833435e-02 4.606975018978118896e-01 8.678379058837890625e-01 3.672893941402435303e-01 6.254293322563171387e-01 3.013196289539337158e-01 7.280419021844863892e-02 4.244548976421356201e-01
6.842499971389770508e-01 2.198333293199539185e-01 5.412499904632568359e-01 3.177500069141387939e-01 4.387499988079071045e-01 1.097424998879432678e-01 8.157886862754821777e-01 2.226663678884506226e-01 4.791020750999450684e-01 1.902832686901092529e-01 4.065484106540679932e-01 8.956781029701232910e-02
7.398933768272399902e-01 4.122161567211151123e-01 8.538177609443664551e-01 5.674414634704589844e-01 4.124839305877685547e-01 0.000000000000000000e+00 7.295885086059570312e-01 2.991546392440795898e-01 7.697222232818603516e-01 6.455011963844299316e-01 4.418024718761444092e-01 3.549762964248657227e-01
4.812155067920684814e-01 9.445573091506958008e-01 7.934851050376892090e-01 5.285076498985290527e-01 8.380839228630065918e-01 0.000000000000000000e+00 4.908752143383026123e-01 8.399575352668762207e-01 6.603856086730957031e-01 6.296165585517883301e-01 8.420036435127258301e-01 8.882666006684303284e-03
4.183486104011535645e-01 9.357301592826843262e-01 4.602433443069458008e-01 6.157137453556060791e-02 9.575512409210205078e-01 0.000000000000000000e+00 4.016261398792266846e-01 8.458682298660278320e-01 4.031997621059417725e-01 3.090687394142150879e-01 9.297384619712829590e-01 7.412480190396308899e-03
3.182500004768371582e-01 1.988333314657211304e-01 7.272499799728393555e-01 1.267500072717666626e-01 9.882500171661376953e-01 8.598250150680541992e-02 3.762601315975189209e-01 2.697553038597106934e-01 6.174335479736328125e-01 3.398101031780242920e-01 8.661844134330749512e-01 8.389700204133987427e-02
4.372482001781463623e-01 1.277453303337097168e-01 1.684291809797286987e-01 1.096413284540176392e-01 5.242096781730651855e-01 0.000000000000000000e+00 4.929070174694061279e-01 2.017159461975097656e-01 1.602659225463867188e-01 1.187933683395385742e-01 5.021699070930480957e-01 1.583748310804367065e-01
7.432500123977661133e-01 3.411666750907897949e-01 5.337499976158142090e-01 6.142500042915344238e-01 6.477500200271606445e-01 9.002575278282165527e-01 7.458530664443969727e-01 3.464989662170410156e-01 6.018899083137512207e-01 5.057975053787231445e-01 6.432291269302368164e-01 7.198408842086791992e-01
4.306537508964538574e-01 7.542253136634826660e-01 7.457005381584167480e-01 8.294911980628967285e-01 2.491653561592102051e-01 0.000000000000000000e+00 4.675163626670837402e-01 6.625136137008666992e-01 5.555936098098754883e-01 7.967014908790588379e-01 2.052086591720581055e-01 1.507678180932998657e-01
8.616008162498474121e-01 8.647099882364273071e-02 9.286487102508544922e-01 2.911611199378967285e-01 8.118242770433425903e-02 0.000000000000000000e+00 8.540578484535217285e-01 2.977955043315887451e-01 7.027858495712280273e-01 5.882652997970581055e-01 7.561419904232025146e-02 7.834984920918941498e-03
1.120094731450080872e-01 9.802378416061401367e-01 2.565832436084747314e-01 8.074129223823547363e-01 2.647497653961181641e-01 0.000000000000000000e+00 3.818821907043457031e-02 9.429423213005065918e-01 1.743041276931762695e-01 8.738134503364562988e-01 1.808001548051834106e-01 6.848221801192266867e-06
1.612499952316284180e-01 5.575000047683715820e-01 7.357500195503234863e-01 9.762499928474426270e-01 4.097500145435333252e-01 1.617175042629241943e-01 1.746458262205123901e-01 6.006100177764892578e-01 7.842333316802978516e-01 9.265176057815551758e-01 4.164935350418090820e-01 1.159492582082748413e-01
6.227499842643737793e-01 5.504999756813049316e-01 9.182500243186950684e-01 2.882499992847442627e-01 4.312500059604644775e-01 7.106724977493286133e-01 6.371273994445800781e-01 4.082842767238616943e-01 8.113033175468444824e-01 2.169197946786880493e-01 4.245160222053527832e-01 6.602866649627685547e-01
2.119229733943939209e-01 6.932801604270935059e-01 3.603738844394683838e-01 5.283439755439758301e-01 9.070212244987487793e-01 0.000000000000000000e+00 2.494451254606246948e-01 7.450635433197021484e-01 4.763883352279663086e-01 5.060757994651794434e-01 8.881531953811645508e-01 4.368309676647186279e-02
5.567499995231628418e-01 4.368333220481872559e-01 8.874999731779098511e-02 9.472500085830688477e-01 8.372499942779541016e-01 5.433624982833862305e-01 5.525106787681579590e-01 5.538942217826843262e-01 1.807322055101394653e-01 9.102043509483337402e-01 8.046188950538635254e-01 5.647553205490112305e-01
7.259038686752319336e-01 8.153769969940185547e-01 5.851051211357116699e-01 9.675108790397644043e-01 9.081756472587585449e-01 0.000000000000000000e+00 8.703539371490478516e-01 5.678068399429321289e-01 4.652186036109924316e-01 7.608645558357238770e-01 9.001513719558715820e-01 1.250801049172878265e-02
7.588603496551513672e-01 9.343250095844268799e-02 9.908139705657958984e-01 9.663170576095581055e-01 5.209218263626098633e-01 0.000000000000000000e+00 8.926481008529663086e-01 1.992712914943695068e-01 8.488216996192932129e-01 9.055795669555664062e-01 4.957259893417358398e-01 2.170698484405875206e-03
8.990244269371032715e-01 9.228695034980773926e-01 7.106547951698303223e-01 4.502633810043334961e-01 6.423152238130569458e-02 0.000000000000000000e+00 8.714193105697631836e-01 8.188346624374389648e-01 4.546351134777069092e-01 5.369340777397155762e-01 6.259423494338989258e-02 9.600780322216451168e-04
6.862499713897705078e-01 1.848333328962326050e-01 1.072499975562095642e-01 1.247500032186508179e-01 1.492500007152557373e-01 7.700725197792053223e-01 6.121943593025207520e-01 2.497246861457824707e-01 1.933696419000625610e-01 1.170732676982879639e-01 1.255597621202468872e-01 6.708089709281921387e-01
8.477500081062316895e-01 6.428333520889282227e-01 2.902500033378601074e-01 9.562500119209289551e-01 7.402499914169311523e-01 1.780524998903274536e-01 8.575082421302795410e-01 6.321749091148376465e-01 3.739635646343231201e-01 8.284835219383239746e-01 7.123256325721740723e-01 4.006420075893402100e-02
9.942499995231628418e-01 2.911666631698608398e-01 8.725000172853469849e-02 9.897500276565551758e-01 3.057500123977661133e-01 6.082075238227844238e-01 9.277446866035461426e-01 3.824188709259033203e-01 2.497566044330596924e-01 6.799997091293334961e-01 3.204202055931091309e-01 3.495790660381317139e-01
2.075129449367523193e-01 4.705854952335357666e-01 9.845800995826721191e-01 8.438133001327514648e-01 3.860053420066833496e-01 0.000000000000000000e+00 1.982864886522293091e-01 4.171556830406188965e-01 7.575683593750000000e-01 9.140254855155944824e-01 4.056789278984069824e-01 2.448605932295322418e-02
7.409644126892089844e-01 3.910729885101318359e-01 4.070068299770355225e-01 3.994620740413665771e-01 9.847363829612731934e-01 0.000000000000000000e+00 7.233460545539855957e-01 4.656192362308502197e-01 5.375261306762695312e-01 4.861053824424743652e-01 9.534020423889160156e-01 7.611314207315444946e-02
4.324999824166297913e-02 3.465000092983245850e-01 9.724999964237213135e-02 9.907500147819519043e-01 2.837499976158142090e-01 4.750525057315826416e-01 5.929239094257354736e-02 3.859235048294067383e-01 1.051065251231193542e-01 9.033761024475097656e-01 2.269213795661926270e-01 4.204031229019165039e-01
3.405594229698181152e-01 3.869643211364746094e-01 8.161277770996093750e-01 9.535209536552429199e-01 7.300400137901306152e-01 0.000000000000000000e+00 3.522988855838775635e-01 2.919049859046936035e-01 8.036247491836547852e-01 8.490318655967712402e-01 7.685218453407287598e-01 4.087290540337562561e-02
1.317500025033950806e-01 3.211666643619537354e-01 9.142500162124633789e-01 2.262499928474426270e-01 9.742500185966491699e-01 8.720424771308898926e-01 1.426819264888763428e-01 3.186581432819366455e-01 7.459711432456970215e-01 2.412195652723312378e-01 9.166346788406372070e-01 7.918803095817565918e-01
7.232499718666076660e-01 4.351666569709777832e-01 1.682499945163726807e-01 6.122499704360961914e-01 1.682499945163726807e-01 6.502825021743774414e-01 7.630702257156372070e-01 4.052183330059051514e-01 1.605167835950851440e-01 3.221570551395416260e-01 1.566022187471389771e-01 2.833549976348876953e-01
2.907499969005584717e-01 4.438333213329315186e-01 6.312500238418579102e-01 9.792500138282775879e-01 9.562500119209289551e-01 8.215525150299072266e-01 3.117993175983428955e-01 5.238520503044128418e-01 7.096621394157409668e-01 8.820502758026123047e-01 8.795846104621887207e-01 8.427841067314147949e-01
2.968175411224365234e-01 7.251818180084228516e-01 8.726145029067993164e-01 7.148128747940063477e-01 4.491889849305152893e-02 0.000000000000000000e+00 2.847435772418975830e-01 6.310769319534301758e-01 5.336859226226806641e-01 8.113664388656616211e-01 5.499309673905372620e-02 2.266448549926280975e-02
9.972500205039978027e-01 4.148333370685577393e-01 4.582499861717224121e-01 3.007499873638153076e-01 2.467499971389770508e-01 2.361249923706054688e-02 9.230262041091918945e-01 4.140741825103759766e-01 4.975402951240539551e-01 2.777792811393737793e-01 2.162966728210449219e-01 1.439760029315948486e-01
2.836351990699768066e-01 9.232331514358520508e-01 3.578579425811767578e-01 3.454668521881103516e-01 1.226103231310844421e-01 0.000000000000000000e+00 2.376780509948730469e-01 7.949912548065185547e-01 3.599078059196472168e-01 3.081108033657073975e-01 8.224167674779891968e-02 7.929924875497817993e-03
6.075000017881393433e-02 1.908333301544189453e-01 2.627499997615814209e-01 1.117499992251396179e-01 8.874999731779098511e-02 7.156224846839904785e-01 4.078643023967742920e-02 2.455162853002548218e-01 2.710207104682922363e-01 1.920694112777709961e-01 5.111299455165863037e-02 6.945106387138366699e-01
3.701446950435638428e-01 6.427615284919738770e-01 7.392830848693847656e-01 2.274356037378311157e-01 3.362912237644195557e-01 0.000000000000000000e+00 3.587881028652191162e-01 6.479804515838623047e-01 6.728762984275817871e-01 2.406681030988693237e-01 3.275090456008911133e-01 1.305207163095474243e-01
2.967500090599060059e-01 7.678333520889282227e-01 5.277500152587890625e-01 8.107500076293945312e-01 8.812500238418579102e-01 2.077524960041046143e-01 3.378881216049194336e-01 7.617896199226379395e-01 5.658932328224182129e-01 8.696960210800170898e-01 8.766314387321472168e-01 5.006590113043785095e-02
6.014608144760131836e-01 9.651558399200439453e-01 9.763500690460205078e-01 7.580374833196401596e-03 2.421023547649383545e-01 0.000000000000000000e+00 5.696220397949218750e-01 6.510244011878967285e-01 3.019627928733825684e-01 1.732587814331054688e-01 2.573130428791046143e-01 7.991337031126022339e-02
5.922499895095825195e-01 3.555000126361846924e-01 8.552500009536743164e-01 7.402499914169311523e-01 2.752499878406524658e-01 4.394125044345855713e-01 6.317406892776489258e-01 3.375167548656463623e-01 6.897664070129394531e-01 7.217056155204772949e-01 2.803367972373962402e-01 3.963575065135955811e-01
4.085108935832977295e-01 5.053573250770568848e-01 4.547305032610893250e-02 2.081873565912246704e-01 1.128010973334312439e-01 0.000000000000000000e+00 3.786208927631378174e-01 6.878831982612609863e-01 1.079076230525970459e-01 1.483187228441238403e-01 1.005222871899604797e-01 4.234119504690170288e-02
2.509523928165435791e-01 5.779113173484802246e-01 8.963051438331604004e-01 6.438804864883422852e-01 6.868481040000915527e-01 0.000000000000000000e+00 2.455359548330307007e-01 5.424007773399353027e-01 7.542822360992431641e-01 6.706174612045288086e-01 6.886893510818481445e-01 7.643222343176603317e-03
4.455965161323547363e-01 8.108526468276977539e-01 9.105196595191955566e-01 9.226640462875366211e-01 3.977015912532806396e-01 0.000000000000000000e+00 4.476512670516967773e-01 7.617670297622680664e-01 7.039716839790344238e-01 8.965939283370971680e-01 3.769990205764770508e-01 3.403377905488014221e-02
8.067499995231628418e-01 7.524999976158142090e-01 9.367499947547912598e-01 5.612499713897705078e-01 4.272499978542327881e-01 8.769925236701965332e-01 7.410786151885986328e-01 6.052210927009582520e-01 8.583413958549499512e-01 5.536467432975769043e-01 4.235017001628875732e-01 7.989107966423034668e-01
3.377499878406524658e-01 3.161666691303253174e-01 6.292499899864196777e-01 8.542500138282775879e-01 1.362500041723251343e-01 4.390750080347061157e-02 3.695358932018280029e-01 3.171858489513397217e-01 6.862044334411621094e-01 7.131166458129882812e-01 1.231655552983283997e-01 2.497503347694873810e-02
4.422500133514404297e-01 1.764999926090240479e-01 4.402500092983245850e-01 1.772499978542327881e-01 7.625000178813934326e-02 4.319874942302703857e-01 4.920676648616790771e-01 1.930623054504394531e-01 4.083477556705474854e-01 1.041694357991218567e-01 6.894422322511672974e-02 4.271064400672912598e-01
7.524812221527099609e-01 2.762005031108856201e-01 1.715544760227203369e-01 6.970486044883728027e-01 4.466609656810760498e-01 0.000000000000000000e+00 7.488209009170532227e-01 5.697830915451049805e-01 2.750512659549713135e-01 7.136223912239074707e-01 4.651914834976196289e-01 4.629622772336006165e-02
2.262337952852249146e-01 7.522816658020019531e-01 2.240040004253387451e-01 6.642978787422180176e-01 3.074498772621154785e-01 0.000000000000000000e+00 2.287636101245880127e-01 7.770048975944519043e-01 3.422693908214569092e-01 5.906790494918823242e-01 2.697956264019012451e-01 2.021436952054500580e-02
4.512539803981781006e-01 9.110638499259948730e-01 3.679053485393524170e-01 2.475255280733108521e-01 1.587272435426712036e-02 0.000000000000000000e+00 3.978428244590759277e-01 7.224867343902587891e-01 1.405445337295532227e-01 2.347372472286224365e-01 3.895362466573715210e-02 1.665392518043518066e-02
9.942499995231628418e-01 2.911666631698608398e-01 8.725000172853469849e-02 9.897500276565551758e-01 3.057500123977661133e-01 6.082075238227844238e-01 9.277446866035461426e-01 3.824188709259033203e-01 2.497566044330596924e-01 6.799997091293334961e-01 3.204202055931091309e-01 3.495790660381317139e-01
6.743448376655578613e-01 4.630076587200164795e-01 6.289622783660888672e-01 8.444319963455200195e-01 8.257501721382141113e-01 0.000000000000000000e+00 7.616408467292785645e-01 4.285118877887725830e-01 6.034389734268188477e-01 7.329186201095581055e-01 8.588438630104064941e-01 5.562454834580421448e-02
6.961281895637512207e-01 9.573786854743957520e-01 3.660219609737396240e-01 2.603334784507751465e-01 4.774410426616668701e-01 0.000000000000000000e+00 6.336175799369812012e-01 8.156600594520568848e-01 2.479592412710189819e-01 2.697386741638183594e-01 4.626950323581695557e-01 2.642303891479969025e-02
7.457620501518249512e-01 4.816780090332031250e-01 8.156327605247497559e-01 7.682947814464569092e-02 2.423811554908752441e-01 0.000000000000000000e+00 7.369109988212585449e-01 4.318186640739440918e-01 4.181315600872039795e-01 3.958878219127655029e-01 2.353012710809707642e-01 4.106481075286865234e-01
2.330338209867477417e-01 7.016883045434951782e-02 2.635213434696197510e-01 5.951693654060363770e-01 1.332214474678039551e-01 0.000000000000000000e+00 2.145209461450576782e-01 2.142462134361267090e-01 4.761377274990081787e-01 4.909041821956634521e-01 1.124757751822471619e-01 1.637274771928787231e-02
8.042500019073486328e-01 3.201666772365570068e-01 9.007499814033508301e-01 2.692500054836273193e-01 5.424999818205833435e-02 4.606975018978118896e-01 8.678379058837890625e-01 3.672893941402435303e-01 6.254293322563171387e-01 3.013196289539337158e-01 7.280419021844863892e-02 4.244548976421356201e-01
3.827037662267684937e-02 9.629175066947937012e-01 1.015226021409034729e-01 4.530841410160064697e-01 5.564384460449218750e-01 0.000000000000000000e+00 8.237728476524353027e-02 9.486028552055358887e-01 2.404490485787391663e-02 2.919605374336242676e-01 6.781367659568786621e-01 4.949127742293057963e-06
6.598893404006958008e-01 6.660966873168945312e-01 5.212450027465820312e-01 6.653791666030883789e-01 5.773066282272338867e-01 0.000000000000000000e+00 6.311075687408447266e-01 6.416228413581848145e-01 4.113339483737945557e-01 7.287198901176452637e-01 5.839078426361083984e-01 8.503662049770355225e-02
9.356380254030227661e-02 5.360001921653747559e-01 2.383458465337753296e-01 1.497776955366134644e-01 1.106359995901584625e-02 0.000000000000000000e+00 6.088141724467277527e-02 5.224940180778503418e-01 2.224257588386535645e-01 1.362849175930023193e-01 3.905448317527770996e-02 5.274664610624313354e-03
2.890748381614685059e-01 1.714843362569808960e-01 8.002722263336181641e-01 3.826674222946166992e-01 2.275328040122985840e-01 0.000000000000000000e+00 2.554856240749359131e-01 1.898700743913650513e-01 6.166734695434570312e-01 6.152295470237731934e-01 2.239566892385482788e-01 4.846658091992139816e-03
3.762499988079071045e-01 2.175000011920928955e-01 1.457500010728836060e-01 2.972500026226043701e-01 3.892500102519989014e-01 4.686174988746643066e-01 4.237803220748901367e-01 2.861302196979522705e-01 1.657485514879226685e-01 3.208104074001312256e-01 3.538145720958709717e-01 3.663206398487091064e-01
1.449487060308456421e-01 8.542066812515258789e-02 7.684820294380187988e-01 3.116489946842193604e-01 7.881475090980529785e-01 0.000000000000000000e+00 1.521799415349960327e-01 1.148711740970611572e-01 7.229007482528686523e-01 4.275087714195251465e-01 8.217692971229553223e-01 3.175034653395414352e-03
3.992500007152557373e-01 4.884999990463256836e-01 2.152500003576278687e-01 9.512500166893005371e-01 1.624999940395355225e-02 1.448875069618225098e-01 4.472302198410034180e-01 4.855868518352508545e-01 3.798306286334991455e-01 6.938177943229675293e-01 5.219129845499992371e-02 8.644898235797882080e-02
8.230946063995361328e-01 5.906086564064025879e-01 1.529962718486785889e-01 6.172580122947692871e-01 6.070638298988342285e-01 0.000000000000000000e+00 8.412204980850219727e-01 5.643866062164306641e-01 4.020757675170898438e-01 3.186347186565399170e-01 6.103567481040954590e-01 1.782866418361663818e-01
9.947500228881835938e-01 4.358333349227905273e-01 7.782499790191650391e-01 2.212499976158142090e-01 7.252500057220458984e-01 2.983374893665313721e-01 9.170574545860290527e-01 3.820517659187316895e-01 7.069363594055175781e-01 3.048827946186065674e-01 6.951642036437988281e-01 3.712680041790008545e-01
3.318833112716674805e-01 1.477291733026504517e-01 1.823379993438720703e-01 4.813864827156066895e-01 6.142846941947937012e-01 0.000000000000000000e+00 3.520869314670562744e-01 3.618904650211334229e-01 6.285694241523742676e-01 2.468890398740768433e-01 6.071804165840148926e-01 8.440218865871429443e-02
1.142875775694847107e-01 2.919756770133972168e-01 7.172027230262756348e-01 3.800551295280456543e-01 9.385807514190673828e-01 0.000000000000000000e+00 1.513963639736175537e-01 3.043755590915679932e-01 6.700749993324279785e-01 4.799257516860961914e-01 9.005994796752929688e-01 2.500772662460803986e-02
5.933927893638610840e-01 8.269144892692565918e-01 6.780848503112792969e-01 8.772463202476501465e-01 4.457030594348907471e-01 0.000000000000000000e+00 6.201109290122985840e-01 7.719055414199829102e-01 5.740782618522644043e-01 8.547708988189697266e-01 4.346838891506195068e-01 4.376877471804618835e-02
8.012499809265136719e-01 2.465000003576278687e-01 1.237500011920928955e-01 8.877500295639038086e-01 9.302499890327453613e-01 4.512925148010253906e-01 7.919889688491821289e-01 5.145657658576965332e-01 3.498201668262481689e-01 8.277118802070617676e-01 8.656564950942993164e-01 2.262122780084609985e-01
9.226083755493164062e-01 6.873431801795959473e-01 5.745037794113159180e-01 2.621428370475769043e-01 4.738468229770660400e-01 0.000000000000000000e+00 8.765925765037536621e-01 4.691914319992065430e-01 3.658589720726013184e-01 3.632276952266693115e-01 4.857037067413330078e-01 5.921241641044616699e-02
6.182500123977661133e-01 3.758333325386047363e-01 4.675000160932540894e-02 1.125000044703483582e-02 5.502499938011169434e-01 6.443424820899963379e-01 6.145763993263244629e-01 3.385171592235565186e-01 1.194582954049110413e-01 1.084075272083282471e-01 5.259611606597900391e-01 7.434371113777160645e-01
9.235132336616516113e-01 9.843443036079406738e-01 4.025321006774902344e-01 3.079660236835479736e-01 3.698912635445594788e-02 0.000000000000000000e+00 8.099536895751953125e-01 7.755411267280578613e-01 2.156936675310134888e-01 4.314299821853637695e-01 5.007455125451087952e-02 7.066976279020309448e-03
9.942499995231628418e-01 2.911666631698608398e-01 8.725000172853469849e-02 9.897500276565551758e-01 3.057500123977661133e-01 6.082075238227844238e-01 9.277446866035461426e-01 3.824188709259033203e-01 2.497566044330596924e-01 6.799997091293334961e-01 3.204202055931091309e-01 3.495790660381317139e-01
3.891648650169372559e-01 2.752094864845275879e-01 8.263322710990905762e-01 8.507600426673889160e-01 5.243852362036705017e-02 0.000000000000000000e+00 4.322581887245178223e-01 2.695545554161071777e-01 6.730120182037353516e-01 8.319928646087646484e-01 6.433338671922683716e-02 1.411064411513507366e-03
5.517500042915344238e-01 6.575000286102294922e-01 1.012500002980232239e-01 8.642500042915344238e-01 5.892500281333923340e-01 6.294925212860107422e-01 5.261198878288269043e-01 6.501678824424743652e-01 2.114625126123428345e-01 8.367058634757995605e-01 5.642190575599670410e-01 5.816282629966735840e-01
7.355600595474243164e-01 6.573748588562011719e-01 9.147404432296752930e-01 4.447451829910278320e-01 9.443587660789489746e-01 0.000000000000000000e+00 7.179327607154846191e-01 4.549922347068786621e-01 6.880967617034912109e-01 5.672836899757385254e-01 9.420142769813537598e-01 1.027406007051467896e-01
1.931098699569702148e-01 2.207746654748916626e-01 9.875134825706481934e-01 1.082466244697570801e-01 7.363305091857910156e-01 0.000000000000000000e+00 1.566021293401718140e-01 1.170949637889862061e-01 8.058383464813232422e-01 3.765176236629486084e-01 7.263856530189514160e-01 6.376577657647430897e-04
1.197500005364418030e-01 7.655000090599060059e-01 3.937500119209289551e-01 4.627499878406524658e-01 2.425000071525573730e-02 7.378975152969360352e-01 9.964413195848464966e-02 5.916739106178283691e-01 2.176861464977264404e-01 4.079109430313110352e-01 1.305729895830154419e-01 7.010769248008728027e-01
1.452191025018692017e-01 6.891199946403503418e-01 3.527673482894897461e-01 4.771548509597778320e-01 3.721880167722702026e-02 0.000000000000000000e+00 7.507815957069396973e-02 6.889265179634094238e-01 2.982161045074462891e-01 5.115367770195007324e-01 5.859928578138351440e-02 3.217920428141951561e-03
3.663266301155090332e-01 9.553521871566772461e-01 6.813595890998840332e-01 7.452465295791625977e-01 2.198216468095779419e-01 0.000000000000000000e+00 3.340089917182922363e-01 8.541129231452941895e-01 5.010809898376464844e-01 8.532894849777221680e-01 1.631157547235488892e-01 2.640960738062858582e-02
9.195662140846252441e-01 7.437999825924634933e-03 2.569214403629302979e-01 8.022786974906921387e-01 8.337591290473937988e-01 0.000000000000000000e+00 8.580148816108703613e-01 1.412097662687301636e-01 6.011893749237060547e-01 6.495573520660400391e-01 8.287008404731750488e-01 1.575083122588694096e-03
4.872974753379821777e-01 4.386324882507324219e-01 3.080493509769439697e-01 5.264741182327270508e-01 4.296357929706573486e-01 0.000000000000000000e+00 5.125423073768615723e-01 7.101027965545654297e-01 5.167377591133117676e-01 4.651097655296325684e-01 4.658309817314147949e-01 1.867373436689376831e-01
5.228049159049987793e-01 2.051334977149963379e-01 9.120671153068542480e-01 9.370580911636352539e-01 9.510552287101745605e-01 0.000000000000000000e+00 7.230391502380371094e-01 3.043331205844879150e-01 7.107912898063659668e-01 8.375195264816284180e-01 9.372643828392028809e-01 1.547379978001117706e-02
8.715074658393859863e-01 2.407413274049758911e-01 3.657775521278381348e-01 2.979652285575866699e-01 1.167049035429954529e-01 0.000000000000000000e+00 8.169077634811401367e-01 5.053948163986206055e-01 4.922894239425659180e-01 3.933576941490173340e-01 9.340409934520721436e-02 9.544458240270614624e-03
9.662500023841857910e-01 2.314999997615814209e-01 1.092500016093254089e-01 8.524999767541885376e-02 3.177500069141387939e-01 6.710724830627441406e-01 8.170888423919677734e-01 3.426654338836669922e-01 1.411325633525848389e-01 1.410504877567291260e-01 3.271786272525787354e-01 5.600107908248901367e-01
4.174999892711639404e-02 7.754999995231628418e-01 2.872500121593475342e-01 9.377499818801879883e-01 2.587499916553497314e-01 1.557774990797042847e-01 7.244537770748138428e-02 7.753038406372070312e-01 3.420377969741821289e-01 9.243147373199462891e-01 3.385165631771087646e-01 1.243210677057504654e-02
8.235239386558532715e-01 3.740909993648529053e-01 9.669042229652404785e-01 1.328331679105758667e-01 4.594960510730743408e-01 0.000000000000000000e+00 8.604122400283813477e-01 3.001105189323425293e-01 5.098429322242736816e-01 4.486472904682159424e-01 4.510643482208251953e-01 1.756202876567840576e-01
5.452499985694885254e-01 3.055000007152557373e-01 9.522500038146972656e-01 7.967500090599060059e-01 7.602499723434448242e-01 7.062175273895263672e-01 5.429286956787109375e-01 3.756057620048522949e-01 8.240224719047546387e-01 8.704925775527954102e-01 7.558218240737915039e-01 7.465392947196960449e-01
1.724999956786632538e-02 2.105000019073486328e-01 3.075000084936618805e-02 3.967500030994415283e-01 8.824999630451202393e-02 2.468574941158294678e-01 5.571678653359413147e-02 2.531713247299194336e-01 1.045836433768272400e-01 3.774447441101074219e-01 2.572887763381004333e-02 1.789194792509078979e-01
6.075000017881393433e-02 1.908333301544189453e-01 2.627499997615814209e-01 1.117499992251396179e-01 8.874999731779098511e-02 7.156224846839904785e-01 4.078643023967742920e-02 2.455162853002548218e-01 2.710207104682922363e-01 1.920694112777709961e-01 5.111299455165863037e-02 6.945106387138366699e-01
4.982500076293945312e-01 3.598333299160003662e-01 6.932500004768371582e-01 8.737499713897705078e-01 3.422499895095825195e-01 8.552125096321105957e-01 5.300729274749755859e-01 4.154716134071350098e-01 7.204214334487915039e-01 7.576716542243957520e-01 3.338962495326995850e-01 6.932609677314758301e-01
7.411259412765502930e-01 8.060209751129150391e-01 1.820885017514228821e-02 9.553005099296569824e-01 4.189507663249969482e-02 0.000000000000000000e+00 8.213719725608825684e-01 9.088811874389648438e-01 2.626281976699829102e-01 5.589201450347900391e-01 4.458593204617500305e-02 1.461194042349234223e-04
9.200931787490844727e-01 2.766450047492980957e-01 8.101217150688171387e-01 6.290222406387329102e-01 5.897473096847534180e-01 0.000000000000000000e+00 8.367775678634643555e-01 2.285603433847427368e-01 7.589622735977172852e-01 8.015393614768981934e-01 6.015158891677856445e-01 3.312763199210166931e-02
5.790258049964904785e-01 3.795788288116455078e-01 6.833299398422241211e-01 2.418387234210968018e-01 6.230959892272949219e-01 0.000000000000000000e+00 6.097998023033142090e-01 2.273492962121963501e-01 4.660310447216033936e-01 3.564127683639526367e-01 6.098450422286987305e-01 6.664858013391494751e-02
2.693255543708801270e-01 2.830806672573089600e-01 8.636427670717239380e-02 9.255405068397521973e-01 2.122338563203811646e-01 0.000000000000000000e+00 3.730896115303039551e-01 3.391795456409454346e-01 2.575510144233703613e-01 6.297680735588073730e-01 1.710320264101028442e-01 5.156105756759643555e-02
4.059008359909057617e-01 8.716760277748107910e-01 2.249685823917388916e-01 5.936209559440612793e-01 6.763920187950134277e-01 0.000000000000000000e+00 3.891330361366271973e-01 8.676373958587646484e-01 1.869399696588516235e-01 5.572500228881835938e-01 6.663958430290222168e-01 1.138761918991804123e-02
9.200931787490844727e-01 2.766450047492980957e-01 8.101217150688171387e-01 6.290222406387329102e-01 5.897473096847534180e-01 0.000000000000000000e+00 8.367775678634643555e-01 2.285603433847427368e-01 7.589622735977172852e-01 8.015393614768981934e-01 6.015158891677856445e-01 3.312763199210166931e-02
6.085608601570129395e-01 2.687239944934844971e-01 2.496551275253295898e-01 1.149112507700920105e-01 2.859289050102233887e-01 0.000000000000000000e+00 6.309220194816589355e-01 3.287355005741119385e-01 1.764702349901199341e-01 1.534159928560256958e-01 3.032488822937011719e-01 5.551370978355407715e-01
9.547500014305114746e-01 3.425000011920928955e-01 2.362499982118606567e-01 2.532500028610229492e-01 3.957499861717224121e-01 4.588750004768371582e-02 8.904463052749633789e-01 3.803045749664306641e-01 3.505760133266448975e-01 2.462652474641799927e-01 3.882085084915161133e-01 1.750948280096054077e-01
8.207499980926513672e-01 3.451666533946990967e-01 3.482500016689300537e-01 8.142499923706054688e-01 9.872499704360961914e-01 8.487774729728698730e-01 7.712945938110351562e-01 2.613096833229064941e-01 2.934629321098327637e-01 8.433569669723510742e-01 9.399741888046264648e-01 5.867178440093994141e-01
6.776854395866394043e-01 1.491283327341079712e-01 2.998954989016056061e-02 4.941039085388183594e-01 2.511838078498840332e-01 0.000000000000000000e+00 5.874093174934387207e-01 3.100101649761199951e-01 4.566412866115570068e-01 4.226713478565216064e-01 2.336894720792770386e-01 1.315698307007551193e-02
5.277768969535827637e-01 8.681350201368331909e-02 7.244742512702941895e-01 7.097357511520385742e-01 5.498147606849670410e-01 0.000000000000000000e+00 5.187904238700866699e-01 2.132146954536437988e-01 7.618662118911743164e-01 7.348909378051757812e-01 5.174213647842407227e-01 7.873120903968811035e-02
9.662500023841857910e-01 2.314999997615814209e-01 1.092500016093254089e-01 8.524999767541885376e-02 3.177500069141387939e-01 6.710724830627441406e-01 8.170888423919677734e-01 3.426654338836669922e-01 1.411325633525848389e-01 1.410504877567291260e-01 3.271786272525787354e-01 5.600107908248901367e-01
3.897500038146972656e-01 7.645000219345092773e-01 2.977499961853027344e-01 9.697499871253967285e-01 2.027499973773956299e-01 3.577375113964080811e-01 4.156327545642852783e-01 7.113916277885437012e-01 3.530019223690032959e-01 7.635240554809570312e-01 2.386053949594497681e-01 2.587061822414398193e-01
9.280958175659179688e-01 4.130569994449615479e-01 4.558309316635131836e-01 6.010336875915527344e-01 2.196087539196014404e-01 0.000000000000000000e+00 8.571024537086486816e-01 5.605775713920593262e-01 5.290159583091735840e-01 6.342742443084716797e-01 1.876401901245117188e-01 9.277484379708766937e-03
1.322499960660934448e-01 3.851666748523712158e-01 7.032499909400939941e-01 9.197499752044677734e-01 3.627499938011169434e-01 8.152750134468078613e-02 1.482368707656860352e-01 4.226740896701812744e-01 7.895574569702148438e-01 8.419640064239501953e-01 3.356038331985473633e-01 1.296965405344963074e-02
1.640617474913597107e-02 1.926361620426177979e-01 1.764560937881469727e-01 1.575556993484497070e-01 1.501495689153671265e-01 0.000000000000000000e+00 7.573284953832626343e-02 2.697483003139495850e-01 1.936107128858566284e-01 1.014783680438995361e-01 1.206237375736236572e-01 9.098280966281890869e-02
7.308212518692016602e-01 7.941328287124633789e-01 4.981323778629302979e-01 1.634943485260009766e-01 7.870329618453979492e-01 0.000000000000000000e+00 7.620893120765686035e-01 5.825672149658203125e-01 4.449346661567687988e-01 1.951265037059783936e-01 8.073974847793579102e-01 8.242961764335632324e-02
6.397500038146972656e-01 7.154999971389770508e-01 5.697500109672546387e-01 5.147500038146972656e-01 6.047499775886535645e-01 3.018024861812591553e-01 6.150527000427246094e-01 6.618915796279907227e-01 5.548431873321533203e-01 5.078594684600830078e-01 5.883824229240417480e-01 1.429829895496368408e-01
8.726142644882202148e-01 3.997688293457031250e-01 3.586488366127014160e-01 9.010196924209594727e-01 3.563756048679351807e-01 0.000000000000000000e+00 8.404533863067626953e-01 4.325967431068420410e-01 5.849087238311767578e-01 8.031920194625854492e-01 3.804369866847991943e-01 2.163902819156646729e-01
4.166699051856994629e-01 5.138791799545288086e-01 9.957537055015563965e-01 2.803955376148223877e-01 2.616328895092010498e-01 0.000000000000000000e+00 3.948064148426055908e-01 5.134825706481933594e-01 6.753348112106323242e-01 4.798891246318817139e-01 2.885341346263885498e-01 1.600409299135208130e-01
1.992499977350234985e-01 3.591666519641876221e-01 9.657499790191650391e-01 3.250000067055225372e-03 8.375000208616256714e-02 1.830025017261505127e-01 1.639484316110610962e-01 3.061218261718750000e-01 8.325403928756713867e-01 8.396317809820175171e-02 1.047280281782150269e-01 6.440538167953491211e-02
2.933612763881683350e-01 7.333996891975402832e-01 6.237332820892333984e-01 9.018302559852600098e-01 6.567041873931884766e-01 0.000000000000000000e+00 2.598954141139984131e-01 7.359852194786071777e-01 7.995191812515258789e-01 8.901411294937133789e-01 6.135777235031127930e-01 3.352525876834988594e-03
9.327499866485595703e-01 1.961666643619537354e-01 5.502499938011169434e-01 5.617499947547912598e-01 1.867499947547912598e-01 6.260275244712829590e-01 9.044623374938964844e-01 3.899789154529571533e-01 6.402505040168762207e-01 4.268423020839691162e-01 1.360063105821609497e-01 5.216378569602966309e-01
9.888080954551696777e-01 1.813881695270538330e-01 5.507603287696838379e-01 9.204073548316955566e-01 9.929164052009582520e-01 0.000000000000000000e+00 9.172718524932861328e-01 1.793398261070251465e-01 8.057423830032348633e-01 8.108261823654174805e-01 9.415276050567626953e-01 1.011167094111442566e-02
6.952587962150573730e-01 5.697418451309204102e-01 2.753150463104248047e-01 7.087814211845397949e-01 8.724914789199829102e-01 0.000000000000000000e+00 7.687362432479858398e-01 5.993497967720031738e-01 3.377947807312011719e-01 6.654397845268249512e-01 8.909582495689392090e-01 4.031047970056533813e-02
8.332499861717224121e-01 3.888333439826965332e-01 5.274999886751174927e-02 4.912500083446502686e-01 2.452500015497207642e-01 1.191475018858909607e-01 8.121309876441955566e-01 3.836978375911712646e-01 2.521349489688873291e-01 2.703701853752136230e-01 2.324722856283187866e-01 3.013815283775329590e-01
7.552499771118164062e-01 8.301666378974914551e-01 2.422499954700469971e-01 5.624999850988388062e-02 4.752500057220458984e-01 4.542624950408935547e-01 7.022123932838439941e-01 6.388709545135498047e-01 2.487484365701675415e-01 1.058863103389739990e-01 4.934606552124023438e-01 4.932605028152465820e-01
1.617500036954879761e-01 3.955000042915344238e-01 7.982500195503234863e-01 6.612499952316284180e-01 5.727499723434448242e-01 7.512624859809875488e-01 1.580316871404647827e-01 4.340128004550933838e-01 6.918052434921264648e-01 8.021208643913269043e-01 5.489777326583862305e-01 8.280891776084899902e-01
6.015210747718811035e-01 4.973693192005157471e-01 4.409519731998443604e-01 9.211300015449523926e-01 2.874188721179962158e-01 0.000000000000000000e+00 6.292697787284851074e-01 4.654699265956878662e-01 5.533474683761596680e-01 7.714663743972778320e-01 2.642923891544342041e-01 4.638599976897239685e-02
8.012499809265136719e-01 2.465000003576278687e-01 1.237500011920928955e-01 8.877500295639038086e-01 9.302499890327453613e-01 4.512925148010253906e-01 7.919889688491821289e-01 5.145657658576965332e-01 3.498201668262481689e-01 8.277118802070617676e-01 8.656564950942993164e-01 2.262122780084609985e-01
5.225408673286437988e-01 8.578079938888549805e-01 2.950914800167083740e-01 2.555030584335327148e-01 8.954589366912841797e-01 0.000000000000000000e+00 4.962558746337890625e-01 8.956473469734191895e-01 3.366709053516387939e-01 3.897922933101654053e-01 8.985423445701599121e-01 3.494389355182647705e-03
8.603518605232238770e-01 4.878591597080230713e-01 4.570268690586090088e-01 9.735906124114990234e-01 8.883939981460571289e-01 0.000000000000000000e+00 8.830140829086303711e-01 5.273557305335998535e-01 6.150367856025695801e-01 8.153355717658996582e-01 9.067748785018920898e-01 6.123628094792366028e-02
5.340828895568847656e-01 1.085961684584617615e-01 6.573197841644287109e-01 1.274413466453552246e-01 5.783928036689758301e-01 0.000000000000000000e+00 5.065572857856750488e-01 2.667009234428405762e-01 6.164857745170593262e-01 2.396012991666793823e-01 5.778091549873352051e-01 1.200939808040857315e-02
3.097499907016754150e-01 5.391666889190673828e-01 8.897500038146972656e-01 1.025000028312206268e-02 7.647500038146972656e-01 5.785074830055236816e-01 3.093030452728271484e-01 4.504318237304687500e-01 6.781684160232543945e-01 2.160684764385223389e-01 7.781286239624023438e-01 5.019829869270324707e-01
9.397500157356262207e-01 6.438333392143249512e-01 5.912500023841857910e-01 3.247500061988830566e-01 5.752500295639038086e-01 5.062375068664550781e-01 9.137985706329345703e-01 4.736454188823699951e-01 4.020285010337829590e-01 3.687521517276763916e-01 5.298498868942260742e-01 2.997854053974151611e-01
5.237500071525573730e-01 5.421666502952575684e-01 4.572499990463256836e-01 7.225000113248825073e-02 6.075000017881393433e-02 4.884175062179565430e-01 5.121757984161376953e-01 4.094843566417694092e-01 3.174976408481597900e-01 1.412972360849380493e-01 8.112791925668716431e-02 4.504488408565521240e-01
5.277768969535827637e-01 8.681350201368331909e-02 7.244742512702941895e-01 7.097357511520385742e-01 5.498147606849670410e-01 0.000000000000000000e+00 5.187904238700866699e-01 2.132146954536437988e-01 7.618662118911743164e-01 7.348909378051757812e-01 5.174213647842407227e-01 7.873120903968811035e-02
5.397499799728393555e-01 4.061666727066040039e-01 6.297500133514404297e-01 3.267500102519989014e-01 3.487499952316284180e-01 6.667750328779220581e-02 5.134570598602294922e-01 3.391878604888916016e-01 7.312530875205993652e-01 2.506108582019805908e-01 3.439629375934600830e-01 9.265497326850891113e-02
8.042500019073486328e-01 3.201666772365570068e-01 9.007499814033508301e-01 2.692500054836273193e-01 5.424999818205833435e-02 4.606975018978118896e-01 8.678379058837890625e-01 3.672893941402435303e-01 6.254293322563171387e-01 3.013196289539337158e-01 7.280419021844863892e-02 4.244548976421356201e-01
1.612499952316284180e-01 5.575000047683715820e-01 7.357500195503234863e-01 9.762499928474426270e-01 4.097500145435333252e-01 1.617175042629241943e-01 1.746458262205123901e-01 6.006100177764892578e-01 7.842333316802978516e-01 9.265176057815551758e-01 4.164935350418090820e-01 1.159492582082748413e-01
7.913379669189453125e-01 7.808918356895446777e-01 7.188556790351867676e-01 9.510017633438110352e-01 7.228804826736450195e-01 0.000000000000000000e+00 8.015078306198120117e-01 7.543275356292724609e-01 6.874435544013977051e-01 8.848878741264343262e-01 7.373011112213134766e-01 9.836698882281780243e-03
7.507500052452087402e-01 7.124999761581420898e-01 6.712499856948852539e-01 7.547500133514404297e-01 1.647499948740005493e-01 3.597174882888793945e-01 8.249065279960632324e-01 4.663239419460296631e-01 5.607275366783142090e-01 5.194142460823059082e-01 1.756398230791091919e-01 3.534658849239349365e-01
6.557499766349792480e-01 3.031666576862335205e-01 8.272500038146972656e-01 2.447499930858612061e-01 3.577499985694885254e-01 2.379474937915802002e-01 6.213211417198181152e-01 3.440916240215301514e-01 7.344940304756164551e-01 3.066404759883880615e-01 3.637869358062744141e-01 2.105443626642227173e-01
5.826170444488525391e-01 4.738398194313049316e-01 4.552727341651916504e-01 3.163894712924957275e-01 4.758191108703613281e-01 0.000000000000000000e+00 5.414253473281860352e-01 6.001461148262023926e-01 6.178719401359558105e-01 2.909700870513916016e-01 5.236211419105529785e-01 2.394985109567642212e-01
3.762499988079071045e-01 2.175000011920928955e-01 1.457500010728836060e-01 2.972500026226043701e-01 3.892500102519989014e-01 4.686174988746643066e-01 4.237803220748901367e-01 2.861302196979522705e-01 1.657485514879226685e-01 3.208104074001312256e-01 3.538145720958709717e-01 3.663206398487091064e-01
9.397500157356262207e-01 6.438333392143249512e-01 5.912500023841857910e-01 3.247500061988830566e-01 5.752500295639038086e-01 5.062375068664550781e-01 9.137985706329345703e-01 4.736454188823699951e-01 4.020285010337829590e-01 3.687521517276763916e-01 5.298498868942260742e-01 2.997854053974151611e-01
7.065086960792541504e-01 9.768471717834472656e-01 2.622278630733489990e-01 3.229678869247436523e-01 9.584101438522338867e-01 0.000000000000000000e+00 7.189466953277587891e-01 8.358425498008728027e-01 3.187581002712249756e-01 2.396318465471267700e-01 9.351004958152770996e-01 6.863439921289682388e-03
3.097499907016754150e-01 5.391666889190673828e-01 8.897500038146972656e-01 1.025000028312206268e-02 7.647500038146972656e-01 5.785074830055236816e-01 3.093030452728271484e-01 4.504318237304687500e-01 6.781684160232543945e-01 2.160684764385223389e-01 7.781286239624023438e-01 5.019829869270324707e-01
6.132500171661376953e-01 4.048333466053009033e-01 4.632500112056732178e-01 7.622500061988830566e-01 1.612499952316284180e-01 7.913575172424316406e-01 5.883642435073852539e-01 4.460829794406890869e-01 4.401891827583312988e-01 6.531751751899719238e-01 1.447360068559646606e-01 6.261346936225891113e-01
9.992499947547912598e-01 2.108333259820938110e-01 4.542500078678131104e-01 9.667500257492065430e-01 7.722499966621398926e-01 5.196024775505065918e-01 8.965925574302673340e-01 2.673780024051666260e-01 7.984657883644104004e-01 7.390424609184265137e-01 7.317436337471008301e-01 4.975601732730865479e-01
5.237500071525573730e-01 5.421666502952575684e-01 4.572499990463256836e-01 7.225000113248825073e-02 6.075000017881393433e-02 4.884175062179565430e-01 5.121757984161376953e-01 4.094843566417694092e-01 3.174976408481597900e-01 1.412972360849380493e-01 8.112791925668716431e-02 4.504488408565521240e-01
4.147500097751617432e-01 2.754999995231628418e-01 9.357500076293945312e-01 5.447499752044677734e-01 4.547500014305114746e-01 2.800225019454956055e-01 4.520179033279418945e-01 2.966312468051910400e-01 7.839606404304504395e-01 4.906777441501617432e-01 4.402221739292144775e-01 1.375559717416763306e-01
3.277499973773956299e-01 7.845000028610229492e-01 3.562499880790710449e-01 7.802500128746032715e-01 2.642500102519989014e-01 4.849525094032287598e-01 3.483773171901702881e-01 7.096119523048400879e-01 3.612234294414520264e-01 7.233314514160156250e-01 3.331305086612701416e-01 4.699200093746185303e-01
5.507500171661376953e-01 3.238333463668823242e-01 8.967499732971191406e-01 2.862499952316284180e-01 4.297499954700469971e-01 5.097025036811828613e-01 5.993356704711914062e-01 3.244472742080688477e-01 7.947292923927307129e-01 2.608397901058197021e-01 4.360183775424957275e-01 4.783624410629272461e-01
9.112499952316284180e-01 2.748333215713500977e-01 8.147500157356262207e-01 7.077500224113464355e-01 8.597499728202819824e-01 8.873875141143798828e-01 8.971393108367919922e-01 3.392365574836730957e-01 7.858274579048156738e-01 7.788431644439697266e-01 8.445823192596435547e-01 8.000286817550659180e-01
1.695181429386138916e-01 5.397799983620643616e-02 7.394127249717712402e-01 2.536891102790832520e-01 6.360855102539062500e-01 0.000000000000000000e+00 1.796658635139465332e-01 1.179312989115715027e-01 7.006995677947998047e-01 2.809249460697174072e-01 6.488682031631469727e-01 1.303388085216283798e-02
5.882499814033508301e-01 7.901666760444641113e-01 9.967499971389770508e-01 7.422500252723693848e-01 2.624999918043613434e-02 2.023075073957443237e-01 6.171858310699462891e-01 5.829576253890991211e-01 6.078727841377258301e-01 7.779433131217956543e-01 8.678220212459564209e-02 4.308145940303802490e-01
8.474999666213989258e-02 4.178333282470703125e-01 2.502500116825103760e-01 3.462499976158142090e-01 1.792500019073486328e-01 8.796250075101852417e-02 1.157584488391876221e-01 4.833582043647766113e-01 3.845342993736267090e-01 4.115340113639831543e-01 1.656844019889831543e-01 4.739808291196823120e-02
9.905610680580139160e-01 2.550146579742431641e-01 5.094292163848876953e-01 1.966456323862075806e-01 4.522692561149597168e-01 0.000000000000000000e+00 8.299291729927062988e-01 2.649497389793395996e-01 6.145207285881042480e-01 4.090165793895721436e-01 4.436577558517456055e-01 1.679988801479339600e-01
9.952499866485595703e-01 6.638333201408386230e-01 9.117500185966491699e-01 1.942500025033950806e-01 2.500000118743628263e-04 1.924075037240982056e-01 9.103094339370727539e-01 5.097254514694213867e-01 6.125825047492980957e-01 3.165560960769653320e-01 5.317609384655952454e-02 2.066259831190109253e-01
9.444096684455871582e-01 4.749810099601745605e-01 9.193977117538452148e-01 2.153200060129165649e-01 7.658598423004150391e-01 0.000000000000000000e+00 7.914932370185852051e-01 4.674907922744750977e-01 7.029927372932434082e-01 6.993101835250854492e-01 8.044150471687316895e-01 3.272017836570739746e-02
1.805508434772491455e-01 7.095966935157775879e-01 2.166089266538619995e-01 9.062022566795349121e-01 7.280679345130920410e-01 0.000000000000000000e+00 1.884164214134216309e-01 8.574278950691223145e-01 4.173368811607360840e-01 8.243555426597595215e-01 7.155151367187500000e-01 2.370073692873120308e-03
5.761597156524658203e-01 3.603344857692718506e-01 6.675983071327209473e-01 6.464119553565979004e-01 6.081268787384033203e-01 0.000000000000000000e+00 5.352391600608825684e-01 4.108420014381408691e-01 7.366880178451538086e-01 6.877362728118896484e-01 6.408284306526184082e-01 2.033243328332901001e-01
1.197500005364418030e-01 7.655000090599060059e-01 3.937500119209289551e-01 4.627499878406524658e-01 2.425000071525573730e-02 7.378975152969360352e-01 9.964413195848464966e-02 5.916739106178283691e-01 2.176861464977264404e-01 4.079109430313110352e-01 1.305729895830154419e-01 7.010769248008728027e-01
5.237500071525573730e-01 5.421666502952575684e-01 4.572499990463256836e-01 7.225000113248825073e-02 6.075000017881393433e-02 4.884175062179565430e-01 5.121757984161376953e-01 4.094843566417694092e-01 3.174976408481597900e-01 1.412972360849380493e-01 8.112791925668716431e-02 4.504488408565521240e-01
8.226411938667297363e-01 1.631158292293548584e-01 8.986985087394714355e-01 3.407916724681854248e-01 5.286825895309448242e-01 0.000000000000000000e+00 6.487446427345275879e-01 2.455983459949493408e-01 8.242366909980773926e-01 7.345599532127380371e-01 5.031377077102661133e-01 5.168813839554786682e-02
9.242500066757202148e-01 5.005000233650207520e-01 6.162499785423278809e-01 5.257499814033508301e-01 7.982500195503234863e-01 2.864575088024139404e-01 8.945537209510803223e-01 3.120778799057006836e-01 5.938156247138977051e-01 5.096411108970642090e-01 7.779652476310729980e-01 1.305199265480041504e-01
2.371441274881362915e-01 7.108625173568725586e-01 9.535995721817016602e-01 8.573537468910217285e-01 7.598479986190795898e-01 0.000000000000000000e+00 2.100064307451248169e-01 6.180350184440612793e-01 7.019397616386413574e-01 8.570331335067749023e-01 7.305869460105895996e-01 2.292012050747871399e-02
8.207499980926513672e-01 3.451666533946990967e-01 3.482500016689300537e-01 8.142499923706054688e-01 9.872499704360961914e-01 8.487774729728698730e-01 7.712945938110351562e-01 2.613096833229064941e-01 2.934629321098327637e-01 8.433569669723510742e-01 9.399741888046264648e-01 5.867178440093994141e-01
8.682208061218261719e-01 1.870100051164627075e-01 8.847637772560119629e-01 9.221166372299194336e-01 7.150382399559020996e-01 0.000000000000000000e+00 8.838625550270080566e-01 1.742086410522460938e-01 8.392052054405212402e-01 8.988049626350402832e-01 7.045768499374389648e-01 3.940683789551258087e-03
9.563465714454650879e-01 7.183286547660827637e-01 4.411964416503906250e-01 8.952241539955139160e-01 1.808703541755676270e-01 0.000000000000000000e+00 9.174846410751342773e-01 8.131026625633239746e-01 6.131910681724548340e-01 7.549497485160827637e-01 1.275069415569305420e-01 4.233972867950797081e-04
9.192500114440917969e-01 4.514999985694885254e-01 6.262500286102294922e-01 7.275000214576721191e-02 7.157499790191650391e-01 9.665874838829040527e-01 8.748469948768615723e-01 4.438255429267883301e-01 4.978877604007720947e-01 2.114508301019668579e-01 6.698613166809082031e-01 6.901079416275024414e-01
3.182500004768371582e-01 1.988333314657211304e-01 7.272499799728393555e-01 1.267500072717666626e-01 9.882500171661376953e-01 8.598250150680541992e-02 3.762601315975189209e-01 2.697553038597106934e-01 6.174335479736328125e-01 3.398101031780242920e-01 8.661844134330749512e-01 8.389700204133987427e-02
1.562500000000000000e-01 2.598333358764648438e-01 1.867499947547912598e-01 7.337499856948852539e-01 2.272499948740005493e-01 8.548749983310699463e-02 1.912853866815567017e-01 3.139469027519226074e-01 2.570981681346893311e-01 6.310377120971679688e-01 1.744377613067626953e-01 1.181252673268318176e-01
8.002499938011169434e-01 3.785000145435333252e-01 3.072499930858612061e-01 7.832499742507934570e-01 1.722500026226043701e-01 9.418374896049499512e-01 7.100230455398559570e-01 4.105812907218933105e-01 3.937653899192810059e-01 5.756582021713256836e-01 1.492362469434738159e-01 3.881317675113677979e-01
3.992500007152557373e-01 4.884999990463256836e-01 2.152500003576278687e-01 9.512500166893005371e-01 1.624999940395355225e-02 1.448875069618225098e-01 4.472302198410034180e-01 4.855868518352508545e-01 3.798306286334991455e-01 6.938177943229675293e-01 5.219129845499992371e-02 8.644898235797882080e-02
5.311096906661987305e-01 4.073203206062316895e-01 5.529849529266357422e-01 3.669852018356323242e-01 5.701296925544738770e-01 0.000000000000000000e+00 5.099540948867797852e-01 3.626715242862701416e-01 6.672974824905395508e-01 2.641534209251403809e-01 5.637942552566528320e-01 6.123253330588340759e-02
5.289354920387268066e-02 7.728833705186843872e-02 5.304026603698730469e-01 5.219965577125549316e-01 5.639799833297729492e-01 0.000000000000000000e+00 9.314948320388793945e-02 1.546973288059234619e-01 7.120620012283325195e-01 4.698562026023864746e-01 6.128236055374145508e-01 8.814457803964614868e-02
1.546826958656311035e-01 5.486803054809570312e-01 7.591850757598876953e-01 7.143052220344543457e-01 8.127205967903137207e-01 0.000000000000000000e+00 1.365400254726409912e-01 5.676736831665039062e-01 7.624061107635498047e-01 7.890878319740295410e-01 7.778257727622985840e-01 1.768311113119125366e-02
8.632500171661376953e-01 4.165000021457672119e-01 4.027499854564666748e-01 8.617500066757202148e-01 4.562500119209289551e-01 8.859025239944458008e-01 8.719854950904846191e-01 4.850621223449707031e-01 4.315168857574462891e-01 6.930657625198364258e-01 4.118758440017700195e-01 6.063793301582336426e-01
6.368587613105773926e-01 7.910130023956298828e-01 5.132490992546081543e-01 1.371410936117172241e-01 8.804840445518493652e-01 0.000000000000000000e+00 5.947003960609436035e-01 7.263341546058654785e-01 4.413029551506042480e-01 2.632573544979095459e-01 8.795856833457946777e-01 4.268813133239746094e-02
5.286400206387042999e-03 8.810128569602966309e-01 4.946093857288360596e-01 4.250431060791015625e-01 4.141155183315277100e-01 0.000000000000000000e+00 2.874467521905899048e-02 8.306321501731872559e-01 4.421520531177520752e-01 1.532523483037948608e-01 4.460008144378662109e-01 3.293962799943983555e-04
8.624660968780517578e-01 2.584648430347442627e-01 1.001755222678184509e-01 2.783907949924468994e-01 3.945050239562988281e-01 0.000000000000000000e+00 7.597028017044067383e-01 2.315487116575241089e-01 4.199174344539642334e-01 2.526055872440338135e-01 4.043830633163452148e-01 1.768135651946067810e-02
3.092090785503387451e-01 4.741874933242797852e-01 4.521791934967041016e-01 8.010124787688255310e-03 3.066777884960174561e-01 0.000000000000000000e+00 2.796272337436676025e-01 4.574991762638092041e-01 3.483722507953643799e-01 7.522041350603103638e-02 2.673847973346710205e-01 2.401514723896980286e-02
5.738212466239929199e-01 7.953559756278991699e-01 1.817892789840698242e-01 9.394829720258712769e-02 8.149996995925903320e-01 0.000000000000000000e+00 5.734590291976928711e-01 8.354151248931884766e-01 3.199681937694549561e-01 1.343263536691665649e-01 8.423631191253662109e-01 3.065242990851402283e-02
3.617500066757202148e-01 1.958333402872085571e-01 1.767500042915344238e-01 4.187499880790710449e-01 8.402500152587890625e-01 6.616675257682800293e-01 4.022431075572967529e-01 4.126380383968353271e-01 2.527809441089630127e-01 6.100094318389892578e-01 7.996210455894470215e-01 7.436326742172241211e-01
9.458163380622863770e-01 4.323869943618774414e-01 4.641141295433044434e-01 8.732269406318664551e-01 9.134349822998046875e-01 0.000000000000000000e+00 9.356613159179687500e-01 4.219965636730194092e-01 5.212238430976867676e-01 8.106788396835327148e-01 9.033901095390319824e-01 2.390977554023265839e-02
8.725000172853469849e-02 5.738333463668823242e-01 8.117499947547912598e-01 8.967499732971191406e-01 4.697499871253967285e-01 8.616474866867065430e-01 8.620607852935791016e-02 5.789433121681213379e-01 7.843921184539794922e-01 8.530029058456420898e-01 4.654124975204467773e-01 8.681772351264953613e-01
8.310820460319519043e-01 4.960016533732414246e-02 2.206174731254577637e-01 6.356768608093261719e-01 3.953670263290405273e-01 0.000000000000000000e+00 7.392711639404296875e-01 2.129715532064437866e-01 5.642900466918945312e-01 5.376287102699279785e-01 3.737011849880218506e-01 1.713755875825881958e-01
2.745399996638298035e-02 2.997825145721435547e-01 1.636644005775451660e-01 4.510172605514526367e-01 9.845600724220275879e-01 0.000000000000000000e+00 1.263742297887802124e-01 5.802507996559143066e-01 6.418014168739318848e-01 3.471135199069976807e-01 9.504098296165466309e-01 1.173279955983161926e-01
5.852394104003906250e-01 3.482328355312347412e-01 8.195108771324157715e-01 4.694684743881225586e-01 3.454196751117706299e-01 0.000000000000000000e+00 5.019584298133850098e-01 2.543533444404602051e-01 6.730022430419921875e-01 6.763549447059631348e-01 3.604288995265960693e-01 3.363431990146636963e-02
6.410224735736846924e-02 6.366235017776489258e-01 8.296120166778564453e-01 7.072929143905639648e-01 3.087641298770904541e-01 0.000000000000000000e+00 2.595744282007217407e-02 6.860078573226928711e-01 8.747692704200744629e-01 8.635510802268981934e-01 2.782774567604064941e-01 3.017142042517662048e-02
9.792500138282775879e-01 2.138333320617675781e-01 2.775000035762786865e-02 8.262500166893005371e-01 7.302500009536743164e-01 2.978425025939941406e-01 8.861161470413208008e-01 3.461024165153503418e-01 2.310636788606643677e-01 8.068655133247375488e-01 7.001792788505554199e-01 3.205711543560028076e-01
5.951380133628845215e-01 7.230256795883178711e-01 5.908470749855041504e-01 1.915549188852310181e-01 3.469904884696006775e-02 0.000000000000000000e+00 5.106268525123596191e-01 5.453989505767822266e-01 2.191817462444305420e-01 3.195739686489105225e-01 5.164289474487304688e-02 6.602746993303298950e-02
8.037503361701965332e-01 8.545866608619689941e-02 1.209987029433250427e-01 7.711955904960632324e-01 6.695432066917419434e-01 0.000000000000000000e+00 7.983608841896057129e-01 3.697378039360046387e-01 5.205031037330627441e-01 5.304622054100036621e-01 6.865713596343994141e-01 1.256203353404998779e-01
1.992499977350234985e-01 3.591666519641876221e-01 9.657499790191650391e-01 3.250000067055225372e-03 8.375000208616256714e-02 1.830025017261505127e-01 1.639484316110610962e-01 3.061218261718750000e-01 8.325403928756713867e-01 8.396317809820175171e-02 1.047280281782150269e-01 6.440538167953491211e-02
6.307500004768371582e-01 5.088333487510681152e-01 6.697499752044677734e-01 6.702499985694885254e-01 6.762499809265136719e-01 4.235725104808807373e-01 6.400715112686157227e-01 5.054752230644226074e-01 5.654841065406799316e-01 7.067055702209472656e-01 6.338312625885009766e-01 1.631228476762771606e-01
7.357500195503234863e-01 6.741666793823242188e-01 3.927499949932098389e-01 8.432499766349792480e-01 2.797499895095825195e-01 8.111575245857238770e-01 7.535843849182128906e-01 6.490337252616882324e-01 4.127372503280639648e-01 6.666564941406250000e-01 2.629010975360870361e-01 4.596388638019561768e-01
2.742500007152557373e-01 2.431666702032089233e-01 6.825000047683715820e-02 1.872500032186508179e-01 7.892500162124633789e-01 7.933375239372253418e-01 2.925377488136291504e-01 4.097660779953002930e-01 2.121564447879791260e-01 2.023177742958068848e-01 7.993959784507751465e-01 7.565736770629882812e-01
7.812500000000000000e-01 1.751666665077209473e-01 3.517499864101409912e-01 4.552499949932098389e-01 5.249999929219484329e-03 9.754974842071533203e-01 7.039071321487426758e-01 2.359801679849624634e-01 3.385269343852996826e-01 2.800542116165161133e-01 4.279363155364990234e-02 7.499428987503051758e-01
6.597499847412109375e-01 2.834999859333038330e-01 8.867499828338623047e-01 8.802499771118164062e-01 9.377499818801879883e-01 3.235825002193450928e-01 7.661231756210327148e-01 2.435986548662185669e-01 7.796619534492492676e-01 8.398427367210388184e-01 9.209112524986267090e-01 3.772782683372497559e-01
3.897500038146972656e-01 7.645000219345092773e-01 2.977499961853027344e-01 9.697499871253967285e-01 2.027499973773956299e-01 3.577375113964080811e-01 4.156327545642852783e-01 7.113916277885437012e-01 3.530019223690032959e-01 7.635240554809570312e-01 2.386053949594497681e-01 2.587061822414398193e-01
8.474999666213989258e-02 4.178333282470703125e-01 2.502500116825103760e-01 3.462499976158142090e-01 1.792500019073486328e-01 8.796250075101852417e-02 1.157584488391876221e-01 4.833582043647766113e-01 3.845342993736267090e-01 4.115340113639831543e-01 1.656844019889831543e-01 4.739808291196823120e-02
7.234088778495788574e-01 8.236253261566162109e-01 8.321247696876525879e-01 6.545015573501586914e-01 2.933993935585021973e-01 0.000000000000000000e+00 7.225710749626159668e-01 6.432620286941528320e-01 5.294933915138244629e-01 7.722067236900329590e-01 2.970154881477355957e-01 1.267507374286651611e-01
5.955964922904968262e-01 7.144474983215332031e-01 3.952144682407379150e-01 5.865917205810546875e-01 2.424183040857315063e-01 0.000000000000000000e+00 5.622081160545349121e-01 6.993127465248107910e-01 2.783052325248718262e-01 6.263712644577026367e-01 2.332105785608291626e-01 9.830120205879211426e-02
8.177499771118164062e-01 5.158333182334899902e-01 9.177500009536743164e-01 6.962500214576721191e-01 9.737499952316284180e-01 9.705474972724914551e-01 7.980373501777648926e-01 4.430978596210479736e-01 7.720856070518493652e-01 7.720775604248046875e-01 9.170287847518920898e-01 6.583501696586608887e-01
2.275079488754272461e-01 9.777656793594360352e-01 6.999547481536865234e-01 6.144196987152099609e-01 8.408438563346862793e-01 0.000000000000000000e+00 1.959410309791564941e-01 8.062810897827148438e-01 4.583875238895416260e-01 7.333998084068298340e-01 8.369008898735046387e-01 6.510728038847446442e-03
1.782499998807907104e-01 5.178333520889282227e-01 6.672499775886535645e-01 5.974999815225601196e-02 6.962500214576721191e-01 1.567675024271011353e-01 2.343479841947555542e-01 5.762107968330383301e-01 7.260840535163879395e-01 1.856888532638549805e-01 6.735596060752868652e-01 2.200619876384735107e-01
3.122499883174896240e-01 2.651666700839996338e-01 5.387499928474426270e-01 6.875000149011611938e-02 8.587499856948852539e-01 9.779725074768066406e-01 2.625240981578826904e-01 3.270903825759887695e-01 5.442534685134887695e-01 1.768438816070556641e-01 8.396161794662475586e-01 8.490991592407226562e-01
8.207499980926513672e-01 3.451666533946990967e-01 3.482500016689300537e-01 8.142499923706054688e-01 9.872499704360961914e-01 8.487774729728698730e-01 7.712945938110351562e-01 2.613096833229064941e-01 2.934629321098327637e-01 8.433569669723510742e-01 9.399741888046264648e-01 5.867178440093994141e-01
7.777500152587890625e-01 5.548333525657653809e-01 2.002499997615814209e-01 6.624999642372131348e-02 9.717500209808349609e-01 1.671624928712844849e-01 7.108059525489807129e-01 5.903583765029907227e-01 3.090594708919525146e-01 2.386432141065597534e-01 9.117770791053771973e-01 6.364452093839645386e-02
2.687500119209289551e-01 6.104999780654907227e-01 4.147500097751617432e-01 2.887499928474426270e-01 8.177499771118164062e-01 2.414125055074691772e-01 3.380247652530670166e-01 7.002199888229370117e-01 5.327390432357788086e-01 3.843963146209716797e-01 8.237713575363159180e-01 1.335939168930053711e-01
8.584036827087402344e-01 5.057711601257324219e-01 5.201748609542846680e-01 2.532708644866943359e-01 8.995872139930725098e-01 0.000000000000000000e+00 8.351111412048339844e-01 4.950025379657745361e-01 4.861073195934295654e-01 3.405742347240447998e-01 9.018543362617492676e-01 1.263499818742275238e-02
4.392499923706054688e-01 7.818333506584167480e-01 6.822500228881835938e-01 7.642499804496765137e-01 5.087500214576721191e-01 1.226124987006187439e-01 4.661338329315185547e-01 6.509457826614379883e-01 6.223886609077453613e-01 7.113295793533325195e-01 5.058946013450622559e-01 1.578624546527862549e-01
1.870363950729370117e-01 4.268361628055572510e-01 9.688275307416915894e-02 6.701983809471130371e-01 3.638497591018676758e-01 0.000000000000000000e+00 2.612898051738739014e-01 6.515422463417053223e-01 4.203020334243774414e-01 4.561151862144470215e-01 3.441522419452667236e-01 7.295054942369461060e-02
9.042480587959289551e-01 1.998411715030670166e-01 3.019983470439910889e-01 2.131932415068149567e-02 1.800710707902908325e-01 0.000000000000000000e+00 7.628191113471984863e-01 3.013825714588165283e-01 4.751687347888946533e-01 2.383307069540023804e-01 1.818239986896514893e-01 1.460432857275009155e-01
2.437777966260910034e-01 9.379401803016662598e-01 5.623021125793457031e-01 7.719414830207824707e-01 8.714466094970703125e-01 0.000000000000000000e+00 2.141320854425430298e-01 8.429697155952453613e-01 3.831557035446166992e-01 8.783872723579406738e-01 8.497691154479980469e-01 1.578094623982906342e-02
7.834883928298950195e-01 1.116463318467140198e-01 6.546413302421569824e-01 4.873409867286682129e-02 5.976852178573608398e-01 0.000000000000000000e+00 8.078859448432922363e-01 2.248881310224533081e-01 5.875450968742370605e-01 2.041601687669754028e-01 5.464532375335693359e-01 6.866109371185302734e-02
2.275079488754272461e-01 9.777656793594360352e-01 6.999547481536865234e-01 6.144196987152099609e-01 8.408438563346862793e-01 0.000000000000000000e+00 1.959410309791564941e-01 8.062810897827148438e-01 4.583875238895416260e-01 7.333998084068298340e-01 8.369008898735046387e-01 6.510728038847446442e-03
1.546826958656311035e-01 5.486803054809570312e-01 7.591850757598876953e-01 7.143052220344543457e-01 8.127205967903137207e-01 0.000000000000000000e+00 1.365400254726409912e-01 5.676736831665039062e-01 7.624061107635498047e-01 7.890878319740295410e-01 7.778257727622985840e-01 1.768311113119125366e-02
1.832499951124191284e-01 1.901666671037673950e-01 9.902499914169311523e-01 3.447499871253967285e-01 4.292500019073486328e-01 1.518175005912780762e-01 2.162429690361022949e-01 2.372552156448364258e-01 8.544010519981384277e-01 3.605141639709472656e-01 3.670622110366821289e-01 8.060119114816188812e-03
5.237500071525573730e-01 5.421666502952575684e-01 4.572499990463256836e-01 7.225000113248825073e-02 6.075000017881393433e-02 4.884175062179565430e-01 5.121757984161376953e-01 4.094843566417694092e-01 3.174976408481597900e-01 1.412972360849380493e-01 8.112791925668716431e-02 4.504488408565521240e-01
2.386772185564041138e-01 5.309683084487915039e-01 9.317145347595214844e-01 3.276805579662322998e-01 2.882635295391082764e-01 0.000000000000000000e+00 2.128987610340118408e-01 5.279078483581542969e-01 6.800186038017272949e-01 4.691687226295471191e-01 2.835158705711364746e-01 1.174218058586120605e-01
9.317499995231628418e-01 4.221666753292083740e-01 9.857500195503234863e-01 7.962499856948852539e-01 7.422500252723693848e-01 5.250474810600280762e-01 9.187244176864624023e-01 2.488972544670104980e-01 8.128551244735717773e-01 8.324671983718872070e-01 7.231827378273010254e-01 4.816832244396209717e-01
8.624999970197677612e-02 7.328333258628845215e-01 8.352500200271606445e-01 5.232499837875366211e-01 8.042500019073486328e-01 1.424124985933303833e-01 1.227267235517501831e-01 6.941817998886108398e-01 7.803574800491333008e-01 5.918801426887512207e-01 8.522741198539733887e-01 1.283442229032516479e-01
1.952160000801086426e-01 5.831673145294189453e-01 2.784610390663146973e-01 6.997700929641723633e-01 5.742431282997131348e-01 0.000000000000000000e+00 2.150438129901885986e-01 6.581044793128967285e-01 4.229017496109008789e-01 6.447603702545166016e-01 5.368434190750122070e-01 6.250414997339248657e-02
8.067499995231628418e-01 7.524999976158142090e-01 9.367499947547912598e-01 5.612499713897705078e-01 4.272499978542327881e-01 8.769925236701965332e-01 7.410786151885986328e-01 6.052210927009582520e-01 8.583413958549499512e-01 5.536467432975769043e-01 4.235017001628875732e-01 7.989107966423034668e-01
9.972500205039978027e-01 4.148333370685577393e-01 4.582499861717224121e-01 3.007499873638153076e-01 2.467499971389770508e-01 2.361249923706054688e-02 9.230262041091918945e-01 4.140741825103759766e-01 4.975402951240539551e-01 2.777792811393737793e-01 2.162966728210449219e-01 1.439760029315948486e-01
4.306537508964538574e-01 7.542253136634826660e-01 7.457005381584167480e-01 8.294911980628967285e-01 2.491653561592102051e-01 0.000000000000000000e+00 4.675163626670837402e-01 6.625136137008666992e-01 5.555936098098754883e-01 7.967014908790588379e-01 2.052086591720581055e-01 1.507678180932998657e-01
7.737500071525573730e-01 4.474999904632568359e-01 6.207500100135803223e-01 8.602499961853027344e-01 5.787500143051147461e-01 4.166424870491027832e-01 7.986593842506408691e-01 5.016589760780334473e-01 5.864154696464538574e-01 8.108698129653930664e-01 5.457437634468078613e-01 4.277794063091278076e-01
4.953257441520690918e-01 2.570489943027496338e-01 3.922273218631744385e-01 7.392212152481079102e-01 1.327346712350845337e-01 0.000000000000000000e+00 5.287361145019531250e-01 2.898231148719787598e-01 4.002497792243957520e-01 6.359645724296569824e-01 9.859382361173629761e-02 5.399187095463275909e-03
9.392499923706054688e-01 3.638333380222320557e-01 9.022499918937683105e-01 4.647499918937683105e-01 7.072499990463256836e-01 7.735375165939331055e-01 9.055652618408203125e-01 3.301006853580474854e-01 8.047861456871032715e-01 5.181873440742492676e-01 7.206266522407531738e-01 7.589353322982788086e-01
1.832499951124191284e-01 1.901666671037673950e-01 9.902499914169311523e-01 3.447499871253967285e-01 4.292500019073486328e-01 1.518175005912780762e-01 2.162429690361022949e-01 2.372552156448364258e-01 8.544010519981384277e-01 3.605141639709472656e-01 3.670622110366821289e-01 8.060119114816188812e-03
9.165056347846984863e-01 9.805855154991149902e-01 5.466861128807067871e-01 9.765425324440002441e-01 6.912685036659240723e-01 0.000000000000000000e+00 9.295529127120971680e-01 8.441873788833618164e-01 5.052550435066223145e-01 8.646200895309448242e-01 7.409309744834899902e-01 2.390657318755984306e-03
1.289436221122741699e-01 1.751928329467773438e-01 1.543115973472595215e-01 3.687445819377899170e-01 8.263863921165466309e-01 0.000000000000000000e+00 2.253791838884353638e-01 4.860487878322601318e-01 6.363154649734497070e-01 1.339219808578491211e-01 8.908329010009765625e-01 4.553385972976684570e-01
9.195662140846252441e-01 7.437999825924634933e-03 2.569214403629302979e-01 8.022786974906921387e-01 8.337591290473937988e-01 0.000000000000000000e+00 8.580148816108703613e-01 1.412097662687301636e-01 6.011893749237060547e-01 6.495573520660400391e-01 8.287008404731750488e-01 1.575083122588694096e-03
6.932643651962280273e-01 8.244426846504211426e-01 3.712423145771026611e-01 7.008543014526367188e-01 9.008588790893554688e-01 0.000000000000000000e+00 7.835978865623474121e-01 5.775792002677917480e-01 2.360629439353942871e-01 6.794105768203735352e-01 9.137164950370788574e-01 6.981034576892852783e-02
6.677500009536743164e-01 6.388333439826965332e-01 2.257499992847442627e-01 1.757500022649765015e-01 1.952500045299530029e-01 1.676574945449829102e-01 6.648166775703430176e-01 6.323050856590270996e-01 1.637330800294876099e-01 1.959526836872100830e-01 2.222443819046020508e-01 8.095172792673110962e-02
3.494226634502410889e-01 4.565665125846862793e-01 3.572061955928802490e-01 3.594256639480590820e-01 9.027820229530334473e-01 0.000000000000000000e+00 5.173797607421875000e-01 5.093901157379150391e-01 4.273493587970733643e-01 1.827829182147979736e-01 9.243263006210327148e-01 2.128827273845672607e-01
3.568829894065856934e-01 3.290836811065673828e-01 2.957240343093872070e-01 3.376887440681457520e-01 2.334938496351242065e-01 0.000000000000000000e+00 3.652916848659515381e-01 3.349713683128356934e-01 2.827275991439819336e-01 2.777010202407836914e-01 2.086852192878723145e-01 1.254021674394607544e-01
2.479625046253204346e-01 5.797058343887329102e-01 1.317349821329116821e-01 6.607194989919662476e-02 5.275568962097167969e-01 0.000000000000000000e+00 2.672529518604278564e-01 6.963984370231628418e-01 3.293224871158599854e-01 1.095458343625068665e-01 4.900906980037689209e-01 1.595387235283851624e-02
6.287500262260437012e-01 3.498333394527435303e-01 2.857500016689300537e-01 3.732500076293945312e-01 4.812499880790710449e-01 6.388974785804748535e-01 5.537998676300048828e-01 3.909983336925506592e-01 2.544103562831878662e-01 3.765590488910675049e-01 4.716898500919342041e-01 4.731625914573669434e-01
3.604875504970550537e-01 7.870078086853027344e-01 2.758081555366516113e-01 5.681526660919189453e-01 5.230383276939392090e-01 0.000000000000000000e+00 3.287414312362670898e-01 7.052794694900512695e-01 3.107056915760040283e-01 4.717177152633666992e-01 5.355398058891296387e-01 4.905244708061218262e-02
1.724999956786632538e-02 2.105000019073486328e-01 3.075000084936618805e-02 3.967500030994415283e-01 8.824999630451202393e-02 2.468574941158294678e-01 5.571678653359413147e-02 2.531713247299194336e-01 1.045836433768272400e-01 3.774447441101074219e-01 2.572887763381004333e-02 1.789194792509078979e-01
9.812499880790710449e-01 5.708333253860473633e-01 7.732499837875366211e-01 2.982499897480010986e-01 1.337500065565109253e-01 6.285024881362915039e-01 8.884619474411010742e-01 4.207302927970886230e-01 6.193045973777770996e-01 3.555591702461242676e-01 1.320795416831970215e-01 4.410725831985473633e-01
8.177499771118164062e-01 5.158333182334899902e-01 9.177500009536743164e-01 6.962500214576721191e-01 9.737499952316284180e-01 9.705474972724914551e-01 7.980373501777648926e-01 4.430978596210479736e-01 7.720856070518493652e-01 7.720775604248046875e-01 9.170287847518920898e-01 6.583501696586608887e-01
7.710380554199218750e-01 6.537988185882568359e-01 9.040501713752746582e-01 9.362978339195251465e-01 5.599013566970825195e-01 0.000000000000000000e+00 8.896037340164184570e-01 5.761868953704833984e-01 6.740288734436035156e-01 8.602659106254577637e-01 5.469629764556884766e-01 2.044861577451229095e-02
9.684153795242309570e-01 4.805845022201538086e-01 2.790098488330841064e-01 8.128200769424438477e-01 8.706594705581665039e-01 0.000000000000000000e+00 8.186163306236267090e-01 6.511589884757995605e-01 6.578179001808166504e-01 7.920224070549011230e-01 8.512415289878845215e-01 1.621118187904357910e-02
3.417443037033081055e-01 5.594433471560478210e-02 6.199608445167541504e-01 4.919871985912322998e-01 5.797387957572937012e-01 0.000000000000000000e+00 5.654673576354980469e-01 2.190831452608108521e-01 4.361417889595031738e-01 3.702571392059326172e-01 5.619788765907287598e-01 1.544257812201976776e-02
8.508651256561279297e-01 9.386653304100036621e-01 9.614656567573547363e-01 1.761303991079330444e-01 1.910706013441085815e-01 0.000000000000000000e+00 8.455287814140319824e-01 7.410486340522766113e-01 4.306800663471221924e-01 4.249400496482849121e-01 1.613785475492477417e-01 1.423410978168249130e-02
1.774937808513641357e-01 1.092473343014717102e-01 7.376961112022399902e-01 9.845770597457885742e-01 3.229318559169769287e-01 0.000000000000000000e+00 2.063552886247634888e-01 2.080947309732437134e-01 7.278997898101806641e-01 8.570613265037536621e-01 3.504866659641265869e-01 1.052713859826326370e-02
2.983674965798854828e-02 7.988846898078918457e-01 5.215547680854797363e-01 1.646417565643787384e-02 4.047943055629730225e-01 0.000000000000000000e+00 4.178674519062042236e-02 7.221806645393371582e-01 3.774367570877075195e-01 1.204685121774673462e-01 3.957123160362243652e-01 8.870752062648534775e-04
3.662649393081665039e-01 4.876423478126525879e-01 1.542623192071914673e-01 3.319034576416015625e-01 2.974868118762969971e-01 0.000000000000000000e+00 4.006760716438293457e-01 4.932109117507934570e-01 3.593130707740783691e-01 1.836881637573242188e-01 2.787725627422332764e-01 1.922497153282165527e-01
1.687500029802322388e-01 6.371666789054870605e-01 9.317499995231628418e-01 7.975000143051147461e-02 8.197500109672546387e-01 5.131675004959106445e-01 1.781043410301208496e-01 5.826357603073120117e-01 7.156465649604797363e-01 2.972634732723236084e-01 8.560521006584167480e-01 3.725035786628723145e-01
1.657985448837280273e-01 1.756909936666488647e-01 8.649696707725524902e-01 6.630895733833312988e-01 1.021454036235809326e-01 0.000000000000000000e+00 1.112208366394042969e-01 2.304306328296661377e-01 7.847723364830017090e-01 7.777578234672546387e-01 1.202286928892135620e-01 5.950323538854718208e-04
3.842499852180480957e-01 7.928333282470703125e-01 6.317499876022338867e-01 7.692499756813049316e-01 8.192499876022338867e-01 7.433425188064575195e-01 4.191166162490844727e-01 7.370984554290771484e-01 6.592672467231750488e-01 7.961669564247131348e-01 8.611636757850646973e-01 7.132599949836730957e-01
8.425000309944152832e-02 3.655000030994415283e-01 1.875000074505805969e-02 4.672499895095825195e-01 2.232500016689300537e-01 3.839724957942962646e-01 1.377919316291809082e-01 5.072553157806396484e-01 1.516951173543930054e-01 5.705538392066955566e-01 1.831773221492767334e-01 5.214378833770751953e-01
3.097499907016754150e-01 5.391666889190673828e-01 8.897500038146972656e-01 1.025000028312206268e-02 7.647500038146972656e-01 5.785074830055236816e-01 3.093030452728271484e-01 4.504318237304687500e-01 6.781684160232543945e-01 2.160684764385223389e-01 7.781286239624023438e-01 5.019829869270324707e-01
8.477500081062316895e-01 6.428333520889282227e-01 2.902500033378601074e-01 9.562500119209289551e-01 7.402499914169311523e-01 1.780524998903274536e-01 8.575082421302795410e-01 6.321749091148376465e-01 3.739635646343231201e-01 8.284835219383239746e-01 7.123256325721740723e-01 4.006420075893402100e-02
8.384760022163391113e-01 5.917875170707702637e-01 4.935302436351776123e-01 4.511392489075660706e-02 8.735152482986450195e-01 0.000000000000000000e+00 8.817889094352722168e-01 6.852373480796813965e-01 3.251590132713317871e-01 2.067893445491790771e-01 8.500161767005920410e-01 2.039873972535133362e-03
1.142875775694847107e-01 2.919756770133972168e-01 7.172027230262756348e-01 3.800551295280456543e-01 9.385807514190673828e-01 0.000000000000000000e+00 1.513963639736175537e-01 3.043755590915679932e-01 6.700749993324279785e-01 4.799257516860961914e-01 9.005994796752929688e-01 2.500772662460803986e-02
8.162500262260437012e-01 6.061666607856750488e-01 4.707500040531158447e-01 2.437500059604644775e-01 1.947499960660934448e-01 3.300175070762634277e-01 7.968114614486694336e-01 4.297345876693725586e-01 2.818700671195983887e-01 2.746903896331787109e-01 1.994050294160842896e-01 3.057372868061065674e-01
3.277499973773956299e-01 7.845000028610229492e-01 3.562499880790710449e-01 7.802500128746032715e-01 2.642500102519989014e-01 4.849525094032287598e-01 3.483773171901702881e-01 7.096119523048400879e-01 3.612234294414520264e-01 7.233314514160156250e-01 3.331305086612701416e-01 4.699200093746185303e-01
9.868905544281005859e-01 1.672033369541168213e-01 8.683871030807495117e-01 2.500592768192291260e-01 1.140148714184761047e-01 0.000000000000000000e+00 8.121901750564575195e-01 2.209031432867050171e-01 7.451828122138977051e-01 6.350718140602111816e-01 1.032074391841888428e-01 1.161076128482818604e-02
6.177499890327453613e-01 6.188333630561828613e-01 4.407500028610229492e-01 3.187499940395355225e-01 5.037500262260437012e-01 1.216225028038024902e-01 6.356289982795715332e-01 5.946651101112365723e-01 4.659596383571624756e-01 2.952539324760437012e-01 5.081640481948852539e-01 1.449073404073715210e-01
1.728754043579101562e-01 4.392519891262054443e-01 8.788878321647644043e-01 5.560532808303833008e-01 2.357840538024902344e-01 0.000000000000000000e+00 1.158633828163146973e-01 3.739292621612548828e-01 7.339002490043640137e-01 7.622444629669189453e-01 2.618917226791381836e-01 2.971703745424747467e-02
9.041122794151306152e-01 3.093576729297637939e-01 2.242411971092224121e-01 7.386025190353393555e-01 5.637133121490478516e-01 0.000000000000000000e+00 7.833719849586486816e-01 2.446573078632354736e-01 5.882901549339294434e-01 6.398884057998657227e-01 5.453433990478515625e-01 2.611324004828929901e-02
1.992499977350234985e-01 3.591666519641876221e-01 9.657499790191650391e-01 3.250000067055225372e-03 8.375000208616256714e-02 1.830025017261505127e-01 1.639484316110610962e-01 3.061218261718750000e-01 8.325403928756713867e-01 8.396317809820175171e-02 1.047280281782150269e-01 6.440538167953491211e-02
6.424999982118606567e-02 3.221666812896728516e-01 1.432500034570693970e-01 9.674999862909317017e-02 7.162500023841857910e-01 4.161475002765655518e-01 1.423553824424743652e-01 4.183420538902282715e-01 2.185582369565963745e-01 2.121178954839706421e-01 7.174400687217712402e-01 3.688443899154663086e-01
1.010660976171493530e-01 9.862466454505920410e-01 4.170424863696098328e-02 6.270298957824707031e-01 2.785227000713348389e-01 0.000000000000000000e+00 6.127497553825378418e-02 9.860802292823791504e-01 9.463038295507431030e-03 5.593081712722778320e-01 2.154577076435089111e-01 8.675283424963708967e-07
4.185890853404998779e-01 6.019400060176849365e-02 1.456547528505325317e-01 2.508297562599182129e-02 8.341624736785888672e-01 0.000000000000000000e+00 4.930853843688964844e-01 1.809522956609725952e-01 2.381018400192260742e-01 7.269597798585891724e-02 8.399061560630798340e-01 9.636181406676769257e-03
6.842499971389770508e-01 2.198333293199539185e-01 5.412499904632568359e-01 3.177500069141387939e-01 4.387499988079071045e-01 1.097424998879432678e-01 8.157886862754821777e-01 2.226663678884506226e-01 4.791020750999450684e-01 1.902832686901092529e-01 4.065484106540679932e-01 8.956781029701232910e-02
9.250000119209289551e-03 6.671666502952575684e-01 8.472499847412109375e-01 4.362500011920928955e-01 1.627500057220458984e-01 2.226025015115737915e-01 3.831953927874565125e-02 6.460757851600646973e-01 7.364414334297180176e-01 5.001575350761413574e-01 2.519518136978149414e-01 5.081805586814880371e-02
5.572500228881835938e-01 6.501666903495788574e-01 5.007500052452087402e-01 8.547499775886535645e-01 7.812500000000000000e-01 9.457975029945373535e-01 5.238655805587768555e-01 6.670026779174804688e-01 5.015005469322204590e-01 8.949332833290100098e-01 8.124002814292907715e-01 8.870912194252014160e-01
9.353270530700683594e-01 2.221715003252029419e-01 6.366930603981018066e-01 8.624889254570007324e-01 8.094975352287292480e-01 0.000000000000000000e+00 9.381052851676940918e-01 3.720783591270446777e-01 7.384498119354248047e-01 8.713116049766540527e-01 8.414368629455566406e-01 6.300501525402069092e-02
9.682499766349792480e-01 3.831666707992553711e-01 5.927500128746032715e-01 7.587500214576721191e-01 1.567499935626983643e-01 6.448374986648559570e-01 9.238162636756896973e-01 4.741764366626739502e-01 6.995278000831604004e-01 5.916008353233337402e-01 1.512213945388793945e-01 5.956013798713684082e-01
9.812499880790710449e-01 5.708333253860473633e-01 7.732499837875366211e-01 2.982499897480010986e-01 1.337500065565109253e-01 6.285024881362915039e-01 8.884619474411010742e-01 4.207302927970886230e-01 6.193045973777770996e-01 3.555591702461242676e-01 1.320795416831970215e-01 4.410725831985473633e-01
5.432500243186950684e-01 4.318333268165588379e-01 2.807500064373016357e-01 1.127500012516975403e-01 6.707500219345092773e-01 2.117124944925308228e-01 5.150440931320190430e-01 4.254507720470428467e-01 4.108425676822662354e-01 1.970062255859375000e-01 6.306949257850646973e-01 1.537891626358032227e-01
3.207537531852722168e-01 9.053158164024353027e-01 4.658465385437011719e-01 7.394852638244628906e-01 5.259813070297241211e-01 0.000000000000000000e+00 2.948657572269439697e-01 8.608167767524719238e-01 5.192181468009948730e-01 8.119392991065979004e-01 4.821999073028564453e-01 9.373093023896217346e-03
1.073662471026182175e-02 9.634206891059875488e-01 8.870117068290710449e-01 5.170195698738098145e-01 2.806852757930755615e-01 0.000000000000000000e+00 1.410970557481050491e-02 8.518259525299072266e-01 5.660436749458312988e-01 3.548817932605743408e-01 2.461548894643783569e-01 1.171030802652239799e-03
8.838497400283813477e-01 2.722083404660224915e-02 8.504245281219482422e-01 1.337267756462097168e-01 2.209233492612838745e-01 0.000000000000000000e+00 6.750494241714477539e-01 2.539884150028228760e-01 7.542986273765563965e-01 6.616256237030029297e-01 2.402475625276565552e-01 2.599224150180816650e-01
4.965443313121795654e-01 6.266325116157531738e-01 9.436200261116027832e-01 4.588222801685333252e-01 5.937682390213012695e-01 0.000000000000000000e+00 5.033103823661804199e-01 4.761781692504882812e-01 7.108025550842285156e-01 4.740345180034637451e-01 5.817374587059020996e-01 1.719537377357482910e-01
1.912499964237213135e-01 2.818333208560943604e-01 2.477499991655349731e-01 2.682499885559082031e-01 9.972500205039978027e-01 6.453325152397155762e-01 2.354081422090530396e-01 3.865175545215606689e-01 3.076301813125610352e-01 2.760043740272521973e-01 9.336829185485839844e-01 7.634899020195007324e-01
1.562500000000000000e-01 2.598333358764648438e-01 1.867499947547912598e-01 7.337499856948852539e-01 2.272499948740005493e-01 8.548749983310699463e-02 1.912853866815567017e-01 3.139469027519226074e-01 2.570981681346893311e-01 6.310377120971679688e-01 1.744377613067626953e-01 1.181252673268318176e-01
8.474999666213989258e-02 4.178333282470703125e-01 2.502500116825103760e-01 3.462499976158142090e-01 1.792500019073486328e-01 8.796250075101852417e-02 1.157584488391876221e-01 4.833582043647766113e-01 3.845342993736267090e-01 4.115340113639831543e-01 1.656844019889831543e-01 4.739808291196823120e-02
7.302471995353698730e-01 5.600481629371643066e-01 4.552044570446014404e-01 8.300299048423767090e-01 6.904610991477966309e-01 0.000000000000000000e+00 7.718232870101928711e-01 4.892039895057678223e-01 4.458020925521850586e-01 7.790052294731140137e-01 7.401166558265686035e-01 3.395699858665466309e-01
7.171239256858825684e-01 3.293024897575378418e-01 7.833760380744934082e-01 2.866196036338806152e-01 1.155298724770545959e-01 0.000000000000000000e+00 6.356456279754638672e-01 2.281422466039657593e-01 5.662329196929931641e-01 5.362327694892883301e-01 1.037243679165840149e-01 4.534990713000297546e-02
2.602174580097198486e-01 7.839448451995849609e-01 3.379713892936706543e-01 1.742471754550933838e-01 7.993567734956741333e-02 0.000000000000000000e+00 1.964706480503082275e-01 6.949070096015930176e-01 2.195104807615280151e-01 2.358028143644332886e-01 5.840814113616943359e-02 2.331355959177017212e-02
3.957499861717224121e-01 2.851666808128356934e-01 4.972499907016754150e-01 6.037499904632568359e-01 7.942500114440917969e-01 1.310275048017501831e-01 4.211249947547912598e-01 3.693139553070068359e-01 4.666954576969146729e-01 7.385341525077819824e-01 7.395830750465393066e-01 6.920580565929412842e-02
8.012499809265136719e-01 2.465000003576278687e-01 1.237500011920928955e-01 8.877500295639038086e-01 9.302499890327453613e-01 4.512925148010253906e-01 7.919889688491821289e-01 5.145657658576965332e-01 3.498201668262481689e-01 8.277118802070617676e-01 8.656564950942993164e-01 2.262122780084609985e-01
7.262499928474426270e-01 3.008333444595336914e-01 2.924999967217445374e-02 6.517500281333923340e-01 3.974999859929084778e-02 5.527675151824951172e-01 7.160735130310058594e-01 3.410753011703491211e-01 1.610923111438751221e-01 3.639582097530364990e-01 6.532166153192520142e-02 4.124349355697631836e-01
8.207499980926513672e-01 3.451666533946990967e-01 3.482500016689300537e-01 8.142499923706054688e-01 9.872499704360961914e-01 8.487774729728698730e-01 7.712945938110351562e-01 2.613096833229064941e-01 2.934629321098327637e-01 8.433569669723510742e-01 9.399741888046264648e-01 5.867178440093994141e-01
9.327499866485595703e-01 1.961666643619537354e-01 5.502499938011169434e-01 5.617499947547912598e-01 1.867499947547912598e-01 6.260275244712829590e-01 9.044623374938964844e-01 3.899789154529571533e-01 6.402505040168762207e-01 4.268423020839691162e-01 1.360063105821609497e-01 5.216378569602966309e-01
3.605787754058837891e-01 5.475090146064758301e-01 5.349993109703063965e-01 6.765810251235961914e-01 3.947646617889404297e-01 0.000000000000000000e+00 3.609474599361419678e-01 6.479691863059997559e-01 6.523404717445373535e-01 7.426812052726745605e-01 3.980550169944763184e-01 5.883234739303588867e-02
2.517499923706054688e-01 6.198333501815795898e-01 4.977500140666961670e-01 7.227500081062316895e-01 5.952500104904174805e-01 5.230674743652343750e-01 2.859182953834533691e-01 6.863850355148315430e-01 5.645316839218139648e-01 8.158869147300720215e-01 5.692577958106994629e-01 5.790106058120727539e-01
7.812500000000000000e-01 1.751666665077209473e-01 3.517499864101409912e-01 4.552499949932098389e-01 5.249999929219484329e-03 9.754974842071533203e-01 7.039071321487426758e-01 2.359801679849624634e-01 3.385269343852996826e-01 2.800542116165161133e-01 4.279363155364990234e-02 7.499428987503051758e-01
3.422916531562805176e-01 8.343675136566162109e-01 2.056773304939270020e-01 6.264603137969970703e-01 2.856184244155883789e-01 0.000000000000000000e+00 3.196667432785034180e-01 8.704262971878051758e-01 2.450423687696456909e-01 5.083412528038024902e-01 2.880264520645141602e-01 9.442273527383804321e-03
4.147500097751617432e-01 2.754999995231628418e-01 9.357500076293945312e-01 5.447499752044677734e-01 4.547500014305114746e-01 2.800225019454956055e-01 4.520179033279418945e-01 2.966312468051910400e-01 7.839606404304504395e-01 4.906777441501617432e-01 4.402221739292144775e-01 1.375559717416763306e-01
6.182500123977661133e-01 3.758333325386047363e-01 4.675000160932540894e-02 1.125000044703483582e-02 5.502499938011169434e-01 6.443424820899963379e-01 6.145763993263244629e-01 3.385171592235565186e-01 1.194582954049110413e-01 1.084075272083282471e-01 5.259611606597900391e-01 7.434371113777160645e-01
6.772345900535583496e-01 1.633828282356262207e-01 9.599668383598327637e-01 8.491026163101196289e-01 4.633902311325073242e-01 0.000000000000000000e+00 8.051126003265380859e-01 2.440443933010101318e-01 7.435773611068725586e-01 8.458548188209533691e-01 4.479422271251678467e-01 4.370987415313720703e-03
7.284384965896606445e-02 7.698343396186828613e-01 2.891469001770019531e-01 8.242957592010498047e-01 8.138620257377624512e-01 0.000000000000000000e+00 8.010078966617584229e-02 7.950290441513061523e-01 3.228105902671813965e-01 7.354093194007873535e-01 7.870276570320129395e-01 3.075783373787999153e-03
4.627721309661865234e-01 3.485116660594940186e-01 9.429911971092224121e-01 2.020319923758506775e-02 9.507822394371032715e-01 0.000000000000000000e+00 4.541629552841186523e-01 1.685183048248291016e-01 5.884674191474914551e-01 2.419290989637374878e-01 9.183907508850097656e-01 3.288794832769781351e-04
9.547500014305114746e-01 3.425000011920928955e-01 2.362499982118606567e-01 2.532500028610229492e-01 3.957499861717224121e-01 4.588750004768371582e-02 8.904463052749633789e-01 3.803045749664306641e-01 3.505760133266448975e-01 2.462652474641799927e-01 3.882085084915161133e-01 1.750948280096054077e-01
5.423613786697387695e-01 7.707801461219787598e-01 1.250826716423034668e-01 7.106748223304748535e-01 8.059598207473754883e-01 0.000000000000000000e+00 5.531716346740722656e-01 9.229894280433654785e-01 2.554829418659210205e-01 6.602188944816589355e-01 8.218762278556823730e-01 2.904291264712810516e-03
9.197499752044677734e-01 7.251666784286499023e-01 5.852500200271606445e-01 9.272500276565551758e-01 1.032499969005584717e-01 7.730425000190734863e-01 9.201466441154479980e-01 5.656365156173706055e-01 6.317030191421508789e-01 5.215595364570617676e-01 1.099070385098457336e-01 3.250033855438232422e-01
9.684153795242309570e-01 4.805845022201538086e-01 2.790098488330841064e-01 8.128200769424438477e-01 8.706594705581665039e-01 0.000000000000000000e+00 8.186163306236267090e-01 6.511589884757995605e-01 6.578179001808166504e-01 7.920224070549011230e-01 8.512415289878845215e-01 1.621118187904357910e-02
9.250000119209289551e-03 6.671666502952575684e-01 8.472499847412109375e-01 4.362500011920928955e-01 1.627500057220458984e-01 2.226025015115737915e-01 3.831953927874565125e-02 6.460757851600646973e-01 7.364414334297180176e-01 5.001575350761413574e-01 2.519518136978149414e-01 5.081805586814880371e-02
6.160319969058036804e-02 4.517796635627746582e-01 8.073859810829162598e-01 8.512290716171264648e-01 8.363823890686035156e-01 0.000000000000000000e+00 4.803157225251197815e-02 3.438062667846679688e-01 8.750679492950439453e-01 8.666182160377502441e-01 8.441104888916015625e-01 2.470791339874267578e-03
7.432500123977661133e-01 3.411666750907897949e-01 5.337499976158142090e-01 6.142500042915344238e-01 6.477500200271606445e-01 9.002575278282165527e-01 7.458530664443969727e-01 3.464989662170410156e-01 6.018899083137512207e-01 5.057975053787231445e-01 6.432291269302368164e-01 7.198408842086791992e-01
4.195781946182250977e-01 5.515206456184387207e-01 7.886890769004821777e-01 1.290792524814605713e-01 9.268359541893005371e-01 0.000000000000000000e+00 4.880747497081756592e-01 2.775779664516448975e-01 4.913460612297058105e-01 2.242315709590911865e-01 9.182007908821105957e-01 6.406410131603479385e-03
5.783275961875915527e-01 7.679461836814880371e-01 1.879194676876068115e-01 3.136897459626197815e-02 3.740251362323760986e-01 0.000000000000000000e+00 5.812830328941345215e-01 6.663755178451538086e-01 1.142762377858161926e-01 7.998364418745040894e-02 3.941076099872589111e-01 9.073109924793243408e-02
5.803592205047607422e-01 3.129394948482513428e-01 1.947191804647445679e-01 1.433691978454589844e-01 1.835574805736541748e-01 0.000000000000000000e+00 5.475354790687561035e-01 2.189987301826477051e-01 2.084134072065353394e-01 1.489161401987075806e-01 1.606997847557067871e-01 3.847392797470092773e-01
6.177499890327453613e-01 6.188333630561828613e-01 4.407500028610229492e-01 3.187499940395355225e-01 5.037500262260437012e-01 1.216225028038024902e-01 6.356289982795715332e-01 5.946651101112365723e-01 4.659596383571624756e-01 2.952539324760437012e-01 5.081640481948852539e-01 1.449073404073715210e-01
1.967500001192092896e-01 5.351666808128356934e-01 5.907499790191650391e-01 6.075000017881393433e-02 9.127500057220458984e-01 9.522324800491333008e-01 2.205361872911453247e-01 4.532769918441772461e-01 4.946855306625366211e-01 2.257283180952072144e-01 9.688187241554260254e-01 9.049869179725646973e-01
8.207499980926513672e-01 3.451666533946990967e-01 3.482500016689300537e-01 8.142499923706054688e-01 9.872499704360961914e-01 8.487774729728698730e-01 7.712945938110351562e-01 2.613096833229064941e-01 2.934629321098327637e-01 8.433569669723510742e-01 9.399741888046264648e-01 5.867178440093994141e-01
7.617874145507812500e-01 1.203949972987174988e-01 1.160822734236717224e-01 6.718180179595947266e-01 9.523288011550903320e-01 0.000000000000000000e+00 8.052567839622497559e-01 2.012299150228500366e-01 3.666749596595764160e-01 5.213404893875122070e-01 9.225845336914062500e-01 1.992264995351433754e-03
9.192500114440917969e-01 4.514999985694885254e-01 6.262500286102294922e-01 7.275000214576721191e-02 7.157499790191650391e-01 9.665874838829040527e-01 8.748469948768615723e-01 4.438255429267883301e-01 4.978877604007720947e-01 2.114508301019668579e-01 6.698613166809082031e-01 6.901079416275024414e-01
5.652499794960021973e-01 6.051666736602783203e-01 2.692500054836273193e-01 4.037500023841857910e-01 1.512500047683715820e-01 5.280175209045410156e-01 5.213316082954406738e-01 5.781031250953674316e-01 2.675790786743164062e-01 3.419511020183563232e-01 1.688328683376312256e-01 3.288624286651611328e-01
8.591620326042175293e-01 6.739783287048339844e-01 5.734832286834716797e-01 6.212056875228881836e-01 3.218745589256286621e-01 0.000000000000000000e+00 8.244974613189697266e-01 6.620321273803710938e-01 3.500384092330932617e-01 8.055074810981750488e-01 3.101198375225067139e-01 1.042210496962070465e-02
7.357500195503234863e-01 6.741666793823242188e-01 3.927499949932098389e-01 8.432499766349792480e-01 2.797499895095825195e-01 8.111575245857238770e-01 7.535843849182128906e-01 6.490337252616882324e-01 4.127372503280639648e-01 6.666564941406250000e-01 2.629010975360870361e-01 4.596388638019561768e-01
4.033871889114379883e-01 3.996750116348266602e-01 1.862797737121582031e-01 3.928615450859069824e-01 4.071122705936431885e-01 0.000000000000000000e+00 4.848581254482269287e-01 2.664310336112976074e-01 2.303096204996109009e-01 1.529002785682678223e-01 3.971192538738250732e-01 2.882385849952697754e-01
8.332499861717224121e-01 3.888333439826965332e-01 5.274999886751174927e-02 4.912500083446502686e-01 2.452500015497207642e-01 1.191475018858909607e-01 8.121309876441955566e-01 3.836978375911712646e-01 2.521349489688873291e-01 2.703701853752136230e-01 2.324722856283187866e-01 3.013815283775329590e-01
6.794481277465820312e-01 3.660198450088500977e-01 6.429616808891296387e-01 9.853849411010742188e-01 1.531449556350708008e-01 0.000000000000000000e+00 7.056844830513000488e-01 2.662374675273895264e-01 7.025932073593139648e-01 8.116339445114135742e-01 1.347631961107254028e-01 9.033006615936756134e-03
7.462499737739562988e-01 4.435000121593475342e-01 5.262500047683715820e-01 9.722499847412109375e-01 5.317500233650207520e-01 3.008125126361846924e-01 6.901944279670715332e-01 3.788455724716186523e-01 6.405900120735168457e-01 8.170922994613647461e-01 5.056931376457214355e-01 2.511692345142364502e-01
5.397499799728393555e-01 4.061666727066040039e-01 6.297500133514404297e-01 3.267500102519989014e-01 3.487499952316284180e-01 6.667750328779220581e-02 5.134570598602294922e-01 3.391878604888916016e-01 7.312530875205993652e-01 2.506108582019805908e-01 3.439629375934600830e-01 9.265497326850891113e-02
7.284384965896606445e-02 7.698343396186828613e-01 2.891469001770019531e-01 8.242957592010498047e-01 8.138620257377624512e-01 0.000000000000000000e+00 8.010078966617584229e-02 7.950290441513061523e-01 3.228105902671813965e-01 7.354093194007873535e-01 7.870276570320129395e-01 3.075783373787999153e-03
1.629325449466705322e-01 9.735666513442993164e-01 9.607072472572326660e-01 1.877198219299316406e-01 5.843223333358764648e-01 0.000000000000000000e+00 1.525739878416061401e-01 6.506742238998413086e-01 5.156111717224121094e-01 1.606173962354660034e-01 5.215906500816345215e-01 1.161523982882499695e-01
1.832499951124191284e-01 1.901666671037673950e-01 9.902499914169311523e-01 3.447499871253967285e-01 4.292500019073486328e-01 1.518175005912780762e-01 2.162429690361022949e-01 2.372552156448364258e-01 8.544010519981384277e-01 3.605141639709472656e-01 3.670622110366821289e-01 8.060119114816188812e-03
2.858015298843383789e-01 3.173066675662994385e-02 3.504570722579956055e-01 9.776040911674499512e-01 8.626258969306945801e-01 0.000000000000000000e+00 4.573115706443786621e-01 2.304929345846176147e-01 5.845101475715637207e-01 7.010022997856140137e-01 8.506248593330383301e-01 9.670265763998031616e-02
5.707499980926513672e-01 2.768333256244659424e-01 2.472500056028366089e-01 4.202499985694885254e-01 6.162499785423278809e-01 6.865750253200531006e-02 5.686662793159484863e-01 3.548153936862945557e-01 3.741143941879272461e-01 3.505902588367462158e-01 5.584766268730163574e-01 1.545516550540924072e-01
7.302471995353698730e-01 5.600481629371643066e-01 4.552044570446014404e-01 8.300299048423767090e-01 6.904610991477966309e-01 0.000000000000000000e+00 7.718232870101928711e-01 4.892039895057678223e-01 4.458020925521850586e-01 7.790052294731140137e-01 7.401166558265686035e-01 3.395699858665466309e-01
8.425000309944152832e-02 3.655000030994415283e-01 1.875000074505805969e-02 4.672499895095825195e-01 2.232500016689300537e-01 3.839724957942962646e-01 1.377919316291809082e-01 5.072553157806396484e-01 1.516951173543930054e-01 5.705538392066955566e-01 1.831773221492767334e-01 5.214378833770751953e-01
5.182499885559082031e-01 2.278333306312561035e-01 1.567499935626983643e-01 8.647500276565551758e-01 6.932500004768371582e-01 1.503324955701828003e-01 5.337730646133422852e-01 2.093676924705505371e-01 2.406709492206573486e-01 7.912842631340026855e-01 6.411154866218566895e-01 3.932426869869232178e-02
3.617500066757202148e-01 1.958333402872085571e-01 1.767500042915344238e-01 4.187499880790710449e-01 8.402500152587890625e-01 6.616675257682800293e-01 4.022431075572967529e-01 4.126380383968353271e-01 2.527809441089630127e-01 6.100094318389892578e-01 7.996210455894470215e-01 7.436326742172241211e-01
6.557499766349792480e-01 3.031666576862335205e-01 8.272500038146972656e-01 2.447499930858612061e-01 3.577499985694885254e-01 2.379474937915802002e-01 6.213211417198181152e-01 3.440916240215301514e-01 7.344940304756164551e-01 3.066404759883880615e-01 3.637869358062744141e-01 2.105443626642227173e-01
6.307500004768371582e-01 5.088333487510681152e-01 6.697499752044677734e-01 6.702499985694885254e-01 6.762499809265136719e-01 4.235725104808807373e-01 6.400715112686157227e-01 5.054752230644226074e-01 5.654841065406799316e-01 7.067055702209472656e-01 6.338312625885009766e-01 1.631228476762771606e-01
3.402499854564666748e-01 7.441666722297668457e-01 1.987500041723251343e-01 1.917500048875808716e-01 2.012500017881393433e-01 2.968524992465972900e-01 3.454373180866241455e-01 6.758901476860046387e-01 2.262802273035049438e-01 2.151337713003158569e-01 2.332555353641510010e-01 1.422059983015060425e-01
1.832499951124191284e-01 1.901666671037673950e-01 9.902499914169311523e-01 3.447499871253967285e-01 4.292500019073486328e-01 1.518175005912780762e-01 2.162429690361022949e-01 2.372552156448364258e-01 8.544010519981384277e-01 3.605141639709472656e-01 3.670622110366821289e-01 8.060119114816188812e-03
6.910432577133178711e-01 6.911781430244445801e-01 1.498954296112060547e-01 3.604017794132232666e-01 4.049657285213470459e-01 0.000000000000000000e+00 6.350734233856201172e-01 8.200195431709289551e-01 2.734068930149078369e-01 3.123167753219604492e-01 3.825927674770355225e-01 2.927848137915134430e-02
7.067499756813049316e-01 2.685000002384185791e-01 5.397499799728393555e-01 7.762500047683715820e-01 7.002500295639038086e-01 1.295424997806549072e-01 8.073921203613281250e-01 2.732151448726654053e-01 5.506258010864257812e-01 6.621342897415161133e-01 6.515816450119018555e-01 1.662083417177200317e-01
4.324999824166297913e-02 3.465000092983245850e-01 9.724999964237213135e-02 9.907500147819519043e-01 2.837499976158142090e-01 4.750525057315826416e-01 5.929239094257354736e-02 3.859235048294067383e-01 1.051065251231193542e-01 9.033761024475097656e-01 2.269213795661926270e-01 4.204031229019165039e-01
1.485705971717834473e-01 9.356981515884399414e-01 7.307092547416687012e-01 3.513916730880737305e-01 3.173074722290039062e-01 0.000000000000000000e+00 9.731961786746978760e-02 7.654556632041931152e-01 4.620768725872039795e-01 5.398659110069274902e-01 3.071162998676300049e-01 6.204369477927684784e-03
3.957499861717224121e-01 2.851666808128356934e-01 4.972499907016754150e-01 6.037499904632568359e-01 7.942500114440917969e-01 1.310275048017501831e-01 4.211249947547912598e-01 3.693139553070068359e-01 4.666954576969146729e-01 7.385341525077819824e-01 7.395830750465393066e-01 6.920580565929412842e-02
9.792500138282775879e-01 2.138333320617675781e-01 2.775000035762786865e-02 8.262500166893005371e-01 7.302500009536743164e-01 2.978425025939941406e-01 8.861161470413208008e-01 3.461024165153503418e-01 2.310636788606643677e-01 8.068655133247375488e-01 7.001792788505554199e-01 3.205711543560028076e-01
3.666234612464904785e-01 4.045678377151489258e-01 4.714917838573455811e-01 6.567987799644470215e-01 5.637823343276977539e-01 0.000000000000000000e+00 3.838256001472473145e-01 5.607271790504455566e-01 6.842611432075500488e-01 6.610792875289916992e-01 5.300353765487670898e-01 1.387504190206527710e-01
9.969742894172668457e-01 3.987293243408203125e-01 2.722304463386535645e-01 9.663700126111507416e-03 4.617100656032562256e-01 0.000000000000000000e+00 8.523925542831420898e-01 3.649720251560211182e-01 2.986187338829040527e-01 1.863930374383926392e-01 4.920081496238708496e-01 2.157492339611053467e-01
9.525000303983688354e-02 5.774999856948852539e-01 1.882500052452087402e-01 4.282500147819519043e-01 5.407500267028808594e-01 2.409175038337707520e-01 1.638241112232208252e-01 6.002410650253295898e-01 2.510306835174560547e-01 4.822248518466949463e-01 5.850915312767028809e-01 7.103415578603744507e-02
5.802500247955322266e-01 2.501666545867919922e-01 4.724999889731407166e-02 3.677499890327453613e-01 6.427500247955322266e-01 2.107225060462951660e-01 5.832393765449523926e-01 3.403876721858978271e-01 2.109276950359344482e-01 3.079828619956970215e-01 5.826457738876342773e-01 2.939217388629913330e-01
1.575250774621963501e-01 7.389019727706909180e-01 9.960511326789855957e-01 8.033517003059387207e-01 9.225896000862121582e-01 0.000000000000000000e+00 1.371940672397613525e-01 7.257731556892395020e-01 7.467518448829650879e-01 8.640326857566833496e-01 8.598766326904296875e-01 7.539322227239608765e-02
4.965443313121795654e-01 6.266325116157531738e-01 9.436200261116027832e-01 4.588222801685333252e-01 5.937682390213012695e-01 0.000000000000000000e+00 5.033103823661804199e-01 4.761781692504882812e-01 7.108025550842285156e-01 4.740345180034637451e-01 5.817374587059020996e-01 1.719537377357482910e-01
2.770037055015563965e-01 1.766666682669892907e-04 8.724019527435302734e-01 1.987800002098083496e-02 7.433099746704101562e-01 0.000000000000000000e+00 3.208830952644348145e-01 1.290616542100906372e-01 5.719035267829895020e-01 2.957071363925933838e-01 7.668097019195556641e-01 1.876364927738904953e-03
8.249832391738891602e-01 3.692588210105895996e-01 1.987953037023544312e-01 8.901568651199340820e-01 9.255962371826171875e-01 0.000000000000000000e+00 8.802217245101928711e-01 4.449259042739868164e-01 4.693519473075866699e-01 6.442870497703552246e-01 9.170143604278564453e-01 5.278228223323822021e-02
8.206180334091186523e-01 3.217741549015045166e-01 2.701013982295989990e-01 8.320565223693847656e-01 8.757120966911315918e-01 0.000000000000000000e+00 8.715714812278747559e-01 2.349101006984710693e-01 5.116450190544128418e-01 5.916164517402648926e-01 8.754048347473144531e-01 1.668193610385060310e-03
7.812500000000000000e-01 1.751666665077209473e-01 3.517499864101409912e-01 4.552499949932098389e-01 5.249999929219484329e-03 9.754974842071533203e-01 7.039071321487426758e-01 2.359801679849624634e-01 3.385269343852996826e-01 2.800542116165161133e-01 4.279363155364990234e-02 7.499428987503051758e-01
9.502500295639038086e-01 4.421666562557220459e-01 6.302499771118164062e-01 3.707500100135803223e-01 3.777500092983245850e-01 7.459750026464462280e-02 8.800119161605834961e-01 3.772693574428558350e-01 6.457734107971191406e-01 3.665364682674407959e-01 3.949722647666931152e-01 1.252161413431167603e-01
3.515525460243225098e-01 6.054250150918960571e-02 9.698121547698974609e-01 8.681169748306274414e-01 5.015513896942138672e-01 0.000000000000000000e+00 4.776484966278076172e-01 2.017246484756469727e-01 7.141658663749694824e-01 7.880749702453613281e-01 4.914672076702117920e-01 3.684499114751815796e-02
8.874999731779098511e-02 5.541666746139526367e-01 6.437500119209289551e-01 8.057500123977661133e-01 3.427500128746032715e-01 7.666075229644775391e-01 7.320113480091094971e-02 5.918341875076293945e-01 7.472326159477233887e-01 8.900377154350280762e-01 3.737833201885223389e-01 7.724227905273437500e-01
3.377499878406524658e-01 3.161666691303253174e-01 6.292499899864196777e-01 8.542500138282775879e-01 1.362500041723251343e-01 4.390750080347061157e-02 3.695358932018280029e-01 3.171858489513397217e-01 6.862044334411621094e-01 7.131166458129882812e-01 1.231655552983283997e-01 2.497503347694873810e-02
3.748235106468200684e-02 8.694358468055725098e-01 6.007618904113769531e-01 7.746641635894775391e-01 2.502822279930114746e-01 0.000000000000000000e+00 6.422718055546283722e-03 9.126231074333190918e-01 6.641836762428283691e-01 8.754702806472778320e-01 1.891233175992965698e-01 2.607771421025972813e-05
8.697500228881835938e-01 5.304999947547912598e-01 9.707499742507934570e-01 6.927499771118164062e-01 5.352500081062316895e-01 6.816250085830688477e-02 8.970128893852233887e-01 3.613343238830566406e-01 7.490875720977783203e-01 7.406504154205322266e-01 5.055606365203857422e-01 2.597902417182922363e-01
4.646702110767364502e-01 1.353484988212585449e-01 3.215880990028381348e-01 5.276442766189575195e-01 5.786039829254150391e-01 0.000000000000000000e+00 5.068912506103515625e-01 2.635031640529632568e-01 4.871101677417755127e-01 3.273464143276214600e-01 6.109969615936279297e-01 2.489025741815567017e-01
6.424999982118606567e-02 3.221666812896728516e-01 1.432500034570693970e-01 9.674999862909317017e-02 7.162500023841857910e-01 4.161475002765655518e-01 1.423553824424743652e-01 4.183420538902282715e-01 2.185582369565963745e-01 2.121178954839706421e-01 7.174400687217712402e-01 3.688443899154663086e-01
6.048719882965087891e-01 1.276910006999969482e-01 5.688943862915039062e-01 7.816954255104064941e-01 6.702355295419692993e-02 0.000000000000000000e+00 5.328425765037536621e-01 2.390269339084625244e-01 7.112734317779541016e-01 7.921690940856933594e-01 7.270481437444686890e-02 3.611600492149591446e-03
9.257104396820068359e-01 7.574400305747985840e-02 7.382417470216751099e-02 8.516069054603576660e-01 7.737309336662292480e-01 0.000000000000000000e+00 8.895295858383178711e-01 3.450692892074584961e-01 4.822809696197509766e-01 6.369586586952209473e-01 7.986810803413391113e-01 1.857542619109153748e-02
3.646948933601379395e-01 9.075134992599487305e-01 1.513650715351104736e-01 4.697806835174560547e-01 2.386109679937362671e-01 0.000000000000000000e+00 3.099709451198577881e-01 9.015361070632934570e-01 1.209307312965393066e-01 3.998340666294097900e-01 2.502160966396331787e-01 4.844149574637413025e-03
8.124446272850036621e-01 9.060766547918319702e-02 9.207218289375305176e-01 7.184882164001464844e-01 9.589533805847167969e-01 0.000000000000000000e+00 8.974392414093017578e-01 2.092038691043853760e-01 8.126006126403808594e-01 7.374539375305175781e-01 9.373616576194763184e-01 4.382217302918434143e-02
7.203670740127563477e-01 7.525596618652343750e-01 4.173942506313323975e-01 3.036204911768436432e-02 8.825812935829162598e-01 0.000000000000000000e+00 6.824087500572204590e-01 7.648161649703979492e-01 4.492579996585845947e-01 2.081257849931716919e-01 9.061310887336730957e-01 4.509959835559129715e-03
3.377499878406524658e-01 3.161666691303253174e-01 6.292499899864196777e-01 8.542500138282775879e-01 1.362500041723251343e-01 4.390750080347061157e-02 3.695358932018280029e-01 3.171858489513397217e-01 6.862044334411621094e-01 7.131166458129882812e-01 1.231655552983283997e-01 2.497503347694873810e-02
2.833422459661960602e-02 5.457605123519897461e-01 4.353554919362068176e-02 4.075207710266113281e-01 1.412358433008193970e-01 0.000000000000000000e+00 6.349723786115646362e-02 7.266406416893005371e-01 1.423646062612533569e-01 3.469440639019012451e-01 1.000406444072723389e-01 9.956032037734985352e-03
2.967500090599060059e-01 7.678333520889282227e-01 5.277500152587890625e-01 8.107500076293945312e-01 8.812500238418579102e-01 2.077524960041046143e-01 3.378881216049194336e-01 7.617896199226379395e-01 5.658932328224182129e-01 8.696960210800170898e-01 8.766314387321472168e-01 5.006590113043785095e-02
4.440009593963623047e-01 7.886375188827514648e-01 3.082623481750488281e-01 2.077065706253051758e-01 8.468438386917114258e-01 0.000000000000000000e+00 4.740045964717864990e-01 8.122639656066894531e-01 3.754069507122039795e-01 1.930609345436096191e-01 8.377371430397033691e-01 8.925916627049446106e-03
1.782499998807907104e-01 5.178333520889282227e-01 6.672499775886535645e-01 5.974999815225601196e-02 6.962500214576721191e-01 1.567675024271011353e-01 2.343479841947555542e-01 5.762107968330383301e-01 7.260840535163879395e-01 1.856888532638549805e-01 6.735596060752868652e-01 2.200619876384735107e-01
7.316631078720092773e-01 3.215826749801635742e-01 8.003796935081481934e-01 9.469936490058898926e-01 1.788385510444641113e-01 0.000000000000000000e+00 7.990728020668029785e-01 2.405884712934494019e-01 7.198470234870910645e-01 8.092904686927795410e-01 1.522354483604431152e-01 5.115466192364692688e-03
3.522500097751617432e-01 2.885000109672546387e-01 7.817500233650207520e-01 1.324999984353780746e-02 4.882499873638153076e-01 7.086924910545349121e-01 4.019317328929901123e-01 3.221631944179534912e-01 6.295595765113830566e-01 1.426361203193664551e-01 4.221562743186950684e-01 5.628926753997802734e-01
3.167499899864196777e-01 7.714999914169311523e-01 3.377499878406524658e-01 3.597500026226043701e-01 8.707500100135803223e-01 7.374024987220764160e-01 4.048669338226318359e-01 5.668451786041259766e-01 2.192851155996322632e-01 3.158130645751953125e-01 9.200544953346252441e-01 7.475045919418334961e-01
5.236236453056335449e-01 7.473919987678527832e-01 3.135306835174560547e-01 7.138540744781494141e-01 2.514461874961853027e-01 0.000000000000000000e+00 5.060505270957946777e-01 6.176953315734863281e-01 2.663234174251556396e-01 6.927904486656188965e-01 2.143551558256149292e-01 6.270118802785873413e-02
1.234549283981323242e-01 2.892143428325653076e-01 8.184649981558322906e-03 2.653072476387023926e-01 5.172784999012947083e-02 0.000000000000000000e+00 1.558887511491775513e-01 3.680136799812316895e-01 1.312281340360641479e-01 9.127136319875717163e-02 5.882386118173599243e-02 3.157493099570274353e-02
3.197014629840850830e-01 3.050785064697265625e-01 1.717513501644134521e-01 6.128016710281372070e-01 7.158207297325134277e-01 0.000000000000000000e+00 3.720264732837677002e-01 2.920695841312408447e-01 4.884606897830963135e-01 2.982420921325683594e-01 7.484123110771179199e-01 6.511812657117843628e-02
8.697500228881835938e-01 5.304999947547912598e-01 9.707499742507934570e-01 6.927499771118164062e-01 5.352500081062316895e-01 6.816250085830688477e-02 8.970128893852233887e-01 3.613343238830566406e-01 7.490875720977783203e-01 7.406504154205322266e-01 5.055606365203857422e-01 2.597902417182922363e-01
7.648598551750183105e-01 4.348646700382232666e-01 8.564124107360839844e-01 8.930147886276245117e-01 8.440297245979309082e-01 0.000000000000000000e+00 7.820470333099365234e-01 2.932397723197937012e-01 8.561486005783081055e-01 9.052680134773254395e-01 8.459446430206298828e-01 1.183683401905000210e-03
4.392499923706054688e-01 7.818333506584167480e-01 6.822500228881835938e-01 7.642499804496765137e-01 5.087500214576721191e-01 1.226124987006187439e-01 4.661338329315185547e-01 6.509457826614379883e-01 6.223886609077453613e-01 7.113295793533325195e-01 5.058946013450622559e-01 1.578624546527862549e-01
8.426417410373687744e-02 3.424436748027801514e-01 7.081192135810852051e-01 6.998121142387390137e-01 3.460691273212432861e-01 0.000000000000000000e+00 6.769516319036483765e-02 4.033913314342498779e-01 8.008341789245605469e-01 7.784934043884277344e-01 3.602844476699829102e-01 1.098523363471031189e-01
8.338772058486938477e-01 5.817603468894958496e-01 3.065396249294281006e-01 7.224022150039672852e-01 9.701617807149887085e-02 0.000000000000000000e+00 8.308993577957153320e-01 7.589685320854187012e-01 3.730852007865905762e-01 5.617123842239379883e-01 7.682460546493530273e-02 1.773346681147813797e-03
8.675000071525573730e-02 2.471666634082794189e-01 7.547500133514404297e-01 2.772499918937683105e-01 6.777499914169311523e-01 7.265124917030334473e-01 1.163887083530426025e-01 2.787086069583892822e-01 7.510285377502441406e-01 3.509922921657562256e-01 6.310791373252868652e-01 7.449807524681091309e-01
7.222499847412109375e-01 1.968333274126052856e-01 7.652500271797180176e-01 6.532499790191650391e-01 3.502500057220458984e-01 9.601525068283081055e-01 7.764627933502197266e-01 2.779677510261535645e-01 7.166760563850402832e-01 5.327215194702148438e-01 3.441860377788543701e-01 5.505187511444091797e-01
5.567499995231628418e-01 4.368333220481872559e-01 8.874999731779098511e-02 9.472500085830688477e-01 8.372499942779541016e-01 5.433624982833862305e-01 5.525106787681579590e-01 5.538942217826843262e-01 1.807322055101394653e-01 9.102043509483337402e-01 8.046188950538635254e-01 5.647553205490112305e-01
5.517500042915344238e-01 6.575000286102294922e-01 1.012500002980232239e-01 8.642500042915344238e-01 5.892500281333923340e-01 6.294925212860107422e-01 5.261198878288269043e-01 6.501678824424743652e-01 2.114625126123428345e-01 8.367058634757995605e-01 5.642190575599670410e-01 5.816282629966735840e-01
2.907499969005584717e-01 4.438333213329315186e-01 6.312500238418579102e-01 9.792500138282775879e-01 9.562500119209289551e-01 8.215525150299072266e-01 3.117993175983428955e-01 5.238520503044128418e-01 7.096621394157409668e-01 8.820502758026123047e-01 8.795846104621887207e-01 8.427841067314147949e-01
8.942499756813049316e-01 6.038333177566528320e-01 5.497499704360961914e-01 4.132499992847442627e-01 4.922499954700469971e-01 4.413925111293792725e-01 9.024861454963684082e-01 4.608713090419769287e-01 5.168102979660034180e-01 2.959881126880645752e-01 4.564505517482757568e-01 2.508722543716430664e-01
1.782499998807907104e-01 5.178333520889282227e-01 6.672499775886535645e-01 5.974999815225601196e-02 6.962500214576721191e-01 1.567675024271011353e-01 2.343479841947555542e-01 5.762107968330383301e-01 7.260840535163879395e-01 1.856888532638549805e-01 6.735596060752868652e-01 2.200619876384735107e-01
5.452499985694885254e-01 3.055000007152557373e-01 9.522500038146972656e-01 7.967500090599060059e-01 7.602499723434448242e-01 7.062175273895263672e-01 5.429286956787109375e-01 3.756057620048522949e-01 8.240224719047546387e-01 8.704925775527954102e-01 7.558218240737915039e-01 7.465392947196960449e-01
7.095109820365905762e-01 4.368541538715362549e-01 5.292974710464477539e-01 7.499099373817443848e-01 1.141008213162422180e-01 0.000000000000000000e+00 7.465454936027526855e-01 2.617716491222381592e-01 5.700410008430480957e-01 5.798572301864624023e-01 9.370047599077224731e-02 1.406940817832946777e-02
7.262499928474426270e-01 3.008333444595336914e-01 2.924999967217445374e-02 6.517500281333923340e-01 3.974999859929084778e-02 5.527675151824951172e-01 7.160735130310058594e-01 3.410753011703491211e-01 1.610923111438751221e-01 3.639582097530364990e-01 6.532166153192520142e-02 4.124349355697631836e-01
9.397500157356262207e-01 6.438333392143249512e-01 5.912500023841857910e-01 3.247500061988830566e-01 5.752500295639038086e-01 5.062375068664550781e-01 9.137985706329345703e-01 4.736454188823699951e-01 4.020285010337829590e-01 3.687521517276763916e-01 5.298498868942260742e-01 2.997854053974151611e-01
2.732145190238952637e-01 5.470899865031242371e-02 3.665995299816131592e-01 2.556996941566467285e-01 9.240424633026123047e-01 0.000000000000000000e+00 3.643998801708221436e-01 1.894920468330383301e-01 4.876084029674530029e-01 1.591467261314392090e-01 9.255332946777343750e-01 1.532700192183256149e-02
9.717920422554016113e-01 5.202004909515380859e-01 4.862121939659118652e-01 1.766722798347473145e-01 8.326051235198974609e-01 0.000000000000000000e+00 9.393212199211120605e-01 5.534802675247192383e-01 3.402131199836730957e-01 3.147245347499847412e-01 8.220605850219726562e-01 9.299099445343017578e-03
1.562500000000000000e-01 2.598333358764648438e-01 1.867499947547912598e-01 7.337499856948852539e-01 2.272499948740005493e-01 8.548749983310699463e-02 1.912853866815567017e-01 3.139469027519226074e-01 2.570981681346893311e-01 6.310377120971679688e-01 1.744377613067626953e-01 1.181252673268318176e-01
4.534086585044860840e-01 4.530040025711059570e-01 5.160615444183349609e-01 7.578579783439636230e-01 3.871478140354156494e-01 0.000000000000000000e+00 4.090714156627655029e-01 3.712128698825836182e-01 6.249698400497436523e-01 7.914397716522216797e-01 4.075467586517333984e-01 1.289289295673370361e-01
6.202499866485595703e-01 6.754999756813049316e-01 3.052499890327453613e-01 7.287499904632568359e-01 2.812500000000000000e-01 8.958024978637695312e-01 5.972625613212585449e-01 6.201869845390319824e-01 3.605010807514190674e-01 4.429253637790679932e-01 2.934806048870086670e-01 5.614109635353088379e-01
1.356346309185028076e-01 9.052503108978271484e-01 7.773992419242858887e-01 3.164064586162567139e-01 9.768019318580627441e-01 0.000000000000000000e+00 1.369281560182571411e-01 8.111492395401000977e-01 6.003980040550231934e-01 4.935158789157867432e-01 9.312958121299743652e-01 4.514676053076982498e-03
1.612499952316284180e-01 5.575000047683715820e-01 7.357500195503234863e-01 9.762499928474426270e-01 4.097500145435333252e-01 1.617175042629241943e-01 1.746458262205123901e-01 6.006100177764892578e-01 7.842333316802978516e-01 9.265176057815551758e-01 4.164935350418090820e-01 1.159492582082748413e-01
9.038134217262268066e-01 6.256254911422729492e-01 6.076961755752563477e-01 7.663932442665100098e-02 5.236064791679382324e-01 0.000000000000000000e+00 8.313984274864196777e-01 6.812721490859985352e-01 4.286569058895111084e-01 2.722824513912200928e-01 5.265194773674011230e-01 4.060489684343338013e-02
5.411283969879150391e-01 9.812133014202117920e-02 3.634599149227142334e-01 3.207432329654693604e-01 7.892357110977172852e-01 0.000000000000000000e+00 5.224652290344238281e-01 1.843981146812438965e-01 5.115969777107238770e-01 3.421930074691772461e-01 8.095142841339111328e-01 9.567742235958576202e-03
4.222500026226043701e-01 3.244999945163726807e-01 6.075000017881393433e-02 5.477499961853027344e-01 8.737499713897705078e-01 9.274824857711791992e-01 4.993399679660797119e-01 4.446612000465393066e-01 1.431398987770080566e-01 5.419911742210388184e-01 8.877424001693725586e-01 8.821648359298706055e-01
7.603034973144531250e-01 8.460936546325683594e-01 9.768740534782409668e-01 4.423037171363830566e-01 6.982049942016601562e-01 0.000000000000000000e+00 7.167136073112487793e-01 6.974158883094787598e-01 6.690617203712463379e-01 6.855314373970031738e-01 6.803133487701416016e-01 6.791952997446060181e-02
9.165056347846984863e-01 9.805855154991149902e-01 5.466861128807067871e-01 9.765425324440002441e-01 6.912685036659240723e-01 0.000000000000000000e+00 9.295529127120971680e-01 8.441873788833618164e-01 5.052550435066223145e-01 8.646200895309448242e-01 7.409309744834899902e-01 2.390657318755984306e-03
9.444096684455871582e-01 4.749810099601745605e-01 9.193977117538452148e-01 2.153200060129165649e-01 7.658598423004150391e-01 0.000000000000000000e+00 7.914932370185852051e-01 4.674907922744750977e-01 7.029927372932434082e-01 6.993101835250854492e-01 8.044150471687316895e-01 3.272017836570739746e-02
5.802500247955322266e-01 2.501666545867919922e-01 4.724999889731407166e-02 3.677499890327453613e-01 6.427500247955322266e-01 2.107225060462951660e-01 5.832393765449523926e-01 3.403876721858978271e-01 2.109276950359344482e-01 3.079828619956970215e-01 5.826457738876342773e-01 2.939217388629913330e-01
8.874999731779098511e-02 5.541666746139526367e-01 6.437500119209289551e-01 8.057500123977661133e-01 3.427500128746032715e-01 7.666075229644775391e-01 7.320113480091094971e-02 5.918341875076293945e-01 7.472326159477233887e-01 8.900377154350280762e-01 3.737833201885223389e-01 7.724227905273437500e-01
3.293235301971435547e-01 2.145478278398513794e-01 3.284145593643188477e-01 1.038290783762931824e-01 6.835829615592956543e-01 0.000000000000000000e+00 3.607023060321807861e-01 3.019146621227264404e-01 3.805977106094360352e-01 1.772598326206207275e-01 6.993481516838073730e-01 1.094085499644279480e-01
7.552499771118164062e-01 8.301666378974914551e-01 2.422499954700469971e-01 5.624999850988388062e-02 4.752500057220458984e-01 4.542624950408935547e-01 7.022123932838439941e-01 6.388709545135498047e-01 2.487484365701675415e-01 1.058863103389739990e-01 4.934606552124023438e-01 4.932605028152465820e-01
3.531215488910675049e-01 7.964873313903808594e-01 9.166837930679321289e-01 4.627950489521026611e-01 6.212345957756042480e-01 0.000000000000000000e+00 3.953920900821685791e-01 6.751817464828491211e-01 6.154916882514953613e-01 3.332132995128631592e-01 6.265177130699157715e-01 6.383662670850753784e-02
5.137500166893005371e-01 6.348333358764648438e-01 5.807499885559082031e-01 9.202499985694885254e-01 1.557500064373016357e-01 5.626674890518188477e-01 5.115662813186645508e-01 5.027654170989990234e-01 5.690304636955261230e-01 7.692090272903442383e-01 1.744917184114456177e-01 4.684375822544097900e-01
2.225000038743019104e-02 6.468333601951599121e-01 7.072499990463256836e-01 3.307499885559082031e-01 7.882500290870666504e-01 4.399074912071228027e-01 1.059442684054374695e-01 6.000378131866455078e-01 6.152294874191284180e-01 3.720635771751403809e-01 9.524747729301452637e-01 5.008773207664489746e-01
5.930473208427429199e-01 3.952783346176147461e-02 2.784900963306427002e-01 4.262390136718750000e-01 4.705974832177162170e-02 0.000000000000000000e+00 6.114257574081420898e-01 1.987455189228057861e-01 3.482914865016937256e-01 4.129392504692077637e-01 5.350753292441368103e-02 3.332139179110527039e-02
5.237829089164733887e-01 4.102471768856048584e-01 2.849633693695068359e-01 6.096604466438293457e-01 3.378944844007492065e-02 0.000000000000000000e+00 5.017378926277160645e-01 3.320748507976531982e-01 2.808346152305603027e-01 5.138261914253234863e-01 3.937210515141487122e-02 5.215977318584918976e-03
5.297212004661560059e-01 6.014770269393920898e-01 9.042257666587829590e-01 3.977243304252624512e-01 1.308780312538146973e-01 0.000000000000000000e+00 4.897558093070983887e-01 5.685347318649291992e-01 4.892591238021850586e-01 6.919618844985961914e-01 1.173641309142112732e-01 1.802756041288375854e-01
3.481698632240295410e-01 1.001556664705276489e-01 8.267007768154144287e-02 8.355787992477416992e-01 7.874544262886047363e-01 0.000000000000000000e+00 5.165028572082519531e-01 2.234029620885848999e-01 3.095778226852416992e-01 3.582698404788970947e-01 8.531439900398254395e-01 1.043650209903717041e-01
7.524397969245910645e-01 9.125016629695892334e-02 2.818450927734375000e-01 8.349748849868774414e-01 4.692992866039276123e-01 0.000000000000000000e+00 8.275228142738342285e-01 3.051342964172363281e-01 5.437009930610656738e-01 6.326027512550354004e-01 4.712668955326080322e-01 1.895925253629684448e-01
8.874999731779098511e-02 5.541666746139526367e-01 6.437500119209289551e-01 8.057500123977661133e-01 3.427500128746032715e-01 7.666075229644775391e-01 7.320113480091094971e-02 5.918341875076293945e-01 7.472326159477233887e-01 8.900377154350280762e-01 3.737833201885223389e-01 7.724227905273437500e-01
3.627759516239166260e-01 3.934253454208374023e-01 9.887663722038269043e-01 2.260797470808029175e-01 6.655945777893066406e-01 0.000000000000000000e+00 3.473802506923675537e-01 1.790508478879928589e-01 6.099425554275512695e-01 4.176028966903686523e-01 6.819282770156860352e-01 5.150918662548065186e-02
4.147500097751617432e-01 2.754999995231628418e-01 9.357500076293945312e-01 5.447499752044677734e-01 4.547500014305114746e-01 2.800225019454956055e-01 4.520179033279418945e-01 2.966312468051910400e-01 7.839606404304504395e-01 4.906777441501617432e-01 4.402221739292144775e-01 1.375559717416763306e-01
1.562500000000000000e-01 2.598333358764648438e-01 1.867499947547912598e-01 7.337499856948852539e-01 2.272499948740005493e-01 8.548749983310699463e-02 1.912853866815567017e-01 3.139469027519226074e-01 2.570981681346893311e-01 6.310377120971679688e-01 1.744377613067626953e-01 1.181252673268318176e-01
1.597499996423721313e-01 2.758333384990692139e-01 2.612499892711639404e-01 7.782499790191650391e-01 6.602500081062316895e-01 3.884274959564208984e-01 1.849038898944854736e-01 3.521709144115447998e-01 3.093318343162536621e-01 7.841422557830810547e-01 5.976217985153198242e-01 3.975063264369964600e-01
2.147136926651000977e-01 8.686083555221557617e-01 3.235800266265869141e-01 3.692780733108520508e-01 3.978675305843353271e-01 0.000000000000000000e+00 1.909224838018417358e-01 7.343415021896362305e-01 2.368468046188354492e-01 4.104501605033874512e-01 3.870319426059722900e-01 2.435063384473323822e-02
2.087499946355819702e-01 8.308333158493041992e-01 8.952500224113464355e-01 2.347500026226043701e-01 1.957499980926513672e-01 4.715875089168548584e-01 2.233422547578811646e-01 7.497012019157409668e-01 7.475390434265136719e-01 2.781036794185638428e-01 2.335228621959686279e-01 2.689762711524963379e-01
5.802500247955322266e-01 2.501666545867919922e-01 4.724999889731407166e-02 3.677499890327453613e-01 6.427500247955322266e-01 2.107225060462951660e-01 5.832393765449523926e-01 3.403876721858978271e-01 2.109276950359344482e-01 3.079828619956970215e-01 5.826457738876342773e-01 2.939217388629913330e-01
7.232499718666076660e-01 4.351666569709777832e-01 1.682499945163726807e-01 6.122499704360961914e-01 1.682499945163726807e-01 6.502825021743774414e-01 7.630702257156372070e-01 4.052183330059051514e-01 1.605167835950851440e-01 3.221570551395416260e-01 1.566022187471389771e-01 2.833549976348876953e-01
4.982500076293945312e-01 3.598333299160003662e-01 6.932500004768371582e-01 8.737499713897705078e-01 3.422499895095825195e-01 8.552125096321105957e-01 5.300729274749755859e-01 4.154716134071350098e-01 7.204214334487915039e-01 7.576716542243957520e-01 3.338962495326995850e-01 6.932609677314758301e-01
8.294046521186828613e-01 1.610668301582336426e-01 4.270720109343528748e-02 8.753425478935241699e-01 2.455040067434310913e-01 0.000000000000000000e+00 6.390655040740966797e-01 2.255195230245590210e-01 6.658329963684082031e-01 6.398524641990661621e-01 2.466560304164886475e-01 3.954165801405906677e-02
3.788036406040191650e-01 7.896469831466674805e-01 7.408513426780700684e-01 7.296272516250610352e-01 4.038955271244049072e-01 0.000000000000000000e+00 3.471943736076354980e-01 7.919244170188903809e-01 6.888642907142639160e-01 8.039023280143737793e-01 3.789804577827453613e-01 2.323558740317821503e-02
9.525000303983688354e-02 5.774999856948852539e-01 1.882500052452087402e-01 4.282500147819519043e-01 5.407500267028808594e-01 2.409175038337707520e-01 1.638241112232208252e-01 6.002410650253295898e-01 2.510306835174560547e-01 4.822248518466949463e-01 5.850915312767028809e-01 7.103415578603744507e-02
6.659429073333740234e-01 3.298363387584686279e-01 6.580285429954528809e-01 9.360582381486892700e-02 9.068998098373413086e-01 0.000000000000000000e+00 6.790414452552795410e-01 1.587239354848861694e-01 3.942492008209228516e-01 2.993320524692535400e-01 9.143390059471130371e-01 1.717228326015174389e-03
7.137500047683715820e-01 4.058333337306976318e-01 9.047499895095825195e-01 5.977500081062316895e-01 2.067500054836273193e-01 6.522625088691711426e-01 7.671309113502502441e-01 3.056390583515167236e-01 7.433374524116516113e-01 4.682443141937255859e-01 2.169226706027984619e-01 4.175301492214202881e-01
3.556028306484222412e-01 4.850506782531738281e-01 7.949597239494323730e-01 8.901359438896179199e-01 9.595794677734375000e-01 0.000000000000000000e+00 3.834801614284515381e-01 5.117361545562744141e-01 8.313412070274353027e-01 8.693879842758178711e-01 9.200403690338134766e-01 2.743297955021262169e-03
4.174999892711639404e-02 7.754999995231628418e-01 2.872500121593475342e-01 9.377499818801879883e-01 2.587499916553497314e-01 1.557774990797042847e-01 7.244537770748138428e-02 7.753038406372070312e-01 3.420377969741821289e-01 9.243147373199462891e-01 3.385165631771087646e-01 1.243210677057504654e-02
4.982500076293945312e-01 3.598333299160003662e-01 6.932500004768371582e-01 8.737499713897705078e-01 3.422499895095825195e-01 8.552125096321105957e-01 5.300729274749755859e-01 4.154716134071350098e-01 7.204214334487915039e-01 7.576716542243957520e-01 3.338962495326995850e-01 6.932609677314758301e-01
2.328847050666809082e-01 7.041414976119995117e-01 8.652940392494201660e-01 6.785266995429992676e-01 8.841844797134399414e-01 0.000000000000000000e+00 2.250556945800781250e-01 6.642284989356994629e-01 7.896258234977722168e-01 8.559734225273132324e-01 8.584756851196289062e-01 2.210389450192451477e-02
2.466608285903930664e-01 2.818638384342193604e-01 3.621786236763000488e-01 9.652235507965087891e-01 5.130279064178466797e-01 0.000000000000000000e+00 2.555854618549346924e-01 5.108318328857421875e-01 7.051860094070434570e-01 8.867493271827697754e-01 5.085253119468688965e-01 4.686303138732910156e-01
4.399487376213073730e-02 8.677413463592529297e-01 1.729958057403564453e-01 8.942873477935791016e-01 7.399083375930786133e-01 0.000000000000000000e+00 3.806067630648612976e-02 9.257014989852905273e-01 8.994487673044204712e-02 9.245797991752624512e-01 8.106697797775268555e-01 1.049868442350998521e-04
7.657499909400939941e-01 6.545000076293945312e-01 7.587500214576721191e-01 7.607499957084655762e-01 2.025000005960464478e-02 9.007524847984313965e-01 8.063972592353820801e-01 4.096532762050628662e-01 6.137996912002563477e-01 4.487319588661193848e-01 7.342093437910079956e-02 3.265517354011535645e-01
2.742500007152557373e-01 2.431666702032089233e-01 6.825000047683715820e-02 1.872500032186508179e-01 7.892500162124633789e-01 7.933375239372253418e-01 2.925377488136291504e-01 4.097660779953002930e-01 2.121564447879791260e-01 2.023177742958068848e-01 7.993959784507751465e-01 7.565736770629882812e-01
2.542499899864196777e-01 5.245000123977661133e-01 5.952500104904174805e-01 8.477500081062316895e-01 5.725000053644180298e-02 4.290175139904022217e-01 2.830195724964141846e-01 5.130671858787536621e-01 5.969133973121643066e-01 7.668886184692382812e-01 9.470922499895095825e-02 1.410722434520721436e-01
3.617500066757202148e-01 1.958333402872085571e-01 1.767500042915344238e-01 4.187499880790710449e-01 8.402500152587890625e-01 6.616675257682800293e-01 4.022431075572967529e-01 4.126380383968353271e-01 2.527809441089630127e-01 6.100094318389892578e-01 7.996210455894470215e-01 7.436326742172241211e-01
8.675000071525573730e-02 2.471666634082794189e-01 7.547500133514404297e-01 2.772499918937683105e-01 6.777499914169311523e-01 7.265124917030334473e-01 1.163887083530426025e-01 2.787086069583892822e-01 7.510285377502441406e-01 3.509922921657562256e-01 6.310791373252868652e-01 7.449807524681091309e-01
2.642373740673065186e-01 6.035138368606567383e-01 6.909914016723632812e-01 8.551321029663085938e-01 1.415619999170303345e-01 0.000000000000000000e+00 2.505325973033905029e-01 5.737114548683166504e-01 6.541146039962768555e-01 8.909513354301452637e-01 1.102116107940673828e-01 4.062338545918464661e-02
4.053613245487213135e-01 6.748468279838562012e-01 7.493067979812622070e-01 5.340111255645751953e-01 1.467824280261993408e-01 0.000000000000000000e+00 4.152142703533172607e-01 6.393141150474548340e-01 5.654422044754028320e-01 6.128491163253784180e-01 1.105500310659408569e-01 1.021515652537345886e-01
9.212499856948852539e-01 5.285000205039978027e-01 5.617499947547912598e-01 9.492499828338623047e-01 5.022500157356262207e-01 6.903774738311767578e-01 8.856766819953918457e-01 4.474506676197052002e-01 5.743488073348999023e-01 7.858855128288269043e-01 4.422440528869628906e-01 6.236992478370666504e-01
1.967500001192092896e-01 5.351666808128356934e-01 5.907499790191650391e-01 6.075000017881393433e-02 9.127500057220458984e-01 9.522324800491333008e-01 2.205361872911453247e-01 4.532769918441772461e-01 4.946855306625366211e-01 2.257283180952072144e-01 9.688187241554260254e-01 9.049869179725646973e-01
1.782499998807907104e-01 5.178333520889282227e-01 6.672499775886535645e-01 5.974999815225601196e-02 6.962500214576721191e-01 1.567675024271011353e-01 2.343479841947555542e-01 5.762107968330383301e-01 7.260840535163879395e-01 1.856888532638549805e-01 6.735596060752868652e-01 2.200619876384735107e-01
8.829076290130615234e-01 5.042549967765808105e-02 7.345488667488098145e-01 9.351281523704528809e-01 4.538421332836151123e-01 0.000000000000000000e+00 8.896665573120117188e-01 2.201545089483261108e-01 8.733358383178710938e-01 9.184994697570800781e-01 4.207344949245452881e-01 6.015847902745008469e-04
9.270039945840835571e-02 1.958909928798675537e-01 4.215838313102722168e-01 5.197972059249877930e-01 3.931826949119567871e-01 0.000000000000000000e+00 1.062468066811561584e-01 3.685043454170227051e-01 6.728690266609191895e-01 4.272688031196594238e-01 4.144010543823242188e-01 1.269898191094398499e-02
4.392499923706054688e-01 7.818333506584167480e-01 6.822500228881835938e-01 7.642499804496765137e-01 5.087500214576721191e-01 1.226124987006187439e-01 4.661338329315185547e-01 6.509457826614379883e-01 6.223886609077453613e-01 7.113295793533325195e-01 5.058946013450622559e-01 1.578624546527862549e-01
5.046495795249938965e-01 8.503661751747131348e-01 3.211891055107116699e-01 5.186012983322143555e-01 1.039105001837015152e-02 0.000000000000000000e+00 4.859691560268402100e-01 7.452648878097534180e-01 1.730410158634185791e-01 3.837454617023468018e-01 3.534313663840293884e-02 2.018557488918304443e-02
1.107572242617607117e-01 9.203566610813140869e-02 6.390078067779541016e-01 1.879055202007293701e-01 9.643592238426208496e-01 0.000000000000000000e+00 1.770046055316925049e-01 1.236341074109077454e-01 6.377643942832946777e-01 1.996922641992568970e-01 9.583972692489624023e-01 2.017667284235358238e-03
5.652499794960021973e-01 6.051666736602783203e-01 2.692500054836273193e-01 4.037500023841857910e-01 1.512500047683715820e-01 5.280175209045410156e-01 5.213316082954406738e-01 5.781031250953674316e-01 2.675790786743164062e-01 3.419511020183563232e-01 1.688328683376312256e-01 3.288624286651611328e-01
5.147500038146972656e-01 7.461666464805603027e-01 4.427500069141387939e-01 2.087499946355819702e-01 4.997499883174896240e-01 3.527874946594238281e-01 5.669656991958618164e-01 7.045383453369140625e-01 3.490344285964965820e-01 2.475857138633728027e-01 5.109852552413940430e-01 2.880575656890869141e-01
5.707499980926513672e-01 2.768333256244659424e-01 2.472500056028366089e-01 4.202499985694885254e-01 6.162499785423278809e-01 6.865750253200531006e-02 5.686662793159484863e-01 3.548153936862945557e-01 3.741143941879272461e-01 3.505902588367462158e-01 5.584766268730163574e-01 1.545516550540924072e-01
9.992499947547912598e-01 2.108333259820938110e-01 4.542500078678131104e-01 9.667500257492065430e-01 7.722499966621398926e-01 5.196024775505065918e-01 8.965925574302673340e-01 2.673780024051666260e-01 7.984657883644104004e-01 7.390424609184265137e-01 7.317436337471008301e-01 4.975601732730865479e-01
9.327499866485595703e-01 1.961666643619537354e-01 5.502499938011169434e-01 5.617499947547912598e-01 1.867499947547912598e-01 6.260275244712829590e-01 9.044623374938964844e-01 3.899789154529571533e-01 6.402505040168762207e-01 4.268423020839691162e-01 1.360063105821609497e-01 5.216378569602966309e-01
9.322500228881835938e-01 6.085000038146972656e-01 8.602499961853027344e-01 9.147499799728393555e-01 2.832500040531158447e-01 8.962975144386291504e-01 9.468728303909301758e-01 4.497860968112945557e-01 6.645458936691284180e-01 7.887462973594665527e-01 3.092320263385772705e-01 6.337678432464599609e-01
9.317499995231628418e-01 4.221666753292083740e-01 9.857500195503234863e-01 7.962499856948852539e-01 7.422500252723693848e-01 5.250474810600280762e-01 9.187244176864624023e-01 2.488972544670104980e-01 8.128551244735717773e-01 8.324671983718872070e-01 7.231827378273010254e-01 4.816832244396209717e-01
4.162499904632568359e-01 3.471666574478149414e-01 4.787499904632568359e-01 3.037500083446502686e-01 8.972499966621398926e-01 8.994249999523162842e-02 4.478834569454193115e-01 4.930653870105743408e-01 6.168631911277770996e-01 3.751046657562255859e-01 8.249208927154541016e-01 3.592224791646003723e-02
9.682499766349792480e-01 3.831666707992553711e-01 5.927500128746032715e-01 7.587500214576721191e-01 1.567499935626983643e-01 6.448374986648559570e-01 9.238162636756896973e-01 4.741764366626739502e-01 6.995278000831604004e-01 5.916008353233337402e-01 1.512213945388793945e-01 5.956013798713684082e-01
9.182448983192443848e-01 5.899381637573242188e-01 3.061800030991435051e-03 6.951534748077392578e-01 2.805645018815994263e-02 0.000000000000000000e+00 8.661479353904724121e-01 7.985467910766601562e-01 3.172742426395416260e-01 4.500721096992492676e-01 4.742323607206344604e-02 8.135840762406587601e-04
3.842499852180480957e-01 7.928333282470703125e-01 6.317499876022338867e-01 7.692499756813049316e-01 8.192499876022338867e-01 7.433425188064575195e-01 4.191166162490844727e-01 7.370984554290771484e-01 6.592672467231750488e-01 7.961669564247131348e-01 8.611636757850646973e-01 7.132599949836730957e-01
4.965443313121795654e-01 6.266325116157531738e-01 9.436200261116027832e-01 4.588222801685333252e-01 5.937682390213012695e-01 0.000000000000000000e+00 5.033103823661804199e-01 4.761781692504882812e-01 7.108025550842285156e-01 4.740345180034637451e-01 5.817374587059020996e-01 1.719537377357482910e-01
5.882499814033508301e-01 7.901666760444641113e-01 9.967499971389770508e-01 7.422500252723693848e-01 2.624999918043613434e-02 2.023075073957443237e-01 6.171858310699462891e-01 5.829576253890991211e-01 6.078727841377258301e-01 7.779433131217956543e-01 8.678220212459564209e-02 4.308145940303802490e-01
6.177499890327453613e-01 6.188333630561828613e-01 4.407500028610229492e-01 3.187499940395355225e-01 5.037500262260437012e-01 1.216225028038024902e-01 6.356289982795715332e-01 5.946651101112365723e-01 4.659596383571624756e-01 2.952539324760437012e-01 5.081640481948852539e-01 1.449073404073715210e-01
8.477500081062316895e-01 6.428333520889282227e-01 2.902500033378601074e-01 9.562500119209289551e-01 7.402499914169311523e-01 1.780524998903274536e-01 8.575082421302795410e-01 6.321749091148376465e-01 3.739635646343231201e-01 8.284835219383239746e-01 7.123256325721740723e-01 4.006420075893402100e-02
5.277768969535827637e-01 8.681350201368331909e-02 7.244742512702941895e-01 7.097357511520385742e-01 5.498147606849670410e-01 0.000000000000000000e+00 5.187904238700866699e-01 2.132146954536437988e-01 7.618662118911743164e-01 7.348909378051757812e-01 5.174213647842407227e-01 7.873120903968811035e-02
7.067499756813049316e-01 2.685000002384185791e-01 5.397499799728393555e-01 7.762500047683715820e-01 7.002500295639038086e-01 1.295424997806549072e-01 8.073921203613281250e-01 2.732151448726654053e-01 5.506258010864257812e-01 6.621342897415161133e-01 6.515816450119018555e-01 1.662083417177200317e-01
5.137500166893005371e-01 6.348333358764648438e-01 5.807499885559082031e-01 9.202499985694885254e-01 1.557500064373016357e-01 5.626674890518188477e-01 5.115662813186645508e-01 5.027654170989990234e-01 5.690304636955261230e-01 7.692090272903442383e-01 1.744917184114456177e-01 4.684375822544097900e-01
8.942499756813049316e-01 6.038333177566528320e-01 5.497499704360961914e-01 4.132499992847442627e-01 4.922499954700469971e-01 4.413925111293792725e-01 9.024861454963684082e-01 4.608713090419769287e-01 5.168102979660034180e-01 2.959881126880645752e-01 4.564505517482757568e-01 2.508722543716430664e-01
8.848194479942321777e-01 3.056106567382812500e-01 6.463901996612548828e-01 9.120644330978393555e-01 3.043798506259918213e-01 0.000000000000000000e+00 9.086743593215942383e-01 3.629921376705169678e-01 7.113810181617736816e-01 8.300819396972656250e-01 3.127866983413696289e-01 2.065374143421649933e-02
3.553619384765625000e-01 3.725933432579040527e-01 9.195809960365295410e-01 3.547005951404571533e-01 9.304919838905334473e-01 0.000000000000000000e+00 4.448028802871704102e-01 3.435828387737274170e-01 6.904209852218627930e-01 5.442782044410705566e-01 9.214925169944763184e-01 1.265248842537403107e-02
8.031288385391235352e-01 2.574591636657714844e-01 9.175903201103210449e-01 7.836917638778686523e-01 8.567080497741699219e-01 0.000000000000000000e+00 8.685798048973083496e-01 2.068367004394531250e-01 8.445665836334228516e-01 7.810711264610290527e-01 8.541054129600524902e-01 2.720637433230876923e-02
5.517500042915344238e-01 6.575000286102294922e-01 1.012500002980232239e-01 8.642500042915344238e-01 5.892500281333923340e-01 6.294925212860107422e-01 5.261198878288269043e-01 6.501678824424743652e-01 2.114625126123428345e-01 8.367058634757995605e-01 5.642190575599670410e-01 5.816282629966735840e-01
8.624999970197677612e-02 7.328333258628845215e-01 8.352500200271606445e-01 5.232499837875366211e-01 8.042500019073486328e-01 1.424124985933303833e-01 1.227267235517501831e-01 6.941817998886108398e-01 7.803574800491333008e-01 5.918801426887512207e-01 8.522741198539733887e-01 1.283442229032516479e-01
3.627499938011169434e-01 5.935000181198120117e-01 5.862500071525573730e-01 1.075000036507844925e-02 5.074999853968620300e-02 5.156425237655639648e-01 3.554604053497314453e-01 3.897575736045837402e-01 3.476131856441497803e-01 9.366293251514434814e-02 8.542238175868988037e-02 3.541452586650848389e-01
1.492500007152557373e-01 5.341666936874389648e-01 2.392500042915344238e-01 5.562499761581420898e-01 3.927499949932098389e-01 8.977825045585632324e-01 1.805082410573959351e-01 5.697611570358276367e-01 1.594226062297821045e-01 5.131200551986694336e-01 3.974270820617675781e-01 8.344941139221191406e-01
8.709928393363952637e-01 9.451573491096496582e-01 8.739993572235107422e-01 3.588641583919525146e-01 6.333252787590026855e-02 0.000000000000000000e+00 8.829546570777893066e-01 8.159625530242919922e-01 4.454684853553771973e-01 5.180811285972595215e-01 5.983802676200866699e-02 2.237125998362898827e-03
5.170986652374267578e-01 8.155193328857421875e-01 9.192832112312316895e-01 3.040740191936492920e-01 1.906464993953704834e-01 0.000000000000000000e+00 5.454436540603637695e-01 5.633831024169921875e-01 3.062181174755096436e-01 4.839712679386138916e-01 1.682911962270736694e-01 2.006921172142028809e-01
1.523814797401428223e-01 5.652688145637512207e-01 2.911945879459381104e-01 4.388316571712493896e-01 8.334630727767944336e-01 0.000000000000000000e+00 1.828108429908752441e-01 5.832095146179199219e-01 4.121923744678497314e-01 3.592207729816436768e-01 7.974254488945007324e-01 5.886266753077507019e-02
6.697499752044677734e-01 2.458333373069763184e-01 1.750000054016709328e-03 1.677500009536743164e-01 2.412499934434890747e-01 8.562024831771850586e-01 6.099076867103576660e-01 2.890720069408416748e-01 7.093545794486999512e-02 1.088423058390617371e-01 2.482825666666030884e-01 7.347972393035888672e-01
4.332227110862731934e-01 5.726361870765686035e-01 6.167691946029663086e-01 8.898167014122009277e-01 5.891250967979431152e-01 0.000000000000000000e+00 3.855008780956268311e-01 5.891218781471252441e-01 7.338901162147521973e-01 8.637789487838745117e-01 5.536918044090270996e-01 4.364961013197898865e-02
8.725000172853469849e-02 5.738333463668823242e-01 8.117499947547912598e-01 8.967499732971191406e-01 4.697499871253967285e-01 8.616474866867065430e-01 8.620607852935791016e-02 5.789433121681213379e-01 7.843921184539794922e-01 8.530029058456420898e-01 4.654124975204467773e-01 8.681772351264953613e-01
2.687500119209289551e-01 6.104999780654907227e-01 4.147500097751617432e-01 2.887499928474426270e-01 8.177499771118164062e-01 2.414125055074691772e-01 3.380247652530670166e-01 7.002199888229370117e-01 5.327390432357788086e-01 3.843963146209716797e-01 8.237713575363159180e-01 1.335939168930053711e-01
9.317499995231628418e-01 4.221666753292083740e-01 9.857500195503234863e-01 7.962499856948852539e-01 7.422500252723693848e-01 5.250474810600280762e-01 9.187244176864624023e-01 2.488972544670104980e-01 8.128551244735717773e-01 8.324671983718872070e-01 7.231827378273010254e-01 4.816832244396209717e-01
6.430923342704772949e-01 7.978931665420532227e-01 4.917736351490020752e-01 4.357348382472991943e-01 9.601367264986038208e-02 0.000000000000000000e+00 6.015290617942810059e-01 7.035853862762451172e-01 2.934848964214324951e-01 5.296250581741333008e-01 7.199787348508834839e-02 1.520662661641836166e-02
1.503943800926208496e-01 1.105993315577507019e-01 5.670726299285888672e-01 1.951381713151931763e-01 2.584861814975738525e-01 0.000000000000000000e+00 1.385663896799087524e-01 1.415018290281295776e-01 5.506112575531005859e-01 1.557642668485641479e-01 2.969862818717956543e-01 7.941640913486480713e-03
4.162499904632568359e-01 3.471666574478149414e-01 4.787499904632568359e-01 3.037500083446502686e-01 8.972499966621398926e-01 8.994249999523162842e-02 4.478834569454193115e-01 4.930653870105743408e-01 6.168631911277770996e-01 3.751046657562255859e-01 8.249208927154541016e-01 3.592224791646003723e-02
2.172500044107437134e-01 6.765000224113464355e-01 9.674999862909317017e-02 9.392499923706054688e-01 9.047499895095825195e-01 6.864175200462341309e-01 2.198517471551895142e-01 7.471458315849304199e-01 1.624098420143127441e-01 9.302492141723632812e-01 9.519320726394653320e-01 6.483892202377319336e-01
8.118675351142883301e-01 1.309536695480346680e-01 6.391543149948120117e-01 5.817214846611022949e-01 6.139668226242065430e-01 0.000000000000000000e+00 7.403078079223632812e-01 2.362956255674362183e-01 8.201966285705566406e-01 5.572484731674194336e-01 6.538001298904418945e-01 2.181303650140762329e-01
3.714718222618103027e-01 4.858553409576416016e-01 5.742077827453613281e-01 4.622797966003417969e-01 6.926386952400207520e-01 0.000000000000000000e+00 3.701172471046447754e-01 3.870788812637329102e-01 4.707623720169067383e-01 4.990361332893371582e-01 7.107020616531372070e-01 2.747206017374992371e-02
5.135014653205871582e-01 3.027698397636413574e-01 9.002976417541503906e-01 5.423506498336791992e-01 5.583134889602661133e-01 0.000000000000000000e+00 4.434135258197784424e-01 1.609687656164169312e-01 6.842136979103088379e-01 7.699369788169860840e-01 5.311957597732543945e-01 1.092961337417364120e-02
1.317500025033950806e-01 3.211666643619537354e-01 9.142500162124633789e-01 2.262499928474426270e-01 9.742500185966491699e-01 8.720424771308898926e-01 1.426819264888763428e-01 3.186581432819366455e-01 7.459711432456970215e-01 2.412195652723312378e-01 9.166346788406372070e-01 7.918803095817565918e-01
3.762499988079071045e-01 2.175000011920928955e-01 1.457500010728836060e-01 2.972500026226043701e-01 3.892500102519989014e-01 4.686174988746643066e-01 4.237803220748901367e-01 2.861302196979522705e-01 1.657485514879226685e-01 3.208104074001312256e-01 3.538145720958709717e-01 3.663206398487091064e-01
8.542287945747375488e-01 2.136368304491043091e-01 6.406801342964172363e-01 8.337414860725402832e-01 5.503633022308349609e-01 0.000000000000000000e+00 8.279768824577331543e-01 3.874454498291015625e-01 7.451824545860290527e-01 8.588587045669555664e-01 5.341703295707702637e-01 8.765003643929958344e-03
1.062500029802322388e-01 4.724999964237213135e-01 6.117500066757202148e-01 7.057499885559082031e-01 7.172499895095825195e-01 2.339874953031539917e-01 1.505018174648284912e-01 5.138707756996154785e-01 6.363003253936767578e-01 8.003975152969360352e-01 6.827554106712341309e-01 3.871496617794036865e-01
4.293917492032051086e-02 8.056489825248718262e-01 8.255972862243652344e-01 8.049057424068450928e-02 7.066084146499633789e-01 0.000000000000000000e+00 5.309298262000083923e-02 7.353876829147338867e-01 6.208736300468444824e-01 2.722229063510894775e-01 7.428364753723144531e-01 1.226327382028102875e-02
4.730030894279479980e-01 9.076511859893798828e-01 3.813846111297607422e-01 3.558225184679031372e-02 3.317021131515502930e-01 0.000000000000000000e+00 4.093995392322540283e-01 6.897362470626831055e-01 2.080374062061309814e-01 6.499926745891571045e-02 3.508737385272979736e-01 1.475814823061227798e-02
9.893684834241867065e-02 5.308316946029663086e-01 6.624969840049743652e-01 1.356620788574218750e-01 1.257986277341842651e-01 0.000000000000000000e+00 4.245685786008834839e-02 4.767389595508575439e-01 5.765337347984313965e-01 2.524206340312957764e-01 1.300258189439773560e-01 8.896765299141407013e-03
8.093429207801818848e-01 9.334186911582946777e-01 6.413276791572570801e-01 7.302757352590560913e-02 6.671504974365234375e-01 0.000000000000000000e+00 8.453786969184875488e-01 7.596578598022460938e-01 3.118034899234771729e-01 1.985794603824615479e-01 6.746718287467956543e-01 4.069456830620765686e-02
8.177499771118164062e-01 5.158333182334899902e-01 9.177500009536743164e-01 6.962500214576721191e-01 9.737499952316284180e-01 9.705474972724914551e-01 7.980373501777648926e-01 4.430978596210479736e-01 7.720856070518493652e-01 7.720775604248046875e-01 9.170287847518920898e-01 6.583501696586608887e-01
5.562499761581420898e-01 3.861666619777679443e-01 6.532499790191650391e-01 4.712499976158142090e-01 6.737499833106994629e-01 8.537275195121765137e-01 5.085945129394531250e-01 3.983140587806701660e-01 5.796638131141662598e-01 5.966585874557495117e-01 6.258467435836791992e-01 6.891177296638488770e-01
8.177499771118164062e-01 5.158333182334899902e-01 9.177500009536743164e-01 6.962500214576721191e-01 9.737499952316284180e-01 9.705474972724914551e-01 7.980373501777648926e-01 4.430978596210479736e-01 7.720856070518493652e-01 7.720775604248046875e-01 9.170287847518920898e-01 6.583501696586608887e-01
8.042500019073486328e-01 3.201666772365570068e-01 9.007499814033508301e-01 2.692500054836273193e-01 5.424999818205833435e-02 4.606975018978118896e-01 8.678379058837890625e-01 3.672893941402435303e-01 6.254293322563171387e-01 3.013196289539337158e-01 7.280419021844863892e-02 4.244548976421356201e-01
8.675000071525573730e-02 2.471666634082794189e-01 7.547500133514404297e-01 2.772499918937683105e-01 6.777499914169311523e-01 7.265124917030334473e-01 1.163887083530426025e-01 2.787086069583892822e-01 7.510285377502441406e-01 3.509922921657562256e-01 6.310791373252868652e-01 7.449807524681091309e-01
6.058086156845092773e-01 6.210993528366088867e-01 5.858745574951171875e-01 7.530475258827209473e-01 5.791803598403930664e-01 0.000000000000000000e+00 5.468440651893615723e-01 4.749916493892669678e-01 6.488432288169860840e-01 8.094118237495422363e-01 5.906025767326354980e-01 2.349743098020553589e-01
9.682499766349792480e-01 3.831666707992553711e-01 5.927500128746032715e-01 7.587500214576721191e-01 1.567499935626983643e-01 6.448374986648559570e-01 9.238162636756896973e-01 4.741764366626739502e-01 6.995278000831604004e-01 5.916008353233337402e-01 1.512213945388793945e-01 5.956013798713684082e-01
2.087499946355819702e-01 8.308333158493041992e-01 8.952500224113464355e-01 2.347500026226043701e-01 1.957499980926513672e-01 4.715875089168548584e-01 2.233422547578811646e-01 7.497012019157409668e-01 7.475390434265136719e-01 2.781036794185638428e-01 2.335228621959686279e-01 2.689762711524963379e-01
2.907499969005584717e-01 4.438333213329315186e-01 6.312500238418579102e-01 9.792500138282775879e-01 9.562500119209289551e-01 8.215525150299072266e-01 3.117993175983428955e-01 5.238520503044128418e-01 7.096621394157409668e-01 8.820502758026123047e-01 8.795846104621887207e-01 8.427841067314147949e-01
1.363922208547592163e-01 5.429111719131469727e-01 5.365544557571411133e-01 8.473386764526367188e-01 8.301633000373840332e-01 0.000000000000000000e+00 1.381112039089202881e-01 6.216081380844116211e-01 7.995571494102478027e-01 8.027039766311645508e-01 7.881511449813842773e-01 6.257431209087371826e-02
1.410933732986450195e-01 8.972766995429992676e-02 2.542624771595001221e-01 8.673640489578247070e-01 9.529482722282409668e-01 0.000000000000000000e+00 2.255332022905349731e-01 2.232131212949752808e-01 6.546695232391357422e-01 6.381996870040893555e-01 9.207271933555603027e-01 1.962700486183166504e-02
5.432500243186950684e-01 4.318333268165588379e-01 2.807500064373016357e-01 1.127500012516975403e-01 6.707500219345092773e-01 2.117124944925308228e-01 5.150440931320190430e-01 4.254507720470428467e-01 4.108425676822662354e-01 1.970062255859375000e-01 6.306949257850646973e-01 1.537891626358032227e-01
4.564839974045753479e-02 8.947119712829589844e-01 8.388800024986267090e-01 1.912475824356079102e-01 2.527554333209991455e-01 0.000000000000000000e+00 2.834440022706985474e-02 7.478738427162170410e-01 5.538128018379211426e-01 2.523299157619476318e-01 1.713919043540954590e-01 9.336316585540771484e-02
1.832499951124191284e-01 1.901666671037673950e-01 9.902499914169311523e-01 3.447499871253967285e-01 4.292500019073486328e-01 1.518175005912780762e-01 2.162429690361022949e-01 2.372552156448364258e-01 8.544010519981384277e-01 3.605141639709472656e-01 3.670622110366821289e-01 8.060119114816188812e-03
8.567500114440917969e-01 6.978333592414855957e-01 5.562499761581420898e-01 3.017500042915344238e-01 1.562500000000000000e-01 1.221174970269203186e-01 8.661050796508789062e-01 4.188141524791717529e-01 4.014211893081665039e-01 2.899339199066162109e-01 1.746328175067901611e-01 2.432845532894134521e-01
2.907499969005584717e-01 4.438333213329315186e-01 6.312500238418579102e-01 9.792500138282775879e-01 9.562500119209289551e-01 8.215525150299072266e-01 3.117993175983428955e-01 5.238520503044128418e-01 7.096621394157409668e-01 8.820502758026123047e-01 8.795846104621887207e-01 8.427841067314147949e-01
3.379277288913726807e-01 3.165058195590972900e-01 7.908638715744018555e-01 4.863379299640655518e-01 1.940480470657348633e-01 0.000000000000000000e+00 2.920201718807220459e-01 3.011725842952728271e-01 6.916015148162841797e-01 6.223142147064208984e-01 2.134846150875091553e-01 2.837050147354602814e-02
4.914540350437164307e-01 5.999743342399597168e-01 9.934860467910766602e-01 8.279303312301635742e-01 2.334871292114257812e-01 0.000000000000000000e+00 5.403306484222412109e-01 4.584676921367645264e-01 6.531947851181030273e-01 8.673748970031738281e-01 1.923337280750274658e-01 1.047445647418498993e-02
8.067499995231628418e-01 7.524999976158142090e-01 9.367499947547912598e-01 5.612499713897705078e-01 4.272499978542327881e-01 8.769925236701965332e-01 7.410786151885986328e-01 6.052210927009582520e-01 8.583413958549499512e-01 5.536467432975769043e-01 4.235017001628875732e-01 7.989107966423034668e-01
6.597499847412109375e-01 2.834999859333038330e-01 8.867499828338623047e-01 8.802499771118164062e-01 9.377499818801879883e-01 3.235825002193450928e-01 7.661231756210327148e-01 2.435986548662185669e-01 7.796619534492492676e-01 8.398427367210388184e-01 9.209112524986267090e-01 3.772782683372497559e-01
5.478864908218383789e-02 4.886809885501861572e-01 9.755693078041076660e-01 7.467260956764221191e-01 4.751343131065368652e-01 0.000000000000000000e+00 3.469470888376235962e-02 4.443045258522033691e-01 8.950334787368774414e-01 8.890328407287597656e-01 5.013374090194702148e-01 3.297356516122817993e-02
8.725000172853469849e-02 5.738333463668823242e-01 8.117499947547912598e-01 8.967499732971191406e-01 4.697499871253967285e-01 8.616474866867065430e-01 8.620607852935791016e-02 5.789433121681213379e-01 7.843921184539794922e-01 8.530029058456420898e-01 4.654124975204467773e-01 8.681772351264953613e-01
8.208357095718383789e-01 9.684411883354187012e-01 8.586515188217163086e-01 8.786516189575195312e-01 1.266717761754989624e-01 0.000000000000000000e+00 8.899691700935363770e-01 7.849516272544860840e-01 5.888161659240722656e-01 7.620052099227905273e-01 8.234995603561401367e-02 1.432421122444793582e-04
4.311525225639343262e-01 1.146740019321441650e-01 7.652724981307983398e-01 2.018353044986724854e-01 2.326883822679519653e-01 0.000000000000000000e+00 5.963537693023681641e-01 2.559832334518432617e-01 2.812133431434631348e-01 3.362272679805755615e-01 2.526523768901824951e-01 1.076308712363243103e-01
9.812499880790710449e-01 5.708333253860473633e-01 7.732499837875366211e-01 2.982499897480010986e-01 1.337500065565109253e-01 6.285024881362915039e-01 8.884619474411010742e-01 4.207302927970886230e-01 6.193045973777770996e-01 3.555591702461242676e-01 1.320795416831970215e-01 4.410725831985473633e-01
8.477500081062316895e-01 6.428333520889282227e-01 2.902500033378601074e-01 9.562500119209289551e-01 7.402499914169311523e-01 1.780524998903274536e-01 8.575082421302795410e-01 6.321749091148376465e-01 3.739635646343231201e-01 8.284835219383239746e-01 7.123256325721740723e-01 4.006420075893402100e-02
9.397500157356262207e-01 6.438333392143249512e-01 5.912500023841857910e-01 3.247500061988830566e-01 5.752500295639038086e-01 5.062375068664550781e-01 9.137985706329345703e-01 4.736454188823699951e-01 4.020285010337829590e-01 3.687521517276763916e-01 5.298498868942260742e-01 2.997854053974151611e-01
8.681400120258331299e-02 7.451268434524536133e-01 6.886747479438781738e-01 7.683520913124084473e-01 9.524906277656555176e-01 0.000000000000000000e+00 5.535141378641128540e-02 7.803443670272827148e-01 7.302715182304382324e-01 7.795703411102294922e-01 8.579444289207458496e-01 5.787392146885395050e-03
9.397500157356262207e-01 6.438333392143249512e-01 5.912500023841857910e-01 3.247500061988830566e-01 5.752500295639038086e-01 5.062375068664550781e-01 9.137985706329345703e-01 4.736454188823699951e-01 4.020285010337829590e-01 3.687521517276763916e-01 5.298498868942260742e-01 2.997854053974151611e-01
8.319018483161926270e-01 6.602563261985778809e-01 6.506295204162597656e-01 5.911455154418945312e-01 6.463299393653869629e-01 0.000000000000000000e+00 8.706764578819274902e-01 6.028338074684143066e-01 4.197372198104858398e-01 7.200180888175964355e-01 6.702568531036376953e-01 3.943314403295516968e-02
3.843043148517608643e-01 5.229301452636718750e-01 6.405401229858398438e-01 4.118920564651489258e-01 2.122710794210433960e-01 0.000000000000000000e+00 3.042742013931274414e-01 4.035983979701995850e-01 3.918246626853942871e-01 7.433083653450012207e-01 1.805540621280670166e-01 1.069614589214324951e-01
7.249999791383743286e-03 5.961666703224182129e-01 8.457499742507934570e-01 3.867500126361846924e-01 4.352500140666961670e-01 7.509250193834304810e-02 6.429999321699142456e-02 6.251624822616577148e-01 7.637692093849182129e-01 4.962972700595855713e-01 4.772689044475555420e-01 8.777348697185516357e-02
8.202343583106994629e-01 6.920513510704040527e-01 1.467420309782028198e-01 4.366851747035980225e-01 3.051257506012916565e-02 0.000000000000000000e+00 7.310455441474914551e-01 6.682386994361877441e-01 2.892713248729705811e-01 4.092784225940704346e-01 5.112860351800918579e-02 6.541504990309476852e-03
5.555736422538757324e-01 6.255498528480529785e-01 7.154917716979980469e-02 2.068047821521759033e-01 2.965987324714660645e-01 0.000000000000000000e+00 5.890896320343017578e-01 5.377894043922424316e-01 7.774087786674499512e-02 9.846682846546173096e-02 3.402205109596252441e-01 1.682164222002029419e-01
3.097499907016754150e-01 5.391666889190673828e-01 8.897500038146972656e-01 1.025000028312206268e-02 7.647500038146972656e-01 5.785074830055236816e-01 3.093030452728271484e-01 4.504318237304687500e-01 6.781684160232543945e-01 2.160684764385223389e-01 7.781286239624023438e-01 5.019829869270324707e-01
8.126406669616699219e-01 3.728556632995605469e-01 2.579032778739929199e-01 2.460299991071224213e-03 5.345662236213684082e-01 0.000000000000000000e+00 8.126686811447143555e-01 4.409849047660827637e-01 2.233284562826156616e-01 1.064310371875762939e-01 5.224913358688354492e-01 2.708451151847839355e-01
8.406010270118713379e-01 6.945809721946716309e-01 7.868521809577941895e-01 8.472130894660949707e-01 7.431838512420654297e-01 0.000000000000000000e+00 9.178153276443481445e-01 5.372187495231628418e-01 5.995692610740661621e-01 8.405890464782714844e-01 7.453619837760925293e-01 3.678763657808303833e-02
8.477500081062316895e-01 6.428333520889282227e-01 2.902500033378601074e-01 9.562500119209289551e-01 7.402499914169311523e-01 1.780524998903274536e-01 8.575082421302795410e-01 6.321749091148376465e-01 3.739635646343231201e-01 8.284835219383239746e-01 7.123256325721740723e-01 4.006420075893402100e-02
4.222500026226043701e-01 3.244999945163726807e-01 6.075000017881393433e-02 5.477499961853027344e-01 8.737499713897705078e-01 9.274824857711791992e-01 4.993399679660797119e-01 4.446612000465393066e-01 1.431398987770080566e-01 5.419911742210388184e-01 8.877424001693725586e-01 8.821648359298706055e-01
9.232500195503234863e-01 2.728333473205566406e-01 2.137500047683715820e-01 5.667499899864196777e-01 4.237500131130218506e-01 1.562725007534027100e-01 9.351521134376525879e-01 4.390623569488525391e-01 3.201971054077148438e-01 4.044399261474609375e-01 4.225026667118072510e-01 1.411004215478897095e-01
9.685450196266174316e-01 3.759810030460357666e-01 9.623929858207702637e-02 1.748133003711700439e-01 1.024792529642581940e-02 0.000000000000000000e+00 7.587117552757263184e-01 5.153576135635375977e-01 3.737767934799194336e-01 2.739387154579162598e-01 3.937035426497459412e-02 1.034034509211778641e-02
5.066380500793457031e-01 8.680036664009094238e-01 5.200983285903930664e-01 7.445768713951110840e-01 8.575333356857299805e-01 0.000000000000000000e+00 5.597074627876281738e-01 8.197920918464660645e-01 4.892528355121612549e-01 6.988427042961120605e-01 8.564603924751281738e-01 1.081740763038396835e-02
7.464845180511474609e-01 5.823670029640197754e-01 7.161922454833984375e-01 4.873159229755401611e-01 6.918076276779174805e-01 0.000000000000000000e+00 7.415555119514465332e-01 4.675518572330474854e-01 4.930705428123474121e-01 6.172203421592712402e-01 7.058258652687072754e-01 1.323103718459606171e-02
5.898253321647644043e-01 2.482301592826843262e-01 5.421860814094543457e-01 8.744383454322814941e-01 3.688571453094482422e-01 0.000000000000000000e+00 5.428118705749511719e-01 3.186964988708496094e-01 7.403444051742553711e-01 8.691801428794860840e-01 3.798666298389434814e-01 4.783582314848899841e-02
1.724999956786632538e-02 2.105000019073486328e-01 3.075000084936618805e-02 3.967500030994415283e-01 8.824999630451202393e-02 2.468574941158294678e-01 5.571678653359413147e-02 2.531713247299194336e-01 1.045836433768272400e-01 3.774447441101074219e-01 2.572887763381004333e-02 1.789194792509078979e-01
7.657499909400939941e-01 6.545000076293945312e-01 7.587500214576721191e-01 7.607499957084655762e-01 2.025000005960464478e-02 9.007524847984313965e-01 8.063972592353820801e-01 4.096532762050628662e-01 6.137996912002563477e-01 4.487319588661193848e-01 7.342093437910079956e-02 3.265517354011535645e-01
9.235132336616516113e-01 9.843443036079406738e-01 4.025321006774902344e-01 3.079660236835479736e-01 3.698912635445594788e-02 0.000000000000000000e+00 8.099536895751953125e-01 7.755411267280578613e-01 2.156936675310134888e-01 4.314299821853637695e-01 5.007455125451087952e-02 7.066976279020309448e-03
4.324999824166297913e-02 3.465000092983245850e-01 9.724999964237213135e-02 9.907500147819519043e-01 2.837499976158142090e-01 4.750525057315826416e-01 5.929239094257354736e-02 3.859235048294067383e-01 1.051065251231193542e-01 9.033761024475097656e-01 2.269213795661926270e-01 4.204031229019165039e-01
4.812155067920684814e-01 9.445573091506958008e-01 7.934851050376892090e-01 5.285076498985290527e-01 8.380839228630065918e-01 0.000000000000000000e+00 4.908752143383026123e-01 8.399575352668762207e-01 6.603856086730957031e-01 6.296165585517883301e-01 8.420036435127258301e-01 8.882666006684303284e-03
4.137499928474426270e-01 6.748333573341369629e-01 6.282500028610229492e-01 5.052499771118164062e-01 7.272499799728393555e-01 6.512724757194519043e-01 4.200116097927093506e-01 6.040445566177368164e-01 4.388136863708496094e-01 7.103181481361389160e-01 7.378886938095092773e-01 7.654948830604553223e-01
4.192500114440917969e-01 8.331666588783264160e-01 2.402500063180923462e-01 3.272500038146972656e-01 2.727499902248382568e-01 9.462925195693969727e-01 3.993968963623046875e-01 6.834288239479064941e-01 2.116537839174270630e-01 2.375881969928741455e-01 2.946903705596923828e-01 8.191853761672973633e-01
3.750056624412536621e-01 3.565051555633544922e-01 1.707920432090759277e-01 9.843896627426147461e-01 4.222036302089691162e-01 0.000000000000000000e+00 3.974606096744537354e-01 5.205978155136108398e-01 4.337683618068695068e-01 7.713712453842163086e-01 4.213141798973083496e-01 1.692399084568023682e-01
5.507500171661376953e-01 3.238333463668823242e-01 8.967499732971191406e-01 2.862499952316284180e-01 4.297499954700469971e-01 5.097025036811828613e-01 5.993356704711914062e-01 3.244472742080688477e-01 7.947292923927307129e-01 2.608397901058197021e-01 4.360183775424957275e-01 4.783624410629272461e-01
2.907499969005584717e-01 4.438333213329315186e-01 6.312500238418579102e-01 9.792500138282775879e-01 9.562500119209289551e-01 8.215525150299072266e-01 3.117993175983428955e-01 5.238520503044128418e-01 7.096621394157409668e-01 8.820502758026123047e-01 8.795846104621887207e-01 8.427841067314147949e-01
1.663247942924499512e-01 1.821213364601135254e-01 6.157525181770324707e-01 9.761294126510620117e-01 7.236972451210021973e-01 0.000000000000000000e+00 2.392416149377822876e-01 2.038286328315734863e-01 6.584876179695129395e-01 7.301047444343566895e-01 7.243647575378417969e-01 2.664989326149225235e-03
9.939075112342834473e-01 3.374036550521850586e-01 1.245800033211708069e-01 8.545477986335754395e-01 3.676518797874450684e-01 0.000000000000000000e+00 8.076688051223754883e-01 3.998415172100067139e-01 5.356969237327575684e-01 7.805963158607482910e-01 3.639688193798065186e-01 2.140410058200359344e-02
8.772500157356262207e-01 2.208333313465118408e-01 2.672500014305114746e-01 1.457500010728836060e-01 7.042499780654907227e-01 9.750025272369384766e-01 7.939170002937316895e-01 3.275872766971588135e-01 2.537906169891357422e-01 1.458536833524703979e-01 6.573823690414428711e-01 7.985907196998596191e-01
3.167499899864196777e-01 7.714999914169311523e-01 3.377499878406524658e-01 3.597500026226043701e-01 8.707500100135803223e-01 7.374024987220764160e-01 4.048669338226318359e-01 5.668451786041259766e-01 2.192851155996322632e-01 3.158130645751953125e-01 9.200544953346252441e-01 7.475045919418334961e-01
8.967560529708862305e-01 5.866065025329589844e-01 3.993064761161804199e-01 7.122237235307693481e-02 7.475055009126663208e-02 0.000000000000000000e+00 7.522690892219543457e-01 5.915979146957397461e-01 3.056179285049438477e-01 3.071077466011047363e-01 6.194866076111793518e-02 1.780608110129833221e-02
5.910990238189697266e-01 5.314033478498458862e-02 5.638347864151000977e-01 3.408569991588592529e-01 8.325753808021545410e-01 0.000000000000000000e+00 5.902997851371765137e-01 1.820677518844604492e-01 6.055483222007751465e-01 5.249686837196350098e-01 8.276858925819396973e-01 3.792386734858155251e-03
8.785096406936645508e-01 9.726383537054061890e-02 6.412742137908935547e-01 5.867290496826171875e-01 3.897567689418792725e-01 0.000000000000000000e+00 7.718672752380371094e-01 2.560181617736816406e-01 7.074063420295715332e-01 8.063640594482421875e-01 4.222024083137512207e-01 6.166923046112060547e-02
7.777500152587890625e-01 5.548333525657653809e-01 2.002499997615814209e-01 6.624999642372131348e-02 9.717500209808349609e-01 1.671624928712844849e-01 7.108059525489807129e-01 5.903583765029907227e-01 3.090594708919525146e-01 2.386432141065597534e-01 9.117770791053771973e-01 6.364452093839645386e-02
5.992399901151657104e-02 3.366529941558837891e-01 9.849303960800170898e-01 6.065662503242492676e-01 5.544850826263427734e-01 0.000000000000000000e+00 6.176276504993438721e-02 1.781319379806518555e-01 8.403679728507995605e-01 7.713750600814819336e-01 5.950788259506225586e-01 4.789892956614494324e-02
7.067499756813049316e-01 2.685000002384185791e-01 5.397499799728393555e-01 7.762500047683715820e-01 7.002500295639038086e-01 1.295424997806549072e-01 8.073921203613281250e-01 2.732151448726654053e-01 5.506258010864257812e-01 6.621342897415161133e-01 6.515816450119018555e-01 1.662083417177200317e-01
9.505225419998168945e-01 5.924750119447708130e-02 3.097122907638549805e-01 3.769543468952178955e-01 7.949456572532653809e-01 0.000000000000000000e+00 9.146701097488403320e-01 2.590934336185455322e-01 4.119714200496673584e-01 2.836284637451171875e-01 8.134095668792724609e-01 1.083402242511510849e-02
2.031704187393188477e-01 3.753939867019653320e-01 1.501316726207733154e-01 7.073348164558410645e-01 5.180253386497497559e-01 0.000000000000000000e+00 2.796928882598876953e-01 5.250511169433593750e-01 4.078435599803924561e-01 4.268071949481964111e-01 4.675249159336090088e-01 2.075493037700653076e-01
8.546087145805358887e-01 3.097421526908874512e-01 2.811360955238342285e-01 2.899264916777610779e-02 2.851488292217254639e-01 0.000000000000000000e+00 7.096709609031677246e-01 2.005539685487747192e-01 3.035462200641632080e-01 1.694483608007431030e-01 3.150632679462432861e-01 2.138118147850036621e-01
9.748962521553039551e-01 1.497936695814132690e-01 9.412041306495666504e-01 8.883531689643859863e-01 3.324493169784545898e-01 0.000000000000000000e+00 9.207807183265686035e-01 1.837295293807983398e-01 8.733732104301452637e-01 9.519258737564086914e-01 2.925563752651214600e-01 2.669722307473421097e-04
2.255250960588455200e-01 1.467306613922119141e-01 9.924389719963073730e-01 7.885077595710754395e-01 7.936190068721771240e-02 0.000000000000000000e+00 2.743769586086273193e-01 2.652020156383514404e-01 7.581835389137268066e-01 7.153624296188354492e-01 8.955284208059310913e-02 1.144805355579592288e-04
6.187072396278381348e-01 8.627164959907531738e-01 6.480955332517623901e-02 5.730929374694824219e-01 4.380541741847991943e-01 0.000000000000000000e+00 6.383979916572570801e-01 9.225715398788452148e-01 1.186132729053497314e-01 4.931371510028839111e-01 4.174257516860961914e-01 6.805761717259883881e-03
6.472829729318618774e-02 9.943140149116516113e-01 1.975779980421066284e-02 1.469873189926147461e-01 8.164010643959045410e-01 0.000000000000000000e+00 1.971211433410644531e-01 9.660096168518066406e-01 8.916468173265457153e-02 4.522205516695976257e-02 9.329357147216796875e-01 5.935584113103686832e-07
7.617874145507812500e-01 1.203949972987174988e-01 1.160822734236717224e-01 6.718180179595947266e-01 9.523288011550903320e-01 0.000000000000000000e+00 8.052567839622497559e-01 2.012299150228500366e-01 3.666749596595764160e-01 5.213404893875122070e-01 9.225845336914062500e-01 1.992264995351433754e-03
9.280958175659179688e-01 4.130569994449615479e-01 4.558309316635131836e-01 6.010336875915527344e-01 2.196087539196014404e-01 0.000000000000000000e+00 8.571024537086486816e-01 5.605775713920593262e-01 5.290159583091735840e-01 6.342742443084716797e-01 1.876401901245117188e-01 9.277484379708766937e-03
8.772500157356262207e-01 2.208333313465118408e-01 2.672500014305114746e-01 1.457500010728836060e-01 7.042499780654907227e-01 9.750025272369384766e-01 7.939170002937316895e-01 3.275872766971588135e-01 2.537906169891357422e-01 1.458536833524703979e-01 6.573823690414428711e-01 7.985907196998596191e-01
9.792500138282775879e-01 2.138333320617675781e-01 2.775000035762786865e-02 8.262500166893005371e-01 7.302500009536743164e-01 2.978425025939941406e-01 8.861161470413208008e-01 3.461024165153503418e-01 2.310636788606643677e-01 8.068655133247375488e-01 7.001792788505554199e-01 3.205711543560028076e-01
8.697500228881835938e-01 5.304999947547912598e-01 9.707499742507934570e-01 6.927499771118164062e-01 5.352500081062316895e-01 6.816250085830688477e-02 8.970128893852233887e-01 3.613343238830566406e-01 7.490875720977783203e-01 7.406504154205322266e-01 5.055606365203857422e-01 2.597902417182922363e-01
8.370326161384582520e-01 1.147021651268005371e-01 7.169268727302551270e-01 6.936160922050476074e-01 3.348702564835548401e-02 0.000000000000000000e+00 8.228830695152282715e-01 2.260723263025283813e-01 7.658839821815490723e-01 7.790457606315612793e-01 5.247862264513969421e-02 1.733969111228361726e-04
5.352500081062316895e-01 2.551666796207427979e-01 8.397499918937683105e-01 2.217500060796737671e-01 1.412499994039535522e-01 5.755375027656555176e-01 5.023563504219055176e-01 2.718685567378997803e-01 7.305061221122741699e-01 2.397447675466537476e-01 1.304356306791305542e-01 4.548787474632263184e-01
8.777499794960021973e-01 4.665000140666961670e-01 8.137500286102294922e-01 7.487499713897705078e-01 5.057500004768371582e-01 6.869124770164489746e-01 8.961387872695922852e-01 3.232204318046569824e-01 6.671370267868041992e-01 6.872805953025817871e-01 4.428641200065612793e-01 4.673146307468414307e-01
8.892499804496765137e-01 1.675000041723251343e-01 8.642500042915344238e-01 4.102500081062316895e-01 7.222499847412109375e-01 8.576874732971191406e-01 8.012595176696777344e-01 2.293106615543365479e-01 8.443140387535095215e-01 5.518448352813720703e-01 6.749646663665771484e-01 6.761112809181213379e-01
9.517195075750350952e-02 4.399396777153015137e-01 8.166078925132751465e-01 8.794985413551330566e-01 8.134260177612304688e-01 0.000000000000000000e+00 1.071460694074630737e-01 3.240940570831298828e-01 8.113849759101867676e-01 8.284416794776916504e-01 8.162878155708312988e-01 1.533984439447522163e-03
5.182499885559082031e-01 2.278333306312561035e-01 1.567499935626983643e-01 8.647500276565551758e-01 6.932500004768371582e-01 1.503324955701828003e-01 5.337730646133422852e-01 2.093676924705505371e-01 2.406709492206573486e-01 7.912842631340026855e-01 6.411154866218566895e-01 3.932426869869232178e-02
9.682499766349792480e-01 3.831666707992553711e-01 5.927500128746032715e-01 7.587500214576721191e-01 1.567499935626983643e-01 6.448374986648559570e-01 9.238162636756896973e-01 4.741764366626739502e-01 6.995278000831604004e-01 5.916008353233337402e-01 1.512213945388793945e-01 5.956013798713684082e-01
6.982922554016113281e-01 9.536316990852355957e-02 7.482133507728576660e-01 7.345767021179199219e-01 8.090677261352539062e-01 0.000000000000000000e+00 7.730290293693542480e-01 1.894249767065048218e-01 7.562467455863952637e-01 7.652800679206848145e-01 8.107171058654785156e-01 1.465341355651617050e-02
3.957361578941345215e-01 4.737283289432525635e-02 1.352940034121274948e-02 9.590797424316406250e-01 3.863187432289123535e-01 0.000000000000000000e+00 4.142041504383087158e-01 1.921500563621520996e-01 3.023942410945892334e-01 6.981993317604064941e-01 4.172316789627075195e-01 1.377951819449663162e-02
9.525000303983688354e-02 5.774999856948852539e-01 1.882500052452087402e-01 4.282500147819519043e-01 5.407500267028808594e-01 2.409175038337707520e-01 1.638241112232208252e-01 6.002410650253295898e-01 2.510306835174560547e-01 4.822248518466949463e-01 5.850915312767028809e-01 7.103415578603744507e-02
1.925300061702728271e-02 1.544934958219528198e-01 7.509841322898864746e-01 1.386875063180923462e-01 4.355928301811218262e-01 0.000000000000000000e+00 8.631598204374313354e-02 2.047920376062393188e-01 5.816273689270019531e-01 1.626857072114944458e-01 4.649060666561126709e-01 5.133431032299995422e-02
4.667931199073791504e-01 5.899879932403564453e-01 2.019878476858139038e-01 2.601068913936614990e-01 3.664959073066711426e-01 0.000000000000000000e+00 4.802626669406890869e-01 6.374894976615905762e-01 2.433259636163711548e-01 1.779820919036865234e-01 3.721330165863037109e-01 1.546320170164108276e-01
8.267223238945007324e-01 9.503384828567504883e-01 5.366311669349670410e-01 2.947309315204620361e-01 7.634639143943786621e-01 0.000000000000000000e+00 8.122206330299377441e-01 8.604164719581604004e-01 3.615841567516326904e-01 4.834773242473602295e-01 7.741767764091491699e-01 1.105334889143705368e-02
1.189677510410547256e-02 8.748168349266052246e-01 6.495199203491210938e-01 9.378410577774047852e-01 6.604260206222534180e-02 0.000000000000000000e+00 1.519378856755793095e-03 9.356198906898498535e-01 7.619201540946960449e-01 8.940596580505371094e-01 5.965221300721168518e-02 2.647878318384755403e-06
5.432500243186950684e-01 4.318333268165588379e-01 2.807500064373016357e-01 1.127500012516975403e-01 6.707500219345092773e-01 2.117124944925308228e-01 5.150440931320190430e-01 4.254507720470428467e-01 4.108425676822662354e-01 1.970062255859375000e-01 6.306949257850646973e-01 1.537891626358032227e-01
1.782499998807907104e-01 5.178333520889282227e-01 6.672499775886535645e-01 5.974999815225601196e-02 6.962500214576721191e-01 1.567675024271011353e-01 2.343479841947555542e-01 5.762107968330383301e-01 7.260840535163879395e-01 1.856888532638549805e-01 6.735596060752868652e-01 2.200619876384735107e-01
8.042500019073486328e-01 3.201666772365570068e-01 9.007499814033508301e-01 2.692500054836273193e-01 5.424999818205833435e-02 4.606975018978118896e-01 8.678379058837890625e-01 3.672893941402435303e-01 6.254293322563171387e-01 3.013196289539337158e-01 7.280419021844863892e-02 4.244548976421356201e-01
8.807504177093505859e-01 2.739283256232738495e-02 6.614480018615722656e-01 7.557910680770874023e-01 3.618905246257781982e-01 0.000000000000000000e+00 8.700447082519531250e-01 2.687884569168090820e-01 7.351734042167663574e-01 8.470591306686401367e-01 3.572183847427368164e-01 1.045735087245702744e-02
1.248114034533500671e-01 2.029166668653488159e-01 8.823770880699157715e-01 5.701785087585449219e-01 7.857221364974975586e-01 0.000000000000000000e+00 9.603058546781539917e-02 1.363049745559692383e-01 8.234958648681640625e-01 6.897304058074951172e-01 8.022595047950744629e-01 1.353617198765277863e-02
7.777500152587890625e-01 5.548333525657653809e-01 2.002499997615814209e-01 6.624999642372131348e-02 9.717500209808349609e-01 1.671624928712844849e-01 7.108059525489807129e-01 5.903583765029907227e-01 3.090594708919525146e-01 2.386432141065597534e-01 9.117770791053771973e-01 6.364452093839645386e-02
1.062500029802322388e-01 4.724999964237213135e-01 6.117500066757202148e-01 7.057499885559082031e-01 7.172499895095825195e-01 2.339874953031539917e-01 1.505018174648284912e-01 5.138707756996154785e-01 6.363003253936767578e-01 8.003975152969360352e-01 6.827554106712341309e-01 3.871496617794036865e-01
5.352500081062316895e-01 2.551666796207427979e-01 8.397499918937683105e-01 2.217500060796737671e-01 1.412499994039535522e-01 5.755375027656555176e-01 5.023563504219055176e-01 2.718685567378997803e-01 7.305061221122741699e-01 2.397447675466537476e-01 1.304356306791305542e-01 4.548787474632263184e-01
7.422500252723693848e-01 3.138333261013031006e-01 2.622500061988830566e-01 7.897499799728393555e-01 4.324999824166297913e-02 7.606675028800964355e-01 6.383431553840637207e-01 4.310380518436431885e-01 3.745347559452056885e-01 6.455770730972290039e-01 7.123489677906036377e-02 4.832929074764251709e-01
2.742500007152557373e-01 2.431666702032089233e-01 6.825000047683715820e-02 1.872500032186508179e-01 7.892500162124633789e-01 7.933375239372253418e-01 2.925377488136291504e-01 4.097660779953002930e-01 2.121564447879791260e-01 2.023177742958068848e-01 7.993959784507751465e-01 7.565736770629882812e-01
9.112499952316284180e-01 2.748333215713500977e-01 8.147500157356262207e-01 7.077500224113464355e-01 8.597499728202819824e-01 8.873875141143798828e-01 8.971393108367919922e-01 3.392365574836730957e-01 7.858274579048156738e-01 7.788431644439697266e-01 8.445823192596435547e-01 8.000286817550659180e-01
7.137500047683715820e-01 4.058333337306976318e-01 9.047499895095825195e-01 5.977500081062316895e-01 2.067500054836273193e-01 6.522625088691711426e-01 7.671309113502502441e-01 3.056390583515167236e-01 7.433374524116516113e-01 4.682443141937255859e-01 2.169226706027984619e-01 4.175301492214202881e-01
1.086341515183448792e-01 2.514028251171112061e-01 2.455340027809143066e-01 1.063882261514663696e-01 2.112782560288906097e-02 0.000000000000000000e+00 9.688874334096908569e-02 1.836929023265838623e-01 1.627436578273773193e-01 7.492350041866302490e-02 4.887687414884567261e-02 9.349800646305084229e-02
1.502500027418136597e-01 6.945000290870666504e-01 7.067499756813049316e-01 2.177499979734420776e-01 9.425000101327896118e-02 7.354224920272827148e-01 1.282990127801895142e-01 6.927685141563415527e-01 6.740802526473999023e-01 2.438048124313354492e-01 1.419385075569152832e-01 7.704850435256958008e-01
3.402499854564666748e-01 7.441666722297668457e-01 1.987500041723251343e-01 1.917500048875808716e-01 2.012500017881393433e-01 2.968524992465972900e-01 3.454373180866241455e-01 6.758901476860046387e-01 2.262802273035049438e-01 2.151337713003158569e-01 2.332555353641510010e-01 1.422059983015060425e-01
8.508651256561279297e-01 9.386653304100036621e-01 9.614656567573547363e-01 1.761303991079330444e-01 1.910706013441085815e-01 0.000000000000000000e+00 8.455287814140319824e-01 7.410486340522766113e-01 4.306800663471221924e-01 4.249400496482849121e-01 1.613785475492477417e-01 1.423410978168249130e-02
4.216363131999969482e-01 3.628606796264648438e-01 2.458262443542480469e-02 1.952109783887863159e-01 4.866031706333160400e-01 0.000000000000000000e+00 5.385645627975463867e-01 5.835686922073364258e-01 1.404226124286651611e-01 5.853210017085075378e-02 4.528258442878723145e-01 1.551811397075653076e-01
5.572500228881835938e-01 6.501666903495788574e-01 5.007500052452087402e-01 8.547499775886535645e-01 7.812500000000000000e-01 9.457975029945373535e-01 5.238655805587768555e-01 6.670026779174804688e-01 5.015005469322204590e-01 8.949332833290100098e-01 8.124002814292907715e-01 8.870912194252014160e-01
4.463956058025360107e-01 9.043974876403808594e-01 4.106633663177490234e-01 3.500750064849853516e-01 6.706463694572448730e-01 0.000000000000000000e+00 4.558554887771606445e-01 8.381038308143615723e-01 3.798512518405914307e-01 3.686525523662567139e-01 6.724699735641479492e-01 2.055224031209945679e-02
5.567499995231628418e-01 4.368333220481872559e-01 8.874999731779098511e-02 9.472500085830688477e-01 8.372499942779541016e-01 5.433624982833862305e-01 5.525106787681579590e-01 5.538942217826843262e-01 1.807322055101394653e-01 9.102043509483337402e-01 8.046188950538635254e-01 5.647553205490112305e-01
5.807499885559082031e-01 3.148333430290222168e-01 5.957499742507934570e-01 1.624999940395355225e-02 9.624999761581420898e-02 6.359274983406066895e-01 5.437359809875488281e-01 2.699759602546691895e-01 5.020324587821960449e-01 1.141815260052680969e-01 8.782783150672912598e-02 6.071278452873229980e-01
4.263843894004821777e-01 8.090531826019287109e-01 2.360068261623382568e-01 5.633959770202636719e-01 4.260073304176330566e-01 0.000000000000000000e+00 4.032948613166809082e-01 7.477065324783325195e-01 2.753806412220001221e-01 6.275733113288879395e-01 4.109483063220977783e-01 2.571566104888916016e-01
6.424999982118606567e-02 3.221666812896728516e-01 1.432500034570693970e-01 9.674999862909317017e-02 7.162500023841857910e-01 4.161475002765655518e-01 1.423553824424743652e-01 4.183420538902282715e-01 2.185582369565963745e-01 2.121178954839706421e-01 7.174400687217712402e-01 3.688443899154663086e-01
1.119292527437210083e-02 4.805319905281066895e-01 9.914562106132507324e-01 1.600234955549240112e-02 2.889617979526519775e-01 0.000000000000000000e+00 2.871350012719631195e-02 4.615609347820281982e-01 7.780224680900573730e-01 1.863684058189392090e-01 2.706031799316406250e-01 1.994084380567073822e-02
8.697500228881835938e-01 5.304999947547912598e-01 9.707499742507934570e-01 6.927499771118164062e-01 5.352500081062316895e-01 6.816250085830688477e-02 8.970128893852233887e-01 3.613343238830566406e-01 7.490875720977783203e-01 7.406504154205322266e-01 5.055606365203857422e-01 2.597902417182922363e-01
9.893684834241867065e-02 5.308316946029663086e-01 6.624969840049743652e-01 1.356620788574218750e-01 1.257986277341842651e-01 0.000000000000000000e+00 4.245685786008834839e-02 4.767389595508575439e-01 5.765337347984313965e-01 2.524206340312957764e-01 1.300258189439773560e-01 8.896765299141407013e-03
2.986960113048553467e-01 6.890696883201599121e-01 8.263857364654541016e-01 3.644004464149475098e-01 7.671180963516235352e-01 0.000000000000000000e+00 3.365726172924041748e-01 4.025219380855560303e-01 6.122227311134338379e-01 2.951005399227142334e-01 7.979646921157836914e-01 2.880701795220375061e-02
7.958092689514160156e-01 9.471891522407531738e-01 4.590068757534027100e-01 2.566235661506652832e-01 9.196742773056030273e-01 0.000000000000000000e+00 8.514584898948669434e-01 8.899350762367248535e-01 3.073731064796447754e-01 3.266476094722747803e-01 8.916824460029602051e-01 1.440898980945348740e-03
6.927499771118164062e-01 6.318333148956298828e-01 3.787499964237213135e-01 6.617500185966491699e-01 3.747499883174896240e-01 4.196124970912933350e-01 6.920110583305358887e-01 6.025641560554504395e-01 4.276840090751647949e-01 5.615112185478210449e-01 3.904580175876617432e-01 3.909358084201812744e-01
8.144327998161315918e-01 4.711889922618865967e-01 1.889361441135406494e-01 7.103475183248519897e-02 4.387933611869812012e-01 0.000000000000000000e+00 8.326762914657592773e-01 7.114427089691162109e-01 1.689760386943817139e-01 1.407999545335769653e-01 4.706684052944183350e-01 5.910084769129753113e-02
4.107821583747863770e-01 5.674488544464111328e-01 9.559205174446105957e-01 7.700309753417968750e-01 8.371562510728836060e-02 0.000000000000000000e+00 4.143033921718597412e-01 4.025549590587615967e-01 5.710655450820922852e-01 8.551896810531616211e-01 6.966597586870193481e-02 1.050770096480846405e-02
3.538525104522705078e-01 3.897891640663146973e-01 7.772879004478454590e-01 7.054391503334045410e-01 7.920721173286437988e-01 0.000000000000000000e+00 4.709906876087188721e-01 2.657931149005889893e-01 5.595039725303649902e-01 5.765126347541809082e-01 8.309437632560729980e-01 9.426792152225971222e-03
1.782499998807907104e-01 5.178333520889282227e-01 6.672499775886535645e-01 5.974999815225601196e-02 6.962500214576721191e-01 1.567675024271011353e-01 2.343479841947555542e-01 5.762107968330383301e-01 7.260840535163879395e-01 1.856888532638549805e-01 6.735596060752868652e-01 2.200619876384735107e-01
9.607499837875366211e-01 1.688333302736282349e-01 9.202499985694885254e-01 7.357500195503234863e-01 8.472499847412109375e-01 3.547675013542175293e-01 9.026492834091186523e-01 2.044936120510101318e-01 8.602968454360961914e-01 7.803342938423156738e-01 7.770007848739624023e-01 1.464989781379699707e-01
9.002500176429748535e-01 4.108333289623260498e-01 2.167499959468841553e-01 6.967499852180480957e-01 1.177499964833259583e-01 7.032474875450134277e-01 8.227388262748718262e-01 4.493777453899383545e-01 2.559374272823333740e-01 4.988797903060913086e-01 1.076420843601226807e-01 4.512232840061187744e-01
7.790245413780212402e-01 5.331755280494689941e-01 2.257725037634372711e-02 2.612915039062500000e-01 3.960325121879577637e-01 0.000000000000000000e+00 8.308740258216857910e-01 5.886498689651489258e-01 1.754513829946517944e-01 1.278275549411773682e-01 4.112407863140106201e-01 1.314659863710403442e-01
9.232500195503234863e-01 2.728333473205566406e-01 2.137500047683715820e-01 5.667499899864196777e-01 4.237500131130218506e-01 1.562725007534027100e-01 9.351521134376525879e-01 4.390623569488525391e-01 3.201971054077148438e-01 4.044399261474609375e-01 4.225026667118072510e-01 1.411004215478897095e-01
8.377500176429748535e-01 7.304999828338623047e-01 8.007500171661376953e-01 3.725000098347663879e-02 3.237499892711639404e-01 1.438975036144256592e-01 8.658362030982971191e-01 4.317946135997772217e-01 4.361982643604278564e-01 1.675456613302230835e-01 3.662143349647521973e-01 2.195037901401519775e-01
5.802500247955322266e-01 2.501666545867919922e-01 4.724999889731407166e-02 3.677499890327453613e-01 6.427500247955322266e-01 2.107225060462951660e-01 5.832393765449523926e-01 3.403876721858978271e-01 2.109276950359344482e-01 3.079828619956970215e-01 5.826457738876342773e-01 2.939217388629913330e-01
4.377500116825103760e-01 3.538333475589752197e-01 5.725000053644180298e-02 3.642500042915344238e-01 2.675000019371509552e-02 4.453524947166442871e-01 4.746939837932586670e-01 3.837721943855285645e-01 1.536516696214675903e-01 2.463648319244384766e-01 5.387569591403007507e-02 2.913646399974822998e-01
4.174999892711639404e-02 7.754999995231628418e-01 2.872500121593475342e-01 9.377499818801879883e-01 2.587499916553497314e-01 1.557774990797042847e-01 7.244537770748138428e-02 7.753038406372070312e-01 3.420377969741821289e-01 9.243147373199462891e-01 3.385165631771087646e-01 1.243210677057504654e-02
2.890748381614685059e-01 1.714843362569808960e-01 8.002722263336181641e-01 3.826674222946166992e-01 2.275328040122985840e-01 0.000000000000000000e+00 2.554856240749359131e-01 1.898700743913650513e-01 6.166734695434570312e-01 6.152295470237731934e-01 2.239566892385482788e-01 4.846658091992139816e-03
2.522499859333038330e-01 2.831666767597198486e-01 6.997500061988830566e-01 4.477500021457672119e-01 3.902499973773956299e-01 6.982975006103515625e-01 2.372267395257949829e-01 4.371015429496765137e-01 6.782976984977722168e-01 6.062219738960266113e-01 3.888932168483734131e-01 6.809014678001403809e-01
8.067499995231628418e-01 7.524999976158142090e-01 9.367499947547912598e-01 5.612499713897705078e-01 4.272499978542327881e-01 8.769925236701965332e-01 7.410786151885986328e-01 6.052210927009582520e-01 8.583413958549499512e-01 5.536467432975769043e-01 4.235017001628875732e-01 7.989107966423034668e-01
7.507500052452087402e-01 7.124999761581420898e-01 6.712499856948852539e-01 7.547500133514404297e-01 1.647499948740005493e-01 3.597174882888793945e-01 8.249065279960632324e-01 4.663239419460296631e-01 5.607275366783142090e-01 5.194142460823059082e-01 1.756398230791091919e-01 3.534658849239349365e-01
8.012499809265136719e-01 2.465000003576278687e-01 1.237500011920928955e-01 8.877500295639038086e-01 9.302499890327453613e-01 4.512925148010253906e-01 7.919889688491821289e-01 5.145657658576965332e-01 3.498201668262481689e-01 8.277118802070617676e-01 8.656564950942993164e-01 2.262122780084609985e-01
9.192500114440917969e-01 4.514999985694885254e-01 6.262500286102294922e-01 7.275000214576721191e-02 7.157499790191650391e-01 9.665874838829040527e-01 8.748469948768615723e-01 4.438255429267883301e-01 4.978877604007720947e-01 2.114508301019668579e-01 6.698613166809082031e-01 6.901079416275024414e-01
9.607499837875366211e-01 1.688333302736282349e-01 9.202499985694885254e-01 7.357500195503234863e-01 8.472499847412109375e-01 3.547675013542175293e-01 9.026492834091186523e-01 2.044936120510101318e-01 8.602968454360961914e-01 7.803342938423156738e-01 7.770007848739624023e-01 1.464989781379699707e-01
9.662500023841857910e-01 2.314999997615814209e-01 1.092500016093254089e-01 8.524999767541885376e-02 3.177500069141387939e-01 6.710724830627441406e-01 8.170888423919677734e-01 3.426654338836669922e-01 1.411325633525848389e-01 1.410504877567291260e-01 3.271786272525787354e-01 5.600107908248901367e-01
6.176013946533203125e-01 5.280230045318603516e-01 8.942665159702301025e-02 2.200994938611984253e-01 2.148342430591583252e-01 0.000000000000000000e+00 5.761430859565734863e-01 7.126610279083251953e-01 1.644534170627593994e-01 1.930857449769973755e-01 2.232201099395751953e-01 5.323101207613945007e-02
3.158753216266632080e-01 1.919745057821273804e-01 8.533265590667724609e-01 7.080550789833068848e-01 1.998102068901062012e-01 0.000000000000000000e+00 2.644797265529632568e-01 3.310450613498687744e-01 8.066723346710205078e-01 8.339400291442871094e-01 2.313815802335739136e-01 1.328413933515548706e-02
1.562500000000000000e-01 2.598333358764648438e-01 1.867499947547912598e-01 7.337499856948852539e-01 2.272499948740005493e-01 8.548749983310699463e-02 1.912853866815567017e-01 3.139469027519226074e-01 2.570981681346893311e-01 6.310377120971679688e-01 1.744377613067626953e-01 1.181252673268318176e-01
5.452499985694885254e-01 3.055000007152557373e-01 9.522500038146972656e-01 7.967500090599060059e-01 7.602499723434448242e-01 7.062175273895263672e-01 5.429286956787109375e-01 3.756057620048522949e-01 8.240224719047546387e-01 8.704925775527954102e-01 7.558218240737915039e-01 7.465392947196960449e-01
2.838756144046783447e-01 4.977233335375785828e-02 4.308622330427169800e-02 3.197089433670043945e-01 2.491891533136367798e-01 0.000000000000000000e+00 3.611756563186645508e-01 2.606549263000488281e-01 1.782582402229309082e-01 2.092468291521072388e-01 2.076892554759979248e-01 2.798168361186981201e-01
3.992500007152557373e-01 4.884999990463256836e-01 2.152500003576278687e-01 9.512500166893005371e-01 1.624999940395355225e-02 1.448875069618225098e-01 4.472302198410034180e-01 4.855868518352508545e-01 3.798306286334991455e-01 6.938177943229675293e-01 5.219129845499992371e-02 8.644898235797882080e-02
7.249999791383743286e-03 5.961666703224182129e-01 8.457499742507934570e-01 3.867500126361846924e-01 4.352500140666961670e-01 7.509250193834304810e-02 6.429999321699142456e-02 6.251624822616577148e-01 7.637692093849182129e-01 4.962972700595855713e-01 4.772689044475555420e-01 8.777348697185516357e-02
1.243330761790275574e-01 7.042769789695739746e-01 6.039787530899047852e-01 8.629691600799560547e-01 5.455033779144287109e-01 0.000000000000000000e+00 6.806577742099761963e-02 7.644658684730529785e-01 7.279447317123413086e-01 8.672813773155212402e-01 5.142464637756347656e-01 6.343957502394914627e-03
7.171239256858825684e-01 3.293024897575378418e-01 7.833760380744934082e-01 2.866196036338806152e-01 1.155298724770545959e-01 0.000000000000000000e+00 6.356456279754638672e-01 2.281422466039657593e-01 5.662329196929931641e-01 5.362327694892883301e-01 1.037243679165840149e-01 4.534990713000297546e-02
6.862499713897705078e-01 1.848333328962326050e-01 1.072499975562095642e-01 1.247500032186508179e-01 1.492500007152557373e-01 7.700725197792053223e-01 6.121943593025207520e-01 2.497246861457824707e-01 1.933696419000625610e-01 1.170732676982879639e-01 1.255597621202468872e-01 6.708089709281921387e-01
4.377500116825103760e-01 3.538333475589752197e-01 5.725000053644180298e-02 3.642500042915344238e-01 2.675000019371509552e-02 4.453524947166442871e-01 4.746939837932586670e-01 3.837721943855285645e-01 1.536516696214675903e-01 2.463648319244384766e-01 5.387569591403007507e-02 2.913646399974822998e-01
1.580272316932678223e-01 2.287819981575012207e-01 5.214859247207641602e-01 5.027589201927185059e-01 6.823405623435974121e-01 0.000000000000000000e+00 1.558670848608016968e-01 3.093863725662231445e-01 7.082384824752807617e-01 4.272554218769073486e-01 6.822531819343566895e-01 1.349290949292480946e-03
1.407638937234878540e-01 4.439298212528228760e-01 4.177450537681579590e-01 6.044898033142089844e-01 5.698069930076599121e-01 0.000000000000000000e+00 1.650903970003128052e-01 5.716116428375244141e-01 5.455431938171386719e-01 4.772686958312988281e-01 5.290117859840393066e-01 5.758724734187126160e-02
2.511885762214660645e-01 2.357590049505233765e-01 1.181567534804344177e-01 3.609135448932647705e-01 1.375572532415390015e-01 0.000000000000000000e+00 2.719202041625976562e-01 2.946403324604034424e-01 1.866117864847183228e-01 2.005770355463027954e-01 1.236911639571189880e-01 1.630651652812957764e-01
9.197499752044677734e-01 7.251666784286499023e-01 5.852500200271606445e-01 9.272500276565551758e-01 1.032499969005584717e-01 7.730425000190734863e-01 9.201466441154479980e-01 5.656365156173706055e-01 6.317030191421508789e-01 5.215595364570617676e-01 1.099070385098457336e-01 3.250033855438232422e-01
7.447500228881835938e-01 5.211666822433471680e-01 3.624999895691871643e-02 1.832499951124191284e-01 9.457499980926513672e-01 1.948824971914291382e-01 6.911829113960266113e-01 6.572518348693847656e-01 2.741610407829284668e-01 2.755857110023498535e-01 8.984651565551757812e-01 9.825909882783889771e-02
2.225000038743019104e-02 6.468333601951599121e-01 7.072499990463256836e-01 3.307499885559082031e-01 7.882500290870666504e-01 4.399074912071228027e-01 1.059442684054374695e-01 6.000378131866455078e-01 6.152294874191284180e-01 3.720635771751403809e-01 9.524747729301452637e-01 5.008773207664489746e-01
4.422500133514404297e-01 1.764999926090240479e-01 4.402500092983245850e-01 1.772499978542327881e-01 7.625000178813934326e-02 4.319874942302703857e-01 4.920676648616790771e-01 1.930623054504394531e-01 4.083477556705474854e-01 1.041694357991218567e-01 6.894422322511672974e-02 4.271064400672912598e-01
1.117499992251396179e-01 3.808333277702331543e-01 1.052500009536743164e-01 5.272499918937683105e-01 7.074999809265136719e-02 1.810224950313568115e-01 1.432929486036300659e-01 3.196534216403961182e-01 1.383225917816162109e-01 4.801281094551086426e-01 6.564058363437652588e-02 6.500390917062759399e-02
1.278884559869766235e-01 9.446579813957214355e-01 6.247119903564453125e-01 4.705343246459960938e-01 3.067072331905364990e-01 0.000000000000000000e+00 4.562840610742568970e-02 9.013377428054809570e-01 5.427321195602416992e-01 6.490933299064636230e-01 2.447435557842254639e-01 2.792032319121062756e-04
5.562499761581420898e-01 3.861666619777679443e-01 6.532499790191650391e-01 4.712499976158142090e-01 6.737499833106994629e-01 8.537275195121765137e-01 5.085945129394531250e-01 3.983140587806701660e-01 5.796638131141662598e-01 5.966585874557495117e-01 6.258467435836791992e-01 6.891177296638488770e-01
9.972500205039978027e-01 4.148333370685577393e-01 4.582499861717224121e-01 3.007499873638153076e-01 2.467499971389770508e-01 2.361249923706054688e-02 9.230262041091918945e-01 4.140741825103759766e-01 4.975402951240539551e-01 2.777792811393737793e-01 2.162966728210449219e-01 1.439760029315948486e-01
8.785096406936645508e-01 9.726383537054061890e-02 6.412742137908935547e-01 5.867290496826171875e-01 3.897567689418792725e-01 0.000000000000000000e+00 7.718672752380371094e-01 2.560181617736816406e-01 7.074063420295715332e-01 8.063640594482421875e-01 4.222024083137512207e-01 6.166923046112060547e-02
9.157986044883728027e-01 5.693516731262207031e-01 7.311660051345825195e-02 2.901919186115264893e-01 2.786168754100799561e-01 0.000000000000000000e+00 7.905881404876708984e-01 5.019397139549255371e-01 1.902755349874496460e-01 3.246355354785919189e-01 2.627774477005004883e-01 1.605803966522216797e-01
8.550763130187988281e-01 5.532580018043518066e-01 9.489028453826904297e-01 4.617718458175659180e-01 9.163523912429809570e-01 0.000000000000000000e+00 8.636882305145263672e-01 6.998935341835021973e-01 6.521500945091247559e-01 7.127181887626647949e-01 8.915776610374450684e-01 2.386580454185605049e-03
4.984166026115417480e-01 8.857236504554748535e-01 9.097235202789306641e-01 4.508801996707916260e-01 6.318984031677246094e-01 0.000000000000000000e+00 5.057117938995361328e-01 7.185322046279907227e-01 5.964539051055908203e-01 6.282356977462768555e-01 6.031635999679565430e-01 1.294100135564804077e-01
5.397499799728393555e-01 4.061666727066040039e-01 6.297500133514404297e-01 3.267500102519989014e-01 3.487499952316284180e-01 6.667750328779220581e-02 5.134570598602294922e-01 3.391878604888916016e-01 7.312530875205993652e-01 2.506108582019805908e-01 3.439629375934600830e-01 9.265497326850891113e-02
1.724999956786632538e-02 2.105000019073486328e-01 3.075000084936618805e-02 3.967500030994415283e-01 8.824999630451202393e-02 2.468574941158294678e-01 5.571678653359413147e-02 2.531713247299194336e-01 1.045836433768272400e-01 3.774447441101074219e-01 2.572887763381004333e-02 1.789194792509078979e-01
3.367500007152557373e-01 6.825000047683715820e-01 3.542500138282775879e-01 8.167499899864196777e-01 7.225000113248825073e-02 8.746749907732009888e-02 3.927512168884277344e-01 6.333119273185729980e-01 3.890038430690765381e-01 6.008704304695129395e-01 1.120711490511894226e-01 1.014439389109611511e-01
8.777499794960021973e-01 4.665000140666961670e-01 8.137500286102294922e-01 7.487499713897705078e-01 5.057500004768371582e-01 6.869124770164489746e-01 8.961387872695922852e-01 3.232204318046569824e-01 6.671370267868041992e-01 6.872805953025817871e-01 4.428641200065612793e-01 4.673146307468414307e-01
1.017500013113021851e-01 8.181666731834411621e-01 4.687500000000000000e-01 5.482500195503234863e-01 1.012500002980232239e-01 1.618750020861625671e-02 1.118320971727371216e-01 7.847409844398498535e-01 5.027530789375305176e-01 5.127705931663513184e-01 1.670043170452117920e-01 8.685427717864513397e-03
4.192500114440917969e-01 8.331666588783264160e-01 2.402500063180923462e-01 3.272500038146972656e-01 2.727499902248382568e-01 9.462925195693969727e-01 3.993968963623046875e-01 6.834288239479064941e-01 2.116537839174270630e-01 2.375881969928741455e-01 2.946903705596923828e-01 8.191853761672973633e-01
4.875576794147491455e-01 3.003124892711639404e-01 3.878428936004638672e-01 4.086456596851348877e-01 2.853560447692871094e-01 0.000000000000000000e+00 4.710686504840850830e-01 3.527492880821228027e-01 4.594676792621612549e-01 3.459918797016143799e-01 2.814802825450897217e-01 1.322416663169860840e-01
8.477500081062316895e-01 6.428333520889282227e-01 2.902500033378601074e-01 9.562500119209289551e-01 7.402499914169311523e-01 1.780524998903274536e-01 8.575082421302795410e-01 6.321749091148376465e-01 3.739635646343231201e-01 8.284835219383239746e-01 7.123256325721740723e-01 4.006420075893402100e-02
2.522499859333038330e-01 2.831666767597198486e-01 6.997500061988830566e-01 4.477500021457672119e-01 3.902499973773956299e-01 6.982975006103515625e-01 2.372267395257949829e-01 4.371015429496765137e-01 6.782976984977722168e-01 6.062219738960266113e-01 3.888932168483734131e-01 6.809014678001403809e-01
7.032475471496582031e-01 9.600649774074554443e-02 3.260067701339721680e-01 4.353837668895721436e-02 4.631638824939727783e-01 0.000000000000000000e+00 6.075204014778137207e-01 2.554118633270263672e-01 4.376341104507446289e-01 1.927108615636825562e-01 4.905234873294830322e-01 1.105903387069702148e-01
1.773002445697784424e-01 9.567459821701049805e-01 1.179122999310493469e-01 3.223658502101898193e-01 2.692756652832031250e-01 0.000000000000000000e+00 1.450464278459548950e-01 9.220435023307800293e-01 3.330821916460990906e-02 3.165896534919738770e-01 2.422291338443756104e-01 8.779391064308583736e-04
9.812499880790710449e-01 5.708333253860473633e-01 7.732499837875366211e-01 2.982499897480010986e-01 1.337500065565109253e-01 6.285024881362915039e-01 8.884619474411010742e-01 4.207302927970886230e-01 6.193045973777770996e-01 3.555591702461242676e-01 1.320795416831970215e-01 4.410725831985473633e-01
8.484674990177154541e-02 3.793694972991943359e-01 9.899404048919677734e-01 5.630421638488769531e-01 1.905351728200912476e-01 0.000000000000000000e+00 4.803581163287162781e-02 1.813829690217971802e-01 9.033814072608947754e-01 5.860009193420410156e-01 2.378076761960983276e-01 1.784359104931354523e-03
6.677500009536743164e-01 6.388333439826965332e-01 2.257499992847442627e-01 1.757500022649765015e-01 1.952500045299530029e-01 1.676574945449829102e-01 6.648166775703430176e-01 6.323050856590270996e-01 1.637330800294876099e-01 1.959526836872100830e-01 2.222443819046020508e-01 8.095172792673110962e-02
3.627499938011169434e-01 5.935000181198120117e-01 5.862500071525573730e-01 1.075000036507844925e-02 5.074999853968620300e-02 5.156425237655639648e-01 3.554604053497314453e-01 3.897575736045837402e-01 3.476131856441497803e-01 9.366293251514434814e-02 8.542238175868988037e-02 3.541452586650848389e-01
8.332499861717224121e-01 3.888333439826965332e-01 5.274999886751174927e-02 4.912500083446502686e-01 2.452500015497207642e-01 1.191475018858909607e-01 8.121309876441955566e-01 3.836978375911712646e-01 2.521349489688873291e-01 2.703701853752136230e-01 2.324722856283187866e-01 3.013815283775329590e-01
7.657499909400939941e-01 6.545000076293945312e-01 7.587500214576721191e-01 7.607499957084655762e-01 2.025000005960464478e-02 9.007524847984313965e-01 8.063972592353820801e-01 4.096532762050628662e-01 6.137996912002563477e-01 4.487319588661193848e-01 7.342093437910079956e-02 3.265517354011535645e-01
9.781937301158905029e-02 1.210308298468589783e-01 1.053668484091758728e-01 9.728750586509704590e-01 7.676843404769897461e-01 0.000000000000000000e+00 2.215989232063293457e-01 4.891340434551239014e-01 6.348275542259216309e-01 4.832370281219482422e-01 7.534106969833374023e-01 5.394119024276733398e-01
9.157500267028808594e-01 3.728333413600921631e-01 5.482500195503234863e-01 9.407500028610229492e-01 3.007499873638153076e-01 1.988424956798553467e-01 9.505894780158996582e-01 4.303821623325347900e-01 7.044634222984313965e-01 7.731650471687316895e-01 3.010557889938354492e-01 5.528003573417663574e-01
6.921871900558471680e-01 6.447021961212158203e-01 3.071241080760955811e-01 7.747262120246887207e-01 7.971992343664169312e-02 0.000000000000000000e+00 7.378486990928649902e-01 7.986046075820922852e-01 3.116703033447265625e-01 6.004244089126586914e-01 5.378783494234085083e-02 1.436438062228262424e-03
5.162416100502014160e-01 4.212566614151000977e-01 7.411950826644897461e-01 9.319068193435668945e-01 3.388173580169677734e-01 0.000000000000000000e+00 4.847266674041748047e-01 4.311083555221557617e-01 7.616977691650390625e-01 8.974085450172424316e-01 3.573813736438751221e-01 1.266829818487167358e-01
7.236765027046203613e-01 4.900254905223846436e-01 1.808760464191436768e-01 3.720228672027587891e-01 7.812432050704956055e-01 0.000000000000000000e+00 7.725654840469360352e-01 5.864779949188232422e-01 2.905000448226928711e-01 2.821823954582214355e-01 8.083839416503906250e-01 9.186460822820663452e-02
3.557499945163726807e-01 4.548333287239074707e-01 2.712500095367431641e-01 3.907499909400939941e-01 8.172500133514404297e-01 1.033075004816055298e-01 4.289571046829223633e-01 4.358912110328674316e-01 2.957109510898590088e-01 3.705706596374511719e-01 7.901273369789123535e-01 1.725831180810928345e-01
6.132500171661376953e-01 4.048333466053009033e-01 4.632500112056732178e-01 7.622500061988830566e-01 1.612499952316284180e-01 7.913575172424316406e-01 5.883642435073852539e-01 4.460829794406890869e-01 4.401891827583312988e-01 6.531751751899719238e-01 1.447360068559646606e-01 6.261346936225891113e-01
4.192500114440917969e-01 8.331666588783264160e-01 2.402500063180923462e-01 3.272500038146972656e-01 2.727499902248382568e-01 9.462925195693969727e-01 3.993968963623046875e-01 6.834288239479064941e-01 2.116537839174270630e-01 2.375881969928741455e-01 2.946903705596923828e-01 8.191853761672973633e-01
3.525305390357971191e-01 3.241254985332489014e-01 3.507688343524932861e-01 6.789143681526184082e-01 4.833313524723052979e-01 0.000000000000000000e+00 3.200612068176269531e-01 3.978265225887298584e-01 6.410285830497741699e-01 6.049351692199707031e-01 4.882870316505432129e-01 6.615272909402847290e-02
4.629707038402557373e-01 2.504009902477264404e-01 9.312533140182495117e-01 6.635096073150634766e-01 5.487126708030700684e-01 0.000000000000000000e+00 4.764068424701690674e-01 2.587739527225494385e-01 6.828066110610961914e-01 8.026726841926574707e-01 5.834904909133911133e-01 1.000690236687660217e-01
1.967500001192092896e-01 5.351666808128356934e-01 5.907499790191650391e-01 6.075000017881393433e-02 9.127500057220458984e-01 9.522324800491333008e-01 2.205361872911453247e-01 4.532769918441772461e-01 4.946855306625366211e-01 2.257283180952072144e-01 9.688187241554260254e-01 9.049869179725646973e-01
8.567500114440917969e-01 6.978333592414855957e-01 5.562499761581420898e-01 3.017500042915344238e-01 1.562500000000000000e-01 1.221174970269203186e-01 8.661050796508789062e-01 4.188141524791717529e-01 4.014211893081665039e-01 2.899339199066162109e-01 1.746328175067901611e-01 2.432845532894134521e-01
1.328043192625045776e-01 2.108635008335113525e-01 2.207292318344116211e-01 9.475365877151489258e-01 6.740736365318298340e-01 0.000000000000000000e+00 1.942509412765502930e-01 5.682239532470703125e-01 6.825536489486694336e-01 7.514508366584777832e-01 6.447538733482360840e-01 6.474475562572479248e-02
7.737500071525573730e-01 4.474999904632568359e-01 6.207500100135803223e-01 8.602499961853027344e-01 5.787500143051147461e-01 4.166424870491027832e-01 7.986593842506408691e-01 5.016589760780334473e-01 5.864154696464538574e-01 8.108698129653930664e-01 5.457437634468078613e-01 4.277794063091278076e-01
8.377500176429748535e-01 7.304999828338623047e-01 8.007500171661376953e-01 3.725000098347663879e-02 3.237499892711639404e-01 1.438975036144256592e-01 8.658362030982971191e-01 4.317946135997772217e-01 4.361982643604278564e-01 1.675456613302230835e-01 3.662143349647521973e-01 2.195037901401519775e-01
5.978912711143493652e-01 1.031958311796188354e-01 1.085724532604217529e-01 9.974483251571655273e-01 5.346216559410095215e-01 0.000000000000000000e+00 5.468500256538391113e-01 2.535191178321838379e-01 5.881045460700988770e-01 7.777835130691528320e-01 5.457979440689086914e-01 1.286290138959884644e-01
2.567463219165802002e-01 3.526058197021484375e-01 9.403494000434875488e-01 8.483975529670715332e-01 8.449429273605346680e-01 0.000000000000000000e+00 3.359300792217254639e-01 3.233506381511688232e-01 7.206710577011108398e-01 8.177878260612487793e-01 8.222416639328002930e-01 2.218504063785076141e-02
2.014322429895401001e-01 4.477131664752960205e-01 4.582019448280334473e-01 6.345700621604919434e-01 5.937390923500061035e-01 0.000000000000000000e+00 2.503381073474884033e-01 5.318913459777832031e-01 6.513236165046691895e-01 5.274181365966796875e-01 6.065356135368347168e-01 5.127667635679244995e-02
3.167499899864196777e-01 7.714999914169311523e-01 3.377499878406524658e-01 3.597500026226043701e-01 8.707500100135803223e-01 7.374024987220764160e-01 4.048669338226318359e-01 5.668451786041259766e-01 2.192851155996322632e-01 3.158130645751953125e-01 9.200544953346252441e-01 7.475045919418334961e-01
4.261144399642944336e-01 8.864438533782958984e-01 1.701519042253494263e-01 3.121904134750366211e-01 8.482031226158142090e-01 0.000000000000000000e+00 4.478181898593902588e-01 9.262768030166625977e-01 2.788540422916412354e-01 2.472316622734069824e-01 8.754989504814147949e-01 8.574124076403677464e-04
7.537500262260437012e-01 7.048333287239074707e-01 1.892500072717666626e-01 9.274999797344207764e-02 6.372500061988830566e-01 8.240274786949157715e-01 6.869025826454162598e-01 6.794594526290893555e-01 1.081644371151924133e-01 2.535710334777832031e-01 6.526288390159606934e-01 7.485774159431457520e-01
8.267223238945007324e-01 9.503384828567504883e-01 5.366311669349670410e-01 2.947309315204620361e-01 7.634639143943786621e-01 0.000000000000000000e+00 8.122206330299377441e-01 8.604164719581604004e-01 3.615841567516326904e-01 4.834773242473602295e-01 7.741767764091491699e-01 1.105334889143705368e-02
5.274940133094787598e-01 7.361346483230590820e-01 8.356920480728149414e-01 1.542439758777618408e-01 4.782508015632629395e-01 0.000000000000000000e+00 5.986005663871765137e-01 5.908879637718200684e-01 4.142405092716217041e-01 2.034157365560531616e-01 4.798525869846343994e-01 3.047977685928344727e-01
2.308946698904037476e-01 9.632366895675659180e-01 7.693077325820922852e-01 6.705693006515502930e-01 8.578605651855468750e-01 0.000000000000000000e+00 2.191739529371261597e-01 7.629808783531188965e-01 3.481772243976593018e-01 8.174375891685485840e-01 8.404591679573059082e-01 1.049639806151390076e-01
3.377499878406524658e-01 3.161666691303253174e-01 6.292499899864196777e-01 8.542500138282775879e-01 1.362500041723251343e-01 4.390750080347061157e-02 3.695358932018280029e-01 3.171858489513397217e-01 6.862044334411621094e-01 7.131166458129882812e-01 1.231655552983283997e-01 2.497503347694873810e-02
2.693877220153808594e-01 7.507334947586059570e-01 6.212740540504455566e-01 2.660922519862651825e-02 2.587102651596069336e-01 0.000000000000000000e+00 2.470683753490447998e-01 5.833384990692138672e-01 3.392803072929382324e-01 1.731983423233032227e-01 2.138916105031967163e-01 5.325425788760185242e-02
4.040013253688812256e-01 6.169753074645996094e-01 1.284977197647094727e-01 5.700383186340332031e-01 5.817441344261169434e-01 0.000000000000000000e+00 4.369966983795166016e-01 6.732805371284484863e-01 3.448801934719085693e-01 2.746740877628326416e-01 5.625461339950561523e-01 5.850584432482719421e-02
8.377500176429748535e-01 7.304999828338623047e-01 8.007500171661376953e-01 3.725000098347663879e-02 3.237499892711639404e-01 1.438975036144256592e-01 8.658362030982971191e-01 4.317946135997772217e-01 4.361982643604278564e-01 1.675456613302230835e-01 3.662143349647521973e-01 2.195037901401519775e-01
8.510345220565795898e-01 5.481953620910644531e-01 5.079727172851562500e-01 5.838432908058166504e-01 5.575661063194274902e-01 0.000000000000000000e+00 7.485990524291992188e-01 3.484867811203002930e-01 4.923211038112640381e-01 6.834423542022705078e-01 5.698729157447814941e-01 1.217612251639366150e-01
2.742500007152557373e-01 2.431666702032089233e-01 6.825000047683715820e-02 1.872500032186508179e-01 7.892500162124633789e-01 7.933375239372253418e-01 2.925377488136291504e-01 4.097660779953002930e-01 2.121564447879791260e-01 2.023177742958068848e-01 7.993959784507751465e-01 7.565736770629882812e-01
2.371441274881362915e-01 7.108625173568725586e-01 9.535995721817016602e-01 8.573537468910217285e-01 7.598479986190795898e-01 0.000000000000000000e+00 2.100064307451248169e-01 6.180350184440612793e-01 7.019397616386413574e-01 8.570331335067749023e-01 7.305869460105895996e-01 2.292012050747871399e-02
8.106973767280578613e-01 9.913568496704101562e-01 8.694040179252624512e-01 4.496040344238281250e-01 5.994390249252319336e-01 0.000000000000000000e+00 6.976019740104675293e-01 7.531353831291198730e-01 5.442464947700500488e-01 7.395421266555786133e-01 6.189585924148559570e-01 1.682709157466888428e-02
2.687500119209289551e-01 6.104999780654907227e-01 4.147500097751617432e-01 2.887499928474426270e-01 8.177499771118164062e-01 2.414125055074691772e-01 3.380247652530670166e-01 7.002199888229370117e-01 5.327390432357788086e-01 3.843963146209716797e-01 8.237713575363159180e-01 1.335939168930053711e-01
8.550763130187988281e-01 5.532580018043518066e-01 9.489028453826904297e-01 4.617718458175659180e-01 9.163523912429809570e-01 0.000000000000000000e+00 8.636882305145263672e-01 6.998935341835021973e-01 6.521500945091247559e-01 7.127181887626647949e-01 8.915776610374450684e-01 2.386580454185605049e-03
3.872500061988830566e-01 4.365000128746032715e-01 9.387500286102294922e-01 8.342499732971191406e-01 6.622499823570251465e-01 1.533025056123733521e-01 4.245982766151428223e-01 3.661745488643646240e-01 7.776005864143371582e-01 8.241553902626037598e-01 6.201381087303161621e-01 9.484641253948211670e-02
3.137075603008270264e-01 8.075016736984252930e-02 9.097768664360046387e-01 9.684878587722778320e-01 4.093226492404937744e-01 0.000000000000000000e+00 4.348806738853454590e-01 2.743442356586456299e-01 6.569989323616027832e-01 8.415925502777099609e-01 4.034270942211151123e-01 1.407381147146224976e-03
2.528347671031951904e-01 1.101523339748382568e-01 7.323028445243835449e-01 4.558890461921691895e-01 1.008365023881196976e-02 0.000000000000000000e+00 2.276950478553771973e-01 2.209080159664154053e-01 5.745570659637451172e-01 4.704531133174896240e-01 5.045656859874725342e-02 8.844938129186630249e-03
2.922823727130889893e-01 5.477290153503417969e-01 7.379514724016189575e-02 1.652842573821544647e-02 3.481250703334808350e-01 0.000000000000000000e+00 3.139535784721374512e-01 6.600266098976135254e-01 1.484864503145217896e-01 6.973894685506820679e-02 3.656917810440063477e-01 1.094356644898653030e-02
1.593112945556640625e-01 6.325008273124694824e-01 4.616621434688568115e-01 4.351072385907173157e-02 9.120706319808959961e-01 0.000000000000000000e+00 1.840379536151885986e-01 5.339602828025817871e-01 5.468465685844421387e-01 1.778646558523178101e-01 9.151793718338012695e-01 1.832150295376777649e-02
7.222499847412109375e-01 1.968333274126052856e-01 7.652500271797180176e-01 6.532499790191650391e-01 3.502500057220458984e-01 9.601525068283081055e-01 7.764627933502197266e-01 2.779677510261535645e-01 7.166760563850402832e-01 5.327215194702148438e-01 3.441860377788543701e-01 5.505187511444091797e-01
4.936168491840362549e-01 6.614379882812500000e-01 6.841269880533218384e-02 1.637219786643981934e-01 9.319115877151489258e-01 0.000000000000000000e+00 5.453422069549560547e-01 8.209937810897827148e-01 2.451220005750656128e-01 1.855573356151580811e-01 9.297828674316406250e-01 1.824467815458774567e-02
1.663247942924499512e-01 1.821213364601135254e-01 6.157525181770324707e-01 9.761294126510620117e-01 7.236972451210021973e-01 0.000000000000000000e+00 2.392416149377822876e-01 2.038286328315734863e-01 6.584876179695129395e-01 7.301047444343566895e-01 7.243647575378417969e-01 2.664989326149225235e-03
2.522499859333038330e-01 2.831666767597198486e-01 6.997500061988830566e-01 4.477500021457672119e-01 3.902499973773956299e-01 6.982975006103515625e-01 2.372267395257949829e-01 4.371015429496765137e-01 6.782976984977722168e-01 6.062219738960266113e-01 3.888932168483734131e-01 6.809014678001403809e-01
9.322500228881835938e-01 6.085000038146972656e-01 8.602499961853027344e-01 9.147499799728393555e-01 2.832500040531158447e-01 8.962975144386291504e-01 9.468728303909301758e-01 4.497860968112945557e-01 6.645458936691284180e-01 7.887462973594665527e-01 3.092320263385772705e-01 6.337678432464599609e-01
9.952499866485595703e-01 6.638333201408386230e-01 9.117500185966491699e-01 1.942500025033950806e-01 2.500000118743628263e-04 1.924075037240982056e-01 9.103094339370727539e-01 5.097254514694213867e-01 6.125825047492980957e-01 3.165560960769653320e-01 5.317609384655952454e-02 2.066259831190109253e-01
5.338459014892578125e-01 9.563919901847839355e-01 4.175154864788055420e-02 5.549976229667663574e-01 5.091111660003662109e-01 0.000000000000000000e+00 5.202862620353698730e-01 9.392949342727661133e-01 6.116088479757308960e-02 6.240025162696838379e-01 4.498335123062133789e-01 5.659573245793581009e-03
2.354811429977416992e-01 6.751918196678161621e-01 9.184318184852600098e-01 4.669839441776275635e-01 7.406538724899291992e-01 0.000000000000000000e+00 2.644855678081512451e-01 6.555273532867431641e-01 6.549261212348937988e-01 4.895396232604980469e-01 7.075053453445434570e-01 5.582677572965621948e-02
9.978839755058288574e-01 3.331043422222137451e-01 6.026628613471984863e-01 2.929696440696716309e-01 3.913276791572570801e-01 0.000000000000000000e+00 9.213674068450927734e-01 4.380630552768707275e-01 5.059451460838317871e-01 4.476305842399597168e-01 4.080485105514526367e-01 3.050827085971832275e-01
9.827184081077575684e-01 7.205265164375305176e-01 1.290944069623947144e-01 1.254889070987701416e-01 5.859171748161315918e-01 0.000000000000000000e+00 7.884882092475891113e-01 2.319807559251785278e-01 3.710641860961914062e-01 1.783749014139175415e-01 5.333044528961181641e-01 1.120491046458482742e-02
9.112499952316284180e-01 2.748333215713500977e-01 8.147500157356262207e-01 7.077500224113464355e-01 8.597499728202819824e-01 8.873875141143798828e-01 8.971393108367919922e-01 3.392365574836730957e-01 7.858274579048156738e-01 7.788431644439697266e-01 8.445823192596435547e-01 8.000286817550659180e-01
6.982922554016113281e-01 9.536316990852355957e-02 7.482133507728576660e-01 7.345767021179199219e-01 8.090677261352539062e-01 0.000000000000000000e+00 7.730290293693542480e-01 1.894249767065048218e-01 7.562467455863952637e-01 7.652800679206848145e-01 8.107171058654785156e-01 1.465341355651617050e-02
1.085057482123374939e-02 6.770746707916259766e-01 8.960077166557312012e-01 1.824519783258438110e-01 3.933699801564216614e-03 0.000000000000000000e+00 3.952856641262769699e-03 6.806608438491821289e-01 9.259232282638549805e-01 1.814838647842407227e-01 4.659283906221389771e-02 3.827264008577913046e-04
6.661542654037475586e-01 1.925158351659774780e-01 7.631503939628601074e-01 1.320504955947399139e-02 1.616541445255279541e-01 0.000000000000000000e+00 6.400369405746459961e-01 2.068650722503662109e-01 5.843797922134399414e-01 2.339118868112564087e-01 1.468384861946105957e-01 2.637853622436523438e-01
4.553713500499725342e-01 7.243009805679321289e-01 8.004795014858245850e-02 1.802461296319961548e-01 1.824810802936553955e-01 0.000000000000000000e+00 4.176104664802551270e-01 8.073247671127319336e-01 1.127028912305831909e-01 1.465339213609695435e-01 1.356218457221984863e-01 2.773334458470344543e-02
1.322499960660934448e-01 3.851666748523712158e-01 7.032499909400939941e-01 9.197499752044677734e-01 3.627499938011169434e-01 8.152750134468078613e-02 1.482368707656860352e-01 4.226740896701812744e-01 7.895574569702148438e-01 8.419640064239501953e-01 3.356038331985473633e-01 1.296965405344963074e-02
4.023687541484832764e-01 4.230704903602600098e-01 2.892765700817108154e-01 6.632990241050720215e-01 1.429454982280731201e-01 0.000000000000000000e+00 3.792296051979064941e-01 3.938199281692504883e-01 3.324609398841857910e-01 6.534461379051208496e-01 1.018606647849082947e-01 1.576182059943675995e-02
2.967500090599060059e-01 7.678333520889282227e-01 5.277500152587890625e-01 8.107500076293945312e-01 8.812500238418579102e-01 2.077524960041046143e-01 3.378881216049194336e-01 7.617896199226379395e-01 5.658932328224182129e-01 8.696960210800170898e-01 8.766314387321472168e-01 5.006590113043785095e-02
9.638002514839172363e-01 3.132821619510650635e-01 2.615928649902343750e-01 9.549925327301025391e-01 1.667989045381546021e-01 0.000000000000000000e+00 7.946169972419738770e-01 3.139055967330932617e-01 6.644476652145385742e-01 8.502021431922912598e-01 1.383873075246810913e-01 8.490259642712771893e-04
8.942499756813049316e-01 6.038333177566528320e-01 5.497499704360961914e-01 4.132499992847442627e-01 4.922499954700469971e-01 4.413925111293792725e-01 9.024861454963684082e-01 4.608713090419769287e-01 5.168102979660034180e-01 2.959881126880645752e-01 4.564505517482757568e-01 2.508722543716430664e-01
8.638283610343933105e-01 4.771023392677307129e-01 4.004036784172058105e-01 9.806400164961814880e-03 6.369640231132507324e-01 0.000000000000000000e+00 7.623597979545593262e-01 6.341483592987060547e-01 4.595077335834503174e-01 2.702558934688568115e-01 6.581372618675231934e-01 1.751976460218429565e-02
5.295480042695999146e-02 6.076470017433166504e-01 5.798904970288276672e-02 4.360116124153137207e-01 8.908519148826599121e-01 0.000000000000000000e+00 1.122563630342483521e-01 7.539932131767272949e-01 2.488262057304382324e-01 5.554143786430358887e-01 9.328255057334899902e-01 2.378074266016483307e-02
9.502500295639038086e-01 4.421666562557220459e-01 6.302499771118164062e-01 3.707500100135803223e-01 3.777500092983245850e-01 7.459750026464462280e-02 8.800119161605834961e-01 3.772693574428558350e-01 6.457734107971191406e-01 3.665364682674407959e-01 3.949722647666931152e-01 1.252161413431167603e-01
5.582500100135803223e-01 3.838333189487457275e-01 3.772499859333038330e-01 4.975000023841857910e-02 5.062500238418579102e-01 7.497774958610534668e-01 6.075975894927978516e-01 3.981502950191497803e-01 2.877224087715148926e-01 9.651805460453033447e-02 4.798163473606109619e-01 6.861305832862854004e-01
7.466565966606140137e-01 7.695193290710449219e-01 8.304081559181213379e-01 1.072016507387161255e-01 7.319630384445190430e-01 0.000000000000000000e+00 7.474153637886047363e-01 7.325491905212402344e-01 4.615524709224700928e-01 3.661450743675231934e-01 7.257824540138244629e-01 9.427886456251144409e-03
1.450085192918777466e-01 6.156280040740966797e-01 3.033916950225830078e-01 6.483135223388671875e-01 7.408778667449951172e-01 0.000000000000000000e+00 1.607784330844879150e-01 7.850753068923950195e-01 5.564901828765869141e-01 6.128792762756347656e-01 6.885717511177062988e-01 1.049623917788267136e-02
6.307500004768371582e-01 5.088333487510681152e-01 6.697499752044677734e-01 6.702499985694885254e-01 6.762499809265136719e-01 4.235725104808807373e-01 6.400715112686157227e-01 5.054752230644226074e-01 5.654841065406799316e-01 7.067055702209472656e-01 6.338312625885009766e-01 1.631228476762771606e-01
8.942499756813049316e-01 6.038333177566528320e-01 5.497499704360961914e-01 4.132499992847442627e-01 4.922499954700469971e-01 4.413925111293792725e-01 9.024861454963684082e-01 4.608713090419769287e-01 5.168102979660034180e-01 2.959881126880645752e-01 4.564505517482757568e-01 2.508722543716430664e-01
6.334714889526367188e-01 3.081098198890686035e-01 4.910431802272796631e-01 9.990957975387573242e-01 6.008920073509216309e-01 0.000000000000000000e+00 6.959523558616638184e-01 4.044139385223388672e-01 6.904589533805847168e-01 7.855832576751708984e-01 5.965039134025573730e-01 7.426668703556060791e-02
8.449714183807373047e-01 4.869549870491027832e-01 1.777731776237487793e-01 4.246401190757751465e-01 6.547233462333679199e-01 0.000000000000000000e+00 8.553235530853271484e-01 5.780819058418273926e-01 3.358120918273925781e-01 2.905518114566802979e-01 6.308758854866027832e-01 2.534481287002563477e-01
1.592344492673873901e-01 3.348183333873748779e-01 5.433240532875061035e-01 3.495522439479827881e-01 1.377859711647033691e-01 0.000000000000000000e+00 1.330243498086929321e-01 3.961616158485412598e-01 5.840204358100891113e-01 2.436742186546325684e-01 1.542640179395675659e-01 5.124907195568084717e-02
8.263674974441528320e-01 3.482649847865104675e-02 5.242554545402526855e-01 7.424302101135253906e-01 2.486564218997955322e-01 0.000000000000000000e+00 8.646764755249023438e-01 3.001179695129394531e-01 6.398526430130004883e-01 6.984835267066955566e-01 2.279230654239654541e-01 2.030393108725547791e-02
8.988802433013916016e-01 9.725456833839416504e-01 9.494672715663909912e-02 1.589851975440979004e-01 9.799843430519104004e-01 0.000000000000000000e+00 8.936255574226379395e-01 7.277077436447143555e-01 1.431857198476791382e-01 8.596440404653549194e-02 9.286962747573852539e-01 2.071989001706242561e-03
8.480449765920639038e-02 8.128010034561157227e-01 8.055784702301025391e-01 9.930778145790100098e-01 1.018823757767677307e-01 0.000000000000000000e+00 1.167230308055877686e-02 8.340682983398437500e-01 8.972097635269165039e-01 9.799408316612243652e-01 1.209251135587692261e-01 3.751651383936405182e-03
4.515683948993682861e-01 4.774675071239471436e-01 5.349303483963012695e-01 1.629387289285659790e-01 6.719061732292175293e-01 0.000000000000000000e+00 4.441173672676086426e-01 4.761661589145660400e-01 5.893110632896423340e-01 1.731094270944595337e-01 6.844554543495178223e-01 1.555470079183578491e-01
1.800286024808883667e-01 4.437183216214179993e-02 9.620432257652282715e-01 1.827143430709838867e-01 6.498661041259765625e-01 0.000000000000000000e+00 1.959498077630996704e-01 1.033307909965515137e-01 7.455492019653320312e-01 2.370996624231338501e-01 6.467798352241516113e-01 6.295735016465187073e-03
2.837708890438079834e-01 2.108128368854522705e-01 6.924021244049072266e-01 8.359114527702331543e-01 3.807201981544494629e-01 0.000000000000000000e+00 2.772472798824310303e-01 2.397868186235427856e-01 6.596994996070861816e-01 8.383361697196960449e-01 4.310395419597625732e-01 1.105878129601478577e-02
1.782499998807907104e-01 5.178333520889282227e-01 6.672499775886535645e-01 5.974999815225601196e-02 6.962500214576721191e-01 1.567675024271011353e-01 2.343479841947555542e-01 5.762107968330383301e-01 7.260840535163879395e-01 1.856888532638549805e-01 6.735596060752868652e-01 2.200619876384735107e-01
7.186957001686096191e-01 1.785659939050674438e-01 1.696816235780715942e-01 6.065061092376708984e-01 8.497354388236999512e-01 0.000000000000000000e+00 6.236464381217956543e-01 2.716206014156341553e-01 5.913984775543212891e-01 6.090766191482543945e-01 8.733697533607482910e-01 1.745542697608470917e-02
8.140590190887451172e-01 3.900151550769805908e-01 4.357918202877044678e-01 9.335210323333740234e-01 6.724978089332580566e-01 0.000000000000000000e+00 8.059204816818237305e-01 4.804523587226867676e-01 7.414754629135131836e-01 8.160877823829650879e-01 6.553987860679626465e-01 3.952502831816673279e-02
3.137075603008270264e-01 8.075016736984252930e-02 9.097768664360046387e-01 9.684878587722778320e-01 4.093226492404937744e-01 0.000000000000000000e+00 4.348806738853454590e-01 2.743442356586456299e-01 6.569989323616027832e-01 8.415925502777099609e-01 4.034270942211151123e-01 1.407381147146224976e-03
7.447500228881835938e-01 5.211666822433471680e-01 3.624999895691871643e-02 1.832499951124191284e-01 9.457499980926513672e-01 1.948824971914291382e-01 6.911829113960266113e-01 6.572518348693847656e-01 2.741610407829284668e-01 2.755857110023498535e-01 8.984651565551757812e-01 9.825909882783889771e-02
9.662500023841857910e-01 2.314999997615814209e-01 1.092500016093254089e-01 8.524999767541885376e-02 3.177500069141387939e-01 6.710724830627441406e-01 8.170888423919677734e-01 3.426654338836669922e-01 1.411325633525848389e-01 1.410504877567291260e-01 3.271786272525787354e-01 5.600107908248901367e-01
7.925000041723251343e-02 4.868333339691162109e-01 4.742499887943267822e-01 2.274999953806400299e-02 9.662500023841857910e-01 8.477874994277954102e-01 1.352438181638717651e-01 5.086289644241333008e-01 4.639221131801605225e-01 2.217975258827209473e-01 9.915266633033752441e-01 8.227704763412475586e-01
5.967500209808349609e-01 5.328333377838134766e-01 5.092499852180480957e-01 5.947499871253967285e-01 3.992500007152557373e-01 3.740724921226501465e-01 6.835073828697204590e-01 4.669469594955444336e-01 4.241038560867309570e-01 4.404866397380828857e-01 4.126449525356292725e-01 2.495208680629730225e-01
6.202499866485595703e-01 6.754999756813049316e-01 3.052499890327453613e-01 7.287499904632568359e-01 2.812500000000000000e-01 8.958024978637695312e-01 5.972625613212585449e-01 6.201869845390319824e-01 3.605010807514190674e-01 4.429253637790679932e-01 2.934806048870086670e-01 5.614109635353088379e-01
5.236236453056335449e-01 7.473919987678527832e-01 3.135306835174560547e-01 7.138540744781494141e-01 2.514461874961853027e-01 0.000000000000000000e+00 5.060505270957946777e-01 6.176953315734863281e-01 2.663234174251556396e-01 6.927904486656188965e-01 2.143551558256149292e-01 6.270118802785873413e-02
7.358111143112182617e-01 2.786156535148620605e-01 2.845808863639831543e-01 8.723372220993041992e-01 9.043871164321899414e-01 0.000000000000000000e+00 6.104292869567871094e-01 4.778574705123901367e-01 7.092275023460388184e-01 8.154467344284057617e-01 9.234480857849121094e-01 2.388013526797294617e-02
8.550466895103454590e-01 2.527684867382049561e-01 7.093133330345153809e-01 6.262103319168090820e-01 4.924723207950592041e-01 0.000000000000000000e+00 7.832902669906616211e-01 2.450866401195526123e-01 7.664240598678588867e-01 7.307985424995422363e-01 5.152596235275268555e-01 3.407782316207885742e-01
6.671879291534423828e-01 2.318110018968582153e-01 6.519143581390380859e-01 8.056336641311645508e-01 3.975026309490203857e-01 0.000000000000000000e+00 6.594659686088562012e-01 2.378313839435577393e-01 6.339901089668273926e-01 8.019424080848693848e-01 3.756782114505767822e-01 1.650642603635787964e-02
7.404195070266723633e-01 4.214388430118560791e-01 6.029757857322692871e-01 7.553784251213073730e-01 7.928851842880249023e-01 0.000000000000000000e+00 7.514096498489379883e-01 4.955302774906158447e-01 7.093448638916015625e-01 7.815402150154113770e-01 8.375840783119201660e-01 1.053612604737281799e-01
9.972500205039978027e-01 4.148333370685577393e-01 4.582499861717224121e-01 3.007499873638153076e-01 2.467499971389770508e-01 2.361249923706054688e-02 9.230262041091918945e-01 4.140741825103759766e-01 4.975402951240539551e-01 2.777792811393737793e-01 2.162966728210449219e-01 1.439760029315948486e-01
9.468501210212707520e-01 3.933053314685821533e-01 7.589914649724960327e-02 7.355742156505584717e-02 6.463385820388793945e-01 0.000000000000000000e+00 8.142678737640380859e-01 1.972851306200027466e-01 2.710978686809539795e-01 1.095169112086296082e-01 6.170078516006469727e-01 2.954472973942756653e-02
4.220677912235260010e-01 4.484184980392456055e-01 4.726150631904602051e-01 7.842342257499694824e-01 2.929919064044952393e-01 0.000000000000000000e+00 4.129279553890228271e-01 5.213292241096496582e-01 6.475677490234375000e-01 7.747939229011535645e-01 2.988326847553253174e-01 2.043395936489105225e-01
8.319018483161926270e-01 6.602563261985778809e-01 6.506295204162597656e-01 5.911455154418945312e-01 6.463299393653869629e-01 0.000000000000000000e+00 8.706764578819274902e-01 6.028338074684143066e-01 4.197372198104858398e-01 7.200180888175964355e-01 6.702568531036376953e-01 3.943314403295516968e-02
6.895761489868164062e-01 9.384868144989013672e-01 4.995488524436950684e-01 4.091519862413406372e-02 9.884790778160095215e-01 0.000000000000000000e+00 7.447158098220825195e-01 7.425289750099182129e-01 2.924853265285491943e-01 1.627737730741500854e-01 9.441161751747131348e-01 3.259354084730148315e-02
2.225000038743019104e-02 6.468333601951599121e-01 7.072499990463256836e-01 3.307499885559082031e-01 7.882500290870666504e-01 4.399074912071228027e-01 1.059442684054374695e-01 6.000378131866455078e-01 6.152294874191284180e-01 3.720635771751403809e-01 9.524747729301452637e-01 5.008773207664489746e-01
3.097499907016754150e-01 5.391666889190673828e-01 8.897500038146972656e-01 1.025000028312206268e-02 7.647500038146972656e-01 5.785074830055236816e-01 3.093030452728271484e-01 4.504318237304687500e-01 6.781684160232543945e-01 2.160684764385223389e-01 7.781286239624023438e-01 5.019829869270324707e-01
1.562500000000000000e-01 2.598333358764648438e-01 1.867499947547912598e-01 7.337499856948852539e-01 2.272499948740005493e-01 8.548749983310699463e-02 1.912853866815567017e-01 3.139469027519226074e-01 2.570981681346893311e-01 6.310377120971679688e-01 1.744377613067626953e-01 1.181252673268318176e-01
6.274015903472900391e-01 7.496806383132934570e-01 6.361812949180603027e-01 8.956168293952941895e-01 8.314503431320190430e-01 0.000000000000000000e+00 6.072136163711547852e-01 7.866988182067871094e-01 7.887331843376159668e-01 7.833051681518554688e-01 8.509494066238403320e-01 1.450034976005554199e-02
3.277499973773956299e-01 7.845000028610229492e-01 3.562499880790710449e-01 7.802500128746032715e-01 2.642500102519989014e-01 4.849525094032287598e-01 3.483773171901702881e-01 7.096119523048400879e-01 3.612234294414520264e-01 7.233314514160156250e-01 3.331305086612701416e-01 4.699200093746185303e-01
9.401577115058898926e-01 2.737636566162109375e-01 2.632483541965484619e-01 2.833040356636047363e-01 8.547135591506958008e-01 0.000000000000000000e+00 8.339122533798217773e-01 2.780146300792694092e-01 4.326298534870147705e-01 3.450945615768432617e-01 8.793455958366394043e-01 2.336999401450157166e-02
3.627499938011169434e-01 5.935000181198120117e-01 5.862500071525573730e-01 1.075000036507844925e-02 5.074999853968620300e-02 5.156425237655639648e-01 3.554604053497314453e-01 3.897575736045837402e-01 3.476131856441497803e-01 9.366293251514434814e-02 8.542238175868988037e-02 3.541452586650848389e-01
9.972500205039978027e-01 4.148333370685577393e-01 4.582499861717224121e-01 3.007499873638153076e-01 2.467499971389770508e-01 2.361249923706054688e-02 9.230262041091918945e-01 4.140741825103759766e-01 4.975402951240539551e-01 2.777792811393737793e-01 2.162966728210449219e-01 1.439760029315948486e-01
6.927499771118164062e-01 6.318333148956298828e-01 3.787499964237213135e-01 6.617500185966491699e-01 3.747499883174896240e-01 4.196124970912933350e-01 6.920110583305358887e-01 6.025641560554504395e-01 4.276840090751647949e-01 5.615112185478210449e-01 3.904580175876617432e-01 3.909358084201812744e-01
2.604655623435974121e-01 1.575356721878051758e-01 2.390160039067268372e-02 1.453173458576202393e-01 2.065290212631225586e-01 0.000000000000000000e+00 2.772955000400543213e-01 2.416054755449295044e-01 1.014142781496047974e-01 9.402611851692199707e-02 2.051027268171310425e-01 6.746926158666610718e-02
7.462194561958312988e-01 7.152683138847351074e-01 3.234974145889282227e-01 1.640222407877445221e-02 2.025509476661682129e-01 0.000000000000000000e+00 6.416349411010742188e-01 5.331067442893981934e-01 2.069041132926940918e-01 2.385810762643814087e-01 1.798443794250488281e-01 1.185190528631210327e-01
3.627499938011169434e-01 5.935000181198120117e-01 5.862500071525573730e-01 1.075000036507844925e-02 5.074999853968620300e-02 5.156425237655639648e-01 3.554604053497314453e-01 3.897575736045837402e-01 3.476131856441497803e-01 9.366293251514434814e-02 8.542238175868988037e-02 3.541452586650848389e-01
7.663748264312744141e-01 2.558091580867767334e-01 6.466613411903381348e-01 1.158192530274391174e-01 9.355749487876892090e-01 0.000000000000000000e+00 7.769936323165893555e-01 2.325180619955062866e-01 3.875158131122589111e-01 3.961514234542846680e-01 9.246999621391296387e-01 1.629205048084259033e-02
6.107500195503234863e-01 8.118333220481872559e-01 5.537499785423278809e-01 1.437499970197677612e-01 7.262499928474426270e-01 7.116624712944030762e-01 6.079694032669067383e-01 7.251030206680297852e-01 5.472959876060485840e-01 1.921797543764114380e-01 7.193900346755981445e-01 5.043577551841735840e-01
7.494186758995056152e-01 8.666601777076721191e-01 7.952404022216796875e-01 7.168938517570495605e-01 7.675775289535522461e-01 0.000000000000000000e+00 8.013808727264404297e-01 7.802641987800598145e-01 4.914838969707489014e-01 8.000191450119018555e-01 7.927204370498657227e-01 3.511546645313501358e-03
6.930615901947021484e-01 4.737026691436767578e-01 2.014379501342773438e-01 1.314471960067749023e-01 6.324372440576553345e-02 0.000000000000000000e+00 6.081864833831787109e-01 5.024768710136413574e-01 1.245395317673683167e-01 2.877850234508514404e-01 6.530248373746871948e-02 1.207005083560943604e-01
6.824610829353332520e-01 2.612474858760833740e-01 1.109307035803794861e-01 5.377513170242309570e-01 8.952578306198120117e-01 0.000000000000000000e+00 6.893205046653747559e-01 6.722956299781799316e-01 4.903938174247741699e-01 4.802090227603912354e-01 9.043814539909362793e-01 1.016506087034940720e-02
7.262499928474426270e-01 3.008333444595336914e-01 2.924999967217445374e-02 6.517500281333923340e-01 3.974999859929084778e-02 5.527675151824951172e-01 7.160735130310058594e-01 3.410753011703491211e-01 1.610923111438751221e-01 3.639582097530364990e-01 6.532166153192520142e-02 4.124349355697631836e-01
2.059354037046432495e-01 7.429793477058410645e-01 1.081320494413375854e-01 1.078347489237785339e-02 1.392745524644851685e-01 0.000000000000000000e+00 1.718329936265945435e-01 7.422757148742675781e-01 9.638035297393798828e-02 9.655665606260299683e-02 9.838839620351791382e-02 1.426451746374368668e-02
4.763127863407135010e-01 4.736090004444122314e-01 9.675753116607666016e-01 3.118250668048858643e-01 3.734486699104309082e-01 0.000000000000000000e+00 4.238581955432891846e-01 1.751763373613357544e-01 5.766595005989074707e-01 4.373204708099365234e-01 4.034865498542785645e-01 1.479264628142118454e-02
5.452499985694885254e-01 3.055000007152557373e-01 9.522500038146972656e-01 7.967500090599060059e-01 7.602499723434448242e-01 7.062175273895263672e-01 5.429286956787109375e-01 3.756057620048522949e-01 8.240224719047546387e-01 8.704925775527954102e-01 7.558218240737915039e-01 7.465392947196960449e-01
1.385539956390857697e-02 3.132469952106475830e-01 9.698884487152099609e-01 1.268029063940048218e-01 7.408711314201354980e-01 0.000000000000000000e+00 5.721094086766242981e-02 2.502346932888031006e-01 7.877327799797058105e-01 2.883960008621215820e-01 8.381520509719848633e-01 1.069463603198528290e-02
5.652499794960021973e-01 6.051666736602783203e-01 2.692500054836273193e-01 4.037500023841857910e-01 1.512500047683715820e-01 5.280175209045410156e-01 5.213316082954406738e-01 5.781031250953674316e-01 2.675790786743164062e-01 3.419511020183563232e-01 1.688328683376312256e-01 3.288624286651611328e-01
7.258737087249755859e-01 5.856375098228454590e-01 3.580260872840881348e-01 7.965212464332580566e-01 3.351842612028121948e-02 0.000000000000000000e+00 7.830871939659118652e-01 5.389341711997985840e-01 4.167702794075012207e-01 5.513392686843872070e-01 4.145655408501625061e-02 9.171902202069759369e-04
9.525000303983688354e-02 5.774999856948852539e-01 1.882500052452087402e-01 4.282500147819519043e-01 5.407500267028808594e-01 2.409175038337707520e-01 1.638241112232208252e-01 6.002410650253295898e-01 2.510306835174560547e-01 4.822248518466949463e-01 5.850915312767028809e-01 7.103415578603744507e-02
5.967500209808349609e-01 5.328333377838134766e-01 5.092499852180480957e-01 5.947499871253967285e-01 3.992500007152557373e-01 3.740724921226501465e-01 6.835073828697204590e-01 4.669469594955444336e-01 4.241038560867309570e-01 4.404866397380828857e-01 4.126449525356292725e-01 2.495208680629730225e-01
7.552499771118164062e-01 8.301666378974914551e-01 2.422499954700469971e-01 5.624999850988388062e-02 4.752500057220458984e-01 4.542624950408935547e-01 7.022123932838439941e-01 6.388709545135498047e-01 2.487484365701675415e-01 1.058863103389739990e-01 4.934606552124023438e-01 4.932605028152465820e-01
4.222500026226043701e-01 3.244999945163726807e-01 6.075000017881393433e-02 5.477499961853027344e-01 8.737499713897705078e-01 9.274824857711791992e-01 4.993399679660797119e-01 4.446612000465393066e-01 1.431398987770080566e-01 5.419911742210388184e-01 8.877424001693725586e-01 8.821648359298706055e-01
3.381630182266235352e-01 7.426211833953857422e-01 4.082055389881134033e-01 8.204808831214904785e-01 1.559098213911056519e-01 0.000000000000000000e+00 3.346918523311614990e-01 7.076221108436584473e-01 3.595919013023376465e-01 7.585591077804565430e-01 1.025706976652145386e-01 4.743329435586929321e-02
5.582500100135803223e-01 3.838333189487457275e-01 3.772499859333038330e-01 4.975000023841857910e-02 5.062500238418579102e-01 7.497774958610534668e-01 6.075975894927978516e-01 3.981502950191497803e-01 2.877224087715148926e-01 9.651805460453033447e-02 4.798163473606109619e-01 6.861305832862854004e-01
8.012499809265136719e-01 2.465000003576278687e-01 1.237500011920928955e-01 8.877500295639038086e-01 9.302499890327453613e-01 4.512925148010253906e-01 7.919889688491821289e-01 5.145657658576965332e-01 3.498201668262481689e-01 8.277118802070617676e-01 8.656564950942993164e-01 2.262122780084609985e-01
9.112991690635681152e-01 5.633209943771362305e-01 3.841252923011779785e-01 6.603152155876159668e-01 1.385781019926071167e-01 0.000000000000000000e+00 8.779964447021484375e-01 5.816028714179992676e-01 5.379630923271179199e-01 4.917202591896057129e-01 1.147444173693656921e-01 9.053048491477966309e-02
5.182499885559082031e-01 2.278333306312561035e-01 1.567499935626983643e-01 8.647500276565551758e-01 6.932500004768371582e-01 1.503324955701828003e-01 5.337730646133422852e-01 2.093676924705505371e-01 2.406709492206573486e-01 7.912842631340026855e-01 6.411154866218566895e-01 3.932426869869232178e-02
8.922974765300750732e-02 2.850345075130462646e-01 5.364387482404708862e-02 7.765941023826599121e-01 6.037123203277587891e-01 0.000000000000000000e+00 1.744935214519500732e-01 5.858809947967529297e-01 4.160538017749786377e-01 4.555853903293609619e-01 5.356815457344055176e-01 5.623765289783477783e-02
1.562500000000000000e-01 2.598333358764648438e-01 1.867499947547912598e-01 7.337499856948852539e-01 2.272499948740005493e-01 8.548749983310699463e-02 1.912853866815567017e-01 3.139469027519226074e-01 2.570981681346893311e-01 6.310377120971679688e-01 1.744377613067626953e-01 1.181252673268318176e-01
6.075000017881393433e-02 1.908333301544189453e-01 2.627499997615814209e-01 1.117499992251396179e-01 8.874999731779098511e-02 7.156224846839904785e-01 4.078643023967742920e-02 2.455162853002548218e-01 2.710207104682922363e-01 1.920694112777709961e-01 5.111299455165863037e-02 6.945106387138366699e-01
6.176013946533203125e-01 5.280230045318603516e-01 8.942665159702301025e-02 2.200994938611984253e-01 2.148342430591583252e-01 0.000000000000000000e+00 5.761430859565734863e-01 7.126610279083251953e-01 1.644534170627593994e-01 1.930857449769973755e-01 2.232201099395751953e-01 5.323101207613945007e-02
9.112499952316284180e-01 2.748333215713500977e-01 8.147500157356262207e-01 7.077500224113464355e-01 8.597499728202819824e-01 8.873875141143798828e-01 8.971393108367919922e-01 3.392365574836730957e-01 7.858274579048156738e-01 7.788431644439697266e-01 8.445823192596435547e-01 8.000286817550659180e-01
7.422500252723693848e-01 3.138333261013031006e-01 2.622500061988830566e-01 7.897499799728393555e-01 4.324999824166297913e-02 7.606675028800964355e-01 6.383431553840637207e-01 4.310380518436431885e-01 3.745347559452056885e-01 6.455770730972290039e-01 7.123489677906036377e-02 4.832929074764251709e-01
9.112499952316284180e-01 2.748333215713500977e-01 8.147500157356262207e-01 7.077500224113464355e-01 8.597499728202819824e-01 8.873875141143798828e-01 8.971393108367919922e-01 3.392365574836730957e-01 7.858274579048156738e-01 7.788431644439697266e-01 8.445823192596435547e-01 8.000286817550659180e-01
1.446673721075057983e-01 9.795655012130737305e-01 3.996140658855438232e-01 8.799375295639038086e-01 8.730562925338745117e-01 0.000000000000000000e+00 1.101516634225845337e-01 8.657327294349670410e-01 2.079338282346725464e-01 9.217364192008972168e-01 8.709658980369567871e-01 6.016488652676343918e-03
7.590790390968322754e-01 4.402803480625152588e-01 8.369743824005126953e-01 7.024652957916259766e-01 9.040770530700683594e-01 0.000000000000000000e+00 7.752261757850646973e-01 2.916738092899322510e-01 7.484188079833984375e-01 7.721236944198608398e-01 9.070916175842285156e-01 2.027264423668384552e-02
7.358111143112182617e-01 2.786156535148620605e-01 2.845808863639831543e-01 8.723372220993041992e-01 9.043871164321899414e-01 0.000000000000000000e+00 6.104292869567871094e-01 4.778574705123901367e-01 7.092275023460388184e-01 8.154467344284057617e-01 9.234480857849121094e-01 2.388013526797294617e-02
6.332310438156127930e-01 6.797574758529663086e-01 1.764851063489913940e-01 9.625902175903320312e-01 7.245741486549377441e-01 0.000000000000000000e+00 6.544446945190429688e-01 7.152966856956481934e-01 3.172463774681091309e-01 8.537870645523071289e-01 7.486547827720642090e-01 7.131645828485488892e-02
5.804946422576904297e-01 4.114801585674285889e-01 5.454089045524597168e-01 6.272870898246765137e-01 4.385015964508056641e-01 0.000000000000000000e+00 5.212566256523132324e-01 2.734094858169555664e-01 4.547449946403503418e-01 7.680001854896545410e-01 4.775262475013732910e-01 1.306694298982620239e-01
8.157007694244384766e-01 5.077899992465972900e-02 3.790187835693359375e-01 2.156326323747634888e-01 1.318511515855789185e-01 0.000000000000000000e+00 6.085085868835449219e-01 2.090467959642410278e-01 5.913955569267272949e-01 3.403197526931762695e-01 1.361111551523208618e-01 1.137641221284866333e-01
9.917500019073486328e-01 1.704999953508377075e-01 3.627499938011169434e-01 4.262500107288360596e-01 4.727500081062316895e-01 2.275525033473968506e-01 9.386616349220275879e-01 3.411787748336791992e-01 4.526846706867218018e-01 3.164744973182678223e-01 4.438300430774688721e-01 9.342946112155914307e-02
7.249999791383743286e-03 5.961666703224182129e-01 8.457499742507934570e-01 3.867500126361846924e-01 4.352500140666961670e-01 7.509250193834304810e-02 6.429999321699142456e-02 6.251624822616577148e-01 7.637692093849182129e-01 4.962972700595855713e-01 4.772689044475555420e-01 8.777348697185516357e-02
7.657499909400939941e-01 6.545000076293945312e-01 7.587500214576721191e-01 7.607499957084655762e-01 2.025000005960464478e-02 9.007524847984313965e-01 8.063972592353820801e-01 4.096532762050628662e-01 6.137996912002563477e-01 4.487319588661193848e-01 7.342093437910079956e-02 3.265517354011535645e-01
6.677500009536743164e-01 6.388333439826965332e-01 2.257499992847442627e-01 1.757500022649765015e-01 1.952500045299530029e-01 1.676574945449829102e-01 6.648166775703430176e-01 6.323050856590270996e-01 1.637330800294876099e-01 1.959526836872100830e-01 2.222443819046020508e-01 8.095172792673110962e-02
8.772500157356262207e-01 2.208333313465118408e-01 2.672500014305114746e-01 1.457500010728836060e-01 7.042499780654907227e-01 9.750025272369384766e-01 7.939170002937316895e-01 3.275872766971588135e-01 2.537906169891357422e-01 1.458536833524703979e-01 6.573823690414428711e-01 7.985907196998596191e-01
2.416324317455291748e-01 8.572000078856945038e-03 8.328654170036315918e-01 3.080715835094451904e-01 6.569005846977233887e-01 0.000000000000000000e+00 2.960828542709350586e-01 1.423452794551849365e-01 7.112041711807250977e-01 3.266871571540832520e-01 6.227961182594299316e-01 2.451806562021374702e-03
4.463956058025360107e-01 9.043974876403808594e-01 4.106633663177490234e-01 3.500750064849853516e-01 6.706463694572448730e-01 0.000000000000000000e+00 4.558554887771606445e-01 8.381038308143615723e-01 3.798512518405914307e-01 3.686525523662567139e-01 6.724699735641479492e-01 2.055224031209945679e-02
1.728754043579101562e-01 4.392519891262054443e-01 8.788878321647644043e-01 5.560532808303833008e-01 2.357840538024902344e-01 0.000000000000000000e+00 1.158633828163146973e-01 3.739292621612548828e-01 7.339002490043640137e-01 7.622444629669189453e-01 2.618917226791381836e-01 2.971703745424747467e-02
8.141022920608520508e-01 1.240665018558502197e-01 1.082774251699447632e-01 3.383043110370635986e-01 7.224217802286148071e-02 0.000000000000000000e+00 7.589434385299682617e-01 3.009327948093414307e-01 1.993895471096038818e-01 3.336598873138427734e-01 8.054524660110473633e-02 1.827889233827590942e-01
7.152500152587890625e-01 2.968333363533020020e-01 3.749999916180968285e-03 2.847500145435333252e-01 3.277499973773956299e-01 7.621524930000305176e-01 6.845964193344116211e-01 2.865589559078216553e-01 1.132654175162315369e-01 1.037333458662033081e-01 3.351031243801116943e-01 6.305511593818664551e-01
7.163284420967102051e-01 4.536961615085601807e-01 4.289075434207916260e-01 3.810743987560272217e-01 2.351298928260803223e-01 0.000000000000000000e+00 6.334410309791564941e-01 3.075651526451110840e-01 4.271711707115173340e-01 5.063412785530090332e-01 2.200908809900283813e-01 7.076210808008909225e-03
1.197500005364418030e-01 7.655000090599060059e-01 3.937500119209289551e-01 4.627499878406524658e-01 2.425000071525573730e-02 7.378975152969360352e-01 9.964413195848464966e-02 5.916739106178283691e-01 2.176861464977264404e-01 4.079109430313110352e-01 1.305729895830154419e-01 7.010769248008728027e-01
8.714022040367126465e-01 2.567731738090515137e-01 1.622851043939590454e-01 9.537249803543090820e-01 6.395106911659240723e-01 0.000000000000000000e+00 8.624742031097412109e-01 4.849953055381774902e-01 4.840717911720275879e-01 7.811941504478454590e-01 6.626188755035400391e-01 8.193957060575485229e-02
6.885572671890258789e-01 3.720466792583465576e-02 1.893319189548492432e-01 6.841785311698913574e-01 6.356707215309143066e-01 0.000000000000000000e+00 6.920064091682434082e-01 2.551456689834594727e-01 3.724000155925750732e-01 5.646827816963195801e-01 6.247122883796691895e-01 2.285637520253658295e-02
7.152500152587890625e-01 2.968333363533020020e-01 3.749999916180968285e-03 2.847500145435333252e-01 3.277499973773956299e-01 7.621524930000305176e-01 6.845964193344116211e-01 2.865589559078216553e-01 1.132654175162315369e-01 1.037333458662033081e-01 3.351031243801116943e-01 6.305511593818664551e-01
6.492499709129333496e-01 7.601666450500488281e-01 4.250000230967998505e-03 4.437499940395355225e-01 9.767500162124633789e-01 4.626775085926055908e-01 5.923618674278259277e-01 6.806351542472839355e-01 1.599287092685699463e-01 6.362400650978088379e-01 9.404974579811096191e-01 4.523018002510070801e-01
8.403639197349548340e-01 3.702848255634307861e-01 4.203035533428192139e-01 4.625450074672698975e-01 6.563393473625183105e-01 0.000000000000000000e+00 8.281314373016357422e-01 4.354456067085266113e-01 6.668491959571838379e-01 3.978649675846099854e-01 7.085803747177124023e-01 5.955609083175659180e-01
5.807499885559082031e-01 3.148333430290222168e-01 5.957499742507934570e-01 1.624999940395355225e-02 9.624999761581420898e-02 6.359274983406066895e-01 5.437359809875488281e-01 2.699759602546691895e-01 5.020324587821960449e-01 1.141815260052680969e-01 8.782783150672912598e-02 6.071278452873229980e-01
9.972500205039978027e-01 4.148333370685577393e-01 4.582499861717224121e-01 3.007499873638153076e-01 2.467499971389770508e-01 2.361249923706054688e-02 9.230262041091918945e-01 4.140741825103759766e-01 4.975402951240539551e-01 2.777792811393737793e-01 2.162966728210449219e-01 1.439760029315948486e-01
3.539005219936370850e-01 1.243268325924873352e-01 6.985518932342529297e-01 5.065212398767471313e-02 4.553772509098052979e-01 0.000000000000000000e+00 3.209017515182495117e-01 1.472414433956146240e-01 5.165947675704956055e-01 3.094339072704315186e-01 4.662565886974334717e-01 5.035151168704032898e-02
3.097499907016754150e-01 5.391666889190673828e-01 8.897500038146972656e-01 1.025000028312206268e-02 7.647500038146972656e-01 5.785074830055236816e-01 3.093030452728271484e-01 4.504318237304687500e-01 6.781684160232543945e-01 2.160684764385223389e-01 7.781286239624023438e-01 5.019829869270324707e-01
5.172675251960754395e-01 1.429583281278610229e-01 8.761697262525558472e-02 1.231698021292686462e-01 9.803267121315002441e-01 0.000000000000000000e+00 5.327334403991699219e-01 3.004302680492401123e-01 3.885017037391662598e-01 1.115399152040481567e-01 9.560448527336120605e-01 3.337282314896583557e-02
3.113622069358825684e-01 1.287796646356582642e-01 2.089634239673614502e-01 9.716963768005371094e-01 6.688740253448486328e-01 0.000000000000000000e+00 4.066457748413085938e-01 2.841206490993499756e-01 3.994289040565490723e-01 7.882052063941955566e-01 7.060257196426391602e-01 1.750470995903015137e-01
7.583408355712890625e-01 7.046899944543838501e-02 4.158775508403778076e-01 6.137193441390991211e-01 9.964386820793151855e-01 0.000000000000000000e+00 7.818245291709899902e-01 1.674053966999053955e-01 7.252360582351684570e-01 4.679068624973297119e-01 9.322763681411743164e-01 5.367856007069349289e-03
5.572500228881835938e-01 6.501666903495788574e-01 5.007500052452087402e-01 8.547499775886535645e-01 7.812500000000000000e-01 9.457975029945373535e-01 5.238655805587768555e-01 6.670026779174804688e-01 5.015005469322204590e-01 8.949332833290100098e-01 8.124002814292907715e-01 8.870912194252014160e-01
9.212499856948852539e-01 5.285000205039978027e-01 5.617499947547912598e-01 9.492499828338623047e-01 5.022500157356262207e-01 6.903774738311767578e-01 8.856766819953918457e-01 4.474506676197052002e-01 5.743488073348999023e-01 7.858855128288269043e-01 4.422440528869628906e-01 6.236992478370666504e-01
1.626933217048645020e-01 8.644516766071319580e-02 3.399476706981658936e-01 6.192290782928466797e-01 5.149336457252502441e-01 0.000000000000000000e+00 1.773210614919662476e-01 2.283491343259811401e-01 6.434586048126220703e-01 5.299932956695556641e-01 5.478423833847045898e-01 7.284173369407653809e-02
1.724999956786632538e-02 2.105000019073486328e-01 3.075000084936618805e-02 3.967500030994415283e-01 8.824999630451202393e-02 2.468574941158294678e-01 5.571678653359413147e-02 2.531713247299194336e-01 1.045836433768272400e-01 3.774447441101074219e-01 2.572887763381004333e-02 1.789194792509078979e-01
3.381630182266235352e-01 7.426211833953857422e-01 4.082055389881134033e-01 8.204808831214904785e-01 1.559098213911056519e-01 0.000000000000000000e+00 3.346918523311614990e-01 7.076221108436584473e-01 3.595919013023376465e-01 7.585591077804565430e-01 1.025706976652145386e-01 4.743329435586929321e-02
2.087499946355819702e-01 8.308333158493041992e-01 8.952500224113464355e-01 2.347500026226043701e-01 1.957499980926513672e-01 4.715875089168548584e-01 2.233422547578811646e-01 7.497012019157409668e-01 7.475390434265136719e-01 2.781036794185638428e-01 2.335228621959686279e-01 2.689762711524963379e-01
7.249999791383743286e-03 5.961666703224182129e-01 8.457499742507934570e-01 3.867500126361846924e-01 4.352500140666961670e-01 7.509250193834304810e-02 6.429999321699142456e-02 6.251624822616577148e-01 7.637692093849182129e-01 4.962972700595855713e-01 4.772689044475555420e-01 8.777348697185516357e-02
6.075000017881393433e-02 1.908333301544189453e-01 2.627499997615814209e-01 1.117499992251396179e-01 8.874999731779098511e-02 7.156224846839904785e-01 4.078643023967742920e-02 2.455162853002548218e-01 2.710207104682922363e-01 1.920694112777709961e-01 5.111299455165863037e-02 6.945106387138366699e-01
9.972500205039978027e-01 4.148333370685577393e-01 4.582499861717224121e-01 3.007499873638153076e-01 2.467499971389770508e-01 2.361249923706054688e-02 9.230262041091918945e-01 4.140741825103759766e-01 4.975402951240539551e-01 2.777792811393737793e-01 2.162966728210449219e-01 1.439760029315948486e-01
9.324999898672103882e-02 5.198333263397216797e-01 2.852500081062316895e-01 6.117500066757202148e-01 8.752499818801879883e-01 9.908425211906433105e-01 1.566442102193832397e-01 6.059315800666809082e-01 3.411602079868316650e-01 2.579769492149353027e-01 9.794227480888366699e-01 6.660359501838684082e-01
9.700207114219665527e-01 8.982276916503906250e-01 5.019867420196533203e-01 3.274186849594116211e-01 4.301851391792297363e-01 0.000000000000000000e+00 8.809760212898254395e-01 8.671969771385192871e-01 3.723916113376617432e-01 4.573017954826354980e-01 4.297713935375213623e-01 4.810987506061792374e-03
4.032500088214874268e-01 2.255000025033950806e-01 6.592500209808349609e-01 9.312499761581420898e-01 5.867499709129333496e-01 1.047924980521202087e-01 4.518838524818420410e-01 4.088149368762969971e-01 7.808687686920166016e-01 8.544260263442993164e-01 5.390199422836303711e-01 2.206612825393676758e-01
6.395999193191528320e-01 4.074589908123016357e-01 7.912270426750183105e-01 1.744821965694427490e-01 9.689322113990783691e-01 0.000000000000000000e+00 6.468806266784667969e-01 3.436773121356964111e-01 5.573059320449829102e-01 3.885962963104248047e-01 9.451208114624023438e-01 2.474000491201877594e-02
6.177499890327453613e-01 6.188333630561828613e-01 4.407500028610229492e-01 3.187499940395355225e-01 5.037500262260437012e-01 1.216225028038024902e-01 6.356289982795715332e-01 5.946651101112365723e-01 4.659596383571624756e-01 2.952539324760437012e-01 5.081640481948852539e-01 1.449073404073715210e-01
1.617500036954879761e-01 3.955000042915344238e-01 7.982500195503234863e-01 6.612499952316284180e-01 5.727499723434448242e-01 7.512624859809875488e-01 1.580316871404647827e-01 4.340128004550933838e-01 6.918052434921264648e-01 8.021208643913269043e-01 5.489777326583862305e-01 8.280891776084899902e-01
3.574580848217010498e-01 2.612715065479278564e-01 6.517462134361267090e-01 3.658190667629241943e-01 4.461279809474945068e-01 0.000000000000000000e+00 3.077681362628936768e-01 2.226402163505554199e-01 6.755031347274780273e-01 4.260884225368499756e-01 4.635296761989593506e-01 2.233709581196308136e-02
5.397499799728393555e-01 4.061666727066040039e-01 6.297500133514404297e-01 3.267500102519989014e-01 3.487499952316284180e-01 6.667750328779220581e-02 5.134570598602294922e-01 3.391878604888916016e-01 7.312530875205993652e-01 2.506108582019805908e-01 3.439629375934600830e-01 9.265497326850891113e-02
5.967500209808349609e-01 5.328333377838134766e-01 5.092499852180480957e-01 5.947499871253967285e-01 3.992500007152557373e-01 3.740724921226501465e-01 6.835073828697204590e-01 4.669469594955444336e-01 4.241038560867309570e-01 4.404866397380828857e-01 4.126449525356292725e-01 2.495208680629730225e-01
7.222499847412109375e-01 1.968333274126052856e-01 7.652500271797180176e-01 6.532499790191650391e-01 3.502500057220458984e-01 9.601525068283081055e-01 7.764627933502197266e-01 2.779677510261535645e-01 7.166760563850402832e-01 5.327215194702148438e-01 3.441860377788543701e-01 5.505187511444091797e-01
4.222500026226043701e-01 3.244999945163726807e-01 6.075000017881393433e-02 5.477499961853027344e-01 8.737499713897705078e-01 9.274824857711791992e-01 4.993399679660797119e-01 4.446612000465393066e-01 1.431398987770080566e-01 5.419911742210388184e-01 8.877424001693725586e-01 8.821648359298706055e-01
5.992399901151657104e-02 3.366529941558837891e-01 9.849303960800170898e-01 6.065662503242492676e-01 5.544850826263427734e-01 0.000000000000000000e+00 6.176276504993438721e-02 1.781319379806518555e-01 8.403679728507995605e-01 7.713750600814819336e-01 5.950788259506225586e-01 4.789892956614494324e-02
7.925000041723251343e-02 4.868333339691162109e-01 4.742499887943267822e-01 2.274999953806400299e-02 9.662500023841857910e-01 8.477874994277954102e-01 1.352438181638717651e-01 5.086289644241333008e-01 4.639221131801605225e-01 2.217975258827209473e-01 9.915266633033752441e-01 8.227704763412475586e-01
3.379277288913726807e-01 3.165058195590972900e-01 7.908638715744018555e-01 4.863379299640655518e-01 1.940480470657348633e-01 0.000000000000000000e+00 2.920201718807220459e-01 3.011725842952728271e-01 6.916015148162841797e-01 6.223142147064208984e-01 2.134846150875091553e-01 2.837050147354602814e-02
2.482344508171081543e-01 4.730358421802520752e-01 7.636732459068298340e-01 9.306960105895996094e-01 1.959750056266784668e-01 0.000000000000000000e+00 2.453691512346267700e-01 3.613614141941070557e-01 6.336027979850769043e-01 8.908705115318298340e-01 1.779274046421051025e-01 4.762367811053991318e-03
4.962500035762786865e-01 5.658333301544189453e-01 8.657500147819519043e-01 8.772500157356262207e-01 2.282499969005584717e-01 8.131374716758728027e-01 4.786822795867919922e-01 5.141146183013916016e-01 7.092683911323547363e-01 8.354035615921020508e-01 2.562852203845977783e-01 6.111641526222229004e-01
9.869201779365539551e-01 9.056841731071472168e-01 5.983942151069641113e-01 5.878008604049682617e-01 5.379130840301513672e-01 0.000000000000000000e+00 8.893012404441833496e-01 8.623970746994018555e-01 4.861750304698944092e-01 7.814239263534545898e-01 5.479586720466613770e-01 2.925934502854943275e-03
2.704489827156066895e-01 9.678953289985656738e-01 7.133627682924270630e-02 8.912764191627502441e-01 7.000987529754638672e-01 0.000000000000000000e+00 2.841161489486694336e-01 9.720945358276367188e-01 5.124814063310623169e-02 8.674683570861816406e-01 7.526111602783203125e-01 1.264507009182125330e-04
4.151825904846191406e-01 7.684454917907714844e-01 4.385994970798492432e-01 1.706195771694183350e-01 5.658075213432312012e-03 0.000000000000000000e+00 3.273530006408691406e-01 5.674005746841430664e-01 2.500323653221130371e-01 2.090385258197784424e-01 3.747645765542984009e-02 3.373022750020027161e-02
2.492603808641433716e-01 2.122720032930374146e-01 4.074852466583251953e-01 1.224884986877441406e-01 6.186734437942504883e-01 0.000000000000000000e+00 2.931400239467620850e-01 1.892528831958770752e-01 3.172125816345214844e-01 1.509369164705276489e-01 6.055915355682373047e-01 2.285562455654144287e-02
9.942499995231628418e-01 2.911666631698608398e-01 8.725000172853469849e-02 9.897500276565551758e-01 3.057500123977661133e-01 6.082075238227844238e-01 9.277446866035461426e-01 3.824188709259033203e-01 2.497566044330596924e-01 6.799997091293334961e-01 3.204202055931091309e-01 3.495790660381317139e-01
8.577499985694885254e-01 2.168333381414413452e-01 2.547500133514404297e-01 3.422499895095825195e-01 2.307499945163726807e-01 5.324724912643432617e-01 7.627696990966796875e-01 2.924185693264007568e-01 3.148531913757324219e-01 3.064566552639007568e-01 2.068542838096618652e-01 3.063019514083862305e-01
3.897500038146972656e-01 7.645000219345092773e-01 2.977499961853027344e-01 9.697499871253967285e-01 2.027499973773956299e-01 3.577375113964080811e-01 4.156327545642852783e-01 7.113916277885437012e-01 3.530019223690032959e-01 7.635240554809570312e-01 2.386053949594497681e-01 2.587061822414398193e-01
5.716248750686645508e-01 1.757249981164932251e-01 6.603816747665405273e-01 1.718075573444366455e-01 1.607341319322586060e-01 0.000000000000000000e+00 6.103712320327758789e-01 2.002634406089782715e-01 3.644551932811737061e-01 3.712920844554901123e-01 1.544695347547531128e-01 1.730946078896522522e-02
9.397500157356262207e-01 6.438333392143249512e-01 5.912500023841857910e-01 3.247500061988830566e-01 5.752500295639038086e-01 5.062375068664550781e-01 9.137985706329345703e-01 4.736454188823699951e-01 4.020285010337829590e-01 3.687521517276763916e-01 5.298498868942260742e-01 2.997854053974151611e-01
3.515525460243225098e-01 6.054250150918960571e-02 9.698121547698974609e-01 8.681169748306274414e-01 5.015513896942138672e-01 0.000000000000000000e+00 4.776484966278076172e-01 2.017246484756469727e-01 7.141658663749694824e-01 7.880749702453613281e-01 4.914672076702117920e-01 3.684499114751815796e-02
2.514836490154266357e-01 3.114984929561614990e-01 5.956209897994995117e-01 2.623240351676940918e-01 6.701276898384094238e-01 0.000000000000000000e+00 2.512840032577514648e-01 4.207254052162170410e-01 6.876193881034851074e-01 2.557032406330108643e-01 6.584700942039489746e-01 1.358085405081510544e-02
2.833422459661960602e-02 5.457605123519897461e-01 4.353554919362068176e-02 4.075207710266113281e-01 1.412358433008193970e-01 0.000000000000000000e+00 6.349723786115646362e-02 7.266406416893005371e-01 1.423646062612533569e-01 3.469440639019012451e-01 1.000406444072723389e-01 9.956032037734985352e-03
6.492499709129333496e-01 7.601666450500488281e-01 4.250000230967998505e-03 4.437499940395355225e-01 9.767500162124633789e-01 4.626775085926055908e-01 5.923618674278259277e-01 6.806351542472839355e-01 1.599287092685699463e-01 6.362400650978088379e-01 9.404974579811096191e-01 4.523018002510070801e-01
4.239968955516815186e-01 9.884111881256103516e-01 1.521186530590057373e-01 9.625147283077239990e-02 8.994153738021850586e-01 0.000000000000000000e+00 4.302973747253417969e-01 9.067042469978332520e-01 1.655371487140655518e-01 2.386555224657058716e-01 9.218502044677734375e-01 9.197290986776351929e-03
8.777499794960021973e-01 4.665000140666961670e-01 8.137500286102294922e-01 7.487499713897705078e-01 5.057500004768371582e-01 6.869124770164489746e-01 8.961387872695922852e-01 3.232204318046569824e-01 6.671370267868041992e-01 6.872805953025817871e-01 4.428641200065612793e-01 4.673146307468414307e-01
3.574580848217010498e-01 2.612715065479278564e-01 6.517462134361267090e-01 3.658190667629241943e-01 4.461279809474945068e-01 0.000000000000000000e+00 3.077681362628936768e-01 2.226402163505554199e-01 6.755031347274780273e-01 4.260884225368499756e-01 4.635296761989593506e-01 2.233709581196308136e-02
1.152499988675117493e-01 6.201666593551635742e-01 2.342499941587448120e-01 6.475000083446502686e-02 4.577499926090240479e-01 2.765575051307678223e-01 1.637022197246551514e-01 4.970691204071044922e-01 2.194032967090606689e-01 2.259247303009033203e-01 5.764773488044738770e-01 2.857092022895812988e-01
3.568829894065856934e-01 3.290836811065673828e-01 2.957240343093872070e-01 3.376887440681457520e-01 2.334938496351242065e-01 0.000000000000000000e+00 3.652916848659515381e-01 3.349713683128356934e-01 2.827275991439819336e-01 2.777010202407836914e-01 2.086852192878723145e-01 1.254021674394607544e-01
8.599262237548828125e-01 7.034013271331787109e-01 6.418837308883666992e-01 2.704005241394042969e-01 5.329570174217224121e-02 0.000000000000000000e+00 7.957531809806823730e-01 5.415012240409851074e-01 4.893519282341003418e-01 4.017150998115539551e-01 5.654793232679367065e-02 1.862131431698799133e-02
5.432500243186950684e-01 4.318333268165588379e-01 2.807500064373016357e-01 1.127500012516975403e-01 6.707500219345092773e-01 2.117124944925308228e-01 5.150440931320190430e-01 4.254507720470428467e-01 4.108425676822662354e-01 1.970062255859375000e-01 6.306949257850646973e-01 1.537891626358032227e-01
4.162499904632568359e-01 3.471666574478149414e-01 4.787499904632568359e-01 3.037500083446502686e-01 8.972499966621398926e-01 8.994249999523162842e-02 4.478834569454193115e-01 4.930653870105743408e-01 6.168631911277770996e-01 3.751046657562255859e-01 8.249208927154541016e-01 3.592224791646003723e-02
5.458362102508544922e-01 7.640216946601867676e-01 1.971745193004608154e-01 3.059287965297698975e-01 5.554005503654479980e-01 0.000000000000000000e+00 4.813486933708190918e-01 7.598385214805603027e-01 2.805258035659790039e-01 2.961664199829101562e-01 5.240163207054138184e-01 9.335494786500930786e-02
6.424999982118606567e-02 3.221666812896728516e-01 1.432500034570693970e-01 9.674999862909317017e-02 7.162500023841857910e-01 4.161475002765655518e-01 1.423553824424743652e-01 4.183420538902282715e-01 2.185582369565963745e-01 2.121178954839706421e-01 7.174400687217712402e-01 3.688443899154663086e-01
9.157500267028808594e-01 3.728333413600921631e-01 5.482500195503234863e-01 9.407500028610229492e-01 3.007499873638153076e-01 1.988424956798553467e-01 9.505894780158996582e-01 4.303821623325347900e-01 7.044634222984313965e-01 7.731650471687316895e-01 3.010557889938354492e-01 5.528003573417663574e-01
9.662500023841857910e-01 2.314999997615814209e-01 1.092500016093254089e-01 8.524999767541885376e-02 3.177500069141387939e-01 6.710724830627441406e-01 8.170888423919677734e-01 3.426654338836669922e-01 1.411325633525848389e-01 1.410504877567291260e-01 3.271786272525787354e-01 5.600107908248901367e-01
7.792597413063049316e-01 4.038828313350677490e-01 6.531025171279907227e-01 9.234669208526611328e-01 4.498131573200225830e-01 0.000000000000000000e+00 8.003360629081726074e-01 2.924777567386627197e-01 6.623867154121398926e-01 8.794889450073242188e-01 4.483650922775268555e-01 4.809650126844644547e-03
9.382500052452087402e-01 3.701666593551635742e-01 8.425000309944152832e-02 3.137499988079071045e-01 5.662500262260437012e-01 4.042674899101257324e-01 8.626034259796142578e-01 3.800940215587615967e-01 2.527549266815185547e-01 2.137632817029953003e-01 5.089169144630432129e-01 1.812469363212585449e-01
4.032500088214874268e-01 2.255000025033950806e-01 6.592500209808349609e-01 9.312499761581420898e-01 5.867499709129333496e-01 1.047924980521202087e-01 4.518838524818420410e-01 4.088149368762969971e-01 7.808687686920166016e-01 8.544260263442993164e-01 5.390199422836303711e-01 2.206612825393676758e-01
7.262499928474426270e-01 3.008333444595336914e-01 2.924999967217445374e-02 6.517500281333923340e-01 3.974999859929084778e-02 5.527675151824951172e-01 7.160735130310058594e-01 3.410753011703491211e-01 1.610923111438751221e-01 3.639582097530364990e-01 6.532166153192520142e-02 4.124349355697631836e-01
6.202499866485595703e-01 6.754999756813049316e-01 3.052499890327453613e-01 7.287499904632568359e-01 2.812500000000000000e-01 8.958024978637695312e-01 5.972625613212585449e-01 6.201869845390319824e-01 3.605010807514190674e-01 4.429253637790679932e-01 2.934806048870086670e-01 5.614109635353088379e-01
9.952499866485595703e-01 6.638333201408386230e-01 9.117500185966491699e-01 1.942500025033950806e-01 2.500000118743628263e-04 1.924075037240982056e-01 9.103094339370727539e-01 5.097254514694213867e-01 6.125825047492980957e-01 3.165560960769653320e-01 5.317609384655952454e-02 2.066259831190109253e-01
7.426000200212001801e-03 4.802386760711669922e-01 5.515422224998474121e-01 9.036992788314819336e-01 1.790134459733963013e-01 0.000000000000000000e+00 1.021481398493051529e-02 6.492848396301269531e-01 9.403917193412780762e-01 9.168046116828918457e-01 1.708580702543258667e-01 2.224230952560901642e-02
4.032500088214874268e-01 2.255000025033950806e-01 6.592500209808349609e-01 9.312499761581420898e-01 5.867499709129333496e-01 1.047924980521202087e-01 4.518838524818420410e-01 4.088149368762969971e-01 7.808687686920166016e-01 8.544260263442993164e-01 5.390199422836303711e-01 2.206612825393676758e-01
2.522499859333038330e-01 2.831666767597198486e-01 6.997500061988830566e-01 4.477500021457672119e-01 3.902499973773956299e-01 6.982975006103515625e-01 2.372267395257949829e-01 4.371015429496765137e-01 6.782976984977722168e-01 6.062219738960266113e-01 3.888932168483734131e-01 6.809014678001403809e-01
7.137500047683715820e-01 4.058333337306976318e-01 9.047499895095825195e-01 5.977500081062316895e-01 2.067500054836273193e-01 6.522625088691711426e-01 7.671309113502502441e-01 3.056390583515167236e-01 7.433374524116516113e-01 4.682443141937255859e-01 2.169226706027984619e-01 4.175301492214202881e-01
7.329043149948120117e-01 2.210330069065093994e-01 3.345025479793548584e-01 2.572418153285980225e-01 8.532378673553466797e-01 0.000000000000000000e+00 7.997466325759887695e-01 3.367861807346343994e-01 4.041804969310760498e-01 2.509249150753021240e-01 8.767477869987487793e-01 1.033628508448600769e-01
3.051744699478149414e-01 3.425598442554473877e-01 8.810350894927978516e-01 2.973378598690032959e-01 7.524267435073852539e-01 0.000000000000000000e+00 3.619878590106964111e-01 1.440833210945129395e-01 6.060634851455688477e-01 3.205087184906005859e-01 7.643768787384033203e-01 1.628544181585311890e-03
1.307048946619033813e-01 4.378983378410339355e-02 3.353744745254516602e-01 3.004209697246551514e-01 1.680236458778381348e-01 0.000000000000000000e+00 1.452471464872360229e-01 1.564889848232269287e-01 4.223496913909912109e-01 1.516856104135513306e-01 1.899584531784057617e-01 3.440500050783157349e-02
7.422500252723693848e-01 3.138333261013031006e-01 2.622500061988830566e-01 7.897499799728393555e-01 4.324999824166297913e-02 7.606675028800964355e-01 6.383431553840637207e-01 4.310380518436431885e-01 3.745347559452056885e-01 6.455770730972290039e-01 7.123489677906036377e-02 4.832929074764251709e-01
7.134825587272644043e-01 9.487211704254150391e-01 8.274381160736083984e-01 9.275305867195129395e-01 9.057633280754089355e-01 0.000000000000000000e+00 7.327308654785156250e-01 8.201486468315124512e-01 6.655648946762084961e-01 8.520753979682922363e-01 9.084050059318542480e-01 5.885904189199209213e-03
9.022499918937683105e-01 2.164999991655349731e-01 8.612499833106994629e-01 5.582500100135803223e-01 6.122499704360961914e-01 6.586974859237670898e-01 8.519325852394104004e-01 2.641496360301971436e-01 8.728175163269042969e-01 5.409011840820312500e-01 5.712563395500183105e-01 5.729963183403015137e-01
7.816499471664428711e-01 9.347695112228393555e-01 5.535123348236083984e-01 3.924796581268310547e-01 5.394105911254882812e-01 0.000000000000000000e+00 7.736257910728454590e-01 7.947958707809448242e-01 3.703858256340026855e-01 5.420037508010864258e-01 5.368375778198242188e-01 7.642883062362670898e-02
6.279945373535156250e-01 1.521668285131454468e-01 6.928932666778564453e-02 2.459076195955276489e-01 1.891373693943023682e-01 0.000000000000000000e+00 6.215953230857849121e-01 4.324573874473571777e-01 1.449660807847976685e-01 2.297249287366867065e-01 1.778386235237121582e-01 1.267499476671218872e-01
8.519489169120788574e-01 3.499638438224792480e-01 6.663330793380737305e-01 4.969190061092376709e-02 4.099974874407052994e-03 0.000000000000000000e+00 6.557092666625976562e-01 2.505760788917541504e-01 3.401222229003906250e-01 5.331503152847290039e-01 4.528018832206726074e-02 2.051508054137229919e-02
7.432500123977661133e-01 3.411666750907897949e-01 5.337499976158142090e-01 6.142500042915344238e-01 6.477500200271606445e-01 9.002575278282165527e-01 7.458530664443969727e-01 3.464989662170410156e-01 6.018899083137512207e-01 5.057975053787231445e-01 6.432291269302368164e-01 7.198408842086791992e-01
6.098022684454917908e-02 9.168800115585327148e-01 4.914691746234893799e-01 9.259174577891826630e-03 1.979908198118209839e-01 0.000000000000000000e+00 3.343125432729721069e-02 7.797076702117919922e-01 2.941635251045227051e-01 1.473172903060913086e-01 1.577178090810775757e-01 4.213428590446710587e-03
3.210775852203369141e-01 3.484050035476684570e-01 7.128057479858398438e-01 4.549012780189514160e-01 6.039049029350280762e-01 0.000000000000000000e+00 3.595524132251739502e-01 4.387630522251129150e-01 6.632334589958190918e-01 4.578897655010223389e-01 5.916851758956909180e-01 4.535739123821258545e-02
9.317849874496459961e-01 1.362946629524230957e-01 2.200233936309814453e-01 8.826972842216491699e-01 5.393868088722229004e-01 0.000000000000000000e+00 9.275476932525634766e-01 5.603884458541870117e-01 4.522401988506317139e-01 8.104900717735290527e-01 5.391743183135986328e-01 6.054540723562240601e-02
5.770772695541381836e-01 6.120985150337219238e-01 3.719967901706695557e-01 5.156595706939697266e-01 6.040902733802795410e-01 0.000000000000000000e+00 5.625154376029968262e-01 7.060522437095642090e-01 4.953352808952331543e-01 4.329977929592132568e-01 6.218529939651489258e-01 1.041147932410240173e-01
1.903632469475269318e-02 4.100050032138824463e-02 8.423708081245422363e-01 9.855964183807373047e-01 8.581240773200988770e-01 0.000000000000000000e+00 1.155036687850952148e-01 1.650455594062805176e-01 6.511983275413513184e-01 8.197396993637084961e-01 8.832430839538574219e-01 7.435784209519624710e-03
8.624999970197677612e-02 7.328333258628845215e-01 8.352500200271606445e-01 5.232499837875366211e-01 8.042500019073486328e-01 1.424124985933303833e-01 1.227267235517501831e-01 6.941817998886108398e-01 7.803574800491333008e-01 5.918801426887512207e-01 8.522741198539733887e-01 1.283442229032516479e-01
4.069671630859375000e-01 3.728818297386169434e-01 2.124873548746109009e-01 5.101711750030517578e-01 7.338061928749084473e-01 0.000000000000000000e+00 4.130541682243347168e-01 5.252402424812316895e-01 5.596372485160827637e-01 3.599516451358795166e-01 7.189127206802368164e-01 7.080667465925216675e-02
5.315376520156860352e-01 9.059306383132934570e-01 4.377358555793762207e-01 9.364774823188781738e-01 6.950007677078247070e-01 0.000000000000000000e+00 6.004679799079895020e-01 7.630836963653564453e-01 4.168829023838043213e-01 7.421124577522277832e-01 6.857093572616577148e-01 5.464804172515869141e-02
3.843043148517608643e-01 5.229301452636718750e-01 6.405401229858398438e-01 4.118920564651489258e-01 2.122710794210433960e-01 0.000000000000000000e+00 3.042742013931274414e-01 4.035983979701995850e-01 3.918246626853942871e-01 7.433083653450012207e-01 1.805540621280670166e-01 1.069614589214324951e-01
5.738212466239929199e-01 7.953559756278991699e-01 1.817892789840698242e-01 9.394829720258712769e-02 8.149996995925903320e-01 0.000000000000000000e+00 5.734590291976928711e-01 8.354151248931884766e-01 3.199681937694549561e-01 1.343263536691665649e-01 8.423631191253662109e-01 3.065242990851402283e-02
7.163284420967102051e-01 4.536961615085601807e-01 4.289075434207916260e-01 3.810743987560272217e-01 2.351298928260803223e-01 0.000000000000000000e+00 6.334410309791564941e-01 3.075651526451110840e-01 4.271711707115173340e-01 5.063412785530090332e-01 2.200908809900283813e-01 7.076210808008909225e-03
4.392499923706054688e-01 7.818333506584167480e-01 6.822500228881835938e-01 7.642499804496765137e-01 5.087500214576721191e-01 1.226124987006187439e-01 4.661338329315185547e-01 6.509457826614379883e-01 6.223886609077453613e-01 7.113295793533325195e-01 5.058946013450622559e-01 1.578624546527862549e-01
7.959978580474853516e-01 1.320103406906127930e-01 9.800205826759338379e-01 5.427849944680929184e-03 8.509954810142517090e-01 0.000000000000000000e+00 8.267626762390136719e-01 1.671346575021743774e-01 6.100532412528991699e-01 3.040168583393096924e-01 8.486672639846801758e-01 2.204349497333168983e-03
6.651826500892639160e-01 4.746670126914978027e-01 7.483127713203430176e-01 7.818527817726135254e-01 3.594905436038970947e-01 0.000000000000000000e+00 6.901794075965881348e-01 5.380967259407043457e-01 6.321176290512084961e-01 7.644394040107727051e-01 3.888946175575256348e-01 4.998724907636642456e-02
7.681461572647094727e-01 1.314291656017303467e-01 3.493927717208862305e-01 3.879016339778900146e-01 3.301515877246856689e-01 0.000000000000000000e+00 5.852207541465759277e-01 1.830227971076965332e-01 4.048900604248046875e-01 6.466339826583862305e-01 3.568265438079833984e-01 1.221386063843965530e-02
4.984166026115417480e-01 8.857236504554748535e-01 9.097235202789306641e-01 4.508801996707916260e-01 6.318984031677246094e-01 0.000000000000000000e+00 5.057117938995361328e-01 7.185322046279907227e-01 5.964539051055908203e-01 6.282356977462768555e-01 6.031635999679565430e-01 1.294100135564804077e-01
9.579225778579711914e-01 5.622213482856750488e-01 6.188955157995223999e-02 6.285912394523620605e-01 9.126558303833007812e-01 0.000000000000000000e+00 8.818631768226623535e-01 4.367623627185821533e-01 3.882775008678436279e-01 4.393023252487182617e-01 8.903377056121826172e-01 1.817742548882961273e-02
1.041199266910552979e-01 6.982721686363220215e-01 8.187870979309082031e-01 6.986708045005798340e-01 5.592954158782958984e-01 0.000000000000000000e+00 7.416944205760955811e-02 6.780945658683776855e-01 7.840250730514526367e-01 7.502933144569396973e-01 5.202221870422363281e-01 2.598718404769897461e-01
9.905610680580139160e-01 2.550146579742431641e-01 5.094292163848876953e-01 1.966456323862075806e-01 4.522692561149597168e-01 0.000000000000000000e+00 8.299291729927062988e-01 2.649497389793395996e-01 6.145207285881042480e-01 4.090165793895721436e-01 4.436577558517456055e-01 1.679988801479339600e-01
2.131862044334411621e-01 8.855167031288146973e-02 5.097036361694335938e-01 8.849605321884155273e-01 5.432685613632202148e-01 0.000000000000000000e+00 2.269731014966964722e-01 1.526351869106292725e-01 6.412041187286376953e-01 8.062803149223327637e-01 5.509523749351501465e-01 1.679522730410099030e-02
1.774937808513641357e-01 1.092473343014717102e-01 7.376961112022399902e-01 9.845770597457885742e-01 3.229318559169769287e-01 0.000000000000000000e+00 2.063552886247634888e-01 2.080947309732437134e-01 7.278997898101806641e-01 8.570613265037536621e-01 3.504866659641265869e-01 1.052713859826326370e-02
9.192500114440917969e-01 4.514999985694885254e-01 6.262500286102294922e-01 7.275000214576721191e-02 7.157499790191650391e-01 9.665874838829040527e-01 8.748469948768615723e-01 4.438255429267883301e-01 4.978877604007720947e-01 2.114508301019668579e-01 6.698613166809082031e-01 6.901079416275024414e-01
1.683046966791152954e-01 6.346861720085144043e-01 2.734663188457489014e-01 7.197309136390686035e-01 1.805082708597183228e-01 0.000000000000000000e+00 1.683005541563034058e-01 7.817626595497131348e-01 4.699450731277465820e-01 6.342101693153381348e-01 1.299726068973541260e-01 1.522027142345905304e-02
4.886333048343658447e-01 7.894784808158874512e-01 8.646195530891418457e-01 8.921158313751220703e-01 5.736767053604125977e-01 0.000000000000000000e+00 4.795064032077789307e-01 8.441237211227416992e-01 7.788823246955871582e-01 9.188354015350341797e-01 5.180403590202331543e-01 1.283985283225774765e-02
2.075129449367523193e-01 4.705854952335357666e-01 9.845800995826721191e-01 8.438133001327514648e-01 3.860053420066833496e-01 0.000000000000000000e+00 1.982864886522293091e-01 4.171556830406188965e-01 7.575683593750000000e-01 9.140254855155944824e-01 4.056789278984069824e-01 2.448605932295322418e-02
7.217185497283935547e-01 2.363303303718566895e-01 6.975585222244262695e-01 7.847717404365539551e-01 7.657893896102905273e-01 0.000000000000000000e+00 7.177698016166687012e-01 2.277226448059082031e-01 7.491148114204406738e-01 7.923595905303955078e-01 7.637166976928710938e-01 5.379735492169857025e-03
6.492499709129333496e-01 7.601666450500488281e-01 4.250000230967998505e-03 4.437499940395355225e-01 9.767500162124633789e-01 4.626775085926055908e-01 5.923618674278259277e-01 6.806351542472839355e-01 1.599287092685699463e-01 6.362400650978088379e-01 9.404974579811096191e-01 4.523018002510070801e-01
8.725000172853469849e-02 5.738333463668823242e-01 8.117499947547912598e-01 8.967499732971191406e-01 4.697499871253967285e-01 8.616474866867065430e-01 8.620607852935791016e-02 5.789433121681213379e-01 7.843921184539794922e-01 8.530029058456420898e-01 4.654124975204467773e-01 8.681772351264953613e-01
8.892499804496765137e-01 1.675000041723251343e-01 8.642500042915344238e-01 4.102500081062316895e-01 7.222499847412109375e-01 8.576874732971191406e-01 8.012595176696777344e-01 2.293106615543365479e-01 8.443140387535095215e-01 5.518448352813720703e-01 6.749646663665771484e-01 6.761112809181213379e-01
5.967500209808349609e-01 5.328333377838134766e-01 5.092499852180480957e-01 5.947499871253967285e-01 3.992500007152557373e-01 3.740724921226501465e-01 6.835073828697204590e-01 4.669469594955444336e-01 4.241038560867309570e-01 4.404866397380828857e-01 4.126449525356292725e-01 2.495208680629730225e-01
2.661647200584411621e-01 1.355186700820922852e-01 5.600529909133911133e-01 3.721397817134857178e-01 7.575895786285400391e-01 0.000000000000000000e+00 2.923907339572906494e-01 1.815975606441497803e-01 6.687341332435607910e-01 2.904655933380126953e-01 7.283104658126831055e-01 9.891593363136053085e-04
6.408203244209289551e-01 4.578481614589691162e-01 4.209500551223754883e-01 6.129346489906311035e-01 8.653086423873901367e-01 0.000000000000000000e+00 5.506659746170043945e-01 6.487101316452026367e-01 6.439676880836486816e-01 7.246655821800231934e-01 8.946010470390319824e-01 2.533056400716304779e-02
9.207202196121215820e-01 8.522368073463439941e-01 9.212512373924255371e-01 6.566289812326431274e-02 3.135237470269203186e-02 0.000000000000000000e+00 8.446669578552246094e-01 5.204158425331115723e-01 3.977381587028503418e-01 3.823185265064239502e-01 4.247618466615676880e-02 5.780983250588178635e-03
5.205155611038208008e-01 5.988386869430541992e-01 3.241222500801086426e-01 2.790701985359191895e-01 8.631881475448608398e-01 0.000000000000000000e+00 6.577630043029785156e-01 5.837288498878479004e-01 4.422020316123962402e-01 9.620952606201171875e-02 9.039021730422973633e-01 7.886439561843872070e-02
9.972500205039978027e-01 4.148333370685577393e-01 4.582499861717224121e-01 3.007499873638153076e-01 2.467499971389770508e-01 2.361249923706054688e-02 9.230262041091918945e-01 4.140741825103759766e-01 4.975402951240539551e-01 2.777792811393737793e-01 2.162966728210449219e-01 1.439760029315948486e-01
7.575615048408508301e-01 9.941701889038085938e-01 9.714095592498779297e-01 5.037358999252319336e-01 1.800949275493621826e-01 0.000000000000000000e+00 7.893330454826354980e-01 8.051431775093078613e-01 4.570404291152954102e-01 7.000474333763122559e-01 1.221244335174560547e-01 6.875497056171298027e-04
2.707584947347640991e-02 4.559223353862762451e-01 3.388696014881134033e-01 2.136831283569335938e-01 2.339242696762084961e-01 0.000000000000000000e+00 3.738114982843399048e-02 5.254659652709960938e-01 4.885932803153991699e-01 2.040454745292663574e-01 2.026712447404861450e-01 1.026339456439018250e-02
7.404195070266723633e-01 4.214388430118560791e-01 6.029757857322692871e-01 7.553784251213073730e-01 7.928851842880249023e-01 0.000000000000000000e+00 7.514096498489379883e-01 4.955302774906158447e-01 7.093448638916015625e-01 7.815402150154113770e-01 8.375840783119201660e-01 1.053612604737281799e-01
4.490514397621154785e-01 3.519166726619005203e-03 9.322242736816406250e-01 4.156785905361175537e-01 3.209452331066131592e-01 0.000000000000000000e+00 5.672468543052673340e-01 2.069795727729797363e-01 6.281850337982177734e-01 4.716843068599700928e-01 3.402510583400726318e-01 3.281050547957420349e-02
5.259301662445068359e-01 7.937790155410766602e-01 4.315250087529420853e-03 5.767177343368530273e-01 6.950347870588302612e-02 0.000000000000000000e+00 5.280808210372924805e-01 8.493516445159912109e-01 8.268750458955764771e-02 3.241046369075775146e-01 5.202387645840644836e-02 3.373494371771812439e-03
9.761248826980590820e-01 2.691128253936767578e-01 2.999234199523925781e-01 8.032750487327575684e-01 3.026795685291290283e-01 0.000000000000000000e+00 8.097626566886901855e-01 2.956782877445220947e-01 6.809214949607849121e-01 7.489762902259826660e-01 3.058314621448516846e-01 6.131035089492797852e-02
5.119773149490356445e-01 5.213031768798828125e-01 2.141744941473007202e-01 2.141529321670532227e-01 3.755590319633483887e-01 0.000000000000000000e+00 5.146489739418029785e-01 6.728150248527526855e-01 2.885188162326812744e-01 2.457141429185867310e-01 3.742824196815490723e-01 3.231006264686584473e-01
1.724999956786632538e-02 2.105000019073486328e-01 3.075000084936618805e-02 3.967500030994415283e-01 8.824999630451202393e-02 2.468574941158294678e-01 5.571678653359413147e-02 2.531713247299194336e-01 1.045836433768272400e-01 3.774447441101074219e-01 2.572887763381004333e-02 1.789194792509078979e-01
1.117499992251396179e-01 3.808333277702331543e-01 1.052500009536743164e-01 5.272499918937683105e-01 7.074999809265136719e-02 1.810224950313568115e-01 1.432929486036300659e-01 3.196534216403961182e-01 1.383225917816162109e-01 4.801281094551086426e-01 6.564058363437652588e-02 6.500390917062759399e-02
6.025974750518798828e-01 2.361356616020202637e-01 9.938470274209976196e-02 5.698785185813903809e-02 8.001449704170227051e-02 0.000000000000000000e+00 5.233948826789855957e-01 2.299923598766326904e-01 1.594429612159729004e-01 1.793025732040405273e-01 6.731145828962326050e-02 1.138158664107322693e-01
5.423613786697387695e-01 7.707801461219787598e-01 1.250826716423034668e-01 7.106748223304748535e-01 8.059598207473754883e-01 0.000000000000000000e+00 5.531716346740722656e-01 9.229894280433654785e-01 2.554829418659210205e-01 6.602188944816589355e-01 8.218762278556823730e-01 2.904291264712810516e-03
3.567500114440917969e-01 3.388333320617675781e-01 5.867499709129333496e-01 6.472499966621398926e-01 5.577499866485595703e-01 3.404124975204467773e-01 3.967334628105163574e-01 2.869260609149932861e-01 5.454219579696655273e-01 6.734670996665954590e-01 5.377219915390014648e-01 2.893168330192565918e-01
9.250000119209289551e-03 6.671666502952575684e-01 8.472499847412109375e-01 4.362500011920928955e-01 1.627500057220458984e-01 2.226025015115737915e-01 3.831953927874565125e-02 6.460757851600646973e-01 7.364414334297180176e-01 5.001575350761413574e-01 2.519518136978149414e-01 5.081805586814880371e-02
7.262499928474426270e-01 3.008333444595336914e-01 2.924999967217445374e-02 6.517500281333923340e-01 3.974999859929084778e-02 5.527675151824951172e-01 7.160735130310058594e-01 3.410753011703491211e-01 1.610923111438751221e-01 3.639582097530364990e-01 6.532166153192520142e-02 4.124349355697631836e-01
7.232499718666076660e-01 4.351666569709777832e-01 1.682499945163726807e-01 6.122499704360961914e-01 1.682499945163726807e-01 6.502825021743774414e-01 7.630702257156372070e-01 4.052183330059051514e-01 1.605167835950851440e-01 3.221570551395416260e-01 1.566022187471389771e-01 2.833549976348876953e-01
4.816032648086547852e-01 4.030726552009582520e-01 5.397474765777587891e-01 9.838248491287231445e-01 1.884667575359344482e-02 0.000000000000000000e+00 5.105842351913452148e-01 3.219602406024932861e-01 6.117918491363525391e-01 8.149572610855102539e-01 4.243076965212821960e-02 8.829305297695100307e-04
3.097499907016754150e-01 5.391666889190673828e-01 8.897500038146972656e-01 1.025000028312206268e-02 7.647500038146972656e-01 5.785074830055236816e-01 3.093030452728271484e-01 4.504318237304687500e-01 6.781684160232543945e-01 2.160684764385223389e-01 7.781286239624023438e-01 5.019829869270324707e-01
5.930473208427429199e-01 3.952783346176147461e-02 2.784900963306427002e-01 4.262390136718750000e-01 4.705974832177162170e-02 0.000000000000000000e+00 6.114257574081420898e-01 1.987455189228057861e-01 3.482914865016937256e-01 4.129392504692077637e-01 5.350753292441368103e-02 3.332139179110527039e-02
3.242500126361846924e-01 4.478333294391632080e-01 5.707499980926513672e-01 1.307500004768371582e-01 1.082499995827674866e-01 5.809825062751770020e-01 3.122443556785583496e-01 3.138192296028137207e-01 4.463215768337249756e-01 1.407060325145721436e-01 1.088592112064361572e-01 3.376684188842773438e-01
6.862499713897705078e-01 1.848333328962326050e-01 1.072499975562095642e-01 1.247500032186508179e-01 1.492500007152557373e-01 7.700725197792053223e-01 6.121943593025207520e-01 2.497246861457824707e-01 1.933696419000625610e-01 1.170732676982879639e-01 1.255597621202468872e-01 6.708089709281921387e-01
2.542499899864196777e-01 5.245000123977661133e-01 5.952500104904174805e-01 8.477500081062316895e-01 5.725000053644180298e-02 4.290175139904022217e-01 2.830195724964141846e-01 5.130671858787536621e-01 5.969133973121643066e-01 7.668886184692382812e-01 9.470922499895095825e-02 1.410722434520721436e-01
8.829076290130615234e-01 5.042549967765808105e-02 7.345488667488098145e-01 9.351281523704528809e-01 4.538421332836151123e-01 0.000000000000000000e+00 8.896665573120117188e-01 2.201545089483261108e-01 8.733358383178710938e-01 9.184994697570800781e-01 4.207344949245452881e-01 6.015847902745008469e-04
4.962500035762786865e-01 5.658333301544189453e-01 8.657500147819519043e-01 8.772500157356262207e-01 2.282499969005584717e-01 8.131374716758728027e-01 4.786822795867919922e-01 5.141146183013916016e-01 7.092683911323547363e-01 8.354035615921020508e-01 2.562852203845977783e-01 6.111641526222229004e-01
6.422500014305114746e-01 5.651666522026062012e-01 7.967500090599060059e-01 4.024999961256980896e-02 5.324999988079071045e-02 3.255625069141387939e-01 6.733449101448059082e-01 3.079223334789276123e-01 4.538404047489166260e-01 1.586231738328933716e-01 8.987368643283843994e-02 5.368566513061523438e-01
8.377500176429748535e-01 7.304999828338623047e-01 8.007500171661376953e-01 3.725000098347663879e-02 3.237499892711639404e-01 1.438975036144256592e-01 8.658362030982971191e-01 4.317946135997772217e-01 4.361982643604278564e-01 1.675456613302230835e-01 3.662143349647521973e-01 2.195037901401519775e-01
6.714465618133544922e-01 5.770183354616165161e-02 4.194989502429962158e-01 4.881713986396789551e-01 2.173431068658828735e-01 0.000000000000000000e+00 5.444461703300476074e-01 3.423969745635986328e-01 6.794167757034301758e-01 6.571617722511291504e-01 2.200098037719726562e-01 2.917492985725402832e-01
3.525305390357971191e-01 3.241254985332489014e-01 3.507688343524932861e-01 6.789143681526184082e-01 4.833313524723052979e-01 0.000000000000000000e+00 3.200612068176269531e-01 3.978265225887298584e-01 6.410285830497741699e-01 6.049351692199707031e-01 4.882870316505432129e-01 6.615272909402847290e-02
6.605734229087829590e-01 6.052333395928144455e-03 1.740067303180694580e-01 9.745476841926574707e-01 9.852023124694824219e-01 0.000000000000000000e+00 8.730301260948181152e-01 2.208809554576873779e-01 3.911298513412475586e-01 6.207879781723022461e-01 9.274480342864990234e-01 6.244655232876539230e-04
3.293235301971435547e-01 2.145478278398513794e-01 3.284145593643188477e-01 1.038290783762931824e-01 6.835829615592956543e-01 0.000000000000000000e+00 3.607023060321807861e-01 3.019146621227264404e-01 3.805977106094360352e-01 1.772598326206207275e-01 6.993481516838073730e-01 1.094085499644279480e-01
1.303765028715133667e-01 6.308588385581970215e-01 2.236914038658142090e-01 8.677648305892944336e-01 8.659299015998840332e-01 0.000000000000000000e+00 1.424110084772109985e-01 7.531129121780395508e-01 3.939729034900665283e-01 8.284513950347900391e-01 8.042301535606384277e-01 2.527826465666294098e-02
1.134809032082557678e-01 4.762518405914306641e-01 4.077511429786682129e-01 1.570141315460205078e-01 8.841930031776428223e-01 0.000000000000000000e+00 1.684850305318832397e-01 4.637428820133209229e-01 6.321511864662170410e-01 1.991255134344100952e-01 9.127631187438964844e-01 5.850450322031974792e-02
4.820331633090972900e-01 8.122533559799194336e-02 4.849237576127052307e-02 8.929528594017028809e-01 5.484721660614013672e-01 0.000000000000000000e+00 5.399309396743774414e-01 2.467132806777954102e-01 3.411566317081451416e-01 6.968258619308471680e-01 5.459436178207397461e-01 7.898675650358200073e-02
1.317500025033950806e-01 3.211666643619537354e-01 9.142500162124633789e-01 2.262499928474426270e-01 9.742500185966491699e-01 8.720424771308898926e-01 1.426819264888763428e-01 3.186581432819366455e-01 7.459711432456970215e-01 2.412195652723312378e-01 9.166346788406372070e-01 7.918803095817565918e-01
6.557499766349792480e-01 3.031666576862335205e-01 8.272500038146972656e-01 2.447499930858612061e-01 3.577499985694885254e-01 2.379474937915802002e-01 6.213211417198181152e-01 3.440916240215301514e-01 7.344940304756164551e-01 3.066404759883880615e-01 3.637869358062744141e-01 2.105443626642227173e-01
1.612499952316284180e-01 5.575000047683715820e-01 7.357500195503234863e-01 9.762499928474426270e-01 4.097500145435333252e-01 1.617175042629241943e-01 1.746458262205123901e-01 6.006100177764892578e-01 7.842333316802978516e-01 9.265176057815551758e-01 4.164935350418090820e-01 1.159492582082748413e-01
7.812500000000000000e-01 1.751666665077209473e-01 3.517499864101409912e-01 4.552499949932098389e-01 5.249999929219484329e-03 9.754974842071533203e-01 7.039071321487426758e-01 2.359801679849624634e-01 3.385269343852996826e-01 2.800542116165161133e-01 4.279363155364990234e-02 7.499428987503051758e-01
1.724999956786632538e-02 2.105000019073486328e-01 3.075000084936618805e-02 3.967500030994415283e-01 8.824999630451202393e-02 2.468574941158294678e-01 5.571678653359413147e-02 2.531713247299194336e-01 1.045836433768272400e-01 3.774447441101074219e-01 2.572887763381004333e-02 1.789194792509078979e-01
6.527527421712875366e-02 4.734271764755249023e-01 4.939569234848022461e-01 4.091233015060424805e-01 5.722143054008483887e-01 0.000000000000000000e+00 8.445864170789718628e-02 5.970585346221923828e-01 6.622915863990783691e-01 4.280515313148498535e-01 5.497065186500549316e-01 3.524256870150566101e-02
4.738459587097167969e-01 7.356506586074829102e-01 5.849090814590454102e-01 1.890552416443824768e-02 1.439890265464782715e-01 0.000000000000000000e+00 4.378474056720733643e-01 5.058621168136596680e-01 2.401375472545623779e-01 2.061020880937576294e-01 1.144666746258735657e-01 1.249356567859649658e-01
6.307500004768371582e-01 5.088333487510681152e-01 6.697499752044677734e-01 6.702499985694885254e-01 6.762499809265136719e-01 4.235725104808807373e-01 6.400715112686157227e-01 5.054752230644226074e-01 5.654841065406799316e-01 7.067055702209472656e-01 6.338312625885009766e-01 1.631228476762771606e-01
8.281154632568359375e-01 6.533380150794982910e-01 4.902095198631286621e-01 2.763429880142211914e-01 7.002606391906738281e-01 0.000000000000000000e+00 8.516161441802978516e-01 5.385339260101318359e-01 2.685419917106628418e-01 4.009090363979339600e-01 7.178215384483337402e-01 7.811354100704193115e-02
9.197499752044677734e-01 7.251666784286499023e-01 5.852500200271606445e-01 9.272500276565551758e-01 1.032499969005584717e-01 7.730425000190734863e-01 9.201466441154479980e-01 5.656365156173706055e-01 6.317030191421508789e-01 5.215595364570617676e-01 1.099070385098457336e-01 3.250033855438232422e-01
9.947500228881835938e-01 4.358333349227905273e-01 7.782499790191650391e-01 2.212499976158142090e-01 7.252500057220458984e-01 2.983374893665313721e-01 9.170574545860290527e-01 3.820517659187316895e-01 7.069363594055175781e-01 3.048827946186065674e-01 6.951642036437988281e-01 3.712680041790008545e-01
9.869201779365539551e-01 9.056841731071472168e-01 5.983942151069641113e-01 5.878008604049682617e-01 5.379130840301513672e-01 0.000000000000000000e+00 8.893012404441833496e-01 8.623970746994018555e-01 4.861750304698944092e-01 7.814239263534545898e-01 5.479586720466613770e-01 2.925934502854943275e-03
7.222499847412109375e-01 1.968333274126052856e-01 7.652500271797180176e-01 6.532499790191650391e-01 3.502500057220458984e-01 9.601525068283081055e-01 7.764627933502197266e-01 2.779677510261535645e-01 7.166760563850402832e-01 5.327215194702148438e-01 3.441860377788543701e-01 5.505187511444091797e-01
9.497135132551193237e-02 7.561343312263488770e-01 8.842149376869201660e-01 5.595558881759643555e-01 9.802045822143554688e-01 0.000000000000000000e+00 8.945194631814956665e-02 6.981257796287536621e-01 7.656369805335998535e-01 5.530374646186828613e-01 9.375036954879760742e-01 5.461619049310684204e-02
1.143483966588973999e-01 7.616121768951416016e-01 2.443037927150726318e-01 5.447492003440856934e-01 5.162500739097595215e-01 0.000000000000000000e+00 1.070241853594779968e-01 7.543736696243286133e-01 2.498250007629394531e-01 5.315712094306945801e-01 4.494983255863189697e-01 1.006901822984218597e-02
3.041047751903533936e-01 3.101730048656463623e-01 5.563207268714904785e-01 1.431182492524385452e-02 8.580879569053649902e-01 0.000000000000000000e+00 3.301241993904113770e-01 3.798861503601074219e-01 5.715115070343017578e-01 1.698927730321884155e-01 8.553743958473205566e-01 5.701076611876487732e-02
8.189046978950500488e-01 1.570623368024826050e-01 5.896124243736267090e-01 7.050543427467346191e-01 8.886267542839050293e-01 0.000000000000000000e+00 9.054300189018249512e-01 3.368198871612548828e-01 5.886471271514892578e-01 6.846660375595092773e-01 8.809710144996643066e-01 2.266198024153709412e-02
9.947500228881835938e-01 4.358333349227905273e-01 7.782499790191650391e-01 2.212499976158142090e-01 7.252500057220458984e-01 2.983374893665313721e-01 9.170574545860290527e-01 3.820517659187316895e-01 7.069363594055175781e-01 3.048827946186065674e-01 6.951642036437988281e-01 3.712680041790008545e-01
5.652499794960021973e-01 6.051666736602783203e-01 2.692500054836273193e-01 4.037500023841857910e-01 1.512500047683715820e-01 5.280175209045410156e-01 5.213316082954406738e-01 5.781031250953674316e-01 2.675790786743164062e-01 3.419511020183563232e-01 1.688328683376312256e-01 3.288624286651611328e-01
7.537500262260437012e-01 7.048333287239074707e-01 1.892500072717666626e-01 9.274999797344207764e-02 6.372500061988830566e-01 8.240274786949157715e-01 6.869025826454162598e-01 6.794594526290893555e-01 1.081644371151924133e-01 2.535710334777832031e-01 6.526288390159606934e-01 7.485774159431457520e-01
8.942499756813049316e-01 6.038333177566528320e-01 5.497499704360961914e-01 4.132499992847442627e-01 4.922499954700469971e-01 4.413925111293792725e-01 9.024861454963684082e-01 4.608713090419769287e-01 5.168102979660034180e-01 2.959881126880645752e-01 4.564505517482757568e-01 2.508722543716430664e-01
6.340667605400085449e-02 8.114551901817321777e-01 6.024391055107116699e-01 2.381902784109115601e-01 3.808754682540893555e-01 0.000000000000000000e+00 3.821016475558280945e-02 7.800237536430358887e-01 5.968306064605712891e-01 4.042474329471588135e-01 3.739546835422515869e-01 1.177244819700717926e-03
5.857499837875366211e-01 5.264999866485595703e-01 9.624999761581420898e-02 1.667499989271163940e-01 6.437500119209289551e-01 8.067024946212768555e-01 5.806062221527099609e-01 4.863471984863281250e-01 1.669007688760757446e-01 1.629923433065414429e-01 6.283063292503356934e-01 7.765671014785766602e-01
8.697500228881835938e-01 5.304999947547912598e-01 9.707499742507934570e-01 6.927499771118164062e-01 5.352500081062316895e-01 6.816250085830688477e-02 8.970128893852233887e-01 3.613343238830566406e-01 7.490875720977783203e-01 7.406504154205322266e-01 5.055606365203857422e-01 2.597902417182922363e-01
3.575655221939086914e-01 7.138613462448120117e-01 3.589002192020416260e-01 6.240202486515045166e-02 7.189629673957824707e-01 0.000000000000000000e+00 3.800386488437652588e-01 7.479851245880126953e-01 4.165482521057128906e-01 2.058555483818054199e-01 7.533847689628601074e-01 1.197803299874067307e-02
1.197500005364418030e-01 7.655000090599060059e-01 3.937500119209289551e-01 4.627499878406524658e-01 2.425000071525573730e-02 7.378975152969360352e-01 9.964413195848464966e-02 5.916739106178283691e-01 2.176861464977264404e-01 4.079109430313110352e-01 1.305729895830154419e-01 7.010769248008728027e-01
7.725663185119628906e-01 1.538449972867965698e-01 2.931919395923614502e-01 5.974439382553100586e-01 8.192507177591323853e-02 0.000000000000000000e+00 7.049765586853027344e-01 3.746436536312103271e-01 5.095767378807067871e-01 6.010231971740722656e-01 7.680803537368774414e-02 9.206725284457206726e-03
8.332499861717224121e-01 3.888333439826965332e-01 5.274999886751174927e-02 4.912500083446502686e-01 2.452500015497207642e-01 1.191475018858909607e-01 8.121309876441955566e-01 3.836978375911712646e-01 2.521349489688873291e-01 2.703701853752136230e-01 2.324722856283187866e-01 3.013815283775329590e-01
4.377500116825103760e-01 3.538333475589752197e-01 5.725000053644180298e-02 3.642500042915344238e-01 2.675000019371509552e-02 4.453524947166442871e-01 4.746939837932586670e-01 3.837721943855285645e-01 1.536516696214675903e-01 2.463648319244384766e-01 5.387569591403007507e-02 2.913646399974822998e-01
1.724812686443328857e-01 4.592840075492858887e-01 4.655420780181884766e-01 8.912006616592407227e-01 2.737111449241638184e-01 0.000000000000000000e+00 1.474449485540390015e-01 5.905169248580932617e-01 6.915164589881896973e-01 8.726775050163269043e-01 2.815819978713989258e-01 1.294682770967483521e-01
2.379783540964126587e-01 1.753599941730499268e-01 2.792842686176300049e-01 3.164400113746523857e-03 1.492885947227478027e-01 0.000000000000000000e+00 1.870305687189102173e-01 1.797228008508682251e-01 2.320543825626373291e-01 5.005324259400367737e-02 1.663397550582885742e-01 7.356989197432994843e-03
1.597499996423721313e-01 2.758333384990692139e-01 2.612499892711639404e-01 7.782499790191650391e-01 6.602500081062316895e-01 3.884274959564208984e-01 1.849038898944854736e-01 3.521709144115447998e-01 3.093318343162536621e-01 7.841422557830810547e-01 5.976217985153198242e-01 3.975063264369964600e-01
9.558264017105102539e-01 2.275844961404800415e-01 4.304369688034057617e-01 3.962206542491912842e-01 1.266803443431854248e-01 0.000000000000000000e+00 7.866353988647460938e-01 4.161561727523803711e-01 5.261549353599548340e-01 6.073727011680603027e-01 1.127220094203948975e-01 4.443465918302536011e-02
6.075000017881393433e-02 1.908333301544189453e-01 2.627499997615814209e-01 1.117499992251396179e-01 8.874999731779098511e-02 7.156224846839904785e-01 4.078643023967742920e-02 2.455162853002548218e-01 2.710207104682922363e-01 1.920694112777709961e-01 5.111299455165863037e-02 6.945106387138366699e-01
9.812499880790710449e-01 5.708333253860473633e-01 7.732499837875366211e-01 2.982499897480010986e-01 1.337500065565109253e-01 6.285024881362915039e-01 8.884619474411010742e-01 4.207302927970886230e-01 6.193045973777770996e-01 3.555591702461242676e-01 1.320795416831970215e-01 4.410725831985473633e-01
1.923807561397552490e-01 5.969518423080444336e-01 9.606235623359680176e-01 2.661876380443572998e-01 2.561544999480247498e-02 0.000000000000000000e+00 1.288456618785858154e-01 3.864274919033050537e-01 5.248156189918518066e-01 2.797058224678039551e-01 6.471617519855499268e-02 1.821884512901306152e-01
5.562499761581420898e-01 3.861666619777679443e-01 6.532499790191650391e-01 4.712499976158142090e-01 6.737499833106994629e-01 8.537275195121765137e-01 5.085945129394531250e-01 3.983140587806701660e-01 5.796638131141662598e-01 5.966585874557495117e-01 6.258467435836791992e-01 6.891177296638488770e-01
3.167499899864196777e-01 7.714999914169311523e-01 3.377499878406524658e-01 3.597500026226043701e-01 8.707500100135803223e-01 7.374024987220764160e-01 4.048669338226318359e-01 5.668451786041259766e-01 2.192851155996322632e-01 3.158130645751953125e-01 9.200544953346252441e-01 7.475045919418334961e-01
8.482427597045898438e-01 8.130509853363037109e-01 3.257624804973602295e-01 2.256877534091472626e-02 6.750705093145370483e-02 0.000000000000000000e+00 7.171862125396728516e-01 5.658433437347412109e-01 1.222944706678390503e-01 2.685547769069671631e-01 7.153686881065368652e-02 8.420874923467636108e-02
2.542499899864196777e-01 5.245000123977661133e-01 5.952500104904174805e-01 8.477500081062316895e-01 5.725000053644180298e-02 4.290175139904022217e-01 2.830195724964141846e-01 5.130671858787536621e-01 5.969133973121643066e-01 7.668886184692382812e-01 9.470922499895095825e-02 1.410722434520721436e-01
2.742500007152557373e-01 2.431666702032089233e-01 6.825000047683715820e-02 1.872500032186508179e-01 7.892500162124633789e-01 7.933375239372253418e-01 2.925377488136291504e-01 4.097660779953002930e-01 2.121564447879791260e-01 2.023177742958068848e-01 7.993959784507751465e-01 7.565736770629882812e-01
7.462499737739562988e-01 4.435000121593475342e-01 5.262500047683715820e-01 9.722499847412109375e-01 5.317500233650207520e-01 3.008125126361846924e-01 6.901944279670715332e-01 3.788455724716186523e-01 6.405900120735168457e-01 8.170922994613647461e-01 5.056931376457214355e-01 2.511692345142364502e-01
4.748475253582000732e-01 2.248509973287582397e-01 6.799148917198181152e-01 1.012251973152160645e-01 7.704691290855407715e-01 0.000000000000000000e+00 3.843373358249664307e-01 2.573145925998687744e-01 6.312677264213562012e-01 3.918766379356384277e-01 8.090514540672302246e-01 4.018920473754405975e-03
7.432500123977661133e-01 3.411666750907897949e-01 5.337499976158142090e-01 6.142500042915344238e-01 6.477500200271606445e-01 9.002575278282165527e-01 7.458530664443969727e-01 3.464989662170410156e-01 6.018899083137512207e-01 5.057975053787231445e-01 6.432291269302368164e-01 7.198408842086791992e-01
6.424999982118606567e-02 3.221666812896728516e-01 1.432500034570693970e-01 9.674999862909317017e-02 7.162500023841857910e-01 4.161475002765655518e-01 1.423553824424743652e-01 4.183420538902282715e-01 2.185582369565963745e-01 2.121178954839706421e-01 7.174400687217712402e-01 3.688443899154663086e-01
4.753858447074890137e-01 4.078206717967987061e-01 8.037581443786621094e-01 4.935421943664550781e-01 8.096746802330017090e-01 0.000000000000000000e+00 5.491878390312194824e-01 2.477158010005950928e-01 4.776614308357238770e-01 5.394246578216552734e-01 8.488429188728332520e-01 2.392645925283432007e-02
2.933612763881683350e-01 7.333996891975402832e-01 6.237332820892333984e-01 9.018302559852600098e-01 6.567041873931884766e-01 0.000000000000000000e+00 2.598954141139984131e-01 7.359852194786071777e-01 7.995191812515258789e-01 8.901411294937133789e-01 6.135777235031127930e-01 3.352525876834988594e-03
1.383485496044158936e-01 7.931870222091674805e-01 8.406779915094375610e-02 3.093418478965759277e-01 8.415660262107849121e-01 0.000000000000000000e+00 1.905467510223388672e-01 9.069716334342956543e-01 1.030186936259269714e-01 5.340744853019714355e-01 8.626013398170471191e-01 2.099935896694660187e-03
9.074562191963195801e-01 5.745170116424560547e-01 9.061649441719055176e-01 2.218285202980041504e-01 9.878115355968475342e-02 0.000000000000000000e+00 8.249041438102722168e-01 3.538875281810760498e-01 5.890201330184936523e-01 4.646812379360198975e-01 8.612502366304397583e-02 1.621179096400737762e-02
5.137500166893005371e-01 6.348333358764648438e-01 5.807499885559082031e-01 9.202499985694885254e-01 1.557500064373016357e-01 5.626674890518188477e-01 5.115662813186645508e-01 5.027654170989990234e-01 5.690304636955261230e-01 7.692090272903442383e-01 1.744917184114456177e-01 4.684375822544097900e-01
8.658960461616516113e-01 5.389818549156188965e-01 2.993881702423095703e-01 4.160605370998382568e-01 6.876090168952941895e-01 0.000000000000000000e+00 8.622679114341735840e-01 7.023942470550537109e-01 3.804561793804168701e-01 3.795523643493652344e-01 7.082445025444030762e-01 1.270636767148971558e-01
2.968175411224365234e-01 7.251818180084228516e-01 8.726145029067993164e-01 7.148128747940063477e-01 4.491889849305152893e-02 0.000000000000000000e+00 2.847435772418975830e-01 6.310769319534301758e-01 5.336859226226806641e-01 8.113664388656616211e-01 5.499309673905372620e-02 2.266448549926280975e-02
7.171239256858825684e-01 3.293024897575378418e-01 7.833760380744934082e-01 2.866196036338806152e-01 1.155298724770545959e-01 0.000000000000000000e+00 6.356456279754638672e-01 2.281422466039657593e-01 5.662329196929931641e-01 5.362327694892883301e-01 1.037243679165840149e-01 4.534990713000297546e-02
7.537500262260437012e-01 7.048333287239074707e-01 1.892500072717666626e-01 9.274999797344207764e-02 6.372500061988830566e-01 8.240274786949157715e-01 6.869025826454162598e-01 6.794594526290893555e-01 1.081644371151924133e-01 2.535710334777832031e-01 6.526288390159606934e-01 7.485774159431457520e-01
9.324999898672103882e-02 5.198333263397216797e-01 2.852500081062316895e-01 6.117500066757202148e-01 8.752499818801879883e-01 9.908425211906433105e-01 1.566442102193832397e-01 6.059315800666809082e-01 3.411602079868316650e-01 2.579769492149353027e-01 9.794227480888366699e-01 6.660359501838684082e-01
7.657499909400939941e-01 6.545000076293945312e-01 7.587500214576721191e-01 7.607499957084655762e-01 2.025000005960464478e-02 9.007524847984313965e-01 8.063972592353820801e-01 4.096532762050628662e-01 6.137996912002563477e-01 4.487319588661193848e-01 7.342093437910079956e-02 3.265517354011535645e-01
5.992500185966491699e-01 7.551666498184204102e-01 8.052499890327453613e-01 4.177500009536743164e-01 7.957500219345092773e-01 1.696375012397766113e-01 5.900439620018005371e-01 7.008450031280517578e-01 6.261441707611083984e-01 6.129735708236694336e-01 8.081166744232177734e-01 1.607424914836883545e-01
9.734891057014465332e-01 6.499918103218078613e-01 3.616288006305694580e-01 5.787391662597656250e-01 8.074930310249328613e-01 0.000000000000000000e+00 9.067689180374145508e-01 7.842243313789367676e-01 4.442237615585327148e-01 7.018198966979980469e-01 8.313200473785400391e-01 4.011293407529592514e-03
6.410224735736846924e-02 6.366235017776489258e-01 8.296120166778564453e-01 7.072929143905639648e-01 3.087641298770904541e-01 0.000000000000000000e+00 2.595744282007217407e-02 6.860078573226928711e-01 8.747692704200744629e-01 8.635510802268981934e-01 2.782774567604064941e-01 3.017142042517662048e-02
1.448133289813995361e-01 1.741359978914260864e-01 4.960601031780242920e-01 7.966004014015197754e-01 5.916779041290283203e-01 0.000000000000000000e+00 1.941791921854019165e-01 1.619897782802581787e-01 6.447272896766662598e-01 5.935202836990356445e-01 5.880185365676879883e-01 4.614787548780441284e-02
3.402499854564666748e-01 7.441666722297668457e-01 1.987500041723251343e-01 1.917500048875808716e-01 2.012500017881393433e-01 2.968524992465972900e-01 3.454373180866241455e-01 6.758901476860046387e-01 2.262802273035049438e-01 2.151337713003158569e-01 2.332555353641510010e-01 1.422059983015060425e-01
7.152500152587890625e-01 2.968333363533020020e-01 3.749999916180968285e-03 2.847500145435333252e-01 3.277499973773956299e-01 7.621524930000305176e-01 6.845964193344116211e-01 2.865589559078216553e-01 1.132654175162315369e-01 1.037333458662033081e-01 3.351031243801116943e-01 6.305511593818664551e-01
3.734658956527709961e-01 4.839763343334197998e-01 2.729967534542083740e-01 2.970028221607208252e-01 4.081949889659881592e-01 0.000000000000000000e+00 4.091802835464477539e-01 5.786252617835998535e-01 4.533315300941467285e-01 1.969814896583557129e-01 3.978388011455535889e-01 1.219124272465705872e-01
7.067499756813049316e-01 2.685000002384185791e-01 5.397499799728393555e-01 7.762500047683715820e-01 7.002500295639038086e-01 1.295424997806549072e-01 8.073921203613281250e-01 2.732151448726654053e-01 5.506258010864257812e-01 6.621342897415161133e-01 6.515816450119018555e-01 1.662083417177200317e-01
6.597499847412109375e-01 2.834999859333038330e-01 8.867499828338623047e-01 8.802499771118164062e-01 9.377499818801879883e-01 3.235825002193450928e-01 7.661231756210327148e-01 2.435986548662185669e-01 7.796619534492492676e-01 8.398427367210388184e-01 9.209112524986267090e-01 3.772782683372497559e-01
3.857499957084655762e-01 8.264999985694885254e-01 8.447499871253967285e-01 1.167500019073486328e-01 1.217499971389770508e-01 5.389075279235839844e-01 4.294715225696563721e-01 6.846286654472351074e-01 6.701143980026245117e-01 1.169979274272918701e-01 1.669098734855651855e-01 3.635165989398956299e-01
1.523814797401428223e-01 5.652688145637512207e-01 2.911945879459381104e-01 4.388316571712493896e-01 8.334630727767944336e-01 0.000000000000000000e+00 1.828108429908752441e-01 5.832095146179199219e-01 4.121923744678497314e-01 3.592207729816436768e-01 7.974254488945007324e-01 5.886266753077507019e-02
8.410527557134628296e-02 9.917045235633850098e-01 8.510667085647583008e-01 1.324971318244934082e-01 6.805716753005981445e-01 0.000000000000000000e+00 6.520917266607284546e-02 7.781730294227600098e-01 5.656246542930603027e-01 2.601690590381622314e-01 6.988196969032287598e-01 5.353361833840608597e-03
8.572955131530761719e-01 9.311205148696899414e-01 5.458601117134094238e-01 5.981267094612121582e-01 4.204630255699157715e-01 0.000000000000000000e+00 9.299191236495971680e-01 8.860657811164855957e-01 3.507819473743438721e-01 6.072968840599060059e-01 4.119120240211486816e-01 5.464828107506036758e-03
8.997499942779541016e-01 3.171666562557220459e-01 7.972499728202819824e-01 1.452499926090240479e-01 7.557500004768371582e-01 8.012574911117553711e-01 8.620073199272155762e-01 3.424984514713287354e-01 7.330119609832763672e-01 2.041111588478088379e-01 7.152400016784667969e-01 5.840982794761657715e-01
9.322500228881835938e-01 6.085000038146972656e-01 8.602499961853027344e-01 9.147499799728393555e-01 2.832500040531158447e-01 8.962975144386291504e-01 9.468728303909301758e-01 4.497860968112945557e-01 6.645458936691284180e-01 7.887462973594665527e-01 3.092320263385772705e-01 6.337678432464599609e-01
3.858622536063194275e-02 5.210751891136169434e-01 6.239086389541625977e-01 4.247768521308898926e-01 2.650919929146766663e-02 0.000000000000000000e+00 1.660416834056377411e-02 5.867865085601806641e-01 8.123612999916076660e-01 3.549180030822753906e-01 6.914356350898742676e-02 1.645386219024658203e-02
2.967500090599060059e-01 7.678333520889282227e-01 5.277500152587890625e-01 8.107500076293945312e-01 8.812500238418579102e-01 2.077524960041046143e-01 3.378881216049194336e-01 7.617896199226379395e-01 5.658932328224182129e-01 8.696960210800170898e-01 8.766314387321472168e-01 5.006590113043785095e-02
9.663480520248413086e-01 5.346415042877197266e-01 4.269008338451385498e-01 7.190649509429931641e-01 8.045158386230468750e-01 0.000000000000000000e+00 8.943921923637390137e-01 6.040419936180114746e-01 6.665928959846496582e-01 6.744523644447326660e-01 8.223286271095275879e-01 3.746945876628160477e-03
1.775000058114528656e-02 2.228333353996276855e-01 6.617500185966491699e-01 5.175000056624412537e-02 1.687500029802322388e-01 7.329475283622741699e-01 2.360030449926853180e-02 2.444944977760314941e-01 6.469522714614868164e-01 1.416205763816833496e-01 1.061557382345199585e-01 7.988839149475097656e-01
4.321062564849853516e-02 9.275056719779968262e-01 9.519277811050415039e-01 6.778772473335266113e-01 6.853951811790466309e-01 0.000000000000000000e+00 4.118973389267921448e-02 7.611462473869323730e-01 6.669727563858032227e-01 5.443322062492370605e-01 6.775057315826416016e-01 8.638842962682247162e-03
3.617500066757202148e-01 1.958333402872085571e-01 1.767500042915344238e-01 4.187499880790710449e-01 8.402500152587890625e-01 6.616675257682800293e-01 4.022431075572967529e-01 4.126380383968353271e-01 2.527809441089630127e-01 6.100094318389892578e-01 7.996210455894470215e-01 7.436326742172241211e-01
5.113714933395385742e-02 2.904475033283233643e-01 7.556889057159423828e-01 4.977490603923797607e-01 4.603542387485504150e-01 0.000000000000000000e+00 5.777603387832641602e-02 1.793064326047897339e-01 8.414347767829895020e-01 5.821501612663269043e-01 5.053476691246032715e-01 5.116671696305274963e-02
4.936168491840362549e-01 6.614379882812500000e-01 6.841269880533218384e-02 1.637219786643981934e-01 9.319115877151489258e-01 0.000000000000000000e+00 5.453422069549560547e-01 8.209937810897827148e-01 2.451220005750656128e-01 1.855573356151580811e-01 9.297828674316406250e-01 1.824467815458774567e-02
1.832499951124191284e-01 1.901666671037673950e-01 9.902499914169311523e-01 3.447499871253967285e-01 4.292500019073486328e-01 1.518175005912780762e-01 2.162429690361022949e-01 2.372552156448364258e-01 8.544010519981384277e-01 3.605141639709472656e-01 3.670622110366821289e-01 8.060119114816188812e-03
6.557499766349792480e-01 3.031666576862335205e-01 8.272500038146972656e-01 2.447499930858612061e-01 3.577499985694885254e-01 2.379474937915802002e-01 6.213211417198181152e-01 3.440916240215301514e-01 7.344940304756164551e-01 3.066404759883880615e-01 3.637869358062744141e-01 2.105443626642227173e-01
2.367500066757202148e-01 5.378333330154418945e-01 3.197500109672546387e-01 2.102500051259994507e-01 3.602499961853027344e-01 9.784675240516662598e-01 2.062041759490966797e-01 5.224409699440002441e-01 2.531132996082305908e-01 2.637873291969299316e-01 3.666936755180358887e-01 9.013535380363464355e-01
1.197500005364418030e-01 7.655000090599060059e-01 3.937500119209289551e-01 4.627499878406524658e-01 2.425000071525573730e-02 7.378975152969360352e-01 9.964413195848464966e-02 5.916739106178283691e-01 2.176861464977264404e-01 4.079109430313110352e-01 1.305729895830154419e-01 7.010769248008728027e-01
5.652499794960021973e-01 6.051666736602783203e-01 2.692500054836273193e-01 4.037500023841857910e-01 1.512500047683715820e-01 5.280175209045410156e-01 5.213316082954406738e-01 5.781031250953674316e-01 2.675790786743164062e-01 3.419511020183563232e-01 1.688328683376312256e-01 3.288624286651611328e-01
5.236236453056335449e-01 7.473919987678527832e-01 3.135306835174560547e-01 7.138540744781494141e-01 2.514461874961853027e-01 0.000000000000000000e+00 5.060505270957946777e-01 6.176953315734863281e-01 2.663234174251556396e-01 6.927904486656188965e-01 2.143551558256149292e-01 6.270118802785873413e-02
2.793674916028976440e-02 5.560231804847717285e-01 6.131314039230346680e-01 8.537050336599349976e-03 3.687391579151153564e-01 0.000000000000000000e+00 2.834740839898586273e-02 6.137514114379882812e-01 7.020371556282043457e-01 2.241997569799423218e-01 3.170721530914306641e-01 1.786544802598655224e-03
5.369894504547119141e-01 8.453088402748107910e-01 8.445882201194763184e-01 5.630698204040527344e-01 6.842415332794189453e-01 0.000000000000000000e+00 5.481939315795898438e-01 6.864682435989379883e-01 5.438369512557983398e-01 7.053897976875305176e-01 7.021559476852416992e-01 2.226739823818206787e-01
8.235239386558532715e-01 3.740909993648529053e-01 9.669042229652404785e-01 1.328331679105758667e-01 4.594960510730743408e-01 0.000000000000000000e+00 8.604122400283813477e-01 3.001105189323425293e-01 5.098429322242736816e-01 4.486472904682159424e-01 4.510643482208251953e-01 1.756202876567840576e-01
6.422500014305114746e-01 5.651666522026062012e-01 7.967500090599060059e-01 4.024999961256980896e-02 5.324999988079071045e-02 3.255625069141387939e-01 6.733449101448059082e-01 3.079223334789276123e-01 4.538404047489166260e-01 1.586231738328933716e-01 8.987368643283843994e-02 5.368566513061523438e-01
5.922499895095825195e-01 3.555000126361846924e-01 8.552500009536743164e-01 7.402499914169311523e-01 2.752499878406524658e-01 4.394125044345855713e-01 6.317406892776489258e-01 3.375167548656463623e-01 6.897664070129394531e-01 7.217056155204772949e-01 2.803367972373962402e-01 3.963575065135955811e-01
6.165496706962585449e-01 4.205201566219329834e-01 5.165416598320007324e-01 1.472177952527999878e-01 9.060559868812561035e-01 0.000000000000000000e+00 7.839183211326599121e-01 4.669662714004516602e-01 3.899675607681274414e-01 1.202322915196418762e-01 9.080337285995483398e-01 2.180165424942970276e-02
9.200931787490844727e-01 2.766450047492980957e-01 8.101217150688171387e-01 6.290222406387329102e-01 5.897473096847534180e-01 0.000000000000000000e+00 8.367775678634643555e-01 2.285603433847427368e-01 7.589622735977172852e-01 8.015393614768981934e-01 6.015158891677856445e-01 3.312763199210166931e-02
3.627499938011169434e-01 5.935000181198120117e-01 5.862500071525573730e-01 1.075000036507844925e-02 5.074999853968620300e-02 5.156425237655639648e-01 3.554604053497314453e-01 3.897575736045837402e-01 3.476131856441497803e-01 9.366293251514434814e-02 8.542238175868988037e-02 3.541452586650848389e-01
6.307500004768371582e-01 5.088333487510681152e-01 6.697499752044677734e-01 6.702499985694885254e-01 6.762499809265136719e-01 4.235725104808807373e-01 6.400715112686157227e-01 5.054752230644226074e-01 5.654841065406799316e-01 7.067055702209472656e-01 6.338312625885009766e-01 1.631228476762771606e-01
4.982500076293945312e-01 3.598333299160003662e-01 6.932500004768371582e-01 8.737499713897705078e-01 3.422499895095825195e-01 8.552125096321105957e-01 5.300729274749755859e-01 4.154716134071350098e-01 7.204214334487915039e-01 7.576716542243957520e-01 3.338962495326995850e-01 6.932609677314758301e-01
3.617500066757202148e-01 1.958333402872085571e-01 1.767500042915344238e-01 4.187499880790710449e-01 8.402500152587890625e-01 6.616675257682800293e-01 4.022431075572967529e-01 4.126380383968353271e-01 2.527809441089630127e-01 6.100094318389892578e-01 7.996210455894470215e-01 7.436326742172241211e-01
7.203670740127563477e-01 7.525596618652343750e-01 4.173942506313323975e-01 3.036204911768436432e-02 8.825812935829162598e-01 0.000000000000000000e+00 6.824087500572204590e-01 7.648161649703979492e-01 4.492579996585845947e-01 2.081257849931716919e-01 9.061310887336730957e-01 4.509959835559129715e-03
3.167499899864196777e-01 7.714999914169311523e-01 3.377499878406524658e-01 3.597500026226043701e-01 8.707500100135803223e-01 7.374024987220764160e-01 4.048669338226318359e-01 5.668451786041259766e-01 2.192851155996322632e-01 3.158130645751953125e-01 9.200544953346252441e-01 7.475045919418334961e-01
8.319018483161926270e-01 6.602563261985778809e-01 6.506295204162597656e-01 5.911455154418945312e-01 6.463299393653869629e-01 0.000000000000000000e+00 8.706764578819274902e-01 6.028338074684143066e-01 4.197372198104858398e-01 7.200180888175964355e-01 6.702568531036376953e-01 3.943314403295516968e-02
9.588874578475952148e-01 7.524743080139160156e-01 6.407334804534912109e-01 3.201010823249816895e-01 2.730996012687683105e-01 0.000000000000000000e+00 8.259501457214355469e-01 5.073682665824890137e-01 5.411281585693359375e-01 5.395698547363281250e-01 2.197703272104263306e-01 7.823413237929344177e-03
6.807553768157958984e-01 9.172164797782897949e-01 1.882692724466323853e-01 2.940067946910858154e-01 6.909729242324829102e-01 0.000000000000000000e+00 7.349055409431457520e-01 7.731683254241943359e-01 2.993377149105072021e-01 1.930176317691802979e-01 7.019142508506774902e-01 3.502315655350685120e-02
7.152500152587890625e-01 2.968333363533020020e-01 3.749999916180968285e-03 2.847500145435333252e-01 3.277499973773956299e-01 7.621524930000305176e-01 6.845964193344116211e-01 2.865589559078216553e-01 1.132654175162315369e-01 1.037333458662033081e-01 3.351031243801116943e-01 6.305511593818664551e-01
6.307500004768371582e-01 5.088333487510681152e-01 6.697499752044677734e-01 6.702499985694885254e-01 6.762499809265136719e-01 4.235725104808807373e-01 6.400715112686157227e-01 5.054752230644226074e-01 5.654841065406799316e-01 7.067055702209472656e-01 6.338312625885009766e-01 1.631228476762771606e-01
4.155528247356414795e-01 2.465184926986694336e-01 4.965398609638214111e-01 8.703786730766296387e-01 9.908353686332702637e-01 0.000000000000000000e+00 6.014329195022583008e-01 2.996145188808441162e-01 5.137579441070556641e-01 6.495457291603088379e-01 9.536910057067871094e-01 1.518570352345705032e-02
4.164533019065856934e-01 1.493166685104370117e-01 3.754347562789916992e-01 4.459062218666076660e-01 5.106427073478698730e-01 0.000000000000000000e+00 3.579785525798797607e-01 1.950550377368927002e-01 4.726465344429016113e-01 5.280548930168151855e-01 5.237218737602233887e-01 5.519542098045349121e-02
2.479135543107986450e-01 1.461559981107711792e-01 7.397067546844482422e-02 4.959073364734649658e-01 6.791977882385253906e-01 0.000000000000000000e+00 3.909568786621093750e-01 3.713210523128509521e-01 3.395416736602783203e-01 1.527824699878692627e-01 6.642761230468750000e-01 2.422344535589218140e-01
1.117499992251396179e-01 3.808333277702331543e-01 1.052500009536743164e-01 5.272499918937683105e-01 7.074999809265136719e-02 1.810224950313568115e-01 1.432929486036300659e-01 3.196534216403961182e-01 1.383225917816162109e-01 4.801281094551086426e-01 6.564058363437652588e-02 6.500390917062759399e-02
5.452499985694885254e-01 3.055000007152557373e-01 9.522500038146972656e-01 7.967500090599060059e-01 7.602499723434448242e-01 7.062175273895263672e-01 5.429286956787109375e-01 3.756057620048522949e-01 8.240224719047546387e-01 8.704925775527954102e-01 7.558218240737915039e-01 7.465392947196960449e-01
7.669539451599121094e-01 2.680324912071228027e-01 1.966638714075088501e-01 4.681768119335174561e-01 5.851507186889648438e-01 0.000000000000000000e+00 6.940582990646362305e-01 4.795343875885009766e-01 4.640434384346008301e-01 3.730732798576354980e-01 5.854516029357910156e-01 1.540215462446212769e-01
8.942499756813049316e-01 6.038333177566528320e-01 5.497499704360961914e-01 4.132499992847442627e-01 4.922499954700469971e-01 4.413925111293792725e-01 9.024861454963684082e-01 4.608713090419769287e-01 5.168102979660034180e-01 2.959881126880645752e-01 4.564505517482757568e-01 2.508722543716430664e-01
6.824610829353332520e-01 2.612474858760833740e-01 1.109307035803794861e-01 5.377513170242309570e-01 8.952578306198120117e-01 0.000000000000000000e+00 6.893205046653747559e-01 6.722956299781799316e-01 4.903938174247741699e-01 4.802090227603912354e-01 9.043814539909362793e-01 1.016506087034940720e-02
6.307500004768371582e-01 5.088333487510681152e-01 6.697499752044677734e-01 6.702499985694885254e-01 6.762499809265136719e-01 4.235725104808807373e-01 6.400715112686157227e-01 5.054752230644226074e-01 5.654841065406799316e-01 7.067055702209472656e-01 6.338312625885009766e-01 1.631228476762771606e-01
1.026788726449012756e-01 2.694293260574340820e-01 4.235143661499023438e-01 6.899481415748596191e-01 9.002601504325866699e-01 0.000000000000000000e+00 1.605155766010284424e-01 4.611177444458007812e-01 7.117040753364562988e-01 5.543832778930664062e-01 8.445762991905212402e-01 1.519427150487899780e-01
7.657499909400939941e-01 6.545000076293945312e-01 7.587500214576721191e-01 7.607499957084655762e-01 2.025000005960464478e-02 9.007524847984313965e-01 8.063972592353820801e-01 4.096532762050628662e-01 6.137996912002563477e-01 4.487319588661193848e-01 7.342093437910079956e-02 3.265517354011535645e-01
4.162499904632568359e-01 3.471666574478149414e-01 4.787499904632568359e-01 3.037500083446502686e-01 8.972499966621398926e-01 8.994249999523162842e-02 4.478834569454193115e-01 4.930653870105743408e-01 6.168631911277770996e-01 3.751046657562255859e-01 8.249208927154541016e-01 3.592224791646003723e-02
7.443603277206420898e-01 7.020484805107116699e-01 1.472775009460747242e-03 6.862618923187255859e-01 8.155164718627929688e-01 0.000000000000000000e+00 8.823079466819763184e-01 6.185565590858459473e-01 1.536892950534820557e-01 1.886405646800994873e-01 8.698684573173522949e-01 1.119966730475425720e-01
1.782499998807907104e-01 5.178333520889282227e-01 6.672499775886535645e-01 5.974999815225601196e-02 6.962500214576721191e-01 1.567675024271011353e-01 2.343479841947555542e-01 5.762107968330383301e-01 7.260840535163879395e-01 1.856888532638549805e-01 6.735596060752868652e-01 2.200619876384735107e-01
3.402499854564666748e-01 7.441666722297668457e-01 1.987500041723251343e-01 1.917500048875808716e-01 2.012500017881393433e-01 2.968524992465972900e-01 3.454373180866241455e-01 6.758901476860046387e-01 2.262802273035049438e-01 2.151337713003158569e-01 2.332555353641510010e-01 1.422059983015060425e-01
4.834721088409423828e-01 8.189508318901062012e-01 4.312496781349182129e-01 6.860002279281616211e-01 9.655542373657226562e-01 0.000000000000000000e+00 5.266556739807128906e-01 8.197376132011413574e-01 4.520792365074157715e-01 7.159926295280456543e-01 9.379568696022033691e-01 1.811679266393184662e-02
1.775000058114528656e-02 2.228333353996276855e-01 6.617500185966491699e-01 5.175000056624412537e-02 1.687500029802322388e-01 7.329475283622741699e-01 2.360030449926853180e-02 2.444944977760314941e-01 6.469522714614868164e-01 1.416205763816833496e-01 1.061557382345199585e-01 7.988839149475097656e-01
5.432500243186950684e-01 4.318333268165588379e-01 2.807500064373016357e-01 1.127500012516975403e-01 6.707500219345092773e-01 2.117124944925308228e-01 5.150440931320190430e-01 4.254507720470428467e-01 4.108425676822662354e-01 1.970062255859375000e-01 6.306949257850646973e-01 1.537891626358032227e-01
9.525000303983688354e-02 5.774999856948852539e-01 1.882500052452087402e-01 4.282500147819519043e-01 5.407500267028808594e-01 2.409175038337707520e-01 1.638241112232208252e-01 6.002410650253295898e-01 2.510306835174560547e-01 4.822248518466949463e-01 5.850915312767028809e-01 7.103415578603744507e-02
9.775592088699340820e-01 5.811210274696350098e-01 9.513321518898010254e-01 2.424478530883789062e-01 7.207301259040832520e-01 0.000000000000000000e+00 8.879560828208923340e-01 2.899996042251586914e-01 6.119198799133300781e-01 6.154467463493347168e-01 7.472364306449890137e-01 2.960858307778835297e-02
8.997499942779541016e-01 3.171666562557220459e-01 7.972499728202819824e-01 1.452499926090240479e-01 7.557500004768371582e-01 8.012574911117553711e-01 8.620073199272155762e-01 3.424984514713287354e-01 7.330119609832763672e-01 2.041111588478088379e-01 7.152400016784667969e-01 5.840982794761657715e-01
2.152500003576278687e-01 8.138333559036254883e-01 9.817500114440917969e-01 6.437500119209289551e-01 5.357499718666076660e-01 7.557175159454345703e-01 2.178333252668380737e-01 7.075584530830383301e-01 7.699668407440185547e-01 7.264779210090637207e-01 5.400176048278808594e-01 7.966716289520263672e-01
3.604875504970550537e-01 7.870078086853027344e-01 2.758081555366516113e-01 5.681526660919189453e-01 5.230383276939392090e-01 0.000000000000000000e+00 3.287414312362670898e-01 7.052794694900512695e-01 3.107056915760040283e-01 4.717177152633666992e-01 5.355398058891296387e-01 4.905244708061218262e-02
7.594666481018066406e-01 9.229764938354492188e-01 9.489866495132446289e-01 8.241100236773490906e-03 4.748315811157226562e-01 0.000000000000000000e+00 8.243855834007263184e-01 6.180675625801086426e-01 2.604118585586547852e-01 2.800880670547485352e-01 4.600548446178436279e-01 8.698873966932296753e-02
8.638283610343933105e-01 4.771023392677307129e-01 4.004036784172058105e-01 9.806400164961814880e-03 6.369640231132507324e-01 0.000000000000000000e+00 7.623597979545593262e-01 6.341483592987060547e-01 4.595077335834503174e-01 2.702558934688568115e-01 6.581372618675231934e-01 1.751976460218429565e-02
7.552499771118164062e-01 8.301666378974914551e-01 2.422499954700469971e-01 5.624999850988388062e-02 4.752500057220458984e-01 4.542624950408935547e-01 7.022123932838439941e-01 6.388709545135498047e-01 2.487484365701675415e-01 1.058863103389739990e-01 4.934606552124023438e-01 4.932605028152465820e-01
4.032500088214874268e-01 2.255000025033950806e-01 6.592500209808349609e-01 9.312499761581420898e-01 5.867499709129333496e-01 1.047924980521202087e-01 4.518838524818420410e-01 4.088149368762969971e-01 7.808687686920166016e-01 8.544260263442993164e-01 5.390199422836303711e-01 2.206612825393676758e-01
6.872500181198120117e-01 1.895000040531158447e-01 7.222499847412109375e-01 8.382499814033508301e-01 9.427499771118164062e-01 2.389374971389770508e-01 8.024852871894836426e-01 2.315070480108261108e-01 6.917108297348022461e-01 6.877470016479492188e-01 8.611139655113220215e-01 9.056098759174346924e-02
8.084977269172668457e-01 7.843516767024993896e-02 4.300542473793029785e-01 1.491315215826034546e-01 8.097778558731079102e-01 0.000000000000000000e+00 8.686023354530334473e-01 1.982193291187286377e-01 2.868942320346832275e-01 2.338177859783172607e-01 8.343592882156372070e-01 1.487166038714349270e-03
9.942499995231628418e-01 2.911666631698608398e-01 8.725000172853469849e-02 9.897500276565551758e-01 3.057500123977661133e-01 6.082075238227844238e-01 9.277446866035461426e-01 3.824188709259033203e-01 2.497566044330596924e-01 6.799997091293334961e-01 3.204202055931091309e-01 3.495790660381317139e-01
6.107500195503234863e-01 8.118333220481872559e-01 5.537499785423278809e-01 1.437499970197677612e-01 7.262499928474426270e-01 7.116624712944030762e-01 6.079694032669067383e-01 7.251030206680297852e-01 5.472959876060485840e-01 1.921797543764114380e-01 7.193900346755981445e-01 5.043577551841735840e-01
6.287500262260437012e-01 3.498333394527435303e-01 2.857500016689300537e-01 3.732500076293945312e-01 4.812499880790710449e-01 6.388974785804748535e-01 5.537998676300048828e-01 3.909983336925506592e-01 2.544103562831878662e-01 3.765590488910675049e-01 4.716898500919342041e-01 4.731625914573669434e-01
2.517499923706054688e-01 6.198333501815795898e-01 4.977500140666961670e-01 7.227500081062316895e-01 5.952500104904174805e-01 5.230674743652343750e-01 2.859182953834533691e-01 6.863850355148315430e-01 5.645316839218139648e-01 8.158869147300720215e-01 5.692577958106994629e-01 5.790106058120727539e-01
3.957499861717224121e-01 2.851666808128356934e-01 4.972499907016754150e-01 6.037499904632568359e-01 7.942500114440917969e-01 1.310275048017501831e-01 4.211249947547912598e-01 3.693139553070068359e-01 4.666954576969146729e-01 7.385341525077819824e-01 7.395830750465393066e-01 6.920580565929412842e-02
5.475172996520996094e-01 1.094561666250228882e-01 1.490398794412612915e-01 5.596988797187805176e-01 3.820832446217536926e-02 0.000000000000000000e+00 4.563412070274353027e-01 1.583420038223266602e-01 3.839141428470611572e-01 5.204554200172424316e-01 4.955700784921646118e-02 5.987187847495079041e-03
5.078848004341125488e-01 6.420828104019165039e-01 3.396093845367431641e-01 8.745614290237426758e-01 8.469990491867065430e-01 0.000000000000000000e+00 5.505947470664978027e-01 7.501711249351501465e-01 5.281540155410766602e-01 7.771883606910705566e-01 8.569426536560058594e-01 2.106243744492530823e-02
1.597499996423721313e-01 2.758333384990692139e-01 2.612499892711639404e-01 7.782499790191650391e-01 6.602500081062316895e-01 3.884274959564208984e-01 1.849038898944854736e-01 3.521709144115447998e-01 3.093318343162536621e-01 7.841422557830810547e-01 5.976217985153198242e-01 3.975063264369964600e-01
8.380215167999267578e-01 1.623035073280334473e-01 7.477440834045410156e-01 7.605908513069152832e-01 7.641833424568176270e-01 0.000000000000000000e+00 8.771752119064331055e-01 1.796618700027465820e-01 8.036389350891113281e-01 7.636926770210266113e-01 7.916548252105712891e-01 4.782573506236076355e-02
9.682499766349792480e-01 3.831666707992553711e-01 5.927500128746032715e-01 7.587500214576721191e-01 1.567499935626983643e-01 6.448374986648559570e-01 9.238162636756896973e-01 4.741764366626739502e-01 6.995278000831604004e-01 5.916008353233337402e-01 1.512213945388793945e-01 5.956013798713684082e-01
5.882499814033508301e-01 7.901666760444641113e-01 9.967499971389770508e-01 7.422500252723693848e-01 2.624999918043613434e-02 2.023075073957443237e-01 6.171858310699462891e-01 5.829576253890991211e-01 6.078727841377258301e-01 7.779433131217956543e-01 8.678220212459564209e-02 4.308145940303802490e-01
7.067499756813049316e-01 2.685000002384185791e-01 5.397499799728393555e-01 7.762500047683715820e-01 7.002500295639038086e-01 1.295424997806549072e-01 8.073921203613281250e-01 2.732151448726654053e-01 5.506258010864257812e-01 6.621342897415161133e-01 6.515816450119018555e-01 1.662083417177200317e-01
9.175071716308593750e-01 4.741066694259643555e-01 4.037738442420959473e-01 8.696013092994689941e-01 5.321090221405029297e-01 0.000000000000000000e+00 8.984103798866271973e-01 6.034545302391052246e-01 5.864725708961486816e-01 7.901530861854553223e-01 5.023339390754699707e-01 2.868957817554473877e-02
3.897500038146972656e-01 7.645000219345092773e-01 2.977499961853027344e-01 9.697499871253967285e-01 2.027499973773956299e-01 3.577375113964080811e-01 4.156327545642852783e-01 7.113916277885437012e-01 3.530019223690032959e-01 7.635240554809570312e-01 2.386053949594497681e-01 2.587061822414398193e-01
6.567500233650207520e-01 6.668333411216735840e-01 1.217499971389770508e-01 8.567500114440917969e-01 1.202500015497207642e-01 8.443225026130676270e-01 6.339966058731079102e-01 5.952896475791931152e-01 1.865927428007125854e-01 6.687958240509033203e-01 1.418122053146362305e-01 5.557780265808105469e-01
8.162500262260437012e-01 6.061666607856750488e-01 4.707500040531158447e-01 2.437500059604644775e-01 1.947499960660934448e-01 3.300175070762634277e-01 7.968114614486694336e-01 4.297345876693725586e-01 2.818700671195983887e-01 2.746903896331787109e-01 1.994050294160842896e-01 3.057372868061065674e-01
5.347149912267923355e-03 4.132980108261108398e-01 9.670191407203674316e-01 5.271068811416625977e-01 1.188561022281646729e-01 0.000000000000000000e+00 1.419754419475793839e-02 2.967821061611175537e-01 9.550949931144714355e-01 3.064370751380920410e-01 1.436806023120880127e-01 8.384942263364791870e-02
7.737500071525573730e-01 4.474999904632568359e-01 6.207500100135803223e-01 8.602499961853027344e-01 5.787500143051147461e-01 4.166424870491027832e-01 7.986593842506408691e-01 5.016589760780334473e-01 5.864154696464538574e-01 8.108698129653930664e-01 5.457437634468078613e-01 4.277794063091278076e-01
6.396850943565368652e-01 4.645018279552459717e-01 1.002124976366758347e-02 7.266016006469726562e-01 3.680779635906219482e-01 0.000000000000000000e+00 6.377153396606445312e-01 8.101722002029418945e-01 2.914946973323822021e-01 5.481690764427185059e-01 3.841692805290222168e-01 3.655105829238891602e-02
7.041166424751281738e-01 6.386913061141967773e-01 2.194207534193992615e-02 6.577748060226440430e-01 6.596982479095458984e-02 0.000000000000000000e+00 7.254607081413269043e-01 8.124073743820190430e-01 1.919721662998199463e-01 4.671503603458404541e-01 6.058423966169357300e-02 1.328325248323380947e-03
1.795591562986373901e-01 5.789288282394409180e-01 8.860753178596496582e-01 1.735420525074005127e-01 9.996677041053771973e-01 0.000000000000000000e+00 1.985061764717102051e-01 3.919068574905395508e-01 5.616364479064941406e-01 3.367418944835662842e-01 9.380339980125427246e-01 1.233530975878238678e-02
9.812499880790710449e-01 5.708333253860473633e-01 7.732499837875366211e-01 2.982499897480010986e-01 1.337500065565109253e-01 6.285024881362915039e-01 8.884619474411010742e-01 4.207302927970886230e-01 6.193045973777770996e-01 3.555591702461242676e-01 1.320795416831970215e-01 4.410725831985473633e-01
1.775000058114528656e-02 2.228333353996276855e-01 6.617500185966491699e-01 5.175000056624412537e-02 1.687500029802322388e-01 7.329475283622741699e-01 2.360030449926853180e-02 2.444944977760314941e-01 6.469522714614868164e-01 1.416205763816833496e-01 1.061557382345199585e-01 7.988839149475097656e-01
1.912757009267807007e-01 3.835605084896087646e-01 2.494722306728363037e-01 4.403122067451477051e-01 3.868636190891265869e-01 0.000000000000000000e+00 1.914057582616806030e-01 5.361554026603698730e-01 5.565805435180664062e-01 2.948319613933563232e-01 3.672039508819580078e-01 3.808670490980148315e-02
8.502334356307983398e-01 4.010786712169647217e-01 7.155712842941284180e-01 3.183797895908355713e-01 8.855825066566467285e-01 0.000000000000000000e+00 7.775442600250244141e-01 4.375436604022979736e-01 5.788003802299499512e-01 6.444610357284545898e-01 9.150646328926086426e-01 2.467609196901321411e-02
5.967500209808349609e-01 5.328333377838134766e-01 5.092499852180480957e-01 5.947499871253967285e-01 3.992500007152557373e-01 3.740724921226501465e-01 6.835073828697204590e-01 4.669469594955444336e-01 4.241038560867309570e-01 4.404866397380828857e-01 4.126449525356292725e-01 2.495208680629730225e-01
6.014608144760131836e-01 9.651558399200439453e-01 9.763500690460205078e-01 7.580374833196401596e-03 2.421023547649383545e-01 0.000000000000000000e+00 5.696220397949218750e-01 6.510244011878967285e-01 3.019627928733825684e-01 1.732587814331054688e-01 2.573130428791046143e-01 7.991337031126022339e-02
3.364588320255279541e-01 3.495531678199768066e-01 9.337055087089538574e-01 8.827573060989379883e-01 8.688923120498657227e-01 0.000000000000000000e+00 4.227337241172790527e-01 2.483677566051483154e-01 7.000740170478820801e-01 8.306404352188110352e-01 8.660726547241210938e-01 2.020770916715264320e-03
9.002500176429748535e-01 4.108333289623260498e-01 2.167499959468841553e-01 6.967499852180480957e-01 1.177499964833259583e-01 7.032474875450134277e-01 8.227388262748718262e-01 4.493777453899383545e-01 2.559374272823333740e-01 4.988797903060913086e-01 1.076420843601226807e-01 4.512232840061187744e-01
7.129487395286560059e-02 7.791488170623779297e-01 4.215752333402633667e-02 5.123086571693420410e-01 4.501233696937561035e-01 0.000000000000000000e+00 8.121185004711151123e-02 8.713898062705993652e-01 7.761563360691070557e-02 5.273695588111877441e-01 4.781318306922912598e-01 3.129208635073155165e-04
5.992500185966491699e-01 7.551666498184204102e-01 8.052499890327453613e-01 4.177500009536743164e-01 7.957500219345092773e-01 1.696375012397766113e-01 5.900439620018005371e-01 7.008450031280517578e-01 6.261441707611083984e-01 6.129735708236694336e-01 8.081166744232177734e-01 1.607424914836883545e-01
1.152499988675117493e-01 6.201666593551635742e-01 2.342499941587448120e-01 6.475000083446502686e-02 4.577499926090240479e-01 2.765575051307678223e-01 1.637022197246551514e-01 4.970691204071044922e-01 2.194032967090606689e-01 2.259247303009033203e-01 5.764773488044738770e-01 2.857092022895812988e-01
9.401577115058898926e-01 2.737636566162109375e-01 2.632483541965484619e-01 2.833040356636047363e-01 8.547135591506958008e-01 0.000000000000000000e+00 8.339122533798217773e-01 2.780146300792694092e-01 4.326298534870147705e-01 3.450945615768432617e-01 8.793455958366394043e-01 2.336999401450157166e-02
6.946213245391845703e-01 1.842239946126937866e-01 5.283329486846923828e-01 4.854767322540283203e-01 7.632550597190856934e-01 0.000000000000000000e+00 6.974703669548034668e-01 2.599664330482482910e-01 6.149882078170776367e-01 5.194539427757263184e-01 7.885779142379760742e-01 3.552982583642005920e-02
7.494502067565917969e-01 6.558699905872344971e-02 5.504476428031921387e-01 3.828070461750030518e-01 3.163346350193023682e-01 0.000000000000000000e+00 8.271955251693725586e-01 2.068084478378295898e-01 5.574162006378173828e-01 3.584170043468475342e-01 3.365781903266906738e-01 2.874535694718360901e-02
9.525000303983688354e-02 5.774999856948852539e-01 1.882500052452087402e-01 4.282500147819519043e-01 5.407500267028808594e-01 2.409175038337707520e-01 1.638241112232208252e-01 6.002410650253295898e-01 2.510306835174560547e-01 4.822248518466949463e-01 5.850915312767028809e-01 7.103415578603744507e-02
9.917500019073486328e-01 1.704999953508377075e-01 3.627499938011169434e-01 4.262500107288360596e-01 4.727500081062316895e-01 2.275525033473968506e-01 9.386616349220275879e-01 3.411787748336791992e-01 4.526846706867218018e-01 3.164744973182678223e-01 4.438300430774688721e-01 9.342946112155914307e-02
6.397500038146972656e-01 7.154999971389770508e-01 5.697500109672546387e-01 5.147500038146972656e-01 6.047499775886535645e-01 3.018024861812591553e-01 6.150527000427246094e-01 6.618915796279907227e-01 5.548431873321533203e-01 5.078594684600830078e-01 5.883824229240417480e-01 1.429829895496368408e-01
2.319842278957366943e-01 6.772588491439819336e-01 7.598061561584472656e-01 4.946175031363964081e-03 6.143790483474731445e-01 0.000000000000000000e+00 1.973616629838943481e-01 4.570683240890502930e-01 4.481513798236846924e-01 2.207050770521163940e-01 5.708382725715637207e-01 1.355476081371307373e-01
9.952499866485595703e-01 6.638333201408386230e-01 9.117500185966491699e-01 1.942500025033950806e-01 2.500000118743628263e-04 1.924075037240982056e-01 9.103094339370727539e-01 5.097254514694213867e-01 6.125825047492980957e-01 3.165560960769653320e-01 5.317609384655952454e-02 2.066259831190109253e-01
7.536074519157409668e-01 7.225248217582702637e-01 7.008783817291259766e-01 1.775116771459579468e-01 9.560590982437133789e-01 0.000000000000000000e+00 7.167162299156188965e-01 6.128847599029541016e-01 5.429808497428894043e-01 3.807839155197143555e-01 9.380754232406616211e-01 3.875017166137695312e-02
6.492499709129333496e-01 7.601666450500488281e-01 4.250000230967998505e-03 4.437499940395355225e-01 9.767500162124633789e-01 4.626775085926055908e-01 5.923618674278259277e-01 6.806351542472839355e-01 1.599287092685699463e-01 6.362400650978088379e-01 9.404974579811096191e-01 4.523018002510070801e-01
8.409148454666137695e-01 5.868635177612304688e-01 7.312741279602050781e-01 7.907198071479797363e-01 2.765632867813110352e-01 0.000000000000000000e+00 8.128336071968078613e-01 5.753645300865173340e-01 7.035642862319946289e-01 8.279637098312377930e-01 2.700181603431701660e-01 2.692720107734203339e-02
7.511016726493835449e-01 2.218378335237503052e-01 1.213026270270347595e-01 3.523295521736145020e-01 4.352561831474304199e-01 0.000000000000000000e+00 6.476062536239624023e-01 2.092188447713851929e-01 2.590925395488739014e-01 3.226849436759948730e-01 4.617849588394165039e-01 4.885903373360633850e-02
9.662500023841857910e-01 2.314999997615814209e-01 1.092500016093254089e-01 8.524999767541885376e-02 3.177500069141387939e-01 6.710724830627441406e-01 8.170888423919677734e-01 3.426654338836669922e-01 1.411325633525848389e-01 1.410504877567291260e-01 3.271786272525787354e-01 5.600107908248901367e-01
2.479135543107986450e-01 1.461559981107711792e-01 7.397067546844482422e-02 4.959073364734649658e-01 6.791977882385253906e-01 0.000000000000000000e+00 3.909568786621093750e-01 3.713210523128509521e-01 3.395416736602783203e-01 1.527824699878692627e-01 6.642761230468750000e-01 2.422344535589218140e-01
3.567500114440917969e-01 3.388333320617675781e-01 5.867499709129333496e-01 6.472499966621398926e-01 5.577499866485595703e-01 3.404124975204467773e-01 3.967334628105163574e-01 2.869260609149932861e-01 5.454219579696655273e-01 6.734670996665954590e-01 5.377219915390014648e-01 2.893168330192565918e-01
2.517499923706054688e-01 6.198333501815795898e-01 4.977500140666961670e-01 7.227500081062316895e-01 5.952500104904174805e-01 5.230674743652343750e-01 2.859182953834533691e-01 6.863850355148315430e-01 5.645316839218139648e-01 8.158869147300720215e-01 5.692577958106994629e-01 5.790106058120727539e-01
2.687500119209289551e-01 6.104999780654907227e-01 4.147500097751617432e-01 2.887499928474426270e-01 8.177499771118164062e-01 2.414125055074691772e-01 3.380247652530670166e-01 7.002199888229370117e-01 5.327390432357788086e-01 3.843963146209716797e-01 8.237713575363159180e-01 1.335939168930053711e-01
6.009922027587890625e-01 9.723244905471801758e-01 4.539610072970390320e-02 6.516661047935485840e-01 4.332367330789566040e-02 0.000000000000000000e+00 6.194555163383483887e-01 9.437127709388732910e-01 5.350279808044433594e-02 3.719202578067779541e-01 4.639394208788871765e-02 2.513338695280253887e-04
8.995574116706848145e-01 8.160755038261413574e-01 5.955891013145446777e-01 6.137461066246032715e-01 2.050932794809341431e-01 0.000000000000000000e+00 8.729432225227355957e-01 8.050938248634338379e-01 5.877867341041564941e-01 6.028718948364257812e-01 1.675690263509750366e-01 2.133530331775546074e-03
5.297212004661560059e-01 6.014770269393920898e-01 9.042257666587829590e-01 3.977243304252624512e-01 1.308780312538146973e-01 0.000000000000000000e+00 4.897558093070983887e-01 5.685347318649291992e-01 4.892591238021850586e-01 6.919618844985961914e-01 1.173641309142112732e-01 1.802756041288375854e-01
9.812499880790710449e-01 5.708333253860473633e-01 7.732499837875366211e-01 2.982499897480010986e-01 1.337500065565109253e-01 6.285024881362915039e-01 8.884619474411010742e-01 4.207302927970886230e-01 6.193045973777770996e-01 3.555591702461242676e-01 1.320795416831970215e-01 4.410725831985473633e-01
7.249999791383743286e-03 5.961666703224182129e-01 8.457499742507934570e-01 3.867500126361846924e-01 4.352500140666961670e-01 7.509250193834304810e-02 6.429999321699142456e-02 6.251624822616577148e-01 7.637692093849182129e-01 4.962972700595855713e-01 4.772689044475555420e-01 8.777348697185516357e-02
5.596216320991516113e-01 4.402446746826171875e-01 9.617177397012710571e-02 8.979977369308471680e-01 2.633144855499267578e-01 0.000000000000000000e+00 6.165167689323425293e-01 6.028338670730590820e-01 3.419035375118255615e-01 6.838865280151367188e-01 2.367556840181350708e-01 1.211112067103385925e-01
2.152500003576278687e-01 8.138333559036254883e-01 9.817500114440917969e-01 6.437500119209289551e-01 5.357499718666076660e-01 7.557175159454345703e-01 2.178333252668380737e-01 7.075584530830383301e-01 7.699668407440185547e-01 7.264779210090637207e-01 5.400176048278808594e-01 7.966716289520263672e-01
3.530607521533966064e-01 2.641830146312713623e-01 3.895855545997619629e-01 6.104484796524047852e-01 9.195419549942016602e-01 0.000000000000000000e+00 4.566294848918914795e-01 3.225504755973815918e-01 5.437930226325988770e-01 4.938945770263671875e-01 9.200799465179443359e-01 1.001594867557287216e-02
7.191845178604125977e-01 1.654720008373260498e-01 3.749918341636657715e-01 7.624869942665100098e-01 5.545954108238220215e-01 0.000000000000000000e+00 7.178890705108642578e-01 4.163329601287841797e-01 5.681075453758239746e-01 7.525940537452697754e-01 5.393242835998535156e-01 4.478744044899940491e-02
9.607499837875366211e-01 1.688333302736282349e-01 9.202499985694885254e-01 7.357500195503234863e-01 8.472499847412109375e-01 3.547675013542175293e-01 9.026492834091186523e-01 2.044936120510101318e-01 8.602968454360961914e-01 7.803342938423156738e-01 7.770007848739624023e-01 1.464989781379699707e-01
6.697499752044677734e-01 2.458333373069763184e-01 1.750000054016709328e-03 1.677500009536743164e-01 2.412499934434890747e-01 8.562024831771850586e-01 6.099076867103576660e-01 2.890720069408416748e-01 7.093545794486999512e-02 1.088423058390617371e-01 2.482825666666030884e-01 7.347972393035888672e-01
4.979024529457092285e-01 8.017633110284805298e-02 3.323481082916259766e-01 4.416582584381103516e-01 7.836698889732360840e-01 0.000000000000000000e+00 6.061487793922424316e-01 1.583956032991409302e-01 3.849664926528930664e-01 2.584242820739746094e-01 8.216130137443542480e-01 3.080811584368348122e-03
6.202499866485595703e-01 6.754999756813049316e-01 3.052499890327453613e-01 7.287499904632568359e-01 2.812500000000000000e-01 8.958024978637695312e-01 5.972625613212585449e-01 6.201869845390319824e-01 3.605010807514190674e-01 4.429253637790679932e-01 2.934806048870086670e-01 5.614109635353088379e-01
5.517500042915344238e-01 6.575000286102294922e-01 1.012500002980232239e-01 8.642500042915344238e-01 5.892500281333923340e-01 6.294925212860107422e-01 5.261198878288269043e-01 6.501678824424743652e-01 2.114625126123428345e-01 8.367058634757995605e-01 5.642190575599670410e-01 5.816282629966735840e-01
5.397499799728393555e-01 4.061666727066040039e-01 6.297500133514404297e-01 3.267500102519989014e-01 3.487499952316284180e-01 6.667750328779220581e-02 5.134570598602294922e-01 3.391878604888916016e-01 7.312530875205993652e-01 2.506108582019805908e-01 3.439629375934600830e-01 9.265497326850891113e-02
9.345616698265075684e-01 7.759138345718383789e-01 2.283998727798461914e-01 2.648421525955200195e-01 2.876462936401367188e-01 0.000000000000000000e+00 7.644391059875488281e-01 5.968215465545654297e-01 5.256741642951965332e-01 3.968092799186706543e-01 2.859871089458465576e-01 2.280185231938958168e-03
9.232500195503234863e-01 2.728333473205566406e-01 2.137500047683715820e-01 5.667499899864196777e-01 4.237500131130218506e-01 1.562725007534027100e-01 9.351521134376525879e-01 4.390623569488525391e-01 3.201971054077148438e-01 4.044399261474609375e-01 4.225026667118072510e-01 1.411004215478897095e-01
3.051449954509735107e-01 6.041070222854614258e-01 6.521801352500915527e-01 6.031442880630493164e-01 3.285475969314575195e-01 0.000000000000000000e+00 2.826080322265625000e-01 6.415697336196899414e-01 7.120647430419921875e-01 6.659762859344482422e-01 3.134024739265441895e-01 1.119396388530731201e-01
9.502500295639038086e-01 4.421666562557220459e-01 6.302499771118164062e-01 3.707500100135803223e-01 3.777500092983245850e-01 7.459750026464462280e-02 8.800119161605834961e-01 3.772693574428558350e-01 6.457734107971191406e-01 3.665364682674407959e-01 3.949722647666931152e-01 1.252161413431167603e-01
6.132500171661376953e-01 4.048333466053009033e-01 4.632500112056732178e-01 7.622500061988830566e-01 1.612499952316284180e-01 7.913575172424316406e-01 5.883642435073852539e-01 4.460829794406890869e-01 4.401891827583312988e-01 6.531751751899719238e-01 1.447360068559646606e-01 6.261346936225891113e-01
8.353384137153625488e-01 6.116473078727722168e-01 4.180944263935089111e-01 1.467837691307067871e-01 9.651579260826110840e-01 0.000000000000000000e+00 7.605680227279663086e-01 6.018237471580505371e-01 4.471979141235351562e-01 3.681528568267822266e-01 9.369968771934509277e-01 1.116709411144256592e-02
4.137499928474426270e-01 6.748333573341369629e-01 6.282500028610229492e-01 5.052499771118164062e-01 7.272499799728393555e-01 6.512724757194519043e-01 4.200116097927093506e-01 6.040445566177368164e-01 4.388136863708496094e-01 7.103181481361389160e-01 7.378886938095092773e-01 7.654948830604553223e-01
7.737500071525573730e-01 4.474999904632568359e-01 6.207500100135803223e-01 8.602499961853027344e-01 5.787500143051147461e-01 4.166424870491027832e-01 7.986593842506408691e-01 5.016589760780334473e-01 5.864154696464538574e-01 8.108698129653930664e-01 5.457437634468078613e-01 4.277794063091278076e-01
3.567500114440917969e-01 3.388333320617675781e-01 5.867499709129333496e-01 6.472499966621398926e-01 5.577499866485595703e-01 3.404124975204467773e-01 3.967334628105163574e-01 2.869260609149932861e-01 5.454219579696655273e-01 6.734670996665954590e-01 5.377219915390014648e-01 2.893168330192565918e-01
8.425000309944152832e-02 3.655000030994415283e-01 1.875000074505805969e-02 4.672499895095825195e-01 2.232500016689300537e-01 3.839724957942962646e-01 1.377919316291809082e-01 5.072553157806396484e-01 1.516951173543930054e-01 5.705538392066955566e-01 1.831773221492767334e-01 5.214378833770751953e-01
5.507500171661376953e-01 3.238333463668823242e-01 8.967499732971191406e-01 2.862499952316284180e-01 4.297499954700469971e-01 5.097025036811828613e-01 5.993356704711914062e-01 3.244472742080688477e-01 7.947292923927307129e-01 2.608397901058197021e-01 4.360183775424957275e-01 4.783624410629272461e-01
8.664155602455139160e-01 5.472988486289978027e-01 8.572958111763000488e-01 3.887800034135580063e-03 7.902010679244995117e-01 0.000000000000000000e+00 8.600564599037170410e-01 5.408344864845275879e-01 4.896550774574279785e-01 3.266139030456542969e-01 7.792579531669616699e-01 4.360717162489891052e-02
9.525000303983688354e-02 5.774999856948852539e-01 1.882500052452087402e-01 4.282500147819519043e-01 5.407500267028808594e-01 2.409175038337707520e-01 1.638241112232208252e-01 6.002410650253295898e-01 2.510306835174560547e-01 4.822248518466949463e-01 5.850915312767028809e-01 7.103415578603744507e-02
7.743794322013854980e-01 4.311195015907287598e-01 2.778903841972351074e-01 6.912325620651245117e-01 2.230880036950111389e-02 0.000000000000000000e+00 7.561372518539428711e-01 3.924679458141326904e-01 3.777835369110107422e-01 6.142555475234985352e-01 4.265819862484931946e-02 1.458527636714279652e-03
1.832499951124191284e-01 1.901666671037673950e-01 9.902499914169311523e-01 3.447499871253967285e-01 4.292500019073486328e-01 1.518175005912780762e-01 2.162429690361022949e-01 2.372552156448364258e-01 8.544010519981384277e-01 3.605141639709472656e-01 3.670622110366821289e-01 8.060119114816188812e-03
1.086341515183448792e-01 2.514028251171112061e-01 2.455340027809143066e-01 1.063882261514663696e-01 2.112782560288906097e-02 0.000000000000000000e+00 9.688874334096908569e-02 1.836929023265838623e-01 1.627436578273773193e-01 7.492350041866302490e-02 4.887687414884567261e-02 9.349800646305084229e-02
8.577499985694885254e-01 2.168333381414413452e-01 2.547500133514404297e-01 3.422499895095825195e-01 2.307499945163726807e-01 5.324724912643432617e-01 7.627696990966796875e-01 2.924185693264007568e-01 3.148531913757324219e-01 3.064566552639007568e-01 2.068542838096618652e-01 3.063019514083862305e-01
2.152500003576278687e-01 8.138333559036254883e-01 9.817500114440917969e-01 6.437500119209289551e-01 5.357499718666076660e-01 7.557175159454345703e-01 2.178333252668380737e-01 7.075584530830383301e-01 7.699668407440185547e-01 7.264779210090637207e-01 5.400176048278808594e-01 7.966716289520263672e-01
3.762499988079071045e-01 2.175000011920928955e-01 1.457500010728836060e-01 2.972500026226043701e-01 3.892500102519989014e-01 4.686174988746643066e-01 4.237803220748901367e-01 2.861302196979522705e-01 1.657485514879226685e-01 3.208104074001312256e-01 3.538145720958709717e-01 3.663206398487091064e-01
2.801844477653503418e-01 8.990551829338073730e-01 6.159963607788085938e-01 9.648721218109130859e-01 8.695977330207824707e-01 0.000000000000000000e+00 2.545239627361297607e-01 8.358175754547119141e-01 5.225110650062561035e-01 8.828349113464355469e-01 8.240472078323364258e-01 1.220148708671331406e-02
1.317500025033950806e-01 3.211666643619537354e-01 9.142500162124633789e-01 2.262499928474426270e-01 9.742500185966491699e-01 8.720424771308898926e-01 1.426819264888763428e-01 3.186581432819366455e-01 7.459711432456970215e-01 2.412195652723312378e-01 9.166346788406372070e-01 7.918803095817565918e-01
4.757742583751678467e-01 4.638711810111999512e-01 2.291892468929290771e-02 9.099213480949401855e-01 4.119794368743896484e-01 0.000000000000000000e+00 5.811499357223510742e-01 6.206432580947875977e-01 3.147410452365875244e-01 5.735405683517456055e-01 4.100288450717926025e-01 6.096479669213294983e-02
3.897500038146972656e-01 7.645000219345092773e-01 2.977499961853027344e-01 9.697499871253967285e-01 2.027499973773956299e-01 3.577375113964080811e-01 4.156327545642852783e-01 7.113916277885437012e-01 3.530019223690032959e-01 7.635240554809570312e-01 2.386053949594497681e-01 2.587061822414398193e-01
8.980935215950012207e-01 8.041629791259765625e-01 3.761445879936218262e-01 7.220140695571899414e-01 3.358447551727294922e-01 0.000000000000000000e+00 8.642675280570983887e-01 7.982432246208190918e-01 5.234230756759643555e-01 6.606819033622741699e-01 3.127185404300689697e-01 2.460220362991094589e-03
3.367500007152557373e-01 6.825000047683715820e-01 3.542500138282775879e-01 8.167499899864196777e-01 7.225000113248825073e-02 8.746749907732009888e-02 3.927512168884277344e-01 6.333119273185729980e-01 3.890038430690765381e-01 6.008704304695129395e-01 1.120711490511894226e-01 1.014439389109611511e-01
1.117499992251396179e-01 3.808333277702331543e-01 1.052500009536743164e-01 5.272499918937683105e-01 7.074999809265136719e-02 1.810224950313568115e-01 1.432929486036300659e-01 3.196534216403961182e-01 1.383225917816162109e-01 4.801281094551086426e-01 6.564058363437652588e-02 6.500390917062759399e-02
1.062500029802322388e-01 4.724999964237213135e-01 6.117500066757202148e-01 7.057499885559082031e-01 7.172499895095825195e-01 2.339874953031539917e-01 1.505018174648284912e-01 5.138707756996154785e-01 6.363003253936767578e-01 8.003975152969360352e-01 6.827554106712341309e-01 3.871496617794036865e-01
1.117499992251396179e-01 3.808333277702331543e-01 1.052500009536743164e-01 5.272499918937683105e-01 7.074999809265136719e-02 1.810224950313568115e-01 1.432929486036300659e-01 3.196534216403961182e-01 1.383225917816162109e-01 4.801281094551086426e-01 6.564058363437652588e-02 6.500390917062759399e-02
1.555762533098459244e-02 4.682056605815887451e-01 5.393286347389221191e-01 1.991014033555984497e-01 2.700832784175872803e-01 0.000000000000000000e+00 2.730632573366165161e-02 6.290654540061950684e-01 7.661911249160766602e-01 2.420870810747146606e-01 2.403807938098907471e-01 8.663690648972988129e-03
5.707499980926513672e-01 2.768333256244659424e-01 2.472500056028366089e-01 4.202499985694885254e-01 6.162499785423278809e-01 6.865750253200531006e-02 5.686662793159484863e-01 3.548153936862945557e-01 3.741143941879272461e-01 3.505902588367462158e-01 5.584766268730163574e-01 1.545516550540924072e-01
2.933612763881683350e-01 7.333996891975402832e-01 6.237332820892333984e-01 9.018302559852600098e-01 6.567041873931884766e-01 0.000000000000000000e+00 2.598954141139984131e-01 7.359852194786071777e-01 7.995191812515258789e-01 8.901411294937133789e-01 6.135777235031127930e-01 3.352525876834988594e-03
9.917500019073486328e-01 1.704999953508377075e-01 3.627499938011169434e-01 4.262500107288360596e-01 4.727500081062316895e-01 2.275525033473968506e-01 9.386616349220275879e-01 3.411787748336791992e-01 4.526846706867218018e-01 3.164744973182678223e-01 4.438300430774688721e-01 9.342946112155914307e-02
7.332351207733154297e-01 5.520066618919372559e-02 1.153872236609458923e-01 3.862302899360656738e-01 6.962412595748901367e-01 0.000000000000000000e+00 6.345148682594299316e-01 2.219202369451522827e-01 5.122536420822143555e-01 2.232659906148910522e-01 6.921095252037048340e-01 4.048240184783935547e-02
5.572500228881835938e-01 6.501666903495788574e-01 5.007500052452087402e-01 8.547499775886535645e-01 7.812500000000000000e-01 9.457975029945373535e-01 5.238655805587768555e-01 6.670026779174804688e-01 5.015005469322204590e-01 8.949332833290100098e-01 8.124002814292907715e-01 8.870912194252014160e-01
4.174999892711639404e-02 7.754999995231628418e-01 2.872500121593475342e-01 9.377499818801879883e-01 2.587499916553497314e-01 1.557774990797042847e-01 7.244537770748138428e-02 7.753038406372070312e-01 3.420377969741821289e-01 9.243147373199462891e-01 3.385165631771087646e-01 1.243210677057504654e-02
8.207499980926513672e-01 3.451666533946990967e-01 3.482500016689300537e-01 8.142499923706054688e-01 9.872499704360961914e-01 8.487774729728698730e-01 7.712945938110351562e-01 2.613096833229064941e-01 2.934629321098327637e-01 8.433569669723510742e-01 9.399741888046264648e-01 5.867178440093994141e-01
5.190179347991943359e-01 5.260011553764343262e-01 3.731613755226135254e-01 6.337729841470718384e-02 8.890709280967712402e-01 0.000000000000000000e+00 5.307510495185852051e-01 3.052133917808532715e-01 4.260243773460388184e-01 1.611324548721313477e-01 8.928914666175842285e-01 7.510041352361440659e-03
2.808876931667327881e-01 5.445898175239562988e-01 8.277884125709533691e-01 4.957728385925292969e-01 9.378634095191955566e-01 0.000000000000000000e+00 3.369279801845550537e-01 4.128205180168151855e-01 7.543436884880065918e-01 3.794382810592651367e-01 9.015097022056579590e-01 2.283416502177715302e-02
1.152499988675117493e-01 6.201666593551635742e-01 2.342499941587448120e-01 6.475000083446502686e-02 4.577499926090240479e-01 2.765575051307678223e-01 1.637022197246551514e-01 4.970691204071044922e-01 2.194032967090606689e-01 2.259247303009033203e-01 5.764773488044738770e-01 2.857092022895812988e-01
1.597499996423721313e-01 2.758333384990692139e-01 2.612499892711639404e-01 7.782499790191650391e-01 6.602500081062316895e-01 3.884274959564208984e-01 1.849038898944854736e-01 3.521709144115447998e-01 3.093318343162536621e-01 7.841422557830810547e-01 5.976217985153198242e-01 3.975063264369964600e-01
8.186942934989929199e-01 5.527529716491699219e-01 3.132797405123710632e-02 5.061126351356506348e-01 1.376676261425018311e-01 0.000000000000000000e+00 6.969026327133178711e-01 5.293453931808471680e-01 3.275824487209320068e-01 4.587381184101104736e-01 9.720753878355026245e-02 6.088973954319953918e-03
7.217185497283935547e-01 2.363303303718566895e-01 6.975585222244262695e-01 7.847717404365539551e-01 7.657893896102905273e-01 0.000000000000000000e+00 7.177698016166687012e-01 2.277226448059082031e-01 7.491148114204406738e-01 7.923595905303955078e-01 7.637166976928710938e-01 5.379735492169857025e-03
2.354811429977416992e-01 6.751918196678161621e-01 9.184318184852600098e-01 4.669839441776275635e-01 7.406538724899291992e-01 0.000000000000000000e+00 2.644855678081512451e-01 6.555273532867431641e-01 6.549261212348937988e-01 4.895396232604980469e-01 7.075053453445434570e-01 5.582677572965621948e-02
6.227499842643737793e-01 5.504999756813049316e-01 9.182500243186950684e-01 2.882499992847442627e-01 4.312500059604644775e-01 7.106724977493286133e-01 6.371273994445800781e-01 4.082842767238616943e-01 8.113033175468444824e-01 2.169197946786880493e-01 4.245160222053527832e-01 6.602866649627685547e-01
9.662500023841857910e-01 2.314999997615814209e-01 1.092500016093254089e-01 8.524999767541885376e-02 3.177500069141387939e-01 6.710724830627441406e-01 8.170888423919677734e-01 3.426654338836669922e-01 1.411325633525848389e-01 1.410504877567291260e-01 3.271786272525787354e-01 5.600107908248901367e-01
2.522127628326416016e-01 9.045705199241638184e-01 7.038117051124572754e-01 5.069847106933593750e-01 9.931866526603698730e-01 0.000000000000000000e+00 2.240466624498367310e-01 8.098719120025634766e-01 5.145127177238464355e-01 6.762516498565673828e-01 9.369429945945739746e-01 2.315630204975605011e-02
6.202499866485595703e-01 6.754999756813049316e-01 3.052499890327453613e-01 7.287499904632568359e-01 2.812500000000000000e-01 8.958024978637695312e-01 5.972625613212585449e-01 6.201869845390319824e-01 3.605010807514190674e-01 4.429253637790679932e-01 2.934806048870086670e-01 5.614109635353088379e-01
5.532450675964355469e-01 6.627516746520996094e-01 2.802979052066802979e-01 2.921982705593109131e-01 7.500883340835571289e-01 0.000000000000000000e+00 5.172906517982482910e-01 7.955279946327209473e-01 4.361604750156402588e-01 2.695972621440887451e-01 7.523308396339416504e-01 5.615833774209022522e-02
1.605137437582015991e-02 7.927796840667724609e-01 1.346595287322998047e-01 8.639073967933654785e-01 8.540896177291870117e-01 0.000000000000000000e+00 5.230829119682312012e-02 8.598691225051879883e-01 1.255801171064376831e-01 7.758754491806030273e-01 8.819536566734313965e-01 6.168954423628747463e-04
8.162500262260437012e-01 6.061666607856750488e-01 4.707500040531158447e-01 2.437500059604644775e-01 1.947499960660934448e-01 3.300175070762634277e-01 7.968114614486694336e-01 4.297345876693725586e-01 2.818700671195983887e-01 2.746903896331787109e-01 1.994050294160842896e-01 3.057372868061065674e-01
3.381630182266235352e-01 7.426211833953857422e-01 4.082055389881134033e-01 8.204808831214904785e-01 1.559098213911056519e-01 0.000000000000000000e+00 3.346918523311614990e-01 7.076221108436584473e-01 3.595919013023376465e-01 7.585591077804565430e-01 1.025706976652145386e-01 4.743329435586929321e-02
9.947500228881835938e-01 4.358333349227905273e-01 7.782499790191650391e-01 2.212499976158142090e-01 7.252500057220458984e-01 2.983374893665313721e-01 9.170574545860290527e-01 3.820517659187316895e-01 7.069363594055175781e-01 3.048827946186065674e-01 6.951642036437988281e-01 3.712680041790008545e-01
7.709617167711257935e-02 3.328503370285034180e-01 9.948492795228958130e-02 3.288143277168273926e-01 2.596904039382934570e-01 0.000000000000000000e+00 1.188615858554840088e-01 4.110893607139587402e-01 2.483481317758560181e-01 2.575125694274902344e-01 2.422669082880020142e-01 4.089912027120590210e-02
4.192500114440917969e-01 8.331666588783264160e-01 2.402500063180923462e-01 3.272500038146972656e-01 2.727499902248382568e-01 9.462925195693969727e-01 3.993968963623046875e-01 6.834288239479064941e-01 2.116537839174270630e-01 2.375881969928741455e-01 2.946903705596923828e-01 8.191853761672973633e-01
9.250000119209289551e-03 6.671666502952575684e-01 8.472499847412109375e-01 4.362500011920928955e-01 1.627500057220458984e-01 2.226025015115737915e-01 3.831953927874565125e-02 6.460757851600646973e-01 7.364414334297180176e-01 5.001575350761413574e-01 2.519518136978149414e-01 5.081805586814880371e-02
7.137500047683715820e-01 4.058333337306976318e-01 9.047499895095825195e-01 5.977500081062316895e-01 2.067500054836273193e-01 6.522625088691711426e-01 7.671309113502502441e-01 3.056390583515167236e-01 7.433374524116516113e-01 4.682443141937255859e-01 2.169226706027984619e-01 4.175301492214202881e-01
3.748235106468200684e-02 8.694358468055725098e-01 6.007618904113769531e-01 7.746641635894775391e-01 2.502822279930114746e-01 0.000000000000000000e+00 6.422718055546283722e-03 9.126231074333190918e-01 6.641836762428283691e-01 8.754702806472778320e-01 1.891233175992965698e-01 2.607771421025972813e-05
5.853021740913391113e-01 8.179035186767578125e-01 3.470972776412963867e-01 5.705711841583251953e-01 1.719255298376083374e-01 0.000000000000000000e+00 5.119529366493225098e-01 7.999477982521057129e-01 2.291345894336700439e-01 5.837892889976501465e-01 1.555771827697753906e-01 2.063682675361633301e-02
4.848002791404724121e-01 9.393165111541748047e-01 8.856986761093139648e-01 9.434224963188171387e-01 9.621604084968566895e-01 0.000000000000000000e+00 5.323096513748168945e-01 7.967104315757751465e-01 6.937214136123657227e-01 8.676965236663818359e-01 9.223797917366027832e-01 1.502072252333164215e-02
6.862499713897705078e-01 1.848333328962326050e-01 1.072499975562095642e-01 1.247500032186508179e-01 1.492500007152557373e-01 7.700725197792053223e-01 6.121943593025207520e-01 2.497246861457824707e-01 1.933696419000625610e-01 1.170732676982879639e-01 1.255597621202468872e-01 6.708089709281921387e-01
9.992499947547912598e-01 2.108333259820938110e-01 4.542500078678131104e-01 9.667500257492065430e-01 7.722499966621398926e-01 5.196024775505065918e-01 8.965925574302673340e-01 2.673780024051666260e-01 7.984657883644104004e-01 7.390424609184265137e-01 7.317436337471008301e-01 4.975601732730865479e-01
3.367500007152557373e-01 6.825000047683715820e-01 3.542500138282775879e-01 8.167499899864196777e-01 7.225000113248825073e-02 8.746749907732009888e-02 3.927512168884277344e-01 6.333119273185729980e-01 3.890038430690765381e-01 6.008704304695129395e-01 1.120711490511894226e-01 1.014439389109611511e-01
5.707499980926513672e-01 2.768333256244659424e-01 2.472500056028366089e-01 4.202499985694885254e-01 6.162499785423278809e-01 6.865750253200531006e-02 5.686662793159484863e-01 3.548153936862945557e-01 3.741143941879272461e-01 3.505902588367462158e-01 5.584766268730163574e-01 1.545516550540924072e-01
1.597499996423721313e-01 2.758333384990692139e-01 2.612499892711639404e-01 7.782499790191650391e-01 6.602500081062316895e-01 3.884274959564208984e-01 1.849038898944854736e-01 3.521709144115447998e-01 3.093318343162536621e-01 7.841422557830810547e-01 5.976217985153198242e-01 3.975063264369964600e-01
8.632500171661376953e-01 4.165000021457672119e-01 4.027499854564666748e-01 8.617500066757202148e-01 4.562500119209289551e-01 8.859025239944458008e-01 8.719854950904846191e-01 4.850621223449707031e-01 4.315168857574462891e-01 6.930657625198364258e-01 4.118758440017700195e-01 6.063793301582336426e-01
4.225059747695922852e-01 2.202975004911422729e-01 2.695103585720062256e-01 3.267645239830017090e-01 6.133760213851928711e-01 0.000000000000000000e+00 4.570109546184539795e-01 3.792313337326049805e-01 4.243839681148529053e-01 2.251111865043640137e-01 6.401808261871337891e-01 1.013666465878486633e-01
8.892499804496765137e-01 1.675000041723251343e-01 8.642500042915344238e-01 4.102500081062316895e-01 7.222499847412109375e-01 8.576874732971191406e-01 8.012595176696777344e-01 2.293106615543365479e-01 8.443140387535095215e-01 5.518448352813720703e-01 6.749646663665771484e-01 6.761112809181213379e-01
5.834470987319946289e-01 9.362301826477050781e-01 2.090140432119369507e-01 1.734820455312728882e-01 6.701775789260864258e-01 0.000000000000000000e+00 5.435272455215454102e-01 8.554897904396057129e-01 2.542000710964202881e-01 1.323574781417846680e-01 6.743228435516357422e-01 2.539265155792236328e-02
8.474182337522506714e-02 3.450365066528320312e-01 2.779890894889831543e-01 7.821257412433624268e-02 4.315617978572845459e-01 0.000000000000000000e+00 1.226516142487525940e-01 4.433150589466094971e-01 4.203433990478515625e-01 2.276158630847930908e-01 4.165858328342437744e-01 1.096091046929359436e-02
4.032500088214874268e-01 2.255000025033950806e-01 6.592500209808349609e-01 9.312499761581420898e-01 5.867499709129333496e-01 1.047924980521202087e-01 4.518838524818420410e-01 4.088149368762969971e-01 7.808687686920166016e-01 8.544260263442993164e-01 5.390199422836303711e-01 2.206612825393676758e-01
8.997499942779541016e-01 3.171666562557220459e-01 7.972499728202819824e-01 1.452499926090240479e-01 7.557500004768371582e-01 8.012574911117553711e-01 8.620073199272155762e-01 3.424984514713287354e-01 7.330119609832763672e-01 2.041111588478088379e-01 7.152400016784667969e-01 5.840982794761657715e-01
5.913392305374145508e-01 9.277078509330749512e-01 7.531182765960693359e-01 3.707669675350189209e-01 9.591383337974548340e-01 0.000000000000000000e+00 5.648049116134643555e-01 8.097822666168212891e-01 5.236962437629699707e-01 5.786880254745483398e-01 9.218934178352355957e-01 1.061157695949077606e-02
2.130403071641921997e-01 7.538406848907470703e-01 6.046638488769531250e-01 7.817583084106445312e-01 7.653055191040039062e-01 0.000000000000000000e+00 1.969775706529617310e-01 7.589602470397949219e-01 5.860353112220764160e-01 7.377210259437561035e-01 7.064994573593139648e-01 1.520430762320756912e-02
7.462499737739562988e-01 4.435000121593475342e-01 5.262500047683715820e-01 9.722499847412109375e-01 5.317500233650207520e-01 3.008125126361846924e-01 6.901944279670715332e-01 3.788455724716186523e-01 6.405900120735168457e-01 8.170922994613647461e-01 5.056931376457214355e-01 2.511692345142364502e-01
9.812499880790710449e-01 5.708333253860473633e-01 7.732499837875366211e-01 2.982499897480010986e-01 1.337500065565109253e-01 6.285024881362915039e-01 8.884619474411010742e-01 4.207302927970886230e-01 6.193045973777770996e-01 3.555591702461242676e-01 1.320795416831970215e-01 4.410725831985473633e-01
5.989437550306320190e-02 6.063514947891235352e-01 7.318518757820129395e-01 3.017284274101257324e-01 9.945700317621231079e-02 0.000000000000000000e+00 1.523877866566181183e-02 6.646783947944641113e-01 8.261419534683227539e-01 3.854550719261169434e-01 1.011575609445571899e-01 1.247447449713945389e-03
9.242500066757202148e-01 5.005000233650207520e-01 6.162499785423278809e-01 5.257499814033508301e-01 7.982500195503234863e-01 2.864575088024139404e-01 8.945537209510803223e-01 3.120778799057006836e-01 5.938156247138977051e-01 5.096411108970642090e-01 7.779652476310729980e-01 1.305199265480041504e-01
9.435424953699111938e-02 9.003700017929077148e-01 5.625003576278686523e-01 6.159881353378295898e-01 9.326550178229808807e-03 0.000000000000000000e+00 1.179765630513429642e-02 9.043838381767272949e-01 5.527111887931823730e-01 8.306699991226196289e-01 4.123168438673019409e-02 4.410654582898132503e-05
6.397500038146972656e-01 7.154999971389770508e-01 5.697500109672546387e-01 5.147500038146972656e-01 6.047499775886535645e-01 3.018024861812591553e-01 6.150527000427246094e-01 6.618915796279907227e-01 5.548431873321533203e-01 5.078594684600830078e-01 5.883824229240417480e-01 1.429829895496368408e-01
9.944334030151367188e-01 6.770833581686019897e-02 5.674706101417541504e-01 7.134721279144287109e-01 1.155852973461151123e-01 0.000000000000000000e+00 8.738000392913818359e-01 2.199600636959075928e-01 8.002843856811523438e-01 7.609733939170837402e-01 8.735555410385131836e-02 6.020407308824360371e-04
8.937899470329284668e-01 7.539954781532287598e-01 9.195522218942642212e-02 5.554978847503662109e-01 3.482151627540588379e-01 0.000000000000000000e+00 8.567659258842468262e-01 8.858416080474853516e-01 2.068393528461456299e-01 4.535942971706390381e-01 3.678228557109832764e-01 1.529610808938741684e-02
4.196380972862243652e-01 2.135650068521499634e-02 2.537793815135955811e-01 7.937729358673095703e-01 5.983160734176635742e-01 0.000000000000000000e+00 5.049012899398803711e-01 1.534577161073684692e-01 2.877906560897827148e-01 6.438130140304565430e-01 5.986375212669372559e-01 3.576816990971565247e-02
4.032500088214874268e-01 2.255000025033950806e-01 6.592500209808349609e-01 9.312499761581420898e-01 5.867499709129333496e-01 1.047924980521202087e-01 4.518838524818420410e-01 4.088149368762969971e-01 7.808687686920166016e-01 8.544260263442993164e-01 5.390199422836303711e-01 2.206612825393676758e-01
5.967500209808349609e-01 5.328333377838134766e-01 5.092499852180480957e-01 5.947499871253967285e-01 3.992500007152557373e-01 3.740724921226501465e-01 6.835073828697204590e-01 4.669469594955444336e-01 4.241038560867309570e-01 4.404866397380828857e-01 4.126449525356292725e-01 2.495208680629730225e-01
7.777500152587890625e-01 5.548333525657653809e-01 2.002499997615814209e-01 6.624999642372131348e-02 9.717500209808349609e-01 1.671624928712844849e-01 7.108059525489807129e-01 5.903583765029907227e-01 3.090594708919525146e-01 2.386432141065597534e-01 9.117770791053771973e-01 6.364452093839645386e-02
6.322827339172363281e-01 7.141431570053100586e-01 2.609661519527435303e-01 7.260119318962097168e-01 6.339281797409057617e-01 0.000000000000000000e+00 6.406605243682861328e-01 6.807434558868408203e-01 3.035430610179901123e-01 7.329425215721130371e-01 6.346035599708557129e-01 4.516137763857841492e-02
3.182500004768371582e-01 1.988333314657211304e-01 7.272499799728393555e-01 1.267500072717666626e-01 9.882500171661376953e-01 8.598250150680541992e-02 3.762601315975189209e-01 2.697553038597106934e-01 6.174335479736328125e-01 3.398101031780242920e-01 8.661844134330749512e-01 8.389700204133987427e-02
6.132500171661376953e-01 4.048333466053009033e-01 4.632500112056732178e-01 7.622500061988830566e-01 1.612499952316284180e-01 7.913575172424316406e-01 5.883642435073852539e-01 4.460829794406890869e-01 4.401891827583312988e-01 6.531751751899719238e-01 1.447360068559646606e-01 6.261346936225891113e-01
6.918372213840484619e-02 2.471324950456619263e-01 2.097392976284027100e-01 7.704162597656250000e-01 2.837883532047271729e-01 0.000000000000000000e+00 1.370895057916641235e-01 4.637976586818695068e-01 5.689691305160522461e-01 4.543460309505462646e-01 2.847045063972473145e-01 1.770058572292327881e-01
7.432500123977661133e-01 3.411666750907897949e-01 5.337499976158142090e-01 6.142500042915344238e-01 6.477500200271606445e-01 9.002575278282165527e-01 7.458530664443969727e-01 3.464989662170410156e-01 6.018899083137512207e-01 5.057975053787231445e-01 6.432291269302368164e-01 7.198408842086791992e-01
5.562499761581420898e-01 3.861666619777679443e-01 6.532499790191650391e-01 4.712499976158142090e-01 6.737499833106994629e-01 8.537275195121765137e-01 5.085945129394531250e-01 3.983140587806701660e-01 5.796638131141662598e-01 5.966585874557495117e-01 6.258467435836791992e-01 6.891177296638488770e-01
7.494186758995056152e-01 8.666601777076721191e-01 7.952404022216796875e-01 7.168938517570495605e-01 7.675775289535522461e-01 0.000000000000000000e+00 8.013808727264404297e-01 7.802641987800598145e-01 4.914838969707489014e-01 8.000191450119018555e-01 7.927204370498657227e-01 3.511546645313501358e-03
8.777499794960021973e-01 4.665000140666961670e-01 8.137500286102294922e-01 7.487499713897705078e-01 5.057500004768371582e-01 6.869124770164489746e-01 8.961387872695922852e-01 3.232204318046569824e-01 6.671370267868041992e-01 6.872805953025817871e-01 4.428641200065612793e-01 4.673146307468414307e-01
1.322499960660934448e-01 3.851666748523712158e-01 7.032499909400939941e-01 9.197499752044677734e-01 3.627499938011169434e-01 8.152750134468078613e-02 1.482368707656860352e-01 4.226740896701812744e-01 7.895574569702148438e-01 8.419640064239501953e-01 3.356038331985473633e-01 1.296965405344963074e-02
3.915491104125976562e-01 1.598246693611145020e-01 9.550953507423400879e-01 4.640429019927978516e-01 6.263464093208312988e-01 0.000000000000000000e+00 4.040245413780212402e-01 2.477573156356811523e-01 7.150379419326782227e-01 6.699414849281311035e-01 6.267631649971008301e-01 3.964617103338241577e-02
3.842499852180480957e-01 7.928333282470703125e-01 6.317499876022338867e-01 7.692499756813049316e-01 8.192499876022338867e-01 7.433425188064575195e-01 4.191166162490844727e-01 7.370984554290771484e-01 6.592672467231750488e-01 7.961669564247131348e-01 8.611636757850646973e-01 7.132599949836730957e-01
5.452499985694885254e-01 3.055000007152557373e-01 9.522500038146972656e-01 7.967500090599060059e-01 7.602499723434448242e-01 7.062175273895263672e-01 5.429286956787109375e-01 3.756057620048522949e-01 8.240224719047546387e-01 8.704925775527954102e-01 7.558218240737915039e-01 7.465392947196960449e-01
2.014322429895401001e-01 4.477131664752960205e-01 4.582019448280334473e-01 6.345700621604919434e-01 5.937390923500061035e-01 0.000000000000000000e+00 2.503381073474884033e-01 5.318913459777832031e-01 6.513236165046691895e-01 5.274181365966796875e-01 6.065356135368347168e-01 5.127667635679244995e-02
9.367499947547912598e-01 3.151666522026062012e-01 9.037500023841857910e-01 7.222499847412109375e-01 3.497500121593475342e-01 3.810024857521057129e-01 8.689357042312622070e-01 2.356340438127517700e-01 8.378362059593200684e-01 7.220837473869323730e-01 3.399318456649780273e-01 2.192211300134658813e-01
6.307500004768371582e-01 5.088333487510681152e-01 6.697499752044677734e-01 6.702499985694885254e-01 6.762499809265136719e-01 4.235725104808807373e-01 6.400715112686157227e-01 5.054752230644226074e-01 5.654841065406799316e-01 7.067055702209472656e-01 6.338312625885009766e-01 1.631228476762771606e-01
3.842499852180480957e-01 7.928333282470703125e-01 6.317499876022338867e-01 7.692499756813049316e-01 8.192499876022338867e-01 7.433425188064575195e-01 4.191166162490844727e-01 7.370984554290771484e-01 6.592672467231750488e-01 7.961669564247131348e-01 8.611636757850646973e-01 7.132599949836730957e-01
9.867194294929504395e-01 4.810321629047393799e-01 7.402859330177307129e-01 1.550721824169158936e-01 9.099890291690826416e-02 0.000000000000000000e+00 8.492126464843750000e-01 5.073438882827758789e-01 5.540619492530822754e-01 4.752917289733886719e-01 7.615821063518524170e-02 3.748706355690956116e-02
7.152500152587890625e-01 2.968333363533020020e-01 3.749999916180968285e-03 2.847500145435333252e-01 3.277499973773956299e-01 7.621524930000305176e-01 6.845964193344116211e-01 2.865589559078216553e-01 1.132654175162315369e-01 1.037333458662033081e-01 3.351031243801116943e-01 6.305511593818664551e-01
8.012499809265136719e-01 2.465000003576278687e-01 1.237500011920928955e-01 8.877500295639038086e-01 9.302499890327453613e-01 4.512925148010253906e-01 7.919889688491821289e-01 5.145657658576965332e-01 3.498201668262481689e-01 8.277118802070617676e-01 8.656564950942993164e-01 2.262122780084609985e-01
5.070981383323669434e-01 3.264755010604858398e-01 6.089787483215332031e-01 2.455945461988449097e-01 8.345464468002319336e-01 0.000000000000000000e+00 5.784708857536315918e-01 2.583310008049011230e-01 5.331133604049682617e-01 1.892066150903701782e-01 8.739243745803833008e-01 1.823821477591991425e-02
8.332499861717224121e-01 3.888333439826965332e-01 5.274999886751174927e-02 4.912500083446502686e-01 2.452500015497207642e-01 1.191475018858909607e-01 8.121309876441955566e-01 3.836978375911712646e-01 2.521349489688873291e-01 2.703701853752136230e-01 2.324722856283187866e-01 3.013815283775329590e-01
4.176519811153411865e-01 7.160000037401914597e-03 7.140450179576873779e-02 3.775711655616760254e-01 4.773701131343841553e-01 0.000000000000000000e+00 4.252496957778930664e-01 1.908039152622222900e-01 1.927168071269989014e-01 3.842366337776184082e-01 5.086978077888488770e-01 5.811939015984535217e-02
7.433171272277832031e-01 4.500413239002227783e-01 9.599010944366455078e-01 5.579813718795776367e-01 8.195521235466003418e-01 0.000000000000000000e+00 7.128840684890747070e-01 2.622616291046142578e-01 7.114661931991577148e-01 7.703244686126708984e-01 8.777180910110473633e-01 9.822409600019454956e-02
1.729400013573467731e-03 3.608341813087463379e-01 2.267001718282699585e-01 2.039597928524017334e-01 2.970607876777648926e-01 0.000000000000000000e+00 6.192425265908241272e-02 5.154373049736022949e-01 4.327991306781768799e-01 1.952886283397674561e-01 3.035871982574462891e-01 2.623585611581802368e-02
2.129958271980285645e-01 7.378146648406982422e-01 9.331533312797546387e-01 4.384985268115997314e-01 4.911751747131347656e-01 0.000000000000000000e+00 1.792159527540206909e-01 7.044757008552551270e-01 7.457472681999206543e-01 5.567206144332885742e-01 4.244797229766845703e-01 1.017777174711227417e-01
5.147500038146972656e-01 7.461666464805603027e-01 4.427500069141387939e-01 2.087499946355819702e-01 4.997499883174896240e-01 3.527874946594238281e-01 5.669656991958618164e-01 7.045383453369140625e-01 3.490344285964965820e-01 2.475857138633728027e-01 5.109852552413940430e-01 2.880575656890869141e-01
3.182500004768371582e-01 1.988333314657211304e-01 7.272499799728393555e-01 1.267500072717666626e-01 9.882500171661376953e-01 8.598250150680541992e-02 3.762601315975189209e-01 2.697553038597106934e-01 6.174335479736328125e-01 3.398101031780242920e-01 8.661844134330749512e-01 8.389700204133987427e-02
1.748982816934585571e-01 9.988076686859130859e-01 7.458911538124084473e-01 3.680723309516906738e-01 5.668605566024780273e-01 0.000000000000000000e+00 1.603460758924484253e-01 7.707266807556152344e-01 4.452825784683227539e-01 4.750660061836242676e-01 5.345644950866699219e-01 9.375219233334064484e-03
1.912499964237213135e-01 2.818333208560943604e-01 2.477499991655349731e-01 2.682499885559082031e-01 9.972500205039978027e-01 6.453325152397155762e-01 2.354081422090530396e-01 3.865175545215606689e-01 3.076301813125610352e-01 2.760043740272521973e-01 9.336829185485839844e-01 7.634899020195007324e-01
9.477499723434448242e-01 2.308333367109298706e-01 1.042499989271163940e-01 3.242500126361846924e-01 1.475000008940696716e-02 7.334424853324890137e-01 7.885227799415588379e-01 2.880866527557373047e-01 1.574566364288330078e-01 2.233948707580566406e-01 5.621815100312232971e-02 5.618169307708740234e-01
2.294659316539764404e-01 9.913673400878906250e-01 3.913021981716156006e-01 6.526643633842468262e-01 5.636940151453018188e-02 0.000000000000000000e+00 1.209659725427627563e-01 9.195536375045776367e-01 2.974499166011810303e-01 7.501146793365478516e-01 5.312725901603698730e-02 1.556787901790812612e-04
4.978106915950775146e-01 3.196828365325927734e-01 6.073328256607055664e-01 3.021029531955718994e-01 1.580208539962768555e-01 0.000000000000000000e+00 5.260736942291259766e-01 2.321238815784454346e-01 4.707134068012237549e-01 2.821702063083648682e-01 1.410949379205703735e-01 1.967097967863082886e-01
2.607499957084655762e-01 3.608333468437194824e-01 9.957500100135803223e-01 7.667499780654907227e-01 4.282500147819519043e-01 1.790425032377243042e-01 2.819273769855499268e-01 2.720824182033538818e-01 8.094125390052795410e-01 7.502388358116149902e-01 4.166484773159027100e-01 1.023562345653772354e-02
8.681400120258331299e-02 7.451268434524536133e-01 6.886747479438781738e-01 7.683520913124084473e-01 9.524906277656555176e-01 0.000000000000000000e+00 5.535141378641128540e-02 7.803443670272827148e-01 7.302715182304382324e-01 7.795703411102294922e-01 8.579444289207458496e-01 5.787392146885395050e-03
5.857499837875366211e-01 5.264999866485595703e-01 9.624999761581420898e-02 1.667499989271163940e-01 6.437500119209289551e-01 8.067024946212768555e-01 5.806062221527099609e-01 4.863471984863281250e-01 1.669007688760757446e-01 1.629923433065414429e-01 6.283063292503356934e-01 7.765671014785766602e-01
9.112499952316284180e-01 2.748333215713500977e-01 8.147500157356262207e-01 7.077500224113464355e-01 8.597499728202819824e-01 8.873875141143798828e-01 8.971393108367919922e-01 3.392365574836730957e-01 7.858274579048156738e-01 7.788431644439697266e-01 8.445823192596435547e-01 8.000286817550659180e-01
8.332499861717224121e-01 3.888333439826965332e-01 5.274999886751174927e-02 4.912500083446502686e-01 2.452500015497207642e-01 1.191475018858909607e-01 8.121309876441955566e-01 3.836978375911712646e-01 2.521349489688873291e-01 2.703701853752136230e-01 2.324722856283187866e-01 3.013815283775329590e-01
4.962500035762786865e-01 5.658333301544189453e-01 8.657500147819519043e-01 8.772500157356262207e-01 2.282499969005584717e-01 8.131374716758728027e-01 4.786822795867919922e-01 5.141146183013916016e-01 7.092683911323547363e-01 8.354035615921020508e-01 2.562852203845977783e-01 6.111641526222229004e-01
7.222816944122314453e-01 4.616509974002838135e-01 5.568978786468505859e-01 3.262258470058441162e-01 7.051780074834823608e-02 0.000000000000000000e+00 7.060586214065551758e-01 2.616611421108245850e-01 3.823038637638092041e-01 4.771160185337066650e-01 7.759097963571548462e-02 1.898833364248275757e-02
9.942499995231628418e-01 2.911666631698608398e-01 8.725000172853469849e-02 9.897500276565551758e-01 3.057500123977661133e-01 6.082075238227844238e-01 9.277446866035461426e-01 3.824188709259033203e-01 2.497566044330596924e-01 6.799997091293334961e-01 3.204202055931091309e-01 3.495790660381317139e-01
5.507500171661376953e-01 3.238333463668823242e-01 8.967499732971191406e-01 2.862499952316284180e-01 4.297499954700469971e-01 5.097025036811828613e-01 5.993356704711914062e-01 3.244472742080688477e-01 7.947292923927307129e-01 2.608397901058197021e-01 4.360183775424957275e-01 4.783624410629272461e-01
9.232500195503234863e-01 2.728333473205566406e-01 2.137500047683715820e-01 5.667499899864196777e-01 4.237500131130218506e-01 1.562725007534027100e-01 9.351521134376525879e-01 4.390623569488525391e-01 3.201971054077148438e-01 4.044399261474609375e-01 4.225026667118072510e-01 1.411004215478897095e-01
6.340667605400085449e-02 8.114551901817321777e-01 6.024391055107116699e-01 2.381902784109115601e-01 3.808754682540893555e-01 0.000000000000000000e+00 3.821016475558280945e-02 7.800237536430358887e-01 5.968306064605712891e-01 4.042474329471588135e-01 3.739546835422515869e-01 1.177244819700717926e-03
1.912757009267807007e-01 3.835605084896087646e-01 2.494722306728363037e-01 4.403122067451477051e-01 3.868636190891265869e-01 0.000000000000000000e+00 1.914057582616806030e-01 5.361554026603698730e-01 5.565805435180664062e-01 2.948319613933563232e-01 3.672039508819580078e-01 3.808670490980148315e-02
6.397500038146972656e-01 7.154999971389770508e-01 5.697500109672546387e-01 5.147500038146972656e-01 6.047499775886535645e-01 3.018024861812591553e-01 6.150527000427246094e-01 6.618915796279907227e-01 5.548431873321533203e-01 5.078594684600830078e-01 5.883824229240417480e-01 1.429829895496368408e-01
9.449469447135925293e-01 4.096516594290733337e-02 4.261588156223297119e-01 1.576581448316574097e-01 2.996355593204498291e-01 0.000000000000000000e+00 6.976431608200073242e-01 2.043395340442657471e-01 6.759689450263977051e-01 4.792588651180267334e-01 3.413079380989074707e-01 3.149102255702018738e-02
8.477500081062316895e-01 6.428333520889282227e-01 2.902500033378601074e-01 9.562500119209289551e-01 7.402499914169311523e-01 1.780524998903274536e-01 8.575082421302795410e-01 6.321749091148376465e-01 3.739635646343231201e-01 8.284835219383239746e-01 7.123256325721740723e-01 4.006420075893402100e-02
4.794557988643646240e-01 4.655166529119014740e-03 3.932168781757354736e-01 4.943800270557403564e-01 9.987182021141052246e-01 0.000000000000000000e+00 6.534235477447509766e-01 1.922812908887863159e-01 4.614961445331573486e-01 3.751305043697357178e-01 9.531318545341491699e-01 2.470221603289246559e-03
8.516198992729187012e-01 5.616431832313537598e-01 6.958636045455932617e-01 1.487587243318557739e-01 2.888808548450469971e-01 0.000000000000000000e+00 7.935364842414855957e-01 4.645559787750244141e-01 3.988761007785797119e-01 4.481336176395416260e-01 2.732888460159301758e-01 1.824644766747951508e-02
8.409148454666137695e-01 5.868635177612304688e-01 7.312741279602050781e-01 7.907198071479797363e-01 2.765632867813110352e-01 0.000000000000000000e+00 8.128336071968078613e-01 5.753645300865173340e-01 7.035642862319946289e-01 8.279637098312377930e-01 2.700181603431701660e-01 2.692720107734203339e-02
3.277499973773956299e-01 7.845000028610229492e-01 3.562499880790710449e-01 7.802500128746032715e-01 2.642500102519989014e-01 4.849525094032287598e-01 3.483773171901702881e-01 7.096119523048400879e-01 3.612234294414520264e-01 7.233314514160156250e-01 3.331305086612701416e-01 4.699200093746185303e-01
7.925000041723251343e-02 4.868333339691162109e-01 4.742499887943267822e-01 2.274999953806400299e-02 9.662500023841857910e-01 8.477874994277954102e-01 1.352438181638717651e-01 5.086289644241333008e-01 4.639221131801605225e-01 2.217975258827209473e-01 9.915266633033752441e-01 8.227704763412475586e-01
5.288204550743103027e-01 7.716213464736938477e-01 2.112578004598617554e-01 9.585048556327819824e-01 7.439839839935302734e-01 0.000000000000000000e+00 5.547976493835449219e-01 8.131574392318725586e-01 3.884119689464569092e-01 7.492640614509582520e-01 7.414547801017761230e-01 1.386774331331253052e-02
3.277499973773956299e-01 7.845000028610229492e-01 3.562499880790710449e-01 7.802500128746032715e-01 2.642500102519989014e-01 4.849525094032287598e-01 3.483773171901702881e-01 7.096119523048400879e-01 3.612234294414520264e-01 7.233314514160156250e-01 3.331305086612701416e-01 4.699200093746185303e-01
3.957499861717224121e-01 2.851666808128356934e-01 4.972499907016754150e-01 6.037499904632568359e-01 7.942500114440917969e-01 1.310275048017501831e-01 4.211249947547912598e-01 3.693139553070068359e-01 4.666954576969146729e-01 7.385341525077819824e-01 7.395830750465393066e-01 6.920580565929412842e-02
4.172500073909759521e-01 1.711666733026504517e-01 4.412499964237213135e-01 2.187500000000000000e-01 1.757500022649765015e-01 5.205925107002258301e-01 3.675142228603363037e-01 2.547209560871124268e-01 3.990364372730255127e-01 2.939122617244720459e-01 1.373234242200851440e-01 2.866065800189971924e-01
1.502500027418136597e-01 6.945000290870666504e-01 7.067499756813049316e-01 2.177499979734420776e-01 9.425000101327896118e-02 7.354224920272827148e-01 1.282990127801895142e-01 6.927685141563415527e-01 6.740802526473999023e-01 2.438048124313354492e-01 1.419385075569152832e-01 7.704850435256958008e-01
8.474999666213989258e-02 4.178333282470703125e-01 2.502500116825103760e-01 3.462499976158142090e-01 1.792500019073486328e-01 8.796250075101852417e-02 1.157584488391876221e-01 4.833582043647766113e-01 3.845342993736267090e-01 4.115340113639831543e-01 1.656844019889831543e-01 4.739808291196823120e-02
1.612499952316284180e-01 5.575000047683715820e-01 7.357500195503234863e-01 9.762499928474426270e-01 4.097500145435333252e-01 1.617175042629241943e-01 1.746458262205123901e-01 6.006100177764892578e-01 7.842333316802978516e-01 9.265176057815551758e-01 4.164935350418090820e-01 1.159492582082748413e-01
8.026033639907836914e-01 7.180244922637939453e-01 3.400929570198059082e-01 7.924253940582275391e-01 6.954913735389709473e-01 0.000000000000000000e+00 7.935692667961120605e-01 6.560792326927185059e-01 5.335036516189575195e-01 6.867724061012268066e-01 6.908739209175109863e-01 4.984898958355188370e-03
4.348701536655426025e-01 7.335363626480102539e-01 8.464552760124206543e-01 5.918918848037719727e-01 7.573577165603637695e-01 0.000000000000000000e+00 4.552838802337646484e-01 5.534049272537231445e-01 7.278349399566650391e-01 4.803094267845153809e-01 7.793089747428894043e-01 1.722977012395858765e-01
4.982500076293945312e-01 3.598333299160003662e-01 6.932500004768371582e-01 8.737499713897705078e-01 3.422499895095825195e-01 8.552125096321105957e-01 5.300729274749755859e-01 4.154716134071350098e-01 7.204214334487915039e-01 7.576716542243957520e-01 3.338962495326995850e-01 6.932609677314758301e-01
6.453599333763122559e-01 9.176908135414123535e-01 7.924228906631469727e-01 7.378264665603637695e-01 4.738104343414306641e-01 0.000000000000000000e+00 6.806190013885498047e-01 7.468230724334716797e-01 5.010281205177307129e-01 7.452575564384460449e-01 4.661007523536682129e-01 3.309813141822814941e-02
9.392499923706054688e-01 3.638333380222320557e-01 9.022499918937683105e-01 4.647499918937683105e-01 7.072499990463256836e-01 7.735375165939331055e-01 9.055652618408203125e-01 3.301006853580474854e-01 8.047861456871032715e-01 5.181873440742492676e-01 7.206266522407531738e-01 7.589353322982788086e-01
2.411062456667423248e-02 9.430406689643859863e-01 4.275257885456085205e-01 1.701197177171707153e-01 8.516153097152709961e-01 0.000000000000000000e+00 9.782556444406509399e-02 8.236995339393615723e-01 3.860042691230773926e-01 1.875841915607452393e-01 9.826861619949340820e-01 4.770619794726371765e-03
7.507500052452087402e-01 7.124999761581420898e-01 6.712499856948852539e-01 7.547500133514404297e-01 1.647499948740005493e-01 3.597174882888793945e-01 8.249065279960632324e-01 4.663239419460296631e-01 5.607275366783142090e-01 5.194142460823059082e-01 1.756398230791091919e-01 3.534658849239349365e-01
3.111869692802429199e-01 7.029953598976135254e-01 8.891693353652954102e-01 9.303372502326965332e-01 1.235039997845888138e-02 0.000000000000000000e+00 2.882896065711975098e-01 5.734913945198059082e-01 6.735492348670959473e-01 9.214014410972595215e-01 3.721428662538528442e-02 6.527847144752740860e-03
1.832499951124191284e-01 1.901666671037673950e-01 9.902499914169311523e-01 3.447499871253967285e-01 4.292500019073486328e-01 1.518175005912780762e-01 2.162429690361022949e-01 2.372552156448364258e-01 8.544010519981384277e-01 3.605141639709472656e-01 3.670622110366821289e-01 8.060119114816188812e-03
8.889746069908142090e-01 9.035794734954833984e-01 2.980573773384094238e-01 9.158182144165039062e-01 5.057025551795959473e-01 0.000000000000000000e+00 9.131459593772888184e-01 9.158619046211242676e-01 4.241572916507720947e-01 7.745663523674011230e-01 5.115621685981750488e-01 1.805078587494790554e-03
1.687500029802322388e-01 6.371666789054870605e-01 9.317499995231628418e-01 7.975000143051147461e-02 8.197500109672546387e-01 5.131675004959106445e-01 1.781043410301208496e-01 5.826357603073120117e-01 7.156465649604797363e-01 2.972634732723236084e-01 8.560521006584167480e-01 3.725035786628723145e-01
2.742500007152557373e-01 2.431666702032089233e-01 6.825000047683715820e-02 1.872500032186508179e-01 7.892500162124633789e-01 7.933375239372253418e-01 2.925377488136291504e-01 4.097660779953002930e-01 2.121564447879791260e-01 2.023177742958068848e-01 7.993959784507751465e-01 7.565736770629882812e-01
3.957499861717224121e-01 2.851666808128356934e-01 4.972499907016754150e-01 6.037499904632568359e-01 7.942500114440917969e-01 1.310275048017501831e-01 4.211249947547912598e-01 3.693139553070068359e-01 4.666954576969146729e-01 7.385341525077819824e-01 7.395830750465393066e-01 6.920580565929412842e-02
7.249999791383743286e-03 5.961666703224182129e-01 8.457499742507934570e-01 3.867500126361846924e-01 4.352500140666961670e-01 7.509250193834304810e-02 6.429999321699142456e-02 6.251624822616577148e-01 7.637692093849182129e-01 4.962972700595855713e-01 4.772689044475555420e-01 8.777348697185516357e-02
3.003137409687042236e-01 1.158450022339820862e-01 4.064113199710845947e-01 9.603799581527709961e-01 9.213927388191223145e-01 0.000000000000000000e+00 3.517379760742187500e-01 2.361084371805191040e-01 5.031366944313049316e-01 8.668659329414367676e-01 9.153900742530822754e-01 2.896311879158020020e-02
4.875576794147491455e-01 3.003124892711639404e-01 3.878428936004638672e-01 4.086456596851348877e-01 2.853560447692871094e-01 0.000000000000000000e+00 4.710686504840850830e-01 3.527492880821228027e-01 4.594676792621612549e-01 3.459918797016143799e-01 2.814802825450897217e-01 1.322416663169860840e-01
3.567500114440917969e-01 3.388333320617675781e-01 5.867499709129333496e-01 6.472499966621398926e-01 5.577499866485595703e-01 3.404124975204467773e-01 3.967334628105163574e-01 2.869260609149932861e-01 5.454219579696655273e-01 6.734670996665954590e-01 5.377219915390014648e-01 2.893168330192565918e-01
5.562499761581420898e-01 3.861666619777679443e-01 6.532499790191650391e-01 4.712499976158142090e-01 6.737499833106994629e-01 8.537275195121765137e-01 5.085945129394531250e-01 3.983140587806701660e-01 5.796638131141662598e-01 5.966585874557495117e-01 6.258467435836791992e-01 6.891177296638488770e-01
8.599262237548828125e-01 7.034013271331787109e-01 6.418837308883666992e-01 2.704005241394042969e-01 5.329570174217224121e-02 0.000000000000000000e+00 7.957531809806823730e-01 5.415012240409851074e-01 4.893519282341003418e-01 4.017150998115539551e-01 5.654793232679367065e-02 1.862131431698799133e-02
8.377500176429748535e-01 7.304999828338623047e-01 8.007500171661376953e-01 3.725000098347663879e-02 3.237499892711639404e-01 1.438975036144256592e-01 8.658362030982971191e-01 4.317946135997772217e-01 4.361982643604278564e-01 1.675456613302230835e-01 3.662143349647521973e-01 2.195037901401519775e-01
1.592344492673873901e-01 3.348183333873748779e-01 5.433240532875061035e-01 3.495522439479827881e-01 1.377859711647033691e-01 0.000000000000000000e+00 1.330243498086929321e-01 3.961616158485412598e-01 5.840204358100891113e-01 2.436742186546325684e-01 1.542640179395675659e-01 5.124907195568084717e-02
2.793473601341247559e-01 2.481485009193420410e-01 4.664940536022186279e-01 4.787456691265106201e-01 6.270822286605834961e-01 0.000000000000000000e+00 3.155471384525299072e-01 4.119112789630889893e-01 6.070150136947631836e-01 3.810121119022369385e-01 6.057167053222656250e-01 3.522647172212600708e-02
3.989082276821136475e-01 7.235258221626281738e-01 8.401290774345397949e-01 7.281184941530227661e-02 3.371712863445281982e-01 0.000000000000000000e+00 3.456573784351348877e-01 6.264672279357910156e-01 6.675153970718383789e-01 2.313339561223983765e-01 3.197638988494873047e-01 1.332666873931884766e-01
4.422500133514404297e-01 1.764999926090240479e-01 4.402500092983245850e-01 1.772499978542327881e-01 7.625000178813934326e-02 4.319874942302703857e-01 4.920676648616790771e-01 1.930623054504394531e-01 4.083477556705474854e-01 1.041694357991218567e-01 6.894422322511672974e-02 4.271064400672912598e-01
6.014608144760131836e-01 9.651558399200439453e-01 9.763500690460205078e-01 7.580374833196401596e-03 2.421023547649383545e-01 0.000000000000000000e+00 5.696220397949218750e-01 6.510244011878967285e-01 3.019627928733825684e-01 1.732587814331054688e-01 2.573130428791046143e-01 7.991337031126022339e-02
8.477500081062316895e-01 6.428333520889282227e-01 2.902500033378601074e-01 9.562500119209289551e-01 7.402499914169311523e-01 1.780524998903274536e-01 8.575082421302795410e-01 6.321749091148376465e-01 3.739635646343231201e-01 8.284835219383239746e-01 7.123256325721740723e-01 4.006420075893402100e-02
9.917500019073486328e-01 1.704999953508377075e-01 3.627499938011169434e-01 4.262500107288360596e-01 4.727500081062316895e-01 2.275525033473968506e-01 9.386616349220275879e-01 3.411787748336791992e-01 4.526846706867218018e-01 3.164744973182678223e-01 4.438300430774688721e-01 9.342946112155914307e-02
3.367500007152557373e-01 6.825000047683715820e-01 3.542500138282775879e-01 8.167499899864196777e-01 7.225000113248825073e-02 8.746749907732009888e-02 3.927512168884277344e-01 6.333119273185729980e-01 3.890038430690765381e-01 6.008704304695129395e-01 1.120711490511894226e-01 1.014439389109611511e-01
7.777500152587890625e-01 5.548333525657653809e-01 2.002499997615814209e-01 6.624999642372131348e-02 9.717500209808349609e-01 1.671624928712844849e-01 7.108059525489807129e-01 5.903583765029907227e-01 3.090594708919525146e-01 2.386432141065597534e-01 9.117770791053771973e-01 6.364452093839645386e-02
9.947500228881835938e-01 4.358333349227905273e-01 7.782499790191650391e-01 2.212499976158142090e-01 7.252500057220458984e-01 2.983374893665313721e-01 9.170574545860290527e-01 3.820517659187316895e-01 7.069363594055175781e-01 3.048827946186065674e-01 6.951642036437988281e-01 3.712680041790008545e-01
8.610882163047790527e-01 6.093831658363342285e-01 1.421598941087722778e-01 9.397858381271362305e-01 7.647165060043334961e-01 0.000000000000000000e+00 8.862738609313964844e-01 6.693124175071716309e-01 3.790386617183685303e-01 7.291073799133300781e-01 7.913966774940490723e-01 8.455383591353893280e-03
8.235546946525573730e-01 1.038318350911140442e-01 2.262250483036041260e-01 1.182747259736061096e-01 5.831767916679382324e-01 0.000000000000000000e+00 7.817174792289733887e-01 2.096599787473678589e-01 3.213122785091400146e-01 2.020973265171051025e-01 5.435893535614013672e-01 1.931308396160602570e-02
4.490829408168792725e-01 8.044679760932922363e-01 6.634599566459655762e-01 7.346205115318298340e-01 7.760896682739257812e-01 0.000000000000000000e+00 4.409691393375396729e-01 8.142917156219482422e-01 6.658333539962768555e-01 8.126693367958068848e-01 7.758795022964477539e-01 2.112310566008090973e-02
9.009368419647216797e-01 6.819628477096557617e-01 6.743131875991821289e-01 4.584649205207824707e-01 1.629077941179275513e-01 0.000000000000000000e+00 8.007012009620666504e-01 4.992586076259613037e-01 4.958125650882720947e-01 6.525989174842834473e-01 1.375580728054046631e-01 5.318976938724517822e-03
4.593849927186965942e-02 8.092633634805679321e-02 7.350450754165649414e-01 3.452140092849731445e-02 9.404550194740295410e-01 0.000000000000000000e+00 1.554077118635177612e-01 1.888052076101303101e-01 5.313153266906738281e-01 2.042658776044845581e-01 9.623650312423706055e-01 1.847443915903568268e-02
6.677500009536743164e-01 6.388333439826965332e-01 2.257499992847442627e-01 1.757500022649765015e-01 1.952500045299530029e-01 1.676574945449829102e-01 6.648166775703430176e-01 6.323050856590270996e-01 1.637330800294876099e-01 1.959526836872100830e-01 2.222443819046020508e-01 8.095172792673110962e-02
7.432500123977661133e-01 3.411666750907897949e-01 5.337499976158142090e-01 6.142500042915344238e-01 6.477500200271606445e-01 9.002575278282165527e-01 7.458530664443969727e-01 3.464989662170410156e-01 6.018899083137512207e-01 5.057975053787231445e-01 6.432291269302368164e-01 7.198408842086791992e-01
6.961281895637512207e-01 9.573786854743957520e-01 3.660219609737396240e-01 2.603334784507751465e-01 4.774410426616668701e-01 0.000000000000000000e+00 6.336175799369812012e-01 8.156600594520568848e-01 2.479592412710189819e-01 2.697386741638183594e-01 4.626950323581695557e-01 2.642303891479969025e-02
5.992399901151657104e-02 3.366529941558837891e-01 9.849303960800170898e-01 6.065662503242492676e-01 5.544850826263427734e-01 0.000000000000000000e+00 6.176276504993438721e-02 1.781319379806518555e-01 8.403679728507995605e-01 7.713750600814819336e-01 5.950788259506225586e-01 4.789892956614494324e-02
6.659730672836303711e-01 6.690900027751922607e-02 3.988402187824249268e-01 1.706632971763610840e-01 3.418057411909103394e-02 0.000000000000000000e+00 5.381019711494445801e-01 1.784359812736511230e-01 4.843264222145080566e-01 3.210489153861999512e-01 6.241287663578987122e-02 8.122382313013076782e-02
1.049377992749214172e-01 1.411239951848983765e-01 5.647160410881042480e-01 8.058414459228515625e-01 3.650277554988861084e-01 0.000000000000000000e+00 7.675233483314514160e-02 1.438554376363754272e-01 8.419814109802246094e-01 8.070224523544311523e-01 3.977127671241760254e-01 1.301056006923317909e-03
6.704120635986328125e-01 2.560133337974548340e-01 7.527569532394409180e-01 5.542251467704772949e-01 6.090359091758728027e-01 0.000000000000000000e+00 7.190682888031005859e-01 3.440154194831848145e-01 5.738477706909179688e-01 6.825329065322875977e-01 6.459284424781799316e-01 1.028285697102546692e-01
9.663480520248413086e-01 5.346415042877197266e-01 4.269008338451385498e-01 7.190649509429931641e-01 8.045158386230468750e-01 0.000000000000000000e+00 8.943921923637390137e-01 6.040419936180114746e-01 6.665928959846496582e-01 6.744523644447326660e-01 8.223286271095275879e-01 3.746945876628160477e-03
2.225000038743019104e-02 6.468333601951599121e-01 7.072499990463256836e-01 3.307499885559082031e-01 7.882500290870666504e-01 4.399074912071228027e-01 1.059442684054374695e-01 6.000378131866455078e-01 6.152294874191284180e-01 3.720635771751403809e-01 9.524747729301452637e-01 5.008773207664489746e-01
9.952499866485595703e-01 6.638333201408386230e-01 9.117500185966491699e-01 1.942500025033950806e-01 2.500000118743628263e-04 1.924075037240982056e-01 9.103094339370727539e-01 5.097254514694213867e-01 6.125825047492980957e-01 3.165560960769653320e-01 5.317609384655952454e-02 2.066259831190109253e-01
3.543078601360321045e-01 1.617413312196731567e-01 9.804646372795104980e-01 1.873005032539367676e-01 1.123437285423278809e-01 0.000000000000000000e+00 4.705429375171661377e-01 1.872724443674087524e-01 4.774178564548492432e-01 2.845413088798522949e-01 1.070194989442825317e-01 1.292061805725097656e-01
9.367499947547912598e-01 3.151666522026062012e-01 9.037500023841857910e-01 7.222499847412109375e-01 3.497500121593475342e-01 3.810024857521057129e-01 8.689357042312622070e-01 2.356340438127517700e-01 8.378362059593200684e-01 7.220837473869323730e-01 3.399318456649780273e-01 2.192211300134658813e-01
3.957499861717224121e-01 2.851666808128356934e-01 4.972499907016754150e-01 6.037499904632568359e-01 7.942500114440917969e-01 1.310275048017501831e-01 4.211249947547912598e-01 3.693139553070068359e-01 4.666954576969146729e-01 7.385341525077819824e-01 7.395830750465393066e-01 6.920580565929412842e-02
6.287500262260437012e-01 3.498333394527435303e-01 2.857500016689300537e-01 3.732500076293945312e-01 4.812499880790710449e-01 6.388974785804748535e-01 5.537998676300048828e-01 3.909983336925506592e-01 2.544103562831878662e-01 3.765590488910675049e-01 4.716898500919342041e-01 4.731625914573669434e-01
4.392499923706054688e-01 7.818333506584167480e-01 6.822500228881835938e-01 7.642499804496765137e-01 5.087500214576721191e-01 1.226124987006187439e-01 4.661338329315185547e-01 6.509457826614379883e-01 6.223886609077453613e-01 7.113295793533325195e-01 5.058946013450622559e-01 1.578624546527862549e-01
2.952758967876434326e-01 5.189650133252143860e-02 4.839858114719390869e-01 6.976336836814880371e-01 3.588930070400238037e-01 0.000000000000000000e+00 2.912499606609344482e-01 1.424634307622909546e-01 5.586610436439514160e-01 7.090861201286315918e-01 4.173274040222167969e-01 7.933325250633060932e-04
7.737500071525573730e-01 4.474999904632568359e-01 6.207500100135803223e-01 8.602499961853027344e-01 5.787500143051147461e-01 4.166424870491027832e-01 7.986593842506408691e-01 5.016589760780334473e-01 5.864154696464538574e-01 8.108698129653930664e-01 5.457437634468078613e-01 4.277794063091278076e-01
8.230946063995361328e-01 5.906086564064025879e-01 1.529962718486785889e-01 6.172580122947692871e-01 6.070638298988342285e-01 0.000000000000000000e+00 8.412204980850219727e-01 5.643866062164306641e-01 4.020757675170898438e-01 3.186347186565399170e-01 6.103567481040954590e-01 1.782866418361663818e-01
4.566452801227569580e-01 3.264209926128387451e-01 1.302973926067352295e-01 9.172828197479248047e-01 2.607151269912719727e-01 0.000000000000000000e+00 5.205743908882141113e-01 2.793462276458740234e-01 2.924366295337677002e-01 7.121001482009887695e-01 1.958331614732742310e-01 2.401158586144447327e-02
6.733039766550064087e-02 6.027000024914741516e-03 3.473485410213470459e-01 4.814508855342864990e-01 8.094151020050048828e-01 0.000000000000000000e+00 1.526984572410583496e-01 2.267626672983169556e-01 6.362241506576538086e-01 3.650972545146942139e-01 8.739617466926574707e-01 2.495997995138168335e-01
7.152500152587890625e-01 2.968333363533020020e-01 3.749999916180968285e-03 2.847500145435333252e-01 3.277499973773956299e-01 7.621524930000305176e-01 6.845964193344116211e-01 2.865589559078216553e-01 1.132654175162315369e-01 1.037333458662033081e-01 3.351031243801116943e-01 6.305511593818664551e-01
4.977431595325469971e-01 7.610865235328674316e-01 3.032848834991455078e-01 3.583537936210632324e-01 5.015600323677062988e-01 0.000000000000000000e+00 4.815559387207031250e-01 7.710962295532226562e-01 3.474858403205871582e-01 3.044089078903198242e-01 5.108519792556762695e-01 7.906840741634368896e-02
1.612124964594841003e-02 8.683238625526428223e-01 5.619220137596130371e-01 5.268286466598510742e-01 1.883033215999603271e-01 0.000000000000000000e+00 1.123775541782379150e-02 8.494164347648620605e-01 5.761106610298156738e-01 4.177993237972259521e-01 1.846819669008255005e-01 1.588637242093682289e-04
9.584093093872070312e-01 8.099991679191589355e-01 3.375566303730010986e-01 9.641339182853698730e-01 4.492943286895751953e-01 0.000000000000000000e+00 8.877730965614318848e-01 7.560792565345764160e-01 5.365030765533447266e-01 8.264198899269104004e-01 4.704983830451965332e-01 1.684213429689407349e-02
5.432500243186950684e-01 4.318333268165588379e-01 2.807500064373016357e-01 1.127500012516975403e-01 6.707500219345092773e-01 2.117124944925308228e-01 5.150440931320190430e-01 4.254507720470428467e-01 4.108425676822662354e-01 1.970062255859375000e-01 6.306949257850646973e-01 1.537891626358032227e-01
4.477500021457672119e-01 7.591666579246520996e-01 2.657499909400939941e-01 2.142499983310699463e-01 6.982499957084655762e-01 1.364724934101104736e-01 4.475096166133880615e-01 7.143713831901550293e-01 3.119882047176361084e-01 4.798443317413330078e-01 7.178633809089660645e-01 1.290272176265716553e-01
1.562500000000000000e-01 2.598333358764648438e-01 1.867499947547912598e-01 7.337499856948852539e-01 2.272499948740005493e-01 8.548749983310699463e-02 1.912853866815567017e-01 3.139469027519226074e-01 2.570981681346893311e-01 6.310377120971679688e-01 1.744377613067626953e-01 1.181252673268318176e-01
4.216363131999969482e-01 3.628606796264648438e-01 2.458262443542480469e-02 1.952109783887863159e-01 4.866031706333160400e-01 0.000000000000000000e+00 5.385645627975463867e-01 5.835686922073364258e-01 1.404226124286651611e-01 5.853210017085075378e-02 4.528258442878723145e-01 1.551811397075653076e-01
8.332499861717224121e-01 3.888333439826965332e-01 5.274999886751174927e-02 4.912500083446502686e-01 2.452500015497207642e-01 1.191475018858909607e-01 8.121309876441955566e-01 3.836978375911712646e-01 2.521349489688873291e-01 2.703701853752136230e-01 2.324722856283187866e-01 3.013815283775329590e-01
