4.438875019550323486e-01 7.721059918403625488e-01 8.279837369918823242e-01 8.653450012207031250e-01 3.165535032749176025e-01 2.584160566329956055e-01 4.975983202457427979e-01 4.950984120368957520e-01 5.183618664741516113e-01 4.725477993488311768e-01 6.584784984588623047e-01 3.726120293140411377e-01 3.393757343292236328e-01 3.916858732700347900e-01
5.264599919319152832e-01 4.499946534633636475e-01 7.684137225151062012e-01 5.802525281906127930e-01 4.311270117759704590e-01 2.693622112274169922e-01 9.449372291564941406e-01 5.654778480529785156e-01 4.665725231170654297e-01 4.395703375339508057e-01 6.086812615394592285e-01 3.165603578090667725e-01 3.912970125675201416e-01 4.324427247047424316e-01
8.074874877929687500e-01 4.980283379554748535e-01 7.088052630424499512e-01 4.358249902725219727e-01 4.334444999694824219e-01 1.011021211743354797e-01 5.288820266723632812e-01 8.142164945602416992e-01 3.330512046813964844e-01 5.615954995155334473e-01 5.542535781860351562e-01 4.287678003311157227e-01 4.706370234489440918e-01 4.286387264728546143e-01
7.406125068664550781e-01 3.284196555614471436e-01 9.545390009880065918e-01 4.063957631587982178e-01 5.450027585029602051e-01 7.806298732757568359e-01 7.421826124191284180e-01 6.672487258911132812e-01 3.338893651962280273e-01 5.444967746734619141e-01 6.265960335731506348e-01 4.876021444797515869e-01 4.367563426494598389e-01 4.466451108455657959e-01
7.468674778938293457e-01 4.677500128746032715e-01 3.403122425079345703e-01 9.844074845314025879e-01 6.249527335166931152e-01 3.694692850112915039e-01 7.887266874313354492e-01 8.770128488540649414e-01 3.349489569664001465e-01 3.386199176311492920e-01 7.075185775756835938e-01 7.665737867355346680e-01 6.297742128372192383e-01 5.794261693954467773e-01
6.824600100517272949e-01 3.129166662693023682e-01 8.651627302169799805e-01 2.900217473506927490e-01 4.146949946880340576e-02 8.903769850730895996e-01 6.515100002288818359e-01 7.507776618003845215e-01 2.861229777336120605e-01 5.003708004951477051e-01 6.271207332611083984e-01 3.354099020361900330e-02 4.614378511905670166e-01 7.084832787513732910e-01
7.582675218582153320e-01 6.526623368263244629e-01 5.354457497596740723e-01 1.229772493243217468e-01 9.411537647247314453e-01 1.825838387012481689e-01 6.924456954002380371e-01 7.704443931579589844e-01 3.628578782081604004e-01 3.510631024837493896e-01 3.831550478935241699e-01 9.018942713737487793e-01 6.317187547683715820e-01 5.154240727424621582e-01
3.423950076103210449e-01 4.220213294029235840e-01 1.837185025215148926e-01 7.264075279235839844e-01 3.188455104827880859e-01 9.811261892318725586e-01 3.054330050945281982e-01 3.211922645568847656e-01 4.394692778587341309e-01 2.890453040599822998e-01 5.074959397315979004e-01 3.416898846626281738e-01 6.192318201065063477e-01 6.376945376396179199e-01
5.472674965858459473e-01 3.490793406963348389e-01 8.479032516479492188e-01 3.373725116252899170e-01 9.579070210456848145e-01 7.567443251609802246e-01 4.147920012474060059e-01 4.766448438167572021e-01 4.218318760395050049e-01 6.667217016220092773e-01 6.168040633201599121e-01 8.745276927947998047e-01 4.310120940208435059e-01 3.982458710670471191e-01
4.264174997806549072e-01 4.698818325996398926e-01 8.193885087966918945e-01 2.131145000457763672e-01 4.302250221371650696e-03 4.073857665061950684e-01 2.794893383979797363e-01 4.536020457744598389e-01 3.737191557884216309e-01 4.891430735588073730e-01 4.030645191669464111e-01 5.516139045357704163e-02 5.305557847023010254e-01 6.358276605606079102e-01
2.749750018119812012e-02 6.998808383941650391e-01 7.271854877471923828e-01 3.292767405509948730e-01 3.344542384147644043e-01 2.239638417959213257e-01 4.844340085983276367e-01 4.641256108880043030e-02 6.804776191711425781e-01 7.397952675819396973e-01 2.243758738040924072e-01 2.935456931591033936e-01 5.183523297309875488e-01 3.601918518543243408e-01
2.653700113296508789e-01 5.995106697082519531e-01 4.346959888935089111e-01 7.194049954414367676e-01 2.576874941587448120e-02 7.352011203765869141e-01 1.665086597204208374e-01 2.844972908496856689e-01 5.561235547065734863e-01 4.300363361835479736e-01 5.286355614662170410e-01 1.134784072637557983e-01 4.351575970649719238e-01 4.605140089988708496e-01
5.095199942588806152e-01 5.640885233879089355e-01 2.349122464656829834e-01 9.242150187492370605e-01 5.680692791938781738e-01 8.737519979476928711e-01 4.815199971199035645e-02 6.150736212730407715e-01 4.689368605613708496e-01 1.944526433944702148e-01 6.446207165718078613e-01 6.369564533233642578e-01 5.203289389610290527e-01 5.614714622497558594e-01
8.400499820709228516e-02 7.316431403160095215e-01 1.532244980335235596e-01 3.579132556915283203e-01 5.622322559356689453e-01 7.388690710067749023e-01 2.678666636347770691e-02 2.272307686507701874e-02 6.824326515197753906e-01 8.662291616201400757e-02 5.445791874080896378e-03 5.658580660820007324e-01 7.177299857139587402e-01 3.253953754901885986e-01
7.343825101852416992e-01 5.436081886291503906e-01 8.464195132255554199e-01 1.338504999876022339e-01 1.146572530269622803e-01 5.340293645858764648e-01 7.893230319023132324e-01 7.769806385040283203e-01 4.032039046287536621e-01 4.357298314571380615e-01 5.758278965950012207e-01 5.955341458320617676e-02 4.556433260440826416e-01 5.776650309562683105e-01
3.031175136566162109e-01 4.808098375797271729e-01 5.409414768218994141e-01 1.143999956548213959e-02 3.859454989433288574e-01 6.333299875259399414e-01 3.002350032329559326e-01 2.430632263422012329e-01 5.079469680786132812e-01 6.053439974784851074e-01 2.956023514270782471e-01 3.831865191459655762e-01 4.901134967803955078e-01 3.394410312175750732e-01
7.715899944305419922e-01 6.195916533470153809e-01 9.930312633514404297e-01 7.233775258064270020e-01 5.526595115661621094e-01 3.897193968296051025e-01 3.087179958820343018e-01 8.555081486701965332e-01 4.060913622379302979e-01 5.968526601791381836e-01 7.331874966621398926e-01 5.820538997650146484e-01 3.917643129825592041e-01 3.529800474643707275e-01
1.477124989032745361e-01 7.612910270690917969e-01 7.669077515602111816e-01 8.615375310182571411e-02 2.658597528934478760e-01 6.681354641914367676e-01 5.808043479919433594e-01 1.481708586215972900e-01 5.065262317657470703e-01 5.388075709342956543e-01 2.573852837085723877e-01 3.098838031291961670e-01 5.731690526008605957e-01 4.830633103847503662e-01
5.886200070381164551e-01 7.485031485557556152e-01 9.458725154399871826e-02 2.143509984016418457e-01 5.149700045585632324e-01 2.695811167359352112e-02 8.023012876510620117e-01 5.851437449455261230e-01 5.276730656623840332e-01 1.545315831899642944e-01 4.143348336219787598e-01 4.769982695579528809e-01 5.675071477890014648e-01 4.739205539226531982e-01
3.405674993991851807e-01 7.546256780624389648e-01 2.944007515907287598e-01 3.844605088233947754e-01 7.863075286149978638e-02 3.964642286300659180e-01 9.201717376708984375e-01 3.265109360218048096e-01 5.731170177459716797e-01 1.828550696372985840e-01 6.493207812309265137e-01 7.781528681516647339e-02 4.969330728054046631e-01 5.866047739982604980e-01
9.650250077247619629e-01 5.273071527481079102e-01 7.658592462539672852e-01 2.448624968528747559e-01 7.376532554626464844e-01 3.618623316287994385e-01 5.512769818305969238e-01 8.987292051315307617e-01 3.606471419334411621e-01 5.336341261863708496e-01 5.260366201400756836e-01 7.539543509483337402e-01 5.761237740516662598e-01 3.966895639896392822e-01
1.461025029420852661e-01 7.375628352165222168e-01 2.217582464218139648e-01 6.641625165939331055e-01 7.969772219657897949e-01 8.533627390861511230e-01 1.525876671075820923e-01 8.058986812829971313e-02 6.477231383323669434e-01 2.699025273323059082e-01 7.737734168767929077e-02 9.408611655235290527e-01 4.689751267433166504e-01 3.888125121593475342e-01
9.714025259017944336e-01 2.092511653900146484e-01 9.340432286262512207e-01 9.670649766921997070e-01 4.291754961013793945e-01 3.240665793418884277e-01 6.834798455238342285e-01 9.930548071861267090e-01 1.878627389669418335e-01 6.868818402290344238e-01 9.399175643920898438e-01 6.473233103752136230e-01 5.167906880378723145e-01 5.533487200736999512e-01
4.529800117015838623e-01 4.596706628799438477e-01 4.334547519683837891e-01 7.976225018501281738e-01 9.335252642631530762e-01 9.579159617424011230e-01 5.414819717407226562e-01 3.727037012577056885e-01 3.900149166584014893e-01 6.712438464164733887e-01 6.221158504486083984e-01 9.053302407264709473e-01 5.018721818923950195e-01 4.661371707916259766e-01
9.907550215721130371e-01 8.074158430099487305e-01 6.396187543869018555e-01 6.342725157737731934e-01 7.871795296669006348e-01 4.136818051338195801e-01 1.977876722812652588e-01 8.951064348220825195e-01 5.120297074317932129e-01 4.688452780246734619e-01 6.356440186500549316e-01 8.142855167388916016e-01 4.742762148380279541e-01 3.747814893722534180e-01
3.672299981117248535e-01 3.384713232517242432e-01 3.742357492446899414e-01 6.125900149345397949e-01 4.213325083255767822e-01 9.664016962051391602e-01 8.917642831802368164e-01 3.583847880363464355e-01 3.704632222652435303e-01 4.914142787456512451e-01 5.270287990570068359e-01 4.039624035358428955e-01 4.970042705535888672e-01 5.804769396781921387e-01
4.800674915313720703e-01 4.481666684150695801e-01 8.852850198745727539e-01 3.325160145759582520e-01 3.620907366275787354e-01 5.314314365386962891e-01 5.752649903297424316e-01 4.740560650825500488e-01 3.956089317798614502e-01 5.786474943161010742e-01 5.089972019195556641e-01 3.782533705234527588e-01 4.300479292869567871e-01 4.050759673118591309e-01
4.522750079631805420e-01 6.983158588409423828e-01 9.617034792900085449e-01 6.704325079917907715e-01 1.378887444734573364e-01 1.018575727939605713e-01 6.117900013923645020e-01 5.718571543693542480e-01 5.004588961601257324e-01 4.681866168975830078e-01 5.885623097419738770e-01 1.326937973499298096e-01 3.793428242206573486e-01 4.353272914886474609e-01
5.110749974846839905e-02 5.413190126419067383e-01 1.290384978055953979e-01 4.558692574501037598e-01 6.592609882354736328e-01 4.899699091911315918e-01 4.380153417587280273e-01 5.811214447021484375e-02 6.600751280784606934e-01 3.045938014984130859e-01 1.407358646392822266e-01 7.872127890586853027e-01 4.809869229793548584e-01 4.421021938323974609e-01
9.407950043678283691e-01 4.768561720848083496e-01 3.202137351036071777e-01 6.301174759864807129e-01 8.857557773590087891e-01 3.084986805915832520e-01 2.544929981231689453e-01 8.729199767112731934e-01 2.710573077201843262e-01 4.991314709186553955e-01 5.387657284736633301e-01 9.089263677597045898e-01 6.948955059051513672e-01 5.118105411529541016e-01
3.906925022602081299e-01 7.195733189582824707e-01 7.708024978637695312e-01 7.819824814796447754e-01 4.956762492656707764e-01 9.778267741203308105e-01 2.825673222541809082e-01 4.417287409305572510e-01 4.370059967041015625e-01 4.849818050861358643e-01 6.869513988494873047e-01 6.028276085853576660e-01 3.789100050926208496e-01 4.864469766616821289e-01
1.904325038194656372e-01 7.684385180473327637e-01 1.811652481555938721e-01 7.487999796867370605e-01 8.903149962425231934e-01 3.828228414058685303e-01 6.340333074331283569e-02 1.226180344820022583e-01 6.859021782875061035e-01 4.240463972091674805e-01 5.260183811187744141e-01 9.548757076263427734e-01 3.231539428234100342e-01 4.454835355281829834e-01
3.380349874496459961e-01 8.014411926269531250e-01 9.977317452430725098e-01 3.112812638282775879e-01 3.097139894962310791e-01 7.703475952148437500e-01 5.409856438636779785e-01 4.310819506645202637e-01 4.224160909652709961e-01 3.577459156513214111e-01 4.682447314262390137e-01 4.199076592922210693e-01 5.409154295921325684e-01 5.347430109977722168e-01
3.927674889564514160e-01 3.947775065898895264e-01 6.290084719657897949e-01 7.681000232696533203e-02 2.318474948406219482e-01 3.907375633716583252e-01 9.295488595962524414e-01 3.993924558162689209e-01 4.362952709197998047e-01 4.570443332195281982e-01 3.725332319736480713e-01 1.545224636793136597e-01 5.220016837120056152e-01 5.133956074714660645e-01
2.923999913036823273e-02 5.689176917076110840e-01 7.509677410125732422e-01 4.075599834322929382e-02 7.330890297889709473e-01 5.365704298019409180e-01 3.448640108108520508e-01 3.749604523181915283e-02 6.840842962265014648e-01 6.680507063865661621e-01 1.526105403900146484e-01 7.653121352195739746e-01 4.666383266448974609e-01 3.158940076828002930e-01
9.819300174713134766e-01 5.693585276603698730e-01 8.991035223007202148e-01 7.967875003814697266e-01 5.361955165863037109e-01 2.720280885696411133e-01 2.301470041275024414e-01 9.706594944000244141e-01 2.635595798492431641e-01 6.956549286842346191e-01 8.062865734100341797e-01 6.319555044174194336e-01 4.775483310222625732e-01 3.911519050598144531e-01
7.203574776649475098e-01 2.010683268308639526e-01 6.513299942016601562e-01 7.206425070762634277e-01 5.169092416763305664e-01 8.226770758628845215e-01 6.262099742889404297e-01 7.805951237678527832e-01 3.437901735305786133e-01 5.856032371520996094e-01 6.093645691871643066e-01 4.253585338592529297e-01 4.268077313899993896e-01 4.015137255191802979e-01
7.957825064659118652e-01 5.661634802818298340e-01 9.759402275085449219e-01 2.279667556285858154e-01 7.917000055313110352e-01 1.364878714084625244e-01 1.064213365316390991e-01 8.305965065956115723e-01 3.381225466728210449e-01 5.412267446517944336e-01 5.132123827934265137e-01 8.363198637962341309e-01 5.833621621131896973e-01 4.312203228473663330e-01
7.340850234031677246e-01 7.121803164482116699e-01 8.344267606735229492e-01 8.523824810981750488e-01 5.585204958915710449e-01 4.600571691989898682e-01 6.286299973726272583e-02 7.666105031967163086e-01 5.041496157646179199e-01 5.189628601074218750e-01 7.848596572875976562e-01 5.842345356941223145e-01 3.224433660507202148e-01 3.593752086162567139e-01
5.431324839591979980e-01 7.153343558311462402e-01 7.905330061912536621e-01 1.702267527580261230e-01 8.010857701301574707e-01 7.258904725313186646e-02 1.943863332271575928e-01 4.687397181987762451e-01 5.459555387496948242e-01 5.370960235595703125e-01 6.173661947250366211e-01 7.911775708198547363e-01 3.506014049053192139e-01 3.893638849258422852e-01
3.125424981117248535e-01 6.923134922981262207e-01 7.535600066184997559e-01 4.694885015487670898e-01 8.817840218544006348e-01 3.494995832443237305e-01 6.503326892852783203e-01 3.236790299415588379e-01 3.693576753139495850e-01 6.782298088073730469e-01 6.090230345726013184e-01 9.341323971748352051e-01 5.460407137870788574e-01 4.957818984985351562e-01
5.857499781996011734e-03 2.595193386077880859e-01 6.090167760848999023e-01 9.002575278282165527e-01 3.159289956092834473e-01 5.440161824226379395e-01 8.199999928474426270e-01 5.114495754241943359e-03 5.036795735359191895e-01 9.127333164215087891e-01 8.757581710815429688e-01 6.976480782032012939e-02 3.412192761898040771e-01 6.077837347984313965e-01
4.681299924850463867e-01 1.851781606674194336e-01 9.461502432823181152e-01 4.364475011825561523e-01 3.299537599086761475e-01 9.383332133293151855e-01 8.224333524703979492e-01 5.024824142456054688e-01 2.697116136550903320e-01 5.789248347282409668e-01 5.544191002845764160e-01 2.902359664440155029e-01 4.784003794193267822e-01 5.670658349990844727e-01
7.192249894142150879e-01 4.049696624279022217e-01 8.619717359542846680e-01 8.998799920082092285e-01 4.155479967594146729e-01 3.850696086883544922e-01 5.157113075256347656e-01 9.325846433639526367e-01 2.483575493097305298e-01 6.249557733535766602e-01 6.775305867195129395e-01 4.347268640995025635e-01 5.020158886909484863e-01 4.667991101741790771e-01
1.736750006675720215e-01 6.865490078926086426e-01 7.053497433662414551e-01 1.998495012521743774e-01 4.933592379093170166e-01 6.534407138824462891e-01 2.454513311386108398e-01 2.173171788454055786e-01 4.368749856948852539e-01 4.445081353187561035e-01 2.934162020683288574e-01 5.894463062286376953e-01 5.737862586975097656e-01 5.537267923355102539e-01
2.384250052273273468e-02 7.543526887893676758e-01 9.475014805793762207e-01 7.719600200653076172e-01 5.273334980010986328e-01 9.077371954917907715e-01 6.808761954307556152e-01 2.762023173272609711e-02 6.962137222290039062e-01 7.728009819984436035e-01 3.173390924930572510e-01 6.124668717384338379e-01 4.408900141716003418e-01 3.635263741016387939e-01
4.610449969768524170e-01 3.428784906864166260e-01 2.347390055656433105e-01 1.103914976119995117e-01 8.795607686042785645e-01 8.767751455307006836e-01 5.905526876449584961e-01 3.761622011661529541e-01 3.852101266384124756e-01 4.226566255092620850e-01 3.127881288528442383e-01 8.636485338211059570e-01 5.721575021743774414e-01 5.297050476074218750e-01
6.789500117301940918e-01 2.945163249969482422e-01 6.878719925880432129e-01 6.789075136184692383e-01 6.707940101623535156e-01 4.177189767360687256e-01 5.917283296585083008e-01 8.202374577522277832e-01 2.612703740596771240e-01 4.611901640892028809e-01 6.598958373069763184e-01 7.974532246589660645e-01 6.684736609458923340e-01 5.949151515960693359e-01
6.633424758911132812e-01 8.180833458900451660e-01 7.035635113716125488e-01 4.134317636489868164e-01 8.613642454147338867e-01 5.030887722969055176e-01 8.493535518646240234e-01 8.343296647071838379e-01 4.591095745563507080e-01 1.060823127627372742e-01 7.214198112487792969e-01 8.488214612007141113e-01 6.279733777046203613e-01 6.398614645004272461e-01
8.580250293016433716e-02 5.371555089950561523e-01 3.639835119247436523e-01 2.157150022685527802e-02 3.822482526302337646e-01 5.150753632187843323e-02 1.350346654653549194e-01 1.159942299127578735e-01 6.337817907333374023e-01 6.252804994583129883e-01 2.512812316417694092e-01 3.289724886417388916e-01 5.148716568946838379e-01 3.651251196861267090e-01
3.270300030708312988e-01 6.072858572006225586e-01 1.681665033102035522e-01 4.919392466545104980e-01 1.509505063295364380e-01 6.663283705711364746e-02 5.549999768845736980e-04 4.083710610866546631e-01 5.748356580734252930e-01 3.762548267841339111e-01 3.493216931819915771e-01 2.431925535202026367e-01 5.081117153167724609e-01 4.028241336345672607e-01
7.157249748706817627e-02 2.645241618156433105e-01 6.984767317771911621e-01 7.666025161743164062e-01 8.201944828033447266e-01 6.854897737503051758e-01 7.924416065216064453e-01 3.033607080578804016e-02 2.843595743179321289e-01 9.010646939277648926e-01 7.345401048660278320e-01 7.719752192497253418e-01 5.572456121444702148e-01 6.738190054893493652e-01
7.604274749755859375e-01 5.155004858970642090e-01 4.590427577495574951e-01 6.384750008583068848e-01 4.722695052623748779e-01 3.740658462047576904e-01 1.129833329468965530e-02 7.688096761703491211e-01 5.070004463195800781e-01 4.796977639198303223e-01 6.207705140113830566e-01 4.808209538459777832e-01 3.907206654548645020e-01 3.458799719810485840e-01
4.290724992752075195e-01 5.861046910285949707e-01 8.105649948120117188e-01 6.999949812889099121e-01 6.662977337837219238e-01 2.737851440906524658e-01 7.750055193901062012e-01 4.908110797405242920e-01 4.326471686363220215e-01 5.471727848052978516e-01 8.263355493545532227e-01 6.932106018066406250e-01 3.361318409442901611e-01 4.795920550823211670e-01
9.252250194549560547e-01 4.395176768302917480e-01 2.171892523765563965e-01 5.698124766349792480e-01 9.665269851684570312e-01 9.795167446136474609e-01 8.609740138053894043e-01 8.015603423118591309e-01 4.731386303901672363e-01 1.503408700227737427e-01 6.370539665222167969e-01 8.156426548957824707e-01 5.685137510299682617e-01 5.751596689224243164e-01
9.187949895858764648e-01 2.734645009040832520e-01 2.291827499866485596e-01 4.128195047378540039e-01 3.937884867191314697e-01 3.005930222570896149e-02 2.511700056493282318e-02 8.983544111251831055e-01 3.043407201766967773e-01 5.960323214530944824e-01 4.306706488132476807e-01 3.602510988712310791e-01 5.353490114212036133e-01 4.338710010051727295e-01
3.492349982261657715e-01 5.103073120117187500e-01 2.135329991579055786e-01 7.469900250434875488e-01 7.412652373313903809e-01 5.791593790054321289e-01 6.090819835662841797e-01 2.798681855201721191e-01 6.002590656280517578e-01 4.605679512023925781e-01 8.949303627014160156e-01 7.731274962425231934e-01 2.433913052082061768e-01 5.267518758773803711e-01
1.812900006771087646e-01 6.388278603553771973e-01 9.189907312393188477e-01 1.061185002326965332e-01 8.837387561798095703e-01 3.104574680328369141e-01 9.741797447204589844e-01 2.387564927339553833e-01 4.195108115673065186e-01 4.704161882400512695e-01 3.474197983741760254e-01 7.143471240997314453e-01 5.523940920829772949e-01 5.515573620796203613e-01
5.242999792098999023e-01 6.502624750137329102e-01 8.552935123443603516e-01 6.724900007247924805e-02 7.727942466735839844e-01 4.166304171085357666e-01 4.377020001411437988e-01 5.062303543090820312e-01 4.757907688617706299e-01 5.119574666023254395e-01 5.227224230766296387e-01 7.387065291404724121e-01 4.083414673805236816e-01 4.126612246036529541e-01
6.953200101852416992e-01 2.307830005884170532e-01 2.794547379016876221e-01 7.759850025177001953e-01 5.907405018806457520e-01 1.510154604911804199e-01 5.318533182144165039e-01 5.447999835014343262e-01 5.352883338928222656e-01 5.189953446388244629e-01 7.326370477676391602e-01 5.272787809371948242e-01 3.021444380283355713e-01 3.636582493782043457e-01
5.610874891281127930e-01 2.679069936275482178e-01 1.990599930286407471e-01 3.262000083923339844e-01 1.958207488059997559e-01 5.383287072181701660e-01 7.987000346183776855e-01 4.581574499607086182e-01 5.108217597007751465e-01 3.825358152389526367e-01 3.819923996925354004e-01 1.160199493169784546e-01 5.179579257965087891e-01 4.798581600189208984e-01
6.495425105094909668e-01 7.412800192832946777e-01 3.043000027537345886e-02 7.792050242424011230e-01 7.509437203407287598e-01 3.816798925399780273e-01 9.246689081192016602e-01 6.815799474716186523e-01 6.253944039344787598e-01 3.721614181995391846e-02 7.884083390235900879e-01 6.421077251434326172e-01 5.317843556404113770e-01 6.067969202995300293e-01
7.612850069999694824e-01 4.580128192901611328e-01 5.910754799842834473e-01 6.046025156974792480e-01 3.570097386837005615e-01 3.440373810008168221e-03 1.901593357324600220e-01 8.352066874504089355e-01 3.898676037788391113e-01 5.517286658287048340e-01 6.134192943572998047e-01 3.720435798168182373e-01 4.223694503307342529e-01 3.984810113906860352e-01
5.485849976539611816e-01 2.102465033531188965e-01 6.368342638015747070e-01 3.313525021076202393e-02 1.056532487273216248e-01 4.441053569316864014e-01 3.062313199043273926e-01 4.739326536655426025e-01 3.682846724987030029e-01 5.937272310256958008e-01 2.861381769180297852e-01 7.101316750049591064e-02 5.476962327957153320e-01 5.618715882301330566e-01
3.377524912357330322e-01 2.675776779651641846e-01 8.795335292816162109e-01 7.892500162124633789e-01 8.935989737510681152e-01 9.195838570594787598e-01 4.523200169205665588e-02 3.257275819778442383e-01 3.501863777637481689e-01 7.836787104606628418e-01 6.965457797050476074e-01 8.492482900619506836e-01 4.380341470241546631e-01 3.404467403888702393e-01
9.136749804019927979e-02 4.983879923820495605e-01 4.010132551193237305e-01 9.614225029945373535e-01 7.190782427787780762e-01 4.815657436847686768e-01 2.520613372325897217e-01 7.103234529495239258e-02 5.138934254646301270e-01 7.334977388381958008e-01 8.575615882873535156e-01 8.392758965492248535e-01 3.730348646640777588e-01 5.767000913619995117e-01
4.913350045680999756e-01 3.438214957714080811e-01 4.105004966259002686e-01 3.096257448196411133e-01 6.608317494392395020e-01 7.033312320709228516e-01 8.697639107704162598e-01 4.361601173877716064e-01 3.069657087326049805e-01 4.194349348545074463e-01 6.150353550910949707e-01 6.908584833145141602e-01 6.179665327072143555e-01 6.977047324180603027e-01
1.170125007629394531e-01 6.659096479415893555e-01 6.010329723358154297e-01 5.271625146269798279e-02 3.675499930977821350e-03 6.295361518859863281e-01 9.102405905723571777e-01 7.652503997087478638e-02 5.890073776245117188e-01 4.921090602874755859e-01 3.754962980747222900e-01 3.709504008293151855e-02 5.652543306350708008e-01 5.704663991928100586e-01
2.325299978256225586e-01 4.256298243999481201e-01 1.218930035829544067e-01 2.154797464609146118e-01 9.309682250022888184e-01 6.569329500198364258e-01 9.848198890686035156e-01 1.975968033075332642e-01 4.533435702323913574e-01 3.190860152244567871e-01 2.362339496612548828e-01 7.358525395393371582e-01 6.062789559364318848e-01 5.705981850624084473e-01
1.999824941158294678e-01 4.529278278350830078e-01 1.536564975976943970e-01 5.150550007820129395e-01 2.908100001513957977e-02 4.583289027214050293e-01 5.162556767463684082e-01 2.299170494079589844e-01 4.800302386283874512e-01 2.404966503381729126e-01 6.512889266014099121e-01 7.328873872756958008e-02 5.087942481040954590e-01 6.436443924903869629e-01
9.038400053977966309e-01 3.173519968986511230e-01 9.593574702739715576e-02 6.132125258445739746e-01 3.178347647190093994e-01 1.198933348059654236e-01 6.939166188240051270e-01 9.044404029846191406e-01 3.975640535354614258e-01 4.183156788349151611e-01 5.989907383918762207e-01 3.750915825366973877e-01 5.551607012748718262e-01 4.817356169223785400e-01
1.458774954080581665e-01 4.364946782588958740e-01 6.250297427177429199e-01 8.030999898910522461e-01 6.616500206291675568e-03 2.084859609603881836e-01 1.916376650333404541e-01 1.090619489550590515e-01 2.904927432537078857e-01 7.355051636695861816e-01 7.957156896591186523e-01 5.510361120104789734e-02 3.777697980403900146e-01 5.294637680053710938e-01
2.526224851608276367e-01 2.178023308515548706e-01 6.052212715148925781e-01 2.198715060949325562e-01 4.142369925975799561e-01 8.519985675811767578e-01 5.105966702103614807e-02 2.222275137901306152e-01 3.510227799415588379e-01 6.834919452667236328e-01 3.831893503665924072e-01 4.091808199882507324e-01 5.173773169517517090e-01 4.914551079273223877e-01
5.161824822425842285e-01 6.962763071060180664e-01 5.201372504234313965e-01 2.234647572040557861e-01 3.501845002174377441e-01 5.100944638252258301e-01 7.176973819732666016e-01 4.740135371685028076e-01 4.696804881095886230e-01 3.917706012725830078e-01 4.337647259235382080e-01 3.860193490982055664e-01 4.845987558364868164e-01 4.450691938400268555e-01
2.649224996566772461e-01 2.358601689338684082e-01 9.669939875602722168e-01 8.739550113677978516e-01 7.936995029449462891e-01 3.246545493602752686e-01 2.368256598711013794e-01 3.399850726127624512e-01 2.302836328744888306e-01 7.904599905014038086e-01 7.706567049026489258e-01 8.092516064643859863e-01 5.038126111030578613e-01 4.510125517845153809e-01
4.417124986648559570e-01 7.267411947250366211e-01 1.851744949817657471e-01 3.810949921607971191e-01 8.476632237434387207e-01 2.005708068609237671e-01 7.998498082160949707e-01 5.965388417243957520e-01 6.214257478713989258e-01 6.149873137474060059e-02 6.844898462295532227e-01 8.243755102157592773e-01 4.822933971881866455e-01 6.019331812858581543e-01
1.092374995350837708e-01 1.833164989948272705e-01 7.579747438430786133e-01 8.804849982261657715e-01 9.208365082740783691e-01 6.374710202217102051e-01 3.775483369827270508e-01 9.022573381662368774e-02 2.630155682563781738e-01 8.586077690124511719e-01 7.117775082588195801e-01 9.282558560371398926e-01 6.540009379386901855e-01 6.150873303413391113e-01
3.021525144577026367e-01 2.121874988079071045e-01 5.074600130319595337e-02 8.779349923133850098e-01 1.931674964725971222e-02 3.880597054958343506e-01 8.563040494918823242e-01 2.803441286087036133e-01 3.915233910083770752e-01 1.701074838638305664e-01 8.628329634666442871e-01 1.979179866611957550e-02 4.614211618900299072e-01 8.023768067359924316e-01
2.044575065374374390e-01 6.246816515922546387e-01 3.054497539997100830e-01 6.257774829864501953e-01 8.180882334709167480e-01 8.765958249568939209e-02 9.826537370681762695e-01 2.304825484752655029e-01 5.780043601989746094e-01 4.161242842674255371e-01 7.290658950805664062e-01 6.353883743286132812e-01 3.218063116073608398e-01 5.172553658485412598e-01
4.762249886989593506e-01 3.011036813259124756e-01 9.603057503700256348e-01 9.249299764633178711e-01 7.666199654340744019e-02 6.914504170417785645e-01 5.263170003890991211e-01 6.846455931663513184e-01 1.821218580007553101e-01 5.501983761787414551e-01 8.051425814628601074e-01 8.851107954978942871e-02 4.206727445125579834e-01 7.506415247917175293e-01
8.646550178527832031e-01 2.104623317718505859e-01 1.048154979944229126e-01 6.856799721717834473e-01 5.383667349815368652e-01 9.870485663414001465e-01 4.578633233904838562e-02 6.563901305198669434e-01 4.464590251445770264e-01 4.422484338283538818e-01 4.843663871288299561e-01 5.277436375617980957e-01 4.748980700969696045e-01 4.147832989692687988e-01
6.513699889183044434e-01 4.151821732521057129e-01 3.891562521457672119e-01 1.127967536449432373e-01 5.215324759483337402e-01 9.995194077491760254e-01 2.855170071125030518e-01 5.117152333259582520e-01 4.423755407333374023e-01 3.914573192596435547e-01 3.033930361270904541e-01 5.260350108146667480e-01 5.492016673088073730e-01 4.361212849617004395e-01
3.845475018024444580e-01 3.208638429641723633e-01 8.928697705268859863e-01 4.767484962940216064e-01 4.828315079212188721e-01 2.822845578193664551e-01 8.974336385726928711e-01 4.227139055728912354e-01 2.518426179885864258e-01 6.312764286994934082e-01 5.253737568855285645e-01 4.801822304725646973e-01 5.357401371002197266e-01 6.204104423522949219e-01
3.007799983024597168e-01 1.757458299398422241e-01 7.218512296676635742e-01 8.012149930000305176e-01 3.734397590160369873e-01 7.621489167213439941e-01 7.298712134361267090e-01 3.676254451274871826e-01 2.942887842655181885e-01 6.102372407913208008e-01 7.210705876350402832e-01 3.816410303115844727e-01 4.043198227882385254e-01 5.219112038612365723e-01
4.771324992179870605e-01 1.816810071468353271e-01 3.911837637424468994e-01 7.156075239181518555e-01 2.287192493677139282e-01 2.870775759220123291e-01 1.827999949455261230e-02 5.576631426811218262e-01 3.459551036357879639e-01 5.251220464706420898e-01 5.276513695716857910e-01 2.780743539333343506e-01 4.578256309032440186e-01 5.109847784042358398e-01
9.811025261878967285e-01 6.981379985809326172e-01 6.102922558784484863e-01 5.854449868202209473e-01 4.040744900703430176e-01 9.596365690231323242e-01 1.196293309330940247e-01 9.393455982208251953e-01 5.544577240943908691e-01 4.790888428688049316e-01 6.283776760101318359e-01 4.610854685306549072e-01 4.287327826023101807e-01 2.900493443012237549e-01
6.835550069808959961e-01 7.141448259353637695e-01 2.486595064401626587e-01 4.513367414474487305e-01 1.606427431106567383e-01 7.374885678291320801e-01 5.801303386688232422e-01 5.334298014640808105e-01 6.213728189468383789e-01 2.763022184371948242e-01 4.528562724590301514e-01 1.657566130161285400e-01 4.854455590248107910e-01 4.071505665779113770e-01
5.071575045585632324e-01 8.137166500091552734e-01 8.428735136985778809e-01 9.112324714660644531e-01 3.377195000648498535e-01 5.931417346000671387e-01 6.642439961433410645e-01 5.127006173133850098e-01 5.435928702354431152e-01 4.510082900524139404e-01 6.872828006744384766e-01 3.541106283664703369e-01 3.241356611251831055e-01 3.859159946441650391e-01
6.261575222015380859e-01 4.309070110321044922e-01 3.598274886608123779e-01 1.694377511739730835e-01 1.697822511196136475e-01 3.893709182739257812e-01 3.948610126972198486e-01 5.527361631393432617e-01 5.348476171493530273e-01 4.764030575752258301e-01 2.858352661132812500e-01 1.265564262866973877e-01 5.180249214172363281e-01 4.131251573562622070e-01
2.312249988317489624e-01 4.065504968166351318e-01 8.892409801483154297e-01 5.434874892234802246e-01 3.998144865036010742e-01 8.489353656768798828e-01 3.114823400974273682e-01 2.468303889036178589e-01 2.494892179965972900e-01 7.288904190063476562e-01 6.578533053398132324e-01 4.797863066196441650e-01 4.768785834312438965e-01 5.347567200660705566e-01
4.109925031661987305e-01 6.649144887924194336e-01 8.350780010223388672e-01 9.475824832916259766e-01 4.614642560482025146e-01 5.095159411430358887e-01 3.747733309864997864e-02 4.747444391250610352e-01 4.800570309162139893e-01 5.010282993316650391e-01 8.826104998588562012e-01 6.084207892417907715e-01 2.720058858394622803e-01 4.786757230758666992e-01
5.574300289154052734e-01 1.967226713895797729e-01 4.778167605400085449e-01 7.591174840927124023e-01 8.798952698707580566e-01 3.475827276706695557e-01 1.180666685104370117e-01 4.855631887912750244e-01 4.800207316875457764e-01 6.821106672286987305e-01 8.767375946044921875e-01 8.448204398155212402e-01 2.857417762279510498e-01 4.098588526248931885e-01
8.964924812316894531e-01 5.789185166358947754e-01 3.481172621250152588e-01 1.924439966678619385e-01 4.009767472743988037e-01 8.469269871711730957e-01 9.686414003372192383e-01 8.355965614318847656e-01 5.834250450134277344e-01 3.321737349033355713e-01 3.042509257793426514e-01 3.022444844245910645e-01 5.782971978187561035e-01 3.425180912017822266e-01
7.042700052261352539e-01 3.629196584224700928e-01 9.943670034408569336e-01 7.439325004816055298e-02 3.748104870319366455e-01 4.827161729335784912e-01 2.023809999227523804e-01 8.890583515167236328e-01 4.174427986145019531e-01 4.786968529224395752e-01 4.032627046108245850e-01 4.902145862579345703e-01 5.816208124160766602e-01 3.952221870422363281e-01
3.532100021839141846e-01 7.407441735267639160e-01 1.323020011186599731e-01 2.705799974501132965e-02 9.485239982604980469e-01 6.769225001335144043e-01 5.550069808959960938e-01 2.333471029996871948e-01 4.648947417736053467e-01 1.971935480833053589e-01 1.071299463510513306e-01 9.564072489738464355e-01 5.479314923286437988e-01 5.004020333290100098e-01
7.069950103759765625e-01 4.692474901676177979e-01 8.300749585032463074e-03 6.836425065994262695e-01 8.436627388000488281e-01 4.266921058297157288e-02 5.016986727714538574e-01 8.611912131309509277e-01 5.259886384010314941e-01 8.831345289945602417e-02 6.028896570205688477e-01 8.437902331352233887e-01 6.004756689071655273e-01 5.690791010856628418e-01
3.959375023841857910e-01 2.165694981813430786e-01 4.341965019702911377e-01 3.762249946594238281e-01 5.548002719879150391e-01 4.541881680488586426e-01 6.575070023536682129e-01 3.468851447105407715e-01 2.796886265277862549e-01 6.436570286750793457e-01 4.693434238433837891e-01 5.582824945449829102e-01 5.323737859725952148e-01 5.456469655036926270e-01
5.683000087738037109e-01 2.553343474864959717e-01 5.537112355232238770e-01 6.611275076866149902e-01 8.662587404251098633e-01 8.100110292434692383e-02 5.456000100821256638e-03 5.685124993324279785e-01 4.363223016262054443e-01 6.504171490669250488e-01 7.719880938529968262e-01 8.300045132637023926e-01 3.518554270267486572e-01 3.994527161121368408e-01
5.063974857330322266e-01 6.217491626739501953e-01 6.789734959602355957e-01 7.163550257682800293e-01 7.197530269622802734e-01 1.555364578962326050e-01 5.556796789169311523e-01 5.303855538368225098e-01 4.818550646305084229e-01 5.746145248413085938e-01 7.308050990104675293e-01 6.846213340759277344e-01 3.224568068981170654e-01 3.876715600490570068e-01
3.944399952888488770e-01 1.697566658258438110e-01 8.557289838790893555e-01 3.029224872589111328e-01 8.337274789810180664e-01 8.283461332321166992e-01 7.880255579948425293e-01 3.771555721759796143e-01 2.335230112075805664e-01 6.571592688560485840e-01 5.820972323417663574e-01 8.365017771720886230e-01 6.253833174705505371e-01 6.335026025772094727e-01
4.162024855613708496e-01 7.492681741714477539e-01 2.427077442407608032e-01 9.659900069236755371e-01 6.923017501831054688e-01 7.894547581672668457e-01 6.865304708480834961e-01 4.428213834762573242e-01 5.385005474090576172e-01 1.389903426170349121e-01 8.870022892951965332e-01 7.257457971572875977e-01 3.807733952999114990e-01 6.497975587844848633e-01
5.160250067710876465e-01 4.791153371334075928e-01 1.167507469654083252e-01 3.697119951248168945e-01 5.784072279930114746e-01 4.286976754665374756e-01 6.317723393440246582e-01 5.367037057876586914e-01 5.179423689842224121e-01 1.881264895200729370e-01 5.078523159027099609e-01 5.203312039375305176e-01 5.096220970153808594e-01 4.936288297176361084e-01
9.026550054550170898e-01 4.568181633949279785e-01 3.851470053195953369e-01 7.612000107765197754e-01 7.476947307586669922e-01 6.824994683265686035e-01 5.856689810752868652e-01 7.661800384521484375e-01 4.094247817993164062e-01 5.447455644607543945e-01 6.701292395591735840e-01 6.429072618484497070e-01 4.191302955150604248e-01 3.907496929168701172e-01
8.241574764251708984e-01 5.285551548004150391e-01 1.944442540407180786e-01 4.012217521667480469e-01 3.470880091190338135e-01 9.491308331489562988e-01 1.577203273773193359e-01 6.898334622383117676e-01 5.567969083786010742e-01 3.733633756637573242e-01 2.969227433204650879e-01 4.039312601089477539e-01 5.423189997673034668e-01 3.483136594295501709e-01
2.250349968671798706e-01 2.125323265790939331e-01 2.535297572612762451e-01 1.217412501573562622e-01 4.458554983139038086e-01 2.502597868442535400e-01 2.330796718597412109e-01 2.922922968864440918e-01 4.817506372928619385e-01 5.363653898239135742e-01 3.280161023139953613e-01 4.061032235622406006e-01 5.070123672485351562e-01 4.070050120353698730e-01
2.288749963045120239e-01 3.700756728649139404e-01 3.420985043048858643e-01 6.523125171661376953e-01 2.390509992837905884e-01 4.730228185653686523e-01 1.809560060501098633e-01 2.812370061874389648e-01 3.948141336441040039e-01 4.352281391620635986e-01 5.637206435203552246e-01 3.012415170669555664e-01 5.394589304924011230e-01 6.544131636619567871e-01
3.117224872112274170e-01 7.509760260581970215e-01 2.167277485132217407e-01 7.559850066900253296e-02 8.642495274543762207e-01 8.300188183784484863e-02 7.231480479240417480e-01 3.778098821640014648e-01 4.790548682212829590e-01 2.519650459289550781e-01 3.293964862823486328e-01 9.115085601806640625e-01 5.088042020797729492e-01 5.362673997879028320e-01
1.488775014877319336e-01 7.136405110359191895e-01 3.345647454261779785e-01 3.045114874839782715e-01 4.263022541999816895e-01 3.260177671909332275e-01 8.882333338260650635e-02 2.344095408916473389e-01 5.375397801399230957e-01 2.585527598857879639e-01 3.551077544689178467e-01 4.911198616027832031e-01 5.362642407417297363e-01 5.158886313438415527e-01
3.701474964618682861e-01 2.711836695671081543e-01 8.488082289695739746e-01 4.960847496986389160e-01 5.421175062656402588e-02 2.111827284097671509e-01 4.516623318195343018e-01 5.101821422576904297e-01 2.022351622581481934e-01 6.572090983390808105e-01 4.485085606575012207e-01 6.980373710393905640e-02 5.257227420806884766e-01 7.371027469635009766e-01
1.719325035810470581e-01 5.444890260696411133e-01 8.067389726638793945e-01 4.259769916534423828e-01 5.643575191497802734e-01 9.104919433593750000e-02 1.039889976382255554e-01 2.024280577898025513e-01 4.661126136779785156e-01 6.688730120658874512e-01 5.523456931114196777e-01 6.233418583869934082e-01 4.317470788955688477e-01 4.644916653633117676e-01
3.216375112533569336e-01 3.780036568641662598e-01 4.918377399444580078e-01 4.122270047664642334e-01 3.683890104293823242e-01 9.312548637390136719e-01 3.261756598949432373e-01 3.063901364803314209e-01 3.447894155979156494e-01 5.013577342033386230e-01 3.834152221679687500e-01 4.296827018260955811e-01 5.850980281829833984e-01 6.407403349876403809e-01
3.915224969387054443e-01 4.399886727333068848e-01 3.655945062637329102e-01 6.860575079917907715e-01 7.004935145378112793e-01 8.386942744255065918e-02 3.685076534748077393e-01 4.346038997173309326e-01 4.937519133090972900e-01 5.826364755630493164e-01 6.813069581985473633e-01 6.677912473678588867e-01 3.269997835159301758e-01 3.871625661849975586e-01
5.826950073242187500e-01 1.748365014791488647e-01 4.183304905891418457e-01 3.303524851799011230e-01 5.370182394981384277e-01 6.317444443702697754e-01 4.891833364963531494e-01 5.406554937362670898e-01 3.117678463459014893e-01 5.393221378326416016e-01 3.667753934860229492e-01 5.705938339233398438e-01 5.653640031814575195e-01 5.262855291366577148e-01
9.969300031661987305e-01 1.853153407573699951e-01 5.946162343025207520e-01 3.194234967231750488e-01 6.363099813461303711e-02 1.232825219631195068e-01 3.152573406696319580e-01 9.273614883422851562e-01 1.509478539228439331e-01 6.486948132514953613e-01 7.309656143188476562e-01 5.488658323884010315e-02 4.611024856567382812e-01 7.061588764190673828e-01
7.254499942064285278e-02 3.653226792812347412e-01 2.042537480592727661e-01 1.501122564077377319e-01 7.178482413291931152e-01 4.298443496227264404e-01 3.641356527805328369e-01 1.200934201478958130e-01 4.892778396606445312e-01 4.532389044761657715e-01 3.024489879608154297e-01 7.314034700393676758e-01 5.401396751403808594e-01 5.478265881538391113e-01
5.342724919319152832e-01 7.628223299980163574e-01 3.577027618885040283e-01 4.391117393970489502e-01 8.915817737579345703e-01 9.176363348960876465e-01 7.024226784706115723e-01 5.073203444480895996e-01 4.616563618183135986e-01 2.780259847640991211e-01 4.100181758403778076e-01 8.687310814857482910e-01 4.956828951835632324e-01 5.265439152717590332e-01
1.913850009441375732e-01 4.054448306560516357e-01 7.134400010108947754e-01 8.442500233650207520e-01 1.811007559299468994e-01 5.514222383499145508e-01 2.435166575014591217e-02 1.890328526496887207e-01 3.824485838413238525e-01 6.862874627113342285e-01 7.293230891227722168e-01 2.411674708127975464e-01 3.714405894279479980e-01 4.290224909782409668e-01
9.162600040435791016e-01 3.203613460063934326e-01 5.570862293243408203e-01 2.673735022544860840e-01 2.486437559127807617e-01 6.561607122421264648e-01 4.043039977550506592e-01 8.661373853683471680e-01 2.593293786048889160e-01 6.260244250297546387e-01 4.328808784484863281e-01 1.847733259201049805e-01 5.142508745193481445e-01 5.171219706535339355e-01
1.693174988031387329e-01 7.909858226776123047e-01 2.466634958982467651e-01 1.619444936513900757e-01 5.461649894714355469e-01 6.064682602882385254e-01 4.500993192195892334e-01 1.720330864191055298e-01 6.198389530181884766e-01 1.697208583354949951e-01 2.289536446332931519e-01 6.386081576347351074e-01 5.211572647094726562e-01 4.922327101230621338e-01
8.668900132179260254e-01 2.909938395023345947e-01 8.994767665863037109e-01 7.618600130081176758e-02 7.258750032633543015e-03 5.539577603340148926e-01 7.191279530525207520e-01 8.484857678413391113e-01 1.865454912185668945e-01 5.676434040069580078e-01 7.300302982330322266e-01 2.404860593378543854e-02 4.507635235786437988e-01 7.750878930091857910e-01
5.009149909019470215e-01 1.676661670207977295e-01 5.044467449188232422e-01 9.889925122261047363e-01 1.821115016937255859e-01 4.089393913745880127e-01 9.753375649452209473e-01 6.000542044639587402e-01 2.184673994779586792e-01 4.364644587039947510e-01 8.826205730438232422e-01 5.717138946056365967e-02 3.993296623229980469e-01 8.209095001220703125e-01
2.587749958038330078e-01 7.565901875495910645e-01 6.305092573165893555e-01 7.961949706077575684e-01 7.022395133972167969e-01 6.736592054367065430e-01 4.336666762828826904e-01 2.851079702377319336e-01 3.734374940395355225e-01 5.359712839126586914e-01 7.362325191497802734e-01 8.592831492424011230e-01 5.346146225929260254e-01 6.153160333633422852e-01
2.908399999141693115e-01 3.161363303661346436e-01 5.284600257873535156e-01 9.789450168609619141e-01 9.430590271949768066e-01 3.723373711109161377e-01 5.892779827117919922e-01 3.052837550640106201e-01 4.796369075775146484e-01 7.644361853599548340e-01 8.835080862045288086e-01 9.041965007781982422e-01 3.333041071891784668e-01 4.319420456886291504e-01
5.852950215339660645e-01 7.248946428298950195e-01 4.583427608013153076e-01 8.171049952507019043e-01 1.364977508783340454e-01 5.621131062507629395e-01 9.875683188438415527e-01 5.047711133956909180e-01 5.199854373931884766e-01 1.784030646085739136e-01 7.582246065139770508e-01 3.314762189984321594e-02 4.417299032211303711e-01 6.365877389907836914e-01
7.396249771118164062e-01 3.952593207359313965e-01 4.486424922943115234e-01 5.396174788475036621e-01 9.286184906959533691e-01 2.589900046586990356e-02 1.643850058317184448e-01 7.789340019226074219e-01 3.686144053936004639e-01 4.619368016719818115e-01 6.920127272605895996e-01 9.217731952667236328e-01 5.389364957809448242e-01 5.292408466339111328e-01
7.916399836540222168e-01 6.354453563690185547e-01 6.931244730949401855e-01 6.700475215911865234e-01 1.007882505655288696e-01 9.522110223770141602e-01 7.868715524673461914e-01 8.940075635910034180e-01 4.406771659851074219e-01 3.492766022682189941e-01 7.506380677223205566e-01 6.709167361259460449e-02 4.012825191020965576e-01 5.562055706977844238e-01
2.393224984407424927e-01 6.340669989585876465e-01 7.593554854393005371e-01 2.231104969978332520e-01 3.872720003128051758e-01 4.189873635768890381e-01 8.841122984886169434e-01 2.865231335163116455e-01 4.059165716171264648e-01 5.295843482017517090e-01 4.159476757049560547e-01 3.914457857608795166e-01 5.089910030364990234e-01 5.198786258697509766e-01
7.373149991035461426e-01 8.161389827728271484e-01 3.678037524223327637e-01 7.516149878501892090e-01 4.820337593555450439e-01 2.880885899066925049e-01 3.671206533908843994e-01 7.343562245368957520e-01 7.154074311256408691e-01 2.876557707786560059e-01 6.637615561485290527e-01 4.732086062431335449e-01 3.604835569858551025e-01 3.212381303310394287e-01
7.185350060462951660e-01 2.805151641368865967e-01 8.367049694061279297e-02 8.918274939060211182e-02 5.973454713821411133e-01 2.027185857295989990e-01 5.843416452407836914e-01 6.920255422592163086e-01 4.056260883808135986e-01 2.166678607463836670e-01 4.243311285972595215e-01 6.638801693916320801e-01 6.559704542160034180e-01 5.737345814704895020e-01
5.929099917411804199e-01 5.955593585968017578e-01 1.661189943552017212e-01 9.733650088310241699e-01 7.441712617874145508e-01 4.056913256645202637e-01 2.320476621389389038e-01 6.132849454879760742e-01 5.390443205833435059e-01 1.992303878068923950e-01 8.693987727165222168e-01 7.854733467102050781e-01 3.671576976776123047e-01 5.938329100608825684e-01
8.406249880790710449e-01 1.809333264827728271e-01 9.839317202568054199e-01 8.177124857902526855e-01 6.044392585754394531e-01 3.364930301904678345e-02 1.398993283510208130e-01 9.501032829284667969e-01 1.185939833521842957e-01 7.545052170753479004e-01 8.229084610939025879e-01 7.139142155647277832e-01 5.617280602455139160e-01 5.220866799354553223e-01
5.720275044441223145e-01 4.936041533946990967e-01 6.043180227279663086e-01 6.604175269603729248e-02 5.735285282135009766e-01 1.785506010055541992e-01 8.053066581487655640e-02 5.238236784934997559e-01 4.109645783901214600e-01 5.287816524505615234e-01 4.122885763645172119e-01 5.478268265724182129e-01 4.688293635845184326e-01 3.935163915157318115e-01
1.116074994206428528e-01 6.781473159790039062e-01 6.696367263793945312e-01 7.599949836730957031e-01 2.407844960689544678e-01 7.503144741058349609e-01 1.211149990558624268e-01 1.675054281949996948e-01 4.873073399066925049e-01 4.593503177165985107e-01 5.675109028816223145e-01 3.695730566978454590e-01 4.863359332084655762e-01 5.900084376335144043e-01
5.844274759292602539e-01 3.237273395061492920e-01 5.918974876403808594e-01 9.085950255393981934e-01 5.673999898135662079e-03 8.155073523521423340e-01 8.070594668388366699e-01 7.109097242355346680e-01 2.644239366054534912e-01 4.237181842327117920e-01 8.335637450218200684e-01 2.282757125794887543e-02 3.779750764369964600e-01 7.732987999916076660e-01
9.561675190925598145e-01 6.565768122673034668e-01 3.358972370624542236e-01 3.958294987678527832e-01 5.858700275421142578e-01 6.439824104309082031e-01 5.936866626143455505e-02 8.941404819488525391e-01 6.106375455856323242e-01 3.317436277866363525e-01 4.271249771118164062e-01 6.154890060424804688e-01 5.382148027420043945e-01 3.210209310054779053e-01
2.398999966681003571e-02 4.090135097503662109e-01 4.152165055274963379e-01 6.330350041389465332e-01 2.940747439861297607e-01 2.850112132728099823e-02 7.199279069900512695e-01 3.640948235988616943e-02 6.490077972412109375e-01 8.289473652839660645e-01 3.637656867504119873e-01 2.008289545774459839e-01 4.508971571922302246e-01 3.561694324016571045e-01
8.648175001144409180e-01 6.157734990119934082e-01 5.080857276916503906e-01 7.816349864006042480e-01 2.671704888343811035e-01 7.625701278448104858e-02 1.160963326692581177e-01 9.745150208473205566e-01 2.760179340839385986e-01 6.130419373512268066e-01 6.093016266822814941e-01 3.962774872779846191e-01 5.426326394081115723e-01 4.412096440792083740e-01
5.996025204658508301e-01 2.187239974737167358e-01 2.859387397766113281e-01 6.319125294685363770e-01 7.379267215728759766e-01 7.215978503227233887e-01 7.927479743957519531e-01 5.421023368835449219e-01 4.017126858234405518e-01 4.523676633834838867e-01 5.637607574462890625e-01 6.431680321693420410e-01 4.505206048488616943e-01 4.803742170333862305e-01
3.550375103950500488e-01 4.159623384475708008e-01 2.716592550277709961e-01 8.650599718093872070e-01 7.164997458457946777e-01 1.996984779834747314e-01 1.707196682691574097e-01 3.564628660678863525e-01 5.500636100769042969e-01 5.879739522933959961e-01 8.844560980796813965e-01 7.648136019706726074e-01 2.455724924802780151e-01 4.521806836128234863e-01
7.709249854087829590e-02 7.435513138771057129e-01 8.912737369537353516e-01 8.131124973297119141e-01 6.604359745979309082e-01 3.128072619438171387e-01 5.995053052902221680e-01 6.379061192274093628e-02 6.193611621856689453e-01 7.505792975425720215e-01 7.579488754272460938e-01 8.003730177879333496e-01 3.315388560295104980e-01 4.530385136604309082e-01
5.038325190544128418e-01 4.419876635074615479e-01 2.987650036811828613e-02 1.211445033550262451e-01 2.837292551994323730e-01 6.631819009780883789e-01 4.307436645030975342e-01 3.754280507564544678e-01 4.856787323951721191e-01 1.547338813543319702e-01 2.846288084983825684e-01 2.567913234233856201e-01 6.578507423400878906e-01 5.291393995285034180e-01
9.180999994277954102e-01 5.563851594924926758e-01 6.345127224922180176e-01 5.565074831247329712e-02 6.619947552680969238e-01 9.086204767227172852e-01 6.419033557176589966e-02 8.007344603538513184e-01 3.158308565616607666e-01 3.807418942451477051e-01 4.434155523777008057e-01 7.874986529350280762e-01 6.697663068771362305e-01 5.518173575401306152e-01
9.861224889755249023e-01 6.321373581886291504e-01 4.282110035419464111e-01 8.189399838447570801e-01 4.876959919929504395e-01 4.751854538917541504e-01 4.649466574192047119e-01 9.452453255653381348e-01 6.214460134506225586e-01 3.954368829727172852e-01 7.141101360321044922e-01 5.588666796684265137e-01 4.220807850360870361e-01 2.987299263477325439e-01
5.118575096130371094e-01 7.584753036499023438e-01 5.693325027823448181e-02 1.383150070905685425e-01 6.727305054664611816e-01 7.444446682929992676e-01 9.778951406478881836e-01 3.720306158065795898e-01 6.382279396057128906e-01 3.521202132105827332e-02 4.978859126567840576e-01 3.890670537948608398e-01 5.891978144645690918e-01 5.528655648231506348e-01
5.191075205802917480e-01 5.899031758308410645e-01 1.417724974453449249e-02 8.558524847030639648e-01 2.484292536973953247e-01 2.651906013488769531e-01 1.262443363666534424e-01 6.610189676284790039e-01 7.432346940040588379e-01 1.845904290676116943e-01 5.704911947250366211e-01 3.100712597370147705e-01 4.449932277202606201e-01 3.581052124500274658e-01
8.792700171470642090e-01 7.258520126342773438e-01 2.238630056381225586e-01 1.827352494001388550e-01 3.286724984645843506e-01 6.743202805519104004e-01 1.105479970574378967e-01 8.860167264938354492e-01 6.463696956634521484e-01 1.566286087036132812e-01 2.936680912971496582e-01 4.962958693504333496e-01 6.481563448905944824e-01 3.484230637550354004e-01
5.996400117874145508e-01 6.836178302764892578e-01 3.415684998035430908e-01 1.424670070409774780e-01 9.135875105857849121e-02 5.894472599029541016e-01 2.933929860591888428e-01 4.267149865627288818e-01 6.033521890640258789e-01 3.862953782081604004e-01 2.039828002452850342e-01 8.897367119789123535e-02 5.934560298919677734e-01 4.004446268081665039e-01
4.089075028896331787e-01 2.133948355913162231e-01 9.734795093536376953e-01 7.220674753189086914e-01 8.788742423057556152e-01 8.010081648826599121e-01 4.939973354339599609e-01 4.448560178279876709e-01 2.041841745376586914e-01 7.658270597457885742e-01 7.790589928627014160e-01 8.995786905288696289e-01 6.177293062210083008e-01 5.600140094757080078e-01
6.945325136184692383e-01 2.884384989738464355e-01 8.377732634544372559e-01 6.146925091743469238e-01 7.425462603569030762e-01 8.704830408096313477e-01 3.987466543912887573e-02 7.554419040679931641e-01 2.575904428958892822e-01 6.328673958778381348e-01 5.406472682952880859e-01 8.014206886291503906e-01 6.205715537071228027e-01 4.621484577655792236e-01
4.904999863356351852e-03 5.807648301124572754e-01 1.239500008523464203e-02 5.074275135993957520e-01 6.146177649497985840e-01 3.923039436340332031e-01 7.809345722198486328e-01 5.703042075037956238e-02 7.189454436302185059e-01 7.942764461040496826e-02 2.248685061931610107e-01 7.747293114662170410e-01 4.581457674503326416e-01 5.595548748970031738e-01
5.154924988746643066e-01 3.079225122928619385e-01 6.569550186395645142e-02 6.516849994659423828e-01 3.008450008928775787e-02 5.656630396842956543e-01 4.833533465862274170e-01 3.671568036079406738e-01 4.712877869606018066e-01 2.341522723436355591e-01 6.769968271255493164e-01 4.230680316686630249e-02 4.859234392642974854e-01 6.574882268905639648e-01
7.973325252532958984e-01 2.988221645355224609e-01 8.676700294017791748e-02 9.828125238418579102e-01 4.787540137767791748e-01 5.024874806404113770e-01 9.509660005569458008e-01 6.801106333732604980e-01 5.755314826965332031e-01 3.767367005348205566e-01 7.027218937873840332e-01 3.128840923309326172e-01 3.343553841114044189e-01 3.741203844547271729e-01
6.994774937629699707e-01 3.071705102920532227e-01 5.929474905133247375e-02 3.415920138359069824e-01 2.670190036296844482e-01 9.672273993492126465e-01 3.531729876995086670e-01 4.660032391548156738e-01 5.502229928970336914e-01 3.507053256034851074e-01 2.189770042896270752e-01 2.242231518030166626e-01 5.951396822929382324e-01 3.903480768203735352e-01
8.417325019836425781e-01 7.901384830474853516e-01 9.841349720954895020e-02 9.096925258636474609e-01 7.236149907112121582e-01 3.427513241767883301e-01 6.876166909933090210e-02 7.606341242790222168e-01 6.273239254951477051e-01 5.679296329617500305e-02 8.289386630058288574e-01 7.535959482192993164e-01 4.718751609325408936e-01 5.958102345466613770e-01
2.757399976253509521e-01 2.261526733636856079e-01 3.515162467956542969e-01 7.021700143814086914e-01 3.006487488746643066e-01 2.155487835407257080e-01 5.729990005493164062e-01 3.762558102607727051e-01 3.278871774673461914e-01 5.991486907005310059e-01 5.756228566169738770e-01 3.298693001270294189e-01 4.339110553264617920e-01 4.600234329700469971e-01
3.825000021606683731e-04 3.970823287963867188e-01 6.615085005760192871e-01 1.622094959020614624e-01 4.285332560539245605e-01 9.159163832664489746e-01 1.559963375329971313e-01 3.614195436239242554e-02 6.900812387466430664e-01 7.586858868598937988e-01 1.576360166072845459e-01 2.291677892208099365e-01 5.669879317283630371e-01 3.487872183322906494e-01
7.570999860763549805e-01 5.332344770431518555e-01 9.718299657106399536e-02 2.675960063934326172e-01 8.506194949150085449e-01 8.389108180999755859e-01 2.005413323640823364e-01 5.817236304283142090e-01 4.823738634586334229e-01 3.191574513912200928e-01 2.571105360984802246e-01 7.827063798904418945e-01 5.275164842605590820e-01 4.265949726104736328e-01
7.353324890136718750e-01 2.815203368663787842e-01 2.516197562217712402e-01 2.727902531623840332e-01 8.161165118217468262e-01 4.047324359416961670e-01 8.596460819244384766e-01 6.546189785003662109e-01 3.795636594295501709e-01 3.180420100688934326e-01 4.438238441944122314e-01 7.500038146972656250e-01 6.005973219871520996e-01 5.461314916610717773e-01
1.779749989509582520e-02 2.097871601581573486e-01 7.853050231933593750e-01 2.110169976949691772e-01 3.718540072441101074e-01 6.173253655433654785e-01 7.982693910598754883e-01 7.561061531305313110e-03 3.163637816905975342e-01 9.283133745193481445e-01 6.604660153388977051e-01 6.726775318384170532e-02 5.172618627548217773e-01 4.470788836479187012e-01
1.209850013256072998e-01 7.505158185958862305e-01 5.572792291641235352e-01 7.057099938392639160e-01 3.120272457599639893e-01 5.942425131797790527e-01 9.882467389106750488e-01 9.172625094652175903e-02 4.531174004077911377e-01 2.847885787487030029e-01 6.626738309860229492e-01 1.966289132833480835e-01 6.831657290458679199e-01 8.150345087051391602e-01
5.256174802780151367e-01 5.179033279418945312e-01 1.499887555837631226e-01 6.767500042915344238e-01 3.041385114192962646e-01 1.087549477815628052e-01 7.643635272979736328e-01 5.546823740005493164e-01 5.809527635574340820e-01 3.814152777194976807e-01 5.079553127288818359e-01 2.717039883136749268e-01 4.180637598037719727e-01 3.742462694644927979e-01
9.746699929237365723e-01 5.041149854660034180e-01 2.480167448520660400e-01 7.145999930799007416e-03 4.493525028228759766e-01 4.254215061664581299e-01 4.168449938297271729e-01 8.930827379226684570e-01 5.409426689147949219e-01 3.307809233665466309e-01 2.791767418384552002e-01 5.506820678710937500e-01 6.208720803260803223e-01 3.349546492099761963e-01
8.850625157356262207e-01 1.952095031738281250e-01 2.907482385635375977e-01 2.989799976348876953e-01 3.693387508392333984e-01 4.682879894971847534e-02 6.721859574317932129e-01 9.296014308929443359e-01 3.686378002166748047e-01 5.384840965270996094e-01 3.950406014919281006e-01 3.794223070144653320e-01 5.735098123550415039e-01 4.109088778495788574e-01
2.505500018596649170e-01 5.427454710006713867e-01 9.950292706489562988e-01 8.899024724960327148e-01 1.863639950752258301e-01 2.667414247989654541e-01 6.589810252189636230e-01 3.403888940811157227e-01 3.336221277713775635e-01 5.808869004249572754e-01 7.778747677803039551e-01 2.794659137725830078e-01 3.557943105697631836e-01 5.057886242866516113e-01
4.077250137925148010e-02 3.693233430385589600e-01 2.829492390155792236e-01 3.412424921989440918e-01 4.955247640609741211e-01 1.183391883969306946e-01 6.066366657614707947e-02 1.114187985658645630e-01 5.899368524551391602e-01 6.036221981048583984e-01 3.172841370105743408e-01 3.240016996860504150e-01 5.152568817138671875e-01 4.330296516418457031e-01
1.832499913871288300e-02 6.150171756744384766e-01 3.195405006408691406e-01 3.186742365360260010e-01 5.723722577095031738e-01 4.419501125812530518e-01 8.529618978500366211e-01 4.099692776799201965e-02 7.328091859817504883e-01 3.940455913543701172e-01 2.016410678625106812e-01 4.915261864662170410e-01 5.098520517349243164e-01 4.279972016811370850e-01
1.374125033617019653e-01 5.233963131904602051e-01 5.068612694740295410e-01 4.987154901027679443e-01 1.879700087010860443e-02 5.285377502441406250e-01 6.129043102264404297e-01 1.293262541294097900e-01 4.682556986808776855e-01 5.443954467773437500e-01 6.100914478302001953e-01 6.043080613017082214e-02 4.549993872642517090e-01 5.729631185531616211e-01
8.171499967575073242e-01 6.579928398132324219e-01 6.258105039596557617e-01 2.394430041313171387e-01 4.451830089092254639e-01 4.109522327780723572e-02 6.658160090446472168e-01 8.557623624801635742e-01 5.453991889953613281e-01 4.869551062583923340e-01 4.528817534446716309e-01 4.026879966259002686e-01 4.554135203361511230e-01 2.976506650447845459e-01
2.817200124263763428e-01 2.428318262100219727e-01 6.349735260009765625e-01 5.497174859046936035e-01 5.123487710952758789e-01 2.889033406972885132e-02 4.576143324375152588e-01 3.641045689582824707e-01 2.754165828227996826e-01 6.564985513687133789e-01 6.081969738006591797e-01 5.317707657814025879e-01 4.836292862892150879e-01 5.127508640289306641e-01
5.437000095844268799e-02 4.026996791362762451e-01 2.472369968891143799e-01 9.416450262069702148e-01 1.292200013995170593e-02 3.249825239181518555e-01 9.445131421089172363e-01 4.964901506900787354e-02 4.586535692214965820e-01 1.987082362174987793e-01 9.643763303756713867e-01 7.539002690464258194e-03 3.377368748188018799e-01 8.734999895095825195e-01
1.679424941539764404e-01 8.274276852607727051e-01 5.432714819908142090e-01 1.820649951696395874e-02 8.153262734413146973e-01 2.306262552738189697e-01 7.360599935054779053e-02 1.826564967632293701e-01 4.258144795894622803e-01 3.042949438095092773e-01 1.032416522502899170e-01 9.632980823516845703e-01 5.608861446380615234e-01 4.832001626491546631e-01
4.623749852180480957e-02 4.162558317184448242e-01 9.857457280158996582e-01 4.786329865455627441e-01 1.472620069980621338e-01 7.421977519989013672e-01 4.313016533851623535e-01 1.392339169979095459e-02 4.766364991664886475e-01 8.885570168495178223e-01 4.779133796691894531e-01 6.845639646053314209e-02 5.107908248901367188e-01 4.541678726673126221e-01
5.279675126075744629e-01 5.542969703674316406e-01 5.715812444686889648e-01 5.034700036048889160e-01 8.868850022554397583e-02 7.328575849533081055e-01 6.338383555412292480e-01 4.952896535396575928e-01 5.096652507781982422e-01 3.436177372932434082e-01 5.316318273544311523e-01 8.858956396579742432e-02 4.627566933631896973e-01 5.096993446350097656e-01
5.672150254249572754e-01 6.878241896629333496e-01 4.338902533054351807e-01 5.646275281906127930e-01 9.931867718696594238e-01 2.954071760177612305e-01 1.999456733465194702e-01 5.466089248657226562e-01 5.672692656517028809e-01 4.678068757057189941e-01 5.299949049949645996e-01 9.151321053504943848e-01 3.926543593406677246e-01 4.012742936611175537e-01
4.814999997615814209e-01 4.951066672801971436e-01 3.382037580013275146e-01 4.717384874820709229e-01 3.066574968397617340e-02 1.572294980287551880e-01 9.479201436042785645e-01 3.136118948459625244e-01 4.848562180995941162e-01 1.976761519908905029e-01 7.126426696777343750e-01 1.236290764063596725e-02 4.953098893165588379e-01 7.205408811569213867e-01
2.846775054931640625e-01 6.881558299064636230e-01 7.375469803810119629e-01 3.524824976921081543e-02 1.587339937686920166e-01 1.610411107540130615e-01 9.562442302703857422e-01 2.710106074810028076e-01 5.309590101242065430e-01 4.522534608840942383e-01 3.410743474960327148e-01 1.006842777132987976e-01 5.325106978416442871e-01 4.780588746070861816e-01
6.027424931526184082e-01 7.939260005950927734e-01 7.754372358322143555e-01 4.980914890766143799e-01 2.433785051107406616e-01 4.320230185985565186e-01 7.852995991706848145e-01 6.263887286186218262e-01 5.829534530639648438e-01 4.120791554450988770e-01 5.750373601913452148e-01 2.188739776611328125e-01 3.673276901245117188e-01 3.504228889942169189e-01
5.537074804306030273e-01 3.855541646480560303e-01 4.263707399368286133e-01 4.824537634849548340e-01 6.809260249137878418e-01 3.826017081737518311e-01 4.592366516590118408e-02 5.865905880928039551e-01 3.006872236728668213e-01 4.452520012855529785e-01 5.457906723022460938e-01 8.017071485519409180e-01 6.106800436973571777e-01 6.028480529785156250e-01
7.745749950408935547e-01 5.721036791801452637e-01 4.366042613983154297e-01 8.860650062561035156e-01 6.419429779052734375e-01 6.083323955535888672e-01 8.011866807937622070e-01 6.694486737251281738e-01 4.758066236972808838e-01 4.818203449249267578e-01 7.706068158149719238e-01 5.806344151496887207e-01 3.397263884544372559e-01 4.161745905876159668e-01
3.923675119876861572e-01 5.075591802597045898e-01 7.471457719802856445e-01 5.862674713134765625e-01 5.657017230987548828e-01 2.904629409313201904e-01 4.223130047321319580e-01 5.047907233238220215e-01 3.061534762382507324e-01 4.922160506248474121e-01 5.460510253906250000e-01 7.201786637306213379e-01 5.601911544799804688e-01 5.858088731765747070e-01
5.448750257492065430e-01 5.104960203170776367e-01 6.893290281295776367e-01 4.598160088062286377e-01 1.373064965009689331e-01 6.351956725120544434e-01 8.413200080394744873e-02 5.680046081542968750e-01 4.975316822528839111e-01 4.289126694202423096e-01 5.124435424804687500e-01 1.661772429943084717e-01 4.279918670654296875e-01 4.397971928119659424e-01
5.793049931526184082e-01 4.817518293857574463e-01 3.502147495746612549e-01 6.069375276565551758e-01 7.038404941558837891e-01 7.520730495452880859e-01 5.439450144767761230e-01 6.744423508644104004e-01 4.126819670200347900e-01 2.367920428514480591e-01 6.619938015937805176e-01 7.399097084999084473e-01 5.596009492874145508e-01 5.955343842506408691e-01
8.299499750137329102e-01 6.274301409721374512e-01 5.574125051498413086e-02 3.172304928302764893e-01 9.616575241088867188e-01 4.324882924556732178e-01 1.712599955499172211e-02 7.176891565322875977e-01 5.762631297111511230e-01 1.635801047086715698e-01 3.062922358512878418e-01 9.020603299140930176e-01 5.233106017112731934e-01 4.542210102081298828e-01
5.711749792098999023e-01 5.614521503448486328e-01 4.703367352485656738e-01 1.615609973669052124e-01 6.926362514495849609e-01 4.476135373115539551e-01 1.517276614904403687e-01 6.294810771942138672e-01 4.213592112064361572e-01 2.910984754562377930e-01 3.937802612781524658e-01 7.381322979927062988e-01 5.596767663955688477e-01 5.068150162696838379e-01
3.165499866008758545e-02 4.415268301963806152e-01 4.284029901027679443e-01 1.308275014162063599e-01 4.931249842047691345e-02 2.753850519657135010e-01 9.237590432167053223e-01 4.256916046142578125e-02 5.606225728988647461e-01 5.452833771705627441e-01 5.392538309097290039e-01 1.852955669164657593e-02 5.274985432624816895e-01 6.606472134590148926e-01
9.224999696016311646e-02 6.096866726875305176e-01 4.723292589187622070e-01 4.517205059528350830e-01 7.663050293922424316e-02 3.324471712112426758e-01 7.555733323097229004e-01 1.055779829621315002e-01 5.864453315734863281e-01 4.969183504581451416e-01 5.095234513282775879e-01 9.865132719278335571e-02 4.816886484622955322e-01 5.390167236328125000e-01
6.666700243949890137e-01 7.996829748153686523e-01 8.496027588844299316e-01 5.552474856376647949e-01 4.908262491226196289e-01 3.824525326490402222e-02 9.096357226371765137e-01 6.759713888168334961e-01 5.065761208534240723e-01 4.402330517768859863e-01 6.650314331054687500e-01 3.849852979183197021e-01 3.619546890258789062e-01 3.863432705402374268e-01
4.589399993419647217e-01 3.609468340873718262e-01 3.181909918785095215e-01 9.831625223159790039e-01 2.502205073833465576e-01 4.119307100772857666e-01 6.508283615112304688e-01 5.491832494735717773e-01 4.584119021892547607e-01 4.390043616294860840e-01 6.504750251770019531e-01 2.458165585994720459e-01 3.742706179618835449e-01 4.552628695964813232e-01
6.523274779319763184e-01 7.598710060119628906e-01 9.818637371063232422e-01 4.822032451629638672e-01 2.820439934730529785e-01 6.559491157531738281e-02 3.714516758918762207e-01 7.515485882759094238e-01 4.742737114429473877e-01 5.143095254898071289e-01 5.691185593605041504e-01 2.784075140953063965e-01 3.955553174018859863e-01 3.780278861522674561e-01
7.293300032615661621e-01 2.239926606416702271e-01 4.996367394924163818e-01 4.466232359409332275e-01 4.925682544708251953e-01 9.836612939834594727e-01 9.378047585487365723e-01 5.895084738731384277e-01 3.599711060523986816e-01 5.197724699974060059e-01 5.196803808212280273e-01 3.486137390136718750e-01 4.568072855472564697e-01 4.733531773090362549e-01
8.265799880027770996e-01 7.946988344192504883e-01 1.353474985808134079e-02 6.612499952316284180e-01 3.967007398605346680e-01 5.772690176963806152e-01 8.687244057655334473e-01 9.042794704437255859e-01 6.833083033561706543e-01 3.900611400604248047e-02 6.773194074630737305e-01 5.487732887268066406e-01 6.216642260551452637e-01 4.964373707771301270e-01
6.037225127220153809e-01 5.651599764823913574e-01 2.500855028629302979e-01 6.159549951553344727e-01 3.454997539520263672e-01 6.872408986091613770e-01 3.706653416156768799e-01 5.545644760131835938e-01 5.520145297050476074e-01 3.945509493350982666e-01 4.141673147678375244e-01 3.702989220619201660e-01 4.683327674865722656e-01 3.799657821655273438e-01
1.246400028467178345e-01 7.014186382293701172e-01 7.736587524414062500e-01 1.464394927024841309e-01 6.113374829292297363e-01 2.854690849781036377e-01 1.824299991130828857e-01 1.252965033054351807e-01 5.968112945556640625e-01 6.627637147903442383e-01 3.281621038913726807e-01 6.643922328948974609e-01 4.363777935504913330e-01 3.559663593769073486e-01
5.220999941229820251e-02 4.317874908447265625e-01 7.650719881057739258e-01 3.009002506732940674e-01 5.440527796745300293e-01 1.339890956878662109e-01 2.594596743583679199e-01 7.381051033735275269e-02 4.723329246044158936e-01 7.594644427299499512e-01 4.290034472942352295e-01 5.260051488876342773e-01 4.993731379508972168e-01 5.644657611846923828e-01
6.184399724006652832e-01 3.226206600666046143e-01 7.598850131034851074e-01 7.327975034713745117e-01 2.869487404823303223e-01 5.185052752494812012e-01 5.277993083000183105e-01 6.867898106575012207e-01 2.776637673377990723e-01 5.650935173034667969e-01 7.275120019912719727e-01 2.521500289440155029e-01 3.992894291877746582e-01 5.361614823341369629e-01
6.205149888992309570e-01 6.462630033493041992e-01 6.516445279121398926e-01 3.750205039978027344e-01 4.998049885034561157e-02 1.051249504089355469e-01 1.357023268938064575e-01 7.614229321479797363e-01 5.263075232505798340e-01 3.015127182006835938e-01 5.295013785362243652e-01 9.025027602910995483e-02 4.709503948688507080e-01 4.787913262844085693e-01
5.756974816322326660e-01 3.772961795330047607e-01 8.206052780151367188e-01 5.048274993896484375e-01 2.566429972648620605e-01 9.863545298576354980e-01 7.766674160957336426e-01 5.615397691726684570e-01 4.096598029136657715e-01 5.078535079956054688e-01 6.104279160499572754e-01 2.050860375165939331e-01 3.980834782123565674e-01 4.825084805488586426e-01
1.027999967336654663e-01 2.197555005550384521e-01 4.618557393550872803e-01 7.997350096702575684e-01 6.907292604446411133e-01 1.358963642269372940e-02 5.026666447520256042e-03 1.315571218729019165e-01 3.732022941112518311e-01 7.982329726219177246e-01 6.712265610694885254e-01 6.558982729911804199e-01 4.500961601734161377e-01 4.389272034168243408e-01
8.039199709892272949e-01 4.741106629371643066e-01 8.441075086593627930e-01 5.327175259590148926e-01 8.118077516555786133e-01 5.659452676773071289e-01 7.142034173011779785e-01 7.185097932815551758e-01 5.013630986213684082e-01 5.712993741035461426e-01 6.946533322334289551e-01 6.411468982696533203e-01 3.404632806777954102e-01 3.301522135734558105e-01
2.127224951982498169e-01 4.209916591644287109e-01 5.357372760772705078e-01 9.360449910163879395e-01 5.025852322578430176e-01 6.798841059207916260e-02 1.649453341960906982e-01 3.329342603683471680e-01 4.228609800338745117e-01 5.963239669799804688e-01 7.193842530250549316e-01 6.030594110488891602e-01 3.791860938072204590e-01 4.852522611618041992e-01
2.497275024652481079e-01 8.306689858436584473e-01 3.795014917850494385e-01 6.761224865913391113e-01 4.662767648696899414e-01 9.453137516975402832e-01 5.869673490524291992e-01 2.496657669544219971e-01 5.542103648185729980e-01 2.196881622076034546e-01 5.858348011970520020e-01 5.503895282745361328e-01 4.482751190662384033e-01 5.639103055000305176e-01
6.078649759292602539e-01 6.365513205528259277e-01 3.372550010681152344e-02 4.875899851322174072e-02 5.432617664337158203e-01 4.955407977104187012e-01 5.495290160179138184e-01 5.173640251159667969e-01 5.403628945350646973e-01 1.332988739013671875e-01 4.344395995140075684e-01 4.705824851989746094e-01 5.557852387428283691e-01 4.911659061908721924e-01
9.014300107955932617e-01 2.808698415756225586e-01 6.747102737426757812e-01 6.920099854469299316e-01 3.988375142216682434e-02 7.460101246833801270e-01 8.136434555053710938e-01 9.581733942031860352e-01 3.128457963466644287e-01 3.218423426151275635e-01 9.316779971122741699e-01 4.246459901332855225e-02 3.859983980655670166e-01 7.420325279235839844e-01
2.356700003147125244e-01 5.783045291900634766e-01 5.420337319374084473e-01 6.593250036239624023e-01 6.885660290718078613e-01 7.283633351325988770e-01 1.879143267869949341e-01 2.635964155197143555e-01 5.267630219459533691e-01 6.197162270545959473e-01 5.325132608413696289e-01 7.071771025657653809e-01 3.943572342395782471e-01 3.982708156108856201e-01
5.297600030899047852e-01 6.138210296630859375e-01 4.326485097408294678e-01 2.379630059003829956e-01 6.200804710388183594e-01 7.925355434417724609e-01 6.987500190734863281e-02 4.953194260597229004e-01 4.353100657463073730e-01 4.125800132751464844e-01 3.157783150672912598e-01 6.430320739746093750e-01 5.120711922645568848e-01 4.419607222080230713e-01
8.771874904632568359e-01 4.794111549854278564e-01 8.491975069046020508e-02 3.927337527275085449e-01 7.616655230522155762e-01 8.896674513816833496e-01 4.204460084438323975e-01 7.448921799659729004e-01 5.294748544692993164e-01 2.015812695026397705e-01 3.607879877090454102e-01 7.153427004814147949e-01 5.629394054412841797e-01 4.410804808139801025e-01
1.337449997663497925e-01 5.978293418884277344e-01 7.867127656936645508e-01 9.316350221633911133e-01 8.425062298774719238e-01 3.378070592880249023e-01 3.072710037231445312e-01 1.093280315399169922e-01 6.006152629852294922e-01 8.250992894172668457e-01 8.929919004440307617e-01 9.041400551795959473e-01 2.604512870311737061e-01 3.811431825160980225e-01
9.233249723911285400e-02 2.258598357439041138e-01 8.757072687149047852e-01 7.889399677515029907e-02 8.678152561187744141e-01 7.273243665695190430e-01 8.415158987045288086e-01 4.444859176874160767e-02 2.877965569496154785e-01 8.883321881294250488e-01 4.868952929973602295e-01 7.736810445785522461e-01 6.087037324905395508e-01 5.628799200057983398e-01
3.705250099301338196e-02 2.144251614809036255e-01 3.715177476406097412e-01 9.318249821662902832e-01 1.945084929466247559e-01 1.533580869436264038e-01 1.035096645355224609e-01 4.161235317587852478e-02 4.727261662483215332e-01 7.895985245704650879e-01 6.293203234672546387e-01 1.012024879455566406e-01 4.262678623199462891e-01 5.385453701019287109e-01
1.134475022554397583e-01 4.447706639766693115e-01 5.297704935073852539e-01 5.342199802398681641e-01 6.698520183563232422e-01 5.603924393653869629e-01 4.099099934101104736e-01 1.268615573644638062e-01 4.017095565795898438e-01 5.863608717918395996e-01 5.964321494102478027e-01 7.600035667419433594e-01 5.744584202766418457e-01 6.419449448585510254e-01
6.267899870872497559e-01 7.339239716529846191e-01 7.689437270164489746e-01 3.005647361278533936e-01 9.013969898223876953e-01 5.489408373832702637e-01 4.495436549186706543e-01 6.103202104568481445e-01 4.058288037776947021e-01 4.385705888271331787e-01 6.346504688262939453e-01 8.888309597969055176e-01 4.880615174770355225e-01 5.306909084320068359e-01
1.357949972152709961e-01 4.607563316822052002e-01 8.403970003128051758e-01 4.209575057029724121e-01 4.849539995193481445e-01 4.693318307399749756e-01 8.096175193786621094e-01 1.198720261454582214e-01 3.235531151294708252e-01 7.522236108779907227e-01 4.761022925376892090e-01 4.767301082611083984e-01 5.367992520332336426e-01 6.453460454940795898e-01
5.021575093269348145e-01 3.308799862861633301e-01 4.910012483596801758e-01 2.544987499713897705e-01 6.507422327995300293e-01 1.008199974894523621e-01 2.893039882183074951e-01 5.560268759727478027e-01 3.316100835800170898e-01 4.748199582099914551e-01 3.477929234504699707e-01 7.184134125709533691e-01 5.822618603706359863e-01 5.243220925331115723e-01
3.294275104999542236e-01 7.733401656150817871e-01 1.493985056877136230e-01 5.219424962997436523e-01 7.071182727813720703e-01 9.238082766532897949e-01 8.520923256874084473e-01 2.668359577655792236e-01 5.935221910476684570e-01 1.012700572609901428e-01 4.308903515338897705e-01 6.632304787635803223e-01 5.061080455780029297e-01 5.681350231170654297e-01
9.728350043296813965e-01 1.728146672248840332e-01 3.561397492885589600e-01 8.527474999427795410e-01 2.137182503938674927e-01 9.482091665267944336e-01 8.089429736137390137e-01 8.533465266227722168e-01 1.938031166791915894e-01 5.525010228157043457e-01 8.322482705116271973e-01 1.348434984683990479e-01 4.066824615001678467e-01 6.859098076820373535e-01
6.951050162315368652e-01 5.479220151901245117e-01 3.075642585754394531e-01 9.796925187110900879e-01 4.516704976558685303e-01 1.952718198299407959e-01 1.101979985833168030e-01 7.800666093826293945e-01 5.083590149879455566e-01 4.817202985286712646e-01 6.824629902839660645e-01 4.644621312618255615e-01 3.648841381072998047e-01 3.493790328502655029e-01
5.954449772834777832e-01 3.296663463115692139e-01 6.178750190883874893e-03 1.877552568912506104e-01 4.356897473335266113e-01 4.123289883136749268e-01 9.667299687862396240e-02 5.208346247673034668e-01 4.436382353305816650e-01 2.702197134494781494e-01 3.565871119499206543e-01 4.795880019664764404e-01 5.834864377975463867e-01 4.913332462310791016e-01
9.464849829673767090e-01 5.162131786346435547e-01 4.160049855709075928e-01 3.235692381858825684e-01 2.306882441043853760e-01 2.209735363721847534e-01 1.374659985303878784e-01 9.665293693542480469e-01 5.942784547805786133e-01 3.330566287040710449e-01 4.727375507354736328e-01 4.453001022338867188e-01 5.633065700531005859e-01 3.076260685920715332e-01
1.838349997997283936e-01 7.046135067939758301e-01 8.513622283935546875e-01 8.314725160598754883e-01 8.726862668991088867e-01 1.807861626148223877e-01 6.016900017857551575e-02 1.833946555852890015e-01 5.652284026145935059e-01 7.785108089447021484e-01 7.771486639976501465e-01 9.340455532073974609e-01 3.109772801399230957e-01 3.450565040111541748e-01
9.569349884986877441e-01 1.680134981870651245e-01 8.016595244407653809e-01 1.081100013107061386e-02 3.449209928512573242e-01 2.967322170734405518e-01 9.842099994421005249e-02 8.936257362365722656e-01 2.657909095287322998e-01 6.231458783149719238e-01 4.926576614379882812e-01 3.065078854560852051e-01 5.051380991935729980e-01 4.660302102565765381e-01
9.642875194549560547e-01 7.052201628684997559e-01 3.977100178599357605e-02 3.021062612533569336e-01 3.729100152850151062e-02 3.003205955028533936e-01 7.832788228988647461e-01 7.567058801651000977e-01 5.068004727363586426e-01 2.055419534444808960e-01 5.536668896675109863e-01 4.830619320273399353e-02 5.446383357048034668e-01 5.876275897026062012e-01
4.486174881458282471e-01 7.533954977989196777e-01 7.444697618484497070e-01 2.283509969711303711e-01 9.381897449493408203e-01 7.935725450515747070e-01 3.078649938106536865e-01 3.524924218654632568e-01 4.687870144844055176e-01 6.075599193572998047e-01 3.211134076118469238e-01 9.101094603538513184e-01 4.784422218799591064e-01 3.685451149940490723e-01
3.351750075817108154e-01 3.498154878616333008e-01 4.218500107526779175e-02 8.118199706077575684e-01 1.400577425956726074e-01 6.372041702270507812e-01 6.788942813873291016e-01 3.486056923866271973e-01 4.959298670291900635e-01 1.987971961498260498e-01 7.045059204101562500e-01 1.317197978496551514e-01 4.811512231826782227e-01 6.080801486968994141e-01
5.876324772834777832e-01 6.424941420555114746e-01 6.198775172233581543e-01 8.318225145339965820e-01 8.980969786643981934e-01 7.795515060424804688e-01 3.536539971828460693e-01 5.566819310188293457e-01 5.125502943992614746e-01 6.073181033134460449e-01 8.374817967414855957e-01 8.543410897254943848e-01 3.004617691040039062e-01 4.180038273334503174e-01
7.713724970817565918e-01 4.806668460369110107e-01 8.767859935760498047e-01 2.366182506084442139e-01 1.521085053682327271e-01 3.031006157398223877e-01 8.081433773040771484e-01 8.283708095550537109e-01 2.682316899299621582e-01 5.484571456909179688e-01 6.321187019348144531e-01 1.048439666628837585e-01 4.483455419540405273e-01 6.145728826522827148e-01
5.943574905395507812e-01 7.200951576232910156e-01 8.878102302551269531e-01 3.766874969005584717e-02 2.970432639122009277e-01 2.135898917913436890e-01 1.678120046854019165e-01 5.678101778030395508e-01 5.103762745857238770e-01 4.879783689975738525e-01 4.159355461597442627e-01 3.215051293373107910e-01 4.523264765739440918e-01 3.720066845417022705e-01
6.157000064849853516e-01 2.024600058794021606e-01 3.260167539119720459e-01 8.765075206756591797e-01 3.763464987277984619e-01 4.873624145984649658e-01 1.976666599512100220e-02 6.668924689292907715e-01 3.953655958175659180e-01 4.886447787284851074e-01 6.025859713554382324e-01 4.106655716896057129e-01 4.234484136104583740e-01 4.440001249313354492e-01
4.835774898529052734e-01 8.276996612548828125e-01 1.982644945383071899e-01 6.380950212478637695e-01 2.593885064125061035e-01 7.112660408020019531e-01 3.400020003318786621e-01 4.956987500190734863e-01 6.167063117027282715e-01 1.276234537363052368e-01 5.727184414863586426e-01 3.366110324859619141e-01 5.121859312057495117e-01 4.857227206230163574e-01
7.398499846458435059e-01 7.796614766120910645e-01 9.145342707633972168e-01 9.285550117492675781e-01 1.252249926328659058e-01 9.122923016548156738e-01 2.347099930047988892e-01 8.873005509376525879e-01 3.616399765014648438e-01 4.621110856533050537e-01 8.182706832885742188e-01 1.890053749084472656e-01 3.764374554157257080e-01 5.433572530746459961e-01
7.883725166320800781e-01 6.593629717826843262e-01 8.596755266189575195e-01 2.987412512302398682e-01 7.223179936408996582e-01 4.795535206794738770e-01 9.717208743095397949e-01 6.938835382461547852e-01 5.152727365493774414e-01 3.958467245101928711e-01 5.841066837310791016e-01 5.256794691085815430e-01 4.288629889488220215e-01 4.045613110065460205e-01
8.854550123214721680e-01 6.414548158645629883e-01 8.229169845581054688e-01 1.683409959077835083e-01 5.751317739486694336e-01 8.938954472541809082e-01 7.268786430358886719e-01 8.560522198677062988e-01 5.803244113922119141e-01 3.274976611137390137e-01 5.188222527503967285e-01 6.070405244827270508e-01 5.002146363258361816e-01 3.593192994594573975e-01
3.479275107383728027e-01 7.220336794853210449e-01 2.997687458992004395e-01 8.793849945068359375e-01 3.279857635498046875e-01 1.417669653892517090e-01 7.486291527748107910e-01 3.920338153839111328e-01 5.683389306068420410e-01 2.818041145801544189e-01 8.305321335792541504e-01 3.988024294376373291e-01 3.153694868087768555e-01 5.232032537460327148e-01
3.951750099658966064e-01 3.479646742343902588e-01 8.276724815368652344e-02 2.439849972724914551e-01 3.757642507553100586e-01 7.667951583862304688e-01 5.472490191459655762e-01 3.579049110412597656e-01 4.873189926147460938e-01 2.768426239490509033e-01 3.719162344932556152e-01 3.323596417903900146e-01 5.798906683921813965e-01 4.995366930961608887e-01
6.422449946403503418e-01 2.159761637449264526e-01 7.533820271492004395e-01 5.348449945449829102e-01 5.702287554740905762e-01 4.009197950363159180e-01 2.383109927177429199e-01 6.856699585914611816e-01 3.454976379871368408e-01 5.475158095359802246e-01 5.470756888389587402e-01 5.826718807220458984e-01 4.719648063182830811e-01 4.225716292858123779e-01
1.530500035732984543e-02 7.148720026016235352e-01 6.266832351684570312e-01 8.565150201320648193e-02 5.358610153198242188e-01 9.889655709266662598e-01 7.030794620513916016e-01 4.687275504693388939e-04 9.032407402992248535e-01 6.425008177757263184e-02 2.675988071132451296e-06 2.221414819359779358e-02 9.617359042167663574e-01 1.418032646179199219e-01
4.539249837398529053e-02 6.400160193443298340e-01 1.193045005202293396e-01 2.625067532062530518e-01 2.417974919080734253e-02 8.794419169425964355e-01 3.599239885807037354e-01 8.199616335332393646e-03 7.786074876785278320e-01 6.163132563233375549e-02 3.174156416207551956e-03 1.379564404487609863e-02 9.075780510902404785e-01 3.261320888996124268e-01
3.249525129795074463e-01 2.785876691341400146e-01 3.099524974822998047e-01 6.502450108528137207e-01 3.871202468872070312e-01 5.599882602691650391e-01 6.465583443641662598e-01 3.768589794635772705e-01 3.579492270946502686e-01 5.011695623397827148e-01 5.863363742828369141e-01 4.500786066055297852e-01 4.875917732715606689e-01 5.961633920669555664e-01
1.249999972060322762e-03 6.312811374664306641e-01 2.951042354106903076e-01 6.327225267887115479e-02 3.055120110511779785e-01 7.084169983863830566e-01 8.455400168895721436e-02 2.047381596639752388e-03 8.880639076232910156e-01 1.090096160769462585e-01 1.870423875516280532e-05 4.340386483818292618e-03 9.585800766944885254e-01 1.701409518718719482e-01
6.580625176429748535e-01 7.711866497993469238e-01 6.440000142902135849e-04 2.657884955406188965e-01 5.309154987335205078e-01 1.269796937704086304e-01 7.207232117652893066e-01 5.733647346496582031e-01 6.019982695579528809e-01 5.848414823412895203e-02 5.597539544105529785e-01 4.637660682201385498e-01 5.668886303901672363e-01 5.266686677932739258e-01
9.676750004291534424e-02 7.637516856193542480e-01 3.036330044269561768e-01 2.466042488813400269e-01 4.106009900569915771e-01 4.573194086551666260e-01 3.881823420524597168e-01 1.196595355868339539e-01 6.346303224563598633e-01 1.764282733201980591e-01 2.858100533485412598e-01 6.300419569015502930e-01 5.003553628921508789e-01 5.308833718299865723e-01
5.318000167608261108e-02 1.981306672096252441e-01 2.709555029869079590e-01 6.842374801635742188e-01 9.276682734489440918e-01 8.876200914382934570e-01 8.340072631835937500e-01 4.937288537621498108e-02 4.180660843849182129e-01 5.961511731147766113e-01 5.300133824348449707e-01 6.508882641792297363e-01 6.207157969474792480e-01 7.178243398666381836e-01
8.580325245857238770e-01 4.908783435821533203e-01 3.720794916152954102e-01 7.741274833679199219e-01 7.854444980621337891e-01 8.160946369171142578e-01 1.538799982517957687e-02 8.452278375625610352e-01 4.001719653606414795e-01 4.932245314121246338e-01 4.678285717964172363e-01 7.901216149330139160e-01 5.412006974220275879e-01 3.995085060596466064e-01
8.352324962615966797e-01 5.909068584442138672e-01 7.283250093460083008e-01 4.879472553730010986e-01 6.768722534179687500e-01 8.085382580757141113e-01 3.966679871082305908e-01 7.875344157218933105e-01 3.670477569103240967e-01 5.316889286041259766e-01 4.803953468799591064e-01 6.974830031394958496e-01 5.380864739418029785e-01 4.126725494861602783e-01
7.854325175285339355e-01 7.211239933967590332e-01 3.538385033607482910e-01 6.810250282287597656e-01 8.704444766044616699e-01 7.331857681274414062e-01 4.342076778411865234e-01 8.244327902793884277e-01 4.929188787937164307e-01 1.092387288808822632e-01 6.986973881721496582e-01 8.881398439407348633e-01 5.954456925392150879e-01 6.153078675270080566e-01
9.265974760055541992e-01 5.438181757926940918e-01 3.808032572269439697e-01 5.223274827003479004e-01 5.606135129928588867e-01 2.212509140372276306e-02 5.617153048515319824e-01 8.889508843421936035e-01 6.803258061408996582e-01 3.244491815567016602e-01 6.125754117965698242e-01 5.577675700187683105e-01 4.299635589122772217e-01 2.983152568340301514e-01
2.541174888610839844e-01 1.709461659193038940e-01 1.830029934644699097e-01 8.431074768304824829e-02 1.929205060005187988e-01 4.778940379619598389e-01 4.257226586341857910e-01 2.638375163078308105e-01 5.408306121826171875e-01 4.851508736610412598e-01 3.246853351593017578e-01 1.735569685697555542e-01 5.236891508102416992e-01 4.373954534530639648e-01
9.796050190925598145e-01 3.020843267440795898e-01 7.923887372016906738e-01 5.067099928855895996e-01 1.234662532806396484e-01 4.203583672642707825e-02 3.008473217487335205e-01 9.652408361434936523e-01 1.950204372406005859e-01 6.154575943946838379e-01 8.285875320434570312e-01 1.419969946146011353e-01 4.333242475986480713e-01 6.197987794876098633e-01
5.865474939346313477e-01 4.079183340072631836e-01 4.858877360820770264e-01 9.268550276756286621e-01 7.750844955444335938e-01 5.964813232421875000e-01 4.092276692390441895e-01 6.424992680549621582e-01 3.365591168403625488e-01 4.898090064525604248e-01 7.235386967658996582e-01 8.127132058143615723e-01 5.118168592453002930e-01 5.446758866310119629e-01
9.798499941825866699e-02 5.884426832199096680e-01 5.140967369079589844e-01 3.001849949359893799e-01 8.603529930114746094e-01 3.957545459270477295e-01 1.522736698389053345e-01 8.703076839447021484e-02 6.013817787170410156e-01 5.446526408195495605e-01 1.836673915386199951e-01 9.268229603767395020e-01 4.405115246772766113e-01 3.584929406642913818e-01
5.232675075531005859e-01 5.414955019950866699e-01 2.930682599544525146e-01 2.921962440013885498e-01 9.256677627563476562e-01 5.735969543457031250e-01 9.457937479019165039e-01 4.922246038913726807e-01 3.935613632202148438e-01 3.743652701377868652e-01 5.407979488372802734e-01 7.939548492431640625e-01 5.325146317481994629e-01 5.639434456825256348e-01
2.969025075435638428e-01 7.239956855773925781e-01 6.505355238914489746e-01 2.836945056915283203e-01 9.534027576446533203e-01 9.267667531967163086e-01 2.312403321266174316e-01 2.026700079441070557e-01 5.806011557579040527e-01 4.068684577941894531e-01 2.029108703136444092e-01 9.320629239082336426e-01 4.352256059646606445e-01 3.881871700286865234e-01
6.230825185775756836e-01 4.982448220252990723e-01 4.942125082015991211e-02 7.827299833297729492e-01 9.849897623062133789e-01 5.820017457008361816e-01 7.606406211853027344e-01 6.111232638359069824e-01 3.819848001003265381e-01 2.918836176395416260e-01 7.185855507850646973e-01 9.132288694381713867e-01 5.776271820068359375e-01 6.407774090766906738e-01
2.673999965190887451e-01 6.283091902732849121e-01 9.542174637317657471e-02 1.191229969263076782e-01 4.806617498397827148e-01 9.426166415214538574e-01 8.317329883575439453e-01 1.834617555141448975e-01 6.497340202331542969e-01 1.306339949369430542e-01 2.687369287014007568e-01 3.124283552169799805e-01 6.076211929321289062e-01 4.753565788269042969e-01
1.730249971151351929e-01 4.870483279228210449e-01 1.731735020875930786e-01 3.309442400932312012e-01 7.030622363090515137e-01 2.829179763793945312e-01 1.595033407211303711e-01 2.575319409370422363e-01 5.034466981887817383e-01 3.926934003829956055e-01 2.988972663879394531e-01 7.556238174438476562e-01 4.864663481712341309e-01 4.776917397975921631e-01
2.088849991559982300e-01 3.285933434963226318e-01 6.184467673301696777e-01 3.377565145492553711e-01 8.114097714424133301e-01 1.579389870166778564e-01 2.490520030260086060e-01 1.798289567232131958e-01 4.245318174362182617e-01 7.637794613838195801e-01 5.255017280578613281e-01 7.980353236198425293e-01 4.702687561511993408e-01 3.481461405754089355e-01
2.780900001525878906e-01 1.792176663875579834e-01 9.288704991340637207e-01 6.176350116729736328e-01 9.227149933576583862e-02 5.913984775543212891e-01 9.506603479385375977e-01 4.175242483615875244e-01 2.056162804365158081e-01 4.648436605930328369e-01 7.590641975402832031e-01 3.497440740466117859e-02 4.948583543300628662e-01 8.326981663703918457e-01
8.705800175666809082e-01 6.995310187339782715e-01 4.138849973678588867e-01 8.038175106048583984e-01 5.136334896087646484e-01 3.591844439506530762e-01 7.338891029357910156e-01 9.169306755065917969e-01 6.015469431877136230e-01 3.458833992481231689e-01 6.976944804191589355e-01 6.146754622459411621e-01 4.430539011955261230e-01 3.460350930690765381e-01
7.796974778175354004e-01 7.474111914634704590e-01 6.323927640914916992e-01 5.670850276947021484e-01 6.657999753952026367e-02 5.467739105224609375e-01 5.341506600379943848e-01 8.729016780853271484e-01 4.712676703929901123e-01 3.597211539745330811e-01 6.794564127922058105e-01 8.072005212306976318e-02 4.075771570205688477e-01 5.034752488136291504e-01
6.981024742126464844e-01 2.706953287124633789e-01 7.308882474899291992e-01 4.792257547378540039e-01 1.218732520937919617e-01 3.431379795074462891e-01 2.325419932603836060e-01 9.050445556640625000e-01 2.510017454624176025e-01 5.944894552230834961e-01 5.588781833648681641e-01 1.367789357900619507e-01 4.885892271995544434e-01 5.746850967407226562e-01
6.033300161361694336e-01 3.658276796340942383e-01 3.682837486267089844e-01 9.404700249433517456e-02 9.530202746391296387e-01 5.066472887992858887e-01 8.712416887283325195e-01 5.351186394691467285e-01 4.028120636940002441e-01 4.011100828647613525e-01 5.280001163482666016e-01 8.061429858207702637e-01 5.013266801834106445e-01 5.325965285301208496e-01
6.136274933815002441e-01 5.376636385917663574e-01 2.153345048427581787e-01 2.342994958162307739e-01 1.480522453784942627e-01 8.851080536842346191e-01 6.276826858520507812e-01 5.270656347274780273e-01 5.717338919639587402e-01 2.236196398735046387e-01 2.414410412311553955e-01 1.175489649176597595e-01 6.465857625007629395e-01 4.382311403751373291e-01
6.702750176191329956e-02 2.829093337059020996e-01 8.737227320671081543e-01 1.394364982843399048e-01 4.408695101737976074e-01 1.503352522850036621e-01 9.821726679801940918e-01 4.152206704020500183e-02 4.010232090950012207e-01 8.357208371162414551e-01 4.957422912120819092e-01 1.319874674081802368e-01 5.017253756523132324e-01 4.279045462608337402e-01
1.748574972152709961e-01 8.145964741706848145e-01 2.812637388706207275e-01 5.590975284576416016e-01 9.619920253753662109e-01 8.368066549301147461e-01 5.525746941566467285e-01 1.051590070128440857e-01 5.746054053306579590e-01 1.616325676441192627e-01 5.595764145255088806e-02 9.831382036209106445e-01 4.906431734561920166e-01 4.515165090560913086e-01
5.425475239753723145e-01 2.777290046215057373e-01 6.114122271537780762e-01 2.499385029077529907e-01 7.108445167541503906e-01 9.296467900276184082e-01 3.843853473663330078e-01 4.200796186923980713e-01 4.329831600189208984e-01 5.864391326904296875e-01 4.474402964115142822e-01 5.988571643829345703e-01 4.308639764785766602e-01 3.628724217414855957e-01
7.456499934196472168e-01 3.103448450565338135e-01 5.986254811286926270e-01 5.624325275421142578e-01 1.665319949388504028e-01 3.079724311828613281e-01 5.480570197105407715e-01 8.146535158157348633e-01 2.202088087797164917e-01 5.939158201217651367e-01 6.145535707473754883e-01 1.270507574081420898e-01 4.699081778526306152e-01 6.211372017860412598e-01
8.345925211906433105e-01 8.030545115470886230e-01 7.515295147895812988e-01 1.359802484512329102e-01 2.634592354297637939e-01 4.959296882152557373e-01 2.569413185119628906e-01 9.045545458793640137e-01 6.232337355613708496e-01 2.935014367103576660e-01 4.395675957202911377e-01 4.229458272457122803e-01 5.445044040679931641e-01 3.279742300510406494e-01
1.810249984264373779e-01 1.924956738948822021e-01 4.512662589550018311e-01 4.872285127639770508e-01 1.857240051031112671e-01 6.262288093566894531e-01 9.351053237915039062e-01 1.507141739130020142e-01 2.702378630638122559e-01 6.135296225547790527e-01 6.789544224739074707e-01 6.109964475035667419e-02 4.862724840641021729e-01 7.898886799812316895e-01
3.528625071048736572e-01 4.188469946384429932e-01 7.230585217475891113e-01 3.808110058307647705e-01 2.476402521133422852e-01 2.592834234237670898e-01 5.940573215484619141e-01 4.089603722095489502e-01 3.221125304698944092e-01 5.822374820709228516e-01 4.487039446830749512e-01 2.988374829292297363e-01 4.843329489231109619e-01 4.986831247806549072e-01
3.900099992752075195e-01 2.739291787147521973e-01 3.150264918804168701e-01 3.430207371711730957e-01 1.287014931440353394e-01 9.063737392425537109e-01 5.168513059616088867e-01 3.300925791263580322e-01 4.864981472492218018e-01 4.321068227291107178e-01 3.476364314556121826e-01 1.326114982366561890e-01 5.385729670524597168e-01 4.958386421203613281e-01
9.401599764823913574e-01 2.543453276157379150e-01 1.716039925813674927e-01 9.977250099182128906e-01 5.062225088477134705e-02 9.958626031875610352e-01 3.961879909038543701e-01 9.241806864738464355e-01 2.558349072933197021e-01 5.158968567848205566e-01 7.215875387191772461e-01 6.591333448886871338e-02 4.515700936317443848e-01 6.616047024726867676e-01
4.313549995422363281e-01 6.718328595161437988e-01 1.421592533588409424e-01 7.145575284957885742e-01 4.278914928436279297e-01 5.616561695933341980e-02 3.759549856185913086e-01 5.019061565399169922e-01 5.970044732093811035e-01 3.664910495281219482e-01 5.189413428306579590e-01 4.637102186679840088e-01 4.158697724342346191e-01 3.918124735355377197e-01
5.748299956321716309e-01 6.535038352012634277e-01 1.904352456331253052e-01 7.208300232887268066e-01 3.835605084896087646e-01 6.391913294792175293e-01 9.554687142372131348e-01 5.140249133110046387e-01 5.487330555915832520e-01 1.766842752695083618e-01 6.220610737800598145e-01 2.794347703456878662e-01 4.987877309322357178e-01 5.171011090278625488e-01
2.199050039052963257e-01 3.884821534156799316e-01 5.577147603034973145e-01 4.251092374324798584e-01 7.792764902114868164e-01 3.137783706188201904e-01 4.924249947071075439e-01 2.825354337692260742e-01 2.960593700408935547e-01 6.395328640937805176e-01 5.047240257263183594e-01 8.852108120918273926e-01 6.522848010063171387e-01 6.057435274124145508e-01
4.284749925136566162e-02 7.033806443214416504e-01 1.727699935436248779e-01 5.498424768447875977e-01 2.319989949464797974e-01 5.004692673683166504e-01 6.646593213081359863e-01 5.662033706903457642e-02 7.334502935409545898e-01 6.497757881879806519e-02 5.422672033309936523e-01 2.325317561626434326e-01 5.403665900230407715e-01 5.847422480583190918e-01
9.048274755477905273e-01 3.750774860382080078e-01 6.173377633094787598e-01 4.954580068588256836e-01 2.163275033235549927e-01 8.741359710693359375e-01 1.496283262968063354e-01 8.713994026184082031e-01 2.453420609235763550e-01 6.192272901535034180e-01 5.147521495819091797e-01 1.990863829851150513e-01 5.092164874076843262e-01 5.461223125457763672e-01
7.594575285911560059e-01 7.816634774208068848e-01 9.492992758750915527e-01 2.553552389144897461e-01 1.205142512917518616e-01 6.199463605880737305e-01 5.822600126266479492e-01 8.483600616455078125e-01 4.661056101322174072e-01 4.171874821186065674e-01 5.654949545860290527e-01 1.257401406764984131e-01 4.501464664936065674e-01 4.578078985214233398e-01
9.506275057792663574e-01 6.128249764442443848e-01 1.361224949359893799e-01 7.617350220680236816e-01 9.079587459564208984e-01 9.126816391944885254e-01 9.433433413505554199e-01 8.099215030670166016e-01 4.121281504631042480e-01 1.285465806722640991e-01 7.083529233932495117e-01 8.349770903587341309e-01 6.784160733222961426e-01 6.676916480064392090e-01
1.875125020742416382e-01 5.385738611221313477e-01 6.597635149955749512e-01 3.656692504882812500e-01 5.228130221366882324e-01 6.385291814804077148e-01 5.305443406105041504e-01 2.187344729900360107e-01 4.124945998191833496e-01 5.921194553375244141e-01 4.170090854167938232e-01 5.810504555702209473e-01 5.378987789154052734e-01 5.627127885818481445e-01
2.879774868488311768e-01 2.063110023736953735e-01 8.879374712705612183e-02 6.304674744606018066e-01 8.447422385215759277e-01 6.530538201332092285e-01 8.118233084678649902e-02 3.135443925857543945e-01 3.979755640029907227e-01 5.329922437667846680e-01 3.773200511932373047e-01 8.153865337371826172e-01 5.465736985206604004e-01 5.048822164535522461e-01
8.174899816513061523e-01 7.763331532478332520e-01 8.520907759666442871e-01 3.883307576179504395e-01 6.240684986114501953e-01 7.287012934684753418e-01 5.555426478385925293e-01 8.638644218444824219e-01 5.151511430740356445e-01 2.874343395233154297e-01 5.304437279701232910e-01 6.816192865371704102e-01 5.484045743942260742e-01 4.222345352172851562e-01
7.866874933242797852e-01 5.061705112457275391e-01 1.269930005073547363e-01 9.392399787902832031e-01 1.909182518720626831e-01 4.582333192229270935e-02 2.944773435592651367e-01 9.614984989166259766e-01 6.828020811080932617e-01 2.304197549819946289e-01 6.451453566551208496e-01 3.241028189659118652e-01 4.975422322750091553e-01 3.199009597301483154e-01
6.608675122261047363e-01 2.899978458881378174e-01 6.655120253562927246e-01 9.235075116157531738e-01 4.649935066699981689e-01 6.819883584976196289e-01 3.457853198051452637e-01 7.682963013648986816e-01 4.384142756462097168e-01 5.190797448158264160e-01 6.765176653861999512e-01 4.353988170623779297e-01 3.799951076507568359e-01 3.845208585262298584e-01
7.385399937629699707e-01 6.610124707221984863e-01 5.626425147056579590e-01 7.014200091361999512e-01 8.055984973907470703e-01 3.496533334255218506e-01 9.520100057125091553e-02 5.727809071540832520e-01 5.611375570297241211e-01 5.617238879203796387e-01 7.769445180892944336e-01 7.384232282638549805e-01 2.874441444873809814e-01 3.606444299221038818e-01
8.435649871826171875e-01 4.495556652545928955e-01 4.898129999637603760e-01 2.010542452335357666e-01 9.863305091857910156e-01 7.887453436851501465e-01 7.040234804153442383e-01 6.969326138496398926e-01 4.385746121406555176e-01 4.705612957477569580e-01 4.090374112129211426e-01 8.431460857391357422e-01 4.980777800083160400e-01 4.195359647274017334e-01
7.723450064659118652e-01 2.116709947586059570e-01 4.021547436714172363e-01 8.701000213623046875e-01 2.531160116195678711e-01 5.505072474479675293e-01 3.477926552295684814e-01 8.885136842727661133e-01 2.622483968734741211e-01 5.439554452896118164e-01 7.234156727790832520e-01 2.840245068073272705e-01 4.607659876346588135e-01 5.590196847915649414e-01
4.511849880218505859e-01 2.661591768264770508e-01 8.156400173902511597e-02 5.706400275230407715e-01 3.157750004902482033e-03 2.702773809432983398e-01 6.829292178153991699e-01 3.359868824481964111e-01 4.939923286437988281e-01 2.291409373283386230e-01 5.653508305549621582e-01 1.845768094062805176e-02 5.492061972618103027e-01 6.761626601219177246e-01
7.529575228691101074e-01 5.876656770706176758e-01 3.135887384414672852e-01 8.333349823951721191e-01 4.156000167131423950e-02 3.109909035265445709e-02 8.792828321456909180e-01 8.963936567306518555e-01 4.148637354373931885e-01 3.005133867263793945e-01 8.349462151527404785e-01 3.445788845419883728e-02 3.758353888988494873e-01 6.474030613899230957e-01
5.741025209426879883e-01 8.288126587867736816e-01 9.956269860267639160e-01 7.947049736976623535e-01 8.414952754974365234e-01 7.026486992835998535e-01 6.923380494117736816e-01 5.794201493263244629e-01 4.748495221138000488e-01 5.572153329849243164e-01 9.015288949012756348e-01 8.306595087051391602e-01 3.008630573749542236e-01 4.794188737869262695e-01
7.221649885177612305e-01 2.977829873561859131e-01 3.522450029850006104e-01 1.739024929702281952e-02 4.830899834632873535e-02 6.402264833450317383e-01 7.786799967288970947e-02 5.614848732948303223e-01 4.491966962814331055e-01 5.214462280273437500e-01 2.517516613006591797e-01 4.064293950796127319e-02 5.749441385269165039e-01 5.524324774742126465e-01
9.679424762725830078e-01 7.595113515853881836e-01 2.599149942398071289e-01 8.613675236701965332e-01 8.551402688026428223e-01 6.165319085121154785e-01 1.046593338251113892e-01 9.367960095405578613e-01 5.960662364959716797e-01 9.459418058395385742e-02 7.971810102462768555e-01 8.874387741088867188e-01 5.438151359558105469e-01 5.577608346939086914e-01
8.525300025939941406e-01 7.157938480377197266e-01 4.519462585449218750e-01 5.483524799346923828e-01 3.742297589778900146e-01 6.232133507728576660e-01 4.535950124263763428e-01 8.804494738578796387e-01 6.042346954345703125e-01 3.146555423736572266e-01 5.245813131332397461e-01 5.009790658950805664e-01 5.030416250228881836e-01 3.456038534641265869e-01
6.645950078964233398e-01 4.605796635150909424e-01 7.389284968376159668e-01 3.349212408065795898e-01 2.191192507743835449e-01 5.922819972038269043e-01 3.026939928531646729e-01 8.080601096153259277e-01 4.274616837501525879e-01 4.946630001068115234e-01 4.158058166503906250e-01 2.263088971376419067e-01 5.086491703987121582e-01 4.321748614311218262e-01
6.333199739456176758e-01 3.364030122756958008e-01 4.759694933891296387e-01 3.643495142459869385e-01 3.484469950199127197e-01 2.328045517206192017e-01 5.269966721534729004e-01 6.378626227378845215e-01 3.938771486282348633e-01 5.260311365127563477e-01 4.855038821697235107e-01 3.144968450069427490e-01 4.495175182819366455e-01 4.374381601810455322e-01
2.683824896812438965e-01 7.307756543159484863e-01 6.207747459411621094e-01 9.856424927711486816e-01 1.140139997005462646e-01 1.883753538131713867e-01 2.618253231048583984e-01 3.738215565681457520e-01 5.245291590690612793e-01 4.459805190563201904e-01 6.686294674873352051e-01 2.641218304634094238e-01 3.547978401184082031e-01 4.398951232433319092e-01
1.886025071144104004e-01 4.293241798877716064e-01 2.898737490177154541e-01 3.912439942359924316e-01 6.497392654418945312e-01 9.856733083724975586e-01 7.094046473503112793e-01 1.746165305376052856e-01 4.529933631420135498e-01 4.263917505741119385e-01 3.389695286750793457e-01 6.300808787345886230e-01 5.768529176712036133e-01 5.865504145622253418e-01
3.421925008296966553e-01 7.465226650238037109e-01 7.179715037345886230e-01 8.687174916267395020e-01 6.100000143051147461e-01 7.815127074718475342e-02 3.444829881191253662e-01 3.905090987682342529e-01 5.490830540657043457e-01 5.472022891044616699e-01 9.039652943611145020e-01 7.224632501602172852e-01 2.310984581708908081e-01 4.589238166809082031e-01
8.939350247383117676e-01 3.989999890327453613e-01 9.508512616157531738e-01 5.982099771499633789e-01 5.870004892349243164e-01 3.389779925346374512e-01 9.370166808366775513e-02 9.260770678520202637e-01 2.422325164079666138e-01 6.642277240753173828e-01 7.014825940132141113e-01 6.577345728874206543e-01 4.989545643329620361e-01 4.029310643672943115e-01
8.080250024795532227e-02 3.573994934558868408e-01 9.662290215492248535e-01 6.792899966239929199e-01 5.672724843025207520e-01 5.125874876976013184e-01 7.600963115692138672e-01 2.855206653475761414e-02 3.178043067455291748e-01 8.875742554664611816e-01 8.127545714378356934e-01 4.591533541679382324e-01 4.386099278926849365e-01 6.217927336692810059e-01
3.291000053286552429e-02 3.313413262367248535e-01 9.271900355815887451e-02 4.974429905414581299e-01 8.854187726974487305e-01 9.627493023872375488e-01 7.820068597793579102e-01 1.760323345661163330e-02 6.434965133666992188e-01 3.309767320752143860e-02 2.496377564966678619e-03 5.967037677764892578e-01 7.552405595779418945e-01 3.599361777305603027e-01
4.346224963665008545e-01 3.755429983139038086e-01 9.532467722892761230e-01 2.525775134563446045e-01 4.506374895572662354e-01 1.894334405660629272e-01 6.423379778861999512e-01 4.828418195247650146e-01 3.505386114120483398e-01 5.784316062927246094e-01 5.247794389724731445e-01 4.363986253738403320e-01 4.472182989120483398e-01 4.252065420150756836e-01
8.656449913978576660e-01 4.818743467330932617e-01 6.106514930725097656e-01 3.033052384853363037e-01 9.372372627258300781e-01 2.415954619646072388e-01 6.106283068656921387e-01 6.975808143615722656e-01 5.467879176139831543e-01 5.300657749176025391e-01 6.459487676620483398e-01 7.698097825050354004e-01 3.585193157196044922e-01 3.520331680774688721e-01
2.656599879264831543e-01 7.706983089447021484e-01 3.846769928932189941e-01 2.513934969902038574e-01 5.829137563705444336e-01 2.549786865711212158e-01 9.400420188903808594e-01 3.424706459045410156e-01 5.507510304450988770e-01 1.557421833276748657e-01 5.033359527587890625e-01 4.599062800407409668e-01 5.276156663894653320e-01 5.304697155952453613e-01
3.179324865341186523e-01 6.302508115768432617e-01 9.466754794120788574e-01 7.178000211715698242e-01 8.629222512245178223e-01 2.198041379451751709e-01 3.143436610698699951e-01 4.204816520214080811e-01 3.348301947116851807e-01 6.781967878341674805e-01 7.474846839904785156e-01 9.391834139823913574e-01 5.512006282806396484e-01 5.271790027618408203e-01
6.723824739456176758e-01 6.902465224266052246e-01 9.023060202598571777e-01 7.251725196838378906e-01 8.254887461662292480e-01 5.841026306152343750e-01 7.690409421920776367e-01 7.826405763626098633e-01 5.061312913894653320e-01 3.504792153835296631e-01 8.419287800788879395e-01 7.927694320678710938e-01 3.822719156742095947e-01 5.009865760803222656e-01
2.630900144577026367e-01 5.660283565521240234e-01 5.775312781333923340e-01 1.615449972450733185e-02 5.569015145301818848e-01 8.018983602523803711e-01 5.976583361625671387e-01 3.070117831230163574e-01 4.406310617923736572e-01 3.581658899784088135e-01 2.668744921684265137e-01 5.780054926872253418e-01 5.759762525558471680e-01 5.127719640731811523e-01
1.481750011444091797e-01 3.982923328876495361e-01 3.615852594375610352e-01 4.438435137271881104e-01 5.379685163497924805e-01 2.661170661449432373e-01 5.104866623878479004e-01 1.942483335733413696e-01 4.532310664653778076e-01 5.739426612854003906e-01 5.319951176643371582e-01 5.445541143417358398e-01 4.769067168235778809e-01 5.590986609458923340e-01
7.752199769020080566e-01 2.684361636638641357e-01 9.648682475090026855e-01 5.205774903297424316e-01 4.135962426662445068e-01 4.553375840187072754e-01 8.558696508407592773e-01 9.013822078704833984e-01 2.823782861232757568e-01 5.665444731712341309e-01 7.116165161132812500e-01 3.834675848484039307e-01 4.672963023185729980e-01 4.906871616840362549e-01
3.387499973177909851e-02 3.929776549339294434e-01 5.673059821128845215e-01 6.150774955749511719e-01 5.179204940795898438e-01 2.148547470569610596e-01 3.744366765022277832e-01 4.414910078048706055e-02 6.309867501258850098e-01 8.076428771018981934e-01 5.330994725227355957e-01 4.044996201992034912e-01 3.832775950431823730e-01 4.155520498752593994e-01
7.132449746131896973e-01 3.760861754417419434e-01 1.556925028562545776e-01 8.482275009155273438e-01 6.474502682685852051e-01 3.236163556575775146e-01 3.889703452587127686e-01 5.635223388671875000e-01 4.681757390499114990e-01 4.747240841388702393e-01 7.744159102439880371e-01 6.287537217140197754e-01 3.345763981342315674e-01 4.497234225273132324e-01
5.168874859809875488e-01 5.778939723968505859e-01 9.968267679214477539e-01 4.026107490062713623e-01 7.170542478561401367e-01 1.977015137672424316e-01 5.779096484184265137e-01 5.075292587280273438e-01 4.476235210895538330e-01 5.684673786163330078e-01 7.195056676864624023e-01 6.854996085166931152e-01 3.457873463630676270e-01 4.161714017391204834e-01
3.339149951934814453e-01 4.823488295078277588e-01 9.623647332191467285e-01 4.525727629661560059e-01 6.711884737014770508e-01 8.217902779579162598e-01 1.188416630029678345e-01 3.190072774887084961e-01 3.596713840961456299e-01 6.767174005508422852e-01 5.879893898963928223e-01 6.899043917655944824e-01 4.667307734489440918e-01 4.136872887611389160e-01
1.884524971246719360e-01 2.979710102081298828e-01 1.880277544260025024e-01 2.267622500658035278e-01 2.827185094356536865e-01 2.982794046401977539e-01 5.696016550064086914e-01 2.450855523347854614e-01 5.618634223937988281e-01 5.680945515632629395e-01 3.272113800048828125e-01 2.934837043285369873e-01 4.828180372714996338e-01 3.750719428062438965e-01
9.217349886894226074e-01 3.355489969253540039e-01 7.350645065307617188e-01 5.449724793434143066e-01 1.153475046157836914e-02 7.764890789985656738e-01 5.684296488761901855e-01 9.245621562004089355e-01 2.801511883735656738e-01 4.615990519523620605e-01 8.724017739295959473e-01 3.760930895805358887e-02 3.611719310283660889e-01 7.004233598709106445e-01
6.175950169563293457e-01 7.133926749229431152e-01 1.262927502393722534e-01 5.084925293922424316e-01 4.178337454795837402e-01 8.579016923904418945e-01 7.083727121353149414e-01 5.438337326049804688e-01 5.868160128593444824e-01 1.104477494955062866e-01 5.011550188064575195e-01 4.132483303546905518e-01 5.512468218803405762e-01 4.870748817920684814e-01
3.369125127792358398e-01 6.996693611145019531e-01 1.554024964570999146e-02 9.520300030708312988e-01 7.783315181732177734e-01 7.042605280876159668e-01 2.260500043630599976e-01 3.639746904373168945e-01 6.521398425102233887e-01 1.150952503085136414e-01 6.442549824714660645e-01 8.342429399490356445e-01 3.734176158905029297e-01 5.699336528778076172e-01
9.925649762153625488e-01 5.596466660499572754e-01 2.826492488384246826e-01 6.543024778366088867e-01 5.707824975252151489e-02 1.311203986406326294e-01 5.819456577301025391e-01 9.574212431907653809e-01 3.903857767581939697e-01 2.995281219482421875e-01 8.413673043251037598e-01 8.421500027179718018e-02 4.771398901939392090e-01 6.349381804466247559e-01
6.090574860572814941e-01 7.574106454849243164e-01 4.480820000171661377e-01 3.217612504959106445e-01 3.951149880886077881e-01 8.079050779342651367e-01 6.597756743431091309e-01 5.590436458587646484e-01 5.402958393096923828e-01 3.478640019893646240e-01 3.715273737907409668e-01 4.132276475429534912e-01 5.090066194534301758e-01 3.993251025676727295e-01
1.620174944400787354e-01 2.550919950008392334e-01 9.695237278938293457e-01 4.019685089588165283e-01 8.519002795219421387e-01 6.107012033462524414e-01 6.349999904632568359e-01 9.399633109569549561e-02 2.500811219215393066e-01 8.652001619338989258e-01 6.009967327117919922e-01 8.750275373458862305e-01 6.438343524932861328e-01 5.831519365310668945e-01
8.777149915695190430e-01 6.789984703063964844e-01 5.526367425918579102e-01 1.214074995368719101e-02 5.974850058555603027e-02 5.046959593892097473e-02 4.907613396644592285e-01 9.148812890052795410e-01 5.181460380554199219e-01 3.703042566776275635e-01 3.964974582195281982e-01 6.998301297426223755e-02 5.624125599861145020e-01 4.396911859512329102e-01
8.150650262832641602e-01 2.136381715536117554e-01 5.499154925346374512e-01 4.648692607879638672e-01 9.029677510261535645e-01 2.730146348476409912e-01 8.656666874885559082e-01 7.278264164924621582e-01 3.261053562164306641e-01 5.547654032707214355e-01 7.380365729331970215e-01 8.143573403358459473e-01 5.110348463058471680e-01 4.974825680255889893e-01
2.862350046634674072e-01 7.350883483886718750e-01 3.505599871277809143e-02 1.439527571201324463e-01 4.523090124130249023e-01 5.368983745574951172e-01 5.825503468513488770e-01 2.764294743537902832e-01 6.354882717132568359e-01 4.983966797590255737e-02 4.499679207801818848e-01 4.419845044612884521e-01 5.798312425613403320e-01 5.614935159683227539e-01
6.962699890136718750e-01 5.943466424942016602e-01 8.722915053367614746e-01 6.297500133514404297e-01 3.537279963493347168e-01 7.871455550193786621e-01 6.177880167961120605e-01 8.129673004150390625e-01 4.826935827732086182e-01 4.758992791175842285e-01 6.110316514968872070e-01 3.394673466682434082e-01 4.013431370258331299e-01 3.741202950477600098e-01
1.019600033760070801e-01 8.292786478996276855e-01 5.817760229110717773e-01 9.572650194168090820e-01 5.754697322845458984e-01 3.607356548309326172e-01 1.992703378200531006e-01 9.134775400161743164e-02 6.623317003250122070e-01 6.257890462875366211e-01 8.730314373970031738e-01 8.644672036170959473e-01 2.485573887825012207e-01 4.990654885768890381e-01
2.348050028085708618e-01 4.687714874744415283e-01 4.065220057964324951e-01 5.683224797248840332e-01 5.772629976272583008e-01 8.958390951156616211e-01 9.050332941114902496e-03 3.003713488578796387e-01 4.035953283309936523e-01 3.796480000019073486e-01 4.668344557285308838e-01 6.903715133666992188e-01 6.056300401687622070e-01 6.337186694145202637e-01
5.042399764060974121e-01 5.460306406021118164e-01 3.173842430114746094e-01 4.460699856281280518e-02 1.886049956083297729e-01 3.385950624942779541e-01 2.417206615209579468e-01 4.273679852485656738e-01 5.567600727081298828e-01 4.230754971504211426e-01 2.489773929119110107e-01 2.327166795730590820e-01 5.486404895782470703e-01 3.799495398998260498e-01
4.230799973011016846e-01 2.075424939393997192e-01 8.884797692298889160e-01 9.746000170707702637e-01 2.355517446994781494e-01 3.698284924030303955e-02 6.934890151023864746e-01 6.539489030838012695e-01 1.675474047660827637e-01 6.780888438224792480e-01 7.103502154350280762e-01 3.005202114582061768e-01 5.404267907142639160e-01 7.221225500106811523e-01
4.607700109481811523e-01 6.909419894218444824e-01 2.075355052947998047e-01 1.256304979324340820e-01 2.222524955868721008e-02 9.653615951538085938e-01 1.263566687703132629e-02 2.849234342575073242e-01 5.996321439743041992e-01 1.173513904213905334e-01 1.836352795362472534e-01 5.386152863502502441e-02 7.338878512382507324e-01 4.771265387535095215e-01
1.846799999475479126e-01 2.617383301258087158e-01 2.309805005788803101e-01 9.274799823760986328e-01 9.879457354545593262e-01 4.429368674755096436e-01 2.389683276414871216e-01 1.650474965572357178e-01 4.204453527927398682e-01 7.630669474601745605e-01 7.424630522727966309e-01 9.532985687255859375e-01 5.016188621520996094e-01 4.847113192081451416e-01
9.029974937438964844e-01 7.182543277740478516e-01 9.779687523841857910e-01 6.457449793815612793e-01 4.487267434597015381e-01 2.561476826667785645e-01 5.153610110282897949e-01 9.557749032974243164e-01 3.771242201328277588e-01 5.762754082679748535e-01 8.000427484512329102e-01 5.154044628143310547e-01 4.507505297660827637e-01 4.020428061485290527e-01
7.950249910354614258e-01 2.651005089282989502e-01 3.792105019092559814e-01 3.664187490940093994e-01 2.777024917304515839e-02 8.041145205497741699e-01 5.173866823315620422e-02 7.604885697364807129e-01 3.079990446567535400e-01 5.548281073570251465e-01 4.366182386875152588e-01 3.495100140571594238e-02 5.066448450088500977e-01 6.445786952972412109e-01
7.200924754142761230e-01 6.290853619575500488e-01 2.440380007028579712e-01 8.746700286865234375e-01 2.886202633380889893e-01 2.409722208976745605e-01 7.121522426605224609e-01 7.888457775115966797e-01 6.833657026290893555e-01 3.340356945991516113e-01 6.378115415573120117e-01 2.858036458492279053e-01 3.477452397346496582e-01 2.961565554141998291e-01
6.604024767875671387e-01 5.520806908607482910e-01 1.976650059223175049e-01 5.468050241470336914e-01 7.294767498970031738e-01 2.567810118198394775e-01 3.067276775836944580e-01 7.194827795028686523e-01 4.256897270679473877e-01 2.061728686094284058e-01 5.956129431724548340e-01 7.846938371658325195e-01 5.910511612892150879e-01 5.859249830245971680e-01
5.845299959182739258e-01 5.024005174636840820e-01 5.960550159215927124e-02 5.587199926376342773e-01 7.998805046081542969e-01 2.497517168521881104e-01 8.461248874664306641e-01 7.114219665527343750e-01 5.124252438545227051e-01 6.803580373525619507e-02 8.175420165061950684e-01 7.699858546257019043e-01 6.054813265800476074e-01 6.815669536590576172e-01
2.109874933958053589e-01 3.102098405361175537e-01 9.499765038490295410e-01 6.934400200843811035e-01 4.320695102214813232e-01 6.305950284004211426e-01 5.644566565752029419e-02 2.653575539588928223e-01 2.359429448843002319e-01 7.300994992256164551e-01 7.624816298484802246e-01 4.897001087665557861e-01 4.393466413021087646e-01 5.076256394386291504e-01
7.150800228118896484e-01 8.301686644554138184e-01 4.359725117683410645e-02 5.758200287818908691e-01 2.006862461566925049e-01 1.161189898848533630e-01 8.003533631563186646e-02 9.470251798629760742e-01 7.159082889556884766e-01 6.253326684236526489e-02 4.135607779026031494e-01 4.667325317859649658e-01 6.853992342948913574e-01 3.746715486049652100e-01
9.344500303268432617e-02 8.246390223503112793e-01 1.167600043118000031e-02 1.778327524662017822e-01 9.908980131149291992e-01 8.948116302490234375e-01 8.951359987258911133e-01 4.460733543965034187e-05 9.918029904365539551e-01 2.782999537885189056e-02 4.198522085552269800e-11 1.210242407978512347e-04 9.981126785278320312e-01 1.860214024782180786e-02
2.278950065374374390e-01 2.701878249645233154e-01 8.167317509651184082e-01 2.688019871711730957e-01 3.556947410106658936e-01 7.204294204711914062e-01 7.254894971847534180e-01 2.720239758491516113e-01 3.645330965518951416e-01 6.052973866462707520e-01 5.259563326835632324e-01 3.195462524890899658e-01 4.573042988777160645e-01 4.542645812034606934e-01
6.583349704742431641e-01 3.264728188514709473e-01 1.187812536954879761e-01 7.566974759101867676e-01 1.733645051717758179e-01 5.806132405996322632e-02 2.242893278598785400e-01 7.566682696342468262e-01 5.224084258079528809e-01 4.326166808605194092e-01 5.383947491645812988e-01 1.590724587440490723e-01 4.028066992759704590e-01 3.892926871776580811e-01
3.573524951934814453e-01 7.945241928100585938e-01 4.120052456855773926e-01 5.907149910926818848e-01 1.316515058279037476e-01 4.862984716892242432e-01 3.607630133628845215e-01 4.085803925991058350e-01 5.480837225914001465e-01 3.229666054248809814e-01 5.367811918258666992e-01 2.509739696979522705e-01 4.569790065288543701e-01 4.652487039566040039e-01
8.200749754905700684e-01 7.224956750869750977e-01 1.511770039796829224e-01 8.725875020027160645e-01 9.294349700212478638e-02 7.966803312301635742e-01 2.406066656112670898e-01 9.466927051544189453e-01 7.363050580024719238e-01 1.024987176060676575e-01 6.742061376571655273e-01 2.393368780612945557e-01 5.597522854804992676e-01 3.817551434040069580e-01
5.894650220870971680e-01 3.059833347797393799e-01 9.800674915313720703e-01 6.023649871349334717e-02 6.263322234153747559e-01 3.506629168987274170e-01 9.967294931411743164e-01 6.147384643554687500e-01 3.525916337966918945e-01 4.761183857917785645e-01 3.690955042839050293e-01 4.747857749462127686e-01 5.755120515823364258e-01 5.225691199302673340e-01
2.835524976253509521e-01 5.806431770324707031e-01 7.767390012741088867e-01 3.403862416744232178e-01 7.757524847984313965e-01 5.984021425247192383e-01 8.145532608032226562e-01 3.245849311351776123e-01 3.177308738231658936e-01 5.239244699478149414e-01 6.650433540344238281e-01 8.439739346504211426e-01 6.228543519973754883e-01 6.616007685661315918e-01
2.300074994564056396e-01 2.309174984693527222e-01 1.778027564287185669e-01 9.720525145530700684e-01 8.243255019187927246e-01 7.854171991348266602e-01 3.945566713809967041e-02 2.394294142723083496e-01 3.948100507259368896e-01 6.501212120056152344e-01 5.860362052917480469e-01 8.420999646186828613e-01 5.300865769386291504e-01 5.219988822937011719e-01
1.273124963045120239e-01 7.709988355636596680e-01 4.146134853363037109e-01 4.783332645893096924e-01 7.650122642517089844e-01 8.094534277915954590e-01 2.294789999723434448e-01 8.465640246868133545e-02 6.305451989173889160e-01 2.153086662292480469e-01 7.467843592166900635e-02 9.525868892669677734e-01 4.678944349288940430e-01 4.168835878372192383e-01
1.603450030088424683e-01 4.772489964962005615e-01 5.083774924278259277e-01 2.217237502336502075e-01 2.036637514829635620e-01 1.733391880989074707e-01 5.264546871185302734e-01 1.831727325916290283e-01 5.193729996681213379e-01 6.270444393157958984e-01 3.326151967048645020e-01 2.354433089494705200e-01 4.958139061927795410e-01 3.929775953292846680e-01
1.296599954366683960e-01 8.179334998130798340e-01 8.674707412719726562e-01 3.424082398414611816e-01 5.966734886169433594e-01 4.353565573692321777e-01 3.567116558551788330e-01 1.706843525171279907e-01 4.691706597805023193e-01 4.985950291156768799e-01 3.206475377082824707e-01 7.862212657928466797e-01 5.192946791648864746e-01 5.095257163047790527e-01
5.148000121116638184e-01 5.276113152503967285e-01 5.315815210342407227e-01 7.549625039100646973e-01 7.891342639923095703e-01 4.996017217636108398e-01 4.286783337593078613e-01 5.121224522590637207e-01 4.343572556972503662e-01 5.919520258903503418e-01 8.137554526329040527e-01 7.926243543624877930e-01 3.493478596210479736e-01 4.601315259933471680e-01
2.546899914741516113e-01 6.588641405105590820e-01 7.113894820213317871e-01 4.453882575035095215e-01 9.876109957695007324e-01 5.839528441429138184e-01 4.804230034351348877e-01 1.938235014677047729e-01 4.494931399822235107e-01 6.798866987228393555e-01 4.965216517448425293e-01 9.583938717842102051e-01 5.072355866432189941e-01 4.484013319015502930e-01
6.304600238800048828e-01 8.039690256118774414e-01 5.488107204437255859e-01 8.638550043106079102e-01 2.094790041446685791e-01 3.660223186016082764e-01 6.302996873855590820e-01 6.914315223693847656e-01 5.914010405540466309e-01 4.056940972805023193e-01 6.861658692359924316e-01 2.129552662372589111e-01 3.141171634197235107e-01 3.433842658996582031e-01
8.928250074386596680e-01 6.331884860992431641e-01 6.923774629831314087e-02 6.272025108337402344e-01 7.100824713706970215e-01 3.864969685673713684e-02 1.473219990730285645e-01 9.451445937156677246e-01 5.369918346405029297e-01 1.450649797916412354e-01 4.615245759487152100e-01 8.359761834144592285e-01 6.352030038833618164e-01 4.548755288124084473e-01
2.492749989032745361e-01 3.395016789436340332e-01 9.761327505111694336e-01 7.911350131034851074e-01 7.301447391510009766e-01 1.139335334300994873e-01 5.010323524475097656e-01 3.122593164443969727e-01 2.578460574150085449e-01 7.593269944190979004e-01 8.058079481124877930e-01 7.497610449790954590e-01 4.670311510562896729e-01 4.801310598850250244e-01
9.387249946594238281e-01 8.042399883270263672e-01 2.096630036830902100e-01 4.798382520675659180e-01 6.542680263519287109e-01 8.151321411132812500e-01 8.926816582679748535e-01 8.521175980567932129e-01 5.520947575569152832e-01 5.603477731347084045e-02 6.062924861907958984e-01 6.734364032745361328e-01 6.300855278968811035e-01 5.592246055603027344e-01
4.578525125980377197e-01 5.847293138504028320e-01 7.017765045166015625e-01 7.578824758529663086e-01 3.888577520847320557e-01 2.122800052165985107e-01 5.813996791839599609e-01 5.376020073890686035e-01 4.762241840362548828e-01 4.796109199523925781e-01 5.698322653770446777e-01 4.105104207992553711e-01 3.941008448600769043e-01 4.015785455703735352e-01
8.003475069999694824e-01 7.701851725578308105e-01 3.302175179123878479e-02 4.927659928798675537e-01 8.164682388305664062e-01 6.835882663726806641e-01 4.476446807384490967e-01 6.795126199722290039e-01 4.487055540084838867e-01 2.029577195644378662e-01 3.609396815299987793e-01 8.167329430580139160e-01 5.756419301033020020e-01 5.210205912590026855e-01
4.601399898529052734e-01 4.738574922084808350e-01 6.792887449264526367e-01 2.801632583141326904e-01 7.813665270805358887e-01 9.392333030700683594e-02 8.295833319425582886e-02 5.124390721321105957e-01 5.226259231567382812e-01 4.910548925399780273e-01 5.104187130928039551e-01 7.437570095062255859e-01 3.930406570434570312e-01 3.945187032222747803e-01
1.074424982070922852e-01 3.771494925022125244e-01 7.191944718360900879e-01 7.471150159835815430e-01 2.170749939978122711e-02 7.507810741662979126e-02 2.692546546459197998e-01 1.561871170997619629e-01 2.988530695438385010e-01 6.611530184745788574e-01 6.243826150894165039e-01 6.315007060766220093e-02 4.517001211643218994e-01 5.787899494171142578e-01
9.990050196647644043e-01 5.127146840095520020e-01 9.860417246818542480e-01 5.404725074768066406e-01 3.357677459716796875e-01 5.072447657585144043e-01 9.573369026184082031e-01 9.469190239906311035e-01 2.234385758638381958e-01 5.989249944686889648e-01 8.306087255477905273e-01 1.864096522331237793e-01 4.101007580757141113e-01 5.803653001785278320e-01
5.692874789237976074e-01 3.641664981842041016e-01 4.404575005173683167e-02 2.932477593421936035e-01 7.343674898147583008e-01 8.351206779479980469e-01 5.881213545799255371e-01 5.135203003883361816e-01 4.563339352607727051e-01 2.388014346361160278e-01 3.914979696273803711e-01 6.813771128654479980e-01 5.482005476951599121e-01 5.188309550285339355e-01
9.462050199508666992e-01 7.097793221473693848e-01 6.410150229930877686e-02 5.055100098252296448e-02 8.329324722290039062e-01 5.335791110992431641e-01 2.920666709542274475e-02 6.576141715049743652e-01 4.670521616935729980e-01 2.009038031101226807e-01 2.891495823860168457e-01 8.044717311859130859e-01 5.831825137138366699e-01 4.881751835346221924e-01
5.125675201416015625e-01 4.163959920406341553e-01 5.872799754142761230e-01 2.694250047206878662e-01 3.810920119285583496e-01 3.192329406738281250e-01 9.232103228569030762e-01 5.256161689758300781e-01 3.783827722072601318e-01 4.936044514179229736e-01 4.614258706569671631e-01 3.195196092128753662e-01 4.785959124565124512e-01 4.847835898399353027e-01
8.343725204467773438e-01 3.567225039005279541e-01 3.462055027484893799e-01 2.709662616252899170e-01 5.576955080032348633e-01 5.698230266571044922e-01 3.428686559200286865e-01 6.848717927932739258e-01 4.706689119338989258e-01 4.684614539146423340e-01 4.858238697052001953e-01 5.236709117889404297e-01 4.535293281078338623e-01 3.783421814441680908e-01
3.754124939441680908e-01 2.484951615333557129e-01 7.552425265312194824e-01 4.752200096845626831e-02 3.857149928808212280e-02 6.431712210178375244e-02 2.445866726338863373e-02 3.282132148742675781e-01 3.766443431377410889e-01 6.305524706840515137e-01 2.348052710294723511e-01 5.134375393390655518e-02 5.662586092948913574e-01 5.600815415382385254e-01
4.084574878215789795e-01 6.180608272552490234e-01 3.825857639312744141e-01 8.722050189971923828e-01 1.769222468137741089e-01 1.333686858415603638e-01 4.080550074577331543e-01 4.641765654087066650e-01 5.692977309226989746e-01 4.133635163307189941e-01 6.329169273376464844e-01 2.250981777906417847e-01 3.516784310340881348e-01 3.856402933597564697e-01
9.787524938583374023e-01 7.449914813041687012e-01 1.564114987850189209e-01 7.188100218772888184e-01 2.347587496042251587e-01 3.354709148406982422e-01 4.972899854183197021e-01 9.475184082984924316e-01 6.148130893707275391e-01 2.569624185562133789e-01 5.736685395240783691e-01 4.104241430759429932e-01 5.414741635322570801e-01 3.525190949440002441e-01
9.896900057792663574e-01 2.589834928512573242e-01 7.421312332153320312e-01 1.558222472667694092e-01 3.830427527427673340e-01 2.802073657512664795e-01 7.003238201141357422e-01 9.131247997283935547e-01 3.407699763774871826e-01 5.701454877853393555e-01 5.888051390647888184e-01 3.033732175827026367e-01 4.705412387847900391e-01 4.356208443641662598e-01
9.590499848127365112e-02 2.065878361463546753e-01 6.852045059204101562e-01 2.571699954569339752e-02 2.914957404136657715e-01 1.648150533437728882e-01 3.167396783828735352e-01 9.042129665613174438e-02 3.788613975048065186e-01 7.811417579650878906e-01 3.798643946647644043e-01 2.096301764249801636e-01 5.143993496894836426e-01 4.100192189216613770e-01
6.131625175476074219e-01 4.749718308448791504e-01 3.819245100021362305e-01 1.858370006084442139e-01 3.634767532348632812e-01 1.171581819653511047e-01 9.493951201438903809e-01 6.115760207176208496e-01 4.909209609031677246e-01 4.231013953685760498e-01 4.119392931461334229e-01 2.375680059194564819e-01 4.798301756381988525e-01 4.242750406265258789e-01
9.736800193786621094e-01 7.716458439826965332e-01 7.264492511749267578e-01 8.905249834060668945e-01 8.283074945211410522e-02 6.781982779502868652e-01 9.896979331970214844e-01 9.674581289291381836e-01 3.056143224239349365e-01 2.212097942829132080e-01 9.681486487388610840e-01 3.351046517491340637e-02 3.884060084819793701e-01 8.092834949493408203e-01
2.936399877071380615e-01 8.284123539924621582e-01 1.767257452011108398e-01 3.241627514362335205e-01 6.096750032156705856e-03 8.174892067909240723e-01 4.643380045890808105e-01 2.369397431612014771e-01 6.874690055847167969e-01 1.395364999771118164e-01 3.304485976696014404e-01 8.291253447532653809e-02 6.362923979759216309e-01 4.805578887462615967e-01
7.961149811744689941e-01 7.080058455467224121e-01 5.146562457084655762e-01 3.924799859523773193e-01 1.429699957370758057e-01 5.741235613822937012e-01 2.478723376989364624e-01 7.931151986122131348e-01 4.796780645847320557e-01 4.184721410274505615e-01 4.810780584812164307e-01 1.577621698379516602e-01 4.769909977912902832e-01 4.411785602569580078e-01
1.054999977350234985e-02 2.239131629467010498e-01 3.946699947118759155e-02 7.404350042343139648e-01 4.757987558841705322e-01 4.501295089721679688e-01 3.280213475227355957e-01 3.809176385402679443e-02 5.516637563705444336e-01 2.282282263040542603e-01 8.452007174491882324e-01 2.242648750543594360e-01 5.916031002998352051e-01 8.234779834747314453e-01
4.019599854946136475e-01 4.681201577186584473e-01 5.185887217521667480e-01 3.967222571372985840e-01 2.856342494487762451e-01 2.351643443107604980e-01 5.484333261847496033e-02 4.409885704517364502e-01 5.009112358093261719e-01 4.762871861457824707e-01 4.566776156425476074e-01 3.851443827152252197e-01 4.328463971614837646e-01 3.923370838165283203e-01
3.322325050830841064e-01 2.905186712741851807e-01 5.480072498321533203e-01 1.796622574329376221e-01 2.730477452278137207e-01 3.844264745712280273e-01 2.271506637334823608e-01 3.334289491176605225e-01 4.040532112121582031e-01 5.851153731346130371e-01 3.522377312183380127e-01 3.223032057285308838e-01 4.896749556064605713e-01 4.101561903953552246e-01
7.283574938774108887e-01 4.995933473110198975e-01 9.743447303771972656e-01 5.643349885940551758e-01 9.430424869060516357e-02 2.291136384010314941e-01 4.061503410339355469e-01 8.642196059226989746e-01 2.105445414781570435e-01 5.870584845542907715e-01 7.455798387527465820e-01 1.095271334052085876e-01 4.247650206089019775e-01 6.422093510627746582e-01
3.022249974310398102e-02 8.012443184852600098e-01 2.762752473354339600e-01 9.072750210762023926e-01 8.655869960784912109e-01 2.819007039070129395e-01 8.110892772674560547e-01 3.055069223046302795e-02 7.627325654029846191e-01 4.685969948768615723e-01 4.032088220119476318e-01 9.623379111289978027e-01 3.275769948959350586e-01 4.324316680431365967e-01
4.696300029754638672e-01 4.770318269729614258e-01 2.342477440834045410e-01 6.218550205230712891e-01 6.523000001907348633e-01 6.298855543136596680e-01 7.620885372161865234e-01 5.353317856788635254e-01 4.294889867305755615e-01 2.885952889919281006e-01 7.028017640113830566e-01 6.641399264335632324e-01 4.787292480468750000e-01 5.791718363761901855e-01
1.612049937248229980e-01 5.763425230979919434e-01 3.787595033645629883e-01 5.721250083297491074e-03 9.230124950408935547e-02 4.511150419712066650e-01 7.053154706954956055e-01 1.545155942440032959e-01 5.804445743560791016e-01 5.185154080390930176e-01 2.813092172145843506e-01 1.307471841573715210e-01 5.588020086288452148e-01 4.579863846302032471e-01
3.502100110054016113e-01 7.765131592750549316e-01 6.881800293922424316e-01 3.636339902877807617e-01 8.593627214431762695e-01 3.328514099121093750e-01 4.697066545486450195e-02 3.460834324359893799e-01 4.620453119277954102e-01 5.316601991653442383e-01 4.209862053394317627e-01 9.002165794372558594e-01 4.702127277851104736e-01 4.480488002300262451e-01
6.050000083632767200e-04 7.626801729202270508e-01 1.937910020351409912e-01 3.050400018692016602e-01 6.250527501106262207e-01 2.081033401191234589e-02 1.950639933347702026e-01 3.409546613693237305e-02 7.882330417633056641e-01 3.935616612434387207e-01 1.005745008587837219e-01 8.514387607574462891e-01 4.613632559776306152e-01 3.372303545475006104e-01
1.854500025510787964e-01 5.628830194473266602e-01 6.402184963226318359e-01 5.429524779319763184e-01 1.928279995918273926e-01 6.183912158012390137e-01 1.686686724424362183e-01 2.235450148582458496e-01 5.266941785812377930e-01 5.922836661338806152e-01 4.324925541877746582e-01 3.085519373416900635e-01 4.449563026428222656e-01 4.047182798385620117e-01
3.797174990177154541e-01 5.381131768226623535e-01 6.721325218677520752e-02 9.782674908638000488e-01 8.998700231313705444e-02 1.812971681356430054e-01 7.579989433288574219e-01 4.018977582454681396e-01 6.144968867301940918e-01 1.235141381621360779e-01 8.366974592208862305e-01 7.646519690752029419e-02 4.051577448844909668e-01 5.996383428573608398e-01
6.785500049591064453e-02 4.845878481864929199e-01 6.473990082740783691e-01 4.905947446823120117e-01 6.207522749900817871e-01 5.877266526222229004e-01 8.716626763343811035e-01 5.436485260725021362e-02 3.977805674076080322e-01 7.184162139892578125e-01 5.156642794609069824e-01 5.969304442405700684e-01 5.822615027427673340e-01 6.897507905960083008e-01
6.536999940872192383e-01 7.963485121726989746e-01 3.102704882621765137e-01 3.385882377624511719e-01 7.562675327062606812e-02 6.894685626029968262e-01 2.459886670112609863e-01 5.789859890937805176e-01 6.308791637420654297e-01 2.490252852439880371e-01 3.460984528064727783e-01 1.015753075480461121e-01 5.600956678390502930e-01 4.216515719890594482e-01
7.839974761009216309e-01 6.847231388092041016e-01 9.321847558021545410e-01 5.138474702835083008e-01 5.224184989929199219e-01 1.092814132571220398e-01 5.771400034427642822e-02 8.946115374565124512e-01 6.589476466178894043e-01 4.582031369209289551e-01 6.696788072586059570e-01 5.303937792778015137e-01 3.505763709545135498e-01 2.461063563823699951e-01
7.114524841308593750e-01 4.557936787605285645e-01 8.566035032272338867e-01 3.952212631702423096e-01 1.785677522420883179e-01 1.392757594585418701e-01 8.132915496826171875e-01 9.094719290733337402e-01 3.510779142379760742e-01 5.138772726058959961e-01 5.906347036361694336e-01 1.170917972922325134e-01 4.703614711761474609e-01 5.246368050575256348e-01
3.237150013446807861e-01 7.159793376922607422e-01 1.005389988422393799e-01 6.957774758338928223e-01 1.091347485780715942e-01 4.382783770561218262e-01 9.614337086677551270e-01 3.030254542827606201e-01 6.052746176719665527e-01 6.362787634134292603e-02 8.682767152786254883e-01 6.093406304717063904e-02 4.943217337131500244e-01 6.908777356147766113e-01
1.082000043243169785e-02 3.419238328933715820e-01 4.377020001411437988e-01 8.892924785614013672e-01 5.936357378959655762e-01 7.624922990798950195e-01 4.675876796245574951e-01 1.776093989610671997e-02 5.357888936996459961e-01 8.063920736312866211e-01 6.971931457519531250e-01 5.145131945610046387e-01 4.275047779083251953e-01 7.019097805023193359e-01
1.198749989271163940e-01 1.930444985628128052e-01 4.237470030784606934e-01 5.512275099754333496e-01 4.233910143375396729e-01 7.774043679237365723e-01 8.074880242347717285e-01 8.135620504617691040e-02 3.306173682212829590e-01 6.659548282623291016e-01 5.487906336784362793e-01 3.147367537021636963e-01 6.250249743461608887e-01 8.084167838096618652e-01
8.382124900817871094e-01 2.278251647949218750e-01 3.118360042572021484e-01 9.864724874496459961e-01 7.571529746055603027e-01 6.595295071601867676e-01 2.587586641311645508e-01 8.754104375839233398e-01 3.084019124507904053e-01 5.140551328659057617e-01 6.355024576187133789e-01 8.304777145385742188e-01 6.348533630371093750e-01 4.909892380237579346e-01
8.591175079345703125e-01 5.583998560905456543e-01 7.405387759208679199e-01 9.984325170516967773e-01 9.162707328796386719e-01 5.616476535797119141e-01 1.942483335733413696e-01 8.493963479995727539e-01 4.215385019779205322e-01 6.991940140724182129e-01 8.815883994102478027e-01 8.840487003326416016e-01 3.562028408050537109e-01 3.531887233257293701e-01
7.479599714279174805e-01 5.665491819381713867e-01 7.101727724075317383e-01 7.723100185394287109e-01 7.363087534904479980e-01 6.686838343739509583e-03 9.829679727554321289e-01 7.958922982215881348e-01 4.546894133090972900e-01 4.456597864627838135e-01 6.742380261421203613e-01 5.528902411460876465e-01 4.253629446029663086e-01 4.117227792739868164e-01
8.472200036048889160e-01 6.925031542778015137e-01 6.675930023193359375e-01 2.746407389640808105e-01 6.465049982070922852e-01 7.138845324516296387e-01 1.416393369436264038e-01 8.247414827346801758e-01 3.139446973800659180e-01 3.522214889526367188e-01 4.722655713558197021e-01 8.198997974395751953e-01 6.913095712661743164e-01 5.695437788963317871e-01
8.694875240325927734e-01 2.670600116252899170e-01 5.435670018196105957e-01 9.548774957656860352e-01 6.288930177688598633e-01 1.880181767046451569e-02 5.377519726753234863e-01 9.188461899757385254e-01 3.405755758285522461e-01 6.440117359161376953e-01 8.291587829589843750e-01 6.233794689178466797e-01 4.076877832412719727e-01 3.848809599876403809e-01
8.184524774551391602e-01 5.098446607589721680e-01 3.618807494640350342e-01 5.049499869346618652e-01 9.765369892120361328e-01 4.842854440212249756e-01 1.008686646819114685e-01 8.300780653953552246e-01 4.849895834922790527e-01 3.119311928749084473e-01 4.612942337989807129e-01 9.203916788101196289e-01 5.385316014289855957e-01 4.658931791782379150e-01
6.887875199317932129e-01 5.009821653366088867e-01 9.786687493324279785e-01 8.401049971580505371e-01 1.593152433633804321e-01 5.691913366317749023e-01 4.916306734085083008e-01 8.492810726165771484e-01 3.055645823478698730e-01 5.520377755165100098e-01 8.196592926979064941e-01 1.381593346595764160e-01 3.361198604106903076e-01 5.508861541748046875e-01
8.685075044631958008e-01 3.732748329639434814e-01 5.324750021100044250e-02 8.739025145769119263e-02 7.764207720756530762e-01 7.720675468444824219e-01 1.181726679205894470e-01 5.657820105552673340e-01 3.912813961505889893e-01 4.424251019954681396e-01 2.859427630901336670e-01 7.215458750724792480e-01 5.636087059974670410e-01 4.572896957397460938e-01
4.654724895954132080e-01 7.145683169364929199e-01 9.236549735069274902e-01 9.141724705696105957e-01 9.999439716339111328e-01 8.688085675239562988e-01 3.256933391094207764e-01 4.316266477108001709e-01 5.473425984382629395e-01 7.568714618682861328e-01 8.961089253425598145e-01 9.429524540901184082e-01 2.630969583988189697e-01 3.727520108222961426e-01
3.882024884223937988e-01 2.249021679162979126e-01 6.726797223091125488e-01 9.212700128555297852e-01 6.600842475891113281e-01 5.994726419448852539e-01 2.185086607933044434e-01 3.800582587718963623e-01 1.917318254709243774e-01 7.540117502212524414e-01 8.148576021194458008e-01 7.249288558959960938e-01 5.071595311164855957e-01 5.722430944442749023e-01
8.545100092887878418e-01 1.865468323230743408e-01 4.294509887695312500e-01 3.852124884724617004e-02 9.541937708854675293e-01 6.946763396263122559e-01 9.607631564140319824e-01 5.817579627037048340e-01 2.830489277839660645e-01 4.664590954780578613e-01 4.011140763759613037e-01 7.920883893966674805e-01 6.493791341781616211e-01 6.158445477485656738e-01
1.163650006055831909e-01 1.746608316898345947e-01 4.296999890357255936e-03 4.177134931087493896e-01 8.018767237663269043e-01 3.047472834587097168e-01 9.961749315261840820e-01 1.364229768514633179e-01 4.413491189479827881e-01 3.043220341205596924e-01 6.404792666435241699e-01 3.852674961090087891e-01 6.608792543411254883e-01 7.778414487838745117e-01
8.712500333786010742e-02 7.882406711578369141e-01 7.140462398529052734e-01 1.379500026814639568e-03 6.514160037040710449e-01 2.708978652954101562e-01 5.187039971351623535e-01 1.056302189826965332e-01 5.723890662193298340e-01 3.318960666656494141e-01 1.494915932416915894e-01 8.703650832176208496e-01 4.893669486045837402e-01 4.524752199649810791e-01
2.172224968671798706e-01 5.670261383056640625e-01 8.740835189819335938e-01 9.835324883460998535e-01 9.697797298431396484e-01 9.299288988113403320e-01 4.750596582889556885e-01 1.749344915151596069e-01 4.079302847385406494e-01 8.197454214096069336e-01 8.000926375389099121e-01 9.648869037628173828e-01 4.869644343852996826e-01 4.462171196937561035e-01
2.747524976730346680e-01 4.975263476371765137e-01 8.729619979858398438e-01 3.200152516365051270e-01 1.671745032072067261e-01 9.622840285301208496e-01 2.091399952769279480e-02 2.702461183071136475e-01 3.984362483024597168e-01 5.988689661026000977e-01 4.399971067905426025e-01 2.611475288867950439e-01 4.656577408313751221e-01 4.231271743774414062e-01
3.762800097465515137e-01 8.059863448143005371e-01 1.387477517127990723e-01 2.094494998455047607e-01 1.654900014400482178e-01 3.098854422569274902e-01 2.032603323459625244e-01 4.176761507987976074e-01 7.021719217300415039e-01 1.650429666042327881e-01 3.792692422866821289e-01 2.649360299110412598e-01 5.580478310585021973e-01 4.152251780033111572e-01
4.933525025844573975e-01 5.632424950599670410e-01 1.024167463183403015e-01 1.759937554597854614e-01 6.387232542037963867e-01 7.545805722475051880e-02 4.333550035953521729e-01 5.808101296424865723e-01 5.067326426506042480e-01 1.711280941963195801e-01 3.849973976612091064e-01 6.319122314453125000e-01 5.535632371902465820e-01 4.922592639923095703e-01
9.829350113868713379e-01 3.746449947357177734e-01 9.703660011291503906e-01 3.057560026645660400e-01 1.359799951314926147e-01 4.218601882457733154e-01 7.304794192314147949e-01 9.430040717124938965e-01 2.468331307172775269e-01 5.305804014205932617e-01 8.436181545257568359e-01 9.291033446788787842e-02 3.979263305664062500e-01 6.465046405792236328e-01
6.188449859619140625e-01 5.189481377601623535e-01 3.525849878787994385e-01 8.595125079154968262e-01 5.185905098915100098e-01 4.202641546726226807e-01 5.668493509292602539e-01 5.517410039901733398e-01 5.493744015693664551e-01 4.574828147888183594e-01 6.887100934982299805e-01 4.876180887222290039e-01 3.297748565673828125e-01 3.804183006286621094e-01
8.877524733543395996e-01 3.704864978790283203e-01 5.168349742889404297e-01 2.478089928627014160e-01 9.211695194244384766e-01 1.083711087703704834e-01 9.128556847572326660e-01 8.079929351806640625e-01 3.256625831127166748e-01 4.180000126361846924e-01 5.094869136810302734e-01 8.179918527603149414e-01 6.359367966651916504e-01 5.225136876106262207e-01
5.394625067710876465e-01 8.329550027847290039e-01 5.108607411384582520e-01 7.276574969291687012e-01 1.189334988594055176e-01 7.641900181770324707e-01 8.888747096061706543e-01 4.704530537128448486e-01 5.974119901657104492e-01 1.952831894159317017e-01 7.398493289947509766e-01 8.220547437667846680e-02 4.018980860710144043e-01 5.206806659698486328e-01
3.180250152945518494e-02 7.218379974365234375e-01 9.587252736091613770e-01 2.770459949970245361e-01 7.545252442359924316e-01 6.614540219306945801e-01 9.784497022628784180e-01 3.134785592555999756e-02 6.914724707603454590e-01 7.473318576812744141e-01 1.822865754365921021e-01 5.229740142822265625e-01 5.085484981536865234e-01 3.317711055278778076e-01
2.685999870300292969e-01 5.368841886520385742e-01 8.944802284240722656e-01 6.346200108528137207e-01 9.493020176887512207e-01 5.007363557815551758e-01 4.035049974918365479e-01 2.219113558530807495e-01 3.987186849117279053e-01 7.875457406044006348e-01 8.106900453567504883e-01 9.564509987831115723e-01 4.955751895904541016e-01 4.854374825954437256e-01
1.575350016355514526e-01 6.255918145179748535e-01 1.574977487325668335e-01 5.649824738502502441e-01 7.685635089874267578e-01 6.339190006256103516e-01 4.013906717300415039e-01 1.405505090951919556e-01 5.167054533958435059e-01 3.243084847927093506e-01 3.298482000827789307e-01 8.869205117225646973e-01 5.026974081993103027e-01 5.631240010261535645e-01
5.224025249481201172e-01 4.322568476200103760e-01 6.634207367897033691e-01 4.510720074176788330e-01 8.104677796363830566e-01 8.045186996459960938e-01 7.513083815574645996e-01 5.773326158523559570e-01 3.926219642162322998e-01 4.052540361881256104e-01 6.096903085708618164e-01 7.592567801475524902e-01 4.758517146110534668e-01 5.289996862411499023e-01
9.055874943733215332e-01 1.840863376855850220e-01 8.910890221595764160e-01 1.287205070257186890e-01 8.489427566528320312e-01 4.367410242557525635e-01 7.887333631515502930e-03 8.409486413002014160e-01 2.276496738195419312e-01 6.517787575721740723e-01 4.967733323574066162e-01 8.734863400459289551e-01 6.628587245941162109e-01 4.444343745708465576e-01
1.682250015437602997e-02 4.826410114765167236e-01 3.107782602310180664e-01 8.287500143051147461e-01 2.228614985942840576e-01 3.730318248271942139e-01 3.581836521625518799e-01 3.048908524215221405e-02 6.340070366859436035e-01 5.677383542060852051e-01 6.944603323936462402e-01 2.516138851642608643e-01 4.094128906726837158e-01 6.372092962265014648e-01
1.452350020408630371e-01 2.947070002555847168e-01 8.519030213356018066e-01 5.769425034523010254e-01 9.356219768524169922e-01 5.208479762077331543e-01 8.309633284807205200e-02 1.693163514137268066e-01 2.786022424697875977e-01 8.074282407760620117e-01 4.526774883270263672e-01 9.473022818565368652e-01 6.706098318099975586e-01 4.799805283546447754e-01
3.226025104522705078e-01 3.150648474693298340e-01 9.821705222129821777e-01 5.455675125122070312e-01 2.204914987087249756e-01 1.838484853506088257e-01 7.672530412673950195e-01 4.457975327968597412e-01 2.451967298984527588e-01 6.008433103561401367e-01 5.806045532226562500e-01 2.276866436004638672e-01 4.689084589481353760e-01 5.967856049537658691e-01
2.784225046634674072e-01 3.812474906444549561e-01 5.932279825210571289e-01 7.508674860000610352e-01 9.752567410469055176e-01 1.540065705776214600e-01 8.401580452919006348e-01 2.812286913394927979e-01 4.948846101760864258e-01 7.701196670532226562e-01 7.932081818580627441e-01 8.334925174713134766e-01 3.087357878684997559e-01 3.316781222820281982e-01
6.710850000381469727e-01 5.228783488273620605e-01 9.211354851722717285e-01 2.571627497673034668e-01 2.536947429180145264e-01 4.100290834903717041e-01 1.204989999532699585e-01 7.748991250991821289e-01 3.347636461257934570e-01 5.645160675048828125e-01 4.227082431316375732e-01 2.671459913253784180e-01 4.913623034954071045e-01 4.656982719898223877e-01
3.228850066661834717e-01 5.113161802291870117e-01 3.893330097198486328e-01 9.227899909019470215e-01 9.600402712821960449e-01 7.508868575096130371e-01 8.219360113143920898e-01 2.587767541408538818e-01 4.935259222984313965e-01 6.902347207069396973e-01 8.711399435997009277e-01 8.990855216979980469e-01 3.511048555374145508e-01 5.062325000762939453e-01
7.842149734497070312e-01 5.425714850425720215e-01 5.808727741241455078e-01 8.659374713897705078e-01 4.200485050678253174e-01 6.716425418853759766e-01 1.662096679210662842e-01 8.723613023757934570e-01 4.646189212799072266e-01 5.135434865951538086e-01 6.567344069480895996e-01 4.337660968303680420e-01 4.065291881561279297e-01 3.523507714271545410e-01
2.727425098419189453e-01 5.918290019035339355e-01 6.732637286186218262e-01 2.017027437686920166e-01 1.265400052070617676e-01 3.164752423763275146e-01 7.070636153221130371e-01 2.248323410749435425e-01 5.114914774894714355e-01 6.082721352577209473e-01 3.648769855499267578e-01 1.533979177474975586e-01 4.667875468730926514e-01 3.762001693248748779e-01
1.921225041151046753e-01 2.474090009927749634e-01 4.707824885845184326e-01 6.712849736213684082e-01 6.054934859275817871e-01 6.148803830146789551e-01 2.641516625881195068e-01 1.977057605981826782e-01 3.790567219257354736e-01 7.090430855751037598e-01 5.168030858039855957e-01 6.198229193687438965e-01 4.956412911415100098e-01 5.137202739715576172e-01
5.774924755096435547e-01 4.571650028228759766e-01 1.816727519035339355e-01 2.390747517347335815e-01 7.880027294158935547e-01 5.546672940254211426e-01 4.587976634502410889e-01 6.595330834388732910e-01 4.589457213878631592e-01 1.617686599493026733e-01 4.666993021965026855e-01 8.289152979850769043e-01 6.087870597839355469e-01 5.774084925651550293e-01
2.270675003528594971e-01 4.621528387069702148e-01 6.680135130882263184e-01 1.053114980459213257e-01 7.079409956932067871e-01 3.282281756401062012e-02 6.169936656951904297e-01 2.600472569465637207e-01 4.429663419723510742e-01 6.439599990844726562e-01 3.867563009262084961e-01 6.675166487693786621e-01 5.012452602386474609e-01 4.177140891551971436e-01
7.196249812841415405e-02 5.656688213348388672e-01 1.642412543296813965e-01 6.399149894714355469e-01 1.105867475271224976e-01 2.513264715671539307e-01 8.627570271492004395e-01 1.228917166590690613e-01 5.513454675674438477e-01 1.465014815330505371e-01 6.787043213844299316e-01 9.037949889898300171e-02 6.163630485534667969e-01 6.919499635696411133e-01
9.548624753952026367e-01 5.085926651954650879e-01 6.618109941482543945e-01 8.490800261497497559e-01 1.169777512550354004e-01 8.345202207565307617e-01 7.366126179695129395e-01 9.683843255043029785e-01 3.143494725227355957e-01 4.938919246196746826e-01 8.721091747283935547e-01 9.710589051246643066e-02 3.958641290664672852e-01 6.005488634109497070e-01
1.063200011849403381e-01 4.576808214187622070e-01 2.677645087242126465e-01 1.285899989306926727e-02 5.528457760810852051e-01 3.839001059532165527e-01 9.660271406173706055e-01 1.014682352542877197e-01 5.163846015930175781e-01 4.349530041217803955e-01 2.644460499286651611e-01 2.784385085105895996e-01 6.085082888603210449e-01 5.587275028228759766e-01
5.823550224304199219e-01 6.654400229454040527e-01 9.524442553520202637e-01 1.992249935865402222e-01 2.687554955482482910e-01 3.068950474262237549e-01 4.188809990882873535e-01 6.266239881515502930e-01 4.256118237972259521e-01 4.982097148895263672e-01 4.048960804939270020e-01 3.169440925121307373e-01 4.815400540828704834e-01 4.234407246112823486e-01
5.701324939727783203e-01 5.879386663436889648e-01 9.124447703361511230e-01 4.478504955768585205e-01 5.956705212593078613e-01 5.426297187805175781e-01 6.436336636543273926e-01 5.129210352897644043e-01 4.543929994106292725e-01 5.059077739715576172e-01 6.735599040985107422e-01 5.773951411247253418e-01 3.580856025218963623e-01 4.252935051918029785e-01
7.611874938011169434e-01 7.168396711349487305e-01 6.085849925875663757e-02 9.896025061607360840e-01 5.891697406768798828e-01 9.367044568061828613e-01 1.511013358831405640e-01 7.454487085342407227e-01 7.216224670410156250e-01 3.573507815599441528e-02 6.014999151229858398e-01 5.591017007827758789e-01 5.710857510566711426e-01 4.890907108783721924e-01
6.880224943161010742e-01 7.261505126953125000e-01 5.024064779281616211e-01 5.359575152397155762e-01 7.773067355155944824e-01 1.318297982215881348e-01 3.498750030994415283e-01 8.272252678871154785e-01 4.824798107147216797e-01 1.838197410106658936e-01 5.287365317344665527e-01 8.056153059005737305e-01 5.490090250968933105e-01 5.099498629570007324e-01
9.314125180244445801e-01 2.637443244457244873e-01 5.814767479896545410e-01 2.277624979615211487e-02 8.870834708213806152e-01 3.887223303318023682e-01 6.581820249557495117e-01 8.382003903388977051e-01 3.561617434024810791e-01 4.304164350032806396e-01 3.986943066120147705e-01 8.284854888916015625e-01 6.201083660125732422e-01 4.597682654857635498e-01
6.165524721145629883e-01 7.699901461601257324e-01 6.939504742622375488e-01 8.509349822998046875e-01 2.650510072708129883e-01 1.401439458131790161e-01 2.159023284912109375e-01 7.540728449821472168e-01 5.568013191223144531e-01 4.815753400325775146e-01 6.849313974380493164e-01 2.628665566444396973e-01 3.106464445590972900e-01 3.201908469200134277e-01
8.257550001144409180e-01 2.612834870815277100e-01 1.140939965844154358e-01 1.757192462682723999e-01 8.047735095024108887e-01 7.406501770019531250e-01 3.732739984989166260e-01 6.328931450843811035e-01 3.610597550868988037e-01 2.753378152847290039e-01 4.239838123321533203e-01 8.319402933120727539e-01 6.630608439445495605e-01 6.070725321769714355e-01
1.733749918639659882e-02 6.821466684341430664e-01 8.410032391548156738e-01 7.020475268363952637e-01 9.559684991836547852e-01 6.888074874877929688e-01 3.034853339195251465e-01 3.138186410069465637e-02 7.118944525718688965e-01 4.951789081096649170e-01 5.191411823034286499e-02 9.775326848030090332e-01 4.182452559471130371e-01 2.478784769773483276e-01
3.104799985885620117e-01 7.479196786880493164e-01 7.965440154075622559e-01 6.848474740982055664e-01 3.328649997711181641e-01 3.916097879409790039e-01 4.102066531777381897e-02 4.078171551227569580e-01 4.970331788063049316e-01 4.648813307285308838e-01 6.876809000968933105e-01 4.689792692661285400e-01 3.428348004817962646e-01 4.501726925373077393e-01
6.439924836158752441e-01 2.851946651935577393e-01 2.355429977178573608e-01 2.066040039062500000e-01 1.013690009713172913e-01 9.322696924209594727e-02 5.571536421775817871e-01 7.543290257453918457e-01 4.656053781509399414e-01 4.325293302536010742e-01 3.082945048809051514e-01 6.006981059908866882e-02 5.710158944129943848e-01 5.140311121940612793e-01
5.959699749946594238e-01 7.810124754905700684e-01 1.243695020675659180e-01 7.096700072288513184e-01 7.656682729721069336e-01 2.805596888065338135e-01 5.989660024642944336e-01 6.617963910102844238e-01 4.684096574783325195e-01 1.506565958261489868e-01 8.185073137283325195e-01 8.315655589103698730e-01 5.250568985939025879e-01 6.485926508903503418e-01
5.071249976754188538e-02 4.785973429679870605e-01 4.684647619724273682e-01 3.783544898033142090e-01 8.132212758064270020e-01 5.079160332679748535e-01 1.387573331594467163e-01 7.216628640890121460e-02 5.113459229469299316e-01 5.266987681388854980e-01 2.102788686752319336e-01 8.970766663551330566e-01 5.287325978279113770e-01 4.790892899036407471e-01
3.799349963665008545e-01 7.293838262557983398e-01 4.185082614421844482e-01 6.417574882507324219e-01 9.735727310180664062e-01 6.186581850051879883e-01 8.995187282562255859e-01 2.962170243263244629e-01 6.035708785057067871e-01 5.361004471778869629e-01 7.971060872077941895e-01 8.582918643951416016e-01 2.805652022361755371e-01 4.514446854591369629e-01
1.390849947929382324e-01 6.447691917419433594e-01 4.895105063915252686e-01 7.642124891281127930e-01 5.498989820480346680e-01 9.616903066635131836e-01 1.846793293952941895e-01 1.665771752595901489e-01 4.752326011657714844e-01 5.143135786056518555e-01 4.162904918193817139e-01 6.719273924827575684e-01 5.107644200325012207e-01 5.411557555198669434e-01
4.812900125980377197e-01 2.725526690483093262e-01 1.738772541284561157e-01 1.519527435302734375e-01 9.137692451477050781e-01 5.948666930198669434e-01 8.393558859825134277e-01 4.671876132488250732e-01 3.364378213882446289e-01 3.805526196956634521e-01 5.265707373619079590e-01 8.702172636985778809e-01 6.521062850952148438e-01 6.467038989067077637e-01
6.333000063896179199e-01 8.269198536872863770e-01 8.793634772300720215e-01 2.298520058393478394e-01 5.801542401313781738e-01 8.308672904968261719e-01 5.660643577575683594e-01 6.653385162353515625e-01 3.673962950706481934e-01 2.751778364181518555e-01 4.709713459014892578e-01 7.271965742111206055e-01 6.456027626991271973e-01 6.019482016563415527e-01
7.575675249099731445e-01 2.927181720733642578e-01 5.005519986152648926e-01 1.369742453098297119e-01 7.991199940443038940e-02 2.262034416198730469e-01 1.458510011434555054e-01 7.810301780700683594e-01 3.611583113670349121e-01 5.484900474548339844e-01 3.831253349781036377e-01 6.397818028926849365e-02 5.068500041961669922e-01 5.403354763984680176e-01
1.299924999475479126e-01 6.162294745445251465e-01 6.407042741775512695e-01 3.731675073504447937e-02 4.630570113658905029e-01 8.729645609855651855e-01 4.965146780014038086e-01 1.312467455863952637e-01 5.646592974662780762e-01 5.090028643608093262e-01 2.234132438898086548e-01 4.213626086711883545e-01 5.511596798896789551e-01 4.329380989074707031e-01
8.138175010681152344e-01 6.860995292663574219e-01 5.723422765731811523e-01 9.482100009918212891e-01 2.993685007095336914e-01 4.207904934883117676e-01 3.611763417720794678e-01 9.420571327209472656e-01 5.312989354133605957e-01 5.011501908302307129e-01 7.740476727485656738e-01 3.293189406394958496e-01 3.423199057579040527e-01 3.193198442459106445e-01
6.151000037789344788e-02 6.728168129920959473e-01 5.089524984359741211e-01 8.778125047683715820e-01 7.372587323188781738e-01 8.913036584854125977e-01 1.647300086915493011e-02 4.570896178483963013e-02 6.646341085433959961e-01 3.451122641563415527e-01 9.418907761573791504e-02 9.400323629379272461e-01 4.550718963146209717e-01 3.946777880191802979e-01
9.777724742889404297e-01 6.452713608741760254e-01 6.818240284919738770e-01 3.522650003433227539e-01 3.521350026130676270e-01 5.804351568222045898e-01 9.087666273117065430e-01 8.847900629043579102e-01 4.283297955989837646e-01 4.849755167961120605e-01 6.378077268600463867e-01 2.580177783966064453e-01 4.364744722843170166e-01 4.292847216129302979e-01
7.702674865722656250e-01 5.481848120689392090e-01 1.035124994814395905e-02 2.012774907052516937e-02 2.128274925053119659e-02 7.317644357681274414e-02 9.869427680969238281e-01 4.907084405422210693e-01 5.197318196296691895e-01 2.048774659633636475e-01 2.174130827188491821e-01 3.899107687175273895e-03 7.374885082244873047e-01 6.737664341926574707e-01
9.288924932479858398e-01 3.481106758117675781e-01 4.970409870147705078e-01 1.749999937601387501e-04 1.408662497997283936e-01 1.717126220464706421e-01 5.527966842055320740e-02 9.375026822090148926e-01 4.014095664024353027e-01 5.197507739067077637e-01 3.494634926319122314e-01 1.466369479894638062e-01 5.737186074256896973e-01 4.472282826900482178e-01
9.071425199508666992e-01 4.753168225288391113e-01 1.791864931583404541e-01 8.143475055694580078e-01 1.713670045137405396e-01 2.450098991394042969e-01 7.650999724864959717e-02 9.636012911796569824e-01 5.870807766914367676e-01 3.494808971881866455e-01 6.782488822937011719e-01 2.289977669715881348e-01 4.482358396053314209e-01 3.452792167663574219e-01
9.954850077629089355e-01 8.313486576080322266e-01 8.080617785453796387e-01 2.721815109252929688e-01 4.086922407150268555e-01 8.785257339477539062e-01 1.197700016200542450e-02 9.498776793479919434e-01 3.677497506141662598e-01 5.204051733016967773e-01 4.390241205692291260e-01 6.558745503425598145e-01 6.647478938102722168e-01 4.012973010540008545e-01
8.718374967575073242e-01 3.035014867782592773e-01 2.463639974594116211e-01 8.503274917602539062e-01 9.827795028686523438e-01 6.430036425590515137e-01 9.072946906089782715e-01 7.466089129447937012e-01 4.013967216014862061e-01 4.138155579566955566e-01 7.838346362113952637e-01 8.245091438293457031e-01 4.547809660434722900e-01 5.338582992553710938e-01
9.100750088691711426e-01 2.483614981174468994e-01 6.693379878997802734e-01 1.966067552566528320e-01 3.042309880256652832e-01 9.992521405220031738e-01 5.175269842147827148e-01 8.255871534347534180e-01 2.862850129604339600e-01 5.905690193176269531e-01 4.600000083446502686e-01 2.299650162458419800e-01 5.060067176818847656e-01 5.118494629859924316e-01
7.125449776649475098e-01 5.132436752319335938e-01 2.249942570924758911e-01 3.617117404937744141e-01 5.549250170588493347e-02 4.863912165164947510e-01 8.846715092658996582e-01 5.883709192276000977e-01 4.986373484134674072e-01 2.670919001102447510e-01 5.315669775009155273e-01 3.016390092670917511e-02 5.114457011222839355e-01 6.090024113655090332e-01
2.961800098419189453e-01 2.796536684036254883e-01 2.011664956808090210e-01 8.408225178718566895e-01 6.641234755516052246e-01 9.964953660964965820e-01 9.656448960304260254e-01 2.721349298954010010e-01 3.862484991550445557e-01 2.863530516624450684e-01 7.138183116912841797e-01 5.046235918998718262e-01 6.574138998985290527e-01 7.774765491485595703e-01
6.932724714279174805e-01 2.127096652984619141e-01 1.676249951124191284e-01 1.302007436752319336e-01 2.114002555608749390e-01 6.861715316772460938e-01 7.249348759651184082e-01 4.734419882297515869e-01 5.733986496925354004e-01 3.887819051742553711e-01 2.616696357727050781e-01 1.201700121164321899e-01 5.557807087898254395e-01 4.100600481033325195e-01
1.542074978351593018e-01 6.089346408843994141e-01 4.026804864406585693e-01 5.078999996185302734e-01 3.143124878406524658e-01 1.964148432016372681e-01 8.778347373008728027e-01 2.300624251365661621e-01 4.698255360126495361e-01 3.152187466621398926e-01 6.151750087738037109e-01 3.283921182155609131e-01 5.560181736946105957e-01 6.422834396362304688e-01
3.664324879646301270e-01 4.782443344593048096e-01 8.056629896163940430e-01 7.779675126075744629e-01 2.614929974079132080e-01 5.897625163197517395e-02 3.997820019721984863e-01 4.757449924945831299e-01 2.943201065063476562e-01 5.996157526969909668e-01 6.182434558868408203e-01 3.173102438449859619e-01 4.283638298511505127e-01 4.812931716442108154e-01
7.471449971199035645e-01 2.634510099887847900e-01 1.759189963340759277e-01 6.334174871444702148e-01 4.444822371006011963e-01 9.320768713951110840e-01 9.282701611518859863e-01 6.176446080207824707e-01 4.773682951927185059e-01 4.123688340187072754e-01 4.746766984462738037e-01 3.201202154159545898e-01 4.585060775279998779e-01 4.205224215984344482e-01
2.215000102296471596e-03 7.387906908988952637e-01 8.009855151176452637e-01 9.457899928092956543e-01 1.564124971628189087e-01 4.538081884384155273e-01 5.090309977531433105e-01 8.997508324682712555e-03 7.765212655067443848e-01 7.971030473709106445e-01 8.527029752731323242e-01 3.166951835155487061e-01 2.516817450523376465e-01 5.192289948463439941e-01
8.302274942398071289e-01 4.311704933643341064e-01 6.261149793863296509e-02 8.302350044250488281e-01 3.657952547073364258e-01 2.535883784294128418e-01 5.216096639633178711e-01 8.976016640663146973e-01 6.888512969017028809e-01 1.795832216739654541e-01 6.918486356735229492e-01 4.701969921588897705e-01 4.911372065544128418e-01 3.825046718120574951e-01
7.903825044631958008e-01 4.205524921417236328e-01 6.843697428703308105e-01 1.804812550544738770e-01 6.963927745819091797e-01 8.656120300292968750e-01 2.836030125617980957e-01 8.228480219841003418e-01 2.880541682243347168e-01 4.415185153484344482e-01 4.309863448143005371e-01 8.191263079643249512e-01 6.883833408355712891e-01 5.385708808898925781e-01
8.510749787092208862e-02 2.991618216037750244e-01 7.731142640113830566e-01 3.831194937229156494e-01 6.735255122184753418e-01 8.828918933868408203e-01 2.053419947624206543e-01 5.663420632481575012e-02 3.586716949939727783e-01 8.360502719879150391e-01 4.193256497383117676e-01 7.183771729469299316e-01 5.905601382255554199e-01 5.750955343246459961e-01
2.151450067758560181e-01 2.355566620826721191e-01 7.327582240104675293e-01 1.262427568435668945e-01 7.421494722366333008e-01 4.388796985149383545e-01 8.603095412254333496e-01 1.767961680889129639e-01 3.050685524940490723e-01 7.253479957580566406e-01 4.296448528766632080e-01 6.681671738624572754e-01 5.846728682518005371e-01 5.934253334999084473e-01
1.988250017166137695e-02 6.619135141372680664e-01 8.983749747276306152e-01 4.854847490787506104e-01 7.887985110282897949e-01 8.180000782012939453e-01 7.332437634468078613e-01 2.031691558659076691e-02 7.004228234291076660e-01 6.754161715507507324e-01 1.896776705980300903e-01 8.364858627319335938e-01 4.655664563179016113e-01 3.754985630512237549e-01
4.356024861335754395e-01 3.175255060195922852e-01 4.472874999046325684e-01 6.348450183868408203e-01 8.350150287151336670e-02 9.415397047996520996e-01 2.015806734561920166e-01 3.762499392032623291e-01 3.927252888679504395e-01 5.142228007316589355e-01 5.285236239433288574e-01 1.027749180793762207e-01 4.504266977310180664e-01 5.534986853599548340e-01
4.017375111579895020e-01 7.067704796791076660e-01 1.094807535409927368e-01 8.270249702036380768e-03 5.181959867477416992e-01 8.246015310287475586e-01 9.391599893569946289e-02 3.267838060855865479e-01 5.591650605201721191e-01 1.413635909557342529e-01 2.644315958023071289e-01 4.872851371765136719e-01 5.858086943626403809e-01 4.854102134704589844e-01
3.565349876880645752e-01 3.691063225269317627e-01 9.443050026893615723e-01 9.400724768638610840e-01 9.219480156898498535e-01 5.755100846290588379e-01 2.904376685619354248e-01 3.596411347389221191e-01 4.835727512836456299e-01 7.914342880249023438e-01 9.002427458763122559e-01 8.999244570732116699e-01 2.901173830032348633e-01 3.753282129764556885e-01
9.691674709320068359e-01 2.896186709403991699e-01 7.636050134897232056e-02 2.953162491321563721e-01 8.978214859962463379e-01 1.388102024793624878e-01 1.146376654505729675e-01 8.596570491790771484e-01 4.498957097530364990e-01 2.144202739000320435e-01 4.485428035259246826e-01 8.549715280532836914e-01 5.936825275421142578e-01 5.018298029899597168e-01
4.337700009346008301e-01 6.514369845390319824e-01 8.918125182390213013e-02 4.730987548828125000e-01 3.158972561359405518e-01 4.350131452083587646e-01 5.868293046951293945e-01 4.994022846221923828e-01 6.230226159095764160e-01 8.674609661102294922e-02 5.750496983528137207e-01 3.549847602844238281e-01 5.401167869567871094e-01 5.029714107513427734e-01
6.221125125885009766e-01 2.253424972295761108e-01 5.395577549934387207e-01 1.652355045080184937e-01 6.018815040588378906e-01 3.341067731380462646e-01 3.333106637001037598e-01 5.960502028465270996e-01 4.164747595787048340e-01 5.179192423820495605e-01 4.258993864059448242e-01 5.470735430717468262e-01 4.677765965461730957e-01 3.892223238945007324e-01
1.238750014454126358e-02 6.545576453208923340e-01 1.519905030727386475e-01 9.677824974060058594e-01 9.338769912719726562e-01 2.357609122991561890e-01 1.409843266010284424e-01 2.902172319591045380e-02 7.538508772850036621e-01 3.760492205619812012e-01 6.244083866477012634e-02 9.817193150520324707e-01 4.216409027576446533e-01 3.150887191295623779e-01
2.534675002098083496e-01 8.169088363647460938e-01 4.696757495403289795e-01 7.773249875754117966e-03 2.872495055198669434e-01 5.204946398735046387e-01 2.474433332681655884e-01 2.707583010196685791e-01 5.414662957191467285e-01 2.749292552471160889e-01 3.152652382850646973e-01 3.496921956539154053e-01 5.776139497756958008e-01 4.644119441509246826e-01
6.292049884796142578e-01 5.886908173561096191e-01 9.625457525253295898e-01 5.117200016975402832e-01 8.577439785003662109e-01 9.286304116249084473e-01 5.198010206222534180e-01 5.966808199882507324e-01 4.898034632205963135e-01 5.321836471557617188e-01 7.598246335983276367e-01 7.715231776237487793e-01 3.386186659336090088e-01 4.240426123142242432e-01
1.048775017261505127e-01 5.616251826286315918e-01 7.192700356245040894e-02 9.037350118160247803e-02 9.587002396583557129e-01 6.140006780624389648e-01 6.441926956176757812e-01 7.838480919599533081e-02 6.529085040092468262e-01 1.258905082941055298e-01 4.049760103225708008e-02 9.740234017372131348e-01 4.763964116573333740e-01 4.131613373756408691e-01
1.640650033950805664e-01 2.728306651115417480e-01 5.832762718200683594e-01 5.042325258255004883e-01 4.812425076961517334e-01 8.335813879966735840e-02 5.751573443412780762e-01 2.074023485183715820e-01 3.641702234745025635e-01 7.112169861793518066e-01 5.516132712364196777e-01 4.634855389595031738e-01 4.559416472911834717e-01 4.767700135707855225e-01
5.802850127220153809e-01 2.113166600465774536e-01 8.716009855270385742e-01 4.738444983959197998e-01 8.205915093421936035e-01 7.596121169626712799e-03 1.126319989562034607e-01 5.336418151855468750e-01 3.618965744972229004e-01 6.797196269035339355e-01 6.998891234397888184e-01 7.268297076225280762e-01 3.877180218696594238e-01 3.557354211807250977e-01
1.307599991559982300e-01 2.083905041217803955e-01 2.373347431421279907e-01 4.301150143146514893e-01 7.314115166664123535e-01 1.887240409851074219e-01 4.105719923973083496e-01 2.190890610218048096e-01 3.806356489658355713e-01 5.710772275924682617e-01 4.363010227680206299e-01 7.266394495964050293e-01 5.892658829689025879e-01 5.914248228073120117e-01
8.182424902915954590e-01 3.925061523914337158e-01 2.613292634487152100e-01 1.941224932670593262e-02 3.221107423305511475e-01 3.345723152160644531e-01 5.946176648139953613e-01 8.167622089385986328e-01 4.826923012733459473e-01 4.263841211795806885e-01 3.027220368385314941e-01 3.417317867279052734e-01 5.816428065299987793e-01 3.811242580413818359e-01
5.777699947357177734e-01 7.165673375129699707e-01 7.120177745819091797e-01 3.540892601013183594e-01 1.583324931561946869e-02 3.860473632812500000e-01 3.884750008583068848e-01 5.852761268615722656e-01 4.820375442504882812e-01 3.946101963520050049e-01 5.239943861961364746e-01 5.582961067557334900e-02 4.480871856212615967e-01 5.303701758384704590e-01
8.526775240898132324e-01 5.115010142326354980e-01 3.768150135874748230e-02 8.213700056076049805e-01 6.952049732208251953e-01 1.856072694063186646e-01 3.137840032577514648e-01 8.636140227317810059e-01 4.668997228145599365e-01 1.685503721237182617e-01 5.695104598999023438e-01 7.738583683967590332e-01 5.993726849555969238e-01 5.305811762809753418e-01
9.495325088500976562e-01 3.365946710109710693e-01 7.501754760742187500e-01 9.793274998664855957e-01 7.965947389602661133e-01 7.129945158958435059e-01 7.625240683555603027e-01 9.231838583946228027e-01 5.618996024131774902e-01 5.686014890670776367e-01 9.444151520729064941e-01 7.485446929931640625e-01 2.559405863285064697e-01 3.352340757846832275e-01
6.971150040626525879e-01 3.702096641063690186e-01 2.406907528638839722e-01 5.957549810409545898e-01 4.728960096836090088e-01 5.884084105491638184e-01 6.735448837280273438e-01 6.664381027221679688e-01 5.055111646652221680e-01 4.533456265926361084e-01 4.995412230491638184e-01 4.204643070697784424e-01 4.282239675521850586e-01 3.646255135536193848e-01
4.732849895954132080e-01 4.017418324947357178e-01 4.504402577877044678e-01 5.819125100970268250e-02 4.594230055809020996e-01 4.392839372158050537e-01 6.772200018167495728e-02 4.618060886859893799e-01 5.048205256462097168e-01 4.520183503627777100e-01 3.408819437026977539e-01 4.749713540077209473e-01 4.895532727241516113e-01 3.869544267654418945e-01
3.870750069618225098e-01 3.357258439064025879e-01 8.364717364311218262e-01 7.109050154685974121e-01 2.765842378139495850e-01 1.620801985263824463e-01 7.706966996192932129e-02 4.673433899879455566e-01 3.278603553771972656e-01 5.899150967597961426e-01 6.388148665428161621e-01 3.556691706180572510e-01 4.065173268318176270e-01 4.604509770870208740e-01
7.277075052261352539e-01 6.757436394691467285e-01 3.815070092678070068e-01 9.684100151062011719e-01 8.342817425727844238e-01 8.341920971870422363e-01 4.452153444290161133e-01 7.383528947830200195e-01 5.364363789558410645e-01 1.394787281751632690e-01 8.156566619873046875e-01 8.089779019355773926e-01 4.387590587139129639e-01 5.897129774093627930e-01
5.287899971008300781e-01 6.729981899261474609e-01 9.072967767715454102e-01 8.702225089073181152e-01 9.707217216491699219e-01 4.525095969438552856e-02 5.235880017280578613e-01 5.331259369850158691e-01 5.077834725379943848e-01 7.417951226234436035e-01 8.873703479766845703e-01 9.060312509536743164e-01 2.716305553913116455e-01 3.621867895126342773e-01
9.855474829673767090e-01 2.033886611461639404e-01 9.584337472915649414e-01 7.117875218391418457e-01 6.930927634239196777e-01 5.881259441375732422e-01 3.790040016174316406e-01 9.578528404235839844e-01 2.630507051944732666e-01 7.297187447547912598e-01 8.312798738479614258e-01 7.175007462501525879e-01 4.540171623229980469e-01 3.617454469203948975e-01
9.391875267028808594e-01 3.553091585636138916e-01 6.773784756660461426e-01 1.143679991364479065e-01 4.171327352523803711e-01 2.481510043144226074e-01 9.473589658737182617e-01 8.538371324539184570e-01 4.177973866462707520e-01 5.266965031623840332e-01 5.541633963584899902e-01 2.087541371583938599e-01 4.398562610149383545e-01 4.249386191368103027e-01
7.122799754142761230e-01 3.169111609458923340e-01 6.303387284278869629e-01 2.306015044450759888e-01 7.637320160865783691e-01 5.768823027610778809e-01 9.549715518951416016e-01 4.993704259395599365e-01 4.113842844963073730e-01 5.576581358909606934e-01 5.236611962318420410e-01 5.120115280151367188e-01 4.201475977897644043e-01 3.916244506835937500e-01
9.022625088691711426e-01 5.611860156059265137e-01 2.050337493419647217e-01 8.387150168418884277e-01 7.793424725532531738e-01 3.195825219154357910e-01 7.745700478553771973e-01 8.754006624221801758e-01 4.151236116886138916e-01 2.846053242683410645e-01 7.138615250587463379e-01 8.194640874862670898e-01 5.631827116012573242e-01 5.432839989662170410e-01
4.111475050449371338e-01 7.757598161697387695e-01 6.867687702178955078e-01 6.745799779891967773e-01 5.941154956817626953e-01 1.968802958726882935e-01 1.789973378181457520e-01 4.316325783729553223e-01 4.838149547576904297e-01 5.382010340690612793e-01 8.272643685340881348e-01 6.855332851409912109e-01 2.982379198074340820e-01 4.649433195590972900e-01
2.162349969148635864e-01 7.927204966545104980e-01 3.487152457237243652e-01 1.011565029621124268e-01 6.191384792327880859e-01 1.854531317949295044e-01 9.315039515495300293e-01 2.530969381332397461e-01 5.715653300285339355e-01 2.944624423980712891e-01 2.867355644702911377e-01 5.176970958709716797e-01 5.169971585273742676e-01 4.544749557971954346e-01
9.970824718475341797e-01 3.792193233966827393e-01 8.835369944572448730e-01 6.201500073075294495e-02 9.941319823265075684e-01 6.856448650360107422e-01 4.570056796073913574e-01 8.215309381484985352e-01 3.631780147552490234e-01 6.205203533172607422e-01 4.709231555461883545e-01 8.829365372657775879e-01 5.521928668022155762e-01 3.647025525569915771e-01
2.720350027084350586e-01 8.071784973144531250e-01 8.371084928512573242e-01 4.278457462787628174e-01 8.059327602386474609e-01 8.791138529777526855e-01 5.675200223922729492e-01 2.427008748054504395e-01 4.835655093193054199e-01 5.258275866508483887e-01 3.554412424564361572e-01 8.667169213294982910e-01 4.829724729061126709e-01 4.547582566738128662e-01
6.166499853134155273e-02 5.544776916503906250e-01 9.701694846153259277e-01 7.445949912071228027e-01 3.224112391471862793e-01 3.286957442760467529e-01 1.269143372774124146e-01 4.867924377322196960e-02 4.397025406360626221e-01 8.043385148048400879e-01 6.491435170173645020e-01 4.052720963954925537e-01 4.247004091739654541e-01 6.585934758186340332e-01
6.157274842262268066e-01 6.278780102729797363e-01 7.956697344779968262e-01 5.310574769973754883e-01 6.794289946556091309e-01 5.777800083160400391e-01 7.445900142192840576e-02 5.083479881286621094e-01 4.991309344768524170e-01 5.721222758293151855e-01 6.633120775222778320e-01 6.320506334304809570e-01 3.286398351192474365e-01 3.599921762943267822e-01
7.237474918365478516e-01 5.754743218421936035e-01 4.643382430076599121e-01 3.056359887123107910e-01 6.035555005073547363e-01 9.238984584808349609e-01 3.906493186950683594e-01 6.592109799385070801e-01 3.927473723888397217e-01 2.270188480615615845e-01 4.937456250190734863e-01 7.056043148040771484e-01 6.501805782318115234e-01 6.108653545379638672e-01
8.085849881172180176e-01 5.551509857177734375e-01 3.423945009708404541e-01 3.365197479724884033e-01 3.025574982166290283e-01 2.764036357402801514e-01 7.077468037605285645e-01 9.086213111877441406e-01 5.209211111068725586e-01 4.280978441238403320e-01 3.793636858463287354e-01 3.145633339881896973e-01 5.537628531455993652e-01 3.411299586296081543e-01
4.892599880695343018e-01 6.870103478431701660e-01 5.181000009179115295e-02 5.814574956893920898e-01 9.241139888763427734e-01 1.654086858034133911e-01 4.805966615676879883e-01 5.703782439231872559e-01 5.414245128631591797e-01 1.711569726467132568e-01 4.555673301219940186e-01 9.001353383064270020e-01 4.654670059680938721e-01 5.336010456085205078e-01
1.056125015020370483e-01 7.164263129234313965e-01 8.604869842529296875e-01 3.939695060253143311e-01 2.507382631301879883e-01 5.524584650993347168e-01 8.800864815711975098e-01 1.416402459144592285e-01 4.746913015842437744e-01 5.423300862312316895e-01 4.599503576755523682e-01 3.052464723587036133e-01 5.109881162643432617e-01 5.899151563644409180e-01
8.875374794006347656e-01 2.316458374261856079e-01 9.935449957847595215e-01 3.802174925804138184e-01 2.302099950611591339e-02 6.707636117935180664e-01 8.045965433120727539e-01 9.108209609985351562e-01 1.222652196884155273e-01 6.166501045227050781e-01 8.799163103103637695e-01 2.364168874919414520e-02 4.013967216014862061e-01 8.139702677726745605e-01
1.940999925136566162e-02 3.495391607284545898e-01 6.996767520904541016e-01 4.067490100860595703e-01 6.914770007133483887e-01 1.796886920928955078e-01 9.065171480178833008e-01 2.691075578331947327e-02 4.381017386913299561e-01 8.705034255981445312e-01 5.590702891349792480e-01 4.949446022510528564e-01 4.817789494991302490e-01 6.265701055526733398e-01
3.093799948692321777e-01 3.050208389759063721e-01 1.610295027494430542e-01 5.894500017166137695e-01 4.636990129947662354e-01 2.319828271865844727e-01 2.218379974365234375e-01 4.244849085807800293e-01 4.506550133228302002e-01 3.776248395442962646e-01 6.107976436614990234e-01 5.076976418495178223e-01 4.369845092296600342e-01 5.203285217285156250e-01
7.320125102996826172e-01 3.820286691188812256e-01 6.944735050201416016e-01 6.537749897688627243e-03 7.940340042114257812e-01 9.202265739440917969e-01 7.098303437232971191e-01 6.874591708183288574e-01 3.520501852035522461e-01 4.515633881092071533e-01 3.438872396945953369e-01 7.578451037406921387e-01 6.028044819831848145e-01 4.775826930999755859e-01
7.247275114059448242e-01 8.050133585929870605e-01 9.388497471809387207e-01 6.721799969673156738e-01 9.872777462005615234e-01 1.794828325510025024e-01 9.528058767318725586e-01 8.717973232269287109e-01 3.009337484836578369e-01 3.142827749252319336e-01 7.956351637840270996e-01 9.089889526367187500e-01 6.524690389633178711e-01 6.379711031913757324e-01
4.178774952888488770e-01 5.235999822616577148e-01 2.664439976215362549e-01 6.618425250053405762e-01 3.713342547416687012e-01 4.768167734146118164e-01 5.450833439826965332e-01 5.005002021789550781e-01 5.439628362655639648e-01 2.584496736526489258e-01 5.413401722908020020e-01 3.906322717666625977e-01 4.687491357326507568e-01 4.679219424724578857e-01
6.787499785423278809e-02 6.840885281562805176e-01 2.402215003967285156e-01 1.016549989581108093e-01 3.256617486476898193e-01 4.741201102733612061e-01 7.857303023338317871e-01 9.085227549076080322e-02 6.065583229064941406e-01 1.796742081642150879e-01 3.108663260936737061e-01 2.975197136402130127e-01 6.185337901115417480e-01 5.496476888656616211e-01
7.619249820709228516e-01 5.623946785926818848e-01 7.566737532615661621e-01 5.573624968528747559e-01 1.388995051383972168e-01 9.981855750083923340e-01 3.868726789951324463e-01 9.136352539062500000e-01 4.073898792266845703e-01 4.929001927375793457e-01 5.401499867439270020e-01 1.353786289691925049e-01 4.868519902229309082e-01 4.692289233207702637e-01
4.856050014495849609e-01 7.777218222618103027e-01 2.730222642421722412e-01 1.974749937653541565e-02 2.498037517070770264e-01 9.821318984031677246e-01 6.612303256988525391e-01 3.666233718395233154e-01 5.943795442581176758e-01 1.604340672492980957e-01 2.108419835567474365e-01 2.301017493009567261e-01 6.517054438591003418e-01 4.244885146617889404e-01
6.194300055503845215e-01 3.807933330535888672e-01 2.656442523002624512e-01 3.504222631454467773e-01 1.847205013036727905e-01 2.726254463195800781e-01 6.627366691827774048e-02 5.525187253952026367e-01 5.238405466079711914e-01 4.418148994445800781e-01 4.303401708602905273e-01 1.825240403413772583e-01 4.532092511653900146e-01 4.078693389892578125e-01
1.893099993467330933e-01 7.303873300552368164e-01 8.240050077438354492e-01 1.454200036823749542e-02 4.214229881763458252e-01 7.616773992776870728e-02 6.390893459320068359e-01 2.403434067964553833e-01 5.524001121520996094e-01 6.072734594345092773e-01 3.214930891990661621e-01 4.377038478851318359e-01 4.664986133575439453e-01 3.525555431842803955e-01
4.323349893093109131e-01 6.044995188713073730e-01 6.362627744674682617e-01 3.310682475566864014e-01 4.575974866747856140e-02 8.089421391487121582e-01 9.680801630020141602e-01 2.795678079128265381e-01 4.247304499149322510e-01 3.216103315353393555e-01 4.840004146099090576e-01 1.517637912184000015e-02 5.756496787071228027e-01 7.073040604591369629e-01
2.567650079727172852e-01 3.301610052585601807e-01 8.214169740676879883e-01 6.625549793243408203e-01 7.242879867553710938e-01 4.358416050672531128e-02 8.725017905235290527e-01 2.973092198371887207e-01 2.470899522304534912e-01 7.452469468116760254e-01 7.468514442443847656e-01 6.953887939453125000e-01 5.007402300834655762e-01 5.508773326873779297e-01
5.704075098037719727e-01 2.792634963989257812e-01 8.774897456169128418e-01 3.078247606754302979e-01 4.879105091094970703e-01 6.161556839942932129e-01 1.907850056886672974e-01 5.896514654159545898e-01 4.104902446269989014e-01 5.032663345336914062e-01 5.248571038246154785e-01 5.018145442008972168e-01 4.373146593570709229e-01 4.140997827053070068e-01
2.229599952697753906e-01 5.477301478385925293e-01 1.433512568473815918e-01 7.683675289154052734e-01 2.172455042600631714e-01 8.682365417480468750e-01 6.173650026321411133e-01 2.197557091712951660e-01 5.366020202636718750e-01 1.496292501688003540e-01 5.963274836540222168e-01 2.053801119327545166e-01 6.199316978454589844e-01 6.252436637878417969e-01
9.350824952125549316e-01 1.879670023918151855e-01 8.612677454948425293e-01 5.781375169754028320e-01 1.893077492713928223e-01 6.981131434440612793e-01 4.773043394088745117e-01 9.438513517379760742e-01 1.661445647478103638e-01 6.403881311416625977e-01 8.285951614379882812e-01 1.727229803800582886e-01 4.404661059379577637e-01 6.344836354255676270e-01
7.906525135040283203e-01 7.444021701812744141e-01 2.185979932546615601e-01 2.876827418804168701e-01 4.997844994068145752e-01 1.980296969413757324e-01 3.695510029792785645e-01 9.389601349830627441e-01 6.051976084709167480e-01 1.171213239431381226e-01 3.766744732856750488e-01 6.958625316619873047e-01 6.594960093498229980e-01 3.964008092880249023e-01
1.958400011062622070e-01 3.347006738185882568e-01 4.372807443141937256e-01 7.053899765014648438e-02 8.283732533454895020e-01 6.421173810958862305e-01 3.375143408775329590e-01 2.024189233779907227e-01 3.890262842178344727e-01 4.999069273471832275e-01 2.397876381874084473e-01 8.748703598976135254e-01 5.932845473289489746e-01 5.322676301002502441e-01
2.533800005912780762e-01 3.465691804885864258e-01 8.787915110588073730e-01 4.001002609729766846e-01 5.165709853172302246e-01 4.143914282321929932e-01 1.615086644887924194e-01 2.702609002590179443e-01 2.633846998214721680e-01 7.394489645957946777e-01 5.688076019287109375e-01 6.092619895935058594e-01 5.211221575736999512e-01 5.125803351402282715e-01
8.505125045776367188e-01 2.046161741018295288e-01 2.253500046208500862e-03 9.303975105285644531e-01 3.335359990596771240e-01 2.220204025506973267e-01 7.666975259780883789e-01 9.663462042808532715e-01 6.856842637062072754e-01 2.282802313566207886e-01 6.590525507926940918e-01 4.441261291503906250e-01 5.069079399108886719e-01 3.195376396179199219e-01
5.694975256919860840e-01 2.431736737489700317e-01 4.426450133323669434e-01 8.288200199604034424e-02 3.351280093193054199e-01 3.975131213665008545e-01 6.983335018157958984e-01 5.076007246971130371e-01 3.993925452232360840e-01 5.060044527053833008e-01 3.893544077873229980e-01 3.322926163673400879e-01 5.005981922149658203e-01 4.605433940887451172e-01
9.543349742889404297e-01 3.330991566181182861e-01 1.939797550439834595e-01 7.453125119209289551e-01 8.135594725608825684e-01 2.286635339260101318e-01 6.662970185279846191e-01 8.108868002891540527e-01 5.677561163902282715e-01 4.409928321838378906e-01 7.429986596107482910e-01 7.044466137886047363e-01 3.696853816509246826e-01 3.741182088851928711e-01
7.481099963188171387e-01 3.670363426208496094e-01 6.701602339744567871e-01 2.501572370529174805e-01 9.358549863100051880e-02 1.871736347675323486e-01 4.776850044727325439e-01 7.813616394996643066e-01 2.673157155513763428e-01 5.828603506088256836e-01 5.775545239448547363e-01 6.498069316148757935e-02 4.413421452045440674e-01 6.140741705894470215e-01
6.849874854087829590e-01 6.672890186309814453e-01 5.453897714614868164e-01 3.685122430324554443e-01 4.471387565135955811e-01 1.114480793476104736e-01 9.586948752403259277e-01 6.224566698074340820e-01 5.205352902412414551e-01 4.156031012535095215e-01 5.029624700546264648e-01 3.220351636409759521e-01 4.287450909614562988e-01 3.879449665546417236e-01
6.124100089073181152e-01 6.947420239448547363e-01 9.726732373237609863e-01 2.812894880771636963e-01 5.653687715530395508e-01 9.485588073730468750e-01 8.947044610977172852e-01 6.234238743782043457e-01 4.327403604984283447e-01 3.101751506328582764e-01 4.721369743347167969e-01 5.227384567260742188e-01 5.329331755638122559e-01 4.887237548828125000e-01
9.083999991416931152e-01 3.591420054435729980e-01 8.175964951515197754e-01 4.236044883728027344e-01 6.400055289268493652e-01 3.116437494754791260e-01 6.258280277252197266e-01 9.102249145507812500e-01 3.588900268077850342e-01 6.256502270698547363e-01 6.442707180976867676e-01 5.626180171966552734e-01 4.569532573223114014e-01 3.401558399200439453e-01
3.609674870967864990e-01 4.313476681709289551e-01 4.767054915428161621e-01 9.178000092506408691e-01 9.999825060367584229e-02 6.848564743995666504e-01 3.012800030410289764e-02 3.997269868850708008e-01 3.678533136844635010e-01 5.417439341545104980e-01 6.696656942367553711e-01 1.828191131353378296e-01 3.853725194931030273e-01 5.142425894737243652e-01
3.640150129795074463e-01 5.907643437385559082e-01 8.144177794456481934e-01 2.600807547569274902e-01 9.120290279388427734e-01 1.299701035022735596e-01 9.050639271736145020e-01 3.434548676013946533e-01 4.540352821350097656e-01 6.487078070640563965e-01 7.585048079490661621e-01 8.532443642616271973e-01 3.928281664848327637e-01 4.726420044898986816e-01
3.134225010871887207e-01 4.726296663284301758e-01 3.444460034370422363e-01 1.235647499561309814e-01 1.720537543296813965e-01 7.121946215629577637e-01 6.894055008888244629e-01 2.334448248147964478e-01 5.237984061241149902e-01 5.404038429260253906e-01 2.281322479248046875e-01 1.734611243009567261e-01 5.608252882957458496e-01 4.049209356307983398e-01
2.139199972152709961e-01 4.134698212146759033e-01 4.598272442817687988e-01 3.267962634563446045e-01 3.370274975895881653e-02 3.753761649131774902e-01 6.000016927719116211e-01 1.545017212629318237e-01 3.902108371257781982e-01 6.264601349830627441e-01 5.005779266357421875e-01 6.018300727009773254e-02 4.756761491298675537e-01 5.283222198486328125e-01
3.430350124835968018e-01 3.039711713790893555e-01 3.325132429599761963e-01 9.055225253105163574e-01 7.486979961395263672e-01 2.934879660606384277e-01 4.159273207187652588e-01 4.382857084274291992e-01 4.182751178741455078e-01 5.145783424377441406e-01 8.823915719985961914e-01 8.129651546478271484e-01 3.811457157135009766e-01 5.798005461692810059e-01
4.590350091457366943e-01 5.830655097961425781e-01 3.094287514686584473e-01 4.923832416534423828e-01 9.200132489204406738e-01 2.779681682586669922e-01 1.541589945554733276e-01 3.749280869960784912e-01 5.794733166694641113e-01 5.781412124633789062e-01 6.635190844535827637e-01 8.956792950630187988e-01 3.301198184490203857e-01 3.917822837829589844e-01
4.413299858570098877e-01 2.891066670417785645e-01 4.746467471122741699e-01 4.605617523193359375e-01 6.324830055236816406e-01 7.976223230361938477e-01 6.226603388786315918e-01 4.661064445972442627e-01 3.657379746437072754e-01 4.896008670330047607e-01 4.800940155982971191e-01 6.338673830032348633e-01 5.050283074378967285e-01 5.038518905639648438e-01
4.891099929809570312e-01 5.454931855201721191e-01 4.661380052566528320e-01 7.929674983024597168e-01 1.037275046110153198e-02 6.028006076812744141e-01 3.721086680889129639e-01 5.228784680366516113e-01 4.704200923442840576e-01 4.001055359840393066e-01 6.259257793426513672e-01 4.368259385228157043e-02 4.067233800888061523e-01 5.619121789932250977e-01
4.052499774843454361e-03 4.715193212032318115e-01 8.828007578849792480e-01 7.200124859809875488e-01 7.454494833946228027e-01 2.316546440124511719e-01 9.594941139221191406e-01 1.550346519798040390e-02 4.925765395164489746e-01 8.812962770462036133e-01 7.803825139999389648e-01 6.471199393272399902e-01 4.101379811763763428e-01 6.675838828086853027e-01
5.658274888992309570e-01 2.917686700820922852e-01 2.264182567596435547e-01 5.190975069999694824e-01 5.260532498359680176e-01 7.069041132926940918e-01 3.771359920501708984e-01 5.274692177772521973e-01 4.181367754936218262e-01 4.078854918479919434e-01 3.860002458095550537e-01 5.387465357780456543e-01 5.222648978233337402e-01 4.628491699695587158e-01
6.637949943542480469e-01 3.502664864063262939e-01 1.751772463321685791e-01 5.577449873089790344e-02 6.722175329923629761e-02 4.370232224464416504e-01 8.103016018867492676e-01 4.306442439556121826e-01 5.216734409332275391e-01 3.725010156631469727e-01 2.765575349330902100e-01 2.756448276340961456e-02 5.945609211921691895e-01 5.639922022819519043e-01
2.469499967992305756e-02 1.971880048513412476e-01 6.390549987554550171e-02 9.850324988365173340e-01 6.464392542839050293e-01 7.158625125885009766e-01 6.094943284988403320e-01 4.581464454531669617e-02 5.529252886772155762e-01 3.560322523117065430e-01 6.947882175445556641e-01 3.017674088478088379e-01 5.310113430023193359e-01 7.181518077850341797e-01
7.263475060462951660e-01 5.926920175552368164e-01 5.402799844741821289e-01 9.461424946784973145e-01 7.243800163269042969e-02 6.171193718910217285e-01 8.423151373863220215e-01 9.045524597167968750e-01 4.038378298282623291e-01 2.713791429996490479e-01 8.777870535850524902e-01 7.253054529428482056e-02 3.842423260211944580e-01 6.509293317794799805e-01
1.630074977874755859e-01 3.546540141105651855e-01 4.949362576007843018e-01 5.187175273895263672e-01 7.350234985351562500e-01 3.637830317020416260e-01 2.085849940776824951e-01 2.218170017004013062e-01 3.835942447185516357e-01 6.428486704826354980e-01 5.561328530311584473e-01 7.983748912811279297e-01 5.421696901321411133e-01 5.398163795471191406e-01
4.167925119400024414e-01 4.247666597366333008e-01 6.519585251808166504e-01 5.658349990844726562e-01 4.865359961986541748e-01 1.453109085559844971e-01 7.255955934524536133e-01 4.510819017887115479e-01 3.179252445697784424e-01 5.632085800170898438e-01 6.161783933639526367e-01 5.520788431167602539e-01 4.762336313724517822e-01 5.427122712135314941e-01
3.736074864864349365e-01 3.854109942913055420e-01 9.218047261238098145e-01 6.916300058364868164e-01 1.902502477169036865e-01 3.405424356460571289e-01 5.220453143119812012e-01 5.072609186172485352e-01 2.683717608451843262e-01 5.684193968772888184e-01 5.892576575279235840e-01 2.546533048152923584e-01 4.704930484294891357e-01 6.104568243026733398e-01
6.321300268173217773e-01 6.974873542785644531e-01 4.411612451076507568e-01 3.796052634716033936e-01 7.408712506294250488e-01 1.749983876943588257e-01 7.414466887712478638e-02 6.487583518028259277e-01 5.067318081855773926e-01 2.288681268692016602e-01 5.367907881736755371e-01 7.467913627624511719e-01 4.674605727195739746e-01 5.014366507530212402e-01
1.000624969601631165e-01 2.558453381061553955e-01 9.054895043373107910e-01 5.908374786376953125e-01 6.015457510948181152e-01 9.805539250373840332e-01 5.131206512451171875e-01 5.941196158528327942e-02 2.967225909233093262e-01 8.481404185295104980e-01 5.219478607177734375e-01 6.086827516555786133e-01 5.703254342079162598e-01 6.770116686820983887e-01
4.079400002956390381e-01 4.796036779880523682e-01 4.988310039043426514e-01 3.552939891815185547e-01 5.263867378234863281e-01 4.871871694922447205e-02 9.125377535820007324e-01 4.384319186210632324e-01 5.068345665931701660e-01 5.017559528350830078e-01 4.011889100074768066e-01 4.369331002235412598e-01 4.439804255962371826e-01 3.714074194431304932e-01
7.821699976921081543e-01 3.467598259449005127e-01 5.428212285041809082e-01 3.440285027027130127e-01 7.500575184822082520e-01 5.221617221832275391e-01 6.695393323898315430e-01 7.779985070228576660e-01 2.830976247787475586e-01 5.243286490440368652e-01 4.625431299209594727e-01 8.069481849670410156e-01 6.625604629516601562e-01 5.091338753700256348e-01
9.443175196647644043e-01 1.998886615037918091e-01 3.878419995307922363e-01 4.325962364673614502e-01 8.733527660369873047e-01 1.865862607955932617e-01 7.153715491294860840e-01 8.457581996917724609e-01 3.087882697582244873e-01 5.677792429924011230e-01 5.822149515151977539e-01 8.293214440345764160e-01 6.127805709838867188e-01 4.520673155784606934e-01
8.895500004291534424e-02 4.515779912471771240e-01 8.227272629737854004e-01 8.584550023078918457e-01 8.886382579803466797e-01 8.556550741195678711e-01 1.305153369903564453e-01 9.127090871334075928e-02 3.459487557411193848e-01 8.018040657043457031e-01 5.107441544532775879e-01 9.514783620834350586e-01 6.375061273574829102e-01 5.211375355720520020e-01
4.240700006484985352e-01 4.333613216876983643e-01 3.982847630977630615e-01 1.067309975624084473e-01 3.532980084419250488e-01 7.812766432762145996e-01 1.499473303556442261e-01 4.253133237361907959e-01 4.642800390720367432e-01 3.708224594593048096e-01 3.108663558959960938e-01 4.260475039482116699e-01 5.513649582862854004e-01 4.438012242317199707e-01
8.751124739646911621e-01 8.224366903305053711e-01 4.449567496776580811e-01 7.463974952697753906e-01 5.283582210540771484e-01 4.905474781990051270e-01 8.047317862510681152e-01 8.466405868530273438e-01 6.405919790267944336e-01 3.144712150096893311e-01 6.511472463607788086e-01 5.334575176239013672e-01 4.212210178375244141e-01 3.425002396106719971e-01
8.288250118494033813e-02 7.698554992675781250e-01 8.580407500267028809e-01 9.049124717712402344e-01 3.087849915027618408e-02 7.982417941093444824e-01 7.089091539382934570e-01 6.296118348836898804e-02 6.243058443069458008e-01 5.910924673080444336e-01 6.203904151916503906e-01 1.628982126712799072e-01 4.077775776386260986e-01 5.482496619224548340e-01
8.372499942779541016e-01 4.964953362941741943e-01 7.864217758178710938e-01 1.196952536702156067e-01 6.558899879455566406e-01 4.126114249229431152e-01 8.352743983268737793e-01 7.013040781021118164e-01 4.867578744888305664e-01 5.146270394325256348e-01 5.751578807830810547e-01 4.874718189239501953e-01 3.929405510425567627e-01 3.450942635536193848e-01
1.987649947404861450e-01 2.743841707706451416e-01 9.119752645492553711e-01 9.380350112915039062e-01 6.959974765777587891e-01 3.948940336704254150e-01 7.560707330703735352e-01 2.698368728160858154e-01 1.590815186500549316e-01 7.492691874504089355e-01 8.017440438270568848e-01 7.914305925369262695e-01 6.046354174613952637e-01 7.532719373703002930e-01
6.571999788284301758e-01 1.723736673593521118e-01 8.866172432899475098e-01 4.911902546882629395e-01 6.422165036201477051e-01 4.985664784908294678e-01 5.421659946441650391e-01 6.754257082939147949e-01 3.736337423324584961e-01 5.550422668457031250e-01 6.170023679733276367e-01 5.790176987648010254e-01 4.206202626228332520e-01 4.024450480937957764e-01
9.917999804019927979e-02 8.105639815330505371e-01 9.747987389564514160e-01 7.417950034141540527e-02 1.971040070056915283e-01 8.333922028541564941e-01 1.052133366465568542e-02 8.015883713960647583e-02 6.378942728042602539e-01 6.885195970535278320e-01 1.921997815370559692e-01 2.580104172229766846e-01 5.550328493118286133e-01 3.569210767745971680e-01
4.170624911785125732e-01 3.064340054988861084e-01 8.630597591400146484e-01 8.085799813270568848e-01 5.731344819068908691e-01 5.829166769981384277e-01 6.153910160064697266e-01 4.159823358058929443e-01 2.887808382511138916e-01 6.684198975563049316e-01 7.735515236854553223e-01 5.790929198265075684e-01 4.045691192150115967e-01 4.621915817260742188e-01
5.766624808311462402e-01 3.157024979591369629e-01 3.304085135459899902e-01 3.869862556457519531e-01 1.545407474040985107e-01 2.420607060194015503e-01 3.172779977321624756e-01 6.149829030036926270e-01 4.226084053516387939e-01 4.798966646194458008e-01 4.025207459926605225e-01 1.501192450523376465e-01 4.918894469738006592e-01 4.914943873882293701e-01
6.087325215339660645e-01 4.127218425273895264e-01 9.157917499542236328e-01 2.101957499980926514e-01 6.584690213203430176e-01 1.326972693204879761e-01 7.457252144813537598e-01 6.215387582778930664e-01 4.074527025222778320e-01 5.139279365539550781e-01 5.232871770858764648e-01 5.656377673149108887e-01 4.489340782165527344e-01 4.101882874965667725e-01
3.328174948692321777e-01 5.499209761619567871e-01 8.030524849891662598e-02 2.907677590847015381e-01 5.324915051460266113e-01 5.518097877502441406e-01 1.724603325128555298e-01 4.068328738212585449e-01 5.576992034912109375e-01 6.809362769126892090e-02 6.006022691726684570e-01 5.644714236259460449e-01 6.153430938720703125e-01 6.252351999282836914e-01
5.978050231933593750e-01 3.471121788024902344e-01 1.997827440500259399e-01 9.995325207710266113e-01 3.236955106258392334e-01 3.399272635579109192e-02 9.325472712516784668e-01 6.858173012733459473e-01 4.705115854740142822e-01 3.571669161319732666e-01 7.560096383094787598e-01 2.126030027866363525e-01 3.429189324378967285e-01 4.812412261962890625e-01
3.988125026226043701e-01 6.008831858634948730e-01 6.035230159759521484e-01 8.757899999618530273e-01 8.850839734077453613e-01 7.200793921947479248e-02 5.620183348655700684e-01 4.032790362834930420e-01 5.359637737274169922e-01 7.321081757545471191e-01 8.932078480720520020e-01 8.815296292304992676e-01 2.493212819099426270e-01 3.800991177558898926e-01
4.141300022602081299e-01 4.073978364467620850e-01 3.533922433853149414e-01 1.750915050506591797e-01 9.551437497138977051e-01 3.292855620384216309e-01 4.053966701030731201e-02 3.461838364601135254e-01 4.508407115936279297e-01 6.136038899421691895e-01 4.284428656101226807e-01 9.334994554519653320e-01 4.937851727008819580e-01 4.242839217185974121e-01
9.059175252914428711e-01 6.512463092803955078e-01 4.877127408981323242e-01 2.788432538509368896e-01 8.159449696540832520e-02 5.034932494163513184e-01 7.818966358900070190e-02 9.404984712600708008e-01 4.902164936065673828e-01 4.128904640674591064e-01 4.556226134300231934e-01 1.405085921287536621e-01 5.462558865547180176e-01 4.126535952091217041e-01
2.098650038242340088e-01 3.957258462905883789e-01 9.698600322008132935e-02 7.045124769210815430e-01 6.621729731559753418e-01 9.105335474014282227e-01 6.569126844406127930e-01 1.800536513328552246e-01 5.374965667724609375e-01 1.778066605329513550e-01 5.592938661575317383e-01 5.510271191596984863e-01 5.679937005043029785e-01 6.362104415893554688e-01
7.052574753761291504e-01 2.565823197364807129e-01 4.688760042190551758e-01 9.419950246810913086e-01 2.258182466030120850e-01 7.300606966018676758e-01 6.412000060081481934e-01 7.229422330856323242e-01 2.561082243919372559e-01 5.423739552497863770e-01 7.593857645988464355e-01 1.769855022430419922e-01 3.957585692405700684e-01 6.040225028991699219e-01
9.360550045967102051e-01 4.217790067195892334e-01 3.553864955902099609e-01 4.616270065307617188e-01 3.370794951915740967e-01 4.521713256835937500e-01 9.291087388992309570e-01 8.697739839553833008e-01 5.133314728736877441e-01 3.796935975551605225e-01 6.363606452941894531e-01 2.469228208065032959e-01 4.339357316493988037e-01 4.065491259098052979e-01
8.303250372409820557e-02 6.280120015144348145e-01 6.318234801292419434e-01 7.248225212097167969e-01 9.133732318878173828e-01 4.856042563915252686e-01 5.671683549880981445e-01 7.755859196186065674e-02 5.283685326576232910e-01 6.953921914100646973e-01 3.859115242958068848e-01 9.453731775283813477e-01 4.870643615722656250e-01 4.164210855960845947e-01
3.237349987030029297e-01 4.538963437080383301e-01 5.057407617568969727e-01 8.342275023460388184e-01 8.370274901390075684e-01 6.214855313301086426e-01 8.754932284355163574e-01 3.447258770465850830e-01 3.632750809192657471e-01 6.230515241622924805e-01 8.224834799766540527e-01 8.420017957687377930e-01 4.836589694023132324e-01 5.858387947082519531e-01
7.087250053882598877e-02 4.665144979953765869e-01 7.845592498779296875e-01 6.031125187873840332e-01 2.492250055074691772e-01 1.228846460580825806e-01 9.320002198219299316e-01 6.676445901393890381e-02 4.686762690544128418e-01 7.520670294761657715e-01 5.160114765167236328e-01 1.318125128746032715e-01 4.662887454032897949e-01 4.742474853992462158e-01
7.274975180625915527e-01 5.567598342895507812e-01 1.083649992942810059e-01 6.632725000381469727e-01 2.330024987459182739e-01 3.965530395507812500e-01 3.347666561603546143e-01 8.826618194580078125e-01 6.275045275688171387e-01 1.385827362537384033e-01 5.490971803665161133e-01 4.051365852355957031e-01 5.940156579017639160e-01 4.234811663627624512e-01
9.116525053977966309e-01 6.301753520965576172e-01 5.299667716026306152e-01 4.691367447376251221e-01 8.564065098762512207e-01 6.901778578758239746e-01 9.514481425285339355e-01 8.772608041763305664e-01 5.341742038726806641e-01 1.111529245972633362e-01 7.356853485107421875e-01 7.632764577865600586e-01 5.542587041854858398e-01 5.563481450080871582e-01
5.189650058746337891e-01 2.451331615447998047e-01 6.070244908332824707e-01 7.364624738693237305e-01 9.460164904594421387e-01 6.749446392059326172e-01 2.121790051460266113e-01 6.194350719451904297e-01 2.784907817840576172e-01 5.747351050376892090e-01 5.791682600975036621e-01 9.265972375869750977e-01 6.297584772109985352e-01 5.357595086097717285e-01
2.859025001525878906e-01 5.337108373641967773e-01 4.489567577838897705e-01 4.804622530937194824e-01 6.171870231628417969e-01 2.245359569787979126e-01 6.930068731307983398e-01 3.442373573780059814e-01 5.044707059860229492e-01 5.414787530899047852e-01 6.386117935180664062e-01 6.176292300224304199e-01 3.508486449718475342e-01 4.369679689407348633e-01
8.578075170516967773e-01 6.688946485519409180e-01 7.793624997138977051e-01 6.317874789237976074e-01 1.815474964678287506e-02 2.490420192480087280e-01 8.570300042629241943e-02 9.728829264640808105e-01 2.977997064590454102e-01 4.410172104835510254e-01 8.541470170021057129e-01 1.101812496781349182e-01 4.675603210926055908e-01 6.423581838607788086e-01
7.509725093841552734e-01 4.709351658821105957e-01 3.047652542591094971e-01 3.160575032234191895e-01 6.295187473297119141e-01 1.627614200115203857e-01 3.787073194980621338e-01 6.874481439590454102e-01 6.028069257736206055e-01 4.040206372737884521e-01 4.541710317134857178e-01 5.205063223838806152e-01 4.358811676502227783e-01 3.337771296501159668e-01
8.603025078773498535e-01 4.454374909400939941e-01 1.577935069799423218e-01 3.768532574176788330e-01 7.051777243614196777e-01 6.155226230621337891e-01 9.911544919013977051e-01 7.994370460510253906e-01 4.048472642898559570e-01 3.057101070880889893e-01 3.120732307434082031e-01 6.270076036453247070e-01 6.524240970611572266e-01 4.706037640571594238e-01
8.676775097846984863e-01 2.340659946203231812e-01 4.676224887371063232e-01 2.831225097179412842e-01 1.600179970264434814e-01 4.597036242485046387e-01 2.267216593027114868e-01 9.103073477745056152e-01 2.945712506771087646e-01 5.868908166885375977e-01 4.185024201869964600e-01 1.809797137975692749e-01 5.348159670829772949e-01 5.103231072425842285e-01
4.511525034904479980e-01 8.002489805221557617e-01 4.155150055885314941e-02 9.242500364780426025e-02 6.690292358398437500e-01 4.196205139160156250e-01 1.845423281192779541e-01 4.146292507648468018e-01 6.440702676773071289e-01 6.596139818429946899e-02 3.438838124275207520e-01 7.273668050765991211e-01 5.236537456512451172e-01 5.227224230766296387e-01
8.015725016593933105e-01 5.923038125038146973e-01 7.747370004653930664e-01 5.414500087499618530e-02 3.919857442378997803e-01 7.450779676437377930e-01 2.157640010118484497e-01 7.581554651260375977e-01 5.386947989463806152e-01 4.770126044750213623e-01 4.005986154079437256e-01 3.774297833442687988e-01 4.585966765880584717e-01 3.172863125801086426e-01
2.439974993467330933e-01 3.758974969387054443e-01 3.040367364883422852e-01 9.037449955940246582e-01 8.808982372283935547e-01 7.397679686546325684e-01 8.815575838088989258e-01 2.795311212539672852e-01 3.617959022521972656e-01 4.705992043018341064e-01 8.430165052413940430e-01 8.421623110771179199e-01 5.495005846023559570e-01 6.876865029335021973e-01
9.309750050306320190e-02 3.334666788578033447e-01 6.024460196495056152e-01 2.894267439842224121e-01 1.879322528839111328e-01 3.993145376443862915e-02 9.498208165168762207e-01 8.367338031530380249e-02 3.810553550720214844e-01 7.060716152191162109e-01 5.330470800399780273e-01 5.781904980540275574e-02 4.864058494567871094e-01 5.293157100677490234e-01
9.828950166702270508e-01 8.007131814956665039e-01 3.776427507400512695e-01 1.634455025196075439e-01 9.354360103607177734e-01 5.188853740692138672e-01 6.757872104644775391e-01 8.066530823707580566e-01 5.445140600204467773e-01 1.580789536237716675e-01 5.613085627555847168e-01 8.533126115798950195e-01 5.163089036941528320e-01 5.096574425697326660e-01
7.805600166320800781e-01 3.048731684684753418e-01 2.625592648983001709e-01 6.585775017738342285e-01 1.974067538976669312e-01 8.314639329910278320e-01 7.302883267402648926e-01 7.684908509254455566e-01 4.849631786346435547e-01 4.544283747673034668e-01 4.921936392784118652e-01 1.074388697743415833e-01 4.372606277465820312e-01 4.372999072074890137e-01
9.199075102806091309e-01 6.746529936790466309e-01 8.455935120582580566e-01 3.129057586193084717e-01 2.785195112228393555e-01 3.459820151329040527e-01 2.036766707897186279e-01 9.642159938812255859e-01 5.769445896148681641e-01 4.589197039604187012e-01 6.196844577789306641e-01 3.194404542446136475e-01 4.360198080539703369e-01 2.828898429870605469e-01
5.964325070381164551e-01 3.940113186836242676e-01 5.276257395744323730e-01 8.212500214576721191e-01 3.793299943208694458e-02 6.600407361984252930e-01 5.598909854888916016e-01 7.267695069313049316e-01 2.691258192062377930e-01 5.301028490066528320e-01 6.898405551910400391e-01 4.517291858792304993e-02 4.200928807258605957e-01 6.917698383331298828e-01
8.076450228691101074e-01 2.748398184776306152e-01 8.101195096969604492e-01 1.942099928855895996e-01 5.029797554016113281e-01 6.637082099914550781e-01 6.374236941337585449e-01 8.476141095161437988e-01 4.189387857913970947e-01 4.981517195701599121e-01 5.331192016601562500e-01 5.139141678810119629e-01 4.907304346561431885e-01 3.843132257461547852e-01
9.433649778366088867e-01 6.260333061218261719e-01 9.826244711875915527e-01 3.587650135159492493e-02 7.084874808788299561e-02 7.536422014236450195e-01 6.294289827346801758e-01 8.706264495849609375e-01 2.046607732772827148e-01 6.124544739723205566e-01 6.149547100067138672e-01 5.860254913568496704e-02 4.686414003372192383e-01 6.710651516914367676e-01
5.527250170707702637e-01 3.277068436145782471e-01 9.204132556915283203e-01 6.003375053405761719e-01 7.829212546348571777e-01 6.270162463188171387e-01 6.100336909294128418e-01 5.823922753334045410e-01 2.455338239669799805e-01 6.304515600204467773e-01 7.093491554260253906e-01 8.359290957450866699e-01 5.914528369903564453e-01 5.601776242256164551e-01
6.681674718856811523e-01 7.527915239334106445e-01 4.268969893455505371e-01 6.405150294303894043e-01 1.515887528657913208e-01 6.621342301368713379e-01 5.359426736831665039e-01 7.729645371437072754e-01 5.671132802963256836e-01 3.661331236362457275e-01 4.698536992073059082e-01 1.744859218597412109e-01 4.431504607200622559e-01 3.670018315315246582e-01
1.189099997282028198e-01 4.270266592502593994e-01 9.179099798202514648e-01 4.343352615833282471e-01 4.052700102329254150e-02 2.523785829544067383e-02 3.490756750106811523e-01 1.183907538652420044e-01 3.469476103782653809e-01 6.851335763931274414e-01 4.144310355186462402e-01 6.913488358259201050e-02 5.109551548957824707e-01 5.100610256195068359e-01
5.821749940514564514e-02 1.800726652145385742e-01 1.572034955024719238e-01 2.845472395420074463e-01 2.983282506465911865e-01 4.149636328220367432e-01 8.914131522178649902e-01 5.171741172671318054e-02 4.174894094467163086e-01 5.029910802841186523e-01 5.301319360733032227e-01 7.243800163269042969e-02 6.279296875000000000e-01 8.127330541610717773e-01
6.814774870872497559e-01 3.800818324089050293e-01 3.593422472476959229e-01 6.565399765968322754e-01 4.243335127830505371e-01 1.351579725742340088e-01 1.919530034065246582e-01 6.769065856933593750e-01 5.118991732597351074e-01 4.932480156421661377e-01 5.963740348815917969e-01 3.951991498470306396e-01 3.703441023826599121e-01 3.464885652065277100e-01
4.203625023365020752e-01 7.990211844444274902e-01 4.629777371883392334e-01 4.008677601814270020e-01 3.842037618160247803e-01 1.061622202396392822e-01 4.904546737670898438e-01 4.570150077342987061e-01 5.153733491897583008e-01 3.710687756538391113e-01 5.919020175933837891e-01 4.588192105293273926e-01 4.024665057659149170e-01 4.526003897190093994e-01
8.803949952125549316e-01 5.001406669616699219e-01 2.630715072154998779e-01 4.409522414207458496e-01 7.269070148468017578e-01 1.119593903422355652e-01 2.188416719436645508e-01 8.827304840087890625e-01 3.302539885044097900e-01 4.303291738033294678e-01 4.308284819126129150e-01 8.269394636154174805e-01 6.617767810821533203e-01 4.726167917251586914e-01
4.960150122642517090e-01 6.019331812858581543e-01 9.009832739830017090e-01 5.664924979209899902e-01 1.700827479362487793e-01 3.835171759128570557e-01 8.645050525665283203e-01 6.249096393585205078e-01 4.201571941375732422e-01 4.411145448684692383e-01 5.994138121604919434e-01 1.269295066595077515e-01 4.111517667770385742e-01 5.196004509925842285e-01
9.524599909782409668e-01 2.724201679229736328e-01 2.755902409553527832e-01 9.608325362205505371e-02 6.789705157279968262e-01 4.685176908969879150e-01 3.315166532993316650e-01 8.425442576408386230e-01 2.957719266414642334e-01 4.388337731361389160e-01 3.853734731674194336e-01 7.900528907775878906e-01 6.666396260261535645e-01 5.148295760154724121e-01
5.756574869155883789e-01 7.819619774818420410e-01 2.923569977283477783e-01 9.010900259017944336e-01 5.469430088996887207e-01 7.682935148477554321e-02 8.157269954681396484e-01 6.271532177925109863e-01 6.272737979888916016e-01 6.329201906919479370e-02 8.369103074073791504e-01 5.382770299911499023e-01 4.450479745864868164e-01 5.749385952949523926e-01
4.446550011634826660e-01 6.635224819183349609e-01 6.635894775390625000e-01 5.142024755477905273e-01 7.470222711563110352e-01 9.460230469703674316e-01 3.560863435268402100e-01 4.991421997547149658e-01 3.843242228031158447e-01 5.004052519798278809e-01 4.335232377052307129e-01 7.810876369476318359e-01 5.111815929412841797e-01 4.849966168403625488e-01
1.328675001859664917e-01 2.323128283023834229e-01 3.188909888267517090e-01 5.387874841690063477e-01 1.019487529993057251e-01 7.238795161247253418e-01 3.463376760482788086e-01 1.245689988136291504e-01 4.007401168346405029e-01 5.026275515556335449e-01 5.438771843910217285e-01 7.182193547487258911e-02 5.355516076087951660e-01 7.141765356063842773e-01
8.909950256347656250e-01 2.940693199634552002e-01 4.606387615203857422e-01 4.806142449378967285e-01 9.393467307090759277e-01 5.925489068031311035e-01 5.003413558006286621e-01 8.089327216148376465e-01 3.464544713497161865e-01 5.251475572586059570e-01 4.974449872970581055e-01 8.673192858695983887e-01 5.816150307655334473e-01 4.465570449829101562e-01
2.828449904918670654e-01 3.633689880371093750e-01 8.461017608642578125e-01 8.227499723434448242e-01 4.262117445468902588e-01 7.164959311485290527e-01 3.180670142173767090e-01 3.245177268981933594e-01 2.283033877611160278e-01 6.981115937232971191e-01 7.952775359153747559e-01 5.159061551094055176e-01 4.383497536182403564e-01 5.429103970527648926e-01
2.468100041151046753e-01 5.602359771728515625e-01 9.048092365264892578e-01 3.095017373561859131e-01 6.789074838161468506e-02 2.010208070278167725e-01 6.499333307147026062e-03 2.369995862245559692e-01 3.867374956607818604e-01 6.775732636451721191e-01 4.324397444725036621e-01 1.415203362703323364e-01 4.586502313613891602e-01 4.210496246814727783e-01
3.307375013828277588e-01 3.269171714782714844e-01 2.206532508134841919e-01 5.232500261627137661e-04 1.193580031394958496e-01 7.583325505256652832e-01 3.585340082645416260e-01 2.311931848526000977e-01 4.648758172988891602e-01 3.163805305957794189e-01 2.602189779281616211e-01 1.177393943071365356e-01 6.573690772056579590e-01 5.522487759590148926e-01
7.382525205612182617e-01 3.483273386955261230e-01 7.770492434501647949e-01 6.561325192451477051e-01 7.141362428665161133e-01 6.520156860351562500e-01 2.968033254146575928e-01 8.242462277412414551e-01 3.234536051750183105e-01 5.676277279853820801e-01 5.804116129875183105e-01 7.275810241699218750e-01 5.385517477989196777e-01 4.216068685054779053e-01
9.626024961471557617e-01 7.959126830101013184e-01 9.638559818267822266e-01 9.428474903106689453e-01 5.058932304382324219e-01 2.407051473855972290e-01 4.810273349285125732e-01 9.887171983718872070e-01 6.739808320999145508e-01 2.750405669212341309e-01 9.041873216629028320e-01 8.068348765373229980e-01 4.540838897228240967e-01 3.554013669490814209e-01
5.215225219726562500e-01 7.326746582984924316e-01 1.916690021753311157e-01 8.167874813079833984e-02 1.095400005578994751e-02 1.362054497003555298e-01 8.372407555580139160e-01 3.755316734313964844e-01 6.713412404060363770e-01 1.846252679824829102e-01 2.616752386093139648e-01 1.634008251130580902e-02 6.590501666069030762e-01 5.137636661529541016e-01
4.392524957656860352e-01 6.166641712188720703e-01 1.165705025196075439e-01 6.816200017929077148e-01 8.919157385826110840e-01 3.218574821949005127e-01 2.295846641063690186e-01 3.786033391952514648e-01 5.847656726837158203e-01 4.307368099689483643e-01 6.805796027183532715e-01 8.762860894203186035e-01 3.324604034423828125e-01 4.641014039516448975e-01
5.045700073242187500e-01 2.839426696300506592e-01 7.871827483177185059e-01 4.257017374038696289e-01 9.921762347221374512e-01 7.246784567832946777e-01 1.714133322238922119e-01 4.391875267028808594e-01 3.177568018436431885e-01 7.169011831283569336e-01 5.327320694923400879e-01 9.394317865371704102e-01 5.752953290939331055e-01 4.371906518936157227e-01
7.114124894142150879e-01 7.177948355674743652e-01 2.638937532901763916e-01 1.069100014865398407e-02 8.750257492065429688e-01 7.990303039550781250e-01 7.742190361022949219e-01 5.924460291862487793e-01 4.206770360469818115e-01 2.401199042797088623e-01 2.899952828884124756e-01 8.264218568801879883e-01 6.084971427917480469e-01 5.273798108100891113e-01
4.943349957466125488e-01 7.957723140716552734e-01 6.120820045471191406e-01 8.090850114822387695e-01 7.724607586860656738e-01 8.209106326103210449e-01 9.730657935142517090e-01 5.214523077011108398e-01 4.891284108161926270e-01 2.228988856077194214e-01 7.952587604522705078e-01 6.170800328254699707e-01 4.024174809455871582e-01 5.750659108161926270e-01
7.994899749755859375e-01 2.026771605014801025e-01 9.166177511215209961e-01 2.795712351799011230e-01 9.473620057106018066e-01 9.447643160820007324e-01 2.532186806201934814e-01 7.760575413703918457e-01 3.058144450187683105e-01 6.371268033981323242e-01 4.540320038795471191e-01 8.771131038665771484e-01 5.773622989654541016e-01 3.742096424102783203e-01
8.394075036048889160e-01 3.380118310451507568e-01 2.100187540054321289e-01 6.354374885559082031e-01 1.870380043983459473e-01 9.716706722974777222e-02 4.002213478088378906e-01 9.328802227973937988e-01 4.249064326286315918e-01 4.902622699737548828e-01 5.239163637161254883e-01 1.755706816911697388e-01 5.071855783462524414e-01 4.348923861980438232e-01
2.810074985027313232e-01 4.506296813488006592e-01 4.191417396068572998e-01 4.851167500019073486e-01 4.439047574996948242e-01 3.362416028976440430e-01 3.933863341808319092e-01 3.626288175582885742e-01 3.855170309543609619e-01 5.048360824584960938e-01 5.242319107055664062e-01 5.658500194549560547e-01 5.263753533363342285e-01 5.810033679008483887e-01
2.215224951505661011e-01 5.008388161659240723e-01 5.645164847373962402e-01 9.118599891662597656e-01 4.256157577037811279e-01 4.924230277538299561e-01 9.996001124382019043e-01 2.971127927303314209e-01 4.320379197597503662e-01 4.282864630222320557e-01 5.832565426826477051e-01 2.161000967025756836e-01 4.613976478576660156e-01 5.684888362884521484e-01
6.229875087738037109e-01 6.098261475563049316e-01 7.380124926567077637e-02 3.041577637195587158e-01 3.423430025577545166e-01 7.290445566177368164e-01 2.629863321781158447e-01 5.404347777366638184e-01 5.644751787185668945e-01 1.704602986574172974e-01 3.340888619422912598e-01 3.741478919982910156e-01 5.884885787963867188e-01 4.340582191944122314e-01
6.465575098991394043e-01 7.785903215408325195e-01 5.867962241172790527e-01 6.113824844360351562e-01 9.104089736938476562e-01 6.007509231567382812e-01 4.322156608104705811e-01 7.902333140373229980e-01 4.739713668823242188e-01 2.633565366268157959e-01 4.912475347518920898e-01 9.021095037460327148e-01 5.134041905403137207e-01 4.973054528236389160e-01
6.260000169277191162e-02 6.599693298339843750e-01 6.175599992275238037e-02 8.358125090599060059e-01 4.298459887504577637e-01 9.524858742952346802e-02 2.466046661138534546e-01 1.090057715773582458e-01 6.757896542549133301e-01 1.039068326354026794e-01 8.443076014518737793e-01 5.460802912712097168e-01 3.408618271350860596e-01 6.557456254959106445e-01
2.047400027513504028e-01 2.168476730585098267e-01 8.396779894828796387e-01 7.798374891281127930e-01 1.126872524619102478e-01 9.740366935729980469e-01 9.279770255088806152e-01 1.897771656513214111e-01 1.961607784032821655e-01 6.379315257072448730e-01 7.762531638145446777e-01 3.280835598707199097e-02 4.431038796901702881e-01 7.991101741790771484e-01
3.785024881362915039e-01 6.929039955139160156e-01 8.714267611503601074e-01 5.374475121498107910e-01 6.341000199317932129e-01 2.428541481494903564e-01 5.299180150032043457e-01 4.800391793251037598e-01 4.240136146545410156e-01 5.134002566337585449e-01 6.860859394073486328e-01 7.026273012161254883e-01 3.907729089260101318e-01 4.741483628749847412e-01
1.497225016355514526e-01 3.127648234367370605e-01 7.166347503662109375e-01 4.541074931621551514e-01 3.071362376213073730e-01 4.819241538643836975e-02 1.443953365087509155e-01 1.971232444047927856e-01 3.304729759693145752e-01 7.272512912750244141e-01 5.548079609870910645e-01 2.992956340312957764e-01 4.424942731857299805e-01 3.771905303001403809e-01
5.306174755096435547e-01 3.376331627368927002e-01 5.471404790878295898e-01 2.098399959504604340e-02 7.392544746398925781e-01 5.849635601043701172e-01 1.393033266067504883e-01 4.243688583374023438e-01 3.846576511859893799e-01 6.037178635597229004e-01 3.911651670932769775e-01 6.783240437507629395e-01 4.953760504722595215e-01 3.819730579853057861e-01
8.685000240802764893e-02 6.460851430892944336e-01 8.002319931983947754e-01 3.691397607326507568e-01 2.850077450275421143e-01 9.582607150077819824e-01 6.270013451576232910e-01 6.044774502515792847e-02 5.321462154388427734e-01 6.016306877136230469e-01 3.734520077705383301e-01 2.593491077423095703e-01 5.440493226051330566e-01 6.042806506156921387e-01
3.669550120830535889e-01 6.953236460685729980e-01 3.397710025310516357e-01 6.278300285339355469e-01 5.596634745597839355e-01 8.757895231246948242e-01 4.388549923896789551e-01 4.312676191329956055e-01 5.272041559219360352e-01 1.618667393922805786e-01 6.537812948226928711e-01 5.702636241912841797e-01 4.640240371227264404e-01 5.624573230743408203e-01
5.972775220870971680e-01 6.598243117332458496e-01 3.974772393703460693e-01 9.200674891471862793e-01 1.649114936590194702e-01 9.681987166404724121e-01 7.387574911117553711e-01 5.387094616889953613e-01 5.903713703155517578e-01 3.151215314865112305e-01 6.190970540046691895e-01 1.418161839246749878e-01 3.919521868228912354e-01 4.213052093982696533e-01
9.360349774360656738e-01 7.430294752120971680e-01 7.587632536888122559e-01 6.928475201129913330e-02 6.093440055847167969e-01 6.129634380340576172e-01 9.838069081306457520e-01 8.833168745040893555e-01 5.913888812065124512e-01 3.515618443489074707e-01 3.436760902404785156e-01 4.967341423034667969e-01 5.708749890327453613e-01 3.168839812278747559e-01
8.803575038909912109e-01 3.246420025825500488e-01 8.578567504882812500e-01 9.160850197076797485e-02 4.673117399215698242e-01 9.512321352958679199e-01 1.797916740179061890e-01 8.347112536430358887e-01 2.389604151248931885e-01 6.410952806472778320e-01 4.092966914176940918e-01 5.686279535293579102e-01 6.106525063514709473e-01 4.760234057903289795e-01
1.001449972391128540e-01 5.796999931335449219e-01 4.962615072727203369e-01 9.406849741935729980e-01 3.292507529258728027e-01 7.884561270475387573e-02 5.834203362464904785e-01 1.288923174142837524e-01 5.803916454315185547e-01 5.780574083328247070e-01 7.749784588813781738e-01 4.566534459590911865e-01 3.148303627967834473e-01 5.245074033737182617e-01
7.726774811744689941e-01 3.541656732559204102e-01 1.128560006618499756e-01 5.023699998855590820e-01 6.834909915924072266e-01 2.379011064767837524e-01 4.892893433570861816e-01 5.622752904891967773e-01 5.042580366134643555e-01 4.725126624107360840e-01 5.516829490661621094e-01 5.743091106414794922e-01 3.932679295539855957e-01 3.912754654884338379e-01
7.304300069808959961e-01 8.230883479118347168e-01 6.141870021820068359e-01 2.964169979095458984e-01 3.656415045261383057e-01 6.443259716033935547e-01 7.591827511787414551e-01 7.470136880874633789e-01 6.308040618896484375e-01 3.220444917678833008e-01 4.282137453556060791e-01 3.866715729236602783e-01 4.779209494590759277e-01 3.330079913139343262e-01
6.369550228118896484e-01 7.106475234031677246e-01 6.629995107650756836e-01 6.680275201797485352e-01 2.808440029621124268e-01 2.159877866506576538e-02 2.603693306446075439e-01 8.228564262390136719e-01 4.840866625308990479e-01 4.699221253395080566e-01 5.740869045257568359e-01 3.297825157642364502e-01 4.201321005821228027e-01 3.724197745323181152e-01
7.135249972343444824e-01 7.833511829376220703e-01 7.465762495994567871e-01 7.449474930763244629e-01 4.063780009746551514e-01 7.419763803482055664e-01 4.592796564102172852e-01 7.033758163452148438e-01 5.690602660179138184e-01 4.833628833293914795e-01 6.619343757629394531e-01 3.710417151451110840e-01 3.229332566261291504e-01 3.122951090335845947e-01
3.010424971580505371e-01 8.213843107223510742e-01 9.304022789001464844e-01 8.494325280189514160e-01 1.541087478399276733e-01 2.361498028039932251e-01 9.120565652847290039e-01 3.564751148223876953e-01 5.271994471549987793e-01 3.403015434741973877e-01 8.154717683792114258e-01 1.797558516263961792e-01 3.147858679294586182e-01 5.181438922882080078e-01
3.825249895453453064e-02 2.844470143318176270e-01 6.388379931449890137e-01 3.223335146903991699e-01 7.256242632865905762e-01 3.368747532367706299e-01 6.635733246803283691e-01 2.815278433263301849e-02 4.055118560791015625e-01 9.015145301818847656e-01 5.924445390701293945e-01 6.253356933593750000e-01 4.920528829097747803e-01 4.802936017513275146e-01
3.776499927043914795e-01 2.500051558017730713e-01 2.413135021924972534e-01 6.880224943161010742e-01 5.071717500686645508e-01 3.790282905101776123e-01 7.104877233505249023e-01 4.568201303482055664e-01 4.088283479213714600e-01 4.103789925575256348e-01 6.990638375282287598e-01 5.144461393356323242e-01 4.178752303123474121e-01 5.473337173461914062e-01
4.097749888896942139e-01 8.226133584976196289e-01 1.089877486228942871e-01 5.055750012397766113e-01 7.636677622795104980e-01 5.710056424140930176e-01 2.978006601333618164e-01 4.633595347404479980e-01 6.009405851364135742e-01 8.201627433300018311e-02 5.300821065902709961e-01 8.406781554222106934e-01 4.567466080188751221e-01 5.810422301292419434e-01
2.366324961185455322e-01 8.119584918022155762e-01 4.791525006294250488e-02 2.925469875335693359e-01 8.377912640571594238e-01 4.804697036743164062e-01 6.560310125350952148e-01 1.994531601667404175e-01 6.074745655059814453e-01 9.674154222011566162e-02 1.760911792516708374e-01 9.324757456779479980e-01 4.706621766090393066e-01 5.345358252525329590e-01
7.772974967956542969e-01 5.959931612014770508e-01 5.755065083503723145e-01 3.705642521381378174e-01 1.733332574367523193e-01 9.170643687248229980e-01 4.950406551361083984e-01 8.237978219985961914e-01 4.889642000198364258e-01 4.392831325531005859e-01 4.469361901283264160e-01 1.511208713054656982e-01 4.844715893268585205e-01 4.164723753929138184e-01
4.961249977350234985e-02 5.777558088302612305e-01 5.829795002937316895e-01 3.493617475032806396e-01 9.518602490425109863e-01 8.638531565666198730e-01 6.957533210515975952e-02 3.406396880745887756e-02 6.775681376457214355e-01 4.779339134693145752e-01 4.972036927938461304e-02 9.748932123184204102e-01 4.356384277343750000e-01 2.678467929363250732e-01
8.676549792289733887e-01 5.970646739006042480e-01 9.353452324867248535e-01 1.871815025806427002e-01 8.955364823341369629e-01 6.036000251770019531e-01 1.720376610755920410e-01 8.292629122734069824e-01 5.133199095726013184e-01 5.063223242759704590e-01 4.114776849746704102e-01 8.268509507179260254e-01 4.934329092502593994e-01 3.377061486244201660e-01
6.467749923467636108e-02 3.298083245754241943e-01 4.203302562236785889e-01 5.636600032448768616e-02 1.707247495651245117e-01 5.242853760719299316e-01 6.035423278808593750e-01 5.284773930907249451e-02 5.133123993873596191e-01 7.058139443397521973e-01 2.665834724903106689e-01 9.847037494182586670e-02 5.802791118621826172e-01 6.115251779556274414e-01
7.143775224685668945e-01 1.845418363809585571e-01 3.664059937000274658e-01 5.273575186729431152e-01 2.950782477855682373e-01 8.860107064247131348e-01 2.806616723537445068e-01 7.285578250885009766e-01 3.666692972183227539e-01 5.504269599914550781e-01 3.552665114402770996e-01 2.506502270698547363e-01 5.116978287696838379e-01 4.569119811058044434e-01
3.297725021839141846e-01 3.862523436546325684e-01 7.460047602653503418e-01 8.830500245094299316e-01 4.714752435684204102e-01 1.300230342894792557e-02 7.974003553390502930e-01 4.511162638664245605e-01 3.443583548069000244e-01 5.971507430076599121e-01 6.695756316184997559e-01 4.630948603153228760e-01 3.908983767032623291e-01 4.339081943035125732e-01
5.229499936103820801e-02 7.328506708145141602e-01 3.559432625770568848e-01 1.663569957017898560e-01 2.771017551422119141e-01 8.023638129234313965e-01 3.297599852085113525e-01 3.288542386144399643e-03 8.020654320716857910e-01 6.014842912554740906e-02 5.228399531915783882e-04 2.519331313669681549e-02 9.148642420768737793e-01 2.642940580844879150e-01
4.182874858379364014e-01 4.612033367156982422e-01 7.349099963903427124e-02 7.383800148963928223e-01 1.558504998683929443e-01 5.213742256164550781e-01 8.444640040397644043e-01 4.215246140956878662e-01 5.692658424377441406e-01 1.950488686561584473e-01 6.829729080200195312e-01 1.292754262685775757e-01 4.605709910392761230e-01 5.461318492889404297e-01
6.838924884796142578e-01 2.765153348445892334e-01 4.113427400588989258e-01 4.058037400245666504e-01 3.201589882373809814e-01 2.642276883125305176e-01 7.779418826103210449e-01 6.860288977622985840e-01 3.685990869998931885e-01 5.296532511711120605e-01 5.600312352180480957e-01 2.301499396562576294e-01 4.317492842674255371e-01 4.862400293350219727e-01
9.286749958992004395e-01 2.164240032434463501e-01 2.016725018620491028e-02 3.679037392139434814e-01 7.899569869041442871e-01 6.093182563781738281e-01 1.657133400440216064e-01 7.390994429588317871e-01 3.410404026508331299e-01 3.131799399852752686e-01 3.812163472175598145e-01 8.339056372642517090e-01 6.749478578567504883e-01 5.709372758865356445e-01
5.288100242614746094e-01 4.968479871749877930e-01 4.394577443599700928e-01 7.239900231361389160e-01 2.078565061092376709e-01 8.935430049896240234e-01 5.626379847526550293e-01 5.176010131835937500e-01 4.851044714450836182e-01 4.303986728191375732e-01 5.149285793304443359e-01 2.387356758117675781e-01 4.317248761653900146e-01 4.337576627731323242e-01
9.615175127983093262e-01 2.387984991073608398e-01 7.977575063705444336e-02 7.848299741744995117e-01 6.328187584877014160e-01 3.857027292251586914e-01 2.868449985980987549e-01 8.516080975532531738e-01 3.176822066307067871e-01 5.057210922241210938e-01 5.732282400131225586e-01 7.354581952095031738e-01 6.127927303314208984e-01 4.806087613105773926e-01
1.403400003910064697e-01 7.529353499412536621e-01 2.842999994754791260e-02 6.153249740600585938e-01 3.865242600440979004e-01 2.742964625358581543e-01 4.317900165915489197e-02 1.654654443264007568e-01 7.357369065284729004e-01 4.047902673482894897e-02 7.381930947303771973e-01 4.754142761230468750e-01 4.143212437629699707e-01 6.077674627304077148e-01
1.445074975490570068e-01 4.729340076446533203e-01 7.897175103425979614e-02 8.761600255966186523e-01 3.548862636089324951e-01 5.823444724082946777e-01 3.159376680850982666e-01 1.922248154878616333e-01 5.719833374023437500e-01 1.022958084940910339e-01 8.117992877960205078e-01 3.561671972274780273e-01 5.675316452980041504e-01 6.892322897911071777e-01
4.833675026893615723e-01 6.129746437072753906e-01 2.845272421836853027e-01 9.902275204658508301e-01 6.731294989585876465e-01 2.387362718582153320e-02 4.502066671848297119e-01 5.117430090904235840e-01 5.148653984069824219e-01 5.042176842689514160e-01 8.176867961883544922e-01 7.034595012664794922e-01 2.957853376865386963e-01 4.413881897926330566e-01
8.697525262832641602e-01 5.681281685829162598e-01 7.769600301980972290e-02 5.776900053024291992e-01 4.268807470798492432e-01 9.217928051948547363e-01 6.237000226974487305e-01 7.735696434974670410e-01 5.788765549659729004e-01 2.846893370151519775e-01 3.325135111808776855e-01 4.686451852321624756e-01 5.667982697486877441e-01 3.624788820743560791e-01
7.414575219154357910e-01 7.189055085182189941e-01 8.813100308179855347e-02 3.192994892597198486e-01 6.563577651977539062e-01 5.974871516227722168e-01 5.613646507263183594e-01 5.978969931602478027e-01 6.444569826126098633e-01 5.793215706944465637e-02 5.250834226608276367e-01 5.620003938674926758e-01 5.497452616691589355e-01 5.122842192649841309e-01
5.214375257492065430e-01 1.983231604099273682e-01 1.848675012588500977e-01 5.676975250244140625e-01 6.612309813499450684e-01 4.887358471751213074e-02 3.427610099315643311e-01 6.644546985626220703e-01 3.481546938419342041e-01 3.684378266334533691e-01 4.267760217189788818e-01 7.405893206596374512e-01 6.112676262855529785e-01 5.520730018615722656e-01
7.329999804496765137e-01 3.213864862918853760e-01 2.160580009222030640e-01 8.886975049972534180e-01 6.776340007781982422e-01 1.675718128681182861e-01 1.342466622591018677e-01 6.212286353111267090e-01 4.734193384647369385e-01 5.214564800262451172e-01 8.036076426506042480e-01 6.793788075447082520e-01 3.231733143329620361e-01 4.253562092781066895e-01
7.924600243568420410e-01 7.570509910583496094e-01 7.945424914360046387e-01 9.596825242042541504e-01 9.686310291290283203e-01 2.648471593856811523e-01 9.266744256019592285e-01 7.536980509757995605e-01 5.122409462928771973e-01 5.135527253150939941e-01 9.508891105651855469e-01 8.517639040946960449e-01 2.641913294792175293e-01 4.720891118049621582e-01
5.412899851799011230e-01 4.897673428058624268e-01 9.006687402725219727e-01 3.823004961013793945e-01 3.585905134677886963e-01 3.670091032981872559e-01 2.741383314132690430e-01 5.619682669639587402e-01 4.026418328285217285e-01 5.466053485870361328e-01 5.369237065315246582e-01 3.713766932487487793e-01 4.223883748054504395e-01 4.151540994644165039e-01
5.745649933815002441e-01 1.831691712141036987e-01 6.563194990158081055e-01 8.714874982833862305e-01 6.856409907341003418e-01 2.989600896835327148e-01 8.851518630981445312e-01 5.357760787010192871e-01 3.971260488033294678e-01 5.933028459548950195e-01 8.192884325981140137e-01 5.792068839073181152e-01 3.126829564571380615e-01 4.299125373363494873e-01
3.096500039100646973e-01 4.260173439979553223e-01 3.249287605285644531e-01 7.842350006103515625e-01 5.957267284393310547e-01 5.445885062217712402e-01 1.113356649875640869e-01 4.307091236114501953e-01 3.255017995834350586e-01 4.247869551181793213e-01 7.613391876220703125e-01 7.740787863731384277e-01 5.904068350791931152e-01 6.784480214118957520e-01
8.568350076675415039e-01 6.067748069763183594e-01 2.539497613906860352e-01 2.639312446117401123e-01 3.851535022258758545e-01 9.949829578399658203e-01 5.082119703292846680e-01 6.999416351318359375e-01 6.339829564094543457e-01 3.019961118698120117e-01 3.282384574413299561e-01 3.778602778911590576e-01 5.313585996627807617e-01 3.347039818763732910e-01
3.196175098419189453e-01 5.349196791648864746e-01 5.774674937129020691e-02 4.605099931359291077e-02 3.315682411193847656e-01 2.860414087772369385e-01 8.900260925292968750e-01 3.582845628261566162e-01 5.897322893142700195e-01 1.900769472122192383e-01 3.140627443790435791e-01 2.624078691005706787e-01 5.948487520217895508e-01 4.465661644935607910e-01
8.570424914360046387e-01 2.230241596698760986e-01 8.506785035133361816e-01 1.406340003013610840e-01 6.842997670173645020e-01 6.881133466958999634e-02 5.785366892814636230e-01 8.694892525672912598e-01 4.250396192073822021e-01 5.368617177009582520e-01 5.318083167076110840e-01 6.003941893577575684e-01 4.865406453609466553e-01 3.459868729114532471e-01
5.736500024795532227e-02 7.896156907081604004e-01 7.926800251007080078e-01 4.430544972419738770e-01 4.369717538356781006e-01 2.074087858200073242e-01 8.377925753593444824e-01 1.126474663615226746e-01 5.211704969406127930e-01 4.164644181728363037e-01 5.145418047904968262e-01 4.182689189910888672e-01 5.138530731201171875e-01 6.002656221389770508e-01
4.366950094699859619e-01 7.187268137931823730e-01 5.637515187263488770e-01 6.062200069427490234e-01 2.143862545490264893e-01 6.803445219993591309e-01 7.095333188772201538e-03 4.442916214466094971e-01 5.438691377639770508e-01 4.359374642372131348e-01 4.620737135410308838e-01 3.132314980030059814e-01 4.280186891555786133e-01 3.805215954780578613e-01
9.276949763298034668e-01 4.863306581974029541e-01 5.143924951553344727e-01 7.344225049018859863e-01 6.719664931297302246e-01 3.536728322505950928e-01 7.403355836868286133e-01 8.831234574317932129e-01 4.354405105113983154e-01 5.652703046798706055e-01 6.997584104537963867e-01 6.077241897583007812e-01 4.176375567913055420e-01 3.431654274463653564e-01
7.228950262069702148e-01 4.763266742229461670e-01 5.783317685127258301e-01 4.669527411460876465e-01 7.226679921150207520e-01 7.017697095870971680e-01 3.370923399925231934e-01 6.460356712341308594e-01 4.214257597923278809e-01 4.953280389308929443e-01 5.178425908088684082e-01 7.106590867042541504e-01 4.526673257350921631e-01 4.233102202415466309e-01
6.859700083732604980e-01 6.091135144233703613e-01 5.115124955773353577e-02 7.362524867057800293e-01 7.927025109529495239e-02 8.669714331626892090e-01 3.848806619644165039e-01 6.989170312881469727e-01 6.106616854667663574e-01 1.255991160869598389e-01 4.279205501079559326e-01 1.023337244987487793e-01 6.257944107055664062e-01 4.747468531131744385e-01
6.915900111198425293e-01 3.518244922161102295e-01 3.163875043392181396e-01 4.978227615356445312e-01 8.444082736968994141e-01 1.235648468136787415e-01 6.166949868202209473e-01 5.572826266288757324e-01 5.264276266098022461e-01 5.028756856918334961e-01 7.076865434646606445e-01 6.887178421020507812e-01 3.288882672786712646e-01 3.972660899162292480e-01
5.856224894523620605e-01 4.452338218688964844e-01 9.279959797859191895e-01 7.138075232505798340e-01 9.346719980239868164e-01 3.781134486198425293e-01 9.172601699829101562e-01 5.854768157005310059e-01 4.042476713657379150e-01 6.063520908355712891e-01 8.198944330215454102e-01 7.809945940971374512e-01 3.596253693103790283e-01 4.455439150333404541e-01
8.861600160598754883e-01 7.523434758186340332e-01 6.591349840164184570e-01 4.579755067825317383e-01 4.885047376155853271e-01 3.315320312976837158e-01 6.186270117759704590e-01 8.872725963592529297e-01 7.115370035171508789e-01 3.003156185150146484e-01 6.557820439338684082e-01 5.071649551391601562e-01 3.949376046657562256e-01 2.869155108928680420e-01
6.982524991035461426e-01 4.616446793079376221e-01 7.541007399559020996e-01 1.427464932203292847e-01 9.415037631988525391e-01 9.057459831237792969e-01 1.242220029234886169e-01 6.081331372261047363e-01 4.402099847793579102e-01 4.608491659164428711e-01 3.574671447277069092e-01 8.520220518112182617e-01 5.012065768241882324e-01 4.247681200504302979e-01
3.388899862766265869e-01 2.339211702346801758e-01 1.160919964313507080e-01 4.609992504119873047e-01 4.249757528305053711e-01 6.019105315208435059e-01 7.195471525192260742e-01 3.623387813568115234e-01 4.025143682956695557e-01 3.252283930778503418e-01 5.401314496994018555e-01 4.083260893821716309e-01 6.106151342391967773e-01 6.598761677742004395e-01
7.679175138473510742e-01 5.013696551322937012e-01 7.131490111351013184e-01 1.600807458162307739e-01 3.675922453403472900e-01 6.989803910255432129e-01 6.143513321876525879e-01 7.812379598617553711e-01 4.839416146278381348e-01 4.881260991096496582e-01 4.315912723541259766e-01 3.258506655693054199e-01 4.749234020709991455e-01 3.635933697223663330e-01
8.977500349283218384e-02 7.129276394844055176e-01 2.904447615146636963e-01 7.356299757957458496e-01 1.827832460403442383e-01 2.037140429019927979e-01 2.164556682109832764e-01 1.663358658552169800e-01 5.565773248672485352e-01 2.482016384601593018e-01 5.954737663269042969e-01 3.225808441638946533e-01 5.179636478424072266e-01 5.735620856285095215e-01
1.566900014877319336e-01 4.014644920825958252e-01 7.910565137863159180e-01 6.605024933815002441e-01 9.033632278442382812e-01 9.899169802665710449e-01 3.302573263645172119e-01 1.152026131749153137e-01 4.217011630535125732e-01 7.716199755668640137e-01 4.187445938587188721e-01 8.753317594528198242e-01 5.605205893516540527e-01 4.218112826347351074e-01
3.809149861335754395e-01 6.297021508216857910e-01 9.283109903335571289e-01 2.750225067138671875e-01 6.211042404174804688e-01 3.714358508586883545e-01 4.440356791019439697e-01 4.567319750785827637e-01 3.794023096561431885e-01 5.329774022102355957e-01 4.369602799415588379e-01 6.887337565422058105e-01 5.025672316551208496e-01 4.615775942802429199e-01
5.601124763488769531e-01 3.729979991912841797e-01 7.048797607421875000e-01 6.940299868583679199e-01 3.285819888114929199e-01 2.840864658355712891e-01 3.578656613826751709e-01 6.596047878265380859e-01 3.542726933956146240e-01 5.221118927001953125e-01 6.807422637939453125e-01 3.536878526210784912e-01 3.942354321479797363e-01 4.738157391548156738e-01
4.651749879121780396e-02 7.589908242225646973e-01 3.930207490921020508e-01 1.136192530393600464e-01 9.063389897346496582e-01 3.170475661754608154e-01 4.703536629676818848e-01 3.104097768664360046e-02 7.320616841316223145e-01 4.836641848087310791e-01 6.254270672798156738e-02 9.765714406967163086e-01 4.053685963153839111e-01 2.608564496040344238e-01
8.442950248718261719e-01 5.838288068771362305e-01 1.733697503805160522e-01 6.421350240707397461e-01 7.646177411079406738e-01 4.676388800144195557e-01 7.017969489097595215e-01 8.243538737297058105e-01 5.069397091865539551e-01 9.944828599691390991e-02 7.028444409370422363e-01 7.725898027420043945e-01 5.886420011520385742e-01 5.946384072303771973e-01
5.577024817466735840e-01 4.094781577587127686e-01 1.061500050127506256e-03 6.110849976539611816e-01 6.039024889469146729e-02 9.099456667900085449e-01 2.283246666193008423e-01 3.731567263603210449e-01 5.402000546455383301e-01 2.577185630798339844e-01 3.630504012107849121e-01 6.965734064579010010e-02 5.909899473190307617e-01 5.277508497238159180e-01
5.545549988746643066e-01 6.617658138275146484e-01 5.623442530632019043e-01 2.586367428302764893e-01 5.540080070495605469e-01 2.453860640525817871e-01 2.247859984636306763e-01 5.460082292556762695e-01 4.801390767097473145e-01 3.676180839538574219e-01 5.325388312339782715e-01 5.754873156547546387e-01 4.314777255058288574e-01 4.534735679626464844e-01
8.230724930763244629e-01 4.189928472042083740e-01 8.245307207107543945e-01 3.711304962635040283e-01 4.818210005760192871e-01 6.791009306907653809e-01 1.022096648812294006e-01 8.862456083297729492e-01 4.517021179199218750e-01 4.893124997615814209e-01 5.614815354347229004e-01 5.522587895393371582e-01 4.842752516269683838e-01 3.575017750263214111e-01
3.583325147628784180e-01 5.644893050193786621e-01 9.374960064888000488e-01 4.573497474193572998e-01 2.795299887657165527e-01 7.384037375450134277e-01 7.956614494323730469e-01 3.997334539890289307e-01 3.991098701953887939e-01 5.066187381744384766e-01 5.720710754394531250e-01 3.363687694072723389e-01 4.187117218971252441e-01 4.637762308120727539e-01
1.346125006675720215e-01 3.737258315086364746e-01 1.707367449998855591e-01 8.429499864578247070e-01 9.537982344627380371e-01 3.651761636137962341e-02 4.878459870815277100e-01 1.796510219573974609e-01 5.558917522430419922e-01 6.695979833602905273e-01 6.909547448158264160e-01 8.732998967170715332e-01 3.542695045471191406e-01 4.219866991043090820e-01
9.938750267028808594e-01 6.674851775169372559e-01 1.964727491140365601e-01 9.751874804496765137e-01 8.775920271873474121e-01 5.687259435653686523e-01 6.901932954788208008e-01 9.268949627876281738e-01 5.311346650123596191e-01 1.021773219108581543e-01 8.105044364929199219e-01 8.673950433731079102e-01 5.477353334426879883e-01 5.895882248878479004e-01
9.852700233459472656e-01 3.976044952869415283e-01 5.597584843635559082e-01 9.065275192260742188e-01 3.724972605705261230e-01 1.504888832569122314e-01 2.706989943981170654e-01 9.780157208442687988e-01 4.497339129447937012e-01 5.525349974632263184e-01 9.072270989418029785e-01 4.301927983760833740e-01 3.655368089675903320e-01 3.853381574153900146e-01
9.224399924278259277e-01 6.607406735420227051e-01 1.635127514600753784e-01 7.964300364255905151e-02 3.628807365894317627e-01 8.305241465568542480e-01 3.652736544609069824e-01 8.088718652725219727e-01 6.013746261596679688e-01 1.458551287651062012e-01 2.502756416797637939e-01 4.500452578067779541e-01 6.564095616340637207e-01 3.720273971557617188e-01
2.195250056684017181e-02 3.278411626815795898e-01 5.065630078315734863e-01 6.555399894714355469e-01 5.481002330780029297e-01 3.095368742942810059e-01 1.175139993429183960e-01 3.435534238815307617e-02 5.046018362045288086e-01 7.817890048027038574e-01 6.988135576248168945e-01 5.275059342384338379e-01 4.143458008766174316e-01 6.734389066696166992e-01
8.664900064468383789e-01 5.497393608093261719e-01 4.941527545452117920e-01 4.533917605876922607e-01 7.985320091247558594e-01 3.866349458694458008e-01 6.800547838211059570e-01 8.613922595977783203e-01 4.669863879680633545e-01 3.414457142353057861e-01 4.440112113952636719e-01 7.610493898391723633e-01 5.603714585304260254e-01 4.190883338451385498e-01
6.818100214004516602e-01 5.118483304977416992e-01 2.724550068378448486e-01 1.784559935331344604e-01 7.779932618141174316e-01 4.988203197717666626e-02 6.905755400657653809e-01 7.415419220924377441e-01 4.388222098350524902e-01 1.681655496358871460e-01 5.672048330307006836e-01 7.750474810600280762e-01 5.988457202911376953e-01 5.840727090835571289e-01
1.355774998664855957e-01 2.665390074253082275e-01 6.765747666358947754e-01 2.105460017919540405e-01 5.705642700195312500e-01 7.819707989692687988e-01 9.181206226348876953e-01 8.615412563085556030e-02 2.921267449855804443e-01 7.786288857460021973e-01 2.960992753505706787e-01 4.277941286563873291e-01 6.232975721359252930e-01 6.951522827148437500e-01
4.479824900627136230e-01 6.457748413085937500e-01 7.676115036010742188e-01 3.918562531471252441e-01 1.175575032830238342e-01 4.811790883541107178e-01 4.164220094680786133e-01 4.603793025016784668e-01 4.765186309814453125e-01 4.697089791297912598e-01 4.675886631011962891e-01 1.457368135452270508e-01 4.557667672634124756e-01 4.707769751548767090e-01
3.699400126934051514e-01 4.963126778602600098e-01 6.381342411041259766e-01 1.283407509326934814e-01 8.899785280227661133e-01 5.238196849822998047e-01 3.434259891510009766e-01 2.914800941944122314e-01 5.086550116539001465e-01 6.499892473220825195e-01 4.504212737083435059e-01 8.438807129859924316e-01 4.123895168304443359e-01 3.508182168006896973e-01
6.105775237083435059e-01 3.569253385066986084e-01 6.145767569541931152e-01 5.765874981880187988e-01 8.321074843406677246e-01 4.238437414169311523e-01 2.526226639747619629e-01 4.955929219722747803e-01 4.833686649799346924e-01 6.828791499137878418e-01 7.741022109985351562e-01 7.585509419441223145e-01 2.997212707996368408e-01 3.503412902355194092e-01
7.527999877929687500e-01 8.102018237113952637e-01 1.652967482805252075e-01 5.446925163269042969e-01 8.929269909858703613e-01 7.187348604202270508e-01 7.707871794700622559e-01 7.534700632095336914e-01 4.703539311885833740e-01 8.577280491590499878e-02 7.443819642066955566e-01 8.712545633316040039e-01 6.390566825866699219e-01 6.820122003555297852e-01
1.381199955940246582e-01 7.455648183822631836e-01 9.837357401847839355e-01 1.310782432556152344e-01 9.178860187530517578e-01 2.159326225519180298e-01 7.213999629020690918e-01 1.397386044263839722e-01 4.560267627239227295e-01 5.719294548034667969e-01 2.162876874208450317e-01 9.390698075294494629e-01 5.345850586891174316e-01 4.260171651840209961e-01
7.143524885177612305e-01 6.522773504257202148e-01 7.696549892425537109e-01 8.772199749946594238e-01 5.243692398071289062e-01 5.461438372731208801e-02 3.197283446788787842e-01 8.617731332778930664e-01 4.796092808246612549e-01 5.365638732910156250e-01 7.602187991142272949e-01 5.717605352401733398e-01 3.643004596233367920e-01 3.494520187377929688e-01
4.985750019550323486e-01 4.176141619682312012e-01 3.000807464122772217e-01 2.242110073566436768e-01 8.570755124092102051e-01 9.227501153945922852e-01 2.395633310079574585e-01 4.533478021621704102e-01 3.841063082218170166e-01 3.901685476303100586e-01 3.260393142700195312e-01 8.584392070770263672e-01 5.641955137252807617e-01 5.243407487869262695e-01
4.842075109481811523e-01 3.371011614799499512e-01 6.641492247581481934e-01 7.687299847602844238e-01 5.617737770080566406e-01 3.486196994781494141e-01 2.540670037269592285e-01 5.089733004570007324e-01 3.360453844070434570e-01 5.803398489952087402e-01 7.001982331275939941e-01 5.791045427322387695e-01 4.120585024356842041e-01 4.609277248382568359e-01
7.307649850845336914e-01 1.771344989538192749e-01 7.963675260543823242e-01 3.731987476348876953e-01 1.462514996528625488e-01 3.578326404094696045e-01 5.702753067016601562e-01 8.361829519271850586e-01 2.029140889644622803e-01 5.885295271873474121e-01 6.692338585853576660e-01 1.505789756774902344e-01 4.822613298892974854e-01 6.581557989120483398e-01
4.878849983215332031e-01 7.234061956405639648e-01 7.244549989700317383e-01 7.227550148963928223e-01 7.186729907989501953e-01 5.393663644790649414e-01 1.050726696848869324e-01 4.748219549655914307e-01 5.571039915084838867e-01 5.154902935028076172e-01 8.624078035354614258e-01 7.757735252380371094e-01 2.651847302913665771e-01 4.480654597282409668e-01
7.328374981880187988e-01 5.203235149383544922e-01 6.857187747955322266e-01 5.158724784851074219e-01 3.781472444534301758e-01 7.726946473121643066e-01 2.045466601848602295e-01 7.553889751434326172e-01 5.180086493492126465e-01 4.972307980060577393e-01 5.512354373931884766e-01 3.422341346740722656e-01 3.869651854038238525e-01 3.305249810218811035e-01
9.576650261878967285e-01 3.442989885807037354e-01 1.209625042974948883e-02 4.423387646675109863e-01 9.260482788085937500e-01 3.582216203212738037e-01 3.616729974746704102e-01 7.599933147430419922e-01 3.713586926460266113e-01 3.376409709453582764e-01 5.170740485191345215e-01 8.860471248626708984e-01 5.972074866294860840e-01 5.441343784332275391e-01
3.187625110149383545e-01 4.361471533775329590e-01 9.222882390022277832e-01 1.972340047359466553e-01 4.663692414760589600e-01 8.632959425449371338e-02 8.186423182487487793e-01 3.411942720413208008e-01 3.158800005912780762e-01 6.347941756248474121e-01 5.501247644424438477e-01 4.319170415401458740e-01 4.587574899196624756e-01 4.402767121791839600e-01
8.232824802398681641e-01 3.081396520137786865e-01 6.602142453193664551e-01 4.515499807894229889e-03 5.837085247039794922e-01 1.164637356996536255e-01 2.436606734991073608e-01 8.178300261497497559e-01 4.343284666538238525e-01 5.192890167236328125e-01 3.967834711074829102e-01 5.310625433921813965e-01 5.139123201370239258e-01 3.496952950954437256e-01
9.553149938583374023e-01 3.911499977111816406e-01 7.155485153198242188e-01 3.628087639808654785e-01 7.127962708473205566e-01 9.843708276748657227e-01 2.401273399591445923e-01 7.663391828536987305e-01 4.443393051624298096e-01 5.280815362930297852e-01 5.882035493850708008e-01 6.190376877784729004e-01 4.246033132076263428e-01 3.620319068431854248e-01
5.941374897956848145e-01 4.378300011157989502e-01 4.824725091457366943e-01 4.305000007152557373e-01 5.067775249481201172e-01 8.497233390808105469e-01 2.381200045347213745e-01 5.238401293754577637e-01 5.200092792510986328e-01 4.917593598365783691e-01 4.117427170276641846e-01 4.790480732917785645e-01 4.383874535560607910e-01 3.502739369869232178e-01
7.102624773979187012e-01 7.656081914901733398e-01 8.222129940986633301e-01 3.487392365932464600e-01 7.858422398567199707e-01 2.068208009004592896e-01 2.661363184452056885e-01 6.531068086624145508e-01 4.779416322708129883e-01 3.093150556087493896e-01 7.928014993667602539e-01 7.954210042953491211e-01 3.914117515087127686e-01 5.478350520133972168e-01
2.750324904918670654e-01 6.761941909790039062e-01 2.802540063858032227e-01 2.128462493419647217e-01 9.042490124702453613e-01 9.940454363822937012e-02 7.559633255004882812e-02 2.509466707706451416e-01 5.234166383743286133e-01 4.699255824089050293e-01 2.189959883689880371e-01 9.382552504539489746e-01 4.634530544281005859e-01 3.859427273273468018e-01
4.805000126361846924e-02 3.558411598205566406e-01 5.448667407035827637e-01 8.626024723052978516e-01 3.443387448787689209e-01 9.510781764984130859e-01 5.630793571472167969e-01 2.420882694423198700e-02 4.069041013717651367e-01 7.033541798591613770e-01 6.205252408981323242e-01 2.331757545471191406e-01 5.726915597915649414e-01 8.313533663749694824e-01
5.715150237083435059e-01 6.697493195533752441e-01 9.525500237941741943e-03 4.666982591152191162e-01 3.726490139961242676e-01 7.602512240409851074e-01 1.021566707640886307e-02 5.212842822074890137e-01 4.862275719642639160e-01 1.519182175397872925e-01 4.678653180599212646e-01 4.483293592929840088e-01 6.114774942398071289e-01 5.507620573043823242e-01
9.327325224876403809e-01 2.348181605339050293e-01 4.073869884014129639e-01 7.260274887084960938e-01 4.184297621250152588e-01 7.416318356990814209e-02 1.088709980249404907e-01 9.305480718612670898e-01 3.437657654285430908e-01 6.012021303176879883e-01 6.758188605308532715e-01 3.956369459629058838e-01 4.482759833335876465e-01 3.946600854396820068e-01
9.115700125694274902e-01 2.014214992523193359e-01 1.227905005216598511e-01 1.231812536716461182e-01 8.804874867200851440e-02 3.731257617473602295e-01 8.967713117599487305e-01 6.868379712104797363e-01 4.152551293373107910e-01 3.615162074565887451e-01 5.038309097290039062e-01 2.998452819883823395e-02 5.186271667480468750e-01 6.491506695747375488e-01
1.161575019359588623e-01 3.897109925746917725e-01 4.806842505931854248e-01 2.062187492847442627e-01 1.384695023298263550e-01 9.923548698425292969e-01 8.566848039627075195e-01 5.400709807872772217e-02 4.753262996673583984e-01 6.443364024162292480e-01 3.489794731140136719e-01 6.076952815055847168e-02 5.815120339393615723e-01 6.763465404510498047e-01
8.821874856948852539e-01 6.650519967079162598e-01 7.491685152053833008e-01 8.004524707794189453e-01 1.957895010709762573e-01 4.290509223937988281e-01 5.455083250999450684e-01 9.403360486030578613e-01 2.551313042640686035e-01 5.545812845230102539e-01 8.066273331642150879e-01 2.488583177328109741e-01 4.477794170379638672e-01 5.706500411033630371e-01
4.209500178694725037e-02 4.654684960842132568e-01 7.070075273513793945e-01 9.192500114440917969e-01 9.641632437705993652e-01 4.343936443328857422e-01 7.349821925163269043e-01 1.831677183508872986e-02 6.062260270118713379e-01 9.061543345451354980e-01 9.290819764137268066e-01 9.322779178619384766e-01 3.073471188545227051e-01 4.859882295131683350e-01
1.382649987936019897e-01 4.242379963397979736e-01 3.870057463645935059e-01 2.739222645759582520e-01 1.535300016403198242e-01 8.454275727272033691e-01 6.823347806930541992e-01 1.161611974239349365e-01 5.565884709358215332e-01 5.320690870285034180e-01 3.450997173786163330e-01 1.297752410173416138e-01 5.549343824386596680e-01 5.027664303779602051e-01
9.415324926376342773e-01 3.012421727180480957e-01 6.244004964828491211e-01 8.231049776077270508e-01 3.422524929046630859e-01 3.700414001941680908e-01 1.762366667389869690e-02 9.478787779808044434e-01 3.261281251907348633e-01 6.146909594535827637e-01 8.093568086624145508e-01 3.408783376216888428e-01 4.059471189975738525e-01 4.359467625617980957e-01
2.401574999094009399e-01 2.079986631870269775e-01 3.540312647819519043e-01 3.693287372589111328e-01 6.819369792938232422e-01 5.172184705734252930e-01 9.544367790222167969e-01 2.105707973241806030e-01 2.815782725811004639e-01 4.925219416618347168e-01 6.740305423736572266e-01 5.903755426406860352e-01 6.707688570022583008e-01 8.201245665550231934e-01
2.911700010299682617e-01 7.815181612968444824e-01 5.978302359580993652e-01 4.965867400169372559e-01 3.550987541675567627e-01 4.416069686412811279e-01 9.058699756860733032e-02 4.267203211784362793e-01 4.260608553886413574e-01 3.779352307319641113e-01 4.781373441219329834e-01 5.101645588874816895e-01 5.193358063697814941e-01 5.271375775337219238e-01
8.356775045394897461e-01 2.455728352069854736e-01 1.356099992990493774e-01 1.073537468910217285e-01 3.786669969558715820e-01 1.321859657764434814e-01 4.513680040836334229e-01 7.931591272354125977e-01 4.793403744697570801e-01 4.745981693267822266e-01 3.342798948287963867e-01 3.167274296283721924e-01 5.367745757102966309e-01 3.689966797828674316e-01
6.452999711036682129e-01 7.228813171386718750e-01 4.166477620601654053e-01 1.271352469921112061e-01 3.792915046215057373e-01 9.090248346328735352e-01 8.633690476417541504e-01 5.152155756950378418e-01 5.564132332801818848e-01 3.380930423736572266e-01 3.398279547691345215e-01 3.420824110507965088e-01 5.281050801277160645e-01 3.975629806518554688e-01
9.453775286674499512e-01 4.483483433723449707e-01 5.338767766952514648e-01 4.194562435150146484e-01 9.589000046253204346e-02 4.050602912902832031e-01 6.827933341264724731e-02 9.525343179702758789e-01 2.659423649311065674e-01 5.862056612968444824e-01 5.768306255340576172e-01 1.009744852781295776e-01 4.993210732936859131e-01 5.721653103828430176e-01
1.632775068283081055e-01 2.463389933109283447e-01 1.812174916267395020e-02 8.552125096321105957e-01 3.208000063896179199e-01 9.264221191406250000e-01 6.712666898965835571e-02 1.138601303100585938e-01 4.702936410903930664e-01 2.577215731143951416e-01 5.696235299110412598e-01 2.018959671258926392e-01 6.952723860740661621e-01 7.787466049194335938e-01
2.902024984359741211e-01 5.149865150451660156e-01 1.232604980468750000e-01 6.134899854660034180e-01 2.377225011587142944e-01 6.893795132637023926e-01 5.033299922943115234e-01 3.122764229774475098e-01 4.973098039627075195e-01 1.730740964412689209e-01 6.004946231842041016e-01 2.454260736703872681e-01 5.989226102828979492e-01 6.100118160247802734e-01
8.955125212669372559e-01 8.114154934883117676e-01 8.734227418899536133e-01 8.258324861526489258e-01 2.362000057473778725e-03 1.001930311322212219e-01 3.752813339233398438e-01 9.692120552062988281e-01 1.587184518575668335e-01 5.891072750091552734e-01 9.079623818397521973e-01 5.470660701394081116e-02 3.881907463073730469e-01 7.428317070007324219e-01
9.397100210189819336e-01 5.756773352622985840e-01 6.998737454414367676e-01 5.975875258445739746e-01 7.549244761466979980e-01 6.973967701196670532e-02 4.508709907531738281e-01 9.438144564628601074e-01 5.139149427413940430e-01 5.152793526649475098e-01 6.927331686019897461e-01 7.632303833961486816e-01 4.584321677684783936e-01 3.235688805580139160e-01
7.061024904251098633e-01 6.890123486518859863e-01 6.049064993858337402e-01 7.834874987602233887e-01 1.027437523007392883e-01 8.975669741630554199e-01 5.876389741897583008e-01 7.191490530967712402e-01 5.145287513732910156e-01 3.583421409130096436e-01 6.904372572898864746e-01 9.384278208017349243e-02 3.556796014308929443e-01 4.600398540496826172e-01
8.975899815559387207e-01 4.697036743164062500e-01 7.336025238037109375e-01 3.491324931383132935e-02 2.700837552547454834e-01 5.310596227645874023e-01 7.722600698471069336e-01 8.169057369232177734e-01 4.640132486820220947e-01 4.871231317520141602e-01 5.070151686668395996e-01 1.694073230028152466e-01 4.421144127845764160e-01 4.161401391029357910e-01
6.562575101852416992e-01 6.629771590232849121e-01 4.775017499923706055e-01 1.022827476263046265e-01 4.135647416114807129e-01 5.645847320556640625e-01 6.124833226203918457e-01 5.595977306365966797e-01 5.564539432525634766e-01 3.933981359004974365e-01 3.746351599693298340e-01 4.053959250450134277e-01 4.822146594524383545e-01 3.702830970287322998e-01
1.994124948978424072e-01 7.116785049438476562e-01 7.483339905738830566e-01 8.917700052261352539e-01 7.920985221862792969e-01 6.035103201866149902e-01 5.709459781646728516e-01 1.974241286516189575e-01 4.519830346107482910e-01 7.248289585113525391e-01 8.339849710464477539e-01 9.150109291076660156e-01 4.260133206844329834e-01 5.168360471725463867e-01
3.992750123143196106e-02 6.035388112068176270e-01 6.669340133666992188e-01 4.333457648754119873e-01 3.646380007266998291e-01 2.555052638053894043e-01 2.414180040359497070e-01 5.691576749086380005e-02 6.294929385185241699e-01 7.172436714172363281e-01 4.384667873382568359e-01 3.709443509578704834e-01 4.379036724567413330e-01 4.534963667392730713e-01
3.304075002670288086e-01 5.030621886253356934e-01 6.278139948844909668e-01 4.050882458686828613e-01 8.250897526741027832e-01 1.759143471717834473e-01 3.038363456726074219e-01 2.963647842407226562e-01 5.045660138130187988e-01 6.973729133605957031e-01 6.458014249801635742e-01 8.211138844490051270e-01 3.689659833908081055e-01 3.665088713169097900e-01
7.564575076103210449e-01 7.355639934539794922e-01 3.865852355957031250e-01 1.040752530097961426e-01 2.186167538166046143e-01 4.015469551086425781e-01 9.027533233165740967e-02 7.275739908218383789e-01 6.762443780899047852e-01 2.791730463504791260e-01 2.743454873561859131e-01 2.638161480426788330e-01 5.588592886924743652e-01 3.125648796558380127e-01
8.220875263214111328e-01 1.907531619071960449e-01 3.342727422714233398e-01 7.390099763870239258e-01 1.148107498884201050e-01 4.245533347129821777e-01 5.537246465682983398e-01 8.326629400253295898e-01 2.306984215974807739e-01 5.305553078651428223e-01 7.692563533782958984e-01 9.355993568897247314e-02 4.228658378124237061e-01 6.856995224952697754e-01
7.637525200843811035e-01 2.193756699562072754e-01 6.479589939117431641e-01 3.328700065612792969e-01 3.991712629795074463e-01 3.822734355926513672e-01 7.760412693023681641e-01 7.394146919250488281e-01 3.970621526241302490e-01 5.174938440322875977e-01 6.057536602020263672e-01 2.936116456985473633e-01 4.046556949615478516e-01 4.402742087841033936e-01
7.875074744224548340e-01 3.935721814632415771e-01 2.451302558183670044e-01 4.601802527904510498e-01 6.071097254753112793e-01 1.480668634176254272e-01 7.911457419395446777e-01 8.433521389961242676e-01 5.525963902473449707e-01 3.659913241863250732e-01 4.519568383693695068e-01 5.980567932128906250e-01 5.224061012268066406e-01 3.566315472126007080e-01
3.059949874877929688e-01 3.723730146884918213e-01 1.075612530112266541e-01 3.480210006237030029e-01 2.963880002498626709e-01 3.530102968215942383e-01 8.078389167785644531e-01 3.619023859500885010e-01 4.813163280487060547e-01 2.809091508388519287e-01 4.825908243656158447e-01 2.680120468139648438e-01 5.329495072364807129e-01 5.168073177337646484e-01
9.433299899101257324e-01 4.299593269824981689e-01 8.976902365684509277e-01 5.491250157356262207e-01 7.252297401428222656e-01 9.324047565460205078e-01 1.280533373355865479e-01 8.792271018028259277e-01 4.426903128623962402e-01 5.791296362876892090e-01 7.058906555175781250e-01 6.689204573631286621e-01 4.152054488658905029e-01 3.370198607444763184e-01
1.235074996948242188e-01 5.727509856224060059e-01 7.347679734230041504e-01 4.818204939365386963e-01 4.480882585048675537e-01 9.731080532073974609e-01 4.286733269691467285e-02 1.559841483831405640e-01 4.455512762069702148e-01 4.539565742015838623e-01 3.010833859443664551e-01 5.198135375976562500e-01 5.956842303276062012e-01 5.940312147140502930e-01
2.890950143337249756e-01 4.578706622123718262e-01 9.897245168685913086e-01 6.434550285339355469e-01 1.224555000662803650e-01 9.349458813667297363e-01 6.975103020668029785e-01 3.199554681777954102e-01 2.863388359546661377e-01 6.125500202178955078e-01 6.468106508255004883e-01 1.514582335948944092e-01 4.236159920692443848e-01 5.484423041343688965e-01
2.023375034332275391e-01 6.473358273506164551e-01 2.229654937982559204e-01 2.500700019299983978e-02 6.756947636604309082e-01 3.556163609027862549e-01 2.250733412802219391e-02 2.092713415622711182e-01 4.941338598728179932e-01 2.764712274074554443e-01 1.828456819057464600e-01 8.464467525482177734e-01 5.401004552841186523e-01 5.036180615425109863e-01
4.219950139522552490e-01 7.646686434745788574e-01 6.347999908030033112e-03 7.531049847602844238e-01 1.242562532424926758e-01 3.372195959091186523e-01 5.146833062171936035e-01 4.635049998760223389e-01 7.640483975410461426e-01 4.843029007315635681e-02 8.172394037246704102e-01 1.867399513721466064e-01 4.708418548107147217e-01 5.429909229278564453e-01
4.788174927234649658e-01 3.194924890995025635e-01 5.965227484703063965e-01 4.385774955153465271e-02 6.973350048065185547e-01 2.187957614660263062e-01 7.150638103485107422e-01 3.796923756599426270e-01 4.255341291427612305e-01 6.096426248550415039e-01 5.110239982604980469e-01 5.545671582221984863e-01 4.188335239887237549e-01 3.661497533321380615e-01
4.672800004482269287e-01 7.839406728744506836e-01 6.600199639797210693e-02 3.361677527427673340e-01 4.685899913311004639e-01 6.839167475700378418e-01 8.779417276382446289e-01 4.382609724998474121e-01 5.444161295890808105e-01 8.766146004199981689e-02 5.204325318336486816e-01 4.190670251846313477e-01 6.183719635009765625e-01 5.694837570190429688e-01
9.831500053405761719e-02 2.430223375558853149e-01 1.069182530045509338e-01 1.690900027751922607e-01 7.017850130796432495e-02 5.409317016601562500e-01 1.913406699895858765e-01 8.119559288024902344e-02 4.645291268825531006e-01 3.458723425865173340e-01 4.625153243541717529e-01 4.668592289090156555e-02 6.438284516334533691e-01 7.075722813606262207e-01
1.939525008201599121e-01 5.749671459197998047e-01 1.125610023736953735e-01 4.384860098361968994e-01 8.701074719429016113e-01 1.265665702521800995e-02 8.994114398956298828e-01 2.370122820138931274e-01 5.701415538787841797e-01 2.369219213724136353e-01 6.214221715927124023e-01 7.565425634384155273e-01 3.874249160289764404e-01 5.781028866767883301e-01
8.513799905776977539e-01 7.617304921150207520e-01 8.838009834289550781e-01 8.422024846076965332e-01 4.643672406673431396e-01 4.060956537723541260e-01 9.611281156539916992e-01 9.622082114219665527e-01 4.045709073543548584e-01 4.529292285442352295e-01 8.427375555038452148e-01 4.863635599613189697e-01 4.733063876628875732e-01 4.697421193122863770e-01
9.089725017547607422e-01 8.054739832878112793e-01 2.872747480869293213e-01 4.639824852347373962e-02 4.311567544937133789e-01 6.286209821701049805e-01 7.117702960968017578e-01 8.041660189628601074e-01 5.086671710014343262e-01 2.761579155921936035e-01 2.639187872409820557e-01 4.936439394950866699e-01 6.271448731422424316e-01 3.868702650070190430e-01
5.104849934577941895e-01 7.949961423873901367e-01 7.290897369384765625e-01 5.744174867868423462e-02 9.660699963569641113e-01 1.204870715737342834e-01 6.082953214645385742e-01 4.240537881851196289e-01 5.068697333335876465e-01 5.826104283332824707e-01 3.650101721286773682e-01 8.618961572647094727e-01 4.203233718872070312e-01 3.406662046909332275e-01
4.024674892425537109e-01 5.308409929275512695e-01 8.209207653999328613e-01 4.449402391910552979e-01 1.951487511396408081e-01 7.631204128265380859e-01 3.659426569938659668e-01 4.191399812698364258e-01 4.374388754367828369e-01 5.213553905487060547e-01 4.794389903545379639e-01 2.924897372722625732e-01 4.365656077861785889e-01 4.210228025913238525e-01
4.741500020027160645e-01 6.258891820907592773e-01 5.684112310409545898e-01 2.160882502794265747e-01 3.364087641239166260e-01 1.849265694618225098e-01 1.371466666460037231e-01 4.762953519821166992e-01 5.496035814285278320e-01 4.887903332710266113e-01 3.790877759456634521e-01 3.830954134464263916e-01 4.416660666465759277e-01 3.343152701854705811e-01
2.709099948406219482e-01 2.514235079288482666e-01 7.814787626266479492e-01 9.071499705314636230e-01 3.978590071201324463e-01 8.098334074020385742e-01 6.498166918754577637e-02 3.278982937335968018e-01 2.770146727561950684e-01 6.721088290214538574e-01 6.760268807411193848e-01 4.994631707668304443e-01 4.620392918586730957e-01 5.487127304077148438e-01
1.151824966073036194e-01 3.241913318634033203e-01 9.903672337532043457e-01 8.394625186920166016e-01 2.707232534885406494e-01 2.480010092258453369e-01 2.993963360786437988e-01 1.474296152591705322e-01 3.075648546218872070e-01 7.493423819541931152e-01 6.791365742683410645e-01 2.590104043483734131e-01 4.312912523746490479e-01 4.317237436771392822e-01
4.860574901103973389e-01 3.906390070915222168e-01 8.637714982032775879e-01 3.852500021457672119e-01 9.463507533073425293e-01 7.919812202453613281e-02 7.471725940704345703e-01 4.685713648796081543e-01 2.989512383937835693e-01 6.974825263023376465e-01 5.823838114738464355e-01 8.688266277313232422e-01 5.515635609626770020e-01 4.326707422733306885e-01
7.210574746131896973e-01 7.299295067787170410e-01 7.226535081863403320e-01 2.413289994001388550e-01 1.870062500238418579e-01 9.874011278152465820e-01 1.314249932765960693e-01 6.339706778526306152e-01 5.151126384735107422e-01 4.377337098121643066e-01 4.392987787723541260e-01 2.190604507923126221e-01 4.515143930912017822e-01 3.958114683628082275e-01
4.849674999713897705e-01 6.564419865608215332e-01 2.498087435960769653e-01 3.561352491378784180e-01 8.194324970245361328e-01 2.945234477519989014e-01 5.509723424911499023e-01 5.676692724227905273e-01 3.564030826091766357e-01 3.832291960716247559e-01 4.527263343334197998e-01 8.867424726486206055e-01 5.895501971244812012e-01 5.618998408317565918e-01
2.918199896812438965e-01 3.769334852695465088e-01 7.076249923557043076e-03 9.646374732255935669e-02 5.910787582397460938e-01 6.177909374237060547e-01 4.644666798412799835e-03 2.682088315486907959e-01 4.792664349079132080e-01 2.248214036226272583e-01 2.411683797836303711e-01 6.195695400238037109e-01 6.060956716537475586e-01 5.421864390373229980e-01
2.187999933958053589e-01 6.647023558616638184e-01 4.221962392330169678e-01 3.336167633533477783e-01 8.944849967956542969e-01 6.030992791056632996e-02 2.979376614093780518e-01 2.049197703599929810e-01 5.859603881835937500e-01 5.050854682922363281e-01 3.824680149555206299e-01 9.070272445678710938e-01 4.085103571414947510e-01 4.146649539470672607e-01
8.224225044250488281e-01 7.402433156967163086e-01 2.961525022983551025e-01 2.210082560777664185e-01 7.145950198173522949e-01 2.615224123001098633e-01 4.752733185887336731e-02 7.749087214469909668e-01 5.301716923713684082e-01 2.940532565116882324e-01 3.701285421848297119e-01 7.104253768920898438e-01 5.374036431312561035e-01 4.023191332817077637e-01
4.194749891757965088e-01 2.699975073337554932e-01 4.093010127544403076e-01 8.872525095939636230e-01 7.883397340774536133e-01 2.087681889533996582e-01 9.859033226966857910e-01 3.558810055255889893e-01 1.922814995050430298e-01 6.247619986534118652e-01 7.566224932670593262e-01 7.055598497390747070e-01 5.995391011238098145e-01 7.695624232292175293e-01
1.074099987745285034e-01 5.147746801376342773e-01 6.498927474021911621e-01 2.304484993219375610e-01 6.797647476196289062e-01 2.398218214511871338e-01 7.696491479873657227e-01 1.695935875177383423e-01 4.074666202068328857e-01 5.731445550918579102e-01 3.893893957138061523e-01 6.955361962318420410e-01 5.718649625778198242e-01 5.772417187690734863e-01
8.336049914360046387e-01 5.768643617630004883e-01 2.768962383270263672e-01 7.534524798393249512e-01 1.457317471504211426e-01 7.480971813201904297e-01 8.366149663925170898e-01 8.201138377189636230e-01 5.027676820755004883e-01 3.551928400993347168e-01 6.678423881530761719e-01 8.939222991466522217e-02 3.816125094890594482e-01 4.632094502449035645e-01
3.826574981212615967e-01 7.694680094718933105e-01 5.925670266151428223e-01 9.476324915885925293e-02 4.422264993190765381e-01 9.340739250183105469e-01 3.355516791343688965e-01 4.058510363101959229e-01 4.816866815090179443e-01 2.974356412887573242e-01 3.539377450942993164e-01 4.830563664436340332e-01 5.477787852287292480e-01 4.752671718597412109e-01
5.113499760627746582e-01 2.378431707620620728e-01 3.455624878406524658e-01 2.148524969816207886e-01 8.313295245170593262e-01 2.577446401119232178e-01 6.638646721839904785e-01 5.373953580856323242e-01 3.526382446289062500e-01 4.777097404003143311e-01 4.890512526035308838e-01 7.992393970489501953e-01 5.396412611007690430e-01 5.231404304504394531e-01
6.525874733924865723e-01 2.392528355121612549e-01 6.786890029907226562e-01 4.339849948883056641e-01 1.908887475728988647e-01 9.360762834548950195e-01 4.960900172591209412e-02 6.327849030494689941e-01 3.028679490089416504e-01 5.500680208206176758e-01 5.169910788536071777e-01 2.028456926345825195e-01 4.693939983844757080e-01 5.479305982589721680e-01
5.467050075531005859e-01 1.870023310184478760e-01 8.286457657814025879e-01 6.804149746894836426e-01 4.007642567157745361e-01 2.374509125947952271e-01 6.881269216537475586e-01 6.655796766281127930e-01 2.295724302530288696e-01 6.147822737693786621e-01 6.142122149467468262e-01 4.154489338397979736e-01 5.261520743370056152e-01 5.694239735603332520e-01
2.619799971580505371e-01 4.668925106525421143e-01 4.415662586688995361e-01 2.405797541141510010e-01 6.760755181312561035e-01 5.719378590583801270e-01 6.690992116928100586e-01 3.181222677230834961e-01 3.859380185604095459e-01 4.891532957553863525e-01 3.728807270526885986e-01 7.295455336570739746e-01 5.754496455192565918e-01 5.571442842483520508e-01
2.606249973177909851e-02 7.468205094337463379e-01 5.515075102448463440e-02 4.749662578105926514e-01 5.844900012016296387e-02 5.981199741363525391e-01 1.169060021638870239e-01 1.685614930465817451e-03 8.595931529998779297e-01 1.444188207387924194e-01 7.318746793316677213e-05 3.452128730714321136e-03 9.515312314033508301e-01 2.123970538377761841e-01
4.256824851036071777e-01 2.939333319664001465e-01 1.245462521910667419e-01 2.713499963283538818e-01 7.041749954223632812e-01 4.688818156719207764e-01 8.423999883234500885e-03 4.812373518943786621e-01 3.644255995750427246e-01 3.521384000778198242e-01 4.090344607830047607e-01 8.250278830528259277e-01 6.349905729293823242e-01 6.019935607910156250e-01
3.387424945831298828e-01 3.734189867973327637e-01 4.050225019454956055e-01 1.567617505788803101e-01 5.116922259330749512e-01 1.645481884479522705e-01 6.113106608390808105e-01 3.907899260520935059e-01 4.739542901515960693e-01 4.931511878967285156e-01 3.951876163482666016e-01 4.765709340572357178e-01 4.652200937271118164e-01 4.063666760921478271e-01
2.676999941468238831e-02 5.219780206680297852e-01 4.532757401466369629e-01 1.550734937191009521e-01 8.779900074005126953e-01 1.605148464441299438e-01 2.252106666564941406e-01 4.307273402810096741e-02 6.319026350975036621e-01 5.773190259933471680e-01 1.309998333454132080e-01 9.201101064682006836e-01 4.570628404617309570e-01 3.462365567684173584e-01
2.677325010299682617e-01 4.276773333549499512e-01 2.416699938476085663e-02 6.084374785423278809e-01 8.145624995231628418e-01 8.713982105255126953e-01 3.321253359317779541e-01 2.477836608886718750e-01 4.656192660331726074e-01 2.982714474201202393e-01 2.214552015066146851e-01 8.705903291702270508e-01 5.366912484169006348e-01 5.181242227554321289e-01
7.743549942970275879e-01 7.006013393402099609e-01 8.524999767541885376e-02 7.380449771881103516e-01 2.905760109424591064e-01 1.706953495740890503e-01 9.113837480545043945e-01 9.160709381103515625e-01 6.012724637985229492e-01 2.087923437356948853e-01 6.493106484413146973e-01 3.647049367427825928e-01 5.243332386016845703e-01 4.095483124256134033e-01
1.969375014305114746e-01 6.108993291854858398e-01 5.513120293617248535e-01 1.708187460899353027e-01 9.670730233192443848e-01 9.814832210540771484e-01 3.913173377513885498e-01 1.131709963083267212e-01 4.868022203445434570e-01 3.471875488758087158e-01 1.046630218625068665e-01 9.476339221000671387e-01 5.262162089347839355e-01 4.545257389545440674e-01
3.881750106811523438e-01 6.119034886360168457e-01 2.067935019731521606e-01 5.480024814605712891e-01 3.956972360610961914e-01 4.623664617538452148e-01 1.325823366641998291e-01 4.864217638969421387e-01 5.543923974037170410e-01 1.400521099567413330e-01 4.965245723724365234e-01 4.404304921627044678e-01 5.262172222137451172e-01 4.942544996738433838e-01
5.766400098800659180e-01 5.146343111991882324e-01 7.981177568435668945e-01 1.757925003767013550e-02 9.149297475814819336e-01 8.236863613128662109e-01 2.782280147075653076e-01 4.711211621761322021e-01 4.990890026092529297e-01 5.717062354087829590e-01 3.802700042724609375e-01 8.261602520942687988e-01 4.232706427574157715e-01 3.451980650424957275e-01
4.193724989891052246e-01 5.704103112220764160e-01 9.375479817390441895e-01 5.183500051498413086e-01 1.720524951815605164e-02 8.529582619667053223e-01 9.156036376953125000e-01 3.729985058307647705e-01 3.438731431961059570e-01 3.400609791278839111e-01 7.591093778610229492e-01 2.099541947245597839e-02 4.388510584831237793e-01 7.577303647994995117e-01
9.268174767494201660e-01 6.833134889602661133e-01 1.071157529950141907e-01 8.577075004577636719e-01 3.816100060939788818e-01 7.094860672950744629e-01 6.700205206871032715e-01 8.234734535217285156e-01 4.431398808956146240e-01 3.734138309955596924e-01 6.012439727783203125e-01 4.796819686889648438e-01 5.135747790336608887e-01 4.535313248634338379e-01
7.318674921989440918e-01 7.866895198822021484e-01 1.603672504425048828e-01 3.993819952011108398e-01 2.714375033974647522e-02 1.845335401594638824e-02 6.395210027694702148e-01 7.378873825073242188e-01 5.298541784286499023e-01 2.808651328086853027e-01 4.271545410156250000e-01 4.502269625663757324e-02 5.442673563957214355e-01 5.264905691146850586e-01
2.853749990463256836e-01 2.925376594066619873e-01 9.147037267684936523e-01 1.149602532386779785e-01 3.136115074157714844e-01 8.371827006340026855e-01 6.539336442947387695e-01 2.728546857833862305e-01 2.878409922122955322e-01 6.693381667137145996e-01 4.198245406150817871e-01 3.081508576869964600e-01 5.077010393142700195e-01 5.061243176460266113e-01
8.009849786758422852e-01 2.495688349008560181e-01 3.694149851799011230e-01 4.152512550354003906e-01 6.637880206108093262e-01 3.187219202518463135e-01 1.298296600580215454e-01 8.613421916961669922e-01 3.714588284492492676e-01 4.954162538051605225e-01 4.381664097309112549e-01 7.292773127555847168e-01 5.992817282676696777e-01 4.150898754596710205e-01
8.993300199508666992e-01 8.298105001449584961e-01 6.991509795188903809e-01 2.055032551288604736e-01 6.318110227584838867e-01 5.650351643562316895e-01 3.188586533069610596e-01 8.627089262008666992e-01 4.733745455741882324e-01 2.919570505619049072e-01 4.253295063972473145e-01 7.207750678062438965e-01 5.924668908119201660e-01 4.292510747909545898e-01
8.840849995613098145e-01 4.249545037746429443e-01 8.004292249679565430e-01 6.821925044059753418e-01 2.214410006999969482e-01 7.911826372146606445e-01 2.343586683273315430e-01 9.452093243598937988e-01 2.589841187000274658e-01 5.927276611328125000e-01 7.495435476303100586e-01 2.595973014831542969e-01 4.587389230728149414e-01 5.231498479843139648e-01
9.210274815559387207e-01 8.241934776306152344e-01 1.441952437162399292e-01 9.221624732017517090e-01 8.096445202827453613e-01 1.637774705886840820e-01 5.293623208999633789e-01 9.399508237838745117e-01 6.471033692359924316e-01 6.857759505510330200e-02 7.994594573974609375e-01 8.505129218101501465e-01 5.564811825752258301e-01 5.487711429595947266e-01
1.032650023698806763e-01 6.061866879463195801e-01 9.334867596626281738e-01 6.686224937438964844e-01 4.898157417774200439e-01 9.230985641479492188e-01 9.096899628639221191e-02 1.033577248454093933e-01 3.580482900142669678e-01 6.964653730392456055e-01 4.606033265590667725e-01 6.800441145896911621e-01 6.011146903038024902e-01 6.402500867843627930e-01
1.572250016033649445e-02 5.501933097839355469e-01 6.771889925003051758e-01 9.281749725341796875e-01 1.037472486495971680e-01 1.414424274116754532e-03 4.139993190765380859e-01 1.727078109979629517e-02 5.876250267028808594e-01 8.977210521697998047e-01 5.362581610679626465e-01 1.243230327963829041e-01 4.181345999240875244e-01 3.275683820247650146e-01
9.235525131225585938e-01 3.949665129184722900e-01 7.931002378463745117e-01 1.790682524442672729e-01 4.976750016212463379e-01 5.458761453628540039e-01 4.366553425788879395e-01 9.011031389236450195e-01 4.385020732879638672e-01 5.339940786361694336e-01 5.317640900611877441e-01 4.745894670486450195e-01 4.814765453338623047e-01 3.392927050590515137e-01
1.979175060987472534e-01 6.752796769142150879e-01 4.547674953937530518e-02 7.874624729156494141e-01 5.690722465515136719e-01 2.273631244897842407e-01 9.522694349288940430e-01 2.276729941368103027e-01 6.920905709266662598e-01 3.063645400106906891e-02 9.061883091926574707e-01 4.143087863922119141e-01 3.841263353824615479e-01 6.566084027290344238e-01
8.363825082778930664e-01 5.539223551750183105e-01 1.699452549219131470e-01 1.525920033454895020e-01 5.172460079193115234e-01 2.129415124654769897e-01 9.047660231590270996e-01 7.427490949630737305e-01 4.803644418716430664e-01 2.953693568706512451e-01 3.786589801311492920e-01 5.115786194801330566e-01 5.685147643089294434e-01 4.241525828838348389e-01
6.177449822425842285e-01 4.513861536979675293e-01 7.209537625312805176e-01 8.974174857139587402e-01 6.533207297325134277e-01 2.059001028537750244e-01 6.380500197410583496e-01 7.339445948600769043e-01 4.315197765827178955e-01 4.766544997692108154e-01 8.104841113090515137e-01 6.626079678535461426e-01 3.670972287654876709e-01 4.560586512088775635e-01
1.009124964475631714e-01 6.879591941833496094e-01 1.997750066220760345e-02 6.834300160408020020e-01 7.284657359123229980e-01 6.412071585655212402e-01 6.916796565055847168e-01 8.362764120101928711e-02 6.797015070915222168e-01 1.491737961769104004e-01 9.075376391410827637e-02 9.090635776519775391e-01 4.738578498363494873e-01 4.453619420528411865e-01
6.674299836158752441e-01 5.980223417282104492e-01 6.383082270622253418e-01 8.125175237655639648e-01 5.764729976654052734e-01 7.256382107734680176e-01 7.991791963577270508e-01 5.544903874397277832e-01 5.414046645164489746e-01 4.854480326175689697e-01 6.559710502624511719e-01 4.669936001300811768e-01 3.354689180850982666e-01 3.619017302989959717e-01
9.152950048446655273e-01 3.824835121631622314e-01 3.167175129055976868e-02 6.498900055885314941e-01 3.500327467918395996e-01 4.005763530731201172e-01 9.391322135925292969e-01 8.410071134567260742e-01 5.308821797370910645e-01 3.080915808677673340e-01 5.618379712104797363e-01 2.910670042037963867e-01 4.959493279457092285e-01 4.192270040512084961e-01
6.921799778938293457e-01 8.222406506538391113e-01 7.821360230445861816e-01 9.717974811792373657e-02 8.441224694252014160e-02 9.396265745162963867e-01 5.463773608207702637e-01 6.216062903404235840e-01 5.415354967117309570e-01 4.409385025501251221e-01 3.111514747142791748e-01 7.283873111009597778e-02 5.184565186500549316e-01 4.441235959529876709e-01
5.638749897480010986e-02 5.180361866950988770e-01 2.985157370567321777e-01 5.752224922180175781e-01 3.860124945640563965e-02 9.548144340515136719e-01 2.561509907245635986e-01 3.755066171288490295e-02 5.853632092475891113e-01 4.826601445674896240e-01 2.755326032638549805e-01 6.915516406297683716e-02 6.508708000183105469e-01 5.861128568649291992e-01
6.760150194168090820e-01 3.978196680545806885e-01 2.133630067110061646e-01 3.120270073413848877e-01 8.028190135955810547e-01 6.703135371208190918e-01 2.213333267718553543e-03 5.854733586311340332e-01 3.577596247196197510e-01 3.983165323734283447e-01 4.011882245540618896e-01 8.408690690994262695e-01 5.979800820350646973e-01 5.380477309226989746e-01
5.205425024032592773e-01 6.263401508331298828e-01 7.171582579612731934e-01 9.639474749565124512e-01 3.943062424659729004e-01 8.892873525619506836e-01 2.568343281745910645e-01 5.269816517829895020e-01 4.408414661884307861e-01 4.943817257881164551e-01 5.937684178352355957e-01 4.569749236106872559e-01 3.930760025978088379e-01 4.238398671150207520e-01
6.147599816322326660e-01 7.311356663703918457e-01 3.016292452812194824e-01 3.979269862174987793e-01 7.961990237236022949e-01 3.227452635765075684e-01 5.191223621368408203e-01 7.098486423492431641e-01 5.354101657867431641e-01 8.211386203765869141e-02 7.657865285873413086e-01 8.175668716430664062e-01 5.410836338996887207e-01 6.354588270187377930e-01
7.023950219154357910e-01 4.067324995994567871e-01 5.377715229988098145e-01 7.084850072860717773e-01 1.343989968299865723e-01 2.145118117332458496e-01 8.027804493904113770e-01 8.429753780364990234e-01 3.618915975093841553e-01 4.581548273563385010e-01 7.282162308692932129e-01 8.057319372892379761e-02 3.986777961254119873e-01 5.874373316764831543e-01
5.354974865913391113e-01 5.842888355255126953e-01 5.847677588462829590e-01 1.391949970275163651e-02 3.179252445697784424e-01 9.791405797004699707e-01 9.627295136451721191e-01 3.943882584571838379e-01 5.527700781822204590e-01 3.964130282402038574e-01 2.443920075893402100e-01 1.780465692281723022e-01 5.727751255035400391e-01 4.124131798744201660e-01
3.855200111865997314e-01 3.826225101947784424e-01 3.831412494182586670e-01 5.942674875259399414e-01 1.158215031027793884e-01 5.359768867492675781e-01 4.466053247451782227e-01 3.914603590965270996e-01 3.948440551757812500e-01 4.795432090759277344e-01 5.796944499015808105e-01 1.317106932401657104e-01 4.352952241897583008e-01 5.500750541687011719e-01
6.591849923133850098e-01 7.273576855659484863e-01 9.872300028800964355e-01 9.687950015068054199e-01 6.206924840807914734e-02 3.202922344207763672e-01 4.347600042819976807e-02 9.003146290779113770e-01 3.791203200817108154e-01 3.849147558212280273e-01 8.816816210746765137e-01 1.427231281995773315e-01 3.498352766036987305e-01 5.922347903251647949e-01
3.743075132369995117e-01 1.804251670837402344e-01 5.700204968452453613e-01 9.342525005340576172e-01 8.691604733467102051e-01 9.029058814048767090e-01 6.325396895408630371e-01 3.764319121837615967e-01 1.779281347990036011e-01 6.906396150588989258e-01 6.976564526557922363e-01 9.053817391395568848e-01 6.843278408050537109e-01 7.280650734901428223e-01
2.431399971246719360e-01 6.518099904060363770e-01 6.836882233619689941e-01 8.708475232124328613e-01 7.578252553939819336e-01 8.838328123092651367e-01 8.277581930160522461e-01 2.639276385307312012e-01 4.575643539428710938e-01 5.591033697128295898e-01 6.945374011993408203e-01 7.489434480667114258e-01 4.168768227100372314e-01 5.352298617362976074e-01
7.648574709892272949e-01 8.286006450653076172e-01 2.781339883804321289e-01 4.238727390766143799e-01 2.722517549991607666e-01 2.460802048444747925e-01 9.565520286560058594e-01 8.697664737701416016e-01 6.344560384750366211e-01 1.709080189466476440e-01 4.230622053146362305e-01 2.383868694305419922e-01 6.153284311294555664e-01 3.943831324577331543e-01
2.825649976730346680e-01 8.103526830673217773e-01 2.514462471008300781e-01 7.072499990463256836e-01 6.276107430458068848e-01 3.448321223258972168e-01 2.789916694164276123e-01 2.705735266208648682e-01 6.714797019958496094e-01 2.819617092609405518e-01 7.451136708259582520e-01 7.278662919998168945e-01 2.970055937767028809e-01 5.038033127784729004e-01
2.281800061464309692e-01 5.713376402854919434e-01 2.883532643318176270e-01 1.377200037240982056e-01 5.887755155563354492e-01 3.408911228179931641e-01 6.864238381385803223e-01 3.235414624214172363e-01 4.944236874580383301e-01 2.237030416727066040e-01 4.247162342071533203e-01 5.909444093704223633e-01 5.461304783821105957e-01 5.505065917968750000e-01
5.665624737739562988e-01 4.706581532955169678e-01 9.681354761123657227e-01 9.652425050735473633e-01 2.029772549867630005e-01 6.433927416801452637e-01 1.452553272247314453e-01 7.725852131843566895e-01 2.321698069572448730e-01 5.799962878227233887e-01 7.468572854995727539e-01 2.266119122505187988e-01 4.211062490940093994e-01 5.773767828941345215e-01
4.236100018024444580e-01 6.330366730690002441e-01 4.832724928855895996e-01 6.208350062370300293e-01 9.452239871025085449e-01 8.998580574989318848e-01 6.544290184974670410e-01 3.823620676994323730e-01 3.892292380332946777e-01 6.209684610366821289e-01 4.663060903549194336e-01 9.176915287971496582e-01 5.404111742973327637e-01 4.659902751445770264e-01
2.513074874877929688e-01 6.845498085021972656e-01 5.182727575302124023e-01 7.420225143432617188e-01 7.558747529983520508e-01 9.541047215461730957e-01 5.506606698036193848e-01 1.939970254898071289e-01 5.942140817642211914e-01 6.007891297340393066e-01 6.919148564338684082e-01 8.128657341003417969e-01 3.194442093372344971e-01 4.288761317729949951e-01
7.221900224685668945e-01 5.390323400497436523e-01 7.613592743873596191e-01 3.901707530021667480e-01 7.574895024299621582e-01 3.000381886959075928e-01 2.319233305752277374e-02 6.956396698951721191e-01 4.515879750251770020e-01 4.599862992763519287e-01 6.494475603103637695e-01 7.475724220275878906e-01 4.131090939044952393e-01 4.398751258850097656e-01
4.459049999713897705e-01 3.026011586189270020e-01 6.282929778099060059e-01 7.491675019264221191e-01 3.580130040645599365e-01 8.964112997055053711e-01 8.094801902770996094e-01 4.309758245944976807e-01 3.381315171718597412e-01 5.431082844734191895e-01 6.731786727905273438e-01 3.712046146392822266e-01 4.005028009414672852e-01 5.144038796424865723e-01
8.533899784088134766e-01 3.146043419837951660e-01 5.678964853286743164e-01 7.102800011634826660e-01 4.855934977531433105e-01 7.525841593742370605e-01 2.747343480587005615e-01 9.337227344512939453e-01 4.474271833896636963e-01 5.411814451217651367e-01 5.693401098251342773e-01 4.946955442428588867e-01 4.824507832527160645e-01 3.228437006473541260e-01
6.411550045013427734e-01 8.150728344917297363e-01 1.330382525920867920e-01 6.928675174713134766e-01 6.971567273139953613e-01 2.246264666318893433e-01 5.974999815225601196e-02 7.742141485214233398e-01 5.670604705810546875e-01 6.614908576011657715e-02 6.326571106910705566e-01 7.750299572944641113e-01 5.669095516204833984e-01 5.718207955360412598e-01
9.480400085449218750e-01 3.835346698760986328e-01 4.540565013885498047e-01 8.414499759674072266e-01 5.645434856414794922e-01 8.906733989715576172e-02 6.361493468284606934e-01 9.700393080711364746e-01 3.359276652336120605e-01 6.035962700843811035e-01 7.692951560020446777e-01 6.621165275573730469e-01 5.137661099433898926e-01 3.949797451496124268e-01
6.005749702453613281e-01 4.847624897956848145e-01 8.113687634468078613e-01 2.652762532234191895e-01 8.548035025596618652e-01 4.757790863513946533e-01 3.636936545372009277e-01 5.632584691047668457e-01 4.334420263767242432e-01 5.833625793457031250e-01 5.233386754989624023e-01 7.978004217147827148e-01 4.312324523925781250e-01 3.926864266395568848e-01
1.110275015234947205e-01 2.111788392066955566e-01 7.077494859695434570e-01 2.781272530555725098e-01 5.866624712944030762e-01 9.307897090911865234e-01 6.207766532897949219e-01 5.454094707965850830e-02 3.140827715396881104e-01 8.644789457321166992e-01 3.655648529529571533e-01 4.545176625251770020e-01 5.666016936302185059e-01 5.928940773010253906e-01
2.567500062286853790e-02 4.228844940662384033e-01 5.892722606658935547e-01 1.172937527298927307e-01 7.627207636833190918e-01 4.617433249950408936e-01 4.659066721796989441e-02 3.749450296163558960e-02 6.709761619567871094e-01 7.276943325996398926e-01 1.853307783603668213e-01 6.859512925148010254e-01 4.770967960357666016e-01 3.216044604778289795e-01
5.437625050544738770e-01 4.533329904079437256e-01 3.228259980678558350e-01 2.969120144844055176e-01 2.515499945729970932e-03 9.912050366401672363e-01 1.553283333778381348e-01 3.252592384815216064e-01 5.175173282623291016e-01 3.928163945674896240e-01 2.775888741016387939e-01 4.117658361792564392e-02 5.920710563659667969e-01 5.450304746627807617e-01
3.166849911212921143e-01 7.622463107109069824e-01 5.324542522430419922e-01 9.136375188827514648e-01 1.986850053071975708e-01 5.324100852012634277e-01 4.538910090923309326e-01 3.689254522323608398e-01 5.368852615356445312e-01 4.044641852378845215e-01 7.667908668518066406e-01 3.156936168670654297e-01 3.166657984256744385e-01 4.688012599945068359e-01
4.993399977684020996e-01 3.096803426742553711e-01 2.139532566070556641e-01 4.033262431621551514e-01 2.084387540817260742e-01 3.601115047931671143e-01 9.812766313552856445e-02 4.791317582130432129e-01 5.559390783309936523e-01 4.313765168190002441e-01 3.790683150291442871e-01 2.236170470714569092e-01 4.684647023677825928e-01 3.755386471748352051e-01
7.895249724388122559e-01 5.297675132751464844e-01 3.042252361774444580e-01 9.179800003767013550e-02 5.694057345390319824e-01 5.106668472290039062e-01 4.797366559505462646e-01 7.753233313560485840e-01 4.539014101028442383e-01 2.821085453033447266e-01 3.496412634849548340e-01 6.335989832878112793e-01 5.860869288444519043e-01 4.340240359306335449e-01
5.272325277328491211e-01 7.093918323516845703e-01 3.611157536506652832e-01 9.496300220489501953e-01 6.402812600135803223e-01 6.713600158691406250e-01 9.058790206909179688e-01 6.657871603965759277e-01 4.991143047809600830e-01 8.018422871828079224e-02 8.985270261764526367e-01 6.328204274177551270e-01 5.250483751296997070e-01 6.788791418075561523e-01
3.123125135898590088e-01 4.088098406791687012e-01 6.865184903144836426e-01 4.562374949455261230e-01 6.458075344562530518e-02 9.768857359886169434e-01 6.840962171554565430e-01 2.356557101011276245e-01 3.595585823059082031e-01 6.201817989349365234e-01 4.538081884384155273e-01 6.148611754179000854e-02 4.803821444511413574e-01 5.547168254852294922e-01
8.310725092887878418e-01 5.403896570205688477e-01 9.485497474670410156e-01 9.267324805259704590e-01 4.927807450294494629e-01 1.241548508405685425e-01 7.178046703338623047e-01 9.571130871772766113e-01 2.730224132537841797e-01 6.460806727409362793e-01 8.628833889961242676e-01 5.133481621742248535e-01 4.313728809356689453e-01 4.565455317497253418e-01
7.500150203704833984e-01 6.886648535728454590e-01 8.388947248458862305e-01 2.166852504014968872e-01 4.243020117282867432e-01 7.753919959068298340e-01 4.646323323249816895e-01 6.477655768394470215e-01 5.106928944587707520e-01 4.769708216190338135e-01 5.302448868751525879e-01 4.011281132698059082e-01 4.023038446903228760e-01 3.540429174900054932e-01
9.782999753952026367e-01 1.964164972305297852e-01 2.120487540960311890e-01 2.412052452564239502e-01 5.920817255973815918e-01 4.833647608757019043e-01 9.946934580802917480e-01 7.854610681533813477e-01 5.535712838172912598e-01 4.361765384674072266e-01 3.395653069019317627e-01 2.891998589038848877e-01 5.053770542144775391e-01 3.269381821155548096e-01
3.500050008296966553e-01 3.920294940471649170e-01 1.597952544689178467e-01 2.286152541637420654e-01 8.703800290822982788e-02 7.270420193672180176e-01 1.016630008816719055e-01 2.926160693168640137e-01 4.808605909347534180e-01 2.576113045215606689e-01 3.651509582996368408e-01 1.040076911449432373e-01 6.149750947952270508e-01 5.429854393005371094e-01
9.309024810791015625e-01 5.674168467521667480e-01 4.735549911856651306e-02 3.838689923286437988e-01 1.821410059928894043e-01 5.494671463966369629e-01 7.441146969795227051e-01 8.818500041961669922e-01 5.890159010887145996e-01 2.211427539587020874e-01 4.183110892772674561e-01 1.963249146938323975e-01 5.963964462280273438e-01 4.093824625015258789e-01
9.231449961662292480e-01 7.787933349609375000e-01 3.273360133171081543e-01 2.901457548141479492e-01 6.984967589378356934e-01 3.928855657577514648e-01 4.757146537303924561e-01 7.643100619316101074e-01 5.384960174560546875e-01 1.692484468221664429e-01 5.416882038116455078e-01 6.685533523559570312e-01 5.345982909202575684e-01 4.793635010719299316e-01
2.451175004243850708e-01 4.562650024890899658e-01 6.924507617950439453e-01 3.567437529563903809e-01 4.122827351093292236e-01 7.973399758338928223e-01 3.205213248729705811e-01 2.612561881542205811e-01 3.506931364536285400e-01 6.301924586296081543e-01 4.194356799125671387e-01 5.165225267410278320e-01 5.257257223129272461e-01 5.509760379791259766e-01
9.668574929237365723e-01 1.919428259134292603e-01 6.263830065727233887e-01 8.953624963760375977e-01 9.742457270622253418e-01 7.615771889686584473e-01 1.582150012254714966e-01 8.929554224014282227e-01 2.761446535587310791e-01 7.190577387809753418e-01 7.335416078567504883e-01 9.096783399581909180e-01 5.586619377136230469e-01 3.623932898044586182e-01
5.324425101280212402e-01 4.352684915065765381e-01 2.491395026445388794e-01 6.716374754905700684e-01 6.308640241622924805e-01 4.560471773147583008e-01 8.766566962003707886e-02 6.194013357162475586e-01 4.235306084156036377e-01 3.007886409759521484e-01 5.888959169387817383e-01 6.674693226814270020e-01 5.014175176620483398e-01 5.344082713127136230e-01
1.225624978542327881e-01 3.712626695632934570e-01 6.342087388038635254e-01 9.956799745559692383e-01 8.486082553863525391e-01 8.408389687538146973e-01 5.432586669921875000e-01 9.322168678045272827e-02 3.992090523242950439e-01 7.598104476928710938e-01 8.305748105049133301e-01 8.647439479827880859e-01 4.836200177669525146e-01 6.161674857139587402e-01
3.315024971961975098e-01 4.459505081176757812e-01 2.594454884529113770e-01 3.673065006732940674e-01 9.403579831123352051e-01 4.459691047668457031e-01 4.980776607990264893e-01 3.298237919807434082e-01 3.988495171070098877e-01 4.967927634716033936e-01 5.334075093269348145e-01 9.359076619148254395e-01 5.332846045494079590e-01 5.519259572029113770e-01
9.722474813461303711e-01 8.184563517570495605e-01 5.392625182867050171e-02 8.052600026130676270e-01 3.060939908027648926e-01 5.404233187437057495e-02 6.121023297309875488e-01 9.611568450927734375e-01 3.981533646583557129e-01 4.407516717910766602e-01 5.305798053741455078e-01 5.437132716178894043e-01 6.469043493270874023e-01 4.363734126091003418e-01
3.783524930477142334e-01 4.758246541023254395e-01 2.805329859256744385e-01 9.298049807548522949e-01 4.370642602443695068e-01 8.164232373237609863e-01 5.689759850502014160e-01 3.656710386276245117e-01 5.463348031044006348e-01 4.069721698760986328e-01 7.902389764785766602e-01 4.786894619464874268e-01 3.011745214462280273e-01 4.766292572021484375e-01
3.359574973583221436e-01 4.584150016307830811e-01 6.064245104789733887e-01 5.787624716758728027e-01 4.284024983644485474e-02 3.569453656673431396e-01 1.869916617870330811e-01 3.747413754463195801e-01 3.691822588443756104e-01 5.373242497444152832e-01 5.345337390899658203e-01 9.135852754116058350e-02 4.494816064834594727e-01 5.704496502876281738e-01
7.872500270605087280e-02 6.952015161514282227e-01 5.744507312774658203e-01 4.628325104713439941e-01 8.301732540130615234e-01 1.149494946002960205e-01 4.031539857387542725e-01 7.687277346849441528e-02 5.911620855331420898e-01 5.846274495124816895e-01 2.773510217666625977e-01 9.180913567543029785e-01 4.434005022048950195e-01 4.010457694530487061e-01
5.235400199890136719e-01 1.799228340387344360e-01 2.585499882698059082e-01 4.634810090065002441e-01 3.276025131344795227e-02 5.215286612510681152e-01 3.986496627330780029e-01 4.346150755882263184e-01 3.690835535526275635e-01 4.245971441268920898e-01 5.511062145233154297e-01 3.958684206008911133e-02 4.913364052772521973e-01 6.786745786666870117e-01
6.351299881935119629e-01 4.954561591148376465e-01 5.206304788589477539e-01 8.801025152206420898e-01 8.172914981842041016e-01 2.925721108913421631e-01 2.081480026245117188e-01 6.137632727622985840e-01 4.807194471359252930e-01 5.627590417861938477e-01 8.425645232200622559e-01 7.919321656227111816e-01 3.128065764904022217e-01 4.323114752769470215e-01
8.144000172615051270e-02 2.488018274307250977e-01 5.519632697105407715e-01 9.521549940109252930e-01 4.963027536869049072e-01 1.999808102846145630e-01 9.018449187278747559e-01 6.029188632965087891e-02 3.509423434734344482e-01 8.263612389564514160e-01 6.962390542030334473e-01 3.343731462955474854e-01 4.289293289184570312e-01 6.116014719009399414e-01
9.908249974250793457e-02 3.643186688423156738e-01 3.800162374973297119e-01 4.586944878101348877e-01 9.990582466125488281e-01 2.283266633749008179e-01 8.083066344261169434e-02 7.961568236351013184e-02 5.675113201141357422e-01 7.590869665145874023e-01 5.469369292259216309e-01 9.388318657875061035e-01 4.205575883388519287e-01 3.734751343727111816e-01
4.001275002956390381e-01 7.917764782905578613e-01 8.773159980773925781e-01 7.425274848937988281e-01 4.934199899435043335e-02 6.343688964843750000e-01 6.705711483955383301e-01 4.003497362136840820e-01 4.919036030769348145e-01 2.863579392433166504e-01 7.664871811866760254e-01 1.050742864608764648e-01 3.783696591854095459e-01 5.658976435661315918e-01
8.788024783134460449e-01 2.882485091686248779e-01 4.362019896507263184e-01 2.292435020208358765e-01 1.749565005302429199e-01 3.272726237773895264e-01 3.121453225612640381e-01 8.937265872955322266e-01 2.702295482158660889e-01 6.018888354301452637e-01 4.226346611976623535e-01 1.805673539638519287e-01 5.285796523094177246e-01 5.269678235054016113e-01
5.246300101280212402e-01 7.891093492507934570e-01 6.284675002098083496e-01 3.088797628879547119e-01 1.713967472314834595e-01 8.540242314338684082e-01 3.292213380336761475e-01 5.124605298042297363e-01 5.629670619964599609e-01 3.774681985378265381e-01 2.464191913604736328e-01 2.122254073619842529e-01 5.593982934951782227e-01 3.809804916381835938e-01
9.594975113868713379e-01 6.874708533287048340e-01 4.035227596759796143e-01 6.665775179862976074e-01 6.589277386665344238e-01 7.729770541191101074e-01 9.734829068183898926e-01 8.764334917068481445e-01 6.988828778266906738e-01 2.249397933483123779e-01 6.557243466377258301e-01 5.276284217834472656e-01 4.553074538707733154e-01 3.447562158107757568e-01
3.437699973583221436e-01 8.129094839096069336e-01 1.602175086736679077e-02 4.405975043773651123e-01 5.023117661476135254e-01 9.589549303054809570e-01 4.293240010738372803e-01 2.475708872079849243e-01 7.011182308197021484e-01 5.733775347471237183e-02 3.534958660602569580e-01 4.653714895248413086e-01 5.619679689407348633e-01 5.125705003738403320e-01
7.258200049400329590e-01 2.479218393564224243e-01 7.243525236845016479e-02 5.845925211906433105e-01 8.720152378082275391e-01 4.485038518905639648e-01 7.563648819923400879e-01 7.544285058975219727e-01 4.554856419563293457e-01 1.638816744089126587e-01 6.374901533126831055e-01 7.822861075401306152e-01 5.669567584991455078e-01 5.851761698722839355e-01
8.460274934768676758e-01 5.816666483879089355e-01 8.161755204200744629e-01 9.538800269365310669e-02 2.957180142402648926e-01 2.649264596402645111e-02 1.313333341386169195e-04 9.433309435844421387e-01 5.099591016769409180e-01 5.089256167411804199e-01 4.023034274578094482e-01 2.980122864246368408e-01 5.248891711235046387e-01 3.069728314876556396e-01
4.621574878692626953e-01 6.086621880531311035e-01 8.701887726783752441e-01 1.482934951782226562e-01 7.603870034217834473e-01 7.474350333213806152e-01 6.460610032081604004e-01 4.475523531436920166e-01 3.951761424541473389e-01 5.732181072235107422e-01 4.165533483028411865e-01 7.341594099998474121e-01 4.912635385990142822e-01 4.194136261940002441e-01
4.149599969387054443e-01 7.521628141403198242e-01 7.605475187301635742e-01 2.939962446689605713e-01 2.234402447938919067e-01 7.320348620414733887e-01 1.108413338661193848e-01 4.235548377037048340e-01 4.856812655925750732e-01 4.351517260074615479e-01 3.528886437416076660e-01 3.500295579433441162e-01 5.054066777229309082e-01 4.186590611934661865e-01
2.838174998760223389e-01 2.560605108737945557e-01 3.676230013370513916e-01 1.902177482843399048e-01 4.346600174903869629e-02 4.613388776779174805e-01 7.754874229431152344e-01 2.068318426609039307e-01 3.731961846351623535e-01 5.212227106094360352e-01 3.604620397090911865e-01 2.821722812950611115e-02 5.697846412658691406e-01 6.522889137268066406e-01
7.600975036621093750e-01 3.159946799278259277e-01 9.268649816513061523e-01 7.690849900245666504e-01 7.082754969596862793e-01 6.910464763641357422e-01 8.161400258541107178e-02 7.298691272735595703e-01 3.515034317970275879e-01 6.641482114791870117e-01 8.707002997398376465e-01 7.064191102981567383e-01 3.393957912921905518e-01 3.986016213893890381e-01
3.401150107383728027e-01 4.098608195781707764e-01 8.265535235404968262e-01 2.340075001120567322e-02 8.499457240104675293e-01 5.403444170951843262e-01 9.904894232749938965e-01 2.776857614517211914e-01 3.130167126655578613e-01 6.128147840499877930e-01 3.658248484134674072e-01 6.972306370735168457e-01 6.052904725074768066e-01 6.083310246467590332e-01
7.379250228404998779e-02 2.369726598262786865e-01 3.061262369155883789e-01 4.698527455329895020e-01 3.513424992561340332e-01 8.672384023666381836e-01 4.745656549930572510e-01 4.271254688501358032e-02 4.538982510566711426e-01 5.641165971755981445e-01 3.338129222393035889e-01 1.745893508195877075e-01 6.428318023681640625e-01 7.478402853012084961e-01
8.409025073051452637e-01 3.849034905433654785e-01 5.076490044593811035e-01 5.603049993515014648e-01 4.552302360534667969e-01 7.210103273391723633e-01 2.970200031995773315e-02 7.984968423843383789e-01 4.463001787662506104e-01 4.941408336162567139e-01 5.625076293945312500e-01 4.697372913360595703e-01 4.421072304248809814e-01 3.766390681266784668e-01
8.393225073814392090e-01 8.266563415527343750e-01 6.758890151977539062e-01 7.704700231552124023e-01 8.841337561607360840e-01 9.685876965522766113e-01 4.392729997634887695e-01 7.644510865211486816e-01 4.820269048213958740e-01 5.544164180755615234e-01 6.333625316619873047e-01 8.249308466911315918e-01 4.147558510303497314e-01 3.762971460819244385e-01
1.661400049924850464e-01 6.121063232421875000e-01 9.414732456207275391e-01 3.537087440490722656e-01 2.443282455205917358e-01 5.430192947387695312e-01 2.133366614580154419e-01 1.648747771978378296e-01 4.505503773689270020e-01 6.874784827232360840e-01 3.931989967823028564e-01 3.317658007144927979e-01 4.834838509559631348e-01 4.416012465953826904e-01
1.142899990081787109e-01 5.022076964378356934e-01 3.956967592239379883e-01 6.932150125503540039e-01 5.350524783134460449e-01 8.138171434402465820e-01 3.540943264961242676e-01 1.382540464401245117e-01 4.746966361999511719e-01 4.128172397613525391e-01 5.348632335662841797e-01 5.590566396713256836e-01 5.434615015983581543e-01 6.348131895065307617e-01
5.182600021362304688e-01 3.556966781616210938e-01 8.806502223014831543e-01 8.854550123214721680e-01 1.097917482256889343e-01 1.123079806566238403e-01 7.073566317558288574e-02 7.861377000808715820e-01 2.727868854999542236e-01 5.511267781257629395e-01 7.460883259773254395e-01 1.477173417806625366e-01 3.958237767219543457e-01 5.959805846214294434e-01
3.724775016307830811e-01 5.169306397438049316e-01 9.598565101623535156e-01 2.058545053005218506e-01 6.064407229423522949e-01 4.743869602680206299e-01 1.682433299720287323e-02 3.746993243694305420e-01 3.234472274780273438e-01 6.249252557754516602e-01 4.795527458190917969e-01 7.033812999725341797e-01 5.369411110877990723e-01 4.833267927169799805e-01
3.574975132942199707e-01 2.614721655845642090e-01 4.657504856586456299e-01 7.234624773263931274e-02 5.399230122566223145e-01 3.208415210247039795e-01 8.659772276878356934e-01 3.440844416618347168e-01 3.510017991065979004e-01 5.371133685111999512e-01 4.101667702198028564e-01 4.996040761470794678e-01 5.294963121414184570e-01 5.529971718788146973e-01
7.948099970817565918e-01 7.934901714324951172e-01 4.973399937152862549e-01 8.454874753952026367e-01 6.740797758102416992e-01 8.887760639190673828e-01 5.501233339309692383e-01 7.122415900230407715e-01 5.727225542068481445e-01 3.639590144157409668e-01 7.071139812469482422e-01 6.300260424613952637e-01 3.805177211761474609e-01 4.135085344314575195e-01
9.584950208663940430e-01 2.148646712303161621e-01 4.728852510452270508e-01 1.839692443609237671e-01 1.228250004351139069e-02 9.208595752716064453e-01 4.721139967441558838e-01 8.482434749603271484e-01 2.144638746976852417e-01 5.855057835578918457e-01 5.352587699890136719e-01 2.706693485379219055e-02 5.139489769935607910e-01 7.323241829872131348e-01
1.392475068569183350e-01 1.958331614732742310e-01 8.967949748039245605e-01 6.413900256156921387e-01 2.556322515010833740e-01 9.808313101530075073e-02 2.237540036439895630e-01 2.729230225086212158e-01 2.833660542964935303e-01 6.705965995788574219e-01 5.626974701881408691e-01 2.693584263324737549e-01 4.546579718589782715e-01 4.608117640018463135e-01
3.734500110149383545e-01 7.899904847145080566e-01 4.501907527446746826e-01 8.383675217628479004e-01 9.883282780647277832e-01 7.188629508018493652e-01 5.767223238945007324e-01 2.716103196144104004e-01 6.121993064880371094e-01 5.887203812599182129e-01 7.355610132217407227e-01 9.321841597557067871e-01 3.031956553459167480e-01 4.148682653903961182e-01
7.389900088310241699e-01 1.704141646623611450e-01 3.438574820756912231e-02 8.281524777412414551e-01 1.386450044810771942e-02 7.135056853294372559e-01 5.614866688847541809e-02 6.643131375312805176e-01 3.535169661045074463e-01 3.567842841148376465e-01 6.903873682022094727e-01 3.959844633936882019e-02 4.514692723751068115e-01 7.001923322677612305e-01
1.950400024652481079e-01 4.761776626110076904e-01 9.922429919242858887e-01 2.888877391815185547e-01 9.892119765281677246e-01 3.598446547985076904e-01 8.299236297607421875e-01 2.233025282621383667e-01 2.942771911621093750e-01 7.423491477966308594e-01 5.010393261909484863e-01 9.557411670684814453e-01 6.570892333984375000e-01 5.186809301376342773e-01
3.044325113296508789e-01 2.866866588592529297e-01 9.391570091247558594e-01 3.624302446842193604e-01 5.506612658500671387e-01 7.093763351440429688e-02 4.085513353347778320e-01 3.801369965076446533e-01 3.010422885417938232e-01 6.661311388015747070e-01 5.648901462554931641e-01 5.141221284866333008e-01 4.713693559169769287e-01 4.309231340885162354e-01
1.291474997997283936e-01 3.507733345031738281e-01 2.767069935798645020e-01 1.883777529001235962e-01 3.321642577648162842e-01 5.013605952262878418e-01 3.020269870758056641e-01 1.491931378841400146e-01 4.576949775218963623e-01 4.124415516853332520e-01 3.592100441455841064e-01 2.826628088951110840e-01 6.190684437751770020e-01 6.389927864074707031e-01
7.084274888038635254e-01 4.328461587429046631e-01 7.115697264671325684e-01 5.112199783325195312e-01 5.491034984588623047e-01 6.666193008422851562e-01 8.808780908584594727e-01 6.514598727226257324e-01 4.771834313869476318e-01 4.210718274116516113e-01 6.322903037071228027e-01 4.629030227661132812e-01 4.033477306365966797e-01 4.269075989723205566e-01
9.092400074005126953e-01 5.936956405639648438e-01 2.016207426786422729e-01 3.350412547588348389e-01 5.013005137443542480e-01 6.598384678363800049e-02 5.722113251686096191e-01 9.106885194778442383e-01 6.178589463233947754e-01 3.045042157173156738e-01 4.287227988243103027e-01 5.925810933113098145e-01 5.613258481025695801e-01 3.218698203563690186e-01
6.732050180435180664e-01 5.826218128204345703e-01 6.129490137100219727e-01 9.043174982070922852e-01 2.398419976234436035e-01 1.467112153768539429e-01 8.772772550582885742e-01 8.196413516998291016e-01 3.944745361804962158e-01 4.084303975105285645e-01 8.253543972969055176e-01 1.963516771793365479e-01 3.526671528816223145e-01 5.475799441337585449e-01
9.700275063514709473e-01 6.800646781921386719e-01 9.428589940071105957e-01 4.460112452507019043e-01 7.747495174407958984e-01 4.869786798954010010e-01 1.838809996843338013e-01 9.201144576072692871e-01 4.360013306140899658e-01 5.980089902877807617e-01 6.800544857978820801e-01 7.626500129699707031e-01 4.663010835647583008e-01 3.212824761867523193e-01
8.706200122833251953e-01 4.589333236217498779e-01 9.421470165252685547e-01 6.653950214385986328e-01 3.077745139598846436e-01 7.064390182495117188e-01 6.792144179344177246e-01 9.241753220558166504e-01 2.069487124681472778e-01 6.118370890617370605e-01 7.577883601188659668e-01 3.240272402763366699e-01 4.793008267879486084e-01 5.632330179214477539e-01
7.645875215530395508e-01 6.057251691818237305e-01 2.388374954462051392e-01 1.978672444820404053e-01 6.700322628021240234e-01 5.584412217140197754e-01 8.151009678840637207e-01 6.745666861534118652e-01 4.214379489421844482e-01 2.145023196935653687e-01 4.330086112022399902e-01 6.746377944946289062e-01 6.337866187095642090e-01 5.599408149719238281e-01
1.422000024467706680e-02 3.139798343181610107e-01 2.606984972953796387e-01 1.732379943132400513e-01 6.666937470436096191e-01 6.330476999282836914e-01 5.067020058631896973e-01 5.001472309231758118e-02 6.154837012290954590e-01 6.593819260597229004e-01 2.707521021366119385e-01 3.795925974845886230e-01 5.294076204299926758e-01 4.775453209877014160e-01
3.114500045776367188e-01 6.429861783981323242e-01 3.024410009384155273e-01 3.027330040931701660e-01 1.993717551231384277e-01 6.453629136085510254e-01 6.149116754531860352e-01 2.884129881858825684e-01 5.915859937667846680e-01 2.910391390323638916e-01 4.831222295761108398e-01 2.774597406387329102e-01 4.907699525356292725e-01 4.762674868106842041e-01
1.543650031089782715e-01 4.913290143013000488e-01 4.739427566528320312e-01 3.018175065517425537e-02 9.843332767486572266e-01 1.096893921494483948e-01 3.801823258399963379e-01 1.499133855104446411e-01 5.009809732437133789e-01 6.043595075607299805e-01 2.419855147600173950e-01 9.255048036575317383e-01 4.883581399917602539e-01 3.780424594879150391e-01
3.891499936580657959e-01 6.748445034027099609e-01 6.971282362937927246e-01 4.312154948711395264e-01 1.343975029885768890e-02 7.155101895332336426e-01 7.113404870033264160e-01 3.311886191368103027e-01 5.032261610031127930e-01 3.696375489234924316e-01 4.412973821163177490e-01 4.688442498445510864e-02 5.224840044975280762e-01 5.588873028755187988e-01
1.783100068569183350e-01 5.080066919326782227e-01 4.792632460594177246e-01 2.531862556934356689e-01 7.932427525520324707e-01 7.149228453636169434e-01 4.821993410587310791e-01 1.716100424528121948e-01 4.328358769416809082e-01 5.382131338119506836e-01 3.588906228542327881e-01 8.465037941932678223e-01 5.446526408195495605e-01 5.260391235351562500e-01
3.617750108242034912e-02 6.222591400146484375e-01 7.807482481002807617e-01 5.356100201606750488e-01 9.862744808197021484e-01 7.828496694564819336e-01 4.881733283400535583e-02 3.268054872751235962e-02 6.475534439086914062e-01 5.358453989028930664e-01 7.430125772953033447e-02 9.772077202796936035e-01 4.377990365028381348e-01 2.969310283660888672e-01
8.739100098609924316e-01 6.439178586006164551e-01 3.565104901790618896e-01 8.655250072479248047e-03 7.428217530250549316e-01 2.297111153602600098e-01 3.042726814746856689e-01 7.656649947166442871e-01 5.221835970878601074e-01 1.939018964767456055e-01 4.135365188121795654e-01 7.471078038215637207e-01 5.595634579658508301e-01 4.614357352256774902e-01
5.801000073552131653e-02 6.497556567192077637e-01 6.913250088691711426e-01 1.847154945135116577e-01 5.074474811553955078e-01 5.198003053665161133e-01 9.460974931716918945e-01 8.860257267951965332e-02 4.817323088645935059e-01 4.769044518470764160e-01 3.510459959506988525e-01 3.468413949012756348e-01 5.859282612800598145e-01 6.298839449882507324e-01
5.986499786376953125e-01 6.233034729957580566e-01 8.201845288276672363e-01 7.747399806976318359e-01 4.428697526454925537e-01 3.420419096946716309e-01 8.630580306053161621e-01 6.051418185234069824e-01 5.521806478500366211e-01 4.672195911407470703e-01 6.979802250862121582e-01 3.365914523601531982e-01 3.094684183597564697e-01 3.572856485843658447e-01
2.996700108051300049e-01 7.745688557624816895e-01 3.519339859485626221e-01 9.556949734687805176e-01 4.848004877567291260e-01 6.103439331054687500e-01 5.334913134574890137e-01 2.621204555034637451e-01 6.190133690834045410e-01 3.604667484760284424e-01 8.928200006484985352e-01 6.246903538703918457e-01 2.415274232625961304e-01 5.380635857582092285e-01
7.798550128936767578e-01 4.261656701564788818e-01 2.231547534465789795e-01 9.638224840164184570e-01 8.622482419013977051e-01 3.938568830490112305e-01 6.200990080833435059e-01 7.802039980888366699e-01 4.385654628276824951e-01 3.845261037349700928e-01 8.011384606361389160e-01 8.178597688674926758e-01 4.217222929000854492e-01 5.145991444587707520e-01
1.702975034713745117e-01 5.166671872138977051e-01 7.251549959182739258e-01 7.943249940872192383e-01 9.294102787971496582e-01 3.524098992347717285e-01 8.938482999801635742e-01 1.738394200801849365e-01 3.131260871887207031e-01 7.459120750427246094e-01 8.766152262687683105e-01 9.478346705436706543e-01 5.942308902740478516e-01 6.679531931877136230e-01
8.274250030517578125e-01 2.375658303499221802e-01 8.814150094985961914e-01 5.662174820899963379e-01 2.736274898052215576e-01 8.003590703010559082e-01 9.225853085517883301e-01 8.142622709274291992e-01 1.931645572185516357e-01 5.683472156524658203e-01 8.434966802597045898e-01 1.439311951398849487e-01 3.946533501148223877e-01 6.731907129287719727e-01
3.154599964618682861e-01 5.833564996719360352e-01 2.751442492008209229e-01 6.020150184631347656e-01 5.293002724647521973e-01 5.939754247665405273e-01 1.937060058116912842e-01 3.651438653469085693e-01 5.110701322555541992e-01 2.971682846546173096e-01 6.562840342521667480e-01 5.896039605140686035e-01 3.936542272567749023e-01 5.377239584922790527e-01
5.339400172233581543e-01 6.311395168304443359e-01 1.309487521648406982e-01 1.808492541313171387e-01 3.924199938774108887e-02 3.550283908843994141e-01 5.922106504440307617e-01 4.074450433254241943e-01 5.696257948875427246e-01 3.427467942237854004e-01 1.991453468799591064e-01 4.575959220528602600e-02 6.326482295989990234e-01 4.797789752483367920e-01
1.596074998378753662e-01 3.019501566886901855e-01 2.969394922256469727e-01 2.938762605190277100e-01 5.058354735374450684e-01 2.348209023475646973e-01 7.632019519805908203e-01 2.305252254009246826e-01 4.216358065605163574e-01 5.233879685401916504e-01 3.713552653789520264e-01 4.371974170207977295e-01 5.562756061553955078e-01 5.786364078521728516e-01
4.548000097274780273e-01 4.373416602611541748e-01 1.008807495236396790e-01 4.156014919281005859e-01 5.759264826774597168e-01 7.197349667549133301e-01 4.563396573066711426e-01 4.946540296077728271e-01 4.310891330242156982e-01 1.866670250892639160e-01 5.981213450431823730e-01 6.796944141387939453e-01 6.318703889846801758e-01 6.570854783058166504e-01
6.057250127196311951e-02 4.973233342170715332e-01 1.037352532148361206e-01 5.279824733734130859e-01 4.415867626667022705e-01 4.307306930422782898e-02 7.115566730499267578e-02 1.819417029619216919e-01 5.660393834114074707e-01 2.980106770992279053e-01 3.815629482269287109e-01 4.054883420467376709e-01 5.330663323402404785e-01 5.052193999290466309e-01
6.455699801445007324e-01 5.081574916839599609e-01 6.541174650192260742e-02 4.948495030403137207e-01 5.592679977416992188e-01 3.466303944587707520e-01 9.738638401031494141e-01 5.896664857864379883e-01 5.159170031547546387e-01 1.143138259649276733e-01 5.928827524185180664e-01 4.059143960475921631e-01 5.826188325881958008e-01 5.527857542037963867e-01
4.824725091457366943e-01 2.285723388195037842e-01 8.127757310867309570e-01 6.051949858665466309e-01 3.824017643928527832e-01 9.109836220741271973e-01 3.955143392086029053e-01 4.721062183380126953e-01 2.936896383762359619e-01 6.084199547767639160e-01 5.995543599128723145e-01 3.910245895385742188e-01 4.434126317501068115e-01 4.622303843498229980e-01
4.010924994945526123e-01 5.672370195388793945e-01 3.987017571926116943e-01 3.602832555770874023e-01 4.164587557315826416e-01 3.869635462760925293e-01 2.353516668081283569e-01 4.818437099456787109e-01 4.389895796775817871e-01 3.576860129833221436e-01 4.413826465606689453e-01 5.160522460937500000e-01 5.196964144706726074e-01 4.903253018856048584e-01
5.917900204658508301e-01 5.725635290145874023e-01 8.363025188446044922e-01 2.701137363910675049e-01 2.130154967308044434e-01 8.844709396362304688e-02 5.342879891395568848e-01 6.316776871681213379e-01 4.655613899230957031e-01 5.098168253898620605e-01 4.814775884151458740e-01 1.718038022518157959e-01 4.350619912147521973e-01 4.355469048023223877e-01
4.026250168681144714e-02 7.954681515693664551e-01 8.151177763938903809e-01 1.905857473611831665e-01 7.008910179138183594e-01 9.428991675376892090e-01 9.972299635410308838e-02 5.908682011067867279e-03 8.845291137695312500e-01 1.009824275970458984e-01 2.991775727423373610e-05 3.570249080657958984e-01 8.857370018959045410e-01 1.036813631653785706e-01
7.093999981880187988e-01 2.081493288278579712e-01 1.901839971542358398e-01 3.787065148353576660e-01 9.167274832725524902e-01 4.211657643318176270e-01 4.625810086727142334e-01 6.921194195747375488e-01 3.725358247756958008e-01 3.998853564262390137e-01 3.424241542816162109e-01 8.364894986152648926e-01 5.805054306983947754e-01 4.822626709938049316e-01
7.497925162315368652e-01 2.350955009460449219e-01 8.187274932861328125e-01 1.179165020585060120e-01 9.755902290344238281e-01 6.245651245117187500e-01 3.672400116920471191e-01 5.541844367980957031e-01 3.881158828735351562e-01 6.588450074195861816e-01 5.565829873085021973e-01 8.516465425491333008e-01 4.489566981792449951e-01 3.762993514537811279e-01
9.245175123214721680e-01 3.292813301086425781e-01 3.029485046863555908e-01 8.124200105667114258e-01 9.904850274324417114e-02 2.921219170093536377e-01 9.692711830139160156e-01 8.937274217605590820e-01 2.015463262796401978e-01 4.682581722736358643e-01 8.794174194335937500e-01 3.033970110118389130e-02 3.955504000186920166e-01 7.932114601135253906e-01
3.177900016307830811e-01 2.047564983367919922e-01 4.164659976959228516e-01 8.137249946594238281e-01 6.786099821329116821e-02 8.415485024452209473e-01 2.752690017223358154e-01 3.307717740535736084e-01 3.068770766258239746e-01 5.422244668006896973e-01 6.022083163261413574e-01 8.649094402790069580e-02 4.529876410961151123e-01 6.311824321746826172e-01
6.908624768257141113e-01 1.761914938688278198e-01 6.206047534942626953e-01 4.896225035190582275e-02 4.275834858417510986e-01 6.206129118800163269e-02 8.456305861473083496e-01 7.205811738967895508e-01 3.461936116218566895e-01 5.650011301040649414e-01 3.742145895957946777e-01 2.981556355953216553e-01 5.121271014213562012e-01 4.569680392742156982e-01
8.495450019836425781e-01 4.356485009193420410e-01 5.237615108489990234e-01 4.692574962973594666e-02 2.006567567586898804e-01 9.751029014587402344e-01 3.268550038337707520e-01 7.215984463691711426e-01 4.987838268280029297e-01 4.448065161705017090e-01 3.741720020771026611e-01 1.619567424058914185e-01 5.023249387741088867e-01 4.174200296401977539e-01
6.626974940299987793e-01 6.160803437232971191e-01 8.048555254936218262e-01 2.185544967651367188e-01 1.981074959039688110e-01 1.904821246862411499e-01 9.888587594032287598e-01 6.477875113487243652e-01 5.093811154365539551e-01 3.604356050491333008e-01 4.822978675365447998e-01 4.184267297387123108e-02 4.708632230758666992e-01 5.237339138984680176e-01
5.556024909019470215e-01 5.215095281600952148e-01 1.173067465424537659e-01 1.007747501134872437e-01 6.445037722587585449e-01 7.761012911796569824e-01 7.328057289123535156e-01 5.161470770835876465e-01 4.885628223419189453e-01 1.650435924530029297e-01 3.530596494674682617e-01 6.184127330780029297e-01 5.972368121147155762e-01 5.215870141983032227e-01
1.255175024271011353e-01 7.278323173522949219e-01 5.887024998664855957e-01 7.753350138664245605e-01 2.963564991950988770e-01 7.432747483253479004e-01 5.356363058090209961e-01 1.866520792245864868e-01 4.956406056880950928e-01 4.190575778484344482e-01 5.517435073852539062e-01 3.890317976474761963e-01 4.899036288261413574e-01 5.703924298286437988e-01
8.159325122833251953e-01 8.127723336219787598e-01 4.299955070018768311e-01 3.074602484703063965e-01 7.682300209999084473e-01 1.046139374375343323e-01 9.368648529052734375e-01 8.317607045173645020e-01 5.588982105255126953e-01 1.272053420543670654e-01 5.142557024955749512e-01 6.774075627326965332e-01 5.857020616531372070e-01 4.765689074993133545e-01
4.984774887561798096e-01 7.421206831932067871e-01 8.284729719161987305e-01 3.709172606468200684e-01 8.933074772357940674e-02 1.202331297099590302e-02 1.692630052566528320e-01 5.628573894500732422e-01 5.465921163558959961e-01 4.453749656677246094e-01 3.468293249607086182e-01 1.118570044636726379e-01 4.871535003185272217e-01 4.131892323493957520e-01
4.261400103569030762e-01 6.895654797554016113e-01 2.852729856967926025e-01 3.168829977512359619e-01 7.995432615280151367e-01 5.288202166557312012e-01 3.185470104217529297e-01 4.232590198516845703e-01 4.660125374794006348e-01 3.624595105648040771e-01 3.620360195636749268e-01 8.524098396301269531e-01 4.744219183921813965e-01 4.862801730632781982e-01
9.532424807548522949e-01 7.239101529121398926e-01 8.261077404022216797e-01 5.291849970817565918e-01 9.522579908370971680e-01 3.971254527568817139e-01 5.970500111579895020e-01 8.095839619636535645e-01 2.691371440887451172e-01 6.781755685806274414e-01 5.994293093681335449e-01 8.826395273208618164e-01 5.404725074768066406e-01 3.646642863750457764e-01
2.100500091910362244e-02 7.724121809005737305e-01 6.247002482414245605e-01 1.344792544841766357e-01 1.556970030069351196e-01 3.803926408290863037e-01 6.249886751174926758e-01 2.891930378973484039e-02 7.406563758850097656e-01 7.407769560813903809e-01 2.043444514274597168e-01 2.110101282596588135e-01 5.284120440483093262e-01 3.492690920829772949e-01
3.836874961853027344e-01 7.113195061683654785e-01 2.442074939608573914e-02 2.645300030708312988e-01 3.441242575645446777e-01 9.131605923175811768e-02 8.435670137405395508e-01 4.230816364288330078e-01 6.950753331184387207e-01 3.815367072820663452e-02 6.445356011390686035e-01 3.129022717475891113e-01 5.522191524505615234e-01 5.334480404853820801e-01
1.217150017619132996e-01 5.950841903686523438e-01 2.520889937877655029e-01 7.785750031471252441e-01 9.794344902038574219e-01 5.327536463737487793e-01 7.240174412727355957e-01 1.087289676070213318e-01 5.335111618041992188e-01 4.675810635089874268e-01 5.394991040229797363e-01 9.501923918724060059e-01 4.462981820106506348e-01 5.510793924331665039e-01
7.007849812507629395e-01 4.251696765422821045e-01 4.579209983348846436e-01 3.648525103926658630e-02 6.657435297966003418e-01 2.796197831630706787e-01 4.927276670932769775e-01 6.553639173507690430e-01 3.798479139804840088e-01 3.063234090805053711e-01 4.105376303195953369e-01 7.309991121292114258e-01 6.131215095520019531e-01 5.505194067955017090e-01
5.730075240135192871e-01 2.195653319358825684e-01 1.101382523775100708e-01 9.483299851417541504e-01 9.567627310752868652e-01 9.248575568199157715e-01 5.135366916656494141e-01 5.812501311302185059e-01 4.129030704498291016e-01 4.040703177452087402e-01 4.968394339084625244e-01 8.475817441940307617e-01 5.060259103775024414e-01 5.151466727256774902e-01
7.931975126266479492e-01 5.990063548088073730e-01 2.060049958527088165e-02 5.247250199317932129e-01 2.603310048580169678e-01 3.264127373695373535e-01 6.586610078811645508e-01 9.024888873100280762e-01 5.934026241302490234e-01 1.651551574468612671e-01 4.643003344535827637e-01 4.053930640220642090e-01 6.110886335372924805e-01 4.075098335742950439e-01
2.096750028431415558e-02 3.860625028610229492e-01 2.796250022947788239e-02 2.733870148658752441e-01 9.157245159149169922e-01 5.558437108993530273e-01 5.390610098838806152e-01 2.642934769392013550e-02 5.901643037796020508e-01 6.094625964760780334e-02 2.541922265663743019e-03 8.975821733474731445e-01 6.803972125053405762e-01 3.409452140331268311e-01
3.549425005912780762e-01 7.581233382225036621e-01 8.644965291023254395e-01 7.300574779510498047e-01 4.799142479896545410e-01 8.601968884468078613e-01 2.410373389720916748e-01 5.037857890129089355e-01 3.575074970722198486e-01 4.291291534900665283e-01 5.690264105796813965e-01 6.813943386077880859e-01 5.393173694610595703e-01 5.707072615623474121e-01
6.054500117897987366e-02 6.133620142936706543e-01 1.874000020325183868e-02 1.009550038725137711e-02 8.535209894180297852e-01 1.459112167358398438e-01 5.775926709175109863e-01 8.398894220590591431e-02 6.684259772300720215e-01 1.566070318222045898e-01 6.782539188861846924e-02 9.506242871284484863e-01 4.721809923648834229e-01 4.244871437549591064e-01
4.501950144767761230e-01 3.748363256454467773e-01 5.718962550163269043e-01 4.383657574653625488e-01 4.021350145339965820e-01 5.167073011398315430e-01 2.236173301935195923e-01 4.324469566345214844e-01 3.816672563552856445e-01 5.683277249336242676e-01 5.115847587585449219e-01 4.440803229808807373e-01 4.390661418437957764e-01 4.136693179607391357e-01
7.776200175285339355e-01 4.082981646060943604e-01 7.722397446632385254e-01 2.918282449245452881e-01 3.308962583541870117e-01 8.466883748769760132e-02 1.762486696243286133e-01 7.942620515823364258e-01 3.447192609310150146e-01 5.583823919296264648e-01 5.182666778564453125e-01 3.227979540824890137e-01 4.663830399513244629e-01 4.479756653308868408e-01
2.403050065040588379e-01 7.360048294067382812e-01 2.690970003604888916e-01 8.562024831771850586e-01 1.991100050508975983e-02 6.648679971694946289e-01 4.599553346633911133e-01 2.354812324047088623e-01 5.273782610893249512e-01 1.035876348614692688e-01 7.862576246261596680e-01 9.341450035572052002e-02 5.495015978813171387e-01 6.760478019714355469e-01
6.786174774169921875e-01 4.366844892501831055e-01 7.893044948577880859e-01 9.527800083160400391e-01 2.716727554798126221e-01 8.550833463668823242e-01 6.999723911285400391e-01 8.118475675582885742e-01 3.671098053455352783e-01 5.385099053382873535e-01 7.646223306655883789e-01 2.017474025487899780e-01 3.383012712001800537e-01 4.844254851341247559e-01
3.357425034046173096e-01 8.201500177383422852e-01 5.704414844512939453e-01 6.572574973106384277e-01 9.313657283782958984e-01 2.976897060871124268e-01 7.335941195487976074e-01 2.800903618335723877e-01 5.664366483688354492e-01 6.436423659324645996e-01 8.243461251258850098e-01 9.125149250030517578e-01 2.998389601707458496e-01 4.442826807498931885e-01
8.867750316858291626e-02 3.224295079708099365e-01 6.583554744720458984e-01 5.230425000190734863e-01 5.189099907875061035e-02 4.180474877357482910e-01 2.007400058209896088e-02 5.578835681080818176e-02 3.527383208274841309e-01 7.614790797233581543e-01 5.785409808158874512e-01 4.729529470205307007e-02 4.909465909004211426e-01 5.697378516197204590e-01
8.192225098609924316e-01 3.317416608333587646e-01 7.671032547950744629e-01 9.017000198364257812e-01 2.042462527751922607e-01 5.813072919845581055e-01 6.180299818515777588e-02 9.471719861030578613e-01 2.382513284683227539e-01 5.905365943908691406e-01 8.305817246437072754e-01 2.576694190502166748e-01 4.317606985569000244e-01 5.617577433586120605e-01
3.902750015258789062e-01 5.561943054199218750e-01 7.827339768409729004e-01 1.885017454624176025e-01 9.268452525138854980e-01 2.787307091057300568e-02 5.715416669845581055e-01 3.682488799095153809e-01 5.056137442588806152e-01 6.362572908401489258e-01 4.753074049949645996e-01 8.336423635482788086e-01 3.892574906349182129e-01 3.401974737644195557e-01
6.674250215291976929e-02 5.417413115501403809e-01 2.789397537708282471e-01 2.661672532558441162e-01 7.399290204048156738e-01 7.864830493927001953e-01 9.274824857711791992e-01 2.940868027508258820e-02 6.471291184425354004e-01 1.339887827634811401e-01 1.161540206521749496e-02 4.883396029472351074e-01 6.965537071228027344e-01 3.399268090724945068e-01
8.109400272369384766e-01 7.889055013656616211e-01 3.948852419853210449e-01 6.009500026702880859e-01 4.379965066909790039e-01 1.562461555004119873e-01 2.623596787452697754e-01 8.746791481971740723e-01 4.853355586528778076e-01 4.507711529731750488e-01 4.942923486232757568e-01 5.548578500747680664e-01 5.082905292510986328e-01 3.527033030986785889e-01
6.881999969482421875e-02 2.182571738958358765e-01 1.376557499170303345e-01 6.239374876022338867e-01 9.720002412796020508e-01 3.398938477039337158e-01 2.844203412532806396e-01 9.418514370918273926e-02 4.882465004920959473e-01 6.355580091476440430e-01 6.967029571533203125e-01 9.174448847770690918e-01 4.620801806449890137e-01 5.518651008605957031e-01
5.585200190544128418e-01 7.541618347167968750e-01 5.957237482070922852e-01 9.839100241661071777e-01 7.607812285423278809e-01 3.064910136163234711e-02 1.736396700143814087e-01 5.613061189651489258e-01 5.913206934928894043e-01 4.655311107635498047e-01 8.849858045578002930e-01 7.577698826789855957e-01 2.449342459440231323e-01 4.241037666797637939e-01
9.074125289916992188e-01 2.505136728286743164e-01 3.429045081138610840e-01 5.561000108718872070e-01 7.731287479400634766e-01 5.574023127555847168e-01 2.182126641273498535e-01 8.629260659217834473e-01 4.286484718322753906e-01 5.092855691909790039e-01 4.541807770729064941e-01 7.353091239929199219e-01 5.313102602958679199e-01 3.619317412376403809e-01
1.697500003501772881e-03 2.052128314971923828e-01 8.254262208938598633e-01 4.673314988613128662e-01 5.136895179748535156e-01 3.532773852348327637e-01 1.424433290958404541e-02 7.968189194798469543e-03 3.436312079429626465e-01 9.408640861511230469e-01 8.385475873947143555e-01 1.862311065196990967e-01 4.190062880516052246e-01 3.823900222778320312e-01
1.567749977111816406e-01 7.670671939849853516e-01 3.213880062103271484e-01 8.067499995231628418e-01 1.678142547607421875e-01 7.131373882293701172e-02 2.599399983882904053e-01 2.614150941371917725e-01 5.720518231391906738e-01 2.004804313182830811e-01 6.444013714790344238e-01 3.115065693855285645e-01 4.617613554000854492e-01 5.395417809486389160e-01
6.168349981307983398e-01 4.037408232688903809e-01 1.616580039262771606e-01 7.432749867439270020e-01 5.563554763793945312e-01 7.999699711799621582e-01 1.299673318862915039e-01 6.111927032470703125e-01 4.103337824344635010e-01 2.706230282783508301e-01 4.831995069980621338e-01 6.077473759651184082e-01 5.766112804412841797e-01 5.474045872688293457e-01
1.986850053071975708e-01 5.572231411933898926e-01 4.441512525081634521e-01 5.925700068473815918e-01 4.984707534313201904e-01 5.399997234344482422e-01 8.419960141181945801e-01 2.649915516376495361e-01 4.176932871341705322e-01 4.190749824047088623e-01 6.346105337142944336e-01 5.585105419158935547e-01 5.510345101356506348e-01 6.531202793121337891e-01
8.248950242996215820e-01 7.038425207138061523e-01 9.996057748794555664e-01 8.325024694204330444e-02 9.278562664985656738e-01 8.856344223022460938e-01 4.287846684455871582e-01 6.153967380523681641e-01 3.710286617279052734e-01 6.151096224784851074e-01 4.684514999389648438e-01 8.763238191604614258e-01 5.292126536369323730e-01 4.176827371120452881e-01
8.813474774360656738e-01 3.891904950141906738e-01 3.636917471885681152e-01 9.584724903106689453e-01 6.880349665880203247e-02 1.990657597780227661e-01 7.262627482414245605e-01 9.134526252746582031e-01 1.598808318376541138e-01 5.781993269920349121e-01 8.878386616706848145e-01 6.233289092779159546e-02 3.876644074916839600e-01 7.528334856033325195e-01
1.284350007772445679e-01 6.631643176078796387e-01 6.328774988651275635e-02 1.418692469596862793e-01 1.792397499084472656e-01 4.968458712100982666e-01 1.209409981966018677e-01 1.335453540086746216e-01 6.315073966979980469e-01 1.140522435307502747e-01 3.507917821407318115e-01 2.300780266523361206e-01 6.307501792907714844e-01 5.197190642356872559e-01
9.635875225067138672e-01 5.637411475181579590e-01 4.383822381496429443e-01 7.597850263118743896e-02 9.052519798278808594e-01 9.879275560379028320e-01 9.250196814537048340e-01 7.919689416885375977e-01 4.952497184276580811e-01 2.609316110610961914e-01 3.654982149600982666e-01 7.102718949317932129e-01 5.706849694252014160e-01 4.270673990249633789e-01
8.729299902915954590e-01 7.463464736938476562e-01 8.662539720535278320e-01 8.754100203514099121e-01 8.440732359886169434e-01 9.832814335823059082e-01 8.517801165580749512e-01 7.493643760681152344e-01 5.223639011383056641e-01 5.908068418502807617e-01 8.352467417716979980e-01 6.639355421066284180e-01 2.816167175769805908e-01 3.328215181827545166e-01
5.949975252151489258e-01 5.057353377342224121e-01 5.988805294036865234e-01 3.418147563934326172e-01 6.337655186653137207e-01 5.259519219398498535e-01 5.760733410716056824e-02 6.175299286842346191e-01 3.395819664001464844e-01 4.440494775772094727e-01 3.887826502323150635e-01 7.420894503593444824e-01 5.941095352172851562e-01 5.215637683868408203e-01
7.419224977493286133e-01 4.392396807670593262e-01 5.558332204818725586e-01 2.116094976663589478e-01 3.972204923629760742e-01 4.682354629039764404e-01 6.004226803779602051e-01 8.324775099754333496e-01 4.394609928131103516e-01 4.851836562156677246e-01 4.019212722778320312e-01 4.087996780872344971e-01 5.287140607833862305e-01 3.837404549121856689e-01
8.364800214767456055e-01 2.710016667842864990e-01 7.002762556076049805e-01 2.519807517528533936e-01 2.885297536849975586e-01 8.502498865127563477e-01 9.438233375549316406e-01 7.721558213233947754e-01 4.174035787582397461e-01 4.872750639915466309e-01 5.985808372497558594e-01 1.021554768085479736e-01 4.087448716163635254e-01 5.000069737434387207e-01
8.034999668598175049e-02 8.062493205070495605e-01 4.360064864158630371e-01 7.908400297164916992e-01 3.615710139274597168e-01 4.221536219120025635e-01 8.304058909416198730e-01 1.072925180196762085e-01 5.965430140495300293e-01 2.835559546947479248e-01 7.578300237655639648e-01 4.692766964435577393e-01 3.996567428112030029e-01 6.162278652191162109e-01
1.794025003910064697e-01 4.401108324527740479e-01 5.952695012092590332e-01 4.741952419281005859e-01 9.085032343864440918e-01 9.068393111228942871e-01 2.860616743564605713e-01 1.261384785175323486e-01 4.383201599121093750e-01 7.109331488609313965e-01 4.326560795307159424e-01 9.150338768959045410e-01 5.479726195335388184e-01 4.553960263729095459e-01
5.568450093269348145e-01 6.437065005302429199e-01 8.851150274276733398e-01 6.475225090980529785e-01 1.756572574377059937e-01 7.180405855178833008e-01 3.212433308362960815e-02 6.464325785636901855e-01 4.612346887588500977e-01 4.699481427669525146e-01 5.400505065917968750e-01 2.133153676986694336e-01 4.112112820148468018e-01 4.300096631050109863e-01
6.374775171279907227e-01 4.486411809921264648e-01 1.933367550373077393e-01 7.991074919700622559e-01 5.403182506561279297e-01 9.167148470878601074e-01 3.306773304939270020e-01 5.718765854835510254e-01 4.780884087085723877e-01 2.922361195087432861e-01 4.579575955867767334e-01 5.223982930183410645e-01 5.003516674041748047e-01 4.609393775463104248e-01
6.120700240135192871e-01 5.740571618080139160e-01 5.120642781257629395e-01 8.653374761343002319e-02 4.943627417087554932e-01 2.611944377422332764e-01 7.549092173576354980e-01 6.815295815467834473e-01 4.293798208236694336e-01 4.087461829185485840e-01 3.294537067413330078e-01 5.255668163299560547e-01 5.471582412719726562e-01 4.140257835388183594e-01
4.469924867153167725e-01 7.451308369636535645e-01 2.578847408294677734e-01 5.253499746322631836e-01 4.693127572536468506e-01 7.279133200645446777e-01 9.899928569793701172e-01 4.294707477092742920e-01 5.321351885795593262e-01 1.279398351907730103e-01 5.473150610923767090e-01 2.927834391593933105e-01 5.758991837501525879e-01 5.351547002792358398e-01
4.331750050187110901e-02 3.074236810207366943e-01 4.799692630767822266e-01 5.963500142097473145e-01 2.638907432556152344e-01 4.979039430618286133e-01 9.746591448783874512e-01 1.850971579551696777e-02 3.171156644821166992e-01 7.621775865554809570e-01 7.551543712615966797e-01 5.066488310694694519e-02 5.231742262840270996e-01 9.201586842536926270e-01
2.589299976825714111e-01 6.359066963195800781e-01 8.574020266532897949e-01 5.857999920845031738e-01 3.669512569904327393e-01 1.112967655062675476e-01 2.941609919071197510e-01 3.407588005065917969e-01 4.495582580566406250e-01 5.988403558731079102e-01 5.948281288146972656e-01 4.641247391700744629e-01 3.795642256736755371e-01 3.860690891742706299e-01
6.753175258636474609e-01 5.855165123939514160e-01 3.768779933452606201e-01 3.575602471828460693e-01 7.087339758872985840e-01 3.318144381046295166e-01 3.250323235988616943e-01 6.765803694725036621e-01 3.489263057708740234e-01 2.896796166896820068e-01 6.287611722946166992e-01 8.121055960655212402e-01 6.337060928344726562e-01 6.315199136734008789e-01
4.319350123405456543e-01 2.201023399829864502e-01 2.271544933319091797e-01 2.004617452621459961e-01 7.734645009040832520e-01 1.259227246046066284e-01 8.821533918380737305e-01 4.662595093250274658e-01 3.909772634506225586e-01 4.719684123992919922e-01 4.326267242431640625e-01 6.677629947662353516e-01 5.131128430366516113e-01 5.015653371810913086e-01
7.354825139045715332e-01 4.861388206481933594e-01 2.284789979457855225e-01 1.091322526335716248e-01 2.454899996519088745e-01 8.421262502670288086e-01 9.701408743858337402e-01 4.321564435958862305e-01 5.680716037750244141e-01 3.311115801334381104e-01 2.375983893871307373e-01 7.657605409622192383e-02 6.097977757453918457e-01 4.598433673381805420e-01
8.141000270843505859e-01 4.891164898872375488e-01 4.006674885749816895e-02 5.827100276947021484e-01 5.042154788970947266e-01 5.178566575050354004e-01 2.908760011196136475e-01 8.682059645652770996e-01 4.317886531352996826e-01 2.038516700267791748e-01 4.124075174331665039e-01 7.207433581352233887e-01 6.733136177062988281e-01 5.071405768394470215e-01
4.663000106811523438e-01 5.125640034675598145e-01 5.874494910240173340e-01 7.036550045013427734e-01 6.947550177574157715e-02 4.312000870704650879e-01 4.654890000820159912e-01 5.182123780250549316e-01 4.747748970985412598e-01 4.227129220962524414e-01 6.060926914215087891e-01 8.608638495206832886e-02 4.032115042209625244e-01 5.083165764808654785e-01
7.167025208473205566e-01 6.054596900939941406e-01 4.423609972000122070e-01 8.019624948501586914e-01 8.645840287208557129e-01 6.784803867340087891e-01 1.883516609668731689e-01 8.296403288841247559e-01 3.483858704566955566e-01 3.222341537475585938e-01 6.996554732322692871e-01 9.175789952278137207e-01 6.105881333351135254e-01 5.902267098426818848e-01
2.617149949073791504e-01 5.295893549919128418e-01 1.559997498989105225e-01 1.640422493219375610e-01 8.358357548713684082e-01 4.258253574371337891e-01 9.723859429359436035e-01 3.242163360118865967e-01 4.694419205188751221e-01 2.352025508880615234e-01 3.460123240947723389e-01 6.631110310554504395e-01 6.061850190162658691e-01 5.692880749702453613e-01
8.441925048828125000e-01 2.410989999771118164e-01 7.056447267532348633e-01 7.654200196266174316e-01 5.485275015234947205e-02 5.961534380912780762e-01 6.470966935157775879e-01 9.000784754753112793e-01 1.874113529920578003e-01 5.465809106826782227e-01 9.107105731964111328e-01 4.123086854815483093e-02 3.355023562908172607e-01 7.465222477912902832e-01
1.801649928092956543e-01 7.603420019149780273e-01 5.677072405815124512e-01 2.697612643241882324e-01 4.702400043606758118e-02 9.978519082069396973e-01 8.639103770256042480e-01 1.145730018615722656e-01 5.154766440391540527e-01 3.094956278800964355e-01 4.030181765556335449e-01 7.588591426610946655e-02 6.315868496894836426e-01 6.067315340042114258e-01
9.962199926376342773e-01 6.550848484039306641e-01 3.846250008791685104e-03 2.122217565774917603e-01 8.671445250511169434e-01 9.400309324264526367e-01 2.761900126934051514e-01 5.470533967018127441e-01 4.545282423496246338e-01 3.613926470279693604e-01 2.756452560424804688e-01 7.659539580345153809e-01 5.204319953918457031e-01 4.384230673313140869e-01
2.698175013065338135e-01 6.942576766014099121e-01 1.674434989690780640e-01 8.185899853706359863e-01 2.747847437858581543e-01 5.642480850219726562e-01 1.363613307476043701e-01 3.229438364505767822e-01 5.708670020103454590e-01 1.041755825281143188e-01 7.353540658950805664e-01 3.484466671943664551e-01 5.030360817909240723e-01 5.818532705307006836e-01
3.713724911212921143e-01 4.494209885597229004e-01 9.146574884653091431e-02 5.088724941015243530e-02 7.216479778289794922e-01 1.497018188238143921e-01 2.110089957714080811e-01 4.423539936542510986e-01 5.039680004119873047e-01 2.255270183086395264e-01 3.063328862190246582e-01 7.547854185104370117e-01 5.163518786430358887e-01 4.952625334262847900e-01
1.323250029236078262e-02 3.783580064773559570e-01 7.665359973907470703e-01 8.064650297164916992e-01 7.990844845771789551e-01 3.885710239410400391e-01 8.736766874790191650e-02 1.703845523297786713e-02 5.391601920127868652e-01 9.107273221015930176e-01 8.314428925514221191e-01 8.329390883445739746e-01 3.751468658447265625e-01 4.704400300979614258e-01
7.812874913215637207e-01 8.164426684379577637e-01 7.108324766159057617e-02 2.481052428483963013e-01 5.354174971580505371e-02 4.161190986633300781e-01 7.398411631584167480e-01 7.644247412681579590e-01 6.574320197105407715e-01 6.874825060367584229e-02 5.245341658592224121e-01 7.218050211668014526e-02 6.546643376350402832e-01 5.091864466667175293e-01
9.865124821662902832e-01 4.368748366832733154e-01 4.525982439517974854e-01 3.285277485847473145e-01 8.410974740982055664e-01 3.436492979526519775e-01 9.645522236824035645e-01 7.671456933021545410e-01 4.534186124801635742e-01 3.666669130325317383e-01 5.437777638435363770e-01 6.244828701019287109e-01 5.031830668449401855e-01 4.409630596637725830e-01
8.974325060844421387e-01 2.575916647911071777e-01 7.572462558746337891e-01 3.391965031623840332e-01 6.682325005531311035e-01 2.186675816774368286e-01 8.826937079429626465e-01 8.387308716773986816e-01 2.230435162782669067e-01 6.461534500122070312e-01 6.188232898712158203e-01 6.401857733726501465e-01 5.660032033920288086e-01 4.816567003726959229e-01
8.158925175666809082e-01 3.456881642341613770e-01 9.641262292861938477e-01 1.607082486152648926e-01 3.560775145888328552e-02 9.606527090072631836e-01 9.759325981140136719e-01 7.580801844596862793e-01 2.706786990165710449e-01 4.416395723819732666e-01 7.259076237678527832e-01 8.239428512752056122e-03 4.550564885139465332e-01 8.070443868637084961e-01
1.370124965906143188e-01 3.030573427677154541e-01 9.773924946784973145e-02 9.463924914598464966e-02 7.869997620582580566e-01 4.077898859977722168e-01 5.425966382026672363e-01 1.801168471574783325e-01 4.644341170787811279e-01 4.226544201374053955e-01 3.213233649730682373e-01 7.695859074592590332e-01 5.359143018722534180e-01 5.426344871520996094e-01
7.438175082206726074e-01 6.377458572387695312e-01 9.899060130119323730e-01 3.296242356300354004e-01 4.340690076351165771e-01 8.144987821578979492e-01 1.637846678495407104e-01 8.214158415794372559e-01 4.873759746551513672e-01 4.909879565238952637e-01 5.138654708862304688e-01 4.777621924877166748e-01 4.492857158184051514e-01 3.354631364345550537e-01
9.323999881744384766e-01 3.661751747131347656e-01 7.173550128936767578e-02 9.061499834060668945e-01 5.201914906501770020e-01 6.365551352500915527e-01 2.483533322811126709e-01 8.547616004943847656e-01 4.829818308353424072e-01 4.942670762538909912e-01 5.177777409553527832e-01 5.082792043685913086e-01 4.643262028694152832e-01 3.324841558933258057e-01
6.403974890708923340e-01 1.812776625156402588e-01 7.186290025711059570e-01 1.826110035181045532e-01 9.235674738883972168e-01 1.713234335184097290e-01 7.629056572914123535e-01 5.523570179939270020e-01 3.979285061359405518e-01 6.034483313560485840e-01 7.212799787521362305e-01 7.993488311767578125e-01 4.061994254589080811e-01 4.447408616542816162e-01
5.647425055503845215e-01 7.346366643905639648e-01 8.560467362403869629e-01 7.396175265312194824e-01 6.451600193977355957e-01 9.212053418159484863e-01 3.232696652412414551e-01 5.580518245697021484e-01 4.665343165397644043e-01 4.759552180767059326e-01 7.878733277320861816e-01 6.929568648338317871e-01 3.352279067039489746e-01 4.630729854106903076e-01
3.969250023365020752e-01 4.868445098400115967e-01 9.126142263412475586e-01 5.097299814224243164e-01 9.071620106697082520e-01 7.078192830085754395e-01 2.489156723022460938e-01 4.249269068241119385e-01 3.652299642562866211e-01 6.645053625106811523e-01 6.548539996147155762e-01 9.169920086860656738e-01 5.173755884170532227e-01 4.806163311004638672e-01
6.698399782180786133e-01 6.449136734008789062e-01 9.128774702548980713e-02 9.916574954986572266e-01 7.850944995880126953e-01 9.974272549152374268e-02 6.776339411735534668e-01 7.264457941055297852e-01 5.588253736495971680e-01 9.106670320034027100e-02 8.854998946189880371e-01 7.899836897850036621e-01 4.504958689212799072e-01 6.359223127365112305e-01
2.989749908447265625e-01 3.900903463363647461e-01 7.611770033836364746e-01 5.751025080680847168e-01 6.940429806709289551e-01 4.495418071746826172e-01 6.194183230400085449e-01 2.827526628971099854e-01 3.106291890144348145e-01 7.181631326675415039e-01 7.518498301506042480e-01 7.080689668655395508e-01 4.576027095317840576e-01 4.812838435173034668e-01
1.585225015878677368e-01 7.340630292892456055e-01 6.829730272293090820e-01 4.475007355213165283e-01 6.366605162620544434e-01 3.876729309558868408e-01 9.420628547668457031e-01 2.217220664024353027e-01 4.050972163677215576e-01 4.560550749301910400e-01 5.953377485275268555e-01 6.805345416069030762e-01 5.793874859809875488e-01 6.558946371078491211e-01
2.846375107765197754e-01 4.710713326930999756e-01 1.407962441444396973e-01 4.320009946823120117e-01 8.948655128479003906e-01 7.737323045730590820e-01 8.859364390373229980e-01 3.156820237636566162e-01 4.489913582801818848e-01 3.105489015579223633e-01 3.918167948722839355e-01 8.152338266372680664e-01 5.477203130722045898e-01 5.668383836746215820e-01
8.780450224876403809e-01 5.469941496849060059e-01 9.665244817733764648e-01 3.642292618751525879e-01 8.808419704437255859e-01 7.378320097923278809e-01 3.512023389339447021e-01 8.054805397987365723e-01 4.692365825176239014e-01 5.672865509986877441e-01 5.442246198654174805e-01 7.995297908782958984e-01 4.460627138614654541e-01 3.434739410877227783e-01
8.036475181579589844e-01 2.518823444843292236e-01 6.328250169754028320e-01 8.370000123977661133e-01 1.324435025453567505e-01 1.285527199506759644e-01 5.727069973945617676e-01 9.330369830131530762e-01 2.038064002990722656e-01 5.803905129432678223e-01 8.732026219367980957e-01 1.178943589329719543e-01 3.826372325420379639e-01 6.565025448799133301e-01
2.208774983882904053e-01 3.254215121269226074e-01 3.224100172519683838e-02 5.585650205612182617e-01 6.299137473106384277e-01 5.669824481010437012e-01 9.136523008346557617e-01 2.545500397682189941e-01 5.212030410766601562e-01 1.467538923025131226e-01 7.399102449417114258e-01 4.272063672542572021e-01 5.797358155250549316e-01 6.745709180831909180e-01
6.341400146484375000e-01 2.281313389539718628e-01 1.487150043249130249e-02 1.323725003749132156e-02 7.149450182914733887e-01 5.451665520668029785e-01 6.353093385696411133e-01 4.288702607154846191e-01 3.286578953266143799e-01 4.121057093143463135e-01 3.584811985492706299e-01 7.752481698989868164e-01 6.547215580940246582e-01 6.389882564544677734e-01
8.614850044250488281e-01 3.864018321037292480e-01 8.318482637405395508e-01 8.611025214195251465e-01 2.365622520446777344e-01 9.255059361457824707e-01 3.051166534423828125e-01 8.917033076286315918e-01 2.533026337623596191e-01 5.838289260864257812e-01 8.405905961990356445e-01 2.168266773223876953e-01 3.750801086425781250e-01 5.595862269401550293e-01
8.320249915122985840e-01 2.998681664466857910e-01 4.143210053443908691e-01 5.417450070381164551e-01 7.014434933662414551e-01 9.409518241882324219e-01 6.318796873092651367e-01 6.491476893424987793e-01 4.482837319374084473e-01 4.154382944107055664e-01 6.157209277153015137e-01 6.302480697631835938e-01 4.258838295936584473e-01 4.502221643924713135e-01
4.272400140762329102e-01 2.574128210544586182e-01 6.712157726287841797e-01 4.088619947433471680e-01 9.342730045318603516e-01 8.447790741920471191e-01 3.897469937801361084e-01 5.016964673995971680e-01 3.009840846061706543e-01 5.675628781318664551e-01 5.016440749168395996e-01 9.213881492614746094e-01 6.239120364189147949e-01 5.390461087226867676e-01
5.798950195312500000e-01 6.780031919479370117e-01 7.554242610931396484e-01 9.880625009536743164e-01 4.750027358531951904e-01 1.862406134605407715e-01 6.142453551292419434e-01 5.728822946548461914e-01 5.215377807617187500e-01 4.851220250129699707e-01 8.339395523071289062e-01 4.940873980522155762e-01 2.700850367546081543e-01 4.104794859886169434e-01
6.362525224685668945e-01 2.733423411846160889e-01 9.975542426109313965e-01 7.477399706840515137e-01 2.463295012712478638e-01 9.802111983299255371e-01 6.646433472633361816e-02 8.050811290740966797e-01 2.601083517074584961e-01 5.840508341789245605e-01 6.695408821105957031e-01 2.293967753648757935e-01 4.338313937187194824e-01 5.352305173873901367e-01
6.312825083732604980e-01 2.546228468418121338e-01 5.712372660636901855e-01 3.460980057716369629e-01 6.178572773933410645e-01 4.528657495975494385e-01 1.277023404836654663e-01 7.028757333755493164e-01 3.291942477226257324e-01 5.258736610412597656e-01 3.962771892547607422e-01 6.874088048934936523e-01 5.766382217407226562e-01 4.514561593532562256e-01
9.764050245285034180e-01 7.269231677055358887e-01 2.711445093154907227e-01 3.747839927673339844e-01 6.142227649688720703e-01 8.628149628639221191e-01 3.085440099239349365e-01 8.441871404647827148e-01 6.684796810150146484e-01 2.364574968814849854e-01 4.561816751956939697e-01 5.869420170783996582e-01 5.256007909774780273e-01 3.471395373344421387e-01
8.067799806594848633e-01 6.760496497154235840e-01 1.784757524728775024e-01 3.130624815821647644e-02 6.377120018005371094e-01 9.640422463417053223e-01 5.679326653480529785e-01 5.537925958633422852e-01 4.552616775035858154e-01 2.855438888072967529e-01 3.066817820072174072e-01 5.860989689826965332e-01 5.614737868309020996e-01 4.532837271690368652e-01
6.057925224304199219e-01 3.115980029106140137e-01 4.256555140018463135e-01 8.433024883270263672e-01 8.073394894599914551e-01 8.771739602088928223e-01 1.603599935770034790e-01 5.917196869850158691e-01 3.432601094245910645e-01 5.578018426895141602e-01 6.006718873977661133e-01 7.999321818351745605e-01 5.107972025871276855e-01 4.820370376110076904e-01
5.547674894332885742e-01 3.044250011444091797e-01 5.264145135879516602e-01 4.936187565326690674e-01 4.112719893455505371e-01 1.621737331151962280e-01 6.781301498413085938e-01 5.803618431091308594e-01 4.497980773448944092e-01 4.919264316558837891e-01 5.708120465278625488e-01 3.614726960659027100e-01 4.006338715553283691e-01 4.116664528846740723e-01
1.865749992430210114e-02 8.193086385726928711e-01 1.713077425956726074e-01 6.129699945449829102e-02 4.871147572994232178e-01 7.545582056045532227e-01 9.924519658088684082e-01 1.280411379411816597e-04 9.942157864570617676e-01 3.630945459008216858e-02 6.470919178096223856e-13 6.072118139854865149e-06 9.994926452636718750e-01 1.109416410326957703e-02
9.808225035667419434e-01 4.601393342018127441e-01 1.942124962806701660e-02 9.465075135231018066e-01 6.670877337455749512e-01 1.035166680812835693e-01 3.370466828346252441e-02 9.508492350578308105e-01 7.104539275169372559e-01 2.263993918895721436e-01 7.275292873382568359e-01 7.230189442634582520e-01 4.789239764213562012e-01 3.413324952125549316e-01
9.133999943733215332e-01 5.379264950752258301e-01 4.813662469387054443e-01 7.658849954605102539e-01 3.250220119953155518e-01 7.570890188217163086e-01 2.507700026035308838e-01 9.435558915138244629e-01 4.441345036029815674e-01 5.078821778297424316e-01 6.349985599517822266e-01 3.763225972652435303e-01 4.691799879074096680e-01 3.684414327144622803e-01
8.333975076675415039e-01 2.529333233833312988e-01 8.677747249603271484e-01 6.541125178337097168e-01 9.100572466850280762e-01 3.150925338268280029e-01 7.506819367408752441e-01 8.435941934585571289e-01 1.976027488708496094e-01 6.897076368331909180e-01 8.099313974380493164e-01 9.178458452224731445e-01 6.598277091979980469e-01 5.401245355606079102e-01
7.621499896049499512e-02 4.196203351020812988e-01 4.880115091800689697e-01 7.176749706268310547e-01 3.931500017642974854e-01 7.470482587814331055e-01 5.604550242424011230e-01 7.309472560882568359e-02 4.164797663688659668e-01 6.889331340789794922e-01 5.110824108123779297e-01 3.872648775577545166e-01 5.285595059394836426e-01 6.996335983276367188e-01
9.622150063514709473e-01 3.672401607036590576e-01 4.315730035305023193e-01 5.890974998474121094e-01 2.976852357387542725e-01 8.230661749839782715e-01 4.263353347778320312e-01 9.529093503952026367e-01 4.096273481845855713e-01 4.865985214710235596e-01 5.843182802200317383e-01 3.665889501571655273e-01 5.390020012855529785e-01 4.120471775531768799e-01
3.755750060081481934e-01 5.931839942932128906e-01 3.499032557010650635e-01 4.208372533321380615e-01 7.672269940376281738e-01 9.975239634513854980e-01 6.351099908351898193e-02 3.175742030143737793e-01 5.962749123573303223e-01 4.760563373565673828e-01 2.604777812957763672e-01 7.356498241424560547e-01 4.476406276226043701e-01 3.568272590637207031e-01
3.981100022792816162e-01 2.819541692733764648e-01 5.770059823989868164e-01 8.607199788093566895e-01 2.366174943745136261e-02 2.042737416923046112e-02 1.091620028018951416e-01 5.531947016716003418e-01 1.868460476398468018e-01 6.142868995666503906e-01 6.616433262825012207e-01 6.865058839321136475e-02 4.719601869583129883e-01 7.747416496276855469e-01
8.554624915122985840e-01 6.537071466445922852e-01 9.578300118446350098e-01 4.308642446994781494e-01 2.263357490301132202e-01 3.710462749004364014e-01 8.904459476470947266e-01 9.192092418670654297e-01 4.622412323951721191e-01 3.942110538482666016e-01 8.026400804519653320e-01 1.942921131849288940e-01 3.825325071811676025e-01 4.699965715408325195e-01
6.094675064086914062e-01 5.914363265037536621e-01 4.981620013713836670e-01 6.647825241088867188e-01 9.630029797554016113e-01 2.017014175653457642e-01 4.487586617469787598e-01 7.180193662643432617e-01 3.313181698322296143e-01 5.181787610054016113e-01 4.828770756721496582e-01 9.351525306701660156e-01 6.017463803291320801e-01 4.962025582790374756e-01
3.252924978733062744e-01 4.903736710548400879e-01 2.082322537899017334e-01 9.700325131416320801e-01 5.515004992485046387e-01 2.473525255918502808e-01 5.070530176162719727e-01 3.766229748725891113e-01 5.445204973220825195e-01 4.699845612049102783e-01 8.889522552490234375e-01 6.171576380729675293e-01 2.453683465719223022e-01 4.837003350257873535e-01
6.806275248527526855e-01 6.559263467788696289e-01 7.233687639236450195e-01 5.689550042152404785e-01 3.091317415237426758e-01 4.911198019981384277e-01 1.333433296531438828e-02 8.402045369148254395e-01 5.239173769950866699e-01 5.072152614593505859e-01 5.075378417968750000e-01 2.999566793441772461e-01 4.102799296379089355e-01 3.146281838417053223e-01
6.708149909973144531e-01 7.460834980010986328e-01 5.697052478790283203e-01 1.247700005769729614e-01 6.827290058135986328e-01 8.476366400718688965e-01 2.288189977407455444e-01 5.896130800247192383e-01 3.960248529911041260e-01 3.786215186119079590e-01 3.407229185104370117e-01 7.339791655540466309e-01 5.522455573081970215e-01 4.831107854843139648e-01
2.883074879646301270e-01 3.998900055885314941e-01 4.245082437992095947e-01 9.971274733543395996e-01 2.127147465944290161e-01 9.044782072305679321e-02 1.894949972629547119e-01 4.138710498809814453e-01 3.850255906581878662e-01 5.609267354011535645e-01 6.582623124122619629e-01 2.920320928096771240e-01 3.768309354782104492e-01 4.553325474262237549e-01
5.538625121116638184e-01 1.737718284130096436e-01 9.059324860572814941e-02 1.470880061388015747e-01 2.515312433242797852e-01 8.202391862869262695e-01 1.857189983129501343e-01 4.044671356678009033e-01 4.858193695545196533e-01 2.977729737758636475e-01 2.489255517721176147e-01 2.358710914850234985e-01 6.112767457962036133e-01 4.566665291786193848e-01
8.557350039482116699e-01 3.413478434085845947e-01 6.399185061454772949e-01 4.771282374858856201e-01 2.543214857578277588e-01 6.311722993850708008e-01 6.887222528457641602e-01 8.898662328720092773e-01 4.021360278129577637e-01 5.254456996917724609e-01 6.204244494438171387e-01 2.020459771156311035e-01 4.260573685169219971e-01 4.404521286487579346e-01
5.000824928283691406e-01 6.582646369934082031e-01 1.011922508478164673e-01 6.044775247573852539e-01 8.873590230941772461e-01 5.297076702117919922e-01 9.362707138061523438e-01 6.120280623435974121e-01 4.983877241611480713e-01 8.174049854278564453e-02 8.216146826744079590e-01 8.206996917724609375e-01 6.183291077613830566e-01 7.087082266807556152e-01
5.146424770355224609e-01 7.400485277175903320e-01 9.453434944152832031e-01 6.225699782371520996e-01 1.413842439651489258e-01 8.122097849845886230e-01 2.889286577701568604e-01 6.355614066123962402e-01 4.266459643840789795e-01 4.626508653163909912e-01 5.068829059600830078e-01 2.151091992855072021e-01 4.487128555774688721e-01 4.734452962875366211e-01
3.458474874496459961e-01 4.892669916152954102e-01 3.762204945087432861e-01 6.692324876785278320e-01 7.701644897460937500e-01 4.186350405216217041e-01 7.823575139045715332e-01 4.735091328620910645e-01 3.087427914142608643e-01 3.990743458271026611e-01 7.707751393318176270e-01 8.358049392700195312e-01 6.224141716957092285e-01 6.922892928123474121e-01
4.759424924850463867e-01 5.396724939346313477e-01 4.260604977607727051e-01 5.443400144577026367e-01 8.675414919853210449e-01 3.678026199340820312e-01 5.653743147850036621e-01 4.731872081756591797e-01 3.473691344261169434e-01 5.957303643226623535e-01 6.046591401100158691e-01 8.755880594253540039e-01 5.365552902221679688e-01 5.058336853981018066e-01
3.531000018119812012e-02 3.460406661033630371e-01 1.447214931249618530e-01 6.900874972343444824e-01 8.749715089797973633e-01 5.909943580627441406e-01 2.430039942264556885e-01 5.141606926918029785e-02 6.346397399902343750e-01 4.192731678485870361e-01 3.713175356388092041e-01 8.202277421951293945e-01 4.294886291027069092e-01 5.265639424324035645e-01
5.178549885749816895e-01 8.025936484336853027e-01 4.754427373409271240e-01 5.204575061798095703e-01 8.190385103225708008e-01 9.527986049652099609e-01 1.604366675019264221e-02 5.261890292167663574e-01 4.897792637348175049e-01 3.195195496082305908e-01 3.469181954860687256e-01 8.268706798553466797e-01 4.580549299716949463e-01 4.567049741744995117e-01
9.318774938583374023e-01 7.922383546829223633e-01 5.414109826087951660e-01 5.016000270843505859e-01 2.836365103721618652e-01 3.041979670524597168e-01 1.624263375997543335e-01 9.425640702247619629e-01 5.186711549758911133e-01 4.045734107494354248e-01 5.853332281112670898e-01 4.164003431797027588e-01 5.080495476722717285e-01 3.492917716503143311e-01
9.915224909782409668e-01 5.852435231208801270e-01 8.502457737922668457e-01 9.862400293350219727e-01 1.550585031509399414e-01 8.512889146804809570e-01 8.949033170938491821e-02 9.877361655235290527e-01 2.591627836227416992e-01 6.170827150344848633e-01 9.028703570365905762e-01 2.398364543914794922e-01 4.379779398441314697e-01 5.456443428993225098e-01
8.863199949264526367e-01 4.069229960441589355e-01 1.893579959869384766e-01 7.294400036334991455e-02 6.903312206268310547e-01 7.342206835746765137e-01 5.326923131942749023e-01 7.266986370086669922e-01 5.347475409507751465e-01 1.971944719552993774e-01 3.660805821418762207e-01 6.543524861335754395e-01 5.702376365661621094e-01 4.387836456298828125e-01
1.083974987268447876e-01 7.824605107307434082e-01 1.283230036497116089e-01 8.469774723052978516e-01 7.821302413940429688e-01 9.846647381782531738e-01 3.239319920539855957e-01 1.941573061048984528e-02 7.801851034164428711e-01 8.237252384424209595e-02 5.839509540237486362e-04 8.445750474929809570e-01 7.488811612129211426e-01 1.847386956214904785e-01
2.710725069046020508e-01 5.734021663665771484e-01 3.155847489833831787e-01 5.611975193023681641e-01 6.579167246818542480e-01 1.268856525421142578e-01 2.591633424162864685e-02 3.147085011005401611e-01 5.770430564880371094e-01 4.999623298645019531e-01 6.572978496551513672e-01 7.097402215003967285e-01 3.170077502727508545e-01 4.244843125343322754e-01
8.018425107002258301e-01 8.067029714584350586e-01 7.353907227516174316e-01 3.280327618122100830e-01 5.407162308692932129e-01 5.744091793894767761e-02 7.603000104427337646e-02 7.882182002067565918e-01 5.737138986587524414e-01 3.740781843662261963e-01 5.350146889686584473e-01 5.803016424179077148e-01 4.516139328479766846e-01 3.591680228710174561e-01
7.876675128936767578e-01 7.800084948539733887e-01 6.484992504119873047e-01 7.177399843931198120e-02 3.393042385578155518e-01 7.921920418739318848e-01 8.614550232887268066e-01 7.082521319389343262e-01 5.492036342620849609e-01 3.946667909622192383e-01 3.493621945381164551e-01 2.954962849617004395e-01 5.068429708480834961e-01 3.566312789916992188e-01
7.887650132179260254e-01 1.707998365163803101e-01 2.689117491245269775e-01 1.715677529573440552e-01 4.584805071353912354e-01 5.856729149818420410e-01 9.326537251472473145e-01 6.549677252769470215e-01 4.676637947559356689e-01 4.446840584278106689e-01 4.303221106529235840e-01 2.978664040565490723e-01 4.798019528388977051e-01 4.202104806900024414e-01
6.138924956321716309e-01 2.990131676197052002e-01 6.870880126953125000e-01 3.610014915466308594e-01 9.075002670288085938e-01 5.366313084959983826e-02 7.136082053184509277e-01 6.547697782516479492e-01 2.620359361171722412e-01 5.998895764350891113e-01 4.929437935352325439e-01 8.590672016143798828e-01 6.273472905158996582e-01 4.975332021713256836e-01
7.764024734497070312e-01 2.303954958915710449e-01 4.517649859189987183e-02 2.238290011882781982e-01 8.824557662010192871e-01 2.316419221460819244e-02 4.090906679630279541e-01 7.978472113609313965e-01 5.055232048034667969e-01 3.391037583351135254e-01 3.093888461589813232e-01 7.867949008941650391e-01 5.529764890670776367e-01 3.887670934200286865e-01
8.611475229263305664e-01 5.029291510581970215e-01 7.918434739112854004e-01 3.507905006408691406e-01 5.899174809455871582e-01 7.605183124542236328e-01 8.123546242713928223e-01 8.365854620933532715e-01 6.024202704429626465e-01 4.832076132297515869e-01 5.920538306236267090e-01 4.428113102912902832e-01 3.688872456550598145e-01 2.672142982482910156e-01
8.742499947547912598e-01 7.550889849662780762e-01 1.301874965429306030e-01 3.596607446670532227e-01 3.129407465457916260e-01 5.421031117439270020e-01 4.128139913082122803e-01 9.044471383094787598e-01 5.711795687675476074e-01 2.110887765884399414e-01 3.291904926300048828e-01 5.220389366149902344e-01 6.412278413772583008e-01 3.714278638362884521e-01
2.718900144100189209e-01 3.575906753540039062e-01 3.067690134048461914e-01 3.941100090742111206e-02 1.523900032043457031e-02 5.528578907251358032e-02 5.284450054168701172e-01 1.751946359872817993e-01 6.260354518890380859e-01 4.754541218280792236e-01 1.275328993797302246e-01 2.584446780383586884e-02 6.526435017585754395e-01 4.454986155033111572e-01
1.728074997663497925e-01 2.856569886207580566e-01 3.369545042514801025e-01 4.146249964833259583e-02 3.664335012435913086e-01 9.702808260917663574e-01 4.931366816163063049e-02 1.071436926722526550e-01 4.615990519523620605e-01 4.703257679939270020e-01 2.070718854665756226e-01 2.766497731208801270e-01 6.353389024734497070e-01 5.926476716995239258e-01
1.085475012660026550e-01 6.530045270919799805e-01 3.547127544879913330e-01 5.272049903869628906e-01 1.486320048570632935e-01 2.973003983497619629e-01 4.634983241558074951e-01 1.739937812089920044e-01 5.068901777267456055e-01 3.355443775653839111e-01 4.727058708667755127e-01 2.298924922943115234e-01 5.666945576667785645e-01 5.817824006080627441e-01
9.037575125694274902e-01 5.142486691474914551e-01 5.011535286903381348e-01 9.820874929428100586e-01 6.129559874534606934e-01 9.437861442565917969e-01 6.548510193824768066e-01 8.253206014633178711e-01 5.136935114860534668e-01 4.866540729999542236e-01 7.690397500991821289e-01 5.263257622718811035e-01 3.386301994323730469e-01 3.527196943759918213e-01
4.373475015163421631e-01 4.566441774368286133e-01 3.355149924755096436e-02 9.868274927139282227e-01 9.817682504653930664e-01 2.539312243461608887e-01 9.301999956369400024e-02 4.119922816753387451e-01 6.379675269126892090e-01 5.438912510871887207e-01 8.150877356529235840e-01 9.271848797798156738e-01 2.731159925460815430e-01 4.201439619064331055e-01
5.892574787139892578e-01 5.256671905517578125e-01 3.833220005035400391e-01 4.100677371025085449e-01 4.292050004005432129e-01 7.145943641662597656e-01 9.107893109321594238e-01 5.136701464653015137e-01 5.045910477638244629e-01 4.378851652145385742e-01 4.381030499935150146e-01 3.490305244922637939e-01 4.528427720069885254e-01 3.947483599185943604e-01
8.896124958992004395e-01 5.709164738655090332e-01 6.017615199089050293e-01 7.296774983406066895e-01 2.513777613639831543e-01 2.104885876178741455e-01 4.076339900493621826e-01 9.610262513160705566e-01 3.204973042011260986e-01 5.587197542190551758e-01 7.540574073791503906e-01 2.758088409900665283e-01 4.579127430915832520e-01 4.814579784870147705e-01
2.978374958038330078e-01 4.444159865379333496e-01 2.433724999427795410e-01 1.843509972095489502e-01 2.251757532358169556e-01 9.433394297957420349e-03 1.765493303537368774e-01 3.328876495361328125e-01 5.662704706192016602e-01 4.670420587062835693e-01 2.189410924911499023e-01 2.583026885986328125e-01 5.534487962722778320e-01 3.586904704570770264e-01
3.598349988460540771e-01 2.996903359889984131e-01 4.710000066552311182e-04 7.063224911689758301e-01 9.674689769744873047e-01 1.224954575300216675e-01 1.405729949474334717e-01 3.892728388309478760e-01 3.979333341121673584e-01 5.300128459930419922e-01 6.443009376525878906e-01 9.418212771415710449e-01 5.199952721595764160e-01 5.509147047996520996e-01
9.644324779510498047e-01 4.646173417568206787e-01 5.738940238952636719e-01 1.671027541160583496e-01 7.665525078773498535e-01 6.398222446441650391e-01 8.692036867141723633e-01 8.376827836036682129e-01 3.051505088806152344e-01 3.599413037300109863e-01 5.141820311546325684e-01 7.949190735816955566e-01 6.952486038208007812e-01 5.790059566497802734e-01
2.768650054931640625e-01 3.343124985694885254e-01 1.403087526559829712e-01 9.292724728584289551e-01 6.357747316360473633e-01 5.279412865638732910e-01 7.147667407989501953e-01 3.831277489662170410e-01 4.642540216445922852e-01 2.697696685791015625e-01 8.475782871246337891e-01 6.507056355476379395e-01 4.123863577842712402e-01 6.402779817581176758e-01
3.513149917125701904e-01 1.672963351011276245e-01 3.242172598838806152e-01 3.931129872798919678e-01 9.706640243530273438e-01 3.940488770604133606e-02 2.433539927005767822e-01 4.011277854442596436e-01 3.752383589744567871e-01 6.373227834701538086e-01 4.648635685443878174e-01 8.953894972801208496e-01 5.443758964538574219e-01 4.549549221992492676e-01
9.710000157356262207e-01 6.171716451644897461e-01 4.681645035743713379e-01 5.625025033950805664e-01 6.266077756881713867e-01 7.416483759880065918e-01 7.225397825241088867e-01 7.095617651939392090e-01 5.434827804565429688e-01 4.946228563785552979e-01 6.649731993675231934e-01 4.883565008640289307e-01 3.456246256828308105e-01 3.253356814384460449e-01
4.696499928832054138e-02 5.904046893119812012e-01 4.128272533416748047e-01 8.961125016212463379e-01 4.829832613468170166e-01 6.732547283172607422e-01 6.345176696777343750e-01 3.972362354397773743e-02 6.589932441711425781e-01 4.468943774700164795e-01 8.290299177169799805e-01 4.762891232967376709e-01 3.366663455963134766e-01 6.278008222579956055e-01
2.299724966287612915e-01 5.938348174095153809e-01 7.080182433128356934e-01 6.222224831581115723e-01 1.198759973049163818e-01 1.493485867977142334e-01 1.097576692700386047e-01 2.614549994468688965e-01 4.864312410354614258e-01 6.217079162597656250e-01 5.396736264228820801e-01 2.294265180826187134e-01 3.895337283611297607e-01 3.729150295257568359e-01
4.988500103354454041e-02 6.964138150215148926e-01 9.342284798622131348e-01 2.847700007259845734e-02 1.156070008873939514e-01 4.264587759971618652e-01 2.090653330087661743e-01 5.164781212806701660e-02 6.512915492057800293e-01 7.566241025924682617e-01 2.027900815010070801e-01 1.887717247009277344e-01 5.484701991081237793e-01 3.659097254276275635e-01
4.282124936580657959e-01 3.620181679725646973e-01 1.770379990339279175e-01 5.411224961280822754e-01 5.354024767875671387e-01 9.847211837768554688e-02 9.538111090660095215e-01 4.640171527862548828e-01 5.104610919952392578e-01 4.095971882343292236e-01 5.117952227592468262e-01 3.884524106979370117e-01 4.293538033962249756e-01 4.226994812488555908e-01
8.657900094985961914e-01 6.814615130424499512e-01 1.793574914336204529e-02 1.648710072040557861e-01 1.341844946146011353e-01 8.240299224853515625e-01 5.403280258178710938e-01 7.068185806274414062e-01 5.594540238380432129e-01 1.246043220162391663e-01 3.085853457450866699e-01 1.574050337076187134e-01 6.735656261444091797e-01 4.615615010261535645e-01
7.591099739074707031e-01 3.764336705207824707e-01 4.209222495555877686e-01 1.516019999980926514e-01 8.258845210075378418e-01 4.438230395317077637e-01 5.119349956512451172e-01 5.611448884010314941e-01 4.378815889358520508e-01 5.318648815155029297e-01 5.312513709068298340e-01 7.204126715660095215e-01 4.192420244216918945e-01 4.061270654201507568e-01
3.152500092983245850e-01 8.091403245925903320e-01 2.362122535705566406e-01 7.664824724197387695e-01 4.129225015640258789e-01 1.563698053359985352e-01 8.539366722106933594e-02 3.812230229377746582e-01 6.403637528419494629e-01 2.163864821195602417e-01 7.072959542274475098e-01 5.124459862709045410e-01 3.682318925857543945e-01 4.937521517276763916e-01
8.833774924278259277e-01 3.062469959259033203e-01 7.148334980010986328e-01 9.394775032997131348e-01 8.379694819450378418e-01 4.785756468772888184e-01 1.238410025835037231e-01 9.066841006278991699e-01 4.077318310737609863e-01 6.695393323898315430e-01 8.835064172744750977e-01 8.589575886726379395e-01 3.960410952568054199e-01 3.621236383914947510e-01
2.624450027942657471e-01 7.081418037414550781e-01 9.133097529411315918e-01 3.516725003719329834e-01 3.775087594985961914e-01 4.892603158950805664e-01 7.394219040870666504e-01 3.114087581634521484e-01 5.483837723731994629e-01 5.461330413818359375e-01 4.149750471115112305e-01 4.271965920925140381e-01 4.251255393028259277e-01 3.678209185600280762e-01
6.288675069808959961e-01 4.013208448886871338e-01 6.271439790725708008e-01 5.914325118064880371e-01 6.386572718620300293e-01 7.352977991104125977e-02 8.387137651443481445e-01 7.409286499023437500e-01 3.880656063556671143e-01 4.976095259189605713e-01 5.673637390136718750e-01 5.976163744926452637e-01 4.776341319084167480e-01 4.281077980995178223e-01
9.649000316858291626e-02 6.352553367614746094e-01 2.174887508153915405e-01 3.789815008640289307e-01 5.279592275619506836e-01 7.699582576751708984e-01 2.776649892330169678e-01 9.668155759572982788e-02 6.246927380561828613e-01 3.686245679855346680e-01 1.620391458272933960e-01 6.305896639823913574e-01 5.150327682495117188e-01 4.257340729236602783e-01
4.747500177472829819e-03 6.919398307800292969e-01 4.735707640647888184e-01 8.740749955177307129e-01 4.507279992103576660e-01 8.296979069709777832e-01 8.891859650611877441e-01 3.410521894693374634e-02 7.732073068618774414e-01 3.434236943721771240e-01 1.804365813732147217e-01 4.569287598133087158e-01 5.245304703712463379e-01 4.156443476676940918e-01
7.755525112152099609e-01 7.979681491851806641e-01 9.111917614936828613e-01 3.796250093728303909e-03 7.594450116157531738e-01 3.547005057334899902e-01 3.552263379096984863e-01 8.348872661590576172e-01 3.895411491394042969e-01 3.613599836826324463e-01 3.455804288387298584e-01 8.454676270484924316e-01 6.356127262115478516e-01 4.656064510345458984e-01
3.808274865150451660e-01 4.288845062255859375e-01 9.527517557144165039e-01 7.650700211524963379e-01 2.052497565746307373e-01 4.425476789474487305e-01 9.385688900947570801e-01 4.469610154628753662e-01 2.632968425750732422e-01 5.179374217987060547e-01 8.107231259346008301e-01 1.576831191778182983e-01 3.698904514312744141e-01 6.575169563293457031e-01
7.254800200462341309e-01 3.581161797046661377e-01 4.086399972438812256e-01 7.949575185775756836e-01 1.915449947118759155e-01 7.611119151115417480e-01 8.981286883354187012e-01 7.877911329269409180e-01 3.583485484123229980e-01 4.709796905517578125e-01 6.898028254508972168e-01 9.495308250188827515e-02 4.016454219818115234e-01 5.755289793014526367e-01
9.948474764823913574e-01 6.081855297088623047e-01 7.062167525291442871e-01 1.075472533702850342e-01 5.257187485694885254e-01 3.161324262619018555e-01 1.537179946899414062e-01 9.700936079025268555e-01 4.215950369834899902e-01 4.935892224311828613e-01 4.325963854789733887e-01 7.001445293426513672e-01 6.300100088119506836e-01 3.367084264755249023e-01
6.872249841690063477e-01 8.315606713294982910e-01 4.650804996490478516e-01 8.842549920082092285e-01 9.784927368164062500e-01 4.295774698257446289e-01 2.765719890594482422e-01 7.610033154487609863e-01 4.714192748069763184e-01 5.461084246635437012e-01 6.802943944931030273e-01 9.368657469749450684e-01 4.401512145996093750e-01 4.333382546901702881e-01
1.120124980807304382e-01 4.812506735324859619e-01 2.018055021762847900e-01 6.449974775314331055e-01 9.377920031547546387e-01 1.845426261425018311e-01 3.518233448266983032e-02 1.105263680219650269e-01 5.557610392570495605e-01 6.943486928939819336e-01 6.795706748962402344e-01 9.494440555572509766e-01 3.969448208808898926e-01 4.506112933158874512e-01
3.766674995422363281e-01 3.590076565742492676e-01 7.314479947090148926e-01 3.205557465553283691e-01 9.059237241744995117e-01 6.269232034683227539e-01 1.329353302717208862e-01 3.625197708606719971e-01 4.039223790168762207e-01 6.686682701110839844e-01 5.736499428749084473e-01 9.111315011978149414e-01 4.980063438415527344e-01 4.481454491615295410e-01
9.774324893951416016e-01 7.538981437683105469e-01 8.305014967918395996e-01 1.580124907195568085e-02 7.033837437629699707e-01 1.430432349443435669e-01 8.005074858665466309e-01 9.471544623374938965e-01 4.412439167499542236e-01 2.044190317392349243e-01 5.322895646095275879e-01 8.278731703758239746e-01 6.486523151397705078e-01 4.920172095298767090e-01
6.378099918365478516e-01 3.201574981212615967e-01 2.945742607116699219e-01 5.731174945831298828e-01 3.922002613544464111e-01 3.540772795677185059e-01 4.411259889602661133e-01 6.070115566253662109e-01 4.789157509803771973e-01 4.274970889091491699e-01 5.446394085884094238e-01 3.985212743282318115e-01 4.245910346508026123e-01 4.144042432308197021e-01
3.080675005912780762e-01 7.010611891746520996e-01 4.994640052318572998e-01 5.099800229072570801e-01 5.613575130701065063e-02 7.657982707023620605e-01 4.196510016918182373e-01 3.125467598438262939e-01 5.531415343284606934e-01 3.788655698299407959e-01 4.681656956672668457e-01 1.385057568550109863e-01 4.779559075832366943e-01 4.713542163372039795e-01
9.125425219535827637e-01 4.284253418445587158e-01 6.012215018272399902e-01 9.908000230789184570e-01 4.402920007705688477e-01 6.208976507186889648e-01 4.471476674079895020e-01 9.380729794502258301e-01 3.961448371410369873e-01 5.287394523620605469e-01 8.921818733215332031e-01 4.808726608753204346e-01 3.816632330417633057e-01 4.520101249217987061e-01
4.709349870681762695e-01 3.548451662063598633e-01 7.789080142974853516e-01 1.375962495803833008e-01 1.834249943494796753e-01 8.134646415710449219e-01 4.403123259544372559e-01 4.599340856075286865e-01 3.943930268287658691e-01 5.514650344848632812e-01 3.368534743785858154e-01 1.819785982370376587e-01 5.199211239814758301e-01 4.939583539962768555e-01
3.710424900054931641e-01 5.534488558769226074e-01 2.560982406139373779e-01 9.934975206851959229e-02 7.513424754142761230e-01 8.485526442527770996e-01 3.969869911670684814e-01 3.070462048053741455e-01 4.470636844635009766e-01 3.357833027839660645e-01 2.374944537878036499e-01 7.789440155029296875e-01 5.416915416717529297e-01 5.001814961433410645e-01
9.339575171470642090e-01 4.130261540412902832e-01 6.500807404518127441e-01 7.896324992179870605e-01 8.682102560997009277e-01 1.072061620652675629e-02 3.690566718578338623e-01 9.612131118774414062e-01 3.747114837169647217e-01 6.728359460830688477e-01 7.345230579376220703e-01 8.327686786651611328e-01 4.999171495437622070e-01 3.074658811092376709e-01
7.518200278282165527e-01 5.801334977149963379e-01 6.751472353935241699e-01 4.115785062313079834e-01 5.104140043258666992e-01 4.630285799503326416e-01 3.231316804885864258e-01 6.150220632553100586e-01 5.094696283340454102e-01 5.161898732185363770e-01 5.913726687431335449e-01 4.636208415031433105e-01 3.687057197093963623e-01 3.457051813602447510e-01
8.601500093936920166e-02 1.790011674165725708e-01 3.285039961338043213e-01 2.262952476739883423e-01 5.205295085906982422e-01 1.034278795123100281e-01 7.129514813423156738e-01 1.272689253091812134e-01 4.058450758457183838e-01 7.172826528549194336e-01 3.322048783302307129e-01 4.096687436103820801e-01 5.368573069572448730e-01 5.760435461997985840e-01
5.384299755096435547e-01 6.914726495742797852e-01 7.503899931907653809e-02 8.818050026893615723e-01 2.162960022687911987e-01 2.338714152574539185e-01 3.813476562500000000e-01 5.636721253395080566e-01 6.923180818557739258e-01 2.542558610439300537e-01 6.193025708198547363e-01 2.866779267787933350e-01 3.996349573135375977e-01 3.748752176761627197e-01
5.683975219726562500e-01 8.110686540603637695e-01 5.762065052986145020e-01 1.738864928483963013e-01 4.620465040206909180e-01 2.299935370683670044e-01 5.021939873695373535e-01 5.117826461791992188e-01 5.087606906890869141e-01 4.545317888259887695e-01 4.015893936157226562e-01 4.793525338172912598e-01 4.579339325428009033e-01 3.794978559017181396e-01
6.241850256919860840e-01 5.553466677665710449e-01 9.314810037612915039e-01 9.446575045585632324e-01 8.736892342567443848e-01 7.963523268699645996e-01 9.412137866020202637e-01 7.469298839569091797e-01 3.311729729175567627e-01 3.941283822059631348e-01 8.916041851043701172e-01 8.586965203285217285e-01 5.312007665634155273e-01 6.470947861671447754e-01
2.081274986267089844e-01 5.066146850585937500e-01 2.573125064373016357e-02 1.949255019426345825e-01 8.051250129938125610e-03 7.783830165863037109e-01 1.631043404340744019e-01 1.021472588181495667e-01 6.291602253913879395e-01 8.830285817384719849e-02 4.649205505847930908e-01 4.779096692800521851e-02 6.714131832122802734e-01 5.873477458953857422e-01
7.902500219643115997e-03 2.775788307189941406e-01 9.630687236785888672e-01 5.940250121057033539e-03 9.443989992141723633e-01 8.861111477017402649e-03 8.763636350631713867e-01 4.337308928370475769e-02 4.150044620037078857e-01 8.434636592864990234e-01 2.502655386924743652e-01 7.544851303100585938e-01 6.136766672134399414e-01 4.633278548717498779e-01
3.490175008773803711e-01 3.315578401088714600e-01 6.813782453536987305e-01 8.463649749755859375e-01 4.392812550067901611e-01 4.820770621299743652e-01 5.543839931488037109e-01 3.830257952213287354e-01 2.134894430637359619e-01 6.839981675148010254e-01 7.118498682975769043e-01 5.701311230659484863e-01 5.165155529975891113e-01 6.495590209960937500e-01
6.325374841690063477e-01 4.777173399925231934e-01 9.069085121154785156e-01 2.631149999797344208e-02 4.379667639732360840e-01 7.652301192283630371e-01 1.946966722607612610e-02 6.621367335319519043e-01 4.049437940120697021e-01 4.889251589775085449e-01 3.376648128032684326e-01 5.203658938407897949e-01 5.314095020294189453e-01 4.088174998760223389e-01
2.474450021982192993e-01 6.708019971847534180e-01 6.160609722137451172e-01 6.686449795961380005e-02 9.973790049552917480e-01 5.136569738388061523e-01 1.479963362216949463e-01 2.033314853906631470e-01 4.726489782333374023e-01 3.868953585624694824e-01 1.439918428659439087e-01 9.727008342742919922e-01 5.244363546371459961e-01 4.346026480197906494e-01
2.414000034332275391e-01 2.934930026531219482e-01 6.491835117340087891e-01 8.848274946212768555e-01 1.507987529039382935e-01 9.573894143104553223e-01 2.810910046100616455e-01 2.696722447872161865e-01 2.827020287513732910e-01 5.952969789505004883e-01 7.077546119689941406e-01 1.735211014747619629e-01 4.314938485622406006e-01 6.471993923187255859e-01
3.619500100612640381e-01 1.991406679153442383e-01 9.865717291831970215e-01 3.456399962306022644e-02 4.986245036125183105e-01 4.302488863468170166e-01 5.639186501502990723e-01 3.493600189685821533e-01 2.604435384273529053e-01 6.365206837654113770e-01 4.219362735748291016e-01 5.791416168212890625e-01 5.697403550148010254e-01 6.232038736343383789e-01
7.787299752235412598e-01 6.428518295288085938e-01 1.538529992103576660e-01 4.492387473583221436e-01 4.656944870948791504e-01 2.912509143352508545e-01 1.223846673965454102e-01 8.444003462791442871e-01 5.048261284828186035e-01 1.936705112457275391e-01 4.603154361248016357e-01 6.329936981201171875e-01 6.026270389556884766e-01 4.548822343349456787e-01
9.658700227737426758e-01 4.178045094013214111e-01 1.517977565526962280e-01 2.776125073432922363e-02 6.223834753036499023e-01 1.368252560496330261e-02 7.477154731750488281e-01 8.473544120788574219e-01 3.845306932926177979e-01 3.127801418304443359e-01 3.927800357341766357e-01 6.953144073486328125e-01 6.444692015647888184e-01 4.899739027023315430e-01
8.769749850034713745e-02 3.803251683712005615e-01 1.799227446317672729e-01 4.054565131664276123e-01 4.197404980659484863e-01 6.658194065093994141e-01 5.733813047409057617e-01 1.100219562649726868e-01 5.206030607223510742e-01 3.225474655628204346e-01 3.576628863811492920e-01 2.953184843063354492e-01 6.122313737869262695e-01 6.045936942100524902e-01
5.782099962234497070e-01 5.492921471595764160e-01 7.322502732276916504e-01 6.360499858856201172e-01 5.924792289733886719e-01 6.236026287078857422e-01 7.244538068771362305e-01 5.130299925804138184e-01 5.189934372901916504e-01 5.337201952934265137e-01 6.465334892272949219e-01 5.119217038154602051e-01 3.334058225154876709e-01 3.570376336574554443e-01
7.511274814605712891e-01 2.561973333358764648e-01 2.034094929695129395e-01 5.781000107526779175e-02 3.090412616729736328e-01 6.001533269882202148e-01 2.684339880943298340e-01 6.291326880455017090e-01 4.959053397178649902e-01 4.255201518535614014e-01 3.350575566291809082e-01 3.180106580257415771e-01 5.199506878852844238e-01 3.954118490219116211e-01
2.233500033617019653e-01 2.889033257961273193e-01 7.361829876899719238e-01 6.372399926185607910e-01 9.772074818611145020e-01 1.930858641862869263e-01 5.314249992370605469e-01 1.791490018367767334e-01 3.854111731052398682e-01 8.136772513389587402e-01 7.453339099884033203e-01 9.047301411628723145e-01 4.732769131660461426e-01 4.049566090106964111e-01
9.253799915313720703e-01 7.197476625442504883e-01 6.850184798240661621e-01 9.621375203132629395e-01 2.298794984817504883e-01 8.561994880437850952e-02 7.906510829925537109e-01 9.809055328369140625e-01 5.043962001800537109e-01 3.326333761215209961e-01 9.478440880775451660e-01 3.138692975044250488e-01 3.686266541481018066e-01 4.893641173839569092e-01
6.271250247955322266e-01 1.996716707944869995e-01 8.539312481880187988e-01 7.863399982452392578e-01 3.019177615642547607e-01 6.361659765243530273e-01 9.492045044898986816e-01 7.614911198616027832e-01 2.042148411273956299e-01 5.473499298095703125e-01 7.918633818626403809e-01 2.018653750419616699e-01 4.553800523281097412e-01 7.088768482208251953e-01
9.157475233078002930e-01 7.877186536788940430e-01 5.659097433090209961e-01 7.570624947547912598e-01 5.788050293922424316e-01 5.376968979835510254e-01 9.000568985939025879e-01 8.753767013549804688e-01 5.185422301292419434e-01 3.694647848606109619e-01 7.267142534255981445e-01 5.874410867691040039e-01 4.473692476749420166e-01 4.110103249549865723e-01
5.659899711608886719e-01 5.330229997634887695e-01 6.296747326850891113e-01 8.884599804878234863e-01 2.933999896049499512e-01 3.588409125804901123e-01 4.630613327026367188e-01 6.474267840385437012e-01 4.398865401744842529e-01 4.338856935501098633e-01 6.707895398139953613e-01 3.304376602172851562e-01 3.806659579277038574e-01 4.542163908481597900e-01
2.679999917745590210e-03 4.351231753826141357e-01 3.351089954376220703e-01 5.842099785804748535e-01 8.974232673645019531e-01 6.055665612220764160e-01 5.793313384056091309e-01 3.382104262709617615e-02 7.028931975364685059e-01 5.352048277854919434e-01 1.173561364412307739e-01 8.552802205085754395e-01 4.655200541019439697e-01 3.448156118392944336e-01
4.033350050449371338e-01 4.212691783905029297e-01 1.912339925765991211e-01 2.825247645378112793e-01 7.213000208139419556e-02 6.112124323844909668e-01 4.370783269405364990e-01 3.292075097560882568e-01 5.335568189620971680e-01 3.391288220882415771e-01 3.088151216506958008e-01 7.532148808240890503e-02 5.871437788009643555e-01 5.065439343452453613e-01
1.106349974870681763e-01 6.190180182456970215e-01 1.793787479400634766e-01 1.274842470884323120e-01 3.577984869480133057e-01 5.410595797002315521e-03 5.348500013351440430e-01 1.772712469100952148e-01 6.340655088424682617e-01 3.095387518405914307e-01 3.085761368274688721e-01 3.487490713596343994e-01 5.378328561782836914e-01 4.393240511417388916e-01
4.543924927711486816e-01 7.378360033035278320e-01 5.042652487754821777e-01 5.452425032854080200e-02 3.704949915409088135e-01 3.414631187915802002e-01 3.860243260860443115e-01 4.541867673397064209e-01 4.796156883239746094e-01 3.614981770515441895e-01 3.643082976341247559e-01 4.382140934467315674e-01 5.182523131370544434e-01 4.400137960910797119e-01
3.660899996757507324e-01 2.527939975261688232e-01 7.037402391433715820e-01 5.978599786758422852e-01 6.748697757720947266e-01 7.463386654853820801e-01 2.581023275852203369e-01 3.149031400680541992e-01 3.012252151966094971e-01 7.113978266716003418e-01 6.369077563285827637e-01 7.045498490333557129e-01 4.999742507934570312e-01 4.730583727359771729e-01
7.690225243568420410e-01 4.442251622676849365e-01 3.291552364826202393e-01 6.761325150728225708e-02 4.906134903430938721e-01 9.290133118629455566e-01 6.837782263755798340e-01 7.301570773124694824e-01 5.145495533943176270e-01 3.108860254287719727e-01 2.482694387435913086e-01 5.055783390998840332e-01 5.943000912666320801e-01 3.721950650215148926e-01
7.788749933242797852e-01 1.939969956874847412e-01 7.486305236816406250e-01 8.033400028944015503e-02 7.285297513008117676e-01 6.470609307289123535e-01 3.644200041890144348e-02 7.355322241783142090e-01 3.675405979156494141e-01 4.857996702194213867e-01 4.697107672691345215e-01 7.397276759147644043e-01 5.370174050331115723e-01 4.468258619308471680e-01
4.922575056552886963e-01 4.644699990749359131e-01 9.722380042076110840e-01 8.096274733543395996e-02 5.000154972076416016e-01 2.986226379871368408e-01 3.622196614742279053e-01 5.992586016654968262e-01 4.327978491783142090e-01 4.749293029308319092e-01 3.884558379650115967e-01 5.171932578086853027e-01 4.903673827648162842e-01 3.997779488563537598e-01
6.248199939727783203e-01 2.757619917392730713e-01 4.636437594890594482e-01 5.869824886322021484e-01 7.075825333595275879e-02 1.443950533866882324e-01 9.021561741828918457e-01 6.821707487106323242e-01 3.448351621627807617e-01 3.770170509815216064e-01 7.944651246070861816e-01 2.788364700973033905e-02 3.808383643627166748e-01 7.126179933547973633e-01
9.167299866676330566e-01 5.198621749877929688e-01 8.730900287628173828e-02 1.401827484369277954e-01 9.455597400665283203e-01 2.844321131706237793e-01 4.433700144290924072e-01 7.069219946861267090e-01 4.011870622634887695e-01 2.506463229656219482e-01 3.968764543533325195e-01 8.816072940826416016e-01 6.149591803550720215e-01 5.504563450813293457e-01
5.328249931335449219e-02 6.268031597137451172e-01 8.656234741210937500e-01 7.841125130653381348e-01 1.281207501888275146e-01 4.714569821953773499e-02 7.636972069740295410e-01 6.710977852344512939e-02 5.383727550506591797e-01 7.433996796607971191e-01 5.525975227355957031e-01 1.656576246023178101e-01 4.207845628261566162e-01 4.702268540859222412e-01
3.370625078678131104e-01 5.679903626441955566e-01 4.762847423553466797e-01 6.781899929046630859e-01 1.619534939527511597e-01 1.665432378649711609e-02 1.155476644635200500e-01 4.518209993839263916e-01 4.847887456417083740e-01 4.607901275157928467e-01 4.829720854759216309e-01 2.870165109634399414e-01 4.377258121967315674e-01 4.181100428104400635e-01
2.262825071811676025e-01 3.520023226737976074e-01 2.302384972572326660e-01 2.541489899158477783e-01 6.097245216369628906e-01 9.378677010536193848e-01 1.245416700839996338e-01 2.495071738958358765e-01 4.613880515098571777e-01 4.363514482975006104e-01 2.277858108282089233e-01 6.027824282646179199e-01 5.471268296241760254e-01 4.662839174270629883e-01
3.556700050830841064e-01 6.033438444137573242e-01 7.590600103139877319e-02 7.855924963951110840e-01 8.106474876403808594e-01 7.986918091773986816e-01 4.689953327178955078e-01 4.233887493610382080e-01 4.897716939449310303e-01 1.903109848499298096e-01 5.924943089485168457e-01 8.894606232643127441e-01 5.125214457511901855e-01 6.177984476089477539e-01
8.429775238037109375e-01 7.083874940872192383e-01 8.969835042953491211e-01 3.316935002803802490e-01 1.922460049390792847e-01 1.513917148113250732e-01 6.337006688117980957e-01 9.615828990936279297e-01 4.433274865150451660e-01 4.535016119480133057e-01 5.914584398269653320e-01 2.072230577468872070e-01 5.257761478424072266e-01 4.244554340839385986e-01
5.403999984264373779e-02 7.656933069229125977e-01 6.545142531394958496e-01 5.883499979972839355e-01 8.085014820098876953e-01 7.347508072853088379e-01 9.054458141326904297e-01 6.657881289720535278e-02 5.873324871063232422e-01 3.287643790245056152e-01 2.192440778017044067e-01 9.108085036277770996e-01 4.715867638587951660e-01 5.150038599967956543e-01
6.548849940299987793e-01 2.622381746768951416e-01 3.171332478523254395e-01 8.244925141334533691e-01 7.220425009727478027e-01 6.205694675445556641e-01 7.463879585266113281e-01 5.617676377296447754e-01 4.672612249851226807e-01 4.464617371559143066e-01 7.240310311317443848e-01 6.079102158546447754e-01 3.578561544418334961e-01 4.537291824817657471e-01
5.690250173211097717e-02 3.842993378639221191e-01 3.209500014781951904e-01 8.980675041675567627e-02 6.344345211982727051e-01 8.523264527320861816e-01 7.518504858016967773e-01 5.724078789353370667e-02 6.423569321632385254e-01 6.085270643234252930e-01 1.666281968355178833e-01 4.043734371662139893e-01 5.547052621841430664e-01 3.884367346763610840e-01
1.180450022220611572e-01 5.258161425590515137e-01 3.197174891829490662e-02 3.379600048065185547e-01 1.635382473468780518e-01 3.489731252193450928e-01 4.183226525783538818e-01 1.585955172777175903e-01 5.864740014076232910e-01 1.218915581703186035e-01 4.533635675907135010e-01 1.666869670152664185e-01 6.394894123077392578e-01 5.652464628219604492e-01
5.906900167465209961e-01 4.630428254604339600e-01 2.061237543821334839e-01 4.866065084934234619e-01 8.219049870967864990e-02 2.872280776500701904e-01 7.287160754203796387e-01 6.572718620300292969e-01 6.216750144958496094e-01 1.678808629512786865e-01 5.686118006706237793e-01 6.563098728656768799e-02 5.130035281181335449e-01 5.049912333488464355e-01
1.937325000762939453e-01 2.511173188686370850e-01 5.159317255020141602e-01 9.303350001573562622e-02 7.434750348329544067e-02 9.222390055656433105e-01 9.384614825248718262e-01 6.497679650783538818e-02 3.215608894824981689e-01 6.430562138557434082e-01 3.911195695400238037e-01 1.186283212155103683e-02 6.002779603004455566e-01 7.293962240219116211e-01
6.079649925231933594e-01 1.895726621150970459e-01 5.640705227851867676e-01 4.215527474880218506e-01 2.759417593479156494e-01 5.700901746749877930e-01 6.042056679725646973e-01 6.813311576843261719e-01 3.483520746231079102e-01 5.146310925483703613e-01 4.741495847702026367e-01 2.640451490879058838e-01 4.848740398883819580e-01 5.058211684226989746e-01
5.863224864006042480e-01 7.500029802322387695e-01 8.931877613067626953e-01 5.423575043678283691e-01 4.633725062012672424e-02 4.671885967254638672e-01 4.951773285865783691e-01 7.301359772682189941e-01 4.544405937194824219e-01 3.970008194446563721e-01 6.070367693901062012e-01 7.227293401956558228e-02 4.070485234260559082e-01 5.158684849739074707e-01
7.541750073432922363e-01 7.632694840431213379e-01 6.187502741813659668e-01 6.510775089263916016e-01 7.499782443046569824e-01 9.260282665491104126e-02 6.434956789016723633e-01 8.266742229461669922e-01 4.687907993793487549e-01 2.607588469982147217e-01 7.150161266326904297e-01 7.675993442535400391e-01 4.926517605781555176e-01 5.226489901542663574e-01
9.906700253486633301e-01 3.610888421535491943e-01 2.323432564735412598e-01 7.726774811744689941e-01 1.641399972140789032e-02 5.265751481056213379e-01 1.431106626987457275e-01 9.754210114479064941e-01 5.165459513664245605e-01 3.066646456718444824e-01 7.879490256309509277e-01 5.380430817604064941e-02 4.412109553813934326e-01 5.046930313110351562e-01
2.739075124263763428e-01 5.550071597099304199e-01 2.408602535724639893e-01 4.076015055179595947e-01 3.628050163388252258e-02 6.620416045188903809e-01 2.150979936122894287e-01 2.705615162849426270e-01 4.936158359050750732e-01 2.545887231826782227e-01 4.838478267192840576e-01 1.011808365583419800e-01 5.649501681327819824e-01 5.740211009979248047e-01
3.850049972534179688e-01 7.872021794319152832e-01 9.797570109367370605e-01 9.987850189208984375e-01 8.127647638320922852e-01 3.989169597625732422e-01 3.919133245944976807e-01 4.099156856536865234e-01 5.720065832138061523e-01 6.884213685989379883e-01 9.356505870819091797e-01 8.881433606147766113e-01 2.148950248956680298e-01 4.144681394100189209e-01
5.063174962997436523e-01 2.145604938268661499e-01 2.073652446269989014e-01 8.162025213241577148e-01 4.607937633991241455e-01 7.850885987281799316e-01 5.947543382644653320e-01 4.793712794780731201e-01 3.700982928276062012e-01 4.663339853286743164e-01 4.617851376533508301e-01 5.158585309982299805e-01 5.159960985183715820e-01 5.264952778816223145e-01
4.404950141906738281e-01 5.511078238487243652e-01 8.799842596054077148e-01 7.212749868631362915e-02 4.232982397079467773e-01 1.371206045150756836e-01 5.367199778556823730e-01 4.483401775360107422e-01 4.733040332794189453e-01 5.297316312789916992e-01 4.100123345851898193e-01 4.509408771991729736e-01 4.440383911132812500e-01 3.683950304985046387e-01
2.760049998760223389e-01 6.105549931526184082e-01 7.547634840011596680e-01 8.293575048446655273e-01 5.048902630805969238e-01 8.438202142715454102e-01 5.183223485946655273e-01 3.560699224472045898e-01 4.307383000850677490e-01 4.808234870433807373e-01 7.121990919113159180e-01 6.254379749298095703e-01 4.129068851470947266e-01 5.564735531806945801e-01
4.031774997711181641e-01 3.110710084438323975e-01 2.925267517566680908e-01 8.773899823427200317e-02 9.853885173797607422e-01 1.736063659191131592e-01 2.956353425979614258e-01 4.314971268177032471e-01 3.623517453670501709e-01 4.877294898033142090e-01 3.041944503784179688e-01 9.268952012062072754e-01 5.806524753570556641e-01 4.901298582553863525e-01
7.851999998092651367e-02 4.747860133647918701e-01 4.607975110411643982e-02 7.003375142812728882e-02 9.840524941682815552e-02 9.464107155799865723e-01 4.422263205051422119e-01 3.221326321363449097e-02 7.381385564804077148e-01 6.362242251634597778e-02 4.020222276449203491e-02 5.418265983462333679e-02 8.185861110687255859e-01 4.087985455989837646e-01
7.364550232887268066e-01 2.173463404178619385e-01 7.382057309150695801e-01 9.760400056838989258e-01 3.472414910793304443e-01 8.941058814525604248e-02 4.363046586513519287e-01 9.211854934692382812e-01 2.078073173761367798e-01 6.377462744712829590e-01 8.132878541946411133e-01 3.030828535556793213e-01 4.273594021797180176e-01 5.381326079368591309e-01
3.136300146579742432e-01 2.598730027675628662e-01 1.336997449398040771e-01 2.559275031089782715e-01 7.587705254554748535e-01 2.483367733657360077e-02 5.789489746093750000e-01 4.608974456787109375e-01 4.261395931243896484e-01 4.204953908920288086e-01 2.996257841587066650e-01 7.061844468116760254e-01 5.141195058822631836e-01 4.562256336212158203e-01
3.607000112533569336e-01 7.318471670150756836e-01 8.859515190124511719e-01 5.523300170898437500e-01 8.288319706916809082e-01 2.518374621868133545e-01 6.919299811124801636e-02 4.195165634155273438e-01 3.383106291294097900e-01 6.727463006973266602e-01 6.513639688491821289e-01 9.474217891693115234e-01 5.718207359313964844e-01 5.101829767227172852e-01
4.553824961185455322e-01 6.316666603088378906e-01 2.955750003457069397e-02 9.369000196456909180e-01 2.222349941730499268e-01 5.863673686981201172e-01 9.579002857208251953e-01 3.977946043014526367e-01 5.678614974021911621e-01 5.243025347590446472e-02 8.839926123619079590e-01 1.100419983267784119e-01 5.032945871353149414e-01 6.761109828948974609e-01
2.442775070667266846e-01 5.134183168411254883e-01 3.265242576599121094e-01 3.863467574119567871e-01 2.892002463340759277e-01 5.751613974571228027e-01 3.760926723480224609e-01 3.036769628524780273e-01 4.518499970436096191e-01 3.418564796447753906e-01 4.673872292041778564e-01 3.607358932495117188e-01 5.737279057502746582e-01 5.794231891632080078e-01
9.840275049209594727e-01 5.984561443328857422e-01 1.044090017676353455e-01 4.685377478599548340e-01 5.093249958008527756e-03 2.064928263425827026e-01 5.362933278083801270e-01 8.975048661231994629e-01 4.305678904056549072e-01 2.922083437442779541e-01 6.629494428634643555e-01 4.507638141512870789e-02 5.106430649757385254e-01 6.190287470817565918e-01
4.618175029754638672e-01 8.308724761009216309e-01 6.438454985618591309e-01 4.836890101432800293e-01 1.742827445268630981e-01 6.004298105835914612e-02 5.046179890632629395e-01 5.129683017730712891e-01 5.573047995567321777e-01 3.868243694305419922e-01 4.638248383998870850e-01 2.325725704431533813e-01 4.442985057830810547e-01 3.934145271778106689e-01
9.378799796104431152e-01 2.468235045671463013e-01 8.417827486991882324e-01 2.632252573966979980e-01 5.194742679595947266e-01 5.607881546020507812e-01 8.390653729438781738e-01 9.144556522369384766e-01 2.525884807109832764e-01 5.869856476783752441e-01 6.405753493309020996e-01 4.924427270889282227e-01 5.317772626876831055e-01 4.881108105182647705e-01
4.536949992179870605e-01 5.361716747283935547e-01 9.804722666740417480e-01 3.274044990539550781e-01 6.911270022392272949e-01 9.038580656051635742e-01 2.757663428783416748e-01 4.135489761829376221e-01 3.523227274417877197e-01 6.291757822036743164e-01 4.951927065849304199e-01 7.394385933876037598e-01 5.091131925582885742e-01 4.292415380477905273e-01
9.493999928236007690e-02 4.337469935417175293e-01 1.638045012950897217e-01 8.934425115585327148e-01 1.743752509355545044e-01 9.190575480461120605e-01 7.773336768150329590e-01 5.076760426163673401e-02 5.215932726860046387e-01 1.963486820459365845e-01 6.825268268585205078e-01 8.591623604297637939e-02 7.010031342506408691e-01 8.244059085845947266e-01
8.203499913215637207e-01 4.154481589794158936e-01 1.856285035610198975e-01 8.868749737739562988e-01 9.504592418670654297e-01 8.619172573089599609e-01 6.622623205184936523e-01 5.376400947570800781e-01 4.322189688682556152e-01 5.732803940773010254e-01 8.483687043190002441e-01 8.547162413597106934e-01 3.785350620746612549e-01 5.074395537376403809e-01
1.314499974250793457e-02 7.862786650657653809e-01 3.632720112800598145e-01 6.636524796485900879e-01 4.514750093221664429e-03 5.481538176536560059e-01 1.425666618160903454e-03 2.820803038775920868e-02 7.594719529151916504e-01 1.625341325998306274e-01 3.743811845779418945e-01 1.747343838214874268e-01 5.698775649070739746e-01 5.190785527229309082e-01
5.490974783897399902e-01 6.816735267639160156e-01 7.393465042114257812e-01 5.538300275802612305e-01 6.895689964294433594e-01 3.746989965438842773e-01 8.107829093933105469e-01 6.501044034957885742e-01 4.314730763435363770e-01 2.571258544921875000e-01 7.267287969589233398e-01 6.778078079223632812e-01 4.742818474769592285e-01 5.670018196105957031e-01
7.690449953079223633e-01 7.244601845741271973e-01 7.989400029182434082e-01 4.643335044384002686e-01 6.882320046424865723e-01 1.161939371377229691e-02 7.228509187698364258e-01 8.545524477958679199e-01 4.228613674640655518e-01 5.103175044059753418e-01 5.793610215187072754e-01 6.549443006515502930e-01 4.858393967151641846e-01 3.754603266716003418e-01
8.214499950408935547e-01 6.396030187606811523e-01 8.020964860916137695e-01 8.544650077819824219e-01 8.157207369804382324e-01 5.137507319450378418e-01 6.084013581275939941e-01 8.979047536849975586e-01 4.716503024101257324e-01 5.189998745918273926e-01 8.400787711143493652e-01 8.335270881652832031e-01 4.023602008819580078e-01 4.138735532760620117e-01
4.449824988842010498e-01 1.730004996061325073e-01 1.919837445020675659e-01 8.914049863815307617e-01 4.474482536315917969e-01 1.133459582924842834e-01 3.014020025730133057e-01 5.034502744674682617e-01 3.802103996276855469e-01 5.091544985771179199e-01 5.634905099868774414e-01 4.856537580490112305e-01 4.357125461101531982e-01 4.648454785346984863e-01
5.276849865913391113e-01 2.721135020256042480e-01 4.138100147247314453e-02 9.040974974632263184e-01 8.555204868316650391e-01 3.309041559696197510e-01 7.041615843772888184e-01 6.038478016853332520e-01 4.078621566295623779e-01 3.373800814151763916e-01 7.900815010070800781e-01 8.157464861869812012e-01 4.537904262542724609e-01 5.935471653938293457e-01
7.985175251960754395e-01 4.271709918975830078e-01 4.223920106887817383e-01 6.474025249481201172e-01 5.809774994850158691e-01 1.900955587625503540e-01 8.407041430473327637e-01 8.246340751647949219e-01 5.135872364044189453e-01 4.479635655879974365e-01 6.570094823837280273e-01 4.958634376525878906e-01 4.058077633380889893e-01 3.600921928882598877e-01
5.226200222969055176e-01 3.002461791038513184e-01 8.271837234497070312e-01 1.771994978189468384e-01 1.301230043172836304e-01 4.921558499336242676e-01 8.911036252975463867e-01 5.878977179527282715e-01 2.763755321502685547e-01 5.625652670860290527e-01 4.559977650642395020e-01 6.087509915232658386e-02 5.181859135627746582e-01 6.917991042137145996e-01
5.144999921321868896e-02 3.007161617279052734e-01 7.257764935493469238e-01 7.474225014448165894e-02 3.962779939174652100e-01 5.713506340980529785e-01 3.989423215389251709e-01 2.224392257630825043e-02 5.426003932952880859e-01 8.729271292686462402e-01 2.963997721672058105e-01 2.011431306600570679e-01 5.152381658554077148e-01 4.641075134277343750e-01
6.362199783325195312e-01 5.529270172119140625e-01 4.047147631645202637e-01 8.475674986839294434e-01 9.481257796287536621e-01 8.504787832498550415e-02 2.739099971950054169e-02 5.457025766372680664e-01 4.679002761840820312e-01 6.939819455146789551e-01 6.976947784423828125e-01 8.895775675773620605e-01 3.613914549350738525e-01 3.514155745506286621e-01
9.104650020599365234e-01 7.689941525459289551e-01 9.911552667617797852e-01 1.493662446737289429e-01 2.071537524461746216e-01 2.542302943766117096e-03 8.431545495986938477e-01 9.106979966163635254e-01 2.622489035129547119e-01 5.827758908271789551e-01 5.918840169906616211e-01 1.794198602437973022e-01 4.869968891143798828e-01 5.579435229301452637e-01
7.981724739074707031e-01 7.309248447418212891e-01 9.566224813461303711e-01 7.585099935531616211e-01 3.478659987449645996e-01 8.730576634407043457e-01 7.547715902328491211e-01 8.850246667861938477e-01 3.979962468147277832e-01 4.652644395828247070e-01 7.715692520141601562e-01 3.965210914611816406e-01 4.211793839931488037e-01 4.612741470336914062e-01
1.489624977111816406e-01 4.548948407173156738e-01 8.022900223731994629e-01 1.656172573566436768e-01 6.272742748260498047e-01 7.358289957046508789e-01 2.898333361372351646e-03 1.823447048664093018e-01 3.230419158935546875e-01 5.989018678665161133e-01 2.346694767475128174e-01 7.522110939025878906e-01 6.509975790977478027e-01 6.133711338043212891e-01
8.982974886894226074e-01 6.900428533554077148e-01 1.368642449378967285e-01 4.350819885730743408e-01 5.334944725036621094e-01 4.095636308193206787e-01 8.269349932670593262e-01 8.980051279067993164e-01 4.060789346694946289e-01 1.746884435415267944e-01 5.046252012252807617e-01 7.512397170066833496e-01 6.859553456306457520e-01 5.632593035697937012e-01
7.015500068664550781e-01 6.412435173988342285e-01 4.198007583618164062e-01 5.504649877548217773e-01 7.410250138491392136e-03 4.132318198680877686e-01 9.991636872291564941e-01 6.312634944915771484e-01 5.016807317733764648e-01 1.877101361751556396e-01 5.811135768890380859e-01 3.392495214939117432e-03 5.622697472572326660e-01 7.395035624504089355e-01
2.476525008678436279e-01 4.927043318748474121e-01 2.128574997186660767e-02 4.631282389163970947e-01 1.987774968147277832e-01 4.231821298599243164e-01 2.026943266391754150e-01 2.969221472740173340e-01 5.839374065399169922e-01 1.324446201324462891e-01 5.521706342697143555e-01 2.256340980529785156e-01 5.398383736610412598e-01 5.248253345489501953e-01
6.765425205230712891e-01 7.614650130271911621e-01 6.810627579689025879e-01 1.579677462577819824e-01 7.730000070296227932e-04 2.683567702770233154e-01 8.816300332546234131e-02 7.410517334938049316e-01 5.164682865142822266e-01 3.775859177112579346e-01 4.053525030612945557e-01 4.116816818714141846e-02 5.086609125137329102e-01 5.042048096656799316e-01
4.355125129222869873e-01 7.827266454696655273e-01 4.248532354831695557e-01 1.532207429409027100e-01 7.457860112190246582e-01 8.723770976066589355e-01 6.970303058624267578e-01 4.228610396385192871e-01 5.155203342437744141e-01 1.775352060794830322e-01 4.004116952419281006e-01 7.365643978118896484e-01 5.121827721595764160e-01 5.357406139373779297e-01
8.536649942398071289e-01 7.856643199920654297e-01 5.591417551040649414e-01 1.890960037708282471e-01 8.428394794464111328e-01 9.334411025047302246e-01 7.802528738975524902e-01 6.778864264488220215e-01 5.047036409378051758e-01 1.962461620569229126e-01 5.518387556076049805e-01 7.199276089668273926e-01 4.905693829059600830e-01 5.098873376846313477e-01
9.594575166702270508e-01 4.878886640071868896e-01 9.981930255889892578e-01 8.015949726104736328e-01 3.949022591114044189e-01 1.671676784753799438e-01 9.344326853752136230e-01 9.563860297203063965e-01 1.471213698387145996e-01 6.396159529685974121e-01 9.205645918846130371e-01 3.723410964012145996e-01 4.513753056526184082e-01 6.575950980186462402e-01
4.580624997615814209e-01 8.079306483268737793e-01 7.878437638282775879e-01 6.098775267601013184e-01 5.536097288131713867e-01 5.248855352401733398e-01 6.898876428604125977e-01 4.993929564952850342e-01 5.106492638587951660e-01 3.510202169418334961e-01 7.186487913131713867e-01 5.808425545692443848e-01 3.630894720554351807e-01 4.833605289459228516e-01
4.095500111579895020e-01 3.522786796092987061e-01 5.122420191764831543e-01 9.022949934005737305e-01 5.774825066328048706e-02 4.883996844291687012e-01 3.524856567382812500e-01 4.344492256641387939e-01 3.067552447319030762e-01 4.830555915832519531e-01 7.788034677505493164e-01 7.649841904640197754e-02 3.710237443447113037e-01 6.704515814781188965e-01
9.380875229835510254e-01 5.895583629608154297e-01 3.114590048789978027e-01 1.443352550268173218e-01 2.863070070743560791e-01 3.775236308574676514e-01 7.531152963638305664e-01 9.016469717025756836e-01 4.831223487854003906e-01 3.980269730091094971e-01 4.006122052669525146e-01 3.328778743743896484e-01 5.794349908828735352e-01 3.897927701473236084e-01
3.996649980545043945e-01 3.663586676120758057e-01 4.700174927711486816e-01 8.497275114059448242e-01 7.542497515678405762e-01 3.019511997699737549e-01 7.408806085586547852e-01 4.847555756568908691e-01 3.271469175815582275e-01 5.542122721672058105e-01 8.154823184013366699e-01 8.073640465736389160e-01 4.890464544296264648e-01 5.823472738265991211e-01
3.520975112915039062e-01 3.082848191261291504e-01 7.619307637214660645e-01 2.474567443132400513e-01 8.176295161247253418e-01 9.469219446182250977e-01 7.358211278915405273e-01 3.028641045093536377e-01 3.236184716224670410e-01 6.813152432441711426e-01 5.777536630630493164e-01 8.223745822906494141e-01 5.767947435379028320e-01 5.303777456283569336e-01
7.865449786186218262e-01 3.306770026683807373e-01 7.198227643966674805e-01 5.933150053024291992e-01 9.896112680435180664e-01 8.928489685058593750e-01 3.647769987583160400e-01 8.178524374961853027e-01 3.033517599105834961e-01 5.883278250694274902e-01 5.665514469146728516e-01 9.290025830268859863e-01 6.262655854225158691e-01 4.654639959335327148e-01
6.617174744606018066e-01 6.804230213165283203e-01 2.834104895591735840e-01 8.354325294494628906e-01 3.302542567253112793e-01 9.441754817962646484e-01 4.172263443470001221e-01 6.741618514060974121e-01 6.304125189781188965e-01 3.155561685562133789e-01 4.364059865474700928e-01 3.784117400646209717e-01 4.757411181926727295e-01 3.522986173629760742e-01
5.136874914169311523e-01 4.180698394775390625e-01 4.170962572097778320e-01 9.724324941635131836e-01 9.122149944305419922e-01 1.280263662338256836e-01 3.748770058155059814e-01 4.685909748077392578e-01 5.853376388549804688e-01 6.885013580322265625e-01 9.291875958442687988e-01 8.818387985229492188e-01 2.089825123548507690e-01 3.824248015880584717e-01
6.826750040054321289e-01 4.547424912452697754e-01 6.540060043334960938e-01 7.854250073432922363e-02 8.932007551193237305e-01 3.277378678321838379e-01 5.098226666450500488e-01 7.238330841064453125e-01 3.232840299606323242e-01 3.656251728534698486e-01 4.465744495391845703e-01 8.943445086479187012e-01 6.453443765640258789e-01 5.639935731887817383e-01
2.929125130176544189e-01 6.528084874153137207e-01 8.871587514877319336e-01 1.289944946765899658e-01 7.063400149345397949e-01 7.539706826210021973e-01 2.010850012302398682e-01 3.611170947551727295e-01 3.877536356449127197e-01 5.022768378257751465e-01 3.162569701671600342e-01 8.084977269172668457e-01 5.526740550994873047e-01 4.928457438945770264e-01
8.093150258064270020e-01 7.125244736671447754e-01 5.997024774551391602e-01 1.479444950819015503e-01 9.693807363510131836e-01 3.379008173942565918e-01 9.396122097969055176e-01 7.705371379852294922e-01 4.247392117977142334e-01 1.554782986640930176e-01 6.711060404777526855e-01 8.616726994514465332e-01 6.383462548255920410e-01 6.375738382339477539e-01
5.082049965858459473e-01 7.035711407661437988e-01 2.742390036582946777e-01 6.981924772262573242e-01 4.974602460861206055e-01 4.361445307731628418e-01 1.566363275051116943e-01 6.297131776809692383e-01 5.225731134414672852e-01 1.165665984153747559e-01 6.838012337684631348e-01 5.659485459327697754e-01 5.322325825691223145e-01 5.606153011322021484e-01
5.053275227546691895e-01 4.889246523380279541e-01 7.014687657356262207e-01 1.987199932336807251e-01 7.730425149202346802e-02 3.731701895594596863e-02 6.120866537094116211e-02 6.727332472801208496e-01 4.466874599456787109e-01 5.234478116035461426e-01 2.689721882343292236e-01 7.651207596063613892e-02 5.554769039154052734e-01 4.887650012969970703e-01
8.495999872684478760e-02 4.279706776142120361e-01 7.499607205390930176e-01 2.351325005292892456e-01 2.591759860515594482e-01 3.204980790615081787e-01 6.585200130939483643e-02 6.403481215238571167e-02 5.269811153411865234e-01 7.658468484878540039e-01 2.606084346771240234e-01 2.462641745805740356e-01 5.295815467834472656e-01 5.118970870971679688e-01
3.200100064277648926e-01 2.963558435440063477e-01 5.861307382583618164e-01 4.232242405414581299e-01 5.989767313003540039e-01 6.486921310424804688e-01 9.603334069252014160e-01 2.935986518859863281e-01 2.943703532218933105e-01 6.054808497428894043e-01 5.480595827102661133e-01 4.916679263114929199e-01 5.207183957099914551e-01 6.170791983604431152e-01
1.339624971151351929e-01 7.998754978179931641e-01 7.009544968605041504e-01 6.888750195503234863e-01 2.250222563743591309e-01 9.002014994621276855e-01 4.175363481044769287e-01 1.429232656955718994e-01 4.724189341068267822e-01 3.958257138729095459e-01 4.769441485404968262e-01 3.251456022262573242e-01 5.867681503295898438e-01 6.502439975738525391e-01
2.768250107765197754e-01 8.249109983444213867e-01 7.311944961547851562e-01 5.408524870872497559e-01 4.353797435760498047e-01 4.064563512802124023e-01 6.288170218467712402e-01 2.963706254959106445e-01 5.534208416938781738e-01 5.147573947906494141e-01 7.195891141891479492e-01 5.676680803298950195e-01 3.069699406623840332e-01 4.405561089515686035e-01
5.790274739265441895e-01 2.872093319892883301e-01 1.394057571887969971e-01 7.705950140953063965e-01 3.519834876060485840e-01 4.396786987781524658e-01 6.853805184364318848e-01 5.718825459480285645e-01 4.888950586318969727e-01 4.132812619209289551e-01 5.489427447319030762e-01 3.351339697837829590e-01 4.187420308589935303e-01 4.216012358665466309e-01
8.795400261878967285e-01 4.430179893970489502e-01 6.310387253761291504e-01 2.864712476730346680e-01 5.999267697334289551e-01 2.638386785984039307e-01 4.022533446550369263e-02 8.971694707870483398e-01 4.417170584201812744e-01 5.067434310913085938e-01 5.100167989730834961e-01 6.359041333198547363e-01 5.109867453575134277e-01 3.472755849361419678e-01
1.554650068283081055e-01 5.591648221015930176e-01 6.075322628021240234e-01 2.424000054597854614e-01 8.456894755363464355e-01 2.625606060028076172e-01 3.246103227138519287e-01 1.761347055435180664e-01 4.555021524429321289e-01 6.254556775093078613e-01 4.150760173797607422e-01 8.825618028640747070e-01 5.075687766075134277e-01 4.571959376335144043e-01
1.802050024271011353e-01 4.150078296661376953e-01 3.737749904394149780e-02 1.352314949035644531e-01 7.568194866180419922e-01 6.386690586805343628e-02 7.936084270477294922e-01 2.807655334472656250e-01 5.596840381622314453e-01 1.853338330984115601e-01 3.878050446510314941e-01 6.558393836021423340e-01 4.937207698822021484e-01 5.341146588325500488e-01
9.137300252914428711e-01 2.974050045013427734e-01 8.905959725379943848e-01 6.386824846267700195e-01 6.191947460174560547e-01 1.835056543350219727e-01 3.367100059986114502e-01 9.095459580421447754e-01 2.136811167001724243e-01 6.793707609176635742e-01 7.588847875595092773e-01 6.533132791519165039e-01 4.907913804054260254e-01 4.348804950714111328e-01
4.364775121212005615e-01 5.137766599655151367e-01 9.151265025138854980e-01 7.698475122451782227e-01 8.470377326011657715e-01 1.177074760198593140e-01 1.468826681375503540e-01 4.502271115779876709e-01 4.256724715232849121e-01 7.273702621459960938e-01 8.334157466888427734e-01 8.704563379287719727e-01 3.487858474254608154e-01 3.995073735713958740e-01
8.056575059890747070e-01 8.254290223121643066e-01 8.169209957122802734e-01 7.033075094223022461e-01 1.690792441368103027e-01 5.300969481468200684e-01 1.358096599578857422e-01 9.097947478294372559e-01 4.220391213893890381e-01 4.617505669593811035e-01 7.102983593940734863e-01 2.649215757846832275e-01 4.359302222728729248e-01 4.503076970577239990e-01
9.047300219535827637e-01 7.829164862632751465e-01 2.656549960374832153e-02 9.875100106000900269e-02 9.798290133476257324e-01 1.911308020353317261e-01 1.887033283710479736e-01 6.675131320953369141e-01 4.193786382675170898e-01 3.161902725696563721e-01 2.450261712074279785e-01 9.279163479804992676e-01 5.848317742347717285e-01 4.669502973556518555e-01
7.295250147581100464e-02 7.940765023231506348e-01 6.740285158157348633e-01 2.577565014362335205e-01 4.783292412757873535e-01 5.044080615043640137e-01 2.938106656074523926e-01 8.310751616954803467e-02 5.744251012802124023e-01 5.385254025459289551e-01 3.149128258228302002e-01 5.695481300354003906e-01 4.991405606269836426e-01 4.957689642906188965e-01
4.975124895572662354e-01 6.383671760559082031e-01 3.225150108337402344e-01 7.376949787139892578e-01 4.409599900245666504e-01 7.593687772750854492e-01 7.372797727584838867e-01 5.073004961013793945e-01 4.588335454463958740e-01 2.464048266410827637e-01 6.729646921157836914e-01 4.342398941516876221e-01 4.587797522544860840e-01 5.527092218399047852e-01
1.434125006198883057e-01 5.821223258972167969e-01 9.644179940223693848e-01 8.515599966049194336e-01 4.740532636642456055e-01 7.899050712585449219e-01 3.854286670684814453e-01 1.303920149803161621e-01 3.826627731323242188e-01 7.239565253257751465e-01 7.153787016868591309e-01 5.919226408004760742e-01 4.389853477478027344e-01 6.202132701873779297e-01
6.909624934196472168e-01 6.641856431961059570e-01 2.385150082409381866e-02 4.183557629585266113e-01 6.279479861259460449e-01 8.780758380889892578e-01 8.065781593322753906e-01 5.756597518920898438e-01 4.795355200767517090e-01 1.436386406421661377e-01 5.187559723854064941e-01 5.716782808303833008e-01 6.037614941596984863e-01 5.723874568939208984e-01
9.991524815559387207e-01 7.144171595573425293e-01 5.253069996833801270e-01 8.299875259399414062e-01 7.334225177764892578e-01 1.946385800838470459e-01 8.178545832633972168e-01 9.535526633262634277e-01 6.763579845428466797e-01 3.086692988872528076e-01 8.369655609130859375e-01 7.488070130348205566e-01 4.054063260555267334e-01 3.436976671218872070e-01
8.375750184059143066e-01 6.719074845314025879e-01 3.186984956264495850e-01 4.734764993190765381e-01 4.155164957046508789e-01 5.255475640296936035e-01 7.649590969085693359e-01 8.018009066581726074e-01 5.381408333778381348e-01 4.155233204364776611e-01 4.746565520763397217e-01 3.923754096031188965e-01 4.673638939857482910e-01 3.486811816692352295e-01
1.500625014305114746e-01 5.123521685600280762e-01 1.863054931163787842e-01 7.742224633693695068e-02 5.120747685432434082e-01 8.886257410049438477e-01 1.990929991006851196e-01 1.240019053220748901e-01 6.161723732948303223e-01 3.579306006431579590e-01 1.880404502153396606e-01 4.526664912700653076e-01 5.569050312042236328e-01 4.260939955711364746e-01
2.888225018978118896e-01 7.634536623954772949e-01 9.547160267829895020e-01 5.969575047492980957e-01 9.834495186805725098e-01 9.689519405364990234e-01 1.504276692867279053e-01 2.577122449874877930e-01 3.700944483280181885e-01 6.656749248504638672e-01 4.311584234237670898e-01 9.764071702957153320e-01 5.955308079719543457e-01 4.798366427421569824e-01
2.390449941158294678e-01 7.651026844978332520e-01 7.204992771148681641e-01 4.032019972801208496e-01 5.510437488555908203e-01 8.566264510154724121e-01 7.739226818084716797e-01 3.319356739521026611e-01 4.315024614334106445e-01 4.209604561328887939e-01 5.354508161544799805e-01 6.424499750137329102e-01 5.122187137603759766e-01 5.650818943977355957e-01
4.152300059795379639e-01 6.416363120079040527e-01 7.212602496147155762e-01 8.360099792480468750e-02 8.399362564086914062e-01 4.467390850186347961e-02 2.194056659936904907e-01 3.704186677932739258e-01 3.945538103580474854e-01 6.177664995193481445e-01 4.769873023033142090e-01 8.800685405731201172e-01 5.259104371070861816e-01 4.650382399559020996e-01
1.266025006771087646e-01 3.266543447971343994e-01 4.546869993209838867e-01 9.991499781608581543e-01 4.076589941978454590e-01 8.804464936256408691e-01 7.317700386047363281e-01 1.206490099430084229e-01 3.645861446857452393e-01 6.148266792297363281e-01 6.244795322418212891e-01 3.778178393840789795e-01 5.557471513748168945e-01 7.553603649139404297e-01
8.767250180244445801e-01 6.182368397712707520e-01 4.686050117015838623e-02 8.797374963760375977e-01 4.119729995727539062e-01 8.031860589981079102e-01 9.151613712310791016e-01 8.618717193603515625e-01 6.722960472106933594e-01 1.670104563236236572e-01 6.493616104125976562e-01 4.198264777660369873e-01 5.146556496620178223e-01 4.037168622016906738e-01
3.434999883174896240e-01 5.211371779441833496e-01 8.041267395019531250e-01 5.010049939155578613e-01 4.457629919052124023e-01 6.407568454742431641e-01 4.862506687641143799e-01 3.500355184078216553e-01 3.179378807544708252e-01 6.097021698951721191e-01 5.458053946495056152e-01 5.671972036361694336e-01 5.024425387382507324e-01 5.479753017425537109e-01
1.183850020170211792e-01 7.483536601066589355e-01 4.461812376976013184e-01 3.370749950408935547e-02 7.808964848518371582e-01 9.116107225418090820e-01 3.100253343582153320e-01 2.472376450896263123e-02 7.054358124732971191e-01 1.441752761602401733e-01 3.662958275526762009e-03 9.189122915267944336e-01 6.283092498779296875e-01 2.587769031524658203e-01
1.916549950838088989e-01 5.928243398666381836e-01 8.760054707527160645e-01 7.979850172996520996e-01 3.387230038642883301e-01 4.463253617286682129e-01 3.344683349132537842e-01 2.168473005294799805e-01 2.941357791423797607e-01 7.086920738220214844e-01 7.262800335884094238e-01 4.910364747047424316e-01 4.383128285408020020e-01 5.499225258827209473e-01
6.259425282478332520e-01 3.014331758022308350e-01 1.485912501811981201e-01 4.580957591533660889e-01 7.705637216567993164e-01 8.267338275909423828e-01 2.553633451461791992e-01 6.088418364524841309e-01 4.826213717460632324e-01 2.314961701631546021e-01 4.179836213588714600e-01 7.211391925811767578e-01 5.300360918045043945e-01 4.970183372497558594e-01
8.713074922561645508e-01 5.213128328323364258e-01 6.556004881858825684e-01 7.431550025939941406e-01 2.114295065402984619e-01 2.956742346286773682e-01 9.932346940040588379e-01 9.349148869514465332e-01 3.140323162078857422e-01 4.521761834621429443e-01 7.938053011894226074e-01 5.196444690227508545e-02 4.232595562934875488e-01 6.507261991500854492e-01
5.600150227546691895e-01 8.011013269424438477e-01 1.746802479028701782e-01 8.368775248527526855e-01 6.002634763717651367e-01 6.545915007591247559e-01 3.031886518001556396e-01 6.101622581481933594e-01 6.356461048126220703e-01 5.245978757739067078e-02 7.518070340156555176e-01 6.332750916481018066e-01 4.812521338462829590e-01 5.765794515609741211e-01
4.330424964427947998e-01 8.296641707420349121e-01 8.474979996681213379e-01 4.256274923682212830e-02 8.965395092964172363e-01 4.965786933898925781e-01 8.266444802284240723e-01 4.558642208576202393e-01 3.502631485462188721e-01 4.547291994094848633e-01 3.374795615673065186e-01 8.872070908546447754e-01 5.877588987350463867e-01 5.278218388557434082e-01
7.245150208473205566e-01 2.509678304195404053e-01 9.300875067710876465e-01 1.628372520208358765e-01 3.406632542610168457e-01 1.437666639685630798e-02 4.453323185443878174e-01 8.079572916030883789e-01 2.617862224578857422e-01 6.093640327453613281e-01 4.774703681468963623e-01 3.206940293312072754e-01 5.158308148384094238e-01 4.994349777698516846e-01
1.781474947929382324e-01 3.325943350791931152e-01 8.845850229263305664e-01 1.533409953117370605e-01 2.598349936306476593e-02 3.444749414920806885e-01 4.275166690349578857e-01 1.718077659606933594e-01 3.101183772087097168e-01 6.808353066444396973e-01 2.515994608402252197e-01 4.999162256717681885e-02 5.799394845962524414e-01 6.474258899688720703e-01
5.908374786376953125e-01 2.694601714611053467e-01 3.079107403755187988e-01 1.356160044670104980e-01 9.814299941062927246e-01 9.748360514640808105e-01 6.202353239059448242e-01 4.693511128425598145e-01 3.590010404586791992e-01 4.773373305797576904e-01 2.850185334682464600e-01 8.844967484474182129e-01 5.807689428329467773e-01 4.846520721912384033e-01
1.325950026512145996e-01 5.515673160552978516e-01 3.460087478160858154e-01 7.090724706649780273e-01 9.941897392272949219e-01 6.797721982002258301e-01 7.997433543205261230e-01 1.037834435701370239e-01 4.833270609378814697e-01 5.706140995025634766e-01 5.034810304641723633e-01 9.449816942214965820e-01 4.963283240795135498e-01 5.317291021347045898e-01
7.833675146102905273e-01 4.851410090923309326e-01 4.625167548656463623e-01 8.910225033760070801e-01 2.814037501811981201e-01 9.563513994216918945e-01 9.677899628877639771e-02 8.026748299598693848e-01 4.753755331039428711e-01 4.726347029209136963e-01 6.514053940773010254e-01 2.920384109020233154e-01 3.801023960113525391e-01 3.897615075111389160e-01
2.576250135898590088e-01 7.209839820861816406e-01 1.898654997348785400e-01 5.631275177001953125e-01 6.051130294799804688e-01 3.283064663410186768e-01 9.261237978935241699e-01 3.240189850330352783e-01 6.317191123962402344e-01 6.521314382553100586e-02 8.188241124153137207e-01 4.894088208675384521e-01 4.173154532909393311e-01 6.082826256752014160e-01
7.408199906349182129e-01 5.070875287055969238e-01 4.242017567157745361e-01 6.091475114226341248e-02 2.742062509059906006e-01 1.601252555847167969e-01 6.718669533729553223e-01 6.768679022789001465e-01 4.917421638965606689e-01 4.649077653884887695e-01 3.651237189769744873e-01 2.019039392471313477e-01 4.894725084304809570e-01 4.066428542137145996e-01
9.558274745941162109e-01 7.775863409042358398e-01 1.871780008077621460e-01 2.321864962577819824e-01 4.836255013942718506e-01 8.137637376785278320e-02 1.698023378849029541e-01 9.210442900657653809e-01 3.457471728324890137e-01 2.676813602447509766e-01 4.153486490249633789e-01 7.917174100875854492e-01 7.311276793479919434e-01 5.473652482032775879e-01
7.085750102996826172e-01 7.358683347702026367e-01 1.833137571811676025e-01 8.957325220108032227e-01 2.544730007648468018e-01 2.716848552227020264e-01 9.668263792991638184e-01 7.156614661216735840e-01 5.914539098739624023e-01 1.512299478054046631e-01 8.012532591819763184e-01 1.579079926013946533e-01 4.186075925827026367e-01 5.267379879951477051e-01
5.495474934577941895e-01 4.828233420848846436e-01 1.465000063180923462e-01 9.153800010681152344e-01 4.890244901180267334e-01 6.905351281166076660e-01 8.498478531837463379e-01 5.284822583198547363e-01 5.612298846244812012e-01 8.029611408710479736e-02 8.321216106414794922e-01 4.176891446113586426e-01 4.652567505836486816e-01 6.023297309875488281e-01
7.489399909973144531e-01 7.925354838371276855e-01 2.003674954175949097e-01 1.547217518091201782e-01 8.525710105895996094e-01 7.529325485229492188e-01 4.229930043220520020e-01 6.302583813667297363e-01 4.917350113391876221e-01 1.593600213527679443e-01 3.031547963619232178e-01 8.277350664138793945e-01 5.628904700279235840e-01 5.049681663513183594e-01
7.444549798965454102e-01 4.208559989929199219e-01 8.873324990272521973e-01 8.197950124740600586e-01 7.678932547569274902e-01 9.955803751945495605e-01 6.563656926155090332e-01 8.749720454216003418e-01 2.829358875751495361e-01 5.538916587829589844e-01 7.229202985763549805e-01 8.367884159088134766e-01 6.313366293907165527e-01 5.078035593032836914e-01
5.618450045585632324e-01 4.592248201370239258e-01 2.847009897232055664e-01 5.328850075602531433e-02 8.596822619438171387e-01 2.256921231746673584e-01 9.071880578994750977e-01 5.605198144912719727e-01 4.081700444221496582e-01 2.967852950096130371e-01 5.116760134696960449e-01 7.562850713729858398e-01 5.620329380035400391e-01 5.648834109306335449e-01
4.456849992275238037e-01 5.223659873008728027e-01 2.190404981374740601e-01 8.451049923896789551e-01 5.862054824829101562e-01 4.030771553516387939e-02 8.485535979270935059e-01 5.204272270202636719e-01 5.136864781379699707e-01 2.894827723503112793e-01 7.816591262817382812e-01 5.656076073646545410e-01 3.661481738090515137e-01 5.172933340072631836e-01
1.507100015878677368e-01 3.795718252658843994e-01 1.951287537813186646e-01 5.876125097274780273e-01 1.586434990167617798e-01 8.012750744819641113e-01 6.996703147888183594e-01 1.338896155357360840e-01 4.719732999801635742e-01 2.775245010852813721e-01 5.426148772239685059e-01 9.944305568933486938e-02 6.316058635711669922e-01 6.940956711769104004e-01
9.277799725532531738e-01 6.243395209312438965e-01 6.169047355651855469e-01 2.255767434835433960e-01 2.950374968349933624e-02 4.564044475555419922e-01 2.360379993915557861e-01 9.376682639122009277e-01 3.486213684082031250e-01 4.776644706726074219e-01 5.544627904891967773e-01 7.483603060245513916e-02 5.232263803482055664e-01 5.751038193702697754e-01
8.471350073814392090e-01 4.721638262271881104e-01 1.958574950695037842e-01 1.323132514953613281e-01 4.070807397365570068e-01 3.512502014636993408e-01 1.963299959897994995e-01 7.313688993453979492e-01 4.959249496459960938e-01 4.393195509910583496e-01 3.448648750782012939e-01 4.318495392799377441e-01 5.258485674858093262e-01 3.650639355182647705e-01
2.549625039100646973e-01 7.805079817771911621e-01 7.970294952392578125e-01 1.723852455615997314e-01 7.375150173902511597e-02 1.463156491518020630e-01 3.699663281440734863e-01 2.918745279312133789e-01 5.375897288322448730e-01 5.082186460494995117e-01 2.901800870895385742e-01 1.943583637475967407e-01 5.197170972824096680e-01 4.021343588829040527e-01
3.683199882507324219e-01 6.143661737442016602e-01 7.387467622756958008e-01 6.460974812507629395e-01 2.826870083808898926e-01 6.573131084442138672e-01 8.359469175338745117e-01 4.088740348815917969e-01 4.757272899150848389e-01 4.110442698001861572e-01 6.535965800285339355e-01 3.142603635787963867e-01 3.874518275260925293e-01 4.831196665763854980e-01
4.541499912738800049e-02 1.910849958658218384e-01 5.246340036392211914e-01 1.431002467870712280e-01 7.950367331504821777e-01 5.483575910329818726e-02 2.895993292331695557e-01 6.151485070586204529e-02 5.188258886337280273e-01 8.094896674156188965e-01 2.597236931324005127e-01 5.729829072952270508e-01 5.356019139289855957e-01 3.830877244472503662e-01
2.378299981355667114e-01 5.872113108634948730e-01 4.622125029563903809e-01 8.108299970626831055e-02 2.199105024337768555e-01 7.931071519851684570e-01 5.145763158798217773e-01 1.796857267618179321e-01 4.673647284507751465e-01 4.680306017398834229e-01 2.794328331947326660e-01 2.335552126169204712e-01 6.037189960479736328e-01 5.475221276283264160e-01
2.804974913597106934e-01 7.127176523208618164e-01 9.512972235679626465e-01 1.079260036349296570e-01 7.346889972686767578e-01 7.235299944877624512e-01 4.480609893798828125e-01 3.341895937919616699e-01 3.718892931938171387e-01 4.879675507545471191e-01 2.990818619728088379e-01 8.525874614715576172e-01 5.828835964202880859e-01 5.239764451980590820e-01
7.937049865722656250e-01 2.360126674175262451e-01 6.152767539024353027e-01 8.819249868392944336e-01 5.588704943656921387e-01 7.368986606597900391e-01 7.446112632751464844e-01 7.906416058540344238e-01 3.329450786113739014e-01 5.426635146141052246e-01 7.177959084510803223e-01 4.820442199707031250e-01 4.143012166023254395e-01 4.492906630039215088e-01
1.764775067567825317e-01 1.689026653766632080e-01 1.206820011138916016e-01 6.065825223922729492e-01 5.573585033416748047e-01 1.613857597112655640e-01 8.703893423080444336e-01 2.924143970012664795e-01 3.656152188777923584e-01 4.335333406925201416e-01 6.196525692939758301e-01 5.141523480415344238e-01 6.000917553901672363e-01 7.091319561004638672e-01
2.291425019502639771e-01 7.988243103027343750e-01 8.099225163459777832e-01 7.555599808692932129e-01 9.395350217819213867e-01 5.867105126380920410e-01 2.200309932231903076e-01 1.891485452651977539e-01 4.474376738071441650e-01 7.202639579772949219e-01 5.754829049110412598e-01 9.730899930000305176e-01 5.036686062812805176e-01 4.454394280910491943e-01
5.481150150299072266e-01 6.148309707641601562e-01 2.334485054016113281e-01 4.371657371520996094e-01 8.387942314147949219e-01 6.195420026779174805e-01 3.453060090541839600e-01 6.282181143760681152e-01 4.507183730602264404e-01 2.118584811687469482e-01 4.477416276931762695e-01 8.717203736305236816e-01 5.605844259262084961e-01 5.547643899917602539e-01
7.913575172424316406e-01 1.891948282718658447e-01 1.629072427749633789e-01 7.972699999809265137e-01 8.299930095672607422e-01 1.130174770951271057e-01 8.728140592575073242e-01 7.947153449058532715e-01 4.512577950954437256e-01 4.669438004493713379e-01 6.053546071052551270e-01 7.056341767311096191e-01 4.573484361171722412e-01 4.099390506744384766e-01
3.627775013446807861e-01 4.031539857387542725e-01 5.257612466812133789e-01 3.397927582263946533e-01 5.686137676239013672e-01 8.678868412971496582e-01 7.034622430801391602e-01 4.116234779357910156e-01 3.696725368499755859e-01 4.457792639732360840e-01 3.957033157348632812e-01 6.433570384979248047e-01 5.667908191680908203e-01 5.685557723045349121e-01
6.716700196266174316e-01 3.031946718692779541e-01 4.493922591209411621e-01 1.494902521371841431e-01 5.518347620964050293e-01 5.307163596153259277e-01 3.457366675138473511e-02 6.582223176956176758e-01 4.251694083213806152e-01 4.347676038742065430e-01 3.686542212963104248e-01 5.830017924308776855e-01 5.311828255653381348e-01 4.212026596069335938e-01
4.799075126647949219e-01 7.102544903755187988e-01 4.781320095062255859e-01 1.974840015172958374e-01 5.665107369422912598e-01 4.028520286083221436e-01 5.205739736557006836e-01 5.794895291328430176e-01 4.757991433143615723e-01 2.617860734462738037e-01 3.615621030330657959e-01 6.013718247413635254e-01 5.487224459648132324e-01 4.631723463535308838e-01
4.847474992275238037e-01 1.685239970684051514e-01 6.531927585601806641e-01 2.372165024280548096e-01 1.111065000295639038e-01 6.418351531028747559e-01 6.056566834449768066e-01 5.553646087646484375e-01 2.261741459369659424e-01 6.462233066558837891e-01 3.258084356784820557e-01 8.483151346445083618e-02 5.714051127433776855e-01 7.006886601448059082e-01
4.699699878692626953e-01 2.541689872741699219e-01 2.573255002498626709e-01 7.542175054550170898e-01 2.843067646026611328e-01 6.752315908670425415e-02 9.036083221435546875e-01 5.213395357131958008e-01 3.455295860767364502e-01 4.586371779441833496e-01 6.598410606384277344e-01 2.225683927536010742e-01 4.181679487228393555e-01 5.810275077819824219e-01
6.102374792098999023e-01 2.492753267288208008e-01 9.033715128898620605e-01 8.036925196647644043e-01 2.312079966068267822e-01 8.614517450332641602e-01 3.940583467483520508e-01 7.644814848899841309e-01 2.140546292066574097e-01 6.026909351348876953e-01 7.250437140464782715e-01 2.157136946916580200e-01 4.487414658069610596e-01 5.985813140869140625e-01
6.573550105094909668e-01 3.867893218994140625e-01 5.973952412605285645e-01 1.390857547521591187e-01 2.904852628707885742e-01 8.112040162086486816e-01 6.816638708114624023e-01 6.378633975982666016e-01 4.565971195697784424e-01 4.606564939022064209e-01 3.739877045154571533e-01 2.723845541477203369e-01 5.058405399322509766e-01 4.306514561176300049e-01
2.036300003528594971e-01 8.159916400909423828e-01 2.037092447280883789e-01 9.925450086593627930e-01 2.474867552518844604e-01 6.502956748008728027e-01 8.741122484207153320e-01 2.051237076520919800e-01 6.392454504966735840e-01 3.760464489459991455e-02 9.297876358032226562e-01 2.776864171028137207e-01 4.553344249725341797e-01 6.971690058708190918e-01
1.686699986457824707e-01 6.485483050346374512e-01 2.703082561492919922e-01 4.660752415657043457e-01 3.980107605457305908e-01 1.690768748521804810e-01 3.416033387184143066e-01 3.043168485164642334e-01 4.740302860736846924e-01 3.429886102676391602e-01 4.603573083877563477e-01 4.970020949840545654e-01 5.306580662727355957e-01 5.443367958068847656e-01
6.744599938392639160e-01 3.613803386688232422e-01 5.103832483291625977e-01 3.837450146675109863e-01 5.895657539367675781e-01 4.618036374449729919e-02 3.808499872684478760e-01 6.797156929969787598e-01 4.249896109104156494e-01 5.037916898727416992e-01 5.325670242309570312e-01 5.430157184600830078e-01 4.525657594203948975e-01 3.968625068664550781e-01
9.577499702572822571e-03 4.899181723594665527e-01 5.492567420005798340e-01 3.735472559928894043e-01 1.247759982943534851e-01 6.964971423149108887e-01 7.659263014793395996e-01 1.070029847323894501e-02 5.996461510658264160e-01 7.334988713264465332e-01 3.221674263477325439e-01 7.013223320245742798e-02 5.887911915779113770e-01 7.000470757484436035e-01
3.948524892330169678e-01 8.156951665878295898e-01 5.545185208320617676e-01 3.511407375335693359e-01 6.778142452239990234e-01 1.695268750190734863e-01 6.019336581230163574e-01 4.794866740703582764e-01 4.371513426303863525e-01 3.528491258621215820e-01 5.967355966567993164e-01 7.440105676651000977e-01 4.587091207504272461e-01 5.444865226745605469e-01
4.778299927711486816e-01 3.839926719665527344e-01 1.179677471518516541e-01 9.105150103569030762e-01 8.309350013732910156e-01 9.744409322738647461e-01 1.284926682710647583e-01 4.973191320896148682e-01 4.591947495937347412e-01 3.200555443763732910e-01 4.675812721252441406e-01 8.155642747879028320e-01 4.750311970710754395e-01 5.211286544799804688e-01
7.924824953079223633e-01 4.116356670856475830e-01 3.267205059528350830e-01 5.712324976921081543e-01 2.277697473764419556e-01 6.754099130630493164e-01 9.813593626022338867e-01 7.492973804473876953e-01 5.329323410987854004e-01 2.679674625396728516e-01 6.052304506301879883e-01 7.774049043655395508e-02 4.428814947605133057e-01 4.972060024738311768e-01
8.418849706649780273e-01 3.179414868354797363e-01 2.911175042390823364e-02 4.272125065326690674e-01 7.307974994182586670e-02 4.761073589324951172e-01 5.642089843750000000e-01 7.092995643615722656e-01 4.514367282390594482e-01 4.070576727390289307e-01 4.419901072978973389e-01 4.524371027946472168e-02 5.049861669540405273e-01 5.642577409744262695e-01
2.836499921977519989e-02 2.677679955959320068e-01 3.475910127162933350e-01 4.296787381172180176e-01 4.613737463951110840e-01 4.002381861209869385e-01 3.058139979839324951e-01 4.453547671437263489e-02 4.185157716274261475e-01 6.629249453544616699e-01 5.533095598220825195e-01 3.231631517410278320e-01 5.695694684982299805e-01 7.672484517097473145e-01
2.180649936199188232e-01 4.679291546344757080e-01 2.385347485542297363e-01 7.597150206565856934e-01 8.584157228469848633e-01 6.920834183692932129e-01 2.962599992752075195e-01 2.090166211128234863e-01 4.253881275653839111e-01 5.725950002670288086e-01 5.407375693321228027e-01 9.200116991996765137e-01 5.170518159866333008e-01 5.317404270172119141e-01
1.771824955940246582e-01 3.917259871959686279e-01 3.943290114402770996e-01 7.711874842643737793e-01 3.773572444915771484e-01 5.990224480628967285e-01 9.789307713508605957e-01 1.912817656993865967e-01 3.560995161533355713e-01 4.331093430519104004e-01 6.973044276237487793e-01 2.176289260387420654e-01 5.958713889122009277e-01 7.947397828102111816e-01
4.061050117015838623e-01 4.131763279438018799e-01 7.984254956245422363e-01 9.545274972915649414e-01 6.034975051879882812e-01 9.258955717086791992e-01 8.604155182838439941e-01 4.356297254562377930e-01 2.823921442031860352e-01 6.153059601783752441e-01 8.253481984138488770e-01 6.883940696716308594e-01 4.678266942501068115e-01 6.089804172515869141e-01
8.099575042724609375e-01 5.186763405799865723e-01 8.889409899711608887e-01 4.842864871025085449e-01 8.636700361967086792e-02 9.005388021469116211e-01 8.310632705688476562e-01 9.156841635704040527e-01 3.775585591793060303e-01 4.233034551143646240e-01 7.747269868850708008e-01 5.229540541768074036e-02 3.989327549934387207e-01 6.024196147918701172e-01
4.042699933052062988e-01 7.431663274765014648e-01 6.569885015487670898e-01 1.865555047988891602e-01 8.740264773368835449e-01 4.504818320274353027e-01 4.761436581611633301e-01 3.449586629867553711e-01 5.581265091896057129e-01 5.880826711654663086e-01 4.283384680747985840e-01 8.577963113784790039e-01 3.879750967025756836e-01 3.451909124851226807e-01
6.198174953460693359e-01 7.880635261535644531e-01 8.623897433280944824e-01 2.427492439746856689e-01 8.867030143737792969e-01 6.674864888191223145e-01 2.721433341503143311e-02 6.650037765502929688e-01 5.168004631996154785e-01 2.550920546054840088e-01 4.736233949661254883e-01 8.766663074493408203e-01 4.543152749538421631e-01 4.867411553859710693e-01
2.606075108051300049e-01 4.200744926929473877e-01 7.704612612724304199e-01 6.364049762487411499e-02 9.628147482872009277e-01 1.958211064338684082e-01 7.915723919868469238e-01 2.453529685735702515e-01 3.378908038139343262e-01 7.029480338096618652e-01 4.377803206443786621e-01 9.196951985359191895e-01 6.271631121635437012e-01 5.058931708335876465e-01
8.912150263786315918e-01 5.319864749908447266e-01 9.264027476310729980e-01 1.116959974169731140e-01 2.414270043373107910e-01 4.711286723613739014e-01 5.862816572189331055e-01 9.295374751091003418e-01 4.472986757755279541e-01 4.895401895046234131e-01 5.779886245727539062e-01 2.110641151666641235e-01 4.687215387821197510e-01 4.040069580078125000e-01
7.809500098228454590e-01 5.252936482429504395e-01 8.591882586479187012e-01 8.087325096130371094e-01 9.970407485961914062e-01 2.341383844614028931e-01 6.756131649017333984e-01 8.855375647544860840e-01 4.745664894580841064e-01 5.813638567924499512e-01 8.841504454612731934e-01 9.328545928001403809e-01 3.881229162216186523e-01 4.269558787345886230e-01
4.751124978065490723e-01 7.331954836845397949e-01 8.993425220251083374e-02 8.339275121688842773e-01 1.880227476358413696e-01 9.301959872245788574e-01 7.068863511085510254e-01 4.219912886619567871e-01 6.199111342430114746e-01 6.877218186855316162e-02 7.208729386329650879e-01 2.003208100795745850e-01 5.333505868911743164e-01 5.626994967460632324e-01
9.470574855804443359e-01 3.193114995956420898e-01 9.481750130653381348e-01 2.080837488174438477e-01 9.637650251388549805e-01 8.426983952522277832e-01 2.077656686305999756e-01 8.503308892250061035e-01 3.096884191036224365e-01 6.376081705093383789e-01 4.279923141002655029e-01 8.871439695358276367e-01 5.995112061500549316e-01 3.528309762477874756e-01
7.538974881172180176e-01 2.423264980316162109e-01 7.832574844360351562e-01 6.983175277709960938e-01 7.776567339897155762e-01 9.096173644065856934e-01 9.652172923088073730e-01 6.478732228279113770e-01 3.615105152130126953e-01 5.319786667823791504e-01 7.723912000656127930e-01 5.674534440040588379e-01 3.810941576957702637e-01 4.670878350734710693e-01
4.282524883747100830e-01 8.116006851196289062e-01 7.093284726142883301e-01 9.261375069618225098e-01 2.681739926338195801e-01 9.614231586456298828e-01 8.834857940673828125e-01 4.267380237579345703e-01 5.136869549751281738e-01 2.462916225194931030e-01 8.649845719337463379e-01 2.816479206085205078e-01 3.259232640266418457e-01 5.709375739097595215e-01
7.823849916458129883e-01 2.176123261451721191e-01 9.409472346305847168e-01 2.428849972784519196e-02 1.805222481489181519e-01 2.095561623573303223e-01 5.592659711837768555e-01 8.719930648803710938e-01 2.326526641845703125e-01 6.177221536636352539e-01 5.103731751441955566e-01 1.314307302236557007e-01 5.044041872024536133e-01 5.857114195823669434e-01
1.895900070667266846e-01 2.005938291549682617e-01 7.996175289154052734e-01 5.235174894332885742e-01 7.516162395477294922e-01 2.388169765472412109e-01 1.345369964838027954e-01 1.394242495298385620e-01 3.026593029499053955e-01 8.186021447181701660e-01 6.258656978607177734e-01 7.815261483192443848e-01 5.468043088912963867e-01 5.082815289497375488e-01
4.215475022792816162e-01 5.947780013084411621e-01 4.910375177860260010e-02 2.215997427701950073e-01 5.485592484474182129e-01 6.685246229171752930e-01 3.506556749343872070e-01 4.058741927146911621e-01 5.435990691184997559e-01 1.208521649241447449e-01 3.649082481861114502e-01 5.505493879318237305e-01 5.768530964851379395e-01 5.223956704139709473e-01
5.674225091934204102e-01 5.798356533050537109e-01 8.210474997758865356e-02 8.073425292968750000e-01 6.427074968814849854e-02 9.827700257301330566e-01 9.138900041580200195e-02 4.643126130104064941e-01 6.262784600257873535e-01 1.978566199541091919e-01 4.680645465850830078e-01 1.090320423245429993e-01 5.383380651473999023e-01 4.791562855243682861e-01
8.543624877929687500e-01 3.778251707553863525e-01 9.337224811315536499e-02 3.436439931392669678e-01 1.033245027065277100e-01 7.313939277082681656e-03 8.193120956420898438e-01 8.426072597503662109e-01 5.175552368164062500e-01 3.110176026821136475e-01 5.176056027412414551e-01 5.071212723851203918e-02 4.890165925025939941e-01 4.980359077453613281e-01
1.682250052690505981e-01 1.814644932746887207e-01 8.670384883880615234e-01 6.544700264930725098e-02 6.575189828872680664e-01 7.671234607696533203e-01 2.556689977645874023e-01 1.476280391216278076e-01 3.023222088813781738e-01 7.541449666023254395e-01 3.333288133144378662e-01 6.896973848342895508e-01 6.156327128410339355e-01 5.837957859039306641e-01
4.626674950122833252e-01 2.216558307409286499e-01 2.734437584877014160e-01 2.593857645988464355e-01 5.907575041055679321e-02 3.144118189811706543e-01 7.007536292076110840e-01 3.846146166324615479e-01 3.989666104316711426e-01 5.017921328544616699e-01 3.804033100605010986e-01 3.496189787983894348e-02 5.347639322280883789e-01 6.362403631210327148e-01
6.663249731063842773e-01 3.741888403892517090e-01 2.567637562751770020e-01 9.129225015640258789e-01 6.877729892730712891e-01 9.018687009811401367e-01 9.955629110336303711e-01 5.570089817047119141e-01 4.148366153240203857e-01 3.332541286945343018e-01 5.038672685623168945e-01 4.596168994903564453e-01 5.342307686805725098e-01 5.221733450889587402e-01
8.478624820709228516e-01 2.968550026416778564e-01 9.844135046005249023e-01 3.209049999713897705e-01 8.649184703826904297e-01 2.877391874790191650e-01 4.683556556701660156e-01 8.052300214767456055e-01 4.014993607997894287e-01 6.300844550132751465e-01 7.684676051139831543e-01 8.123599886894226074e-01 4.093035757541656494e-01 3.779374659061431885e-01
3.933550119400024414e-01 7.792611718177795410e-01 2.256225049495697021e-01 4.539837539196014404e-01 9.645607471466064453e-01 5.436675548553466797e-01 9.842261672019958496e-01 5.035250782966613770e-01 5.257908701896667480e-01 7.843247801065444946e-02 5.168625116348266602e-01 8.179740905761718750e-01 6.246978640556335449e-01 6.342796087265014648e-01
8.245074748992919922e-01 4.658488333225250244e-01 4.028777480125427246e-01 4.487070143222808838e-01 1.257449984550476074e-01 5.301456525921821594e-02 4.834596812725067139e-01 9.155616164207458496e-01 4.200402200222015381e-01 4.358229637145996094e-01 5.641113519668579102e-01 1.137786880135536194e-01 5.070042610168457031e-01 5.006907582283020020e-01
4.186150133609771729e-01 7.024578452110290527e-01 5.393767356872558594e-01 8.538674712181091309e-01 9.153287410736083984e-01 4.153197109699249268e-01 8.053911328315734863e-01 3.681519925594329834e-01 5.218228697776794434e-01 6.962839961051940918e-01 8.965854644775390625e-01 8.690819740295410156e-01 2.649408280849456787e-01 4.262205958366394043e-01
9.017249941825866699e-02 2.756193280220031738e-01 1.122962534427642822e-01 6.571375131607055664e-01 3.364402353763580322e-01 7.941737174987792969e-01 3.937680125236511230e-01 7.307833433151245117e-02 4.966635107994079590e-01 3.715015649795532227e-01 3.836208581924438477e-01 1.963669359683990479e-01 6.481962800025939941e-01 6.948524713516235352e-01
5.516300201416015625e-01 7.285699844360351562e-01 3.691675141453742981e-02 6.254249811172485352e-01 9.216284751892089844e-01 9.986507892608642578e-01 6.811693906784057617e-01 5.225855112075805664e-01 6.975727677345275879e-01 2.250187471508979797e-02 5.754953622817993164e-01 8.763800263404846191e-01 4.772290289402008057e-01 6.145239472389221191e-01
9.975000284612178802e-03 6.077451705932617188e-01 5.737050175666809082e-01 8.519974946975708008e-01 7.049999833106994629e-01 6.096345186233520508e-01 2.733443379402160645e-01 1.879048720002174377e-02 7.413834929466247559e-01 8.155645132064819336e-01 6.786957383155822754e-01 8.001849651336669922e-01 3.030520677566528320e-01 3.784688711166381836e-01
5.808600187301635742e-01 6.185003519058227539e-01 2.808519899845123291e-01 1.205514967441558838e-01 1.236177533864974976e-01 9.330366849899291992e-01 4.232233390212059021e-02 4.642961323261260986e-01 5.593301057815551758e-01 1.764238327741622925e-01 2.269960194826126099e-01 1.382167488336563110e-01 6.671386957168579102e-01 4.452382922172546387e-01
4.963999986648559570e-01 4.145681560039520264e-01 6.885252594947814941e-01 5.212050080299377441e-01 3.256930112838745117e-01 6.143541336059570312e-01 5.584170222282409668e-01 4.977864623069763184e-01 3.811837136745452881e-01 5.281488299369812012e-01 5.858583450317382812e-01 3.585049510002136230e-01 4.116622209548950195e-01 4.514411985874176025e-01
9.885975122451782227e-01 6.910871863365173340e-01 3.718129992485046387e-01 1.185289993882179260e-01 2.560622394084930420e-01 9.607101231813430786e-02 5.039420127868652344e-01 9.228205084800720215e-01 5.522900223731994629e-01 4.141977131366729736e-01 3.578400313854217529e-01 2.739872932434082031e-01 5.607349872589111328e-01 3.226906359195709229e-01
1.551949977874755859e-01 6.668274998664855957e-01 8.811115026473999023e-01 3.756167590618133545e-01 2.120729982852935791e-01 9.501680731773376465e-01 4.661146700382232666e-01 1.536950170993804932e-01 5.519531369209289551e-01 5.999230146408081055e-01 3.164070248603820801e-01 2.851087450981140137e-01 5.222628116607666016e-01 4.357952475547790527e-01
5.313550233840942383e-01 5.344146490097045898e-01 8.636007308959960938e-01 5.713574886322021484e-01 5.078442692756652832e-01 1.703521162271499634e-01 1.415323317050933838e-01 5.227516889572143555e-01 4.464535117149353027e-01 5.391641855239868164e-01 5.591316819190979004e-01 5.242340564727783203e-01 3.878782391548156738e-01 3.826098144054412842e-01
3.412050008773803711e-01 6.443816423416137695e-01 1.925417482852935791e-01 2.354967445135116577e-01 9.768727421760559082e-01 8.338576555252075195e-01 8.119279742240905762e-01 2.597183883190155029e-01 5.578573346138000488e-01 2.050492018461227417e-01 2.196653187274932861e-01 8.840022683143615723e-01 4.715368747711181641e-01 4.920671880245208740e-01
4.792099893093109131e-01 5.157388448715209961e-01 1.730000018142163754e-03 4.244970083236694336e-01 4.968819916248321533e-01 8.404591083526611328e-01 6.291310191154479980e-01 4.458295702934265137e-01 5.430089235305786133e-01 1.100026518106460571e-01 4.617746174335479736e-01 4.317666590213775635e-01 5.777505636215209961e-01 5.261655449867248535e-01
4.884175062179565430e-01 2.860960066318511963e-01 9.357914924621582031e-01 6.774675250053405762e-01 8.088514804840087891e-01 4.589161574840545654e-01 2.861683368682861328e-01 4.818824529647827148e-01 4.194805622100830078e-01 6.956716179847717285e-01 8.483016490936279297e-01 8.014357686042785645e-01 3.202672600746154785e-01 3.985571563243865967e-01
5.504124760627746582e-01 5.506671667098999023e-01 7.786015272140502930e-01 8.276724815368652344e-01 3.699175119400024414e-01 9.370933175086975098e-01 9.209836125373840332e-01 5.605796575546264648e-01 4.042981564998626709e-01 4.506810903549194336e-01 6.681655049324035645e-01 3.302074074745178223e-01 3.890767395496368408e-01 4.888696372509002686e-01
4.176250100135803223e-02 2.605246603488922119e-01 8.082550168037414551e-01 7.088400125503540039e-01 9.726099669933319092e-02 8.720312118530273438e-01 5.954156517982482910e-01 4.968938417732715607e-03 2.800994515419006348e-01 9.172332286834716797e-01 8.291633129119873047e-01 1.043732184916734695e-02 4.660236239433288574e-01 6.069499850273132324e-01
8.923100233078002930e-01 4.332261681556701660e-01 6.243624910712242126e-02 1.452035009860992432e-01 1.183544993400573730e-01 1.551564633846282959e-01 6.420403122901916504e-01 8.210944533348083496e-01 4.982700943946838379e-01 3.997434973716735840e-01 3.432848751544952393e-01 7.811867445707321167e-02 5.606896281242370605e-01 4.632632434368133545e-01
2.522799968719482422e-01 6.224631667137145996e-01 8.469499647617340088e-03 3.744035065174102783e-01 6.552180051803588867e-01 2.078589946031570435e-01 1.057523339986801147e-01 3.135530948638916016e-01 6.472306847572326660e-01 7.953704148530960083e-02 5.800161957740783691e-01 6.994416117668151855e-01 4.291058778762817383e-01 5.719489455223083496e-01
2.943474948406219482e-01 6.059141755104064941e-01 3.404900133609771729e-01 5.019899830222129822e-02 9.364472627639770508e-01 3.801256418228149414e-01 3.225743472576141357e-01 2.821091711521148682e-01 4.404872655868530273e-01 3.218230605125427246e-01 1.499031037092208862e-01 9.480144381523132324e-01 5.422049760818481445e-01 4.705581367015838623e-01
9.918649792671203613e-01 2.399043291807174683e-01 2.555755078792572021e-01 6.090649962425231934e-01 9.141659736633300781e-01 2.139394879341125488e-01 3.539999946951866150e-03 9.080376625061035156e-01 3.100401461124420166e-01 5.090318322181701660e-01 5.252113938331604004e-01 9.114269018173217773e-01 6.656302213668823242e-01 4.608392417430877686e-01
6.428874731063842773e-01 6.863654851913452148e-01 8.696272373199462891e-01 5.212299898266792297e-02 2.282877564430236816e-01 2.851262688636779785e-01 7.379709482192993164e-01 6.758768558502197266e-01 4.960949122905731201e-01 4.718907177448272705e-01 4.463549852371215820e-01 1.817816197872161865e-01 4.463906884193420410e-01 4.057989716529846191e-01
7.266225218772888184e-01 2.745763361454010010e-01 5.135664939880371094e-01 8.061174750328063965e-01 9.611989855766296387e-01 5.417202115058898926e-01 2.644590139389038086e-01 8.377491235733032227e-01 2.927603125572204590e-01 6.281768679618835449e-01 5.860714912414550781e-01 9.201326966285705566e-01 6.377381682395935059e-01 4.432497620582580566e-01
8.255925178527832031e-01 5.649561882019042969e-01 5.232174992561340332e-01 2.945922613143920898e-01 1.444325037300586700e-02 3.230273723602294922e-01 2.873263359069824219e-01 8.855087757110595703e-01 4.383859932422637939e-01 4.073402881622314453e-01 5.640367269515991211e-01 4.341394081711769104e-02 4.774769842624664307e-01 5.451284646987915039e-01
2.333025038242340088e-01 7.495660185813903809e-01 5.310167670249938965e-01 3.153112530708312988e-01 1.402092427015304565e-01 2.774419188499450684e-01 9.145193696022033691e-01 2.768284380435943604e-01 4.779977500438690186e-01 2.393906116485595703e-01 5.785066485404968262e-01 1.448981016874313354e-01 5.446508526802062988e-01 5.946971774101257324e-01
8.026599884033203125e-01 3.577719926834106445e-01 1.426737457513809204e-01 2.047177553176879883e-01 2.806922495365142822e-01 8.813304305076599121e-01 2.133766748011112213e-02 5.974861979484558105e-01 5.210953950881958008e-01 4.231472015380859375e-01 2.678247392177581787e-01 2.811039090156555176e-01 5.479602813720703125e-01 3.797045648097991943e-01
4.212074875831604004e-01 2.311326712369918823e-01 5.794502496719360352e-01 3.717550039291381836e-01 2.572239935398101807e-01 2.658502161502838135e-01 3.115886747837066650e-01 4.907043874263763428e-01 3.369115889072418213e-01 5.451578497886657715e-01 4.586191773414611816e-01 3.014481365680694580e-01 4.869209527969360352e-01 5.162137150764465332e-01
2.308000065386295319e-02 4.461661577224731445e-01 9.833015203475952148e-01 9.763950109481811523e-01 3.843572437763214111e-01 9.968997836112976074e-01 2.280199974775314331e-01 6.999799981713294983e-03 6.021566390991210938e-01 9.246049523353576660e-01 6.968574523925781250e-01 2.162084430456161499e-01 3.711406588554382324e-01 4.621236026287078857e-01
5.251550078392028809e-01 3.844486773014068604e-01 2.193589955568313599e-01 1.582512557506561279e-01 8.997732400894165039e-01 2.091671675443649292e-01 2.588966786861419678e-01 5.491697192192077637e-01 4.730870723724365234e-01 3.114028275012969971e-01 3.785914182662963867e-01 8.421130180358886719e-01 4.808839559555053711e-01 4.832533895969390869e-01
8.639575242996215820e-01 3.500035107135772705e-01 3.779687583446502686e-01 9.440500140190124512e-01 4.058699905872344971e-01 2.994101047515869141e-01 1.872906684875488281e-01 9.570119380950927734e-01 3.644608855247497559e-01 5.654709935188293457e-01 6.729301214218139648e-01 4.780181050300598145e-01 4.948445558547973633e-01 3.922119140625000000e-01
3.170925080776214600e-01 3.960730135440826416e-01 6.460949778556823730e-02 5.564849972724914551e-01 9.977137446403503418e-01 4.039098918437957764e-01 3.835893273353576660e-01 3.612210154533386230e-01 4.675295650959014893e-01 4.295600652694702148e-01 3.909733891487121582e-01 9.448469281196594238e-01 4.888017177581787109e-01 4.898034930229187012e-01
7.966399788856506348e-01 4.674031734466552734e-01 1.055347472429275513e-01 1.526049990206956863e-02 9.108660221099853516e-01 4.915074706077575684e-01 1.619316637516021729e-01 6.260673999786376953e-01 4.943890869617462158e-01 3.002714514732360840e-01 2.459843009710311890e-01 8.377582430839538574e-01 5.281634926795959473e-01 4.210616052150726318e-01
6.559824943542480469e-01 7.047596573829650879e-01 7.030762434005737305e-01 9.165949821472167969e-01 6.067747473716735840e-01 7.577832341194152832e-01 5.521460175514221191e-01 5.812866687774658203e-01 5.756550431251525879e-01 4.315157830715179443e-01 8.106565475463867188e-01 5.895773768424987793e-01 2.854220867156982422e-01 4.042115211486816406e-01
2.607649862766265869e-01 3.124283254146575928e-01 7.467545270919799805e-01 3.063845038414001465e-01 9.494750201702117920e-02 5.084271430969238281e-01 9.333286285400390625e-01 2.178577184677124023e-01 3.015595972537994385e-01 5.570334792137145996e-01 6.152173280715942383e-01 3.289215266704559326e-02 4.695982336997985840e-01 6.797074675559997559e-01
8.996000289916992188e-01 6.043524742126464844e-01 7.848539948463439941e-01 4.169670045375823975e-01 3.107174932956695557e-01 1.276740431785583496e-01 4.606069922447204590e-01 9.697685837745666504e-01 4.657642543315887451e-01 5.193113088607788086e-01 5.842930078506469727e-01 3.095514476299285889e-01 4.999218583106994629e-01 3.414917290210723877e-01
4.996725022792816162e-01 5.268413424491882324e-01 6.797094941139221191e-01 3.203749889507889748e-03 9.723370075225830078e-01 6.996293663978576660e-01 5.905466526746749878e-02 3.716616630554199219e-01 5.055727958679199219e-01 5.690943002700805664e-01 3.273565471172332764e-01 9.050893783569335938e-01 4.485143125057220459e-01 3.646729886531829834e-01
3.643549978733062744e-01 8.031976819038391113e-01 6.656810045242309570e-01 1.120777502655982971e-01 2.856124937534332275e-02 5.675760507583618164e-01 7.655128836631774902e-01 2.510524690151214600e-01 6.127495169639587402e-01 4.428845942020416260e-01 2.491418719291687012e-01 5.249457061290740967e-02 5.622979402542114258e-01 4.378074407577514648e-01
5.564450025558471680e-01 4.227069914340972900e-01 9.876197576522827148e-01 1.268357485532760620e-01 5.292425155639648438e-01 5.998098850250244141e-01 5.383769869804382324e-01 5.138498544692993164e-01 2.977624833583831787e-01 5.497056841850280762e-01 4.288173913955688477e-01 6.275202631950378418e-01 5.676788687705993652e-01 5.655491948127746582e-01
6.995250284671783447e-02 3.475796580314636230e-01 3.483102619647979736e-01 7.563449740409851074e-01 8.936224877834320068e-02 9.025012850761413574e-01 4.239066541194915771e-01 3.325957059860229492e-02 4.739127457141876221e-01 5.856593251228332520e-01 4.474987387657165527e-01 4.597925022244453430e-02 5.960993766784667969e-01 7.623828053474426270e-01
3.598699867725372314e-01 5.408583283424377441e-01 5.970770120620727539e-01 8.252099752426147461e-01 2.269767522811889648e-01 9.392310380935668945e-01 2.108803391456604004e-01 3.840294182300567627e-01 5.415466427803039551e-01 5.133576989173889160e-01 5.113317966461181641e-01 3.230698406696319580e-01 3.873574435710906982e-01 3.651551306247711182e-01
6.147199869155883789e-01 4.281184971332550049e-01 8.357432484626770020e-01 9.019750170409679413e-03 2.497299946844577789e-02 7.410547733306884766e-01 5.738203525543212891e-01 5.720412135124206543e-01 3.486432433128356934e-01 5.401155352592468262e-01 3.557623922824859619e-01 2.934648841619491577e-02 5.442228317260742188e-01 6.574312448501586914e-01
7.169150114059448242e-01 4.921894967555999756e-01 4.354985058307647705e-01 2.849299907684326172e-01 4.643374979496002197e-01 5.153238177299499512e-01 6.947866678237915039e-01 6.058917641639709473e-01 5.234457850456237793e-01 4.676799476146697998e-01 4.758892953395843506e-01 4.046575725078582764e-01 4.279696047306060791e-01 3.574099838733673096e-01
3.189224898815155029e-01 7.392504811286926270e-01 4.565392434597015381e-01 3.356395065784454346e-01 7.298102378845214844e-01 9.734362363815307617e-01 7.795770764350891113e-01 3.409066498279571533e-01 4.732901453971862793e-01 2.949768900871276855e-01 3.862505555152893066e-01 7.539133429527282715e-01 5.135602951049804688e-01 5.365297198295593262e-01
9.011574983596801758e-01 4.933004975318908691e-01 8.385995030403137207e-01 9.336249828338623047e-01 8.906344771385192871e-01 5.840453505516052246e-02 9.531257748603820801e-01 9.347248673439025879e-01 2.528111636638641357e-01 6.020503044128417969e-01 8.993886709213256836e-01 8.739501833915710449e-01 6.289260387420654297e-01 5.585644245147705078e-01
8.290899991989135742e-01 4.036189913749694824e-01 9.241700172424316406e-01 4.082347452640533447e-01 8.346777558326721191e-01 1.936681866645812988e-01 2.115530073642730713e-01 8.514418601989746094e-01 3.294457793235778809e-01 6.056708693504333496e-01 6.568347215652465820e-01 8.541592955589294434e-01 5.537182688713073730e-01 4.181471765041351318e-01
9.108124971389770508e-01 4.060821533203125000e-01 3.963710069656372070e-01 2.565504908561706543e-01 9.716669917106628418e-01 9.357329010963439941e-01 7.572049498558044434e-01 7.935907840728759766e-01 3.058652579784393311e-01 3.982451260089874268e-01 3.981095254421234131e-01 8.897033333778381348e-01 6.766285300254821777e-01 5.380635261535644531e-01
2.336425036191940308e-01 5.244408249855041504e-01 9.918067455291748047e-01 5.709449946880340576e-02 8.039807677268981934e-01 9.650794863700866699e-01 8.060161471366882324e-01 2.720209062099456787e-01 3.605284690856933594e-01 5.711277723312377930e-01 3.611673116683959961e-01 8.171876668930053711e-01 5.938645601272583008e-01 5.362863540649414062e-01
4.102774858474731445e-01 1.770015060901641846e-01 3.008345067501068115e-01 5.821124911308288574e-01 7.327522635459899902e-01 4.268350601196289062e-01 1.234276667237281799e-01 4.384752213954925537e-01 2.632659971714019775e-01 5.648888349533081055e-01 5.514503121376037598e-01 8.206815719604492188e-01 6.220917701721191406e-01 6.342872381210327148e-01
6.624774932861328125e-01 2.088968306779861450e-01 3.391090035438537598e-01 3.140065073966979980e-01 9.960939884185791016e-01 8.746621012687683105e-01 9.185342788696289062e-01 6.472043991088867188e-01 4.093407988548278809e-01 2.943362593650817871e-01 5.162720680236816406e-01 7.801430821418762207e-01 5.453957915306091309e-01 5.437794923782348633e-01
7.213374972343444824e-01 4.295116662979125977e-01 1.259007453918457031e-01 3.528772592544555664e-01 8.844077587127685547e-01 7.783492654561996460e-02 2.173729985952377319e-01 7.064739465713500977e-01 5.967926383018493652e-01 1.415695697069168091e-01 4.854675233364105225e-01 8.084356188774108887e-01 5.010182857513427734e-01 4.880903661251068115e-01
7.612250000238418579e-02 6.363673210144042969e-01 3.854382634162902832e-01 1.954012513160705566e-01 8.093104958534240723e-01 5.679041147232055664e-01 5.694033205509185791e-02 3.717678785324096680e-02 6.709389686584472656e-01 5.234495401382446289e-01 1.259614080190658569e-01 9.085828065872192383e-01 4.545654356479644775e-01 3.598999679088592529e-01
3.790825009346008301e-01 2.969451546669006348e-01 5.388215184211730957e-01 6.171600222587585449e-01 8.544662594795227051e-01 7.549409866333007812e-01 8.283223509788513184e-01 3.291650116443634033e-01 2.689422667026519775e-01 7.124993801116943359e-01 5.882841944694519043e-01 8.233460783958435059e-01 5.949211120605468750e-01 5.318503975868225098e-01
5.811374783515930176e-01 8.208716511726379395e-01 2.419790029525756836e-01 2.538140118122100830e-01 9.436050057411193848e-01 3.703976869583129883e-01 1.821176707744598389e-01 5.564295053482055664e-01 4.607387483119964600e-01 2.537249028682708740e-01 3.921186923980712891e-01 9.425936937332153320e-01 5.169498324394226074e-01 5.359107255935668945e-01
5.918250083923339844e-01 3.714436590671539307e-01 7.825572490692138672e-01 7.523574829101562500e-01 6.133367419242858887e-01 2.225466668605804443e-01 3.584766760468482971e-02 6.499142050743103027e-01 4.153959155082702637e-01 5.655364990234375000e-01 6.566918492317199707e-01 5.922853350639343262e-01 3.822600245475769043e-01 3.818534910678863525e-01
7.706000208854675293e-01 6.776448488235473633e-01 4.714640080928802490e-01 3.555079996585845947e-01 9.190632700920104980e-01 6.355388164520263672e-01 8.472086787223815918e-01 6.180953979492187500e-01 3.828142285346984863e-01 4.203984141349792480e-01 4.434432387351989746e-01 7.948961257934570312e-01 5.327767729759216309e-01 4.991525411605834961e-01
3.508450090885162354e-01 6.578133106231689453e-01 7.899657487869262695e-01 1.249099988490343094e-02 2.101175040006637573e-01 8.954598903656005859e-01 1.574196666479110718e-01 2.847747802734375000e-01 5.581982731819152832e-01 5.450782775878906250e-01 2.755448818206787109e-01 2.896934151649475098e-01 5.024671554565429688e-01 3.504284918308258057e-01
4.521250128746032715e-01 5.691811442375183105e-01 5.474477410316467285e-01 9.590600132942199707e-01 8.026407361030578613e-01 6.644636392593383789e-01 7.219947576522827148e-01 4.852870702743530273e-01 4.588280916213989258e-01 5.927460193634033203e-01 8.944416046142578125e-01 8.081620335578918457e-01 3.057589828968048096e-01 4.845482707023620605e-01
1.650175005197525024e-01 5.530606508255004883e-01 5.305949971079826355e-02 9.004675149917602539e-01 7.129759788513183594e-01 9.784600138664245605e-01 5.204673409461975098e-01 1.454710066318511963e-01 6.628558635711669922e-01 1.654686629772186279e-01 1.856283247470855713e-01 7.170395851135253906e-01 5.059340000152587891e-01 4.716449975967407227e-01
4.566274881362915039e-01 7.609930038452148438e-01 4.903362393379211426e-01 6.952674984931945801e-01 8.391277790069580078e-01 1.487612128257751465e-01 8.181467056274414062e-01 4.193255603313446045e-01 5.854125618934631348e-01 5.162973403930664062e-01 9.214646816253662109e-01 8.170416951179504395e-01 2.254412621259689331e-01 4.768198728561401367e-01
9.704124927520751953e-01 4.830868244171142578e-01 4.125347435474395752e-01 8.490549772977828979e-02 4.642974957823753357e-02 5.761727094650268555e-01 2.229313403367996216e-01 8.994873166084289551e-01 3.543011248111724854e-01 4.794012308120727539e-01 4.070452451705932617e-01 7.703582942485809326e-02 5.656057596206665039e-01 5.656921863555908203e-01
2.323199957609176636e-01 6.407694816589355469e-01 5.708749871701002121e-03 6.976000070571899414e-01 2.728329896926879883e-01 5.251525044441223145e-01 4.920576810836791992e-01 2.501833736896514893e-01 6.310949921607971191e-01 5.669814720749855042e-02 6.317631602287292480e-01 2.974598109722137451e-01 5.829638838768005371e-01 5.798627734184265137e-01
4.939399957656860352e-01 2.628246545791625977e-01 5.115230083465576172e-01 2.914505004882812500e-01 4.304877519607543945e-01 9.862605929374694824e-01 4.724206626415252686e-01 4.550760090351104736e-01 3.916825056076049805e-01 4.888654351234436035e-01 4.254809916019439697e-01 4.523889124393463135e-01 4.902702271938323975e-01 4.586739838123321533e-01
6.546674966812133789e-01 5.627376437187194824e-01 7.887489795684814453e-01 7.050849795341491699e-01 4.585100114345550537e-01 4.451756477355957031e-01 6.604546904563903809e-01 7.234852910041809082e-01 4.316241145133972168e-01 5.032203197479248047e-01 6.471866965293884277e-01 4.406026899814605713e-01 3.946711719036102295e-01 4.002560973167419434e-01
6.601399779319763184e-01 4.476968348026275635e-01 3.925752639770507812e-01 6.233425140380859375e-01 7.591082453727722168e-01 7.454228401184082031e-01 1.137986630201339722e-01 5.416736006736755371e-01 4.693101942539215088e-01 5.362384319305419922e-01 6.517395377159118652e-01 6.898882985115051270e-01 3.602052628993988037e-01 4.023080170154571533e-01
7.106475234031677246e-01 3.993538320064544678e-01 2.918755114078521729e-01 2.454745024442672729e-01 1.800299994647502899e-02 8.587738275527954102e-01 3.208209872245788574e-01 6.601588129997253418e-01 4.809899330139160156e-01 4.243086874485015869e-01 2.509569227695465088e-01 3.005211800336837769e-02 5.994003415107727051e-01 5.509516000747680664e-01
3.088049888610839844e-01 5.247858166694641113e-01 6.952810287475585938e-01 9.432324767112731934e-01 7.305272221565246582e-01 8.292478919029235840e-01 1.827806681394577026e-01 3.322709798812866211e-01 4.836919605731964111e-01 6.664715409278869629e-01 8.556059598922729492e-01 8.172748684883117676e-01 3.140891790390014648e-01 4.625446498394012451e-01
6.842824816703796387e-01 5.587041378021240234e-01 9.434980154037475586e-01 1.759749953635036945e-03 6.103952527046203613e-01 6.740532517433166504e-01 8.170149922370910645e-01 6.638090014457702637e-01 4.069667160511016846e-01 4.553184211254119873e-01 3.989191055297851562e-01 5.829958319664001465e-01 5.281265974044799805e-01 4.338439106941223145e-01
3.043749928474426270e-02 5.966231822967529297e-01 2.370339930057525635e-01 7.125049829483032227e-01 2.016970068216323853e-01 9.692950248718261719e-01 9.215307235717773438e-01 1.385700050741434097e-02 7.614939212799072266e-01 2.889121472835540771e-01 7.429121993482112885e-03 3.121378459036350250e-02 8.450267910957336426e-01 2.663702964782714844e-01
2.057075053453445435e-01 4.859985113143920898e-01 3.142657577991485596e-01 1.467082500457763672e-01 4.800674915313720703e-01 2.194288820028305054e-01 4.781099855899810791e-01 3.123313784599304199e-01 5.019969940185546875e-01 4.704141616821289062e-01 3.494575917720794678e-01 4.683832526206970215e-01 5.001316666603088379e-01 4.337916672229766846e-01
6.991875171661376953e-01 7.028178572654724121e-01 3.507094979286193848e-01 2.621249854564666748e-01 2.370802462100982666e-01 3.497816994786262512e-02 3.829700127243995667e-02 8.711866140365600586e-01 6.044184565544128418e-01 3.600185215473175049e-01 2.603600323200225830e-01 3.422348797321319580e-01 5.875338912010192871e-01 3.035117089748382568e-01
8.487150073051452637e-01 7.393971681594848633e-01 1.203907504677772522e-01 4.202080070972442627e-01 9.957439899444580078e-01 8.805783092975616455e-02 2.721570134162902832e-01 7.923487424850463867e-01 4.675889909267425537e-01 2.498620003461837769e-01 3.649074733257293701e-01 9.268478751182556152e-01 5.601914525032043457e-01 4.852865040302276611e-01
2.667675018310546875e-01 2.028098404407501221e-01 5.025839805603027344e-01 4.763070046901702881e-01 7.137992382049560547e-01 1.187434345483779907e-01 7.614233493804931641e-01 2.932223975658416748e-01 3.525596261024475098e-01 6.792169213294982910e-01 6.418052911758422852e-01 6.392222046852111816e-01 4.540473222732543945e-01 4.540380835533142090e-01
4.864000156521797180e-02 8.020916581153869629e-01 7.703699916601181030e-02 7.314774990081787109e-01 5.842547416687011719e-01 1.106481850147247314e-01 5.240039825439453125e-01 8.204150199890136719e-02 6.714168190956115723e-01 1.302527040243148804e-01 2.090375870466232300e-01 8.332858681678771973e-01 4.519072473049163818e-01 5.338346958160400391e-01
8.165749907493591309e-02 5.916183590888977051e-01 8.413150161504745483e-02 5.793750286102294922e-01 6.981599926948547363e-01 8.597926497459411621e-01 9.409117698669433594e-01 7.924538850784301758e-02 7.094789147377014160e-01 1.006621345877647400e-01 2.088077217340469360e-01 5.429685711860656738e-01 5.505517125129699707e-01 5.161285996437072754e-01
6.042975187301635742e-01 2.646606564521789551e-01 8.466997742652893066e-01 9.775199890136718750e-01 5.850449800491333008e-01 2.530161738395690918e-01 2.847173213958740234e-01 7.569977045059204102e-01 1.843205243349075317e-01 6.887648701667785645e-01 7.997440099716186523e-01 8.064083456993103027e-01 6.271079182624816895e-01 6.109004616737365723e-01
6.530575156211853027e-01 6.028216481208801270e-01 2.088982462882995605e-01 3.332800045609474182e-02 9.898867607116699219e-01 2.076989971101284027e-03 1.043090000748634338e-01 5.792196989059448242e-01 4.425391852855682373e-01 3.379754126071929932e-01 2.367081642150878906e-01 9.203816652297973633e-01 5.381551980972290039e-01 4.436304271221160889e-01
3.977699875831604004e-01 5.439603328704833984e-01 4.471575096249580383e-02 7.335450053215026855e-01 7.958007454872131348e-01 9.143079519271850586e-01 5.448700115084648132e-02 3.999146521091461182e-01 4.697381854057312012e-01 2.493495047092437744e-01 2.463725209236145020e-01 8.625783324241638184e-01 5.300484299659729004e-01 5.017223954200744629e-01
6.885500252246856689e-02 6.234921813011169434e-01 7.342787384986877441e-01 9.694200158119201660e-01 2.085295021533966064e-01 7.193893194198608398e-01 3.703469932079315186e-01 4.978197067975997925e-02 4.837783277034759521e-01 6.732990145683288574e-01 6.939049363136291504e-01 3.359546363353729248e-01 4.258537292480468750e-01 7.037977576255798340e-01
9.005900025367736816e-01 6.713168621063232422e-01 3.063147366046905518e-01 5.335025191307067871e-01 1.629569977521896362e-01 8.822206258773803711e-01 8.828256130218505859e-01 9.058547616004943848e-01 6.099119782447814941e-01 1.877465397119522095e-01 5.620773434638977051e-01 1.392602324485778809e-01 5.401534438133239746e-01 4.303606152534484863e-01
5.030149817466735840e-01 7.216535210609436035e-01 6.225762367248535156e-01 4.709897637367248535e-01 5.198567509651184082e-01 2.770523130893707275e-01 4.698163270950317383e-01 5.308585166931152344e-01 4.856741130352020264e-01 4.024247825145721436e-01 6.316115260124206543e-01 5.448681712150573730e-01 3.867129981517791748e-01 4.465869069099426270e-01
9.189500212669372559e-01 4.992408454418182373e-01 2.528690099716186523e-01 2.169654965400695801e-01 5.428792238235473633e-01 7.176654338836669922e-01 1.333763301372528076e-01 7.836714982986450195e-01 5.783293247222900391e-01 3.370059132575988770e-01 3.920572102069854736e-01 5.466082096099853516e-01 5.261764526367187500e-01 3.552982211112976074e-01
6.644949913024902344e-01 6.991433501243591309e-01 1.481740027666091919e-01 1.959982514381408691e-01 9.597032666206359863e-01 4.715179800987243652e-01 3.573846518993377686e-01 5.941263437271118164e-01 4.061211347579956055e-01 2.574580609798431396e-01 3.131880462169647217e-01 9.343762993812561035e-01 5.918675661087036133e-01 5.430915951728820801e-01
7.365000247955322266e-02 5.998846888542175293e-01 8.382967710494995117e-01 1.244174987077713013e-01 5.792042613029479980e-01 1.920466721057891846e-01 4.355129897594451904e-01 8.486529439687728882e-02 5.623214244842529297e-01 7.275505065917968750e-01 3.420120179653167725e-01 5.892372727394104004e-01 4.881350696086883545e-01 4.307617545127868652e-01
3.820075094699859619e-01 4.058991670608520508e-01 6.040399894118309021e-02 4.993279874324798584e-01 7.363730072975158691e-01 8.218181901611387730e-04 2.652339935302734375e-01 5.507093667984008789e-01 4.272314906120300293e-01 3.169346451759338379e-01 3.682700097560882568e-01 7.698336839675903320e-01 5.328589677810668945e-01 5.029835700988769531e-01
6.734874844551086426e-01 2.581203281879425049e-01 1.634125038981437683e-02 5.002549886703491211e-01 9.406952261924743652e-01 7.915717363357543945e-01 9.632250070571899414e-01 4.839201569557189941e-01 3.198653459548950195e-01 3.905622363090515137e-01 5.219283699989318848e-01 8.075059056282043457e-01 6.709403395652770996e-01 6.757637858390808105e-01
3.340624868869781494e-01 6.153156757354736328e-01 9.067350029945373535e-01 9.625174999237060547e-01 1.351249986328184605e-03 9.852980971336364746e-01 6.231413483619689941e-01 3.614000976085662842e-01 2.785551249980926514e-01 4.917185902595520020e-01 7.862269878387451172e-01 6.147695332765579224e-02 3.896843194961547852e-01 7.043684124946594238e-01
3.917925059795379639e-01 3.288098275661468506e-01 1.542990058660507202e-01 9.434199929237365723e-01 3.648524880409240723e-01 6.462619304656982422e-01 4.769960045814514160e-01 5.319233536720275879e-01 4.142307341098785400e-01 2.203796803951263428e-01 6.939721107482910156e-01 4.324184656143188477e-01 5.689798593521118164e-01 6.358700990676879883e-01
1.945874989032745361e-01 6.939941644668579102e-01 4.014810025691986084e-01 1.812302470207214355e-01 1.896084994077682495e-01 7.000187039375305176e-01 7.596010565757751465e-01 1.516616046428680420e-01 4.840036630630493164e-01 3.455208539962768555e-01 3.538013696670532227e-01 1.863539218902587891e-01 6.307682991027832031e-01 6.127089262008666992e-01
8.813675045967102051e-01 7.756216526031494141e-01 7.729225158691406250e-01 5.734850168228149414e-01 8.600190281867980957e-01 8.666889667510986328e-01 6.872032880783081055e-01 9.078704714775085449e-01 3.652813136577606201e-01 3.023785948753356934e-01 5.761834979057312012e-01 8.978093266487121582e-01 6.481602191925048828e-01 5.367826819419860840e-01
2.693000063300132751e-02 3.042481541633605957e-01 9.250062704086303711e-01 2.505410015583038330e-01 1.775642484426498413e-01 7.743809223175048828e-01 1.861533373594284058e-01 8.730176836252212524e-03 4.444843828678131104e-01 9.161953926086425781e-01 4.473766386508941650e-01 5.469669401645660400e-02 5.442085266113281250e-01 4.350808262825012207e-01
6.776300072669982910e-01 2.043119966983795166e-01 2.989700138568878174e-01 6.940499693155288696e-02 1.394192427396774292e-01 1.076769679784774780e-01 1.439806669950485229e-01 7.188374400138854980e-01 4.286572337150573730e-01 5.085775852203369141e-01 2.700129151344299316e-01 9.726544469594955444e-02 5.657060146331787109e-01 4.856489300727844238e-01
4.782350063323974609e-01 7.911813259124755859e-01 5.272212624549865723e-01 5.567324757575988770e-01 9.788549691438674927e-02 8.737713098526000977e-02 2.144196629524230957e-01 4.962636828422546387e-01 5.223585367202758789e-01 3.736561834812164307e-01 4.505236148834228516e-01 1.612164229154586792e-01 4.759562909603118896e-01 4.453555345535278320e-01
2.920374870300292969e-01 1.823923289775848389e-01 4.837647378444671631e-01 2.757012546062469482e-01 4.742070138454437256e-01 1.803983896970748901e-01 1.464010030031204224e-01 3.278552591800689697e-01 3.841665983200073242e-01 6.461632251739501953e-01 5.073979496955871582e-01 4.272691607475280762e-01 4.349060058593750000e-01 3.718830049037933350e-01
9.837650060653686523e-01 2.328586727380752563e-01 5.097404718399047852e-01 6.401850283145904541e-02 8.007032275199890137e-01 8.592240214347839355e-01 6.222276687622070312e-01 9.146247506141662598e-01 3.496722579002380371e-01 3.709353804588317871e-01 4.073677659034729004e-01 8.217221498489379883e-01 6.690587401390075684e-01 4.731463789939880371e-01
2.242050021886825562e-01 6.794016957283020020e-01 3.697065114974975586e-01 6.038550138473510742e-01 8.502212762832641602e-01 4.308721125125885010e-01 7.275583148002624512e-01 1.706749200820922852e-01 5.657353401184082031e-01 6.153492331504821777e-01 7.525036334991455078e-01 8.987442851066589355e-01 3.462889194488525391e-01 4.821874797344207764e-01
1.225425004959106445e-01 7.974123358726501465e-01 2.289937436580657959e-01 5.994449853897094727e-01 8.021999895572662354e-02 2.203916162252426147e-01 6.135839819908142090e-01 1.616523712873458862e-01 5.807951688766479492e-01 1.171169206500053406e-01 6.222428679466247559e-01 1.558423191308975220e-01 6.051480174064636230e-01 6.125266551971435547e-01
5.651299953460693359e-01 4.342240095138549805e-01 2.651552557945251465e-01 8.545849919319152832e-01 4.086624979972839355e-01 1.951127313077449799e-02 2.685713469982147217e-01 5.077356696128845215e-01 5.769093632698059082e-01 4.916296601295471191e-01 6.560320258140563965e-01 3.858222365379333496e-01 3.164067268371582031e-01 3.410738110542297363e-01
7.176675200462341309e-01 6.709439754486083984e-01 9.676517248153686523e-01 1.850699931383132935e-01 7.320860028266906738e-01 4.249105155467987061e-01 6.557213068008422852e-01 7.802085280418395996e-01 4.806514680385589600e-01 3.642264306545257568e-01 4.136242270469665527e-01 7.140831947326660156e-01 5.260165929794311523e-01 4.127266108989715576e-01
6.924600005149841309e-01 6.172943115234375000e-01 6.960095167160034180e-01 2.764475047588348389e-01 9.830549955368041992e-01 2.519876658916473389e-01 6.858751177787780762e-01 5.581040978431701660e-01 4.931142926216125488e-01 5.792757272720336914e-01 6.456370353698730469e-01 8.508735299110412598e-01 3.814676403999328613e-01 4.033206701278686523e-01
4.902474880218505859e-01 6.200025081634521484e-01 5.459897518157958984e-01 4.647170007228851318e-01 5.417192578315734863e-01 9.186736345291137695e-01 9.253376126289367676e-01 5.002610683441162109e-01 4.364993572235107422e-01 2.432663440704345703e-01 6.790327429771423340e-01 4.647413790225982666e-01 5.142924785614013672e-01 5.872642993927001953e-01
8.397249877452850342e-02 2.019488364458084106e-01 2.245479971170425415e-01 8.676224946975708008e-01 1.421812474727630615e-01 5.760824084281921387e-01 5.280936956405639648e-01 6.626883894205093384e-02 3.746328651905059814e-01 5.761454701423645020e-01 7.985566258430480957e-01 6.951809674501419067e-02 4.410493671894073486e-01 8.311119079589843750e-01
6.964200139045715332e-01 7.983130216598510742e-01 6.458929777145385742e-01 9.963799715042114258e-01 7.059417366981506348e-01 4.747812151908874512e-01 7.282366752624511719e-01 7.226228713989257812e-01 5.014215707778930664e-01 3.996565043926239014e-01 9.080920815467834473e-01 7.241474390029907227e-01 3.087506592273712158e-01 4.906069636344909668e-01
5.084074735641479492e-01 4.650023281574249268e-01 8.708552718162536621e-01 8.327224850654602051e-01 6.989537477493286133e-01 5.021595954895019531e-01 2.425770014524459839e-01 5.603803396224975586e-01 4.500129222869873047e-01 5.875587463378906250e-01 7.414417862892150879e-01 6.860199570655822754e-01 3.358528614044189453e-01 3.952020406723022461e-01
4.930750131607055664e-01 7.057193517684936523e-01 3.754922449588775635e-01 4.498357474803924561e-01 3.035610020160675049e-01 6.380637288093566895e-01 2.919116616249084473e-01 4.852628707885742188e-01 5.261855125427246094e-01 4.057153165340423584e-01 4.402172863483428955e-01 3.759574890136718750e-01 4.562902152538299561e-01 4.020759165287017822e-01
5.629100203514099121e-01 4.005673229694366455e-01 7.478045225143432617e-01 4.015862643718719482e-01 8.773162364959716797e-01 4.590095877647399902e-01 9.663308858871459961e-01 6.210634708404541016e-01 4.020112454891204834e-01 3.917083442211151123e-01 3.989273607730865479e-01 6.648630499839782715e-01 5.383415818214416504e-01 4.733019173145294189e-01
3.476425111293792725e-01 2.847398221492767334e-01 1.029092520475387573e-01 9.588500261306762695e-01 1.684104949235916138e-01 8.559984564781188965e-01 9.219125509262084961e-01 2.928189337253570557e-01 3.874981999397277832e-01 2.079850584268569946e-01 8.096643090248107910e-01 7.964920997619628906e-02 5.291274189949035645e-01 7.613678574562072754e-01
9.423925280570983887e-01 7.337131500244140625e-01 4.884625077247619629e-01 9.180124998092651367e-01 4.536060094833374023e-01 6.236575543880462646e-03 2.140016704797744751e-01 9.831669926643371582e-01 4.968791604042053223e-01 5.457775592803955078e-01 7.279531955718994141e-01 6.442812681198120117e-01 4.950152635574340820e-01 2.965463995933532715e-01
1.284125000238418579e-01 1.719155013561248779e-01 5.350260138511657715e-01 2.646502554416656494e-01 8.763049840927124023e-01 5.629256367683410645e-01 3.499099984765052795e-02 1.034248620271682739e-01 3.299488723278045654e-01 7.948758006095886230e-01 3.720477521419525146e-01 9.044327139854431152e-01 6.583878397941589355e-01 5.191556215286254883e-01
1.172875016927719116e-01 3.054768443107604980e-01 5.660949945449829102e-01 1.917285025119781494e-01 8.922507762908935547e-01 7.128430008888244629e-01 4.886460006237030029e-01 1.079614013433456421e-01 4.884728193283081055e-01 6.834806203842163086e-01 1.939186453819274902e-01 8.169735670089721680e-01 5.648909211158752441e-01 3.938716053962707520e-01
8.809249848127365112e-02 5.194123387336730957e-01 1.886775046586990356e-01 8.846399784088134766e-01 7.538997530937194824e-01 5.163500905036926270e-01 7.475700229406356812e-02 8.602889627218246460e-02 6.099119186401367188e-01 4.704549014568328857e-01 6.815559267997741699e-01 8.683133125305175781e-01 3.573079705238342285e-01 5.504422187805175781e-01
3.538450002670288086e-01 1.902383267879486084e-01 2.484862506389617920e-01 5.129550099372863770e-01 3.490292429924011230e-01 5.120608806610107422e-01 6.247966736555099487e-02 3.778483271598815918e-01 4.035328328609466553e-01 5.094043016433715820e-01 4.607241749763488770e-01 3.975107073783874512e-01 4.676914811134338379e-01 4.618121385574340820e-01
1.412000041455030441e-02 5.109578371047973633e-01 8.534232378005981445e-01 2.960324883460998535e-01 4.027594923973083496e-01 3.013576865196228027e-01 5.926493406295776367e-01 3.194757923483848572e-02 6.413719058036804199e-01 8.065601587295532227e-01 3.544328808784484863e-01 2.831349074840545654e-01 4.587309956550598145e-01 4.575834274291992188e-01
2.173649966716766357e-01 2.632724940776824951e-01 2.774530053138732910e-01 6.107349991798400879e-01 2.107595056295394897e-01 4.478313028812408447e-03 4.359943270683288574e-01 2.881273031234741211e-01 3.979519009590148926e-01 6.115757226943969727e-01 4.335741400718688965e-01 2.290282100439071655e-01 4.650262594223022461e-01 4.261429905891418457e-01
9.693275094032287598e-01 5.509733557701110840e-01 5.440757274627685547e-01 1.720017492771148682e-01 1.577232480049133301e-01 7.993734478950500488e-01 4.431466758251190186e-02 8.746314644813537598e-01 3.023590147495269775e-01 5.834553837776184082e-01 3.989420831203460693e-01 1.632882356643676758e-01 5.296406745910644531e-01 5.167396664619445801e-01
3.348749876022338867e-02 7.767233252525329590e-01 3.903475031256675720e-02 9.800450205802917480e-01 2.856637537479400635e-01 8.443925380706787109e-01 2.885093390941619873e-01 6.402049621101468801e-05 9.564315676689147949e-01 1.330780833959579468e-01 1.581747355317020265e-08 9.555058204568922520e-05 9.920557141304016113e-01 7.996446639299392700e-02
3.693074882030487061e-01 6.723816394805908203e-01 2.327892482280731201e-01 2.784954905509948730e-01 1.811912506818771362e-01 4.109440445899963379e-01 2.574779987335205078e-01 3.951964080333709717e-01 5.127838253974914551e-01 2.633685469627380371e-01 3.984522521495819092e-01 2.722982764244079590e-01 5.530347824096679688e-01 4.754335880279541016e-01
7.974125146865844727e-01 5.367343425750732422e-01 5.583882331848144531e-01 6.094999909400939941e-01 7.157087326049804688e-01 4.356943368911743164e-01 8.962759375572204590e-01 7.065963745117187500e-01 5.189141631126403809e-01 4.262876510620117188e-01 7.193123698234558105e-01 5.835221409797668457e-01 3.674944937229156494e-01 4.029322266578674316e-01
6.699950098991394043e-01 4.240998327732086182e-01 3.559700027108192444e-02 4.702374935150146484e-01 3.884350061416625977e-01 2.180802971124649048e-01 1.741210073232650757e-01 7.300058603286743164e-01 4.693748950958251953e-01 1.935394108295440674e-01 4.738572537899017334e-01 5.284047126770019531e-01 6.077700853347778320e-01 5.034558176994323730e-01
6.237750127911567688e-02 2.716386616230010986e-01 3.773480057716369629e-01 8.478450179100036621e-01 6.220495104789733887e-01 7.307096719741821289e-01 2.128543406724929810e-01 4.911751300096511841e-02 3.585115373134613037e-01 6.203519105911254883e-01 6.668326258659362793e-01 5.112715363502502441e-01 6.517736315727233887e-01 8.182929158210754395e-01
1.193649992346763611e-01 6.419805288314819336e-01 9.560302495956420898e-01 9.162124991416931152e-01 6.321480274200439453e-01 1.568811088800430298e-01 8.465480804443359375e-01 1.187501549720764160e-01 5.342735648155212402e-01 7.054896950721740723e-01 8.870822191238403320e-01 6.676017642021179199e-01 2.801766097545623779e-01 5.237669944763183594e-01
9.241275191307067871e-01 5.073841810226440430e-01 8.331737518310546875e-01 6.578850150108337402e-01 8.317272663116455078e-01 6.479824185371398926e-01 9.302215576171875000e-01 8.986436128616333008e-01 4.456438720226287842e-01 4.983083307743072510e-01 8.241410851478576660e-01 7.327583432197570801e-01 4.150569438934326172e-01 4.198373854160308838e-01
5.100324749946594238e-01 3.694968223571777344e-01 1.342995017766952515e-01 4.107219874858856201e-01 2.300942540168762207e-01 9.451075792312622070e-01 5.536180138587951660e-01 3.942883312702178955e-01 5.109568834304809570e-01 3.951762616634368896e-01 3.276149332523345947e-01 2.422869503498077393e-01 5.374375581741333008e-01 4.346689283847808838e-01
7.371674776077270508e-01 6.245350241661071777e-01 1.415992528200149536e-01 6.183524727821350098e-01 5.833129882812500000e-01 9.757261872291564941e-01 4.753646552562713623e-01 6.147976517677307129e-01 5.771927833557128906e-01 7.979941368103027344e-02 6.020098924636840820e-01 5.308929681777954102e-01 5.432476401329040527e-01 5.297143459320068359e-01
7.336974740028381348e-01 4.527829885482788086e-01 3.021264970302581787e-01 7.407850027084350586e-01 2.628802359104156494e-01 6.051770448684692383e-01 2.379033342003822327e-02 7.921639084815979004e-01 4.960182011127471924e-01 4.539303779602050781e-01 4.873678088188171387e-01 2.619520723819732666e-01 4.438294768333435059e-01 3.786572813987731934e-01
3.586100041866302490e-01 7.043098211288452148e-01 5.855717658996582031e-01 1.687217503786087036e-01 6.629977226257324219e-01 5.079816281795501709e-02 9.374176859855651855e-01 4.388463795185089111e-01 4.864984452724456787e-01 2.941589653491973877e-01 5.192115306854248047e-01 5.459010601043701172e-01 4.602398574352264404e-01 5.036876201629638672e-01
5.329675078392028809e-01 7.382906675338745117e-01 6.523939967155456543e-01 7.983700037002563477e-01 4.227202534675598145e-01 6.077450513839721680e-01 1.733000040985643864e-03 5.302037596702575684e-01 4.836678802967071533e-01 4.304789900779724121e-01 7.120623588562011719e-01 5.063747763633728027e-01 3.507129251956939697e-01 4.507224261760711670e-01
6.555299758911132812e-01 4.635914862155914307e-01 1.688247472047805786e-01 5.515825152397155762e-01 3.393970131874084473e-01 1.829334348440170288e-01 6.068366765975952148e-01 6.621227860450744629e-01 5.687012672424316406e-01 4.103070497512817383e-01 4.440092444419860840e-01 3.232073187828063965e-01 4.441724419593811035e-01 3.464735448360443115e-01
2.484200000762939453e-01 6.049588322639465332e-01 1.062124967575073242e-01 9.500100016593933105e-01 5.992525219917297363e-01 2.579506933689117432e-01 6.954591870307922363e-01 2.847156822681427002e-01 5.997157692909240723e-01 1.755470037460327148e-01 8.893885612487792969e-01 6.372987627983093262e-01 3.017890751361846924e-01 6.204543709754943848e-01
2.196950018405914307e-01 1.760526597499847412e-01 9.563272595405578613e-01 1.990730017423629761e-01 1.613135039806365967e-01 8.763859868049621582e-01 3.526220023632049561e-01 3.122323155403137207e-01 4.317293465137481689e-01 4.063336849212646484e-01 2.175850719213485718e-01 1.742969453334808350e-01 6.337910294532775879e-01 5.240390896797180176e-01
9.881950020790100098e-01 2.954658269882202148e-01 3.824999928474426270e-02 4.003750160336494446e-02 2.242332547903060913e-01 9.060132503509521484e-01 8.228458166122436523e-01 5.964506268501281738e-01 5.535311102867126465e-01 3.908379375934600830e-01 2.230540513992309570e-01 1.005266979336738586e-01 5.851266980171203613e-01 4.231830239295959473e-01
6.045749783515930176e-01 4.663773477077484131e-01 6.360922455787658691e-01 6.410400271415710449e-01 4.841452538967132568e-01 9.406235218048095703e-01 4.244669973850250244e-01 5.793168544769287109e-01 4.864289462566375732e-01 4.499962031841278076e-01 5.228220224380493164e-01 4.807501733303070068e-01 4.214140772819519043e-01 3.980370163917541504e-01
9.350475072860717773e-01 6.368168592453002930e-01 2.684457600116729736e-01 9.514374732971191406e-01 9.912312626838684082e-01 3.656792044639587402e-01 4.226116538047790527e-01 9.120005965232849121e-01 6.099776625633239746e-01 3.522321283817291260e-01 8.588037490844726562e-01 9.300800561904907227e-01 3.938495516777038574e-01 4.426397681236267090e-01
3.219074904918670654e-01 7.851873040199279785e-01 8.952297568321228027e-01 5.502524971961975098e-02 5.780267715454101562e-01 5.067141260951757431e-03 2.714983224868774414e-01 3.856822848320007324e-01 5.175256133079528809e-01 4.656745791435241699e-01 3.325763046741485596e-01 6.063472628593444824e-01 4.605981111526489258e-01 4.006397426128387451e-01
8.964675068855285645e-01 3.624795079231262207e-01 2.787545025348663330e-01 7.069125175476074219e-01 8.014817237854003906e-01 9.630825519561767578e-01 4.612233340740203857e-01 7.013286948204040527e-01 5.019531846046447754e-01 4.611018300056457520e-01 5.013153553009033203e-01 6.545039415359497070e-01 4.414801299571990967e-01 3.818824291229248047e-01
4.043000042438507080e-01 1.878161728382110596e-01 7.126792669296264648e-01 6.659899950027465820e-01 4.542807638645172119e-01 3.635007143020629883e-01 9.689762592315673828e-01 4.400034546852111816e-01 2.690778970718383789e-01 5.778846144676208496e-01 6.789723038673400879e-01 3.873274624347686768e-01 4.699838459491729736e-01 6.472035050392150879e-01
2.559500038623809814e-01 5.063111782073974609e-01 2.912094891071319580e-01 8.048800230026245117e-01 4.565087556838989258e-01 8.906704187393188477e-01 7.865687608718872070e-01 3.132094144821166992e-01 4.106982052326202393e-01 2.985911369323730469e-01 6.825209259986877441e-01 4.765889942646026611e-01 5.991064906120300293e-01 7.080152630805969238e-01
3.616650104522705078e-01 6.272389888763427734e-01 3.917714953422546387e-01 4.347034990787506104e-01 6.956017613410949707e-01 5.041260719299316406e-01 5.248439908027648926e-01 3.113884031772613525e-01 5.556205511093139648e-01 5.324347019195556641e-01 7.262530922889709473e-01 7.105039954185485840e-01 3.032625317573547363e-01 4.399386644363403320e-01
7.554900050163269043e-01 6.345980167388916016e-01 8.923619985580444336e-01 9.708474874496459961e-01 3.195172548294067383e-01 6.552398800849914551e-01 5.037656426429748535e-01 9.291303753852844238e-01 3.769920766353607178e-01 5.373817682266235352e-01 8.152014613151550293e-01 3.411183059215545654e-01 3.872618377208709717e-01 4.468672573566436768e-01
4.444500058889389038e-02 4.185693264007568359e-01 3.067000070586800575e-03 7.756325006484985352e-01 6.786370277404785156e-01 8.105429410934448242e-01 8.663578629493713379e-01 4.464111849665641785e-02 6.762900948524475098e-01 2.602301836013793945e-01 5.889355018734931946e-02 3.146495819091796875e-01 6.676961779594421387e-01 3.742041587829589844e-01
2.349025011062622070e-01 6.891918182373046875e-01 9.407504796981811523e-01 9.645400047302246094e-01 3.689067363739013672e-01 4.100188985466957092e-02 7.937300205230712891e-02 3.098340332508087158e-01 5.076241493225097656e-01 6.605621576309204102e-01 8.510520458221435547e-01 5.587795972824096680e-01 2.514570951461791992e-01 3.893287479877471924e-01
9.063249826431274414e-01 6.930516958236694336e-01 7.074582576751708984e-01 7.183924913406372070e-01 9.000489711761474609e-01 8.186395168304443359e-01 2.183533273637294769e-02 7.808902263641357422e-01 4.503681361675262451e-01 6.054720282554626465e-01 7.799023389816284180e-01 8.837643265724182129e-01 3.876955807209014893e-01 3.986279368400573730e-01
3.474250063300132751e-02 6.587420105934143066e-01 4.527827501296997070e-01 6.435800194740295410e-01 6.526517271995544434e-01 4.067844450473785400e-01 4.279956519603729248e-01 3.400170803070068359e-02 6.854249238967895508e-01 5.906016230583190918e-01 6.006357073783874512e-01 7.431693673133850098e-01 3.589371740818023682e-01 5.050292611122131348e-01
2.945100069046020508e-01 2.189078330993652344e-01 8.122337460517883301e-01 4.190712571144104004e-01 1.330232471227645874e-01 5.562328100204467773e-01 2.678973376750946045e-01 3.261519670486450195e-01 2.805074453353881836e-01 6.218364238739013672e-01 5.088618993759155273e-01 1.696027964353561401e-01 4.750691652297973633e-01 5.928010344505310059e-01
6.115425229072570801e-01 2.521600127220153809e-01 1.086800023913383484e-01 4.441912472248077393e-01 7.000982761383056641e-01 6.795511245727539062e-01 8.408421277999877930e-01 6.180375814437866211e-01 4.090442061424255371e-01 2.020756900310516357e-01 6.505802869796752930e-01 6.615954041481018066e-01 6.209317445755004883e-01 6.458606719970703125e-01
2.932550013065338135e-01 3.404181599617004395e-01 7.108334898948669434e-01 2.087062448263168335e-01 7.977392673492431641e-01 2.438409030437469482e-01 3.783883452415466309e-01 2.921787202358245850e-01 3.005718588829040527e-01 6.908748149871826172e-01 3.929403424263000488e-01 8.610503077507019043e-01 6.346179246902465820e-01 5.189079642295837402e-01
1.711499989032745361e-01 4.491150081157684326e-01 3.571879863739013672e-01 9.489275217056274414e-01 8.063892722129821777e-01 1.983977854251861572e-02 8.382726907730102539e-01 2.237624228000640869e-01 5.413112640380859375e-01 6.772423386573791504e-01 8.495243787765502930e-01 7.460094094276428223e-01 2.759679555892944336e-01 4.458807706832885742e-01
1.468600034713745117e-01 2.038401663303375244e-01 1.505035012960433960e-01 1.864357441663742065e-01 4.044989943504333496e-01 9.537561535835266113e-01 6.519413590431213379e-01 7.315716892480850220e-02 4.787603020668029785e-01 4.669150412082672119e-01 2.377638667821884155e-01 2.191581279039382935e-01 6.445277929306030273e-01 6.348816752433776855e-01
3.803249821066856384e-02 4.884209930896759033e-01 8.500572443008422852e-01 4.934649914503097534e-02 3.436270058155059814e-01 8.992376923561096191e-01 5.530560016632080078e-01 3.219792619347572327e-02 6.042901873588562012e-01 8.056926727294921875e-01 1.586378365755081177e-01 2.096615731716156006e-01 5.794649124145507812e-01 4.605988264083862305e-01
5.449625253677368164e-01 3.788338303565979004e-01 6.805057525634765625e-01 9.376574754714965820e-01 5.338904857635498047e-01 5.498128533363342285e-01 5.796503424644470215e-01 5.381903052330017090e-01 4.086563289165496826e-01 5.574294924736022949e-01 7.777872085571289062e-01 5.647628307342529297e-01 3.325922489166259766e-01 4.408039152622222900e-01
1.927600055932998657e-01 3.586298227310180664e-01 1.004874985665082932e-02 9.608899950981140137e-01 4.578372538089752197e-01 1.772738397121429443e-01 4.056023359298706055e-01 3.184373080730438232e-01 5.609563589096069336e-01 1.936392188072204590e-01 8.024918437004089355e-01 4.788369238376617432e-01 3.732692301273345947e-01 5.753917694091796875e-01
1.021625027060508728e-01 3.407101631164550781e-01 4.753974825143814087e-02 5.727375149726867676e-01 3.707095086574554443e-01 7.009811997413635254e-01 1.445853263139724731e-01 8.272929489612579346e-02 5.622655153274536133e-01 1.569957137107849121e-01 5.828501582145690918e-01 2.360504269599914551e-01 6.702605485916137695e-01 7.247096896171569824e-01
2.137124985456466675e-01 1.886628270149230957e-01 6.104300171136856079e-02 5.293925106525421143e-02 9.007232785224914551e-01 8.127704858779907227e-01 7.415059208869934082e-01 2.220640480518341064e-01 5.734656453132629395e-01 2.175586223602294922e-01 1.292881667613983154e-01 7.538817524909973145e-01 5.271526575088500977e-01 4.262707531452178955e-01
3.262724876403808594e-01 2.228884994983673096e-01 7.022724747657775879e-01 1.034877523779869080e-01 9.182662367820739746e-01 9.927438497543334961e-01 8.649766445159912109e-02 3.112704455852508545e-01 3.370848000049591064e-01 6.212699413299560547e-01 2.676283121109008789e-01 9.030901193618774414e-01 6.142321825027465820e-01 4.598813951015472412e-01
4.429075121879577637e-01 5.042976737022399902e-01 3.337427377700805664e-01 2.487017512321472168e-01 2.156530022621154785e-01 5.129626989364624023e-01 9.083265066146850586e-01 4.138699769973754883e-01 4.878628849983215332e-01 3.565025031566619873e-01 4.777868092060089111e-01 1.841679811477661133e-01 4.948095381259918213e-01 4.969535768032073975e-01
7.522749900817871094e-02 1.900353282690048218e-01 9.781612753868103027e-01 3.342950046062469482e-01 1.016000006347894669e-02 4.932941496372222900e-01 9.600000083446502686e-02 7.934648543596267700e-02 2.357017993927001953e-01 6.850337386131286621e-01 6.436445713043212891e-01 1.912154629826545715e-02 4.936560392379760742e-01 6.747033596038818359e-01
1.517949998378753662e-01 6.557903289794921875e-01 8.247165083885192871e-01 6.869149804115295410e-01 4.343450069427490234e-02 5.703724026679992676e-01 5.052440166473388672e-01 1.500103324651718140e-01 5.068849921226501465e-01 6.036682128906250000e-01 6.263391375541687012e-01 1.390958428382873535e-01 3.975382745265960693e-01 4.781011044979095459e-01
8.953549861907958984e-01 5.862891674041748047e-01 6.467152237892150879e-01 5.519449710845947266e-01 9.323687553405761719e-01 6.628285646438598633e-01 2.669763267040252686e-01 8.412728309631347656e-01 3.747763037681579590e-01 5.899879336357116699e-01 5.002203583717346191e-01 8.809098005294799805e-01 5.526593327522277832e-01 3.833329379558563232e-01
6.797350049018859863e-01 1.855916678905487061e-01 1.324830055236816406e-01 9.617699980735778809e-01 5.100774765014648438e-01 5.725200176239013672e-01 8.363666385412216187e-02 6.909422278404235840e-01 2.909135818481445312e-01 3.580865859985351562e-01 6.765461564064025879e-01 6.965514421463012695e-01 6.532521247863769531e-01 6.862611770629882812e-01
5.017549991607666016e-01 7.772013545036315918e-01 3.903807401657104492e-01 7.679849863052368164e-01 5.121650174260139465e-02 2.171011120080947876e-01 7.964714169502258301e-01 4.858706891536712646e-01 4.880197048187255859e-01 2.130119800567626953e-01 7.513535022735595703e-01 6.555575877428054810e-02 4.312265515327453613e-01 6.158825159072875977e-01
2.702049911022186279e-01 4.745688438415527344e-01 6.956980228424072266e-01 7.114024758338928223e-01 5.466217398643493652e-01 4.974386990070343018e-01 2.066693305969238281e-01 3.236661255359649658e-01 4.516862034797668457e-01 6.143244504928588867e-01 7.486373186111450195e-01 6.222717165946960449e-01 3.454695940017700195e-01 4.481950700283050537e-01
4.383875131607055664e-01 3.512288331985473633e-01 9.961684942245483398e-01 5.929375290870666504e-01 7.806209921836853027e-01 5.186372622847557068e-02 3.338833153247833252e-02 5.213868021965026855e-01 2.796866595745086670e-01 6.990959644317626953e-01 6.540248990058898926e-01 8.065305948257446289e-01 5.055224299430847168e-01 4.168258309364318848e-01
1.317349970340728760e-01 4.840390086174011230e-01 7.276524901390075684e-01 5.476350188255310059e-01 8.633027672767639160e-01 9.419897794723510742e-01 9.958772063255310059e-01 7.225969433784484863e-02 3.444517850875854492e-01 7.557706236839294434e-01 2.881686091423034668e-01 5.775158405303955078e-01 6.353904604911804199e-01 6.537139415740966797e-01
7.434750199317932129e-01 1.881581693887710571e-01 3.971965014934539795e-01 2.029392570257186890e-01 6.353765130043029785e-01 2.486621141433715820e-01 2.497116625308990479e-01 7.306064963340759277e-01 4.171037077903747559e-01 4.957545995712280273e-01 4.363277256488800049e-01 5.965732932090759277e-01 5.154370069503784180e-01 3.991948664188385010e-01
6.897699832916259766e-01 7.753491401672363281e-01 4.845674932003021240e-01 2.079597562551498413e-01 3.084147572517395020e-01 3.154381811618804932e-01 9.148108363151550293e-01 6.230137348175048828e-01 5.852671265602111816e-01 3.881615698337554932e-01 3.807505667209625244e-01 2.514401078224182129e-01 4.744986295700073242e-01 3.507629930973052979e-01
4.769900143146514893e-01 6.494928598403930664e-01 9.877974987030029297e-01 8.149949908256530762e-01 9.657357335090637207e-01 6.497691869735717773e-01 7.298033684492111206e-02 5.403751134872436523e-01 3.636648058891296387e-01 7.083285450935363770e-01 7.297407388687133789e-01 9.588974118232727051e-01 5.153405070304870605e-01 4.651089310646057129e-01
9.998499751091003418e-01 4.555903375148773193e-01 1.200914978981018066e-01 7.027649879455566406e-01 4.627495110034942627e-01 8.709942698478698730e-01 7.787816524505615234e-01 8.780330419540405273e-01 4.770677685737609863e-01 4.590400457382202148e-01 4.632066786289215088e-01 4.770688116550445557e-01 5.150557756423950195e-01 3.531104028224945068e-01
1.773300021886825562e-01 7.780806422233581543e-01 9.852052330970764160e-01 6.366750001907348633e-01 6.764730215072631836e-01 4.626944363117218018e-01 9.242535829544067383e-01 2.246758788824081421e-01 3.822297453880310059e-01 5.451192259788513184e-01 7.644733190536499023e-01 7.746637463569641113e-01 5.271423459053039551e-01 6.459333300590515137e-01
8.886324763298034668e-01 7.991539835929870605e-01 1.115052476525306702e-01 3.471982479095458984e-01 1.500079929828643799e-01 9.553924202919006348e-01 9.987829923629760742e-01 5.134477615356445312e-01 4.297184646129608154e-01 2.541403174400329590e-01 2.510493397712707520e-01 2.211840823292732239e-02 7.238095402717590332e-01 6.666920781135559082e-01
4.300999939441680908e-01 5.606704950332641602e-01 3.689455091953277588e-01 9.093124866485595703e-01 5.146367549896240234e-01 7.438012361526489258e-01 2.674019932746887207e-01 4.986706674098968506e-01 4.487048983573913574e-01 2.619446218013763428e-01 8.022270202636718750e-01 6.044677495956420898e-01 4.350252151489257812e-01 6.002697944641113281e-01
2.422000020742416382e-01 1.847310066223144531e-01 2.178175002336502075e-01 7.245849967002868652e-01 6.140099838376045227e-02 5.237497016787528992e-02 7.730579972267150879e-01 2.511642873287200928e-01 3.252169787883758545e-01 4.843695759773254395e-01 7.024577260017395020e-01 2.729335241019725800e-02 4.386329054832458496e-01 7.025231719017028809e-01
6.410599946975708008e-01 3.446514904499053955e-01 7.296465039253234863e-01 8.390824794769287109e-01 4.992667436599731445e-01 8.385573625564575195e-01 9.880166500806808472e-02 7.440694570541381836e-01 2.593320608139038086e-01 5.790282487869262695e-01 6.042507886886596680e-01 6.827946901321411133e-01 5.890567302703857422e-01 5.252668261528015137e-01
6.476475000381469727e-01 1.690388321876525879e-01 4.567134976387023926e-01 6.453800201416015625e-01 7.913025021553039551e-01 7.770004272460937500e-01 3.630309998989105225e-01 5.298283100128173828e-01 3.512878119945526123e-01 6.195761561393737793e-01 6.064317822456359863e-01 7.320170402526855469e-01 4.462260901927947998e-01 4.108455777168273926e-01
2.102050036191940308e-01 1.699483394622802734e-01 3.857982456684112549e-01 9.160075187683105469e-01 2.800500094890594482e-01 3.479255437850952148e-01 5.483633279800415039e-01 2.934530079364776611e-01 2.689996659755706787e-01 6.420540213584899902e-01 7.330302000045776367e-01 2.615859210491180420e-01 4.055328369140625000e-01 5.067368149757385254e-01
3.891899883747100830e-01 4.987755119800567627e-01 1.667809933423995972e-01 3.890550136566162109e-02 8.077377676963806152e-01 3.437652587890625000e-01 6.254083514213562012e-01 4.461721777915954590e-01 4.590368270874023438e-01 2.158480882644653320e-01 3.017894923686981201e-01 8.381966352462768555e-01 5.531924962997436523e-01 5.328612327575683594e-01
3.398325145244598389e-01 5.975663065910339355e-01 5.214369893074035645e-01 6.868900358676910400e-02 6.308000087738037109e-01 4.579527378082275391e-01 6.804948449134826660e-01 4.092962741851806641e-01 4.322955012321472168e-01 4.035037159919738770e-01 3.166781067848205566e-01 6.313645839691162109e-01 5.228261947631835938e-01 4.766710102558135986e-01
2.578375041484832764e-01 4.118201732635498047e-01 2.253089994192123413e-01 6.728975176811218262e-01 4.939399957656860352e-01 2.631570696830749512e-01 4.727183282375335693e-01 4.231684207916259766e-01 4.039772152900695801e-01 3.364983499050140381e-01 7.212802767753601074e-01 6.023604869842529297e-01 5.182169675827026367e-01 6.269366741180419922e-01
9.516925215721130371e-01 4.952396750450134277e-01 2.367350012063980103e-01 2.763272523880004883e-01 2.652044892311096191e-01 7.811561822891235352e-01 4.397683441638946533e-01 8.828055262565612793e-01 5.865957140922546387e-01 3.724049031734466553e-01 3.249915838241577148e-01 2.926917970180511475e-01 5.536653995513916016e-01 3.148618340492248535e-01
9.631875157356262207e-01 2.626779973506927490e-01 9.101107716560363770e-01 4.565854966640472412e-01 1.642107516527175903e-01 7.718654721975326538e-02 9.797173738479614258e-01 9.645426273345947266e-01 2.061066180467605591e-01 5.084939599037170410e-01 8.813386559486389160e-01 4.942375794053077698e-02 4.099022150039672852e-01 7.312604784965515137e-01
2.130649983882904053e-01 6.375938057899475098e-01 5.913747549057006836e-01 4.145044982433319092e-01 1.685010045766830444e-01 2.469953596591949463e-01 6.711961030960083008e-01 2.837151885032653809e-01 5.266731977462768555e-01 4.951382279396057129e-01 4.677332043647766113e-01 2.399177253246307373e-01 4.511661529541015625e-01 4.446834325790405273e-01
5.630549788475036621e-01 7.642126679420471191e-01 1.551025062799453735e-01 5.367999896407127380e-03 1.762830018997192383e-01 6.041724085807800293e-01 8.803960084915161133e-01 4.014595448970794678e-01 6.476768851280212402e-01 9.527401626110076904e-02 4.287686347961425781e-01 1.027190908789634705e-01 6.302158236503601074e-01 4.957885146141052246e-01
4.402174949645996094e-01 6.799306869506835938e-01 6.067062616348266602e-01 2.981482446193695068e-01 5.094027519226074219e-01 5.745131373405456543e-01 6.764621138572692871e-01 4.156826734542846680e-01 5.109011530876159668e-01 4.640238285064697266e-01 6.190747022628784180e-01 5.251878499984741211e-01 3.614288270473480225e-01 4.293928146362304688e-01
8.484374880790710449e-01 5.347723364830017090e-01 3.936510086059570312e-01 2.098277509212493896e-01 6.586275249719619751e-02 6.504502892494201660e-01 3.824299871921539307e-01 7.521123290061950684e-01 4.724070131778717041e-01 4.316444694995880127e-01 4.317353665828704834e-01 5.812675133347511292e-02 4.897937774658203125e-01 5.068020820617675781e-01
3.627974987030029297e-01 7.667228579521179199e-01 1.186007484793663025e-01 1.930730044841766357e-01 3.599779903888702393e-01 1.915203034877777100e-01 6.331603527069091797e-01 4.136051833629608154e-01 6.364744305610656738e-01 1.812289953231811523e-01 4.124802649021148682e-01 4.035768210887908936e-01 5.182395577430725098e-01 4.417099058628082275e-01
2.279750071465969086e-02 7.290816903114318848e-01 3.886330127716064453e-01 6.187350153923034668e-01 6.867992281913757324e-01 6.296537071466445923e-02 1.733296662569046021e-01 4.674819856882095337e-02 7.022854089736938477e-01 4.667905867099761963e-01 2.683652341365814209e-01 8.431944251060485840e-01 4.169602990150451660e-01 4.309419691562652588e-01
3.483799993991851807e-01 4.424490034580230713e-01 8.299782276153564453e-01 5.256174802780151367e-01 6.181917786598205566e-01 7.944409251213073730e-01 6.627043485641479492e-01 3.358275890350341797e-01 2.993245124816894531e-01 6.448294520378112793e-01 5.882043242454528809e-01 6.661646962165832520e-01 5.187733173370361328e-01 5.262493491172790527e-01
4.717974960803985596e-01 5.893661379814147949e-01 1.473069936037063599e-01 1.037224978208541870e-01 5.259225144982337952e-02 5.590292215347290039e-01 2.615109980106353760e-01 3.381205797195434570e-01 5.531399846076965332e-01 2.233615666627883911e-01 2.443688809871673584e-01 7.023968547582626343e-02 6.643134355545043945e-01 4.934819042682647705e-01
6.387825012207031250e-01 3.832564949989318848e-01 8.044384717941284180e-01 4.398517608642578125e-01 9.210499934852123260e-03 6.086848378181457520e-01 9.024531245231628418e-01 6.794894337654113770e-01 2.431621849536895752e-01 4.589636027812957764e-01 8.064018487930297852e-01 1.537647750228643417e-02 3.973462283611297607e-01 7.993867397308349609e-01
3.817900121212005615e-01 2.016038298606872559e-01 4.585129916667938232e-01 1.326670050621032715e-01 3.231142461299896240e-01 6.884273886680603027e-01 4.049760103225708008e-01 3.548916876316070557e-01 4.336087107658386230e-01 5.506008267402648926e-01 3.453969061374664307e-01 3.444869220256805420e-01 4.908277094364166260e-01 4.010685086250305176e-01
7.234050035476684570e-01 6.934876441955566406e-01 4.994750022888183594e-02 6.292150169610977173e-02 4.559312462806701660e-01 3.615341484546661377e-01 2.511516809463500977e-01 6.618123054504394531e-01 5.565968155860900879e-01 1.367416828870773315e-01 3.552151620388031006e-01 5.034351348876953125e-01 6.009227633476257324e-01 4.469107985496520996e-01
9.175775051116943359e-01 4.523440003395080566e-01 9.552389979362487793e-01 1.028909981250762939e-01 8.186404705047607422e-01 9.355515241622924805e-02 2.648103237152099609e-01 8.848500847816467285e-01 4.139328598976135254e-01 5.754041075706481934e-01 5.462763905525207520e-01 7.822020649909973145e-01 5.056781768798828125e-01 3.380064070224761963e-01
7.697600126266479492e-01 2.868301570415496826e-01 6.030687689781188965e-01 3.855972588062286377e-01 7.842697501182556152e-01 9.904954433441162109e-01 9.166354537010192871e-01 6.666024327278137207e-01 2.470389902591705322e-01 4.270098805427551270e-01 5.931000709533691406e-01 7.871598005294799805e-01 6.814807653427124023e-01 7.012769579887390137e-01
4.375700056552886963e-01 8.189644813537597656e-01 4.052765071392059326e-01 9.388899803161621094e-01 4.055650159716606140e-02 8.844659328460693359e-01 1.193383336067199707e-01 4.239567220211029053e-01 5.722743868827819824e-01 2.909432649612426758e-01 6.536979079246520996e-01 1.461425423622131348e-01 4.036490917205810547e-01 4.705689251422882080e-01
1.254774928092956543e-01 4.475161731243133545e-01 5.642525106668472290e-02 6.325349807739257812e-01 5.250422358512878418e-01 3.180835247039794922e-01 6.215766668319702148e-01 1.886124014854431152e-01 5.350169539451599121e-01 1.671882122755050659e-01 8.575187921524047852e-01 5.560834407806396484e-01 4.720130264759063721e-01 7.002411484718322754e-01
3.286600112915039062e-01 6.621256470680236816e-01 3.600047528743743896e-01 8.583300113677978516e-01 3.562127351760864258e-01 3.612012267112731934e-01 9.937797784805297852e-01 3.683827817440032959e-01 5.110449194908142090e-01 3.072777986526489258e-01 6.740055084228515625e-01 2.185965180397033691e-01 4.208164513111114502e-01 5.305111408233642578e-01
2.163950055837631226e-01 3.665758371353149414e-01 7.558852434158325195e-01 4.939722418785095215e-01 3.272849917411804199e-01 7.512735128402709961e-01 9.705789685249328613e-01 1.865140646696090698e-01 3.442906439304351807e-01 6.546583771705627441e-01 6.583576798439025879e-01 1.890129297971725464e-01 4.271731674671173096e-01 4.833487272262573242e-01
5.350450277328491211e-01 3.965680003166198730e-01 7.630414962768554688e-01 9.363125264644622803e-02 1.622560024261474609e-01 2.246978878974914551e-02 6.477233171463012695e-01 6.048521399497985840e-01 2.948807477951049805e-01 5.848923325538635254e-01 3.329936563968658447e-01 1.333146840333938599e-01 5.411833524703979492e-01 5.903006196022033691e-01
3.023599982261657715e-01 6.194526553153991699e-01 5.790007710456848145e-01 5.285949707031250000e-01 7.862374782562255859e-01 5.487869977951049805e-01 8.016116023063659668e-01 3.137005567550659180e-01 4.045106768608093262e-01 5.548288822174072266e-01 7.050372362136840820e-01 8.250550031661987305e-01 4.748410284519195557e-01 5.594804286956787109e-01
4.904000088572502136e-02 2.539061605930328369e-01 5.461049824953079224e-02 2.460680007934570312e-01 2.425872534513473511e-01 1.955541372299194336e-01 3.050966747105121613e-02 9.560558944940567017e-02 4.985332787036895752e-01 3.260560929775238037e-01 4.322377741336822510e-01 1.366779208183288574e-01 6.433573365211486816e-01 6.856829524040222168e-01
2.384749948978424072e-01 3.995049893856048584e-01 1.277839988470077515e-01 2.591500058770179749e-03 2.525347471237182617e-01 2.046119123697280884e-01 8.129746317863464355e-01 2.435912936925888062e-01 5.660256147384643555e-01 5.038451552391052246e-01 2.281656265258789062e-01 2.003414481878280640e-01 5.620005726814270020e-01 3.896135985851287842e-01
7.858374714851379395e-01 4.382849931716918945e-01 7.590627670288085938e-01 7.881774902343750000e-01 7.571949809789657593e-02 3.304540514945983887e-01 4.732806682586669922e-01 8.930796384811401367e-01 1.907350271940231323e-01 5.715517401695251465e-01 8.658026456832885742e-01 7.874244451522827148e-02 3.702909052371978760e-01 6.953158974647521973e-01
1.872825026512145996e-01 2.393951714038848877e-01 7.800387740135192871e-01 3.179795145988464355e-01 4.566012620925903320e-01 4.172929329797625542e-04 5.568450093269348145e-01 2.689151167869567871e-01 2.921808660030364990e-01 6.942533850669860840e-01 5.219726562500000000e-01 3.914370238780975342e-01 4.801875054836273193e-01 4.482989609241485596e-01
5.011875033378601074e-01 3.927989900112152100e-01 9.812750220298767090e-01 6.368874907493591309e-01 7.526195049285888672e-01 8.465783596038818359e-01 8.667809963226318359e-01 6.118765473365783691e-01 3.139117956161499023e-01 4.626593589782714844e-01 6.702908277511596680e-01 7.580629587173461914e-01 5.563806891441345215e-01 5.804768204689025879e-01
1.525299996137619019e-01 8.317388296127319336e-01 1.133067533373832703e-01 8.598675131797790527e-01 7.432209849357604980e-01 5.088062882423400879e-01 7.693351507186889648e-01 1.116313934326171875e-01 7.369610667228698730e-01 1.464844197034835815e-01 6.035895943641662598e-01 9.068588018417358398e-01 3.167047202587127686e-01 5.697343945503234863e-01
6.723625063896179199e-01 4.730803370475769043e-01 4.930622577667236328e-01 8.679999709129333496e-01 1.206677481532096863e-01 4.792086780071258545e-01 8.237157464027404785e-01 7.897594571113586426e-01 4.311724305152893066e-01 3.277651071548461914e-01 8.192008137702941895e-01 8.454981446266174316e-02 3.414530456066131592e-01 5.769001245498657227e-01
5.357825160026550293e-01 2.421228289604187012e-01 5.260474979877471924e-02 3.906505107879638672e-01 6.126195192337036133e-01 8.402023464441299438e-02 8.767951726913452148e-01 5.354099869728088379e-01 3.791727423667907715e-01 3.108691573143005371e-01 4.419612288475036621e-01 6.010678410530090332e-01 6.346943378448486328e-01 6.104263663291931152e-01
4.663349986076354980e-01 3.137138187885284424e-01 5.724725127220153809e-02 8.269550204277038574e-01 8.612982630729675293e-01 5.050286054611206055e-01 3.795556724071502686e-01 4.797420203685760498e-01 4.555305540561676025e-01 3.728703856468200684e-01 7.663146853446960449e-01 8.738157153129577637e-01 4.438599646091461182e-01 5.890690088272094727e-01
7.427099943161010742e-01 4.139738380908966064e-01 1.239174976944923401e-01 4.290517568588256836e-01 2.992777526378631592e-01 5.610550642013549805e-01 1.080316677689552307e-01 7.859728932380676270e-01 4.945732355117797852e-01 3.224838674068450928e-01 3.176933228969573975e-01 4.192161858081817627e-01 5.998330116271972656e-01 3.996859192848205566e-01
5.366225242614746094e-01 8.096731901168823242e-01 9.361100196838378906e-01 3.660545051097869873e-01 7.474210262298583984e-01 2.915331423282623291e-01 8.212825059890747070e-01 5.624760985374450684e-01 3.476836085319519043e-01 4.455378055572509766e-01 6.897921562194824219e-01 7.936795353889465332e-01 5.166247487068176270e-01 5.735693573951721191e-01
6.934224963188171387e-01 6.792104840278625488e-01 2.057377547025680542e-01 6.441749930381774902e-01 6.155679821968078613e-01 5.076336264610290527e-01 2.206886708736419678e-01 6.291810870170593262e-01 5.258215665817260742e-01 1.765922605991363525e-01 5.565433502197265625e-01 6.015431284904479980e-01 4.951206743717193604e-01 4.987119436264038086e-01
3.936274945735931396e-01 6.602734923362731934e-01 2.649817466735839844e-01 1.645164936780929565e-01 9.704624861478805542e-02 2.310305088758468628e-01 8.739756345748901367e-01 3.351433873176574707e-01 5.996125936508178711e-01 2.333091944456100464e-01 4.058248102664947510e-01 6.638821959495544434e-02 5.675588846206665039e-01 5.198685526847839355e-01
4.730150103569030762e-01 7.679100036621093750e-01 9.202399849891662598e-01 4.119270145893096924e-01 7.194147706031799316e-01 6.225322484970092773e-01 2.866999991238117218e-02 4.510289430618286133e-01 5.320452451705932617e-01 5.604448318481445312e-01 7.038798928260803223e-01 7.358057498931884766e-01 3.182907104492187500e-01 3.922560513019561768e-01
8.426975011825561523e-01 5.174419879913330078e-01 6.238867640495300293e-01 4.218050092458724976e-02 8.711312413215637207e-01 5.889973640441894531e-01 5.251593589782714844e-01 7.937314510345458984e-01 3.443973958492279053e-01 3.040161728858947754e-01 4.904448390007019043e-01 8.736428618431091309e-01 6.439383625984191895e-01 5.676979422569274902e-01
6.675099730491638184e-01 2.318491637706756592e-01 2.331082522869110107e-01 7.170525193214416504e-01 3.677457571029663086e-01 3.395042419433593750e-01 8.538793921470642090e-01 7.041724324226379395e-01 4.276231527328491211e-01 4.397121071815490723e-01 6.080188751220703125e-01 3.068609535694122314e-01 4.268783032894134521e-01 4.619380831718444824e-01
5.558724999427795410e-01 7.472894787788391113e-01 3.908759951591491699e-01 2.809120118618011475e-01 2.921639978885650635e-01 4.634938240051269531e-01 6.243249773979187012e-01 5.079708695411682129e-01 5.369963645935058594e-01 4.218832254409790039e-01 3.439228832721710205e-01 3.289003670215606689e-01 4.949794113636016846e-01 3.790734112262725830e-01
6.369750201702117920e-02 3.945121765136718750e-01 9.262135028839111328e-01 9.229099750518798828e-01 3.028602600097656250e-01 2.783435285091400146e-01 5.241866782307624817e-02 5.338650569319725037e-02 3.619068264961242676e-01 8.331198692321777344e-01 8.121145963668823242e-01 2.778785526752471924e-01 3.886692523956298828e-01 4.299623370170593262e-01
2.270449995994567871e-01 7.026693224906921387e-01 2.022435069084167480e-01 4.898095130920410156e-01 4.708947539329528809e-01 9.035301208496093750e-01 5.466856956481933594e-01 2.144730538129806519e-01 5.174058079719543457e-01 2.419878095388412476e-01 3.169964849948883057e-01 4.668683409690856934e-01 5.870596170425415039e-01 5.418214797973632812e-01
2.516349852085113525e-01 4.856129884719848633e-01 1.109820008277893066e-01 8.530974984169006348e-01 4.772675037384033203e-02 1.070952489972114563e-01 6.053590178489685059e-01 3.034888207912445068e-01 5.953608155250549316e-01 2.465741336345672607e-01 7.295255064964294434e-01 6.675700098276138306e-02 3.941064178943634033e-01 5.345336198806762695e-01
4.572075009346008301e-01 2.400455027818679810e-01 1.694837510585784912e-01 6.468049883842468262e-01 6.805880069732666016e-01 8.495687842369079590e-01 5.110826492309570312e-01 5.188087821006774902e-01 3.533622622489929199e-01 3.461574018001556396e-01 5.908942818641662598e-01 7.523581385612487793e-01 6.113139986991882324e-01 6.397541761398315430e-01
6.007249951362609863e-01 2.827340066432952881e-01 7.095092535018920898e-01 1.164039969444274902e-01 2.065594941377639771e-01 7.881730198860168457e-01 4.739056527614593506e-01 6.252462863922119141e-01 3.874144554138183594e-01 5.563812851905822754e-01 2.764440476894378662e-01 1.451411843299865723e-01 5.421980023384094238e-01 4.847219586372375488e-01
2.640525102615356445e-01 7.929865121841430664e-01 8.348850160837173462e-02 8.986725211143493652e-01 9.089007377624511719e-01 4.784008115530014038e-02 5.826833471655845642e-02 3.096809685230255127e-01 6.963167190551757812e-01 1.235575526952743530e-01 6.246555447578430176e-01 9.234182834625244141e-01 3.441776037216186523e-01 5.565038919448852539e-01
2.036074995994567871e-01 3.488264977931976318e-01 6.753327250480651855e-01 5.997149944305419922e-01 9.489194750785827637e-01 2.864290773868560791e-01 7.881625890731811523e-01 2.486009597778320312e-01 3.240633010864257812e-01 7.553361654281616211e-01 7.622516155242919922e-01 9.275517463684082031e-01 5.593605637550354004e-01 5.289456844329833984e-01
3.916250169277191162e-02 2.380171716213226318e-01 1.971572488546371460e-01 3.708149865269660950e-02 5.661587715148925781e-01 6.807007193565368652e-01 1.711010038852691650e-01 5.800802260637283325e-02 6.322472095489501953e-01 5.708540081977844238e-01 1.850371807813644409e-01 3.099859654903411865e-01 5.810529589653015137e-01 4.287276268005371094e-01
7.286974787712097168e-01 6.110755205154418945e-01 9.030290246009826660e-01 8.502949774265289307e-02 7.019022703170776367e-01 8.196391165256500244e-02 8.987302780151367188e-01 6.586731672286987305e-01 5.362619757652282715e-01 4.601696729660034180e-01 4.810877144336700439e-01 5.292820930480957031e-01 4.254618287086486816e-01 3.475660979747772217e-01
9.474499821662902832e-01 7.913686633110046387e-01 9.256874918937683105e-01 6.912950277328491211e-01 3.640557527542114258e-01 9.761916399002075195e-01 7.064587473869323730e-01 9.788399934768676758e-01 4.357972443103790283e-01 5.126694440841674805e-01 7.863976955413818359e-01 5.491460561752319336e-01 4.952201843261718750e-01 3.796856701374053955e-01
5.637549757957458496e-01 6.347948312759399414e-01 3.657754957675933838e-01 3.729597628116607666e-01 7.620480060577392578e-01 1.665357649326324463e-01 7.701913118362426758e-01 6.068235039710998535e-01 4.773539602756500244e-01 2.813783884048461914e-01 5.528812408447265625e-01 6.783217787742614746e-01 4.548055529594421387e-01 4.959807693958282471e-01
9.656574726104736328e-01 3.094906806945800781e-01 3.624809980392456055e-01 3.486152589321136475e-01 4.429012537002563477e-01 7.013195753097534180e-01 6.059673428535461426e-01 8.560549020767211914e-01 4.093082547187805176e-01 5.282762646675109863e-01 4.265322387218475342e-01 3.978639841079711914e-01 5.125174522399902344e-01 3.840185403823852539e-01
2.965824902057647705e-01 5.619238615036010742e-01 6.708289980888366699e-01 6.906974911689758301e-01 4.050777554512023926e-01 6.324750185012817383e-02 8.797048926353454590e-01 3.909133076667785645e-01 4.573101401329040527e-01 5.172885656356811523e-01 5.424226522445678711e-01 4.037875831127166748e-01 4.009793400764465332e-01 4.157098531723022461e-01
1.740050017833709717e-01 2.157965004444122314e-01 6.672905087471008301e-01 7.132124900817871094e-01 8.350717425346374512e-01 5.355723500251770020e-01 7.470663189888000488e-01 1.121482551097869873e-01 2.238437682390213013e-01 8.486683368682861328e-01 7.490367889404296875e-01 8.396767377853393555e-01 6.171975135803222656e-01 6.814553737640380859e-01
3.051350116729736328e-01 5.961760282516479492e-01 9.740340113639831543e-01 3.775017559528350830e-01 4.077497422695159912e-01 2.144347503781318665e-02 9.863998889923095703e-01 3.197721242904663086e-01 3.801843225955963135e-01 5.747665166854858398e-01 5.622866749763488770e-01 2.810388207435607910e-01 4.268025159835815430e-01 4.547709822654724121e-01
8.515924811363220215e-01 4.543575048446655273e-01 9.197707772254943848e-01 9.216524958610534668e-01 5.721842646598815918e-01 4.399455487728118896e-01 3.832719922065734863e-01 9.606943130493164062e-01 3.083776235580444336e-01 6.532635092735290527e-01 8.151435256004333496e-01 6.513500809669494629e-01 4.745717942714691162e-01 3.955690562725067139e-01
3.414250016212463379e-01 1.974795013666152954e-01 6.623342633247375488e-01 3.587655127048492432e-01 2.173382490873336792e-01 2.279833406209945679e-01 8.509876728057861328e-01 3.226509690284729004e-01 2.655965685844421387e-01 6.459653377532958984e-01 4.648275971412658691e-01 1.804813593626022339e-01 4.909909665584564209e-01 5.866482853889465332e-01
2.029249966144561768e-01 1.776528358459472656e-01 6.320887207984924316e-01 3.826797604560852051e-01 3.800885081291198730e-01 7.036591172218322754e-01 7.720733433961868286e-02 1.535305082798004150e-01 2.619238495826721191e-01 7.930493354797363281e-01 4.508013129234313965e-01 3.894431293010711670e-01 5.318220853805541992e-01 5.736507773399353027e-01
4.631224870681762695e-01 6.676691770553588867e-01 3.447594940662384033e-01 7.806900143623352051e-01 6.428850293159484863e-01 4.927051663398742676e-01 1.974916607141494751e-01 5.490249991416931152e-01 4.985351562500000000e-01 1.969684064388275146e-01 8.042330741882324219e-01 7.114905714988708496e-01 4.080091714859008789e-01 5.904108285903930664e-01
4.132199883460998535e-01 4.431616663932800293e-01 7.950122356414794922e-01 4.654632508754730225e-01 8.658605217933654785e-01 6.726535558700561523e-01 5.329966545104980469e-01 3.473984003067016602e-01 4.937896430492401123e-01 6.901365518569946289e-01 7.649241089820861816e-01 8.011233806610107422e-01 3.254843354225158691e-01 3.951410651206970215e-01
4.420574903488159180e-01 4.471616744995117188e-01 7.173347473144531250e-01 2.391025051474571228e-02 8.092275261878967285e-02 8.611178994178771973e-01 8.545247316360473633e-01 3.062575459480285645e-01 4.999237060546875000e-01 5.286608338356018066e-01 2.603401541709899902e-01 3.485384956002235413e-02 5.573123097419738770e-01 5.297619104385375977e-01
1.498000044375658035e-02 4.535171687602996826e-01 2.213532477617263794e-01 4.472172558307647705e-01 2.679615020751953125e-01 7.041104137897491455e-02 6.484043598175048828e-01 8.545991033315658569e-02 6.408998370170593262e-01 6.015327572822570801e-01 2.845499515533447266e-01 2.273690849542617798e-01 5.342854857444763184e-01 4.222765564918518066e-01
5.075024962425231934e-01 3.459048271179199219e-01 3.086295127868652344e-01 5.579699873924255371e-01 6.084579825401306152e-01 4.724511206150054932e-01 7.345458269119262695e-01 5.063669681549072266e-01 4.112751483917236328e-01 4.612485766410827637e-01 5.853632688522338867e-01 5.751080513000488281e-01 4.337890744209289551e-01 4.806167483329772949e-01
6.482325196266174316e-01 6.570381522178649902e-01 9.226070046424865723e-01 7.603474855422973633e-01 2.792174927890300751e-02 1.631443500518798828e-01 2.927139997482299805e-01 8.540974855422973633e-01 4.517087936401367188e-01 3.661159276962280273e-01 8.426590561866760254e-01 6.864693015813827515e-02 3.072102069854736328e-01 5.407540202140808105e-01
4.386675059795379639e-01 2.093991637229919434e-01 5.198264718055725098e-01 7.888050079345703125e-01 1.636310070753097534e-01 7.395008206367492676e-01 1.749079972505569458e-01 4.568827152252197266e-01 2.582119703292846680e-01 5.814362168312072754e-01 5.927604436874389648e-01 2.051607519388198853e-01 4.645111560821533203e-01 6.262745857238769531e-01
7.669475078582763672e-01 7.743913531303405762e-01 1.878429949283599854e-01 7.923399806022644043e-01 2.193322479724884033e-01 4.512698054313659668e-01 4.169733449816703796e-02 8.760673999786376953e-01 6.377722620964050293e-01 2.690695226192474365e-01 5.234912037849426270e-01 3.809423148632049561e-01 5.012270212173461914e-01 3.437373042106628418e-01
8.101775050163269043e-01 3.217746615409851074e-01 4.817727506160736084e-01 1.110172495245933533e-01 8.580784797668457031e-01 3.764493018388748169e-02 7.607474923133850098e-01 7.104202508926391602e-01 2.927158176898956299e-01 4.980987906455993652e-01 4.628490805625915527e-01 8.224443793296813965e-01 6.204810142517089844e-01 5.181114077568054199e-01
8.605124950408935547e-01 3.274306654930114746e-01 3.220610022544860840e-01 2.436057478189468384e-01 3.543084859848022461e-01 1.781616210937500000e-01 8.514204025268554688e-01 7.695819735527038574e-01 5.187098979949951172e-01 4.502777159214019775e-01 5.382325053215026855e-01 2.295589148998260498e-01 4.044829010963439941e-01 3.672952950000762939e-01
5.458400249481201172e-01 7.860990166664123535e-01 2.146192491054534912e-01 5.922200083732604980e-01 2.699300050735473633e-01 3.902914226055145264e-01 5.093250274658203125e-01 5.207472443580627441e-01 5.703185200691223145e-01 3.854796886444091797e-01 4.275536537170410156e-01 3.238124251365661621e-01 4.584732353687286377e-01 3.758074045181274414e-01
1.957425028085708618e-01 8.232640027999877930e-01 9.656594991683959961e-01 4.594612419605255127e-01 1.002107486128807068e-01 2.941190004348754883e-01 2.515793442726135254e-01 2.691866159439086914e-01 5.680771470069885254e-01 5.616848468780517578e-01 4.155423045158386230e-01 2.792918980121612549e-01 4.314078688621520996e-01 3.663434982299804688e-01
7.654274702072143555e-01 3.399510085582733154e-01 8.748645186424255371e-01 4.326625168323516846e-02 5.313322544097900391e-01 8.196669816970825195e-01 8.862343430519104004e-01 6.459805369377136230e-01 3.172457516193389893e-01 5.670570135116577148e-01 4.678680300712585449e-01 4.214315116405487061e-01 5.014012455940246582e-01 4.679875671863555908e-01
7.682024836540222168e-01 3.232718408107757568e-01 1.809727549552917480e-01 3.102207481861114502e-01 5.768684744834899902e-01 3.666198849678039551e-01 5.440516471862792969e-01 6.134436130523681641e-01 3.163324296474456787e-01 4.134612679481506348e-01 4.206598997116088867e-01 6.695539951324462891e-01 6.250239610671997070e-01 6.022360324859619141e-01
6.690074801445007324e-01 1.953310072422027588e-01 5.609505176544189453e-01 6.027324795722961426e-01 2.070399932563304901e-02 9.634103775024414062e-01 7.323263287544250488e-01 6.684369444847106934e-01 2.343581765890121460e-01 4.979243874549865723e-01 7.308067679405212402e-01 2.595027536153793335e-02 4.396935403347015381e-01 7.784734964370727539e-01
7.734774947166442871e-01 4.626024961471557617e-01 5.511192679405212402e-01 8.569499850273132324e-01 5.305787324905395508e-01 7.679459452629089355e-01 9.973242878913879395e-01 7.506021261215209961e-01 3.354251384735107422e-01 5.387970209121704102e-01 5.500741600990295410e-01 2.693723738193511963e-01 4.541006088256835938e-01 4.906533360481262207e-01
3.142800033092498779e-01 5.818568468093872070e-01 7.304524779319763184e-01 1.487714946269989014e-01 6.069799885153770447e-02 9.118931293487548828e-01 5.086493492126464844e-01 2.264050543308258057e-01 5.445975661277770996e-01 5.330168008804321289e-01 2.551171183586120605e-01 9.446267038583755493e-02 5.456176996231079102e-01 4.272527992725372314e-01
9.755449891090393066e-01 3.260173201560974121e-01 6.551945209503173828e-01 3.995020091533660889e-01 7.451159954071044922e-01 5.146903991699218750e-01 4.871606528759002686e-01 8.924335837364196777e-01 2.914433181285858154e-01 6.154221892356872559e-01 5.331743359565734863e-01 6.635428071022033691e-01 5.324335098266601562e-01 3.828332722187042236e-01
5.610024929046630859e-01 5.684013366699218750e-01 6.648139953613281250e-01 2.033732533454895020e-01 9.983902573585510254e-01 4.019358456134796143e-01 8.533829450607299805e-01 6.299054622650146484e-01 3.402038514614105225e-01 3.970932066440582275e-01 5.384774804115295410e-01 9.125671982765197754e-01 6.023498177528381348e-01 5.778684020042419434e-01
9.173725247383117676e-01 7.111759781837463379e-01 4.230707585811614990e-01 4.913102388381958008e-01 1.099435016512870789e-01 9.720702171325683594e-01 3.351179957389831543e-01 9.089773893356323242e-01 5.400799512863159180e-01 4.032909274101257324e-01 4.416651427745819092e-01 1.145424097776412964e-01 5.052219033241271973e-01 3.799998760223388672e-01
2.205374985933303833e-01 7.748318314552307129e-01 8.597850054502487183e-02 4.398149996995925903e-02 4.213749989867210388e-02 7.479460835456848145e-01 4.064829945564270020e-01 1.324189007282257080e-01 7.107375264167785645e-01 6.316235661506652832e-02 3.474249839782714844e-01 1.073344498872756958e-01 6.664993166923522949e-01 5.011250972747802734e-01
7.031850218772888184e-01 5.867491960525512695e-01 1.108054965734481812e-01 1.669829934835433960e-01 4.861112534999847412e-01 1.433253586292266846e-01 5.936333443969488144e-03 7.804306149482727051e-01 5.733931660652160645e-01 1.842893511056900024e-01 2.896026074886322021e-01 5.532591938972473145e-01 6.166240572929382324e-01 3.885034322738647461e-01
5.509225130081176758e-01 4.462999999523162842e-01 5.692067742347717285e-01 7.794525027275085449e-01 1.497952491044998169e-01 6.465487182140350342e-02 7.202421426773071289e-01 7.206444740295410156e-01 2.968799471855163574e-01 5.145432949066162109e-01 6.788576245307922363e-01 1.485559046268463135e-01 4.190023541450500488e-01 5.972483754158020020e-01
5.261275172233581543e-01 3.189666569232940674e-01 7.446517348289489746e-01 7.917324900627136230e-01 5.016352534294128418e-01 9.569997787475585938e-01 8.346788883209228516e-01 5.297410488128662109e-01 3.383184373378753662e-01 5.480140447616577148e-01 6.275791525840759277e-01 4.486345350742340088e-01 4.245862364768981934e-01 4.689275920391082764e-01
4.949024915695190430e-01 3.677553236484527588e-01 1.742150075733661652e-02 6.589599847793579102e-01 3.138450160622596741e-02 2.384890913963317871e-01 9.339904785156250000e-01 3.527261912822723389e-01 5.068008899688720703e-01 1.232135221362113953e-01 7.940343618392944336e-01 1.361511554569005966e-02 5.002839565277099609e-01 7.431932091712951660e-01
5.985025167465209961e-01 8.175334930419921875e-01 6.713887453079223633e-01 5.954725146293640137e-01 6.227202415466308594e-01 9.046794772148132324e-01 9.716145992279052734e-01 5.866304636001586914e-01 5.459119677543640137e-01 1.159789338707923889e-01 7.210294604301452637e-01 4.822484850883483887e-01 4.867960512638092041e-01 5.493877530097961426e-01
7.073274850845336914e-01 5.316288471221923828e-01 3.319412469863891602e-01 7.321050167083740234e-01 6.838432550430297852e-01 9.590491652488708496e-01 8.273171186447143555e-01 6.590341925621032715e-01 4.616584777832031250e-01 2.132114619016647339e-01 6.122596859931945801e-01 6.035209298133850098e-01 5.132795572280883789e-01 5.304419994354248047e-01
3.858500123023986816e-01 1.780051738023757935e-01 9.378349781036376953e-02 7.735049724578857422e-01 9.514625072479248047e-01 2.235848456621170044e-01 3.364006578922271729e-01 4.414834380149841309e-01 3.565426766872406006e-01 6.104885935783386230e-01 6.301577687263488770e-01 9.132796525955200195e-01 5.385482311248779297e-01 5.127061009407043457e-01
9.259524941444396973e-01 2.824686765670776367e-01 9.754717350006103516e-01 8.834025263786315918e-01 2.585974931716918945e-01 9.160662889480590820e-01 6.007729768753051758e-01 9.830512404441833496e-01 2.012759447097778320e-01 6.436213254928588867e-01 8.999673128128051758e-01 3.154782056808471680e-01 4.542409181594848633e-01 5.730667114257812500e-01
2.072625011205673218e-01 4.390664994716644287e-01 8.916812539100646973e-01 3.251174837350845337e-02 1.310727447271347046e-01 5.953319072723388672e-01 1.075899973511695862e-01 2.070627212524414062e-01 3.842353522777557373e-01 6.511567831039428711e-01 3.389141559600830078e-01 2.061241716146469116e-01 5.151947140693664551e-01 4.638973772525787354e-01
1.533900052309036255e-01 2.225034981966018677e-01 9.993100166320800781e-01 8.967924714088439941e-01 6.162397265434265137e-01 8.647853732109069824e-01 9.637614488601684570e-01 1.167570874094963074e-01 2.359038740396499634e-01 7.997246980667114258e-01 7.661827206611633301e-01 4.340727925300598145e-01 4.707353115081787109e-01 6.607927680015563965e-01
1.263374984264373779e-01 5.046705007553100586e-01 9.243552684783935547e-01 5.951200127601623535e-01 6.481242775917053223e-01 5.588319152593612671e-02 6.770868897438049316e-01 1.173519417643547058e-01 3.711561858654022217e-01 8.077719211578369141e-01 6.731332540512084961e-01 6.645388603210449219e-01 4.546790421009063721e-01 4.570446312427520752e-01
2.979950010776519775e-01 3.230801522731781006e-01 2.669997513294219971e-01 4.417137503623962402e-01 8.420475125312805176e-01 6.968254446983337402e-01 3.699833154678344727e-02 3.609485626220703125e-01 3.617153763771057129e-01 4.925303757190704346e-01 3.000980317592620850e-01 8.831576704978942871e-01 5.892395377159118652e-01 5.172411799430847168e-01
2.953275144100189209e-01 6.704171895980834961e-01 8.190429806709289551e-01 9.334099888801574707e-01 5.372064709663391113e-01 6.258832216262817383e-01 7.714646458625793457e-01 3.978955745697021484e-01 4.060738086700439453e-01 5.253770947456359863e-01 8.645713329315185547e-01 6.886093020439147949e-01 3.671295344829559326e-01 5.769470930099487305e-01
3.448750078678131104e-01 2.141470015048980713e-01 9.015110135078430176e-01 2.870952486991882324e-01 6.370412707328796387e-01 6.654912233352661133e-01 3.735673427581787109e-01 3.333438038825988770e-01 2.181468307971954346e-01 7.208397388458251953e-01 6.193599700927734375e-01 6.806166172027587891e-01 5.391104817390441895e-01 5.520107150077819824e-01
6.741899847984313965e-01 8.082826733589172363e-01 1.032207533717155457e-01 2.216400019824504852e-02 3.568559885025024414e-01 8.944219350814819336e-01 4.667923450469970703e-01 4.791105091571807861e-01 5.797839760780334473e-01 1.143270581960678101e-01 2.434431314468383789e-01 3.399060666561126709e-01 6.358010172843933105e-01 4.360334277153015137e-01
9.305725097656250000e-01 7.065901756286621094e-01 4.610712528228759766e-01 2.358510047197341919e-01 7.522845268249511719e-01 2.368315160274505615e-01 6.023663282394409180e-01 8.217877745628356934e-01 4.093909859657287598e-01 4.566963613033294678e-01 4.159376323223114014e-01 7.649475336074829102e-01 5.660405755043029785e-01 4.151575863361358643e-01
4.475125074386596680e-01 1.962733268737792969e-01 3.604579865932464600e-01 1.466600038111209869e-02 8.268957734107971191e-01 5.781880021095275879e-01 4.867316782474517822e-01 4.653879106044769287e-01 3.614341020584106445e-01 4.489675164222717285e-01 2.922966480255126953e-01 8.190824389457702637e-01 5.886005759239196777e-01 5.107679963111877441e-01
9.792674779891967773e-01 4.237459897994995117e-01 6.906472444534301758e-01 8.733249902725219727e-01 9.440619945526123047e-01 7.296715378761291504e-01 4.113573431968688965e-01 9.455512166023254395e-01 3.386426568031311035e-01 6.621789932250976562e-01 7.552486062049865723e-01 9.166430234909057617e-01 5.679733753204345703e-01 3.740022778511047363e-01
1.202149987220764160e-01 4.077860116958618164e-01 8.760149776935577393e-02 8.250849843025207520e-01 5.091272592544555664e-01 4.650103151798248291e-01 9.179294109344482422e-01 1.694105714559555054e-01 4.673901498317718506e-01 2.124718129634857178e-01 8.917523026466369629e-01 4.451577663421630859e-01 5.652149915695190430e-01 7.944469451904296875e-01
5.874000117182731628e-02 8.260093331336975098e-01 4.955385029315948486e-01 3.620620071887969971e-01 2.058894932270050049e-01 5.833041667938232422e-01 7.171626091003417969e-01 5.019753798842430115e-02 7.128705382347106934e-01 5.466626882553100586e-01 2.328531444072723389e-01 2.610410749912261963e-01 5.447399616241455078e-01 3.955468833446502686e-01
6.303024888038635254e-01 3.544625043869018555e-01 8.096399903297424316e-02 7.293099761009216309e-01 9.691050052642822266e-01 6.976475715637207031e-01 7.162414193153381348e-01 6.197099089622497559e-01 3.756854236125946045e-01 2.919881343841552734e-01 7.166174054145812988e-01 8.957667350769042969e-01 5.850678682327270508e-01 6.410419344902038574e-01
7.462775111198425293e-01 7.063188552856445312e-01 8.119260072708129883e-01 6.077200174331665039e-01 3.214687407016754150e-01 6.943229436874389648e-01 8.746514916419982910e-01 7.566210627555847168e-01 5.101928114891052246e-01 4.508710205554962158e-01 7.003122568130493164e-01 2.419467717409133911e-01 3.326576650142669678e-01 3.806540966033935547e-01
2.065699994564056396e-01 5.430923104286193848e-01 6.977670192718505859e-01 1.102714985609054565e-01 3.492420017719268799e-01 4.025849401950836182e-01 2.819726765155792236e-01 2.239257544279098511e-01 5.422480702400207520e-01 6.302065849304199219e-01 3.611611425876617432e-01 3.898768126964569092e-01 4.538002312183380127e-01 3.472460210323333740e-01
6.440749764442443848e-01 5.446731448173522949e-01 6.427057385444641113e-01 3.259647488594055176e-01 8.291702270507812500e-01 9.725201129913330078e-01 5.962110161781311035e-01 6.494397521018981934e-01 4.187149703502655029e-01 3.466897606849670410e-01 5.010113120079040527e-01 7.891198992729187012e-01 5.066908001899719238e-01 5.096692442893981934e-01
2.486374974250793457e-01 2.211270034313201904e-01 5.154482722282409668e-01 5.806000232696533203e-01 3.315384984016418457e-01 6.763250231742858887e-01 6.407666802406311035e-01 2.656351327896118164e-01 3.154771327972412109e-01 6.409564018249511719e-01 5.702561140060424805e-01 3.076693713665008545e-01 4.575132429599761963e-01 5.239688754081726074e-01
7.940375208854675293e-01 3.648176789283752441e-01 9.046245217323303223e-01 7.495149970054626465e-01 3.795062601566314697e-01 4.950668662786483765e-02 6.048006415367126465e-01 9.345270395278930664e-01 2.289707213640213013e-01 6.197527647018432617e-01 7.718546390533447266e-01 3.770514130592346191e-01 4.742105305194854736e-01 5.204181075096130371e-01
6.518749892711639404e-02 5.052204728126525879e-01 9.506545066833496094e-01 4.140560030937194824e-01 8.984937667846679688e-01 4.106009006500244141e-01 5.488446950912475586e-01 5.107532069087028503e-02 4.423573315143585205e-01 8.070117831230163574e-01 4.817884862422943115e-01 9.450912475585937500e-01 5.784816741943359375e-01 4.783980846405029297e-01
5.943499878048896790e-02 3.374461531639099121e-01 8.989147543907165527e-01 2.309807538986206055e-01 9.726870059967041016e-01 4.784203171730041504e-01 6.312130093574523926e-01 5.122384428977966309e-02 3.995420336723327637e-01 8.420109152793884277e-01 3.727831840515136719e-01 9.324340820312500000e-01 6.197093725204467773e-01 4.381692409515380859e-01
2.258774936199188232e-01 8.217719793319702148e-01 6.336097717285156250e-01 1.508557498455047607e-01 3.188750147819519043e-01 1.218674778938293457e-01 3.859233483672142029e-02 3.022851347923278809e-01 5.897085666656494141e-01 4.954822659492492676e-01 2.963710725307464600e-01 4.242509603500366211e-01 4.833876192569732666e-01 3.554266691207885742e-01
6.239749789237976074e-01 6.769943237304687500e-01 5.796237587928771973e-01 6.872649788856506348e-01 1.938387453556060791e-01 4.837133288383483887e-01 8.309555649757385254e-01 7.038222551345825195e-01 4.832945764064788818e-01 3.705054223537445068e-01 6.844737529754638672e-01 1.676738858222961426e-01 3.714420497417449951e-01 4.633298218250274658e-01
6.879349946975708008e-01 4.438803195953369141e-01 9.511400014162063599e-02 9.322075247764587402e-01 4.410925135016441345e-02 8.069642186164855957e-01 3.108166754245758057e-01 7.443966269493103027e-01 5.511366128921508789e-01 2.141292989253997803e-01 6.087855100631713867e-01 7.279748469591140747e-02 4.763754606246948242e-01 5.216175317764282227e-01
8.400499820709228516e-01 6.506978273391723633e-01 3.873007595539093018e-01 7.139300107955932617e-01 3.400214910507202148e-01 9.051448702812194824e-01 2.102160006761550903e-01 8.821132779121398926e-01 5.954087376594543457e-01 3.824899196624755859e-01 4.651893973350524902e-01 4.371517300605773926e-01 4.890202283859252930e-01 3.107186555862426758e-01
5.589274764060974121e-01 2.332029938697814941e-01 8.062247633934020996e-01 9.356924891471862793e-01 7.271804809570312500e-01 9.714506864547729492e-01 4.993889927864074707e-01 5.459626317024230957e-01 2.568404972553253174e-01 6.540141105651855469e-01 7.406449913978576660e-01 7.533097863197326660e-01 5.121750831604003906e-01 5.134102106094360352e-01
7.627800107002258301e-01 4.945281744003295898e-01 1.382782459259033203e-01 7.152575254440307617e-01 1.939999929163604975e-04 6.276039481163024902e-01 3.173853456974029541e-01 7.067944407463073730e-01 4.744249880313873291e-01 2.319055199623107910e-01 6.964060664176940918e-01 4.815737903118133545e-02 4.476312994956970215e-01 6.173188090324401855e-01
1.578775048255920410e-01 1.995288282632827759e-01 6.897745132446289062e-01 9.656249880790710449e-01 3.698350116610527039e-02 3.022793829441070557e-01 4.404506683349609375e-01 2.387710660696029663e-01 2.268289625644683838e-01 5.570584535598754883e-01 8.198992609977722168e-01 4.083144292235374451e-02 4.068966805934906006e-01 7.651583552360534668e-01
5.970699787139892578e-01 1.718250066041946411e-01 9.883695244789123535e-01 5.472549796104431152e-01 9.043052792549133301e-01 9.743424504995346069e-02 6.684552431106567383e-01 5.352686643600463867e-01 3.160611093044281006e-01 7.523410320281982422e-01 7.774229049682617188e-01 8.012201189994812012e-01 4.074188768863677979e-01 3.542892634868621826e-01
8.985099792480468750e-01 3.385618329048156738e-01 1.650290042161941528e-01 3.243757486343383789e-01 4.220190048217773438e-01 4.982384741306304932e-01 2.797909975051879883e-01 8.726686835289001465e-01 4.614774584770202637e-01 4.636202752590179443e-01 3.457781076431274414e-01 4.619285762310028076e-01 5.748512148857116699e-01 3.593342602252960205e-01
6.295949816703796387e-01 2.465299963951110840e-01 4.323379993438720703e-01 8.928449749946594238e-01 8.645950257778167725e-02 1.001100987195968628e-02 5.744856595993041992e-01 8.346503376960754395e-01 2.155254036188125610e-01 5.656662583351135254e-01 7.466689944267272949e-01 6.487184017896652222e-02 4.184013903141021729e-01 6.898487806320190430e-01
6.653525233268737793e-01 2.667149901390075684e-01 7.782869935035705566e-01 4.530150070786476135e-02 8.366282582283020020e-01 1.546453535556793213e-01 4.110066592693328857e-01 6.214135289192199707e-01 3.664984107017517090e-01 5.771300792694091797e-01 4.158069789409637451e-01 7.457025647163391113e-01 5.169195532798767090e-01 3.885028660297393799e-01
3.970099985599517822e-01 6.831718087196350098e-01 4.429590106010437012e-01 8.981325030326843262e-01 1.466815024614334106e-01 3.519445359706878662e-01 1.629673391580581665e-01 4.216980040073394775e-01 5.645999312400817871e-01 3.729482293128967285e-01 7.214579582214355469e-01 2.228866815567016602e-01 3.322806358337402344e-01 4.297285079956054688e-01
5.834624767303466797e-01 3.895348310470581055e-01 6.640700250864028931e-02 4.181624948978424072e-02 4.035564959049224854e-01 6.913924962282180786e-02 3.493956625461578369e-01 5.073457360267639160e-01 5.295360684394836426e-01 3.405293524265289307e-01 2.499868273735046387e-01 4.023935794830322266e-01 5.654091238975524902e-01 3.833838105201721191e-01
1.427000015974044800e-01 2.582674920558929443e-01 4.301872551441192627e-01 7.438725233078002930e-01 7.067357301712036133e-01 1.449830234050750732e-01 4.557439982891082764e-01 2.184524685144424438e-01 4.137570559978485107e-01 7.052612900733947754e-01 6.074354648590087891e-01 6.493273377418518066e-01 4.406289756298065186e-01 4.445845484733581543e-01
9.734724760055541992e-01 6.639819741249084473e-01 7.653682231903076172e-01 7.416375279426574707e-01 9.804850220680236816e-01 1.155926287174224854e-01 8.479951024055480957e-01 9.547875523567199707e-01 6.461505293846130371e-01 3.636609017848968506e-01 9.209132790565490723e-01 8.970978856086730957e-01 3.590700626373291016e-01 3.996629118919372559e-01
1.518975049257278442e-01 1.861023306846618652e-01 2.964519858360290527e-01 7.823525071144104004e-01 7.760262489318847656e-01 4.889107048511505127e-01 5.911786556243896484e-01 2.278003096580505371e-01 3.481308817863464355e-01 5.648184418678283691e-01 7.474678158760070801e-01 7.911413908004760742e-01 5.780918002128601074e-01 6.718295812606811523e-01
1.902800053358078003e-01 6.292663216590881348e-01 3.299472630023956299e-01 8.811774849891662598e-01 5.418024957180023193e-02 8.204603195190429688e-01 2.048616707324981689e-01 1.973754316568374634e-01 4.711550176143646240e-01 2.269818931818008423e-01 6.780550479888916016e-01 1.393594890832901001e-01 5.934851169586181641e-01 7.021958231925964355e-01
1.670075058937072754e-01 3.362553417682647705e-01 7.750024646520614624e-02 3.875845074653625488e-01 1.134962514042854309e-01 8.286284804344177246e-01 1.890666596591472626e-02 1.086992174386978149e-01 5.103223323822021484e-01 2.887288630008697510e-01 4.030773937702178955e-01 8.508896827697753906e-02 6.533935070037841797e-01 6.353167295455932617e-01
4.249149858951568604e-01 5.324971675872802734e-01 5.279325246810913086e-01 1.363320052623748779e-01 4.763777554035186768e-01 5.903634428977966309e-01 7.874699681997299194e-02 4.286488294601440430e-01 3.994222283363342285e-01 4.335288405418395996e-01 3.364005684852600098e-01 5.488101243972778320e-01 5.354102253913879395e-01 4.903255403041839600e-01
2.899875044822692871e-01 7.173541784286499023e-01 3.968850076198577881e-01 7.623299956321716309e-01 8.239449858665466309e-01 1.742414198815822601e-03 6.428356766700744629e-01 2.640447318553924561e-01 5.939901471138000488e-01 6.265631914138793945e-01 8.181582093238830566e-01 8.277641534805297852e-01 2.641349732875823975e-01 4.146218299865722656e-01
5.517849922180175781e-01 5.037706494331359863e-01 4.507582485675811768e-01 9.931374788284301758e-01 2.286775037646293640e-02 3.112568557262420654e-01 5.397336483001708984e-01 6.983222961425781250e-01 4.387581348419189453e-01 3.810238838195800781e-01 7.806521654129028320e-01 5.132528021931648254e-02 3.283682167530059814e-01 5.674278140068054199e-01
2.557924985885620117e-01 3.934251666069030762e-01 3.312830030918121338e-01 2.956680059432983398e-01 8.724107742309570312e-01 7.905024290084838867e-01 2.840389907360076904e-01 2.655631899833679199e-01 3.925643265247344971e-01 4.587952196598052979e-01 1.858830153942108154e-01 8.829089403152465820e-01 5.756954550743103027e-01 4.817179739475250244e-01
1.621775031089782715e-01 8.035038113594055176e-01 9.001610279083251953e-01 8.881099820137023926e-01 4.438122510910034180e-01 6.954697966575622559e-01 1.382600069046020508e-01 2.191052883863449097e-01 4.810436069965362549e-01 5.367396473884582520e-01 6.951162219047546387e-01 6.200223565101623535e-01 3.970256745815277100e-01 5.539214611053466797e-01
3.562549948692321777e-01 2.370945066213607788e-01 5.455669760704040527e-01 6.818400025367736816e-01 8.570999838411808014e-03 1.381490975618362427e-01 4.299433231353759766e-01 4.250760078430175781e-01 2.474863380193710327e-01 5.583876371383666992e-01 6.270682811737060547e-01 3.546800091862678528e-02 4.600982964038848877e-01 7.439689040184020996e-01
7.689999882131814957e-03 5.844631791114807129e-01 9.989849925041198730e-01 2.419205009937286377e-01 8.347000181674957275e-02 8.229247480630874634e-02 4.542733430862426758e-01 1.594146527349948883e-02 6.414231061935424805e-01 8.749699592590332031e-01 2.285927832126617432e-01 9.326384216547012329e-02 5.475835204124450684e-01 3.806452155113220215e-01
5.111299753189086914e-01 6.040113568305969238e-01 7.527179718017578125e-01 3.147130012512207031e-01 9.920000284910202026e-02 6.828786134719848633e-01 7.498147487640380859e-01 4.600204825401306152e-01 4.886820614337921143e-01 4.054314196109771729e-01 4.802035689353942871e-01 8.533313125371932983e-02 4.721937477588653564e-01 5.130686163902282715e-01
3.772450089454650879e-01 5.745930075645446777e-01 6.445682644844055176e-01 8.425850272178649902e-01 2.983577549457550049e-01 5.552165508270263672e-01 6.401723623275756836e-01 4.124551713466644287e-01 4.204234480857849121e-01 5.615032315254211426e-01 6.361149549484252930e-01 3.652324676513671875e-01 3.669534325599670410e-01 4.140367805957794189e-01
8.946650028228759766e-01 2.435593307018280029e-01 2.394375056028366089e-01 9.174475073814392090e-01 1.370940059423446655e-01 2.754754424095153809e-01 3.216606676578521729e-01 9.317880272865295410e-01 3.855056762695312500e-01 4.984160959720611572e-01 8.160777688026428223e-01 1.091713979840278625e-01 3.663464784622192383e-01 5.278463363647460938e-01
2.120925039052963257e-01 7.423236370086669922e-01 6.986650079488754272e-02 5.320000052452087402e-01 3.012430071830749512e-01 9.933641552925109863e-01 2.352456599473953247e-01 1.601629406213760376e-01 7.018643021583557129e-01 7.269436120986938477e-02 3.369081318378448486e-01 2.958095073699951172e-01 5.964192748069763184e-01 5.052135586738586426e-01
2.198000065982341766e-02 5.032585263252258301e-01 9.928575158119201660e-02 7.509899735450744629e-01 2.574369907379150391e-01 6.253568530082702637e-01 3.158099949359893799e-02 5.003469064831733704e-02 7.044630646705627441e-01 7.196559011936187744e-02 4.753243029117584229e-01 1.931838244199752808e-01 5.967320799827575684e-01 5.842414498329162598e-01
9.001849889755249023e-01 2.206020057201385498e-01 3.131240010261535645e-01 5.151075124740600586e-02 5.087280273437500000e-01 8.106319308280944824e-01 3.902973234653472900e-01 7.572508454322814941e-01 4.102624356746673584e-01 4.494067132472991943e-01 2.834935188293457031e-01 5.021234154701232910e-01 5.999080538749694824e-01 4.179537594318389893e-01
1.831250041723251343e-01 3.086704909801483154e-01 5.589450001716613770e-01 7.527375221252441406e-01 6.543319821357727051e-01 8.171328306198120117e-01 3.623563349246978760e-01 1.929347515106201172e-01 3.135245740413665771e-01 6.968798637390136719e-01 4.936144351959228516e-01 7.349383831024169922e-01 6.006283164024353027e-01 6.140404343605041504e-01
2.814750000834465027e-02 4.593645036220550537e-01 1.364137530326843262e-01 2.025589942932128906e-01 5.943892598152160645e-01 8.378771543502807617e-01 4.141116738319396973e-01 4.686466709244996309e-04 8.541767001152038574e-01 1.902223192155361176e-02 5.782835160061949864e-06 9.659878909587860107e-03 9.709014296531677246e-01 2.636887133121490479e-01
8.586674928665161133e-01 2.780836522579193115e-01 1.458609998226165771e-01 5.938850045204162598e-01 1.529477536678314209e-01 3.784566521644592285e-01 1.551906615495681763e-01 8.371068835258483887e-01 3.823369741439819336e-01 4.875610470771789551e-01 5.312871932983398438e-01 1.457583606243133545e-01 4.803782999515533447e-01 5.100110769271850586e-01
1.366849988698959351e-01 6.986733078956604004e-01 3.120205104351043701e-01 4.813075065612792969e-02 6.936472654342651367e-01 5.900353789329528809e-01 8.486900329589843750e-01 1.216935887932777405e-01 5.995303988456726074e-01 3.039366900920867920e-01 1.573059707880020142e-01 7.756026387214660645e-01 5.011455416679382324e-01 4.444715678691864014e-01
8.932899832725524902e-01 2.070388346910476685e-01 5.370677709579467773e-01 7.773724794387817383e-01 4.704720079898834229e-01 9.015863537788391113e-01 2.019986659288406372e-01 9.154796004295349121e-01 3.782365322113037109e-01 5.760410428047180176e-01 6.454132795333862305e-01 4.399767816066741943e-01 4.462450444698333740e-01 3.712542951107025146e-01
3.467049896717071533e-01 5.467463135719299316e-01 5.102017521858215332e-01 5.738350152969360352e-01 9.010599851608276367e-01 2.032486796379089355e-01 9.766026139259338379e-01 5.466129779815673828e-01 3.824318647384643555e-01 3.115375339984893799e-01 6.736556887626647949e-01 7.806711792945861816e-01 5.707990527153015137e-01 6.229510903358459473e-01
9.483175277709960938e-01 1.821395009756088257e-01 5.533900111913681030e-02 5.363249778747558594e-01 4.948824942111968994e-01 6.514284014701843262e-01 5.256393551826477051e-01 7.901340126991271973e-01 4.356651902198791504e-01 4.761514067649841309e-01 4.334771335124969482e-01 4.617179334163665771e-01 5.192845463752746582e-01 3.931708037853240967e-01
4.870424866676330566e-01 3.329469859600067139e-01 3.580097556114196777e-01 5.027225017547607422e-01 5.799662470817565918e-01 8.327689766883850098e-01 1.588779985904693604e-01 5.035985112190246582e-01 4.364004731178283691e-01 4.304707348346710205e-01 4.285329580307006836e-01 5.901341438293457031e-01 4.770036935806274414e-01 4.530024528503417969e-01
4.331875145435333252e-01 3.390606641769409180e-01 2.507547438144683838e-01 4.275657534599304199e-01 1.570542454719543457e-01 5.633147358894348145e-01 7.719448804855346680e-01 4.084324240684509277e-01 4.725321531295776367e-01 3.810958266258239746e-01 4.638082087039947510e-01 1.159800514578819275e-01 5.016141533851623535e-01 5.257105827331542969e-01
2.217350006103515625e-01 7.262931466102600098e-01 9.163147211074829102e-01 7.159749865531921387e-01 5.107472538948059082e-01 8.047858476638793945e-01 8.581415414810180664e-01 3.386731147766113281e-01 3.346726000308990479e-01 4.271644651889801025e-01 7.346832752227783203e-01 6.807084083557128906e-01 6.103147268295288086e-01 7.252556085586547852e-01
1.531224995851516724e-01 3.431704938411712646e-01 5.225445032119750977e-01 7.331799864768981934e-01 4.529507458209991455e-01 4.274224340915679932e-01 8.240348696708679199e-01 1.848006248474121094e-01 2.755571901798248291e-01 6.858929395675659180e-01 6.357165575027465820e-01 4.975937008857727051e-01 5.485147833824157715e-01 7.256845831871032715e-01
2.020599991083145142e-01 7.868273258209228516e-01 2.617794871330261230e-01 3.447780013084411621e-01 2.609735131263732910e-01 9.179791808128356934e-01 1.310106664896011353e-01 1.422783136367797852e-01 6.829339861869812012e-01 2.125791013240814209e-01 2.516279220581054688e-01 3.150910437107086182e-01 5.813333392143249512e-01 4.425577521324157715e-01
2.665475010871887207e-01 4.045301675796508789e-01 9.794754981994628906e-01 1.554377526044845581e-01 3.459317386150360107e-01 6.813490986824035645e-01 9.009742736816406250e-01 2.483139336109161377e-01 3.231288194656372070e-01 6.599632501602172852e-01 5.468603968620300293e-01 2.754045128822326660e-01 4.603648483753204346e-01 4.993776082992553711e-01
9.573850035667419434e-01 8.139820098876953125e-01 6.088320016860961914e-01 8.857049793004989624e-02 1.275434941053390503e-01 7.055476903915405273e-01 2.913553416728973389e-01 9.487098455429077148e-01 4.758044779300689697e-01 3.901894390583038330e-01 3.747596144676208496e-01 1.974507421255111694e-01 6.321400403976440430e-01 4.244533777236938477e-01
3.278949856758117676e-01 3.414828479290008545e-01 7.885682582855224609e-01 2.670237421989440918e-01 2.012550085783004761e-02 3.053804039955139160e-01 1.969960033893585205e-01 3.281121253967285156e-01 3.052720725536346436e-01 6.163223981857299805e-01 3.906669616699218750e-01 6.425339728593826294e-02 5.169798731803894043e-01 6.136527061462402344e-01
8.868899941444396973e-01 5.946446657180786133e-01 4.008197486400604248e-01 2.643550001084804535e-02 7.825257778167724609e-01 2.680285871028900146e-01 8.592966198921203613e-01 8.098599314689636230e-01 4.930872917175292969e-01 2.498670369386672974e-01 4.090744256973266602e-01 6.965263485908508301e-01 5.699228048324584961e-01 4.373289644718170166e-01
6.539049744606018066e-01 3.682501614093780518e-01 8.424255251884460449e-01 1.923237442970275879e-01 8.707795143127441406e-01 3.737134337425231934e-01 1.600613296031951904e-01 5.770729184150695801e-01 4.348403215408325195e-01 5.939118862152099609e-01 4.550741314888000488e-01 7.737064957618713379e-01 4.395021200180053711e-01 3.622425794601440430e-01
4.639874994754791260e-01 2.771931588649749756e-01 7.287794947624206543e-01 9.938849806785583496e-01 5.276834964752197266e-01 1.289423257112503052e-01 3.005666658282279968e-03 5.377972126007080078e-01 2.729925513267517090e-01 6.340307593345642090e-01 8.169937729835510254e-01 6.488313078880310059e-01 4.283144176006317139e-01 5.236132740974426270e-01
5.376099944114685059e-01 5.812326669692993164e-01 4.106827378273010254e-01 7.484200000762939453e-01 8.492792248725891113e-01 5.462629199028015137e-01 2.727830111980438232e-01 5.017124414443969727e-01 4.248527884483337402e-01 6.056835651397705078e-01 6.939016580581665039e-01 8.621852397918701172e-01 4.317768514156341553e-01 4.662316143512725830e-01
1.609324961900711060e-01 6.976643204689025879e-01 1.050089970231056213e-01 3.723672628402709961e-01 9.749220013618469238e-01 7.635092735290527344e-01 5.655126571655273438e-01 9.743361920118331909e-02 6.297137141227722168e-01 2.100480645895004272e-01 5.794185772538185120e-02 9.698661565780639648e-01 4.614905714988708496e-01 3.842166066169738770e-01
1.320649981498718262e-01 2.901311814785003662e-01 7.512332797050476074e-01 8.206225037574768066e-01 2.000135034322738647e-01 2.546254694461822510e-01 8.544185757637023926e-01 2.427153587341308594e-01 2.962362766265869141e-01 5.953371524810791016e-01 7.489129900932312012e-01 1.355968266725540161e-01 4.016348719596862793e-01 5.800271630287170410e-01
6.512150168418884277e-01 1.923206597566604614e-01 9.973149746656417847e-02 2.608295083045959473e-01 4.207512438297271729e-01 3.121549487113952637e-01 4.272043406963348389e-01 6.571419835090637207e-01 4.923819005489349365e-01 3.827782273292541504e-01 3.303498327732086182e-01 4.373336732387542725e-01 5.373657345771789551e-01 3.916464447975158691e-01
4.741125106811523438e-01 2.003899961709976196e-01 3.625024855136871338e-02 3.154312372207641602e-01 6.080597639083862305e-01 7.519220113754272461e-01 2.074713259935379028e-01 4.472548365592956543e-01 4.063617289066314697e-01 3.305603563785552979e-01 3.543956875801086426e-01 6.593088507652282715e-01 5.897842645645141602e-01 5.474092364311218262e-01
9.444674849510192871e-01 4.022436738014221191e-01 9.909275174140930176e-02 1.898674964904785156e-01 1.938702464103698730e-01 6.242219209671020508e-01 5.758126378059387207e-01 8.755140900611877441e-01 5.606936216354370117e-01 3.640176057815551758e-01 2.578519880771636963e-01 1.910223066806793213e-01 6.113967299461364746e-01 3.542869985103607178e-01
8.278300166130065918e-01 6.031684875488281250e-01 4.741325080394744873e-01 9.663425087928771973e-01 5.458277463912963867e-01 1.398769766092300415e-01 9.772698283195495605e-01 9.282276630401611328e-01 4.330534338951110840e-01 3.811678588390350342e-01 7.557032704353332520e-01 5.411555767059326172e-01 5.093961954116821289e-01 4.653922021389007568e-01
5.196949839591979980e-01 4.025066792964935303e-01 3.330805003643035889e-01 8.103200197219848633e-01 2.791005074977874756e-01 7.365096807479858398e-01 4.529696702957153320e-01 5.159789323806762695e-01 5.242382884025573730e-01 4.661417007446289062e-01 4.966371059417724609e-01 2.730943262577056885e-01 4.071647524833679199e-01 3.721447288990020752e-01
8.322975039482116699e-01 6.958403587341308594e-01 2.381147444248199463e-01 6.202350258827209473e-01 7.948589920997619629e-01 6.070459634065628052e-02 9.468768239021301270e-01 8.476833105087280273e-01 5.721125602722167969e-01 8.929540961980819702e-02 6.611691713333129883e-01 7.113569378852844238e-01 5.666847825050354004e-01 5.297618508338928223e-01
7.731999754905700684e-01 8.212446570396423340e-01 5.161280035972595215e-01 9.025074839591979980e-01 3.879152536392211914e-01 8.273578882217407227e-01 4.189876616001129150e-01 8.446511626243591309e-01 5.973057150840759277e-01 4.046088457107543945e-01 5.876165628433227539e-01 4.425812065601348877e-01 4.104616045951843262e-01 3.118544220924377441e-01
8.002499938011169434e-01 4.046635031700134277e-01 5.651975274085998535e-01 1.004102528095245361e-01 1.121099963784217834e-01 2.571572661399841309e-01 3.929453194141387939e-01 8.101151585578918457e-01 4.523066580295562744e-01 4.842583537101745605e-01 4.416529536247253418e-01 7.025272399187088013e-02 4.878453910350799561e-01 4.869501292705535889e-01
3.681100010871887207e-01 8.264704942703247070e-01 7.774847745895385742e-01 9.814925193786621094e-01 6.500757336616516113e-01 9.492060542106628418e-02 9.464492201805114746e-01 4.603976905345916748e-01 5.039317011833190918e-01 3.678601682186126709e-01 9.367230534553527832e-01 6.347560882568359375e-01 2.648110091686248779e-01 5.686447620391845703e-01
3.073099851608276367e-01 5.716444849967956543e-01 2.263475023210048676e-02 8.619949817657470703e-01 8.766417503356933594e-01 4.531598091125488281e-01 3.091563284397125244e-01 2.601559460163116455e-01 6.176204085350036621e-01 1.879563033580780029e-01 8.522518873214721680e-01 9.023444056510925293e-01 3.145089149475097656e-01 6.337469220161437988e-01
8.292400240898132324e-01 1.986764967441558838e-01 5.879187583923339844e-01 2.134947478771209717e-01 2.327899932861328125e-01 5.063039660453796387e-01 7.181866466999053955e-02 8.329375982284545898e-01 3.556973338127136230e-01 5.541370511054992676e-01 4.500975608825683594e-01 2.008930295705795288e-01 4.886928498744964600e-01 4.721993505954742432e-01
8.129649758338928223e-01 2.848911583423614502e-01 4.388187527656555176e-01 7.931200265884399414e-01 4.341005086898803711e-01 2.054956555366516113e-01 4.306063354015350342e-01 8.260195255279541016e-01 4.319943487644195557e-01 5.630601048469543457e-01 7.275227904319763184e-01 3.611077964305877686e-01 3.494733870029449463e-01 3.712690770626068115e-01
8.762149810791015625e-01 2.129254937171936035e-01 5.751320123672485352e-01 5.260000228881835938e-01 6.435567736625671387e-01 1.356080770492553711e-01 9.854862093925476074e-01 7.957108616828918457e-01 3.286168575286865234e-01 5.582122802734375000e-01 6.310452818870544434e-01 3.740178346633911133e-01 4.359813928604125977e-01 4.504420757293701172e-01
7.672150135040283203e-01 3.905594944953918457e-01 6.594647765159606934e-01 6.768699884414672852e-01 9.592442512512207031e-01 6.120114326477050781e-01 1.120069995522499084e-01 7.921093702316284180e-01 3.339065611362457275e-01 6.420155763626098633e-01 6.524511575698852539e-01 9.356022477149963379e-01 5.697267651557922363e-01 4.467207491397857666e-01
7.361775040626525879e-01 6.823850274085998535e-01 6.356400251388549805e-01 4.858627617359161377e-01 9.509182572364807129e-01 2.216678857803344727e-01 9.310903549194335938e-01 7.133423089981079102e-01 3.568918108940124512e-01 3.689310848712921143e-01 7.142115831375122070e-01 8.345168232917785645e-01 5.309123992919921875e-01 5.752881765365600586e-01
7.562500238418579102e-01 4.344143271446228027e-01 9.773497581481933594e-01 4.890932440757751465e-01 9.775454998016357422e-01 5.385959744453430176e-01 4.342999774962663651e-03 8.514311313629150391e-01 2.713746428489685059e-01 6.780890226364135742e-01 6.480566263198852539e-01 9.657861590385437012e-01 6.787395477294921875e-01 4.610330462455749512e-01
3.746975064277648926e-01 6.508463621139526367e-01 3.576724976301193237e-02 5.340999960899353027e-01 7.504875212907791138e-02 3.147092834115028381e-02 7.184900641441345215e-01 4.252658188343048096e-01 6.774348616600036621e-01 1.639374494552612305e-01 4.509666860103607178e-01 7.943707704544067383e-02 5.504365563392639160e-01 4.731690585613250732e-01
2.449699938297271729e-01 3.164404928684234619e-01 7.942475080490112305e-01 2.133225090801715851e-02 5.302454829216003418e-01 4.847319126129150391e-01 4.620253443717956543e-01 1.902862340211868286e-01 2.699937224388122559e-01 6.901777386665344238e-01 3.477382659912109375e-01 6.591011285781860352e-01 6.393966674804687500e-01 6.822199821472167969e-01
2.463424950838088989e-01 2.800010144710540771e-01 4.976387619972229004e-01 1.588452458381652832e-01 8.626465201377868652e-01 8.607895970344543457e-01 9.242500364780426025e-02 2.492660731077194214e-01 3.703526854515075684e-01 5.035875439643859863e-01 2.202491611242294312e-01 8.913446664810180664e-01 6.036633849143981934e-01 5.154157280921936035e-01
2.739324867725372314e-01 2.753413319587707520e-01 6.462069749832153320e-01 6.166100129485130310e-02 7.695084810256958008e-01 2.746755480766296387e-01 1.291580051183700562e-01 2.127558887004852295e-01 3.364990651607513428e-01 7.489960193634033203e-01 4.077051281929016113e-01 7.829821705818176270e-01 5.729885101318359375e-01 4.264756143093109131e-01
1.417375057935714722e-01 3.618965148925781250e-01 9.087882637977600098e-01 3.604072630405426025e-01 8.234865069389343262e-01 8.922663927078247070e-01 8.877131938934326172e-01 1.176425442099571228e-01 3.265021443367004395e-01 6.817080378532409668e-01 5.529869794845581055e-01 8.024734258651733398e-01 6.371422410011291504e-01 6.688727140426635742e-01
1.929624974727630615e-01 8.048803210258483887e-01 6.028800010681152344e-01 5.719799995422363281e-01 7.207639813423156738e-01 7.589644193649291992e-01 4.446616768836975098e-01 1.819556653499603271e-01 5.344407558441162109e-01 4.942117631435394287e-01 3.705799579620361328e-01 8.487614989280700684e-01 4.553969204425811768e-01 4.656904041767120361e-01
9.803749918937683105e-01 5.225048065185546875e-01 3.207575082778930664e-01 8.990225195884704590e-01 8.209890127182006836e-01 8.980779647827148438e-01 3.555376529693603516e-01 8.203604221343994141e-01 6.188808679580688477e-01 3.550451099872589111e-01 7.755323648452758789e-01 7.599621415138244629e-01 3.765322268009185791e-01 4.030757546424865723e-01
6.794599890708923340e-01 5.357708334922790527e-01 1.596177518367767334e-01 7.904850244522094727e-01 3.986515104770660400e-01 5.225380659103393555e-01 5.057883262634277344e-01 6.171803474426269531e-01 5.236271619796752930e-01 4.218053221702575684e-01 5.152958035469055176e-01 3.941764831542968750e-01 4.230368733406066895e-01 3.823655545711517334e-01
6.819999776780605316e-03 3.606431782245635986e-01 1.149607524275779724e-01 1.700700074434280396e-02 2.142957448959350586e-01 2.898358702659606934e-01 2.734533250331878662e-01 5.168579146265983582e-02 5.692586898803710938e-01 3.329918980598449707e-01 3.005363643169403076e-01 1.033320501446723938e-01 6.650762557983398438e-01 6.039378643035888672e-01
7.795000076293945312e-02 3.114185035228729248e-01 2.725124917924404144e-02 9.125375151634216309e-01 5.412602424621582031e-01 5.944179743528366089e-02 6.687484383583068848e-01 2.400240451097488403e-01 5.078296065330505371e-01 2.753481268882751465e-01 6.851729750633239746e-01 4.571278691291809082e-01 5.007881522178649902e-01 6.114950776100158691e-01
6.629999727010726929e-02 4.376886785030364990e-01 6.856524944305419922e-02 3.136524856090545654e-01 7.715139985084533691e-01 2.118923217058181763e-01 7.452871203422546387e-01 1.373719871044158936e-01 5.389701724052429199e-01 3.692297637462615967e-01 3.181577622890472412e-01 7.319154739379882812e-01 4.988806247711181641e-01 5.282129645347595215e-01
4.068324863910675049e-01 5.474578142166137695e-01 6.147467494010925293e-01 3.877042531967163086e-01 6.455550193786621094e-01 3.256133198738098145e-01 8.587364554405212402e-01 5.712127685546875000e-01 3.779757916927337646e-01 3.299297988414764404e-01 6.320080757141113281e-01 6.933895945549011230e-01 5.539979934692382812e-01 5.932161808013916016e-01
5.203250050544738770e-01 7.661569714546203613e-01 8.027355074882507324e-01 6.596800088882446289e-01 5.420560240745544434e-01 3.266798853874206543e-01 3.982700109481811523e-01 6.581540703773498535e-01 3.901491463184356689e-01 2.799620330333709717e-01 7.327840328216552734e-01 6.777231693267822266e-01 5.253058671951293945e-01 6.035584807395935059e-01
1.790149956941604614e-01 7.230315208435058594e-01 2.552249934524297714e-03 1.209302470088005066e-01 1.450884938240051270e-01 2.752987854182720184e-02 3.720023334026336670e-01 2.449406832456588745e-01 7.501855492591857910e-01 1.324640065431594849e-01 2.534599900245666504e-01 2.247964292764663696e-01 6.117408275604248047e-01 4.026853740215301514e-01
3.348950147628784180e-01 2.106498330831527710e-01 4.408434927463531494e-01 5.701599717140197754e-01 8.044377565383911133e-01 7.456704229116439819e-02 5.372146964073181152e-01 3.899531066417694092e-01 3.453756868839263916e-01 6.693890690803527832e-01 5.772318243980407715e-01 7.093389034271240234e-01 4.701374471187591553e-01 3.986783027648925781e-01
1.830974966287612915e-01 5.264053344726562500e-01 9.307599812746047974e-02 6.528750061988830566e-01 4.148772358894348145e-01 2.422667741775512695e-01 2.920486629009246826e-01 2.574466168880462646e-01 5.902376174926757812e-01 1.779300719499588013e-01 7.293199896812438965e-01 4.451992511749267578e-01 3.990441560745239258e-01 5.592707395553588867e-01
3.330950140953063965e-01 6.812804937362670898e-01 4.320277571678161621e-01 7.925824820995330811e-02 3.999660015106201172e-01 2.394173741340637207e-01 3.290933370590209961e-02 3.845126628875732422e-01 5.154314041137695312e-01 4.023981094360351562e-01 3.309649825096130371e-01 4.531604051589965820e-01 5.091420412063598633e-01 4.138780534267425537e-01
9.677324891090393066e-01 6.381933093070983887e-01 2.211679965257644653e-01 5.103625059127807617e-01 2.065279930830001831e-01 1.791393905878067017e-01 2.441416680812835693e-01 9.627468585968017578e-01 5.289331078529357910e-01 4.290822744369506836e-01 4.489500224590301514e-01 2.887133061885833740e-01 5.540212988853454590e-01 3.265210986137390137e-01
8.047050237655639648e-01 3.341749906539916992e-01 2.886570096015930176e-01 8.265749812126159668e-01 9.023422598838806152e-01 4.086725115776062012e-01 2.061270028352737427e-01 7.132754921913146973e-01 4.387436211109161377e-01 5.700438022613525391e-01 8.124774098396301270e-01 8.584584593772888184e-01 3.790068924427032471e-01 4.467832148075103760e-01
5.936225056648254395e-01 2.293860018253326416e-01 6.963207721710205078e-01 6.201149821281433105e-01 4.500552415847778320e-01 5.349397063255310059e-01 1.773633360862731934e-01 7.443138360977172852e-01 3.223328292369842529e-01 5.558799505233764648e-01 5.195124745368957520e-01 4.686689972877502441e-01 4.868156015872955322e-01 4.439558386802673340e-01
8.887199759483337402e-01 2.698483467102050781e-01 1.089274976402521133e-02 8.647124767303466797e-01 5.544034838676452637e-01 8.546180725097656250e-01 4.935669898986816406e-01 7.111370563507080078e-01 5.258885622024536133e-01 3.036104142665863037e-01 5.120845437049865723e-01 5.151377320289611816e-01 4.898436069488525391e-01 4.238851368427276611e-01
5.871825218200683594e-01 1.929113268852233887e-01 2.521700039505958557e-02 7.007449865341186523e-01 1.576937437057495117e-01 1.590898931026458740e-01 2.989773452281951904e-01 6.168984174728393555e-01 4.875709116458892822e-01 4.158856272697448730e-01 5.242272615432739258e-01 1.324982196092605591e-01 4.287045598030090332e-01 4.602221548557281494e-01
5.507000163197517395e-02 7.092584967613220215e-01 2.128332555294036865e-01 8.023124933242797852e-01 9.055892229080200195e-01 2.672068774700164795e-01 3.978576660156250000e-01 6.610121577978134155e-02 6.747872233390808105e-01 2.687320709228515625e-01 2.169075012207031250e-01 9.603009223937988281e-01 3.914898335933685303e-01 4.674485921859741211e-01
6.110900044441223145e-01 8.064320087432861328e-01 2.173149958252906799e-02 9.532899856567382812e-01 9.646874666213989258e-02 5.143381953239440918e-01 3.385500013828277588e-01 6.594342589378356934e-01 8.277189731597900391e-01 2.106371149420738220e-02 8.793666362762451172e-01 1.655863970518112183e-01 4.809891283512115479e-01 5.366991162300109863e-01
2.155375033617019653e-01 6.010781526565551758e-01 1.379829943180084229e-01 2.802869975566864014e-01 4.386394917964935303e-01 6.228146553039550781e-01 7.900071740150451660e-01 2.069137990474700928e-01 5.559864640235900879e-01 1.688857972621917725e-01 3.984894454479217529e-01 3.253599107265472412e-01 6.107084155082702637e-01 5.501927137374877930e-01
9.934099912643432617e-01 4.920678436756134033e-01 6.661509871482849121e-01 6.179875135421752930e-01 1.762534976005554199e-01 4.949137270450592041e-01 6.511283516883850098e-01 9.741641283035278320e-01 2.340645641088485718e-01 5.486819148063659668e-01 8.432404398918151855e-01 2.208678275346755981e-01 4.772599935531616211e-01 6.085316538810729980e-01
2.341500073671340942e-01 3.067109882831573486e-01 3.950785100460052490e-01 4.103417396545410156e-01 1.566000049933791161e-03 9.432788193225860596e-02 8.450892567634582520e-01 1.812091320753097534e-01 3.319849073886871338e-01 5.624594688415527344e-01 4.995622336864471436e-01 1.612332276999950409e-02 5.162032246589660645e-01 6.908640265464782715e-01
9.451624751091003418e-01 7.677651643753051758e-01 5.062707662582397461e-01 3.400070071220397949e-01 9.847157597541809082e-01 4.410351514816284180e-01 5.211279988288879395e-01 8.927770256996154785e-01 4.365611970424652100e-01 2.390800714492797852e-01 5.060671567916870117e-01 9.220773577690124512e-01 5.955940485000610352e-01 5.132132172584533691e-01
3.081550002098083496e-01 4.624156653881072998e-01 9.027104973793029785e-01 8.950150012969970703e-01 7.652857303619384766e-01 1.684870719909667969e-01 4.899736642837524414e-01 2.994419634342193604e-01 4.313921332359313965e-01 7.724783420562744141e-01 8.829403519630432129e-01 7.626188397407531738e-01 2.881876230239868164e-01 3.579379916191101074e-01
5.959250032901763916e-02 2.269258350133895874e-01 6.095117330551147461e-01 3.945930004119873047e-01 9.068974852561950684e-02 7.907846570014953613e-01 5.229156613349914551e-01 2.467650547623634338e-02 3.631841838359832764e-01 8.019911646842956543e-01 6.002996563911437988e-01 2.105888910591602325e-02 5.099157094955444336e-01 6.496577262878417969e-01
8.267275094985961914e-01 3.686358332633972168e-01 6.082127690315246582e-01 8.079550266265869141e-01 6.571197509765625000e-01 4.879957437515258789e-01 7.827824950218200684e-01 8.058577775955200195e-01 3.428470194339752197e-01 5.603186488151550293e-01 7.658461332321166992e-01 6.295638680458068848e-01 4.248508214950561523e-01 4.398224055767059326e-01
3.591825067996978760e-01 4.656594991683959961e-01 5.146500095725059509e-02 2.993287444114685059e-01 3.908247351646423340e-01 8.834795951843261719e-01 9.764754772186279297e-01 2.109150737524032593e-01 5.421298742294311523e-01 1.479915082454681396e-01 3.996635079383850098e-01 1.460493355989456177e-01 6.520898938179016113e-01 5.573406219482421875e-01
7.991600036621093750e-01 6.288218498229980469e-01 4.468327462673187256e-01 1.250067502260208130e-01 2.468472570180892944e-01 1.209525242447853088e-01 3.391453325748443604e-01 8.682833909988403320e-01 5.411993265151977539e-01 4.441562294960021973e-01 3.434526324272155762e-01 2.519092857837677002e-01 5.215774774551391602e-01 3.272700905799865723e-01
1.128550022840499878e-01 5.491473078727722168e-01 8.182822465896606445e-01 6.119775176048278809e-01 8.264387249946594238e-01 4.379501938819885254e-01 2.316206693649291992e-01 1.085837483406066895e-01 5.006626844406127930e-01 7.322957515716552734e-01 6.060416102409362793e-01 8.927276134490966797e-01 4.602013826370239258e-01 4.415436089038848877e-01
6.335750222206115723e-02 1.713248342275619507e-01 5.900254845619201660e-01 6.968749761581420898e-01 6.396072506904602051e-01 9.659515023231506348e-01 1.606699973344802856e-01 2.165191806852817535e-02 3.072858750820159912e-01 9.012493491172790527e-01 5.649999976158142090e-01 5.820221304893493652e-01 5.723890662193298340e-01 7.266553044319152832e-01
8.088625073432922363e-01 4.510933458805084229e-01 4.925750195980072021e-03 2.590050101280212402e-01 2.094492465257644653e-01 7.252506017684936523e-01 9.005544185638427734e-01 5.347357988357543945e-01 5.284596681594848633e-01 1.468110382556915283e-01 4.222111105918884277e-01 1.031941547989845276e-01 6.292136907577514648e-01 5.254198908805847168e-01
1.214300021529197693e-01 2.295676618814468384e-01 8.449134826660156250e-01 6.279500126838684082e-01 2.150127440690994263e-01 4.034447371959686279e-01 6.849652528762817383e-01 1.359026879072189331e-01 2.644096016883850098e-01 7.367285490036010742e-01 6.980700492858886719e-01 1.465669721364974976e-01 4.386081993579864502e-01 4.900223314762115479e-01
3.106375038623809814e-01 1.934846639633178711e-01 8.345957398414611816e-01 1.677014976739883423e-01 9.950739741325378418e-01 2.894924283027648926e-01 5.445870161056518555e-01 3.475219607353210449e-01 3.705546259880065918e-01 6.879085302352905273e-01 4.690360128879547119e-01 9.074717164039611816e-01 5.392220616340637207e-01 4.191075265407562256e-01
7.028599977493286133e-01 7.514163255691528320e-01 6.811050325632095337e-02 8.234674930572509766e-01 9.367802739143371582e-01 8.505947589874267578e-01 8.574801683425903320e-01 7.382197380065917969e-01 4.984545409679412842e-01 7.648492604494094849e-02 7.776107788085937500e-01 8.729825615882873535e-01 6.082659363746643066e-01 6.791129112243652344e-01
1.975724995136260986e-01 4.997861683368682861e-01 5.756917595863342285e-01 6.797875165939331055e-01 3.597654998302459717e-01 8.325021266937255859e-01 8.975711464881896973e-01 2.211643904447555542e-01 4.173552989959716797e-01 4.882576465606689453e-01 5.621872544288635254e-01 3.299731314182281494e-01 5.059760808944702148e-01 6.359592676162719727e-01
6.395549774169921875e-01 7.905266880989074707e-01 3.326947391033172607e-01 9.002000093460083008e-02 8.122054934501647949e-01 4.569154679775238037e-01 9.415280818939208984e-01 5.785800814628601074e-01 4.892200231552124023e-01 2.074365466833114624e-01 4.007545113563537598e-01 6.756004095077514648e-01 5.446186065673828125e-01 4.995594322681427002e-01
9.528024792671203613e-01 5.527313351631164551e-01 8.683130145072937012e-01 4.962379932403564453e-01 3.765589892864227295e-01 5.970827341079711914e-01 2.612093389034271240e-01 9.274036288261413574e-01 2.776602506637573242e-01 6.153863072395324707e-01 6.680101156234741211e-01 3.831228315830230713e-01 4.748463928699493408e-01 4.485438466072082520e-01
9.491325020790100098e-01 6.493046879768371582e-01 5.895749926567077637e-01 9.330624938011169434e-01 6.993362307548522949e-01 2.887982726097106934e-01 5.647063255310058594e-01 9.748694300651550293e-01 6.060881614685058594e-01 4.182951152324676514e-01 7.596911191940307617e-01 7.852223515510559082e-01 4.641558527946472168e-01 3.065126240253448486e-01
7.438500225543975830e-02 7.575938105583190918e-01 9.661374986171722412e-02 4.223677515983581543e-01 1.293262541294097900e-01 1.305421143770217896e-01 1.673776656389236450e-01 9.704551100730895996e-02 7.007130980491638184e-01 6.858662515878677368e-02 4.705803096294403076e-01 2.113567292690277100e-01 5.878099799156188965e-01 5.542084574699401855e-01
7.455474734306335449e-01 5.300335288047790527e-01 7.741000037640333176e-03 9.078674912452697754e-01 9.026939868927001953e-01 6.327807903289794922e-01 6.027470231056213379e-01 8.017458915710449219e-01 5.720216035842895508e-01 5.847850069403648376e-02 7.425634860992431641e-01 8.564991950988769531e-01 5.542708039283752441e-01 6.213954091072082520e-01
9.295250177383422852e-01 8.151946663856506348e-01 9.061702489852905273e-01 4.047070145606994629e-01 9.129790067672729492e-01 7.690424323081970215e-01 9.433133155107498169e-02 9.285430908203125000e-01 4.288750290870666504e-01 4.251052439212799072e-01 4.579881429672241211e-01 9.261533617973327637e-01 5.967175960540771484e-01 4.047455787658691406e-01
4.920449852943420410e-01 8.141611814498901367e-01 9.446147680282592773e-01 1.594575047492980957e-01 3.929964900016784668e-01 3.560666739940643311e-01 7.838143110275268555e-01 5.067582726478576660e-01 5.128492712974548340e-01 4.613668918609619141e-01 4.102627635002136230e-01 4.039662778377532959e-01 4.516563415527343750e-01 3.726970553398132324e-01
4.493550062179565430e-01 5.989211797714233398e-01 4.402562379837036133e-01 2.873030006885528564e-01 2.712412476539611816e-01 8.570153713226318359e-01 4.475066810846328735e-02 4.260030686855316162e-01 5.301771759986877441e-01 4.412578940391540527e-01 2.989323437213897705e-01 3.577379286289215088e-01 5.180860757827758789e-01 3.853804469108581543e-01
9.980524778366088867e-01 3.132088184356689453e-01 3.932177424430847168e-01 9.289224743843078613e-01 5.947847366333007812e-01 4.333557486534118652e-01 8.870372176170349121e-01 9.397905468940734863e-01 2.697891891002655029e-01 5.526191592216491699e-01 8.200252056121826172e-01 6.766738891601562500e-01 5.745413303375244141e-01 5.395122170448303223e-01
2.360000014305114746e-01 2.570591568946838379e-01 7.041049748659133911e-02 8.099374771118164062e-01 4.919882416725158691e-01 3.334451615810394287e-01 1.488646715879440308e-01 3.748067617416381836e-01 4.483584761619567871e-01 3.318592011928558350e-01 7.378876209259033203e-01 5.406652688980102539e-01 4.488848745822906494e-01 5.946145653724670410e-01
1.435675024986267090e-01 6.907453536987304688e-01 5.505930185317993164e-01 5.306749939918518066e-01 5.915372371673583984e-01 4.775111079216003418e-01 2.768793404102325439e-01 1.786691248416900635e-01 5.240632295608520508e-01 5.573266148567199707e-01 5.073829889297485352e-01 7.145997285842895508e-01 4.358503520488739014e-01 4.902618229389190674e-01
8.747624754905700684e-01 4.096686542034149170e-01 7.249632477760314941e-01 2.324704974889755249e-01 6.159027218818664551e-01 3.981615006923675537e-01 4.987636804580688477e-01 7.511076927185058594e-01 5.098226666450500488e-01 5.235823988914489746e-01 5.915272831916809082e-01 4.934807419776916504e-01 3.774426579475402832e-01 3.157410025596618652e-01
2.054374963045120239e-01 6.829001903533935547e-01 7.840482592582702637e-01 2.582890093326568604e-01 7.161042690277099609e-01 8.399477601051330566e-01 4.234276711940765381e-01 2.349698543548583984e-01 4.630890488624572754e-01 5.185729265213012695e-01 3.033843338489532471e-01 8.352466821670532227e-01 5.104894042015075684e-01 4.609325826168060303e-01
4.500474929809570312e-01 2.326668351888656616e-01 9.079660177230834961e-01 1.801335066556930542e-01 5.342885255813598633e-01 2.043447494506835938e-01 1.150529980659484863e-01 4.783381819725036621e-01 3.327214419841766357e-01 5.902253985404968262e-01 5.271866917610168457e-01 4.890148043632507324e-01 4.575473368167877197e-01 4.210375845432281494e-01
1.716125011444091797e-01 7.104644775390625000e-01 7.644727230072021484e-01 5.839449763298034668e-01 1.502449996769428253e-02 9.150173664093017578e-01 7.523478865623474121e-01 1.547782421112060547e-01 4.865809082984924316e-01 3.721864223480224609e-01 6.275840401649475098e-01 7.963389903306961060e-02 4.859885871410369873e-01 6.404612660408020020e-01
2.315649986267089844e-01 1.944424957036972046e-01 6.003869771957397461e-01 8.320999741554260254e-01 5.329484939575195312e-01 4.115415215492248535e-01 4.217476546764373779e-01 2.870449721813201904e-01 2.527804076671600342e-01 7.215642929077148438e-01 7.813783884048461914e-01 5.392287373542785645e-01 4.319701492786407471e-01 5.085580348968505859e-01
6.484450101852416992e-01 3.091376721858978271e-01 8.949152231216430664e-01 9.953299760818481445e-01 8.896415233612060547e-01 2.444833368062973022e-01 8.710507154464721680e-01 7.766916751861572266e-01 3.303299248218536377e-01 6.737028360366821289e-01 9.109075665473937988e-01 8.183769583702087402e-01 3.579970300197601318e-01 4.269281029701232910e-01
6.493849754333496094e-01 5.262169837951660156e-01 4.916684925556182861e-01 5.990675091743469238e-01 1.798194944858551025e-01 8.192878961563110352e-01 7.851254343986511230e-01 6.569725871086120605e-01 5.011622309684753418e-01 4.259770214557647705e-01 4.899621605873107910e-01 1.183533221483230591e-01 4.396978318691253662e-01 4.465801417827606201e-01
6.808475255966186523e-01 7.847478389739990234e-01 7.625892758369445801e-01 8.105875253677368164e-01 6.292449831962585449e-01 8.035141229629516602e-01 1.528780013322830200e-01 6.486132144927978516e-01 5.670492649078369141e-01 4.335236847400665283e-01 7.453716397285461426e-01 6.306367516517639160e-01 3.264591395854949951e-01 3.941457271575927734e-01
9.498599767684936523e-01 8.278484940528869629e-01 3.469137549400329590e-01 6.138399839401245117e-01 2.481924928724765778e-02 3.502866625785827637e-01 8.328256607055664062e-01 9.349946975708007812e-01 4.710644185543060303e-01 1.983121931552886963e-01 8.438336253166198730e-01 4.989564418792724609e-02 4.479636847972869873e-01 6.344926953315734863e-01
7.040600180625915527e-01 2.445831596851348877e-01 5.179657340049743652e-01 3.014979958534240723e-01 6.944412589073181152e-01 7.953236103057861328e-01 9.188633412122726440e-02 6.374678015708923340e-01 3.146269023418426514e-01 4.506913423538208008e-01 3.847078382968902588e-01 7.531201839447021484e-01 6.047577261924743652e-01 5.404992699623107910e-01
5.308874845504760742e-01 8.255511522293090820e-01 8.138550072908401489e-02 3.859654963016510010e-01 4.395889937877655029e-01 4.801411032676696777e-01 2.096209973096847534e-01 5.265826582908630371e-01 6.154574155807495117e-01 9.158488363027572632e-02 5.274362564086914062e-01 4.616715013980865479e-01 5.336638689041137695e-01 4.984219074249267578e-01
6.973925232887268066e-01 5.711896419525146484e-01 1.401317566633224487e-01 1.142439991235733032e-01 8.223302364349365234e-01 7.226148247718811035e-01 1.778446733951568604e-01 6.015770435333251953e-01 4.828689396381378174e-01 1.875774264335632324e-01 3.203918933868408203e-01 8.413694500923156738e-01 5.642027258872985840e-01 5.138757228851318359e-01
3.714250028133392334e-02 6.853228211402893066e-01 2.552727460861206055e-01 4.187070131301879883e-01 6.025524735450744629e-01 3.562717139720916748e-02 6.077539920806884766e-01 8.022876828908920288e-02 6.617836356163024902e-01 3.550258874893188477e-01 2.983961403369903564e-01 6.838101744651794434e-01 4.445312023162841797e-01 4.788055419921875000e-01
1.447850018739700317e-01 5.353046655654907227e-01 2.610259950160980225e-01 9.536749720573425293e-01 1.336022466421127319e-01 4.159683883190155029e-01 1.277299970388412476e-02 2.311368733644485474e-01 5.069794058799743652e-01 3.340845704078674316e-01 8.073742389678955078e-01 2.852121889591217041e-01 3.651937246322631836e-01 6.164324879646301270e-01
5.474724769592285156e-01 8.194954991340637207e-01 2.571560144424438477e-01 1.945742517709732056e-01 2.209209948778152466e-01 1.819355487823486328e-01 4.850936532020568848e-01 4.984755516052246094e-01 6.107915639877319336e-01 3.693564832210540771e-01 2.376896589994430542e-01 2.558782398700714111e-01 5.533993244171142578e-01 3.456085026264190674e-01
8.212425112724304199e-01 7.582646608352661133e-01 7.158439755439758301e-01 5.180000066757202148e-01 2.457029968500137329e-01 2.013582885265350342e-01 7.482120394706726074e-01 9.592992663383483887e-01 5.827980637550354004e-01 3.839073777198791504e-01 6.084213256835937500e-01 2.879857122898101807e-01 4.635791778564453125e-01 3.157306015491485596e-01
6.419150233268737793e-01 6.205558180809020996e-01 3.441385030746459961e-01 9.354575276374816895e-01 3.605602383613586426e-01 5.372315049171447754e-01 1.679863333702087402e-01 6.343581080436706543e-01 5.794567465782165527e-01 4.189388453960418701e-01 5.782529115676879883e-01 3.904754817485809326e-01 3.791235983371734619e-01 3.492596149444580078e-01
2.642774879932403564e-01 3.649694919586181641e-01 5.531514883041381836e-01 5.063325166702270508e-01 1.449369937181472778e-01 8.870480060577392578e-01 9.732766449451446533e-02 2.180451154708862305e-01 4.581741094589233398e-01 6.022223830223083496e-01 4.892400503158569336e-01 2.048549801111221313e-01 4.380642473697662354e-01 4.071218371391296387e-01
1.867524981498718262e-01 6.023071408271789551e-01 3.728710114955902100e-01 2.146992534399032593e-01 7.239530086517333984e-01 9.343560338020324707e-01 5.959119796752929688e-01 1.570567637681961060e-01 5.278549194335937500e-01 3.418851792812347412e-01 1.757614612579345703e-01 7.616774439811706543e-01 5.291676521301269531e-01 4.713330268859863281e-01
1.152774989604949951e-01 7.734618186950683594e-01 8.898157477378845215e-01 3.256124854087829590e-01 9.327022433280944824e-01 6.689997762441635132e-02 8.019927144050598145e-01 9.876894205808639526e-02 5.810778141021728516e-01 6.852592825889587402e-01 4.462352097034454346e-01 9.287212491035461426e-01 4.097844064235687256e-01 3.754079043865203857e-01
3.015075027942657471e-01 3.536486625671386719e-01 4.645090103149414062e-01 7.456949949264526367e-01 9.170609712600708008e-01 8.256681561470031738e-01 9.979915022850036621e-01 3.425789475440979004e-01 3.448830544948577881e-01 5.047810077667236328e-01 5.637845396995544434e-01 7.099154591560363770e-01 6.018015146255493164e-01 6.445317864418029785e-01
3.052349984645843506e-01 2.299216687679290771e-01 3.813264966011047363e-01 2.811250090599060059e-02 6.477875113487243652e-01 9.154051542282104492e-01 9.160826802253723145e-01 2.218549251556396484e-01 3.964589238166809082e-01 4.566566944122314453e-01 3.268615305423736572e-01 5.115343332290649414e-01 6.281688213348388672e-01 6.394726037979125977e-01
8.898299932479858398e-01 7.019508481025695801e-01 8.754077553749084473e-01 8.941900134086608887e-01 6.813847422599792480e-01 5.231255292892456055e-01 2.971239984035491943e-01 9.516775012016296387e-01 4.891963601112365723e-01 6.163316965103149414e-01 8.256915807723999023e-01 7.052677869796752930e-01 3.790369629859924316e-01 2.968150675296783447e-01
1.042400002479553223e-01 6.695755124092102051e-01 4.081789851188659668e-01 2.852660119533538818e-01 1.068142503499984741e-01 1.763645410537719727e-01 5.024903416633605957e-01 1.399777531623840332e-01 6.281712055206298828e-01 5.800636410713195801e-01 3.431852161884307861e-01 2.026998847723007202e-01 4.876704812049865723e-01 3.993422985076904297e-01
6.421999633312225342e-02 7.808668613433837891e-01 4.603349864482879639e-01 5.461775064468383789e-01 5.009622573852539062e-01 6.578851342201232910e-01 1.071106642484664917e-01 7.090537995100021362e-02 6.507307887077331543e-01 3.095862865447998047e-01 2.185075730085372925e-01 7.970853447914123535e-01 4.579947888851165771e-01 4.781014323234558105e-01
8.832349777221679688e-01 5.240583419799804688e-01 1.805957555770874023e-01 5.900899767875671387e-01 1.062320023775100708e-01 5.846139192581176758e-01 3.791600093245506287e-02 9.435555338859558105e-01 5.400561690330505371e-01 2.903536856174468994e-01 5.061591863632202148e-01 1.749248355627059937e-01 5.674753785133361816e-01 4.172376990318298340e-01
8.635699748992919922e-01 8.196914792060852051e-01 9.688469767570495605e-01 5.868625044822692871e-01 6.652867794036865234e-01 6.388631463050842285e-01 2.263583391904830933e-01 9.565349817276000977e-01 5.142251253128051758e-01 4.347091317176818848e-01 5.732485651969909668e-01 7.869946956634521484e-01 5.390750765800476074e-01 3.343615829944610596e-01
7.625100016593933105e-01 2.794791758060455322e-01 3.493887484073638916e-01 9.111124873161315918e-01 9.305689930915832520e-01 6.499826908111572266e-02 4.571963250637054443e-01 7.258249521255493164e-01 3.885377645492553711e-01 6.581389307975769043e-01 8.300223350524902344e-01 8.822906613349914551e-01 4.019175767898559570e-01 4.241136610507965088e-01
3.069674968719482422e-01 2.686223387718200684e-01 6.135209798812866211e-01 7.313575148582458496e-01 1.791490018367767334e-01 6.060931086540222168e-01 3.482060134410858154e-01 3.320187330245971680e-01 2.602342069149017334e-01 6.310659050941467285e-01 6.712752580642700195e-01 2.119046002626419067e-01 4.233159422874450684e-01 5.287495255470275879e-01
3.541750013828277588e-01 6.397448182106018066e-01 6.536882519721984863e-01 8.935624957084655762e-01 5.817695260047912598e-01 4.228020310401916504e-01 1.015396639704704285e-01 5.085880756378173828e-01 3.627227842807769775e-01 4.365829527378082275e-01 7.717814445495605469e-01 7.453811764717102051e-01 4.674540460109710693e-01 5.874424576759338379e-01
2.002625018358230591e-01 3.212423324584960938e-01 3.642842471599578857e-01 8.671749830245971680e-01 9.112039804458618164e-01 7.709363698959350586e-01 6.265209913253784180e-01 2.464447617530822754e-01 2.847444713115692139e-01 6.592229008674621582e-01 6.678408384323120117e-01 9.332904815673828125e-01 6.691774725914001465e-01 6.496182084083557129e-01
8.632224798202514648e-01 1.740638315677642822e-01 6.831627488136291504e-01 5.091050267219543457e-01 8.231530189514160156e-01 3.628678917884826660e-01 4.153863191604614258e-01 8.171233534812927246e-01 4.491470456123352051e-01 5.865986943244934082e-01 6.854904294013977051e-01 7.431416511535644531e-01 3.994421660900115967e-01 3.479124009609222412e-01
8.594124913215637207e-01 7.282714843750000000e-01 6.899717450141906738e-01 3.089725039899349213e-02 4.734137356281280518e-01 4.481248557567596436e-01 9.208466410636901855e-01 8.301600813865661621e-01 4.715451002120971680e-01 4.635431170463562012e-01 4.252327978610992432e-01 3.898241817951202393e-01 5.083264708518981934e-01 3.690434992313385010e-01
4.599300026893615723e-01 2.584826648235321045e-01 8.435419797897338867e-01 1.000557467341423035e-01 1.492130011320114136e-01 6.562843322753906250e-01 1.932086646556854248e-01 4.120834469795227051e-01 3.078764975070953369e-01 6.284962892532348633e-01 2.939477562904357910e-01 1.379708647727966309e-01 5.403988361358642578e-01 5.556850433349609375e-01
9.050250053405761719e-02 5.558493137359619141e-01 5.175117254257202148e-01 8.112124800682067871e-01 6.077859997749328613e-01 1.421558558940887451e-01 4.484433233737945557e-01 1.036481708288192749e-01 5.284501314163208008e-01 6.822254657745361328e-01 7.981201410293579102e-01 7.199917435646057129e-01 3.537157773971557617e-01 5.476140975952148438e-01
1.651725023984909058e-01 6.740713119506835938e-01 4.668417572975158691e-01 7.212150096893310547e-01 3.464494943618774414e-01 2.908519208431243896e-01 6.307326555252075195e-01 2.483152598142623901e-01 4.869149029254913330e-01 5.078419446945190430e-01 7.052201628684997559e-01 5.061509013175964355e-01 3.729889094829559326e-01 5.497409105300903320e-01
2.065324932336807251e-01 2.816611528396606445e-01 1.655890047550201416e-01 4.830805063247680664e-01 5.813105106353759766e-01 5.318204164505004883e-01 3.679130077362060547e-01 2.670090198516845703e-01 3.766442835330963135e-01 4.250627458095550537e-01 5.336539149284362793e-01 6.629381179809570312e-01 6.339017152786254883e-01 6.922529339790344238e-01
2.240474969148635864e-01 4.798958301544189453e-01 7.749292254447937012e-01 9.883999824523925781e-01 7.860124856233596802e-02 5.054787993431091309e-01 6.728756427764892578e-01 2.102609276771545410e-01 2.738056182861328125e-01 6.452040672302246094e-01 8.600994348526000977e-01 9.180280566215515137e-02 3.344495296478271484e-01 5.991862416267395020e-01
5.416975021362304688e-01 6.685218214988708496e-01 4.935140013694763184e-01 2.465650066733360291e-02 5.878254771232604980e-01 6.987134218215942383e-01 3.131889998912811279e-01 4.763899743556976318e-01 5.430903434753417969e-01 3.792577385902404785e-01 3.606194853782653809e-01 5.521969199180603027e-01 4.742227494716644287e-01 4.051337242126464844e-01
7.552700042724609375e-01 2.058493345975875854e-01 4.871369898319244385e-01 6.214749813079833984e-01 6.112792491912841797e-01 2.835598886013031006e-01 5.896919965744018555e-01 7.371721863746643066e-01 4.975625574588775635e-01 5.220772027969360352e-01 6.271341443061828613e-01 5.013530254364013672e-01 3.713363409042358398e-01 3.318185210227966309e-01
8.721749782562255859e-01 4.224916696548461914e-01 2.696232497692108154e-01 5.294724702835083008e-01 8.450499922037124634e-02 8.036802709102630615e-02 7.970975041389465332e-01 9.579824805259704590e-01 5.054954886436462402e-01 3.253294527530670166e-01 6.429634094238281250e-01 6.181893497705459595e-02 4.917150735855102539e-01 4.843145012855529785e-01
5.297974944114685059e-01 2.267381697893142700e-01 9.610419869422912598e-01 3.573409914970397949e-01 3.243822455406188965e-01 1.476016193628311157e-01 3.081533312797546387e-02 6.729467511177062988e-01 3.131899237632751465e-01 5.560921430587768555e-01 5.552194118499755859e-01 3.242206573486328125e-01 4.591662883758544922e-01 4.901447594165802002e-01
2.504475116729736328e-01 2.833483219146728516e-01 4.003742635250091553e-01 5.166199803352355957e-01 8.828527331352233887e-01 6.694873571395874023e-01 7.449062466621398926e-01 3.033384084701538086e-01 2.803411781787872314e-01 6.143042445182800293e-01 5.132412910461425781e-01 9.020190834999084473e-01 6.650934219360351562e-01 6.318555474281311035e-01
1.127125024795532227e-01 2.877111732959747314e-01 2.880587577819824219e-01 9.813699722290039062e-01 1.177722513675689697e-01 6.219356656074523926e-01 1.769309937953948975e-01 1.073500737547874451e-01 3.811804652214050293e-01 4.396909773349761963e-01 8.375362157821655273e-01 1.013675779104232788e-01 4.547569155693054199e-01 8.168408870697021484e-01
8.195599913597106934e-01 4.422656595706939697e-01 7.440090179443359375e-01 7.224174737930297852e-01 8.534552454948425293e-01 1.439448446035385132e-01 1.702986657619476318e-01 8.656194210052490234e-01 5.245351195335388184e-01 5.618936419486999512e-01 8.072320222854614258e-01 8.363990187644958496e-01 3.565859794616699219e-01 3.577609956264495850e-01
1.588474959135055542e-01 4.303905069828033447e-01 2.112354934215545654e-01 8.250399678945541382e-02 4.347400069236755371e-01 5.471823215484619141e-01 9.030123353004455566e-01 1.525676101446151733e-01 4.849094748497009277e-01 2.824048697948455811e-01 3.969447612762451172e-01 3.165881931781768799e-01 6.592256426811218262e-01 6.609995365142822266e-01
2.307025045156478882e-01 7.518898248672485352e-01 4.819582402706146240e-01 9.245675206184387207e-01 6.715862751007080078e-01 2.127910107374191284e-01 3.505496680736541748e-01 2.296380400657653809e-01 6.153368353843688965e-01 5.562072992324829102e-01 8.915225267410278320e-01 8.055600523948669434e-01 2.313666790723800659e-01 4.864082932472229004e-01
8.450599908828735352e-01 8.086674809455871582e-01 3.377422392368316650e-01 9.776399731636047363e-01 1.778647452592849731e-01 7.802458405494689941e-01 5.932933092117309570e-01 9.143760204315185547e-01 6.406337022781372070e-01 2.045352607965469360e-01 7.181400656700134277e-01 2.864156067371368408e-01 4.646047055721282959e-01 3.933391869068145752e-01
7.982999831438064575e-02 2.523464858531951904e-01 4.447687566280364990e-01 3.116492629051208496e-01 9.649107456207275391e-01 2.590162754058837891e-01 3.339713215827941895e-01 5.469638481736183167e-02 5.388096570968627930e-01 8.262240290641784668e-01 5.087819695472717285e-01 8.487304449081420898e-01 4.677868485450744629e-01 3.681372702121734619e-01
8.058149814605712891e-01 6.100363135337829590e-01 6.687927246093750000e-01 9.147725105285644531e-01 7.714497447013854980e-01 2.177344411611557007e-01 2.561233378946781158e-02 8.565126061439514160e-01 4.893915653228759766e-01 5.813155770301818848e-01 8.278300762176513672e-01 8.047562241554260254e-01 3.522314131259918213e-01 3.639868795871734619e-01
7.192649841308593750e-01 7.686201930046081543e-01 2.673182487487792969e-01 5.070800185203552246e-01 6.556162238121032715e-01 5.536083579063415527e-01 5.703963041305541992e-01 7.365196347236633301e-01 5.061000585556030273e-01 1.411368697881698608e-01 5.102749466896057129e-01 6.890692710876464844e-01 5.552278161048889160e-01 5.135082602500915527e-01
3.285799920558929443e-01 1.742128282785415649e-01 7.692499756813049316e-01 7.350174784660339355e-01 5.880115032196044922e-01 7.006379961967468262e-01 9.078453183174133301e-01 3.143056333065032959e-01 2.007575780153274536e-01 6.862130165100097656e-01 7.437277436256408691e-01 6.181879639625549316e-01 5.568093657493591309e-01 7.330802083015441895e-01
7.492200136184692383e-01 6.012636423110961914e-01 2.865747511386871338e-01 4.755609929561614990e-01 2.049469947814941406e-01 4.405696988105773926e-01 2.813056707382202148e-01 7.218365073204040527e-01 4.982833266258239746e-01 4.398501813411712646e-01 4.468547701835632324e-01 2.056816965341567993e-01 4.583970308303833008e-01 4.042129814624786377e-01
1.658699959516525269e-01 4.959684908390045166e-01 9.346642494201660156e-01 8.718400001525878906e-01 5.821499824523925781e-01 6.459947228431701660e-01 7.166654467582702637e-01 1.504927873611450195e-01 3.196119368076324463e-01 7.610292434692382812e-01 6.753581762313842773e-01 6.538403034210205078e-01 5.012276172637939453e-01 6.088423728942871094e-01
6.464049816131591797e-01 3.320885002613067627e-01 5.331119894981384277e-01 9.863100200891494751e-02 2.601794898509979248e-01 7.171387672424316406e-01 9.348137974739074707e-01 5.016019344329833984e-01 4.585536420345306396e-01 4.797707796096801758e-01 3.635117411613464355e-01 1.141333058476448059e-01 5.090984702110290527e-01 5.043977499008178711e-01
8.904625177383422852e-01 4.613531529903411865e-01 4.721432626247406006e-01 5.135524868965148926e-01 3.900157511234283447e-01 4.170095026493072510e-01 3.518146574497222900e-01 9.484661221504211426e-01 4.581155180931091309e-01 4.538033604621887207e-01 5.455374121665954590e-01 5.568023920059204102e-01 5.473377108573913574e-01 3.567602038383483887e-01
4.302625060081481934e-01 2.810098230838775635e-01 7.762432694435119629e-01 5.599550008773803711e-01 3.048110008239746094e-01 3.174351453781127930e-01 3.220919966697692871e-01 5.279226303100585938e-01 3.132411241531372070e-01 5.426144599914550781e-01 5.440014004707336426e-01 3.701520264148712158e-01 4.715063571929931641e-01 5.174868106842041016e-01
4.358499869704246521e-02 5.277578234672546387e-01 8.832332491874694824e-01 9.970074892044067383e-01 5.555642247200012207e-01 5.639045238494873047e-01 9.356014728546142578e-01 1.719305850565433502e-02 4.038330018520355225e-01 8.366959095001220703e-01 8.816027641296386719e-01 5.087512731552124023e-01 3.930644989013671875e-01 8.166735172271728516e-01
5.321099758148193359e-01 2.957693338394165039e-01 2.727074921131134033e-01 9.602950215339660645e-01 3.113592565059661865e-01 7.684116363525390625e-01 1.962223351001739502e-01 4.970123469829559326e-01 3.901382386684417725e-01 4.792650043964385986e-01 6.202824711799621582e-01 3.822599053382873535e-01 4.090798497200012207e-01 4.878301322460174561e-01
9.889224767684936523e-01 4.733573198318481445e-01 7.809439897537231445e-01 4.756850004196166992e-01 5.477662682533264160e-01 9.675707221031188965e-01 5.898826718330383301e-01 9.359465241432189941e-01 2.286295145750045776e-01 6.449225544929504395e-01 6.002969145774841309e-01 6.988075375556945801e-01 5.983917713165283203e-01 4.527997970581054688e-01
8.844900131225585938e-01 7.488093376159667969e-01 3.287997543811798096e-01 7.859749794006347656e-01 9.571449756622314453e-01 1.469782888889312744e-01 1.796603351831436157e-01 8.282108902931213379e-01 5.223919749259948730e-01 5.178490281105041504e-01 6.548895835876464844e-01 8.999037742614746094e-01 4.294106364250183105e-01 3.853704333305358887e-01
1.406275033950805664e-01 5.856565237045288086e-01 4.085149988532066345e-02 3.983109891414642334e-01 9.426630139350891113e-01 7.315694093704223633e-01 8.165760040283203125e-01 8.852601051330566406e-02 6.342284679412841797e-01 1.539034694433212280e-01 4.047568514943122864e-02 9.571114182472229004e-01 4.893919229507446289e-01 3.916114270687103271e-01
5.027449727058410645e-01 5.095480084419250488e-01 8.963407278060913086e-01 1.512337476015090942e-01 4.184592366218566895e-01 9.644466638565063477e-01 3.596040010452270508e-01 4.569580852985382080e-01 4.517507255077362061e-01 5.372095108032226562e-01 3.694647848606109619e-01 4.228884875774383545e-01 4.738688170909881592e-01 3.741568326950073242e-01
7.180075049400329590e-01 5.600948333740234375e-01 5.534625053405761719e-01 4.424625039100646973e-01 3.334434926509857178e-01 8.625479936599731445e-01 5.140339732170104980e-01 6.464754939079284668e-01 5.541286468505859375e-01 4.945020377635955811e-01 4.662719368934631348e-01 2.623833119869232178e-01 4.026613235473632812e-01 3.274873495101928711e-01
8.111425042152404785e-01 3.810715079307556152e-01 9.915145039558410645e-01 9.932625293731689453e-01 7.405955195426940918e-01 7.845013141632080078e-01 3.326849937438964844e-01 8.697392344474792480e-01 2.383463680744171143e-01 6.817353963851928711e-01 8.942055702209472656e-01 8.152835369110107422e-01 4.789775013923645020e-01 4.750761091709136963e-01
4.876824915409088135e-01 4.412226676940917969e-01 1.316102445125579834e-01 8.695049881935119629e-01 4.777505099773406982e-01 3.954051434993743896e-01 5.039799958467483521e-02 6.055678129196166992e-01 4.459455311298370361e-01 2.305275499820709229e-01 6.223379969596862793e-01 5.524789094924926758e-01 5.156781673431396484e-01 5.482695102691650391e-01
5.334299802780151367e-01 2.057266682386398315e-01 7.236487269401550293e-01 2.885389924049377441e-01 7.802265286445617676e-01 7.101064920425415039e-01 5.062836408615112305e-01 5.140163302421569824e-01 2.934512794017791748e-01 6.039887666702270508e-01 5.092142820358276367e-01 7.589324712753295898e-01 5.516045689582824707e-01 4.772585332393646240e-01
5.403274893760681152e-01 2.234033346176147461e-01 3.753154873847961426e-01 5.154374837875366211e-01 2.419465035200119019e-01 6.113628149032592773e-01 8.194503188133239746e-01 5.341909527778625488e-01 3.731383979320526123e-01 4.665798842906951904e-01 5.404425859451293945e-01 1.637395620346069336e-01 4.553883075714111328e-01 5.603236556053161621e-01
2.090924978256225586e-01 7.794713377952575684e-01 5.002560019493103027e-01 8.273224830627441406e-01 3.914034962654113770e-01 2.420175820589065552e-02 7.428545951843261719e-01 3.120769560337066650e-01 5.569473505020141602e-01 4.989806413650512695e-01 6.595497727394104004e-01 4.948126375675201416e-01 3.335294723510742188e-01 4.229129552841186523e-01
8.623449802398681641e-01 6.626321673393249512e-01 2.115387469530105591e-01 8.975399732589721680e-01 1.212925016880035400e-01 7.023661732673645020e-01 4.856886565685272217e-01 9.150418043136596680e-01 5.390380620956420898e-01 2.780923247337341309e-01 6.915930509567260742e-01 1.534378528594970703e-01 4.602236151695251465e-01 4.541049599647521973e-01
4.557699859142303467e-01 2.035633325576782227e-01 6.224024891853332520e-01 5.323650240898132324e-01 9.583024978637695312e-01 4.734882712364196777e-01 8.875754475593566895e-01 4.601516127586364746e-01 2.310788035392761230e-01 6.619906425476074219e-01 6.734894514083862305e-01 8.873063325881958008e-01 6.285319924354553223e-01 5.980436801910400391e-01
8.217500150203704834e-02 4.042528271675109863e-01 2.633709907531738281e-01 5.008850097656250000e-01 7.902914881706237793e-01 1.384773701429367065e-01 6.386073231697082520e-01 1.518926918506622314e-01 4.747115075588226318e-01 5.363090038299560547e-01 5.418372750282287598e-01 7.089331746101379395e-01 4.806260168552398682e-01 5.595983266830444336e-01
2.077874988317489624e-01 7.193776369094848633e-01 4.863577485084533691e-01 4.365715086460113525e-01 9.227727651596069336e-01 4.660186767578125000e-01 5.291499942541122437e-02 1.650192588567733765e-01 4.477437436580657959e-01 5.875685811042785645e-01 2.647248506546020508e-01 9.664397239685058594e-01 5.376040935516357422e-01 4.320173859596252441e-01
4.823800027370452881e-01 6.737746596336364746e-01 8.059129714965820312e-01 1.223495006561279297e-01 7.907500267028808594e-01 7.789705991744995117e-01 8.932219743728637695e-01 5.364324450492858887e-01 3.442501127719879150e-01 3.761123120784759521e-01 4.901399016380310059e-01 8.085483312606811523e-01 6.221219897270202637e-01 6.055492162704467773e-01
9.685925245285034180e-01 4.140959978103637695e-01 8.527389764785766602e-01 7.307599782943725586e-01 9.126800298690795898e-02 4.492133259773254395e-01 4.995933175086975098e-02 9.805377125740051270e-01 1.612847149372100830e-01 5.942567586898803711e-01 9.326216578483581543e-01 1.620760858058929443e-01 4.294751286506652832e-01 7.088285088539123535e-01
9.897900223731994629e-01 5.829196572303771973e-01 1.453949958086013794e-01 2.517459988594055176e-01 6.864047646522521973e-01 6.584630012512207031e-01 6.456410288810729980e-01 8.277239203453063965e-01 3.454663157463073730e-01 3.100899159908294678e-01 4.104667007923126221e-01 7.842145562171936035e-01 6.943368911743164062e-01 5.542990565299987793e-01
5.386974811553955078e-01 4.717078208923339844e-01 5.466474890708923340e-01 5.241150259971618652e-01 9.801027774810791016e-01 8.318531513214111328e-01 4.672723412513732910e-01 5.553609728813171387e-01 4.049659073352813721e-01 4.842732250690460205e-01 4.398577511310577393e-01 9.165416359901428223e-01 5.269170403480529785e-01 4.816909730434417725e-01
9.927750229835510254e-01 2.767311632633209229e-01 8.149319887161254883e-01 7.502725124359130859e-01 7.623825073242187500e-01 8.075518012046813965e-01 5.116379857063293457e-01 8.898481130599975586e-01 2.381279915571212769e-01 6.456232666969299316e-01 7.515480518341064453e-01 7.285221219062805176e-01 5.170924067497253418e-01 4.467360675334930420e-01
3.990199863910675049e-01 2.346338331699371338e-01 8.860499598085880280e-03 5.298200249671936035e-01 1.841422468423843384e-01 9.893446564674377441e-01 6.010853052139282227e-01 3.063787817955017090e-01 4.975239932537078857e-01 1.782049089670181274e-01 4.584099054336547852e-01 1.138673275709152222e-01 6.115461587905883789e-01 5.644408464431762695e-01
2.251800000667572021e-01 6.177623271942138672e-01 8.442917466163635254e-01 4.716185033321380615e-01 7.483630180358886719e-01 6.845041513442993164e-01 1.784026622772216797e-01 2.590719759464263916e-01 3.948043286800384521e-01 6.363184452056884766e-01 4.933211207389831543e-01 8.576188087463378906e-01 5.407884120941162109e-01 4.914278090000152588e-01
6.615149974822998047e-01 4.841718375682830811e-01 8.136177659034729004e-01 6.965249776840209961e-01 5.985814929008483887e-01 1.196264624595642090e-01 4.875413477420806885e-01 6.439854502677917480e-01 3.788698911666870117e-01 5.721226930618286133e-01 7.569645047187805176e-01 6.043239831924438477e-01 3.663200736045837402e-01 4.241406619548797607e-01
2.118825018405914307e-01 5.305439829826354980e-01 4.217147529125213623e-01 8.362525105476379395e-01 6.373779773712158203e-01 3.057251572608947754e-01 9.551899880170822144e-02 2.823355197906494141e-01 4.070660173892974854e-01 5.355747342109680176e-01 7.927028536796569824e-01 7.793073654174804688e-01 4.534051418304443359e-01 6.040181517601013184e-01
2.107125073671340942e-01 6.612021923065185547e-01 9.766765236854553223e-01 5.544275045394897461e-01 5.391610264778137207e-01 7.118383646011352539e-01 6.030480265617370605e-01 2.419490069150924683e-01 5.039526820182800293e-01 5.439154505729675293e-01 6.541383862495422363e-01 5.993065834045410156e-01 3.806741237640380859e-01 5.071204304695129395e-01
2.731449902057647705e-01 2.497496604919433594e-01 2.055637538433074951e-01 3.289087414741516113e-01 9.290124773979187012e-01 7.428917884826660156e-01 6.367613077163696289e-01 3.132551014423370361e-01 3.997100591659545898e-01 4.506921172142028809e-01 3.035616576671600342e-01 8.793262243270874023e-01 5.539181828498840332e-01 5.172577500343322754e-01
1.099374964833259583e-01 8.203533291816711426e-01 3.436962366104125977e-01 4.942519962787628174e-01 7.096842527389526367e-01 6.930471658706665039e-01 6.743325591087341309e-01 6.688971072435379028e-02 6.817870140075683594e-01 3.803764283657073975e-01 8.873248100280761719e-02 9.125311970710754395e-01 4.632620215415954590e-01 3.501923382282257080e-01
2.014500088989734650e-02 1.732639968395233154e-01 4.892455041408538818e-01 1.087822467088699341e-01 1.699250005185604095e-02 2.432075738906860352e-01 6.785438060760498047e-01 8.951615542173385620e-03 3.480371832847595215e-01 8.639347553253173828e-01 3.157856166362762451e-01 3.314594272524118423e-03 6.294848322868347168e-01 6.873423457145690918e-01
1.843499988317489624e-01 4.640919864177703857e-01 2.547335028648376465e-01 7.003600001335144043e-01 7.372199743986129761e-02 7.555744647979736328e-01 9.924200177192687988e-02 1.980941295623779297e-01 4.509824812412261963e-01 3.437962532043457031e-01 5.326753854751586914e-01 1.312341988086700439e-01 5.560449361801147461e-01 6.277658939361572266e-01
1.695374995470046997e-01 3.830703198909759521e-01 6.557847261428833008e-01 3.081764876842498779e-01 2.749992609024047852e-01 4.547604918479919434e-01 3.954069912433624268e-01 1.855259388685226440e-01 4.015908837318420410e-01 6.951969861984252930e-01 5.219069123268127441e-01 2.972855567932128906e-01 4.411142468452453613e-01 3.680348992347717285e-01
7.851099967956542969e-01 2.838208377361297607e-01 4.859574884176254272e-02 7.275325059890747070e-01 6.494047641754150391e-01 2.689580917358398438e-01 2.365169972181320190e-01 8.068760037422180176e-01 4.076447486877441406e-01 2.394634634256362915e-01 5.738770961761474609e-01 7.437924742698669434e-01 5.955594778060913086e-01 5.482826232910156250e-01
1.243700012564659119e-01 4.635013341903686523e-01 3.702797591686248779e-01 2.614215016365051270e-01 3.172562420368194580e-01 6.493861675262451172e-01 2.214876711368560791e-01 1.182734146714210510e-01 4.595105051994323730e-01 3.845327496528625488e-01 3.398693203926086426e-01 3.161231279373168945e-01 6.496703624725341797e-01 6.708347201347351074e-01
4.293375015258789062e-01 2.440201640129089355e-01 3.409104943275451660e-01 8.306199908256530762e-01 4.029132425785064697e-01 6.610777974128723145e-01 8.140576481819152832e-01 3.921098709106445312e-01 3.917835056781768799e-01 5.213585495948791504e-01 7.769748568534851074e-01 4.059996902942657471e-01 3.407169878482818604e-01 4.989207386970520020e-01
6.942524909973144531e-01 4.803601801395416260e-01 6.735829710960388184e-01 7.635650038719177246e-01 3.130332529544830322e-01 4.330886006355285645e-01 1.816383302211761475e-01 8.385419845581054688e-01 3.990998566150665283e-01 5.281765460968017578e-01 6.357179284095764160e-01 3.278284668922424316e-01 4.149160385131835938e-01 4.201236963272094727e-01
8.758825063705444336e-01 3.527486622333526611e-01 9.108337759971618652e-01 8.457400202751159668e-01 2.928059995174407959e-01 5.732141137123107910e-01 8.437833786010742188e-01 9.546900987625122070e-01 1.567174196243286133e-01 6.198661327362060547e-01 9.157401323318481445e-01 2.618471384048461914e-01 4.205732345581054688e-01 6.624032258987426758e-01
4.967449903488159180e-01 7.593383193016052246e-01 1.583234965801239014e-01 8.866599798202514648e-01 6.204787492752075195e-01 4.469740390777587891e-01 5.974843502044677734e-01 6.107527017593383789e-01 6.559774875640869141e-01 2.766404859721660614e-02 8.603707551956176758e-01 6.177707910537719727e-01 4.819237589836120605e-01 6.311819553375244141e-01
9.766799807548522949e-01 4.110870063304901123e-01 2.983307540416717529e-01 3.890700042247772217e-01 4.752174913883209229e-01 7.957282066345214844e-01 8.552070856094360352e-01 8.750280737876892090e-01 4.850111901760101318e-01 4.355948865413665771e-01 4.496819972991943359e-01 4.635901451110839844e-01 5.279439091682434082e-01 3.587117195129394531e-01
6.968499720096588135e-02 8.173441886901855469e-01 7.575384974479675293e-01 6.486575007438659668e-01 8.568019866943359375e-01 3.175308182835578918e-02 4.786063432693481445e-01 6.298173964023590088e-02 6.486461162567138672e-01 6.794866919517517090e-01 4.374085366725921631e-01 9.445520043373107910e-01 3.724113106727600098e-01 3.671172261238098145e-01
8.385549783706665039e-01 6.141798496246337891e-01 8.400982618331909180e-01 6.058375239372253418e-01 4.839950054883956909e-02 2.811928391456604004e-01 3.290836811065673828e-01 9.691564440727233887e-01 4.390585124492645264e-01 4.215740263462066650e-01 8.232682347297668457e-01 7.601432502269744873e-02 3.912532031536102295e-01 5.158070921897888184e-01
3.107500076293945312e-02 2.337059974670410156e-01 6.422512531280517578e-01 8.201799988746643066e-01 9.925119876861572266e-01 8.998229354619979858e-02 9.918475151062011719e-01 2.268586494028568268e-02 3.337226510047912598e-01 9.098989963531494141e-01 7.465360760688781738e-01 4.992697238922119141e-01 4.640502631664276123e-01 5.740146636962890625e-01
8.731424808502197266e-01 1.976723372936248779e-01 7.636805176734924316e-01 3.970742523670196533e-01 4.516409933567047119e-01 8.355248570442199707e-01 3.589493334293365479e-01 8.557578921318054199e-01 2.237540930509567261e-01 6.265872120857238770e-01 5.518246293067932129e-01 5.787736177444458008e-01 6.071259379386901855e-01 5.275302529335021973e-01
6.385675072669982910e-01 5.164849758148193359e-01 8.268727660179138184e-01 9.576175212860107422e-01 6.633312702178955078e-01 7.092039585113525391e-01 4.020606577396392822e-01 7.590585947036743164e-01 4.062503278255462646e-01 5.252894759178161621e-01 8.011375665664672852e-01 6.876070499420166016e-01 3.846494853496551514e-01 4.387086629867553711e-01
9.980174899101257324e-01 7.844493389129638672e-01 4.801585078239440918e-01 4.079844951629638672e-01 2.022745013236999512e-01 2.526359558105468750e-01 3.866963386535644531e-01 9.470410346984863281e-01 4.719690382480621338e-01 4.795454442501068115e-01 5.545504093170166016e-01 1.935784816741943359e-01 4.826801419258117676e-01 3.826318979263305664e-01
2.775624990463256836e-01 6.470296382904052734e-01 4.572544991970062256e-01 9.748049974441528320e-01 8.521760106086730957e-01 4.699597060680389404e-01 8.959758877754211426e-01 2.601740360260009766e-01 4.807518422603607178e-01 5.466808080673217773e-01 9.520662426948547363e-01 8.918310403823852539e-01 3.352320492267608643e-01 6.510210633277893066e-01
2.570349872112274170e-01 4.388005137443542480e-01 6.577129960060119629e-01 9.676625132560729980e-01 3.413027524948120117e-01 7.309765815734863281e-01 9.808143377304077148e-01 2.769016027450561523e-01 3.546554148197174072e-01 4.860928952693939209e-01 8.078168034553527832e-01 2.145926803350448608e-01 3.757458925247192383e-01 6.523537635803222656e-01
5.884999874979257584e-03 8.094981908798217773e-01 5.221369862556457520e-01 3.898167610168457031e-01 9.821050167083740234e-01 6.448975801467895508e-01 3.125283420085906982e-01 2.153739798814058304e-03 9.443666934967041016e-01 3.232080489397048950e-02 2.741185198829043657e-07 3.797032535076141357e-01 9.592041969299316406e-01 5.083946138620376587e-02
8.309249877929687500e-01 7.323151826858520508e-01 5.342345237731933594e-01 6.996424794197082520e-01 5.627985000610351562e-01 6.865467429161071777e-01 5.763083100318908691e-01 7.458958029747009277e-01 5.065759420394897461e-01 4.459145963191986084e-01 6.421228051185607910e-01 5.315218567848205566e-01 3.975521624088287354e-01 3.732697665691375732e-01
3.532500006258487701e-03 5.339141488075256348e-01 7.152537703514099121e-01 6.727725267410278320e-01 7.744114995002746582e-01 7.662025094032287598e-01 6.485173106193542480e-01 2.115960232913494110e-02 7.097003459930419922e-01 7.706130146980285645e-01 1.885311752557754517e-01 7.662879228591918945e-01 4.529733359813690186e-01 2.997696101665496826e-01
1.424324959516525269e-01 8.081420063972473145e-01 4.390029907226562500e-01 2.336760014295578003e-01 1.226679980754852295e-01 4.396421089768409729e-02 9.580381512641906738e-01 1.516892462968826294e-01 6.615126132965087891e-01 5.318199396133422852e-01 2.473812103271484375e-01 1.119099408388137817e-01 5.307893753051757812e-01 3.686758875846862793e-01
1.597075015306472778e-01 5.399438142776489258e-01 8.310687541961669922e-01 1.744832545518875122e-01 2.999460101127624512e-01 8.250668644905090332e-01 8.335250020027160645e-01 1.461796909570693970e-01 4.281235337257385254e-01 5.804523229598999023e-01 3.140394389629364014e-01 2.526827156543731689e-01 5.665050745010375977e-01 5.891501903533935547e-01
1.864224970340728760e-01 7.968623042106628418e-01 1.460539996623992920e-01 4.094704985618591309e-01 3.413322567939758301e-01 3.719622194766998291e-01 7.374163866043090820e-01 2.136633545160293579e-01 6.564972996711730957e-01 5.368143320083618164e-02 6.796505451202392578e-01 3.438915908336639404e-01 5.222879648208618164e-01 5.890895724296569824e-01
6.277700066566467285e-01 6.250895261764526367e-01 2.592760026454925537e-01 6.830450296401977539e-01 5.038654804229736328e-01 3.044649362564086914e-01 8.945277929306030273e-01 6.209893822669982910e-01 5.058572888374328613e-01 2.487707734107971191e-01 5.824471712112426758e-01 4.434335529804229736e-01 4.862399101257324219e-01 4.851214885711669922e-01
3.888500109314918518e-02 5.458783507347106934e-01 2.316622436046600342e-01 2.073654979467391968e-01 4.549207389354705811e-01 7.230187058448791504e-01 7.494988441467285156e-01 5.844780802726745605e-02 6.804798245429992676e-01 2.786898910999298096e-01 2.256221175193786621e-01 2.762321531772613525e-01 5.903845429420471191e-01 4.660444557666778564e-01
4.975925087928771973e-01 1.914699971675872803e-01 7.903527617454528809e-01 8.565700054168701172e-01 7.395922541618347168e-01 1.769916117191314697e-01 6.669698953628540039e-01 5.080175399780273438e-01 3.545842766761779785e-01 6.887101531028747559e-01 8.807082772254943848e-01 6.994453072547912598e-01 3.201233446598052979e-01 4.212074875831604004e-01
6.851475238800048828e-01 4.911438226699829102e-01 7.559949904680252075e-02 2.256969958543777466e-01 7.490312457084655762e-01 9.518651366233825684e-01 8.883943557739257812e-01 5.605702996253967285e-01 5.059731602668762207e-01 1.573647707700729370e-01 3.738288283348083496e-01 6.207078099250793457e-01 5.805886387825012207e-01 5.049700140953063965e-01
1.415800005197525024e-01 2.402359992265701294e-01 5.730272531509399414e-01 9.371000342071056366e-03 2.378759980201721191e-01 3.296287953853607178e-01 7.775235772132873535e-01 1.394754499197006226e-01 3.955495357513427734e-01 6.934114098548889160e-01 3.360040187835693359e-01 1.511077880859375000e-01 5.334457159042358398e-01 5.520808696746826172e-01
8.044899702072143555e-01 6.944448351860046387e-01 2.532307505607604980e-01 9.372799992561340332e-01 9.362249635159969330e-03 4.991972744464874268e-01 6.282786726951599121e-01 9.363298416137695312e-01 6.223233938217163086e-01 1.437101811170578003e-01 8.130328059196472168e-01 7.725300639867782593e-02 4.277493953704833984e-01 4.841516017913818359e-01
8.453875184059143066e-01 3.597314953804016113e-01 8.074129819869995117e-01 6.165624856948852539e-01 8.759710192680358887e-01 1.585176736116409302e-01 5.073663592338562012e-01 7.992298603057861328e-01 2.138378471136093140e-01 7.231644988059997559e-01 7.599923610687255859e-01 9.022351503372192383e-01 6.051988601684570312e-01 4.584487080574035645e-01
3.063200116157531738e-01 7.977858185768127441e-01 5.129082202911376953e-01 2.442390024662017822e-01 5.247684717178344727e-01 7.088058590888977051e-01 8.468981385231018066e-01 3.623208105564117432e-01 4.813475906848907471e-01 2.514891624450683594e-01 4.348382949829101562e-01 5.373138189315795898e-01 5.538876056671142578e-01 5.365589261054992676e-01
4.158050119876861572e-01 1.947340071201324463e-01 1.264699995517730713e-01 4.490857422351837158e-01 1.042670011520385742e-01 8.916791081428527832e-01 1.803310066461563110e-01 3.398812711238861084e-01 4.966659247875213623e-01 3.339787721633911133e-01 3.400320112705230713e-01 9.390810877084732056e-02 5.820439457893371582e-01 5.230809450149536133e-01
2.509750053286552429e-02 6.435148119926452637e-01 5.335814952850341797e-01 6.083174943923950195e-01 4.093345105648040771e-01 3.453432321548461914e-01 5.391696691513061523e-01 2.312941476702690125e-02 7.186003327369689941e-01 6.476094126701354980e-01 6.819691658020019531e-01 3.793685436248779297e-01 3.544026911258697510e-01 5.334480404853820801e-01
4.750925004482269287e-01 4.300971627235412598e-01 5.615410208702087402e-01 6.989399790763854980e-01 9.905614852905273438e-01 4.089313093572854996e-03 6.365713477134704590e-01 4.472935795783996582e-01 5.427898168563842773e-01 7.151685357093811035e-01 8.752285838127136230e-01 8.788331151008605957e-01 2.529143393039703369e-01 3.677873909473419189e-01
8.507875204086303711e-01 3.962140083312988281e-01 4.785777628421783447e-01 6.876674890518188477e-01 7.318105101585388184e-01 5.346573591232299805e-01 8.751931786537170410e-01 6.960865855216979980e-01 3.946722149848937988e-01 4.742369055747985840e-01 7.781214714050292969e-01 6.568802595138549805e-01 4.045267701148986816e-01 4.883596301078796387e-01
4.054074883460998535e-01 7.553371787071228027e-01 3.305859863758087158e-01 5.773050189018249512e-01 3.429242372512817383e-01 8.511605672538280487e-03 7.901139259338378906e-01 4.806495904922485352e-01 5.400038957595825195e-01 2.423675358295440674e-01 5.779693722724914551e-01 3.641784787178039551e-01 4.664312899112701416e-01 4.867609739303588867e-01
2.369800060987472534e-01 3.631036579608917236e-01 5.800930261611938477e-01 1.775784939527511597e-01 1.086170002818107605e-01 5.787756443023681641e-01 6.950903534889221191e-01 1.644781678915023804e-01 3.780695199966430664e-01 6.508917212486267090e-01 4.098664224147796631e-01 9.403233230113983154e-02 4.997583627700805664e-01 4.969441592693328857e-01
2.872075140476226807e-01 6.344143152236938477e-01 5.566402673721313477e-01 7.772175073623657227e-01 8.578725159168243408e-02 2.813133299350738525e-01 1.087233331054449081e-02 3.761634826660156250e-01 4.822489619255065918e-01 4.185156822204589844e-01 6.459874510765075684e-01 2.235953956842422485e-01 3.944109380245208740e-01 4.910191893577575684e-01
7.159324884414672852e-01 2.209813296794891357e-01 9.139750003814697266e-01 6.674349904060363770e-01 6.595525145530700684e-02 2.601666748523712158e-01 1.492770016193389893e-01 8.838667869567871094e-01 1.466822326183319092e-01 6.194013357162475586e-01 8.252637386322021484e-01 7.781331241130828857e-02 4.256408810615539551e-01 7.244499325752258301e-01
5.501924753189086914e-01 2.911836802959442139e-01 3.733937442302703857e-01 7.048925161361694336e-01 5.743070244789123535e-01 3.173181787133216858e-03 9.912912845611572266e-01 5.183715820312500000e-01 3.086171746253967285e-01 5.681253075599670410e-01 4.990186989307403564e-01 4.191561937332153320e-01 5.104888677597045898e-01 5.481616258621215820e-01
7.583525180816650391e-01 1.828928291797637939e-01 6.967425346374511719e-02 4.723342359066009521e-01 2.396295070648193359e-01 7.562177777290344238e-01 6.533933281898498535e-01 6.369847655296325684e-01 4.566130936145782471e-01 4.036912024021148682e-01 4.037466347217559814e-01 1.879069805145263672e-01 5.154536366462707520e-01 4.807908535003662109e-01
9.334899783134460449e-01 6.004208326339721680e-01 9.396717548370361328e-01 8.683699965476989746e-01 6.510177254676818848e-01 9.915614128112792969e-01 5.417066812515258789e-02 9.420729875564575195e-01 4.776014983654022217e-01 6.199479103088378906e-01 8.334195017814636230e-01 6.847140789031982422e-01 3.693462312221527100e-01 3.054637312889099121e-01
8.621374964714050293e-01 7.728329896926879883e-01 2.976202368736267090e-01 7.338975071907043457e-01 9.422677755355834961e-01 1.476058550179004669e-02 3.441919982433319092e-01 8.541553020477294922e-01 6.381070017814636230e-01 2.246820330619812012e-01 7.094680666923522949e-01 8.796733617782592773e-01 4.457655549049377441e-01 4.561358392238616943e-01
1.705050021409988403e-01 3.196843266487121582e-01 1.304792463779449463e-01 6.749500036239624023e-01 1.263882517814636230e-01 7.074759602546691895e-01 9.485461115837097168e-01 1.016528680920600891e-01 3.813760578632354736e-01 1.838250011205673218e-01 8.651590347290039062e-01 2.895300649106502533e-02 6.939795017242431641e-01 8.961205482482910156e-01
2.599124908447265625e-01 7.445809841156005859e-01 3.670677542686462402e-01 4.681879878044128418e-01 2.335840016603469849e-01 8.634638190269470215e-01 8.618876934051513672e-01 2.588717341423034668e-01 5.054268240928649902e-01 2.315850257873535156e-01 4.704756438732147217e-01 2.244821339845657349e-01 6.073349714279174805e-01 5.698989629745483398e-01
3.447274863719940186e-01 3.451788425445556641e-01 6.127752661705017090e-01 9.122575074434280396e-02 3.012742400169372559e-01 1.028555557131767273e-01 4.840236604213714600e-01 3.548466265201568604e-01 4.030450582504272461e-01 5.799637436866760254e-01 3.009012341499328613e-01 3.155240118503570557e-01 5.132526159286499023e-01 4.112452268600463867e-01
3.653349876403808594e-01 5.773816704750061035e-01 1.754840016365051270e-01 9.945824742317199707e-01 3.806675076484680176e-01 3.133946359157562256e-01 3.284020125865936279e-01 4.282599091529846191e-01 5.790052413940429688e-01 3.303830027580261230e-01 7.929558157920837402e-01 4.466766119003295898e-01 3.120324015617370605e-01 4.713639616966247559e-01
7.635974884033203125e-01 6.699454784393310547e-01 7.329542636871337891e-01 8.146175146102905273e-01 8.036440014839172363e-01 3.105475902557373047e-01 2.783353328704833984e-01 8.396198749542236328e-01 4.099592864513397217e-01 5.836349129676818848e-01 7.373692989349365234e-01 8.200109601020812988e-01 4.373064339160919189e-01 3.908565640449523926e-01
6.014350056648254395e-01 5.422124862670898438e-01 1.773484945297241211e-01 4.779844880104064941e-01 9.739720225334167480e-01 1.520858556032180786e-01 4.348326623439788818e-01 6.196412444114685059e-01 4.762962162494659424e-01 3.527838587760925293e-01 3.339343369007110596e-01 8.898165822029113770e-01 4.894479811191558838e-01 4.395654797554016113e-01
3.039849996566772461e-01 5.486879944801330566e-01 4.088182449340820312e-01 2.318372428417205811e-01 2.551124989986419678e-01 9.883172512054443359e-01 4.944766759872436523e-01 2.746931612491607666e-01 4.816672503948211670e-01 4.195255339145660400e-01 3.338018059730529785e-01 2.931361794471740723e-01 5.665460228919982910e-01 4.871265888214111328e-01
4.488224983215332031e-01 4.112294912338256836e-01 1.496777534484863281e-01 3.667697608470916748e-01 2.406329959630966187e-01 1.408270746469497681e-01 3.469326794147491455e-01 4.715465307235717773e-01 5.337193012237548828e-01 4.144067466259002686e-01 3.504417836666107178e-01 2.727395296096801758e-01 4.963276386260986328e-01 3.937920331954956055e-01
6.999250054359436035e-01 5.242549777030944824e-01 5.934012532234191895e-01 1.909639984369277954e-01 5.387642383575439453e-01 9.653626382350921631e-02 2.984826564788818359e-01 7.082899808883666992e-01 3.520358204841613770e-01 4.724397361278533936e-01 4.096042513847351074e-01 6.330760121345520020e-01 5.703080892562866211e-01 4.735568165779113770e-01
4.688574969768524170e-01 6.967204809188842773e-01 6.375045180320739746e-01 9.711949825286865234e-01 4.190987646579742432e-01 3.063127398490905762e-01 8.324115276336669922e-01 5.095694661140441895e-01 5.190869569778442383e-01 3.910119235515594482e-01 8.161761760711669922e-01 4.130420386791229248e-01 2.968648076057434082e-01 4.667187631130218506e-01
9.539949893951416016e-01 4.410711526870727539e-01 2.958847582340240479e-01 8.785600066184997559e-01 2.438982427120208740e-01 5.410260558128356934e-01 5.579919815063476562e-01 9.152425527572631836e-01 2.778647243976593018e-01 5.708017945289611816e-01 7.088832259178161621e-01 2.145856767892837524e-01 4.388112127780914307e-01 5.298812389373779297e-01
1.856674998998641968e-01 3.681085109710693359e-01 7.408312559127807617e-01 5.961000174283981323e-02 6.048374772071838379e-01 6.877787709236145020e-01 6.671070456504821777e-01 1.787499487400054932e-01 4.351358413696289062e-01 6.728073954582214355e-01 3.175621032714843750e-01 5.166231989860534668e-01 5.270055532455444336e-01 4.638855755329132080e-01
3.244425058364868164e-01 5.582485198974609375e-01 8.422524929046630859e-01 7.574449777603149414e-01 6.823350191116333008e-01 3.767365515232086182e-01 7.012336254119873047e-01 4.914587438106536865e-01 3.515547215938568115e-01 4.796285927295684814e-01 8.399008512496948242e-01 7.973213195800781250e-01 4.685558676719665527e-01 6.104572415351867676e-01
2.793950140476226807e-01 3.222376704216003418e-01 6.780025362968444824e-02 1.331344991922378540e-01 6.233947277069091797e-01 8.988487124443054199e-01 2.538770139217376709e-01 2.356696873903274536e-01 5.279066562652587891e-01 3.244247734546661377e-01 2.104835063219070435e-01 4.684032797813415527e-01 5.698983669281005859e-01 4.454385638236999512e-01
2.184700071811676025e-01 7.058413624763488770e-01 6.477707624435424805e-01 6.481500267982482910e-01 8.773875236511230469e-02 3.672913014888763428e-01 3.665679991245269775e-01 2.940239608287811279e-01 5.235026478767395020e-01 5.027737021446228027e-01 5.016012191772460938e-01 2.173511385917663574e-01 4.313846826553344727e-01 4.329537153244018555e-01
6.250475049018859863e-01 5.400835275650024414e-01 7.453424930572509766e-01 7.355249673128128052e-02 3.498100116848945618e-02 2.365493923425674438e-01 3.413033187389373779e-01 6.521350145339965820e-01 3.553810119628906250e-01 5.247117280960083008e-01 4.063655734062194824e-01 5.488882213830947876e-02 5.080001354217529297e-01 6.016353964805603027e-01
1.819974929094314575e-01 4.171600043773651123e-01 9.570422768592834473e-01 6.194900274276733398e-01 2.879522442817687988e-01 3.794939517974853516e-01 4.708479940891265869e-01 2.501112520694732666e-01 2.797566950321197510e-01 6.818688511848449707e-01 6.383061408996582031e-01 3.146293759346008301e-01 4.467356801033020020e-01 4.919096529483795166e-01
5.621899962425231934e-01 7.003980278968811035e-01 8.130949735641479492e-01 4.148829877376556396e-01 6.889425218105316162e-02 8.395439386367797852e-01 9.931287169456481934e-01 4.394298493862152100e-01 4.111506342887878418e-01 2.537024319171905518e-01 6.329124569892883301e-01 1.004163641482591629e-02 5.350831151008605957e-01 7.543946504592895508e-01
9.079974889755249023e-01 5.744446516036987305e-01 8.087807297706604004e-01 9.132850170135498047e-01 3.266774863004684448e-02 3.812755644321441650e-01 1.322650015354156494e-01 9.575447440147399902e-01 1.259742230176925659e-01 5.938528776168823242e-01 9.415994882583618164e-01 1.064332798123359680e-01 4.055256545543670654e-01 7.834398746490478516e-01
2.801625132560729980e-01 5.184839963912963867e-01 5.375907421112060547e-01 2.715537548065185547e-01 3.208297491073608398e-01 3.589427098631858826e-02 3.398246765136718750e-01 3.324001431465148926e-01 4.699450731277465820e-01 5.826977491378784180e-01 3.480134010314941406e-01 3.938473463058471680e-01 4.702244102954864502e-01 3.547839820384979248e-01
4.564700126647949219e-01 3.974293470382690430e-01 8.955454826354980469e-01 8.375924825668334961e-01 1.070287525653839111e-01 7.861267924308776855e-01 7.790951728820800781e-01 4.890650510787963867e-01 2.361856400966644287e-01 5.359444618225097656e-01 8.029846549034118652e-01 8.449318259954452515e-02 3.785321712493896484e-01 7.156276106834411621e-01
7.077299952507019043e-01 2.929836809635162354e-01 7.978332638740539551e-01 8.632000088691711426e-01 3.853679895401000977e-01 1.042263656854629517e-01 7.726418375968933105e-01 8.446059823036193848e-01 2.186771184206008911e-01 6.045156717300415039e-01 7.815808057785034180e-01 3.213821351528167725e-01 4.312070906162261963e-01 5.483064055442810059e-01
6.061325073242187500e-01 5.286773443222045898e-01 9.539045095443725586e-01 6.892575025558471680e-01 1.212900038808584213e-02 6.110888719558715820e-02 2.462996691465377808e-01 8.427162170410156250e-01 2.133832573890686035e-01 5.278064012527465820e-01 7.984106540679931641e-01 5.655203759670257568e-02 4.125648140907287598e-01 7.257795929908752441e-01
6.212524771690368652e-01 8.245003223419189453e-01 4.099594950675964355e-01 7.801525294780731201e-02 7.249559760093688965e-01 4.168257489800453186e-02 4.027393460273742676e-01 6.263036727905273438e-01 4.766494035720825195e-01 2.524951696395874023e-01 4.164405167102813721e-01 7.348651885986328125e-01 5.210039615631103516e-01 4.894085824489593506e-01
6.552500277757644653e-02 7.206093072891235352e-01 5.362802743911743164e-01 2.181712538003921509e-01 3.208550065755844116e-02 8.479651808738708496e-01 6.593620181083679199e-01 4.365521296858787537e-02 6.675303578376770020e-01 6.202168464660644531e-01 1.580070108175277710e-01 1.045230627059936523e-01 6.406181454658508301e-01 4.271705448627471924e-01
8.281549811363220215e-01 7.665309906005859375e-01 4.543867409229278564e-01 5.889175087213516235e-02 9.415049850940704346e-02 8.700953722000122070e-01 1.256183385848999023e-01 8.011848926544189453e-01 5.412076711654663086e-01 4.030622839927673340e-01 2.173945158720016479e-01 9.375552088022232056e-02 6.171221733093261719e-01 4.105420112609863281e-01
6.398875117301940918e-01 6.490081548690795898e-01 1.845210045576095581e-01 2.858589887619018555e-01 1.322290003299713135e-01 7.693094015121459961e-01 8.332080245018005371e-01 5.051259994506835938e-01 5.996558070182800293e-01 1.245960444211959839e-01 4.650650918483734131e-01 8.281282335519790649e-02 6.119499802589416504e-01 5.205985307693481445e-01
9.222974777221679688e-01 1.695683300495147705e-01 6.918812394142150879e-01 4.529255032539367676e-01 5.676717758178710938e-01 2.332700937986373901e-01 2.949563264846801758e-01 8.634343743324279785e-01 2.207679450511932373e-01 6.534858345985412598e-01 6.529012918472290039e-01 5.233956575393676758e-01 4.982110857963562012e-01 4.501843452453613281e-01
5.460575222969055176e-01 6.547381877899169922e-01 3.003992438316345215e-01 7.880575060844421387e-01 6.686909794807434082e-01 8.276858329772949219e-01 6.490746736526489258e-01 7.046578526496887207e-01 4.518033862113952637e-01 1.201244741678237915e-01 7.903512716293334961e-01 7.649202942848205566e-01 5.932478308677673340e-01 6.666088104248046875e-01
6.219025254249572754e-01 3.339833319187164307e-01 9.383512735366821289e-01 4.547325074672698975e-01 4.536375105381011963e-01 8.965011835098266602e-01 4.417913258075714111e-01 6.846474409103393555e-01 4.269375801086425781e-01 5.129435062408447266e-01 5.527052879333496094e-01 4.380936324596405029e-01 4.226797223091125488e-01 3.904383182525634766e-01
6.473749876022338867e-01 3.915891647338867188e-01 5.854149907827377319e-02 9.807475209236145020e-01 1.431844979524612427e-01 4.643613994121551514e-01 4.712750017642974854e-01 7.934453487396240234e-01 5.788105130195617676e-01 1.807685792446136475e-01 7.174163460731506348e-01 1.846979558467864990e-01 4.621057212352752686e-01 4.876703023910522461e-01
4.647425115108489990e-01 5.594635009765625000e-01 1.341187506914138794e-01 6.015449762344360352e-01 2.915255129337310791e-01 8.053122162818908691e-01 8.893100172281265259e-02 4.269894063472747803e-01 4.921133816242218018e-01 2.496216595172882080e-01 4.785438179969787598e-01 3.385395407676696777e-01 5.226488113403320312e-01 4.978988766670227051e-01
1.510374993085861206e-01 7.848830223083496094e-01 6.609975099563598633e-01 9.452524781227111816e-01 8.952019810676574707e-01 1.329793930053710938e-01 6.449783444404602051e-01 1.329295337200164795e-01 5.875149369239807129e-01 7.496206760406494141e-01 8.584188222885131836e-01 9.482243657112121582e-01 2.969732582569122314e-01 4.278931915760040283e-01
9.844375252723693848e-01 7.605218291282653809e-01 9.192675352096557617e-02 5.606024861335754395e-01 5.739262700080871582e-01 7.877938151359558105e-01 3.253839910030364990e-01 9.079532027244567871e-01 5.132108330726623535e-01 8.825518935918807983e-02 5.137261152267456055e-01 7.382311820983886719e-01 6.368193030357360840e-01 5.201942920684814453e-01
3.726199865341186523e-01 3.180755078792572021e-01 4.277029931545257568e-01 3.247597515583038330e-01 3.380219936370849609e-01 5.873375535011291504e-01 7.150733470916748047e-02 2.946683764457702637e-01 4.143240749835968018e-01 6.435238122940063477e-01 4.679353535175323486e-01 3.763588964939117432e-01 4.384779632091522217e-01 3.596916496753692627e-01
4.806424975395202637e-01 5.522184967994689941e-01 7.042227387428283691e-01 2.557342648506164551e-01 1.420274972915649414e-01 4.663622081279754639e-01 7.534304857254028320e-01 4.789364337921142578e-01 4.796168506145477295e-01 4.393647313117980957e-01 3.915187120437622070e-01 1.264263391494750977e-01 5.011947154998779297e-01 4.921340644359588623e-01
9.422450065612792969e-01 5.391541719436645508e-01 2.777699939906597137e-02 7.076324820518493652e-01 6.022179722785949707e-01 6.936286091804504395e-01 7.229866832494735718e-02 8.823146820068359375e-01 6.098561286926269531e-01 7.764620333909988403e-02 5.655302405357360840e-01 6.856797337532043457e-01 6.065865755081176758e-01 4.860078394412994385e-01
1.349425017833709717e-01 5.702876448631286621e-01 2.108024954795837402e-01 3.221405148506164551e-01 3.736524879932403564e-01 1.524286866188049316e-01 9.884206652641296387e-01 1.851974129676818848e-01 5.618398785591125488e-01 3.457708358764648438e-01 3.607492744922637939e-01 1.934037357568740845e-01 5.700986981391906738e-01 4.831108450889587402e-01
9.585174918174743652e-01 6.201810240745544434e-01 8.820164799690246582e-01 2.833409905433654785e-01 8.069437742233276367e-01 1.794200949370861053e-02 4.330543279647827148e-01 9.713899493217468262e-01 5.253359675407409668e-01 4.141952693462371826e-01 6.207564473152160645e-01 8.678285479545593262e-01 5.542309284210205078e-01 3.478729426860809326e-01
7.520924806594848633e-01 3.638750016689300537e-01 6.975737214088439941e-01 9.253150224685668945e-01 1.606742441654205322e-01 3.470104038715362549e-01 8.254791498184204102e-01 9.303395152091979980e-01 2.582617104053497314e-01 4.969091713428497314e-01 8.808985352516174316e-01 1.401786953210830688e-01 3.897860646247863770e-01 6.532096266746520996e-01
4.309675097465515137e-01 4.931598305702209473e-01 7.368220090866088867e-01 8.183075189590454102e-01 6.259367465972900391e-01 8.800421953201293945e-01 4.618873298168182373e-01 4.254321455955505371e-01 4.301140904426574707e-01 5.926489233970642090e-01 6.697883009910583496e-01 6.197979450225830078e-01 3.666237592697143555e-01 4.154505431652069092e-01
9.516075253486633301e-01 6.732609868049621582e-01 6.420667767524719238e-01 1.295922547578811646e-01 5.559595227241516113e-01 1.594765633344650269e-01 4.007033407688140869e-01 8.697350025177001953e-01 2.392552345991134644e-01 6.172717809677124023e-01 4.398816525936126709e-01 7.188288569450378418e-01 6.809304952621459961e-01 4.939534664154052734e-01
4.865775108337402344e-01 5.090973377227783203e-01 7.632197737693786621e-01 9.028924703598022461e-01 3.508227467536926270e-01 2.269738316535949707e-01 2.448260039091110229e-01 6.084143519401550293e-01 3.876173496246337891e-01 5.009988546371459961e-01 6.952289342880249023e-01 4.017283320426940918e-01 3.816600143909454346e-01 4.636294841766357422e-01
1.012549996376037598e-01 4.701478481292724609e-01 6.166015267372131348e-01 7.866925001144409180e-01 4.679502546787261963e-01 2.931601107120513916e-01 6.526066660881042480e-01 1.137196570634841919e-01 4.590311944484710693e-01 7.123172879219055176e-01 6.976116299629211426e-01 4.484074711799621582e-01 3.832382857799530029e-01 5.521532893180847168e-01
9.819574952125549316e-01 2.656910121440887451e-01 4.958412647247314453e-01 6.735200285911560059e-01 2.693359851837158203e-01 6.661537289619445801e-01 1.754489988088607788e-01 9.610927700996398926e-01 3.028457164764404297e-01 5.918239951133728027e-01 6.822190284729003906e-01 2.613831758499145508e-01 4.701678454875946045e-01 4.618447422981262207e-01
7.005624771118164062e-01 7.497523427009582520e-01 9.296659827232360840e-01 4.327164888381958008e-01 4.056552648544311523e-01 6.591722965240478516e-01 4.067953228950500488e-01 7.428941130638122559e-01 5.368676185607910156e-01 4.614581763744354248e-01 5.691304206848144531e-01 4.063237011432647705e-01 3.938174545764923096e-01 3.337115645408630371e-01
7.426224946975708008e-01 7.560531497001647949e-01 5.292630195617675781e-01 4.015775024890899658e-02 5.045522451400756836e-01 3.771344423294067383e-01 5.333233252167701721e-02 7.704315781593322754e-01 4.369893670082092285e-01 2.988031208515167236e-01 3.539012074470520020e-01 6.522579193115234375e-01 6.136709451675415039e-01 4.499231278896331787e-01
2.411224991083145142e-01 4.323373436927795410e-01 8.599757552146911621e-01 7.368400096893310547e-01 7.839325070381164551e-01 2.699950635433197021e-01 3.896403312683105469e-01 2.311457395553588867e-01 4.604182243347167969e-01 7.854203581809997559e-01 7.857564091682434082e-01 7.695226669311523438e-01 3.258460164070129395e-01 3.301396369934082031e-01
1.746399998664855957e-01 6.210315227508544922e-01 1.956689953804016113e-01 8.164749741554260254e-01 9.546550363302230835e-02 3.991990983486175537e-01 6.611239910125732422e-01 2.398185431957244873e-01 4.965128302574157715e-01 1.560929566621780396e-01 7.701582312583923340e-01 1.409126222133636475e-01 5.542072057723999023e-01 6.817312836647033691e-01
5.090550184249877930e-01 2.609901726245880127e-01 6.441632509231567383e-01 5.431025028228759766e-01 3.627292513847351074e-01 1.895234286785125732e-01 1.028349995613098145e-01 6.420719027519226074e-01 2.775834798812866211e-01 5.824289917945861816e-01 4.759039282798767090e-01 4.254950582981109619e-01 5.281251072883605957e-01 5.068122744560241699e-01
4.006449878215789795e-01 2.642199993133544922e-01 9.954457283020019531e-01 2.330639958381652832e-01 6.529867649078369141e-01 5.477699041366577148e-01 1.650516688823699951e-01 4.138751924037933350e-01 3.091748952865600586e-01 6.548131108283996582e-01 5.417407751083374023e-01 6.711112260818481445e-01 5.055741667747497559e-01 4.368691742420196533e-01
9.126999974250793457e-02 6.764908432960510254e-01 9.938369989395141602e-01 5.685750246047973633e-01 4.595134854316711426e-01 5.797924995422363281e-01 3.380096554756164551e-01 1.278996318578720093e-01 4.410823285579681396e-01 5.906506776809692383e-01 5.179014801979064941e-01 5.523397326469421387e-01 5.231357216835021973e-01 6.096931099891662598e-01
6.778450012207031250e-01 7.370973229408264160e-01 3.234107494354248047e-01 5.799674987792968750e-01 5.321572422981262207e-01 2.101450562477111816e-01 6.452896595001220703e-01 8.040295839309692383e-01 6.752015352249145508e-01 2.524899542331695557e-01 5.337675213813781738e-01 5.367052555084228516e-01 4.726986289024353027e-01 3.503077328205108643e-01
4.725574851036071777e-01 2.472868263721466064e-01 7.400092482566833496e-01 4.887087643146514893e-01 7.529527544975280762e-01 3.758261501789093018e-01 3.318283259868621826e-01 5.154284238815307617e-01 4.421511888504028320e-01 5.821101069450378418e-01 7.465263605117797852e-01 7.129839062690734863e-01 3.443221449851989746e-01 4.215475320816040039e-01
9.382750093936920166e-02 5.328438282012939453e-01 7.938910126686096191e-01 8.634750247001647949e-01 5.910550057888031006e-02 7.046648263931274414e-01 9.558927416801452637e-01 6.219921261072158813e-02 3.774771988391876221e-01 5.556753873825073242e-01 7.984450459480285645e-01 2.426152490079402924e-02 4.373294711112976074e-01 7.773209214210510254e-01
6.868175268173217773e-01 3.436478376388549805e-01 9.366962313652038574e-01 5.226899981498718262e-01 2.179157435894012451e-01 5.110229253768920898e-01 3.156393468379974365e-01 8.078111410140991211e-01 4.251435995101928711e-01 5.053626298904418945e-01 6.855373978614807129e-01 1.778583824634552002e-01 3.633786737918853760e-01 4.524186849594116211e-01
6.279875040054321289e-01 7.675701379776000977e-01 2.198537439107894897e-01 9.413074851036071777e-01 4.327414929866790771e-01 9.920724034309387207e-01 7.527640461921691895e-01 5.746018886566162109e-01 5.443404912948608398e-01 1.183181852102279663e-01 6.688007116317749023e-01 4.280824065208435059e-01 5.085483789443969727e-01 5.362887978553771973e-01
6.891300082206726074e-01 3.249181807041168213e-01 3.840160071849822998e-01 6.894624829292297363e-01 8.964815139770507812e-01 4.945704042911529541e-01 4.213153421878814697e-01 7.713112235069274902e-01 3.091079294681549072e-01 4.470575153827667236e-01 5.659844279289245605e-01 8.995718359947204590e-01 6.231215596199035645e-01 5.446011424064636230e-01
4.684124886989593506e-01 6.555943489074707031e-01 4.177590012550354004e-01 3.189950063824653625e-02 6.006004810333251953e-01 1.215243414044380188e-01 7.677332758903503418e-01 5.380762815475463867e-01 4.697082936763763428e-01 2.074950784444808960e-01 4.476534724235534668e-01 6.214560866355895996e-01 5.609098076820373535e-01 5.283855199813842773e-01
8.496950268745422363e-01 6.307659745216369629e-01 5.950847268104553223e-01 5.380725264549255371e-01 5.970107316970825195e-01 8.437042236328125000e-01 8.213899731636047363e-01 7.659467458724975586e-01 4.300784468650817871e-01 3.606967926025390625e-01 6.001148223876953125e-01 5.571494698524475098e-01 4.889435470104217529e-01 4.646160304546356201e-01
1.760724931955337524e-01 6.575471758842468262e-01 5.239537358283996582e-01 9.876800179481506348e-01 2.620872557163238525e-01 7.753024101257324219e-01 7.844391465187072754e-01 2.366597652435302734e-01 4.193674027919769287e-01 3.353064656257629395e-01 7.860783338546752930e-01 3.397216498851776123e-01 5.334812998771667480e-01 7.281542420387268066e-01
9.613549709320068359e-01 6.017921566963195801e-01 5.494532585144042969e-01 6.854699850082397461e-01 4.363904893398284912e-01 5.530970692634582520e-01 3.727796673774719238e-01 9.800695180892944336e-01 6.381207704544067383e-01 4.127082228660583496e-01 6.216365694999694824e-01 5.856117010116577148e-01 4.879634082317352295e-01 2.530992031097412109e-01
9.667599797248840332e-01 7.416541576385498047e-01 7.425672411918640137e-01 3.771177530288696289e-01 3.237862586975097656e-01 9.244707822799682617e-01 6.617829799652099609e-01 9.436880350112915039e-01 6.045980453491210938e-01 4.146316051483154297e-01 5.466877818107604980e-01 3.677261173725128174e-01 4.528958797454833984e-01 2.792797386646270752e-01
6.980000063776969910e-03 2.416518330574035645e-01 4.042002558708190918e-01 3.535017371177673340e-01 8.473114967346191406e-01 9.774734377861022949e-01 3.839706778526306152e-01 3.143927082419395447e-02 7.047266364097595215e-01 7.272375226020812988e-01 1.546434611082077026e-01 5.216524600982666016e-01 5.173985958099365234e-01 3.185220062732696533e-01
2.432900071144104004e-01 7.838180065155029297e-01 8.322992324829101562e-01 5.030875205993652344e-01 1.726935058832168579e-01 3.214684724807739258e-01 9.674847722053527832e-01 3.079465329647064209e-01 5.007944703102111816e-01 4.056330323219299316e-01 6.144751906394958496e-01 1.554690301418304443e-01 4.221800565719604492e-01 5.109033584594726562e-01
9.342250227928161621e-01 7.558425068855285645e-01 2.448640018701553345e-01 6.785424947738647461e-01 7.794424891471862793e-02 9.280430078506469727e-01 2.831216752529144287e-01 8.429849147796630859e-01 5.178009867668151855e-01 2.919129431247711182e-01 5.752390623092651367e-01 1.113494187593460083e-01 4.753205776214599609e-01 4.717724323272705078e-01
7.830324769020080566e-01 6.229286789894104004e-01 4.068182408809661865e-01 3.814442455768585205e-01 8.886964917182922363e-01 8.537571430206298828e-01 5.983406901359558105e-01 7.122522592544555664e-01 3.908106982707977295e-01 2.731274664402008057e-01 4.612680971622467041e-01 8.447636961936950684e-01 6.021307110786437988e-01 5.530428886413574219e-01
5.592550039291381836e-01 5.967666506767272949e-01 3.383852541446685791e-01 5.316175222396850586e-01 4.672802388668060303e-01 9.219858795404434204e-02 4.134390056133270264e-01 5.299500823020935059e-01 5.587428212165832520e-01 4.860523939132690430e-01 4.601131379604339600e-01 4.519308209419250488e-01 4.056636393070220947e-01 3.325225710868835449e-01
9.758750349283218384e-02 4.007529914379119873e-01 8.339570164680480957e-01 3.464489877223968506e-01 6.432194709777832031e-01 6.024216413497924805e-01 4.584843218326568604e-01 9.484217315912246704e-02 3.772151768207550049e-01 7.841692566871643066e-01 3.874779343605041504e-01 6.629499793052673340e-01 5.688239932060241699e-01 5.426687598228454590e-01
3.322500037029385567e-03 2.959155142307281494e-01 1.869817525148391724e-01 7.955824732780456543e-01 4.505874961614608765e-02 1.682046502828598022e-01 6.875904798507690430e-01 3.570817410945892334e-02 5.934839248657226562e-01 4.671147465705871582e-01 8.077203035354614258e-01 1.005181856453418732e-02 3.999364972114562988e-01 7.164958715438842773e-01
1.470675021409988403e-01 6.325076818466186523e-01 7.432205080986022949e-01 2.819162607192993164e-01 6.649485230445861816e-01 1.055288910865783691e-01 6.910012960433959961e-01 2.450155168771743774e-01 4.390221536159515381e-01 4.862394034862518311e-01 4.156774878501892090e-01 6.584238409996032715e-01 5.156151652336120605e-01 5.375012159347534180e-01
1.050949990749359131e-01 2.787913382053375244e-01 5.417027473449707031e-01 4.402332603931427002e-01 2.220832556486129761e-01 4.453970789909362793e-01 6.988682150840759277e-01 8.639720827341079712e-02 3.487765789031982422e-01 7.632972598075866699e-01 5.260361433029174805e-01 1.324349492788314819e-01 4.888883233070373535e-01 5.722684264183044434e-01
7.730499655008316040e-02 5.291533470153808594e-01 6.181217432022094727e-01 5.548949837684631348e-01 2.779412567615509033e-01 8.754463791847229004e-01 7.390717267990112305e-01 6.853147596120834351e-02 4.830127060413360596e-01 5.538312196731567383e-01 3.926476538181304932e-01 2.127225846052169800e-01 5.711863040924072266e-01 6.638352274894714355e-01
6.590275168418884277e-01 5.051458477973937988e-01 5.260717272758483887e-01 6.490374803543090820e-01 8.821822404861450195e-01 8.826860785484313965e-01 1.852396726608276367e-01 7.378302216529846191e-01 3.520148992538452148e-01 4.003228247165679932e-01 4.975434839725494385e-01 8.970531821250915527e-01 6.003128886222839355e-01 5.323659777641296387e-01
1.309799998998641968e-01 6.809356808662414551e-01 1.348225027322769165e-01 9.204149842262268066e-01 6.528150290250778198e-02 1.173792928457260132e-01 9.099288582801818848e-01 1.831659525632858276e-01 6.351326107978820801e-01 7.337241619825363159e-02 9.070635437965393066e-01 7.940403372049331665e-02 4.160388410091400146e-01 7.081006765365600586e-01
2.817449867725372314e-01 5.875154733657836914e-01 2.276834994554519653e-01 9.186375141143798828e-01 3.071047365665435791e-01 9.074702262878417969e-01 3.873119950294494629e-01 2.933215796947479248e-01 5.553524494171142578e-01 1.942757666110992432e-01 6.078705191612243652e-01 3.469800055027008057e-01 4.774220883846282959e-01 5.307191014289855957e-01
6.068999767303466797e-01 7.440279722213745117e-01 5.552470088005065918e-01 9.310100078582763672e-01 9.265072345733642578e-01 7.487454414367675781e-01 1.065580025315284729e-01 5.077080130577087402e-01 6.059960126876831055e-01 6.162014007568359375e-01 8.671315312385559082e-01 9.053634405136108398e-01 2.558879554271697998e-01 3.946184217929840088e-01
3.717800080776214600e-01 7.088994979858398438e-01 5.612580180168151855e-01 4.163727462291717529e-01 4.571954905986785889e-01 7.869939208030700684e-01 1.250683367252349854e-01 4.510482847690582275e-01 4.383959770202636719e-01 3.742730021476745605e-01 3.750043809413909912e-01 5.620678067207336426e-01 5.272346735000610352e-01 4.806566834449768066e-01
9.550999850034713745e-02 7.348151803016662598e-01 6.920747756958007812e-01 5.123475193977355957e-01 8.792262673377990723e-01 1.730298064649105072e-02 8.163986206054687500e-01 8.490459620952606201e-02 6.079331636428833008e-01 6.963667869567871094e-01 4.956306219100952148e-01 8.881590366363525391e-01 3.874608874320983887e-01 3.833915293216705322e-01
2.998274862766265869e-01 6.662678122520446777e-01 1.252427548170089722e-01 6.662275195121765137e-01 5.710232257843017578e-01 1.727082878351211548e-01 6.751709580421447754e-01 3.771134316921234131e-01 6.644230484962463379e-01 6.170414015650749207e-02 8.075202703475952148e-01 5.559029579162597656e-01 3.907005786895751953e-01 5.875579118728637695e-01
4.535500109195709229e-01 2.949983477592468262e-01 3.897237479686737061e-01 2.041224986314773560e-01 4.896639883518218994e-01 3.237257525324821472e-02 3.148236572742462158e-01 3.749533593654632568e-01 5.008844733238220215e-01 6.010859012603759766e-01 4.204868376255035400e-01 4.396307170391082764e-01 4.164712131023406982e-01 3.233731389045715332e-01
4.437899887561798096e-01 3.876276612281799316e-01 2.937380075454711914e-01 7.269074916839599609e-01 6.122825145721435547e-01 6.759816408157348633e-01 4.116563200950622559e-01 6.092407703399658203e-01 3.832962512969970703e-01 2.715339958667755127e-01 6.255628466606140137e-01 7.200237512588500977e-01 5.905786156654357910e-01 6.187935471534729004e-01
4.652050137519836426e-01 4.550846815109252930e-01 4.558182358741760254e-01 5.530825257301330566e-01 1.964642554521560669e-01 1.923914104700088501e-01 2.710030078887939453e-01 5.115755796432495117e-01 4.067032635211944580e-01 4.752575755119323730e-01 4.994905292987823486e-01 2.717825472354888916e-01 4.558086693286895752e-01 4.828096926212310791e-01
3.250750154256820679e-02 5.093628168106079102e-01 5.604357719421386719e-01 9.683174639940261841e-02 1.840497553348541260e-01 9.906110912561416626e-02 8.679397702217102051e-01 5.650943145155906677e-02 6.241711378097534180e-01 7.299094200134277344e-01 2.835499048233032227e-01 1.196056604385375977e-01 5.292565226554870605e-01 4.355663955211639404e-01
1.097775027155876160e-01 3.531931638717651367e-01 8.094587326049804688e-01 9.800525009632110596e-02 4.691612422466278076e-01 3.681816160678863525e-01 7.290320396423339844e-01 9.903098642826080322e-02 3.756070435047149658e-01 7.959161400794982910e-01 2.696560323238372803e-01 3.934586048126220703e-01 5.626656413078308105e-01 5.375087857246398926e-01
3.866224884986877441e-01 6.484264731407165527e-01 5.030350089073181152e-01 6.311925053596496582e-01 2.427390068769454956e-01 8.362802863121032715e-01 2.504663467407226562e-01 4.281567335128784180e-01 5.162002444267272949e-01 4.448647499084472656e-01 4.163128137588500977e-01 3.547281324863433838e-01 4.611012339591979980e-01 4.008308053016662598e-01
5.899925231933593750e-01 7.016066908836364746e-01 6.718800067901611328e-01 1.055245026946067810e-01 8.466395139694213867e-01 6.510836482048034668e-01 6.740410923957824707e-01 4.609978497028350830e-01 5.215841531753540039e-01 4.201453328132629395e-01 6.238051056861877441e-01 7.519152164459228516e-01 3.671111464500427246e-01 4.608988165855407715e-01
5.733475089073181152e-01 3.408998250961303711e-01 3.990134894847869873e-01 6.752974987030029297e-01 1.049055010080337524e-01 3.624636232852935791e-01 6.532863378524780273e-01 6.077914237976074219e-01 3.681563735008239746e-01 4.297236502170562744e-01 6.991101503372192383e-01 9.186679869890213013e-02 3.951495587825775146e-01 6.102992296218872070e-01
3.033399879932403564e-01 6.771423220634460449e-01 7.324150204658508301e-02 3.964257538318634033e-01 6.854627728462219238e-01 3.009533286094665527e-01 3.549329936504364014e-01 3.778795599937438965e-01 6.330119371414184570e-01 1.114158257842063904e-01 5.170943737030029297e-01 7.636388540267944336e-01 4.292911291122436523e-01 5.462870597839355469e-01
1.966075003147125244e-01 2.244630008935928345e-01 8.554250001907348633e-02 2.975359857082366943e-01 2.271302491426467896e-01 7.972438633441925049e-02 4.460099935531616211e-01 2.760132849216461182e-01 5.744933485984802246e-01 5.226579308509826660e-01 3.122643232345581055e-01 2.283622622489929199e-01 4.937987625598907471e-01 3.726693391799926758e-01
4.272625148296356201e-01 5.793964862823486328e-01 1.994644999504089355e-01 5.948974937200546265e-02 1.351879984140396118e-01 2.164591848850250244e-01 4.600630104541778564e-01 3.093735277652740479e-01 6.299335956573486328e-01 4.080604016780853271e-01 1.692734062671661377e-01 1.094042807817459106e-01 6.098642349243164062e-01 3.732836842536926270e-01
3.457999974489212036e-02 1.674879938364028931e-01 9.186595082283020020e-01 7.629424929618835449e-01 4.165515005588531494e-01 5.274913311004638672e-01 4.826959967613220215e-01 3.418221324682235718e-02 2.975079417228698730e-01 8.734086751937866211e-01 7.997891306877136230e-01 1.915424913167953491e-01 4.222876429557800293e-01 4.255629181861877441e-01
9.745724797248840332e-01 3.878139853477478027e-01 1.298257559537887573e-01 5.172125101089477539e-01 8.457534909248352051e-01 2.605712115764617920e-01 9.193726181983947754e-01 8.522354364395141602e-01 5.566558241844177246e-01 6.667933613061904907e-02 7.379046082496643066e-01 7.310707569122314453e-01 5.685113072395324707e-01 5.796139836311340332e-01
8.990000002086162567e-03 6.680160164833068848e-01 7.947924733161926270e-02 2.195032536983489990e-01 8.213882446289062500e-01 3.648533225059509277e-01 8.206087350845336914e-01 1.608595834113657475e-03 9.396447539329528809e-01 7.215594500303268433e-02 2.884775938127859263e-07 3.321894630789756775e-02 9.690183997154235840e-01 5.972208455204963684e-02
4.673025012016296387e-01 3.793559968471527100e-01 5.317587256431579590e-01 1.938247531652450562e-01 7.275797724723815918e-01 2.509693801403045654e-01 9.638689756393432617e-01 4.058882296085357666e-01 3.354667127132415771e-01 5.136079788208007812e-01 4.466971158981323242e-01 5.885871052742004395e-01 5.360642671585083008e-01 5.621975660324096680e-01
7.049199938774108887e-01 8.124211430549621582e-01 3.995667397975921631e-01 4.554885029792785645e-01 5.713610053062438965e-01 5.809615254402160645e-01 1.477036625146865845e-01 7.727330923080444336e-01 5.403760075569152832e-01 1.636524796485900879e-01 4.486935734748840332e-01 6.551964282989501953e-01 5.702056884765625000e-01 4.592265188694000244e-01
9.146500229835510254e-01 1.781450062990188599e-01 4.454975128173828125e-01 9.706224799156188965e-01 7.175109982490539551e-01 8.379697799682617188e-01 8.286145329475402832e-01 9.100541472434997559e-01 3.415461480617523193e-01 5.818277001380920410e-01 7.547020316123962402e-01 6.505254507064819336e-01 4.606918990612030029e-01 4.058226048946380615e-01
2.933000028133392334e-02 3.724956810474395752e-01 8.690974712371826172e-01 5.618100166320800781e-01 6.299149990081787109e-02 6.523442268371582031e-01 8.501488566398620605e-01 9.085342288017272949e-03 3.960343599319458008e-01 8.551082611083984375e-01 6.942376494407653809e-01 9.582221508026123047e-03 4.857314825057983398e-01 6.985924243927001953e-01
2.791750133037567139e-01 7.884361743927001953e-01 5.897700041532516479e-02 6.549274921417236328e-01 2.035714983940124512e-01 7.823231220245361328e-01 7.542160749435424805e-01 2.462728768587112427e-01 6.776942610740661621e-01 2.637309022247791290e-02 6.966126561164855957e-01 2.068042010068893433e-01 6.096283793449401855e-01 5.966942906379699707e-01
2.377450019121170044e-01 2.443999946117401123e-01 9.319957494735717773e-01 4.504442512989044189e-01 9.608632326126098633e-01 1.411705017089843750e-01 5.848933458328247070e-01 2.021384835243225098e-01 3.633721768856048584e-01 8.098111152648925781e-01 7.019922137260437012e-01 8.928408622741699219e-01 4.883493483066558838e-01 3.892348706722259521e-01
5.136625170707702637e-01 6.405320167541503906e-01 4.551477432250976562e-01 4.894577562808990479e-01 2.580167353153228760e-01 5.705167725682258606e-02 8.676409125328063965e-01 5.180218219757080078e-01 5.092108249664306641e-01 4.356361627578735352e-01 4.696303009986877441e-01 2.014692574739456177e-01 4.421494603157043457e-01 4.187736809253692627e-01
9.297999739646911621e-01 4.685964882373809814e-01 9.328014850616455078e-01 3.591487407684326172e-01 5.130900070071220398e-02 8.263292908668518066e-01 5.476756691932678223e-01 9.329270124435424805e-01 2.402415871620178223e-01 5.674035549163818359e-01 7.657099962234497070e-01 4.896565154194831848e-02 4.039659500122070312e-01 6.536156535148620605e-01
3.635050058364868164e-01 2.460754960775375366e-01 2.840802371501922607e-01 1.446104943752288818e-01 1.437620073556900024e-01 8.063829541206359863e-01 9.441310763359069824e-01 2.472140043973922729e-01 4.592288136482238770e-01 3.413901031017303467e-01 4.461859464645385742e-01 3.927908465266227722e-02 5.706477165222167969e-01 6.323974132537841797e-01
7.295424938201904297e-01 3.351703286170959473e-01 2.343074977397918701e-02 1.735904961824417114e-01 5.631945133209228516e-01 2.962669730186462402e-01 8.294847011566162109e-01 6.386749148368835449e-01 4.917814433574676514e-01 2.509956359863281250e-01 3.607031404972076416e-01 4.998294115066528320e-01 5.622728466987609863e-01 4.353755116462707520e-01
5.127224922180175781e-01 1.909443289041519165e-01 9.228557348251342773e-01 1.049280017614364624e-01 5.614364743232727051e-01 8.815972805023193359e-01 7.816983461380004883e-01 3.984872996807098389e-01 2.693888545036315918e-01 6.617240309715270996e-01 5.185732841491699219e-01 5.288093090057373047e-01 5.186752676963806152e-01 5.084805488586425781e-01
4.227499961853027344e-01 3.984954953193664551e-01 5.991947650909423828e-01 6.537299752235412598e-01 8.221499919891357422e-01 7.245889902114868164e-01 5.850009918212890625e-01 3.985458314418792725e-01 4.708929657936096191e-01 6.284440159797668457e-01 7.745741009712219238e-01 7.627020478248596191e-01 3.320139646530151367e-01 4.330471754074096680e-01
6.447275280952453613e-01 4.406161606311798096e-01 9.469867348670959473e-01 2.777464985847473145e-01 6.745367646217346191e-01 2.977691963315010071e-02 7.930464744567871094e-01 6.113395094871520996e-01 5.278391242027282715e-01 5.107474327087402344e-01 6.157104372978210449e-01 5.036567449569702148e-01 3.574420213699340820e-01 3.424320518970489502e-01
5.881574749946594238e-01 4.265193343162536621e-01 5.036932229995727539e-01 3.175984919071197510e-01 3.061864972114562988e-01 9.132704138755798340e-01 8.569837212562561035e-01 4.750464558601379395e-01 5.406976342201232910e-01 4.807514548301696777e-01 4.051164090633392334e-01 2.244097292423248291e-01 4.493967592716217041e-01 3.724906742572784424e-01
5.527499914169311523e-01 7.725604772567749023e-01 9.604867696762084961e-01 1.096727475523948669e-01 3.902287483215332031e-01 5.579910874366760254e-01 1.162329986691474915e-01 5.186265707015991211e-01 5.360523462295532227e-01 4.635862410068511963e-01 4.279043674468994141e-01 4.277175962924957275e-01 4.356881976127624512e-01 3.570064306259155273e-01
3.465549945831298828e-01 6.855944991111755371e-01 9.708734750747680664e-01 7.998549938201904297e-01 3.367124870419502258e-02 5.156407356262207031e-01 8.682900667190551758e-01 3.845402896404266357e-01 3.539542853832244873e-01 4.132302403450012207e-01 7.664121389389038086e-01 3.842193260788917542e-02 3.836847245693206787e-01 6.871970891952514648e-01
8.065075278282165527e-01 2.262906730175018311e-01 2.029242515563964844e-01 5.537099838256835938e-01 3.434124961495399475e-02 8.460672497749328613e-01 6.467233598232269287e-02 7.842030525207519531e-01 4.519147574901580811e-01 3.682159483432769775e-01 5.171410441398620605e-01 5.142166092991828918e-02 4.931182563304901123e-01 5.570175647735595703e-01
3.208099901676177979e-01 1.863678395748138428e-01 3.123000077903270721e-02 2.173185050487518311e-01 6.893892288208007812e-01 3.688910007476806641e-01 4.679393470287322998e-01 4.462157487869262695e-01 4.406215548515319824e-01 2.221517413854598999e-01 4.210331141948699951e-01 6.835980415344238281e-01 6.206287145614624023e-01 5.896568894386291504e-01
7.017599940299987793e-01 1.942598372697830200e-01 9.521002769470214844e-01 9.198424816131591797e-01 7.981345057487487793e-01 5.269034504890441895e-01 9.132369756698608398e-01 8.023682832717895508e-01 1.449743360280990601e-01 7.336296439170837402e-01 7.839328050613403320e-01 8.147367835044860840e-01 6.443412899971008301e-01 6.016516685485839844e-01
8.117874860763549805e-01 1.793943345546722412e-01 5.303397774696350098e-01 6.265249848365783691e-01 3.267037570476531982e-01 4.721077680587768555e-01 4.428743422031402588e-01 9.084904193878173828e-01 2.379674017429351807e-01 6.065281629562377930e-01 6.024061441421508789e-01 3.505502343177795410e-01 5.101556777954101562e-01 5.126292109489440918e-01
8.463674783706665039e-01 2.603396773338317871e-01 2.820439934730529785e-01 4.999207556247711182e-01 5.234835147857666016e-01 9.136135578155517578e-01 8.606400340795516968e-02 7.939313054084777832e-01 3.661331832408905029e-01 4.752839803695678711e-01 3.865007758140563965e-01 6.111178994178771973e-01 5.815400481224060059e-01 4.381529390811920166e-01
9.944000244140625000e-01 2.218358367681503296e-01 1.720930039882659912e-01 4.847662448883056641e-01 2.934922575950622559e-01 7.490941286087036133e-01 1.927926689386367798e-01 8.891330957412719727e-01 5.443089604377746582e-01 4.468567669391632080e-01 4.708200395107269287e-01 2.880026400089263916e-01 4.686971306800842285e-01 3.210221230983734131e-01
5.396199822425842285e-01 3.424330055713653564e-01 1.016094982624053955e-01 8.665475249290466309e-01 8.272287249565124512e-01 1.740013062953948975e-01 9.591920375823974609e-01 5.377323627471923828e-01 4.626324474811553955e-01 2.825334668159484863e-01 8.238170742988586426e-01 6.507130861282348633e-01 3.833851516246795654e-01 5.733502507209777832e-01
3.163549900054931641e-01 2.412720024585723877e-01 8.697975277900695801e-01 9.904199838638305664e-01 2.899030148983001709e-01 4.653993844985961914e-01 1.546390056610107422e-01 4.304342269897460938e-01 2.289757728576660156e-01 6.670873761177062988e-01 6.386330127716064453e-01 4.356071949005126953e-01 5.054507255554199219e-01 6.286911964416503906e-01
5.529249832034111023e-02 4.505078196525573730e-01 6.825092434883117676e-01 6.678125262260437012e-01 1.655824929475784302e-01 6.691441535949707031e-01 4.525323212146759033e-01 3.932919725775718689e-02 5.529683828353881836e-01 7.943829298019409180e-01 3.966036438941955566e-01 1.440256536006927490e-01 4.807230830192565918e-01 5.502507686614990234e-01
6.206774711608886719e-01 1.785324960947036743e-01 2.425380051136016846e-01 2.955275028944015503e-02 7.558084726333618164e-01 9.600194096565246582e-01 2.060196697711944580e-01 4.315131008625030518e-01 4.821636378765106201e-01 4.902158081531524658e-01 3.162893950939178467e-01 6.316916942596435547e-01 4.708842039108276367e-01 3.856272995471954346e-01
2.460750043392181396e-01 7.176194787025451660e-01 1.621192544698715210e-01 2.373367547988891602e-01 6.415475010871887207e-01 1.375248432159423828e-01 2.658306658267974854e-01 3.156652450561523438e-01 6.228013038635253906e-01 1.509954035282135010e-01 3.306627571582794189e-01 7.010685801506042480e-01 4.810323715209960938e-01 4.932828843593597412e-01
9.199299812316894531e-01 2.250796705484390259e-01 7.743309736251831055e-01 8.345775008201599121e-01 9.249039888381958008e-01 4.640942513942718506e-01 7.101820707321166992e-01 9.164531230926513672e-01 3.261447846889495850e-01 7.082635164260864258e-01 7.817209959030151367e-01 7.781649231910705566e-01 4.476048350334167480e-01 3.273573517799377441e-01
9.603250026702880859e-01 5.450321435928344727e-01 1.146697476506233215e-01 9.550999999046325684e-01 2.757882475852966309e-01 4.605836272239685059e-01 8.651856780052185059e-01 9.530588984489440918e-01 5.891318321228027344e-01 2.020473778247833252e-01 8.248696923255920410e-01 3.784183263778686523e-01 4.911446869373321533e-01 4.606644809246063232e-01
1.204499974846839905e-02 1.874786615371704102e-01 7.428597211837768555e-01 5.637350082397460938e-01 1.353417485952377319e-01 8.259353637695312500e-01 1.956689953804016113e-01 5.525683984160423279e-03 2.682856321334838867e-01 9.191617369651794434e-01 7.601533532142639160e-01 1.166111975908279419e-02 5.064390301704406738e-01 5.918458700180053711e-01
3.273675143718719482e-01 8.320863246917724609e-01 3.168227374553680420e-01 1.398047506809234619e-01 7.834757566452026367e-01 6.290248632431030273e-01 1.423113346099853516e-01 2.837934195995330811e-01 4.611168503761291504e-01 2.861442863941192627e-01 2.952584624290466309e-01 9.258006215095520020e-01 5.329731106758117676e-01 5.485642552375793457e-01
4.344049990177154541e-01 1.836201697587966919e-01 5.549357533454895020e-01 1.193452477455139160e-01 6.148917675018310547e-01 5.018258690834045410e-01 5.008950233459472656e-01 4.418842196464538574e-01 3.740857839584350586e-01 5.634815096855163574e-01 4.215027689933776855e-01 5.747811794281005859e-01 4.952739775180816650e-01 4.246546626091003418e-01
6.656824946403503418e-01 5.698183178901672363e-01 3.748934864997863770e-01 4.220192432403564453e-01 1.078250035643577576e-01 7.841259837150573730e-01 4.969396591186523438e-01 6.852855086326599121e-01 4.911294579505920410e-01 4.076105058193206787e-01 3.602619767189025879e-01 1.046580374240875244e-01 5.227841138839721680e-01 4.696729183197021484e-01
9.126399755477905273e-01 7.295699715614318848e-01 4.599750041961669922e-03 6.023650169372558594e-01 7.383092641830444336e-01 4.447256624698638916e-01 3.924649953842163086e-01 8.060692548751831055e-01 4.526259303092956543e-01 9.986028075218200684e-02 6.472082138061523438e-01 8.235569596290588379e-01 6.596978306770324707e-01 6.442059874534606934e-01
5.927624702453613281e-01 7.969380021095275879e-01 3.147200047969818115e-01 6.525275111198425293e-01 3.152549862861633301e-01 8.430555462837219238e-01 1.217896640300750732e-01 5.707893371582031250e-01 6.633059978485107422e-01 1.920179128646850586e-01 5.290902853012084961e-01 3.987907469272613525e-01 4.787120521068572998e-01 4.189527928829193115e-01
4.951825141906738281e-01 2.382826656103134155e-01 4.936827421188354492e-01 9.631975293159484863e-01 8.993780016899108887e-01 5.508499741554260254e-01 7.942029833793640137e-01 5.473304986953735352e-01 3.485191464424133301e-01 6.342983245849609375e-01 8.669137954711914062e-01 8.615226149559020996e-01 4.454641342163085938e-01 5.254209041595458984e-01
2.954750061035156250e-01 4.943531751632690430e-01 2.867447435855865479e-01 5.367050170898437500e-01 2.663795053958892822e-01 3.088882863521575928e-01 8.261472582817077637e-01 3.510775864124298096e-01 5.136380195617675781e-01 3.629096150398254395e-01 6.104908585548400879e-01 2.871828377246856689e-01 4.272305667400360107e-01 5.017038583755493164e-01
5.365999937057495117e-01 3.601716756820678711e-01 4.663124978542327881e-01 2.271144986152648926e-01 4.487582445144653320e-01 6.466563344001770020e-01 7.665904164314270020e-01 5.277170538902282715e-01 4.050201177597045898e-01 3.680294156074523926e-01 3.794429302215576172e-01 4.696022272109985352e-01 5.731047987937927246e-01 5.087442994117736816e-01
3.840200006961822510e-01 5.197191834449768066e-01 4.857147634029388428e-01 1.156880035996437073e-01 7.116387486457824707e-01 6.539517045021057129e-01 9.521313905715942383e-01 4.047054052352905273e-01 3.937560617923736572e-01 3.201769888401031494e-01 5.301610827445983887e-01 6.698964834213256836e-01 6.082838773727416992e-01 6.397942900657653809e-01
6.502500176429748535e-01 4.166921675205230713e-01 6.213162541389465332e-01 6.285474896430969238e-01 5.290174856781959534e-02 5.571200251579284668e-01 9.793671965599060059e-01 5.964248180389404297e-01 2.793001830577850342e-01 3.694268465042114258e-01 8.412238955497741699e-01 1.058882195502519608e-02 3.890988230705261230e-01 8.138923645019531250e-01
7.071749866008758545e-02 7.070360183715820312e-01 3.129277527332305908e-01 9.920049905776977539e-01 9.471755027770996094e-01 9.389640688896179199e-01 9.710583686828613281e-01 4.986922070384025574e-02 7.080090641975402832e-01 2.073183655738830566e-01 9.095601737499237061e-02 8.759350776672363281e-01 4.811871051788330078e-01 4.320980012416839600e-01
6.016499996185302734e-01 2.364670038223266602e-01 1.418517529964447021e-01 2.742764949798583984e-01 1.163989976048469543e-01 1.942558586597442627e-01 9.814959168434143066e-01 5.159251689910888672e-01 4.964781403541564941e-01 3.547290861606597900e-01 2.985774576663970947e-01 1.334513071924448013e-02 6.050655245780944824e-01 6.244503855705261230e-01
9.368749856948852539e-01 3.105620145797729492e-01 1.286187469959259033e-01 1.563829928636550903e-01 7.206979990005493164e-01 7.647799253463745117e-01 7.873678803443908691e-01 7.073697447776794434e-01 4.303679466247558594e-01 3.137643635272979736e-01 3.623376488685607910e-01 6.612710356712341309e-01 5.784999728202819824e-01 4.574527740478515625e-01
4.465425014495849609e-01 4.232286810874938965e-01 8.544987440109252930e-01 8.825225234031677246e-01 7.092865109443664551e-01 3.337733447551727295e-01 9.196926951408386230e-01 4.669012427330017090e-01 4.165674448013305664e-01 6.135653257369995117e-01 8.164865970611572266e-01 6.185653805732727051e-01 3.088554143905639648e-01 4.210332036018371582e-01
4.123499989509582520e-02 5.642784833908081055e-01 3.366257548332214355e-01 8.238524794578552246e-01 8.332707285881042480e-01 1.878641396760940552e-01 5.563660264015197754e-01 4.743941128253936768e-02 6.673575043678283691e-01 6.963139772415161133e-01 7.546302080154418945e-01 8.597651124000549316e-01 3.096678256988525391e-01 4.645483493804931641e-01
3.146199882030487061e-01 3.595576584339141846e-01 6.435042619705200195e-01 6.393074989318847656e-01 6.406614780426025391e-01 7.780373692512512207e-01 1.508400030434131622e-02 3.698462247848510742e-01 3.627251386642456055e-01 5.979433655738830566e-01 5.662299990653991699e-01 7.146649360656738281e-01 5.031464695930480957e-01 4.928972125053405762e-01
5.819674730300903320e-01 3.530548214912414551e-01 6.453629732131958008e-01 1.539367437362670898e-01 2.349732518196105957e-01 6.952026486396789551e-01 2.211849987506866455e-01 5.873870253562927246e-01 3.611999154090881348e-01 5.309287309646606445e-01 3.363592326641082764e-01 2.462477833032608032e-01 5.404016971588134766e-01 5.138867497444152832e-01
6.505224704742431641e-01 6.392993330955505371e-01 5.050787329673767090e-01 1.458157449960708618e-01 6.484597325325012207e-01 6.279878020286560059e-01 4.818966686725616455e-01 5.850012898445129395e-01 5.017553567886352539e-01 2.544846236705780029e-01 5.045143365859985352e-01 6.097591519355773926e-01 4.730966985225677490e-01 4.777781367301940918e-01
7.936000078916549683e-02 5.735970139503479004e-01 9.105307459831237793e-01 1.576180011034011841e-01 2.292982488870620728e-01 6.773114204406738281e-01 2.636710107326507568e-01 6.183054298162460327e-02 4.660632014274597168e-01 7.250085473060607910e-01 2.440988421440124512e-01 2.764902114868164062e-01 5.766226053237915039e-01 6.079379916191101074e-01
4.121125042438507080e-01 5.006426572799682617e-01 1.614764928817749023e-01 3.070757389068603516e-01 9.928487539291381836e-01 9.494737386703491211e-01 7.274215817451477051e-01 2.918045222759246826e-01 4.740959405899047852e-01 3.515497446060180664e-01 2.381035685539245605e-01 9.018376469612121582e-01 4.942652285099029541e-01 4.771800637245178223e-01
6.768724918365478516e-01 6.323341727256774902e-01 8.293092250823974609e-01 4.622355103492736816e-01 9.298072457313537598e-01 9.559648633003234863e-01 1.986576616764068604e-01 7.024115324020385742e-01 2.500118613243103027e-01 5.809457898139953613e-01 4.428499341011047363e-01 9.284151792526245117e-01 6.870101094245910645e-01 5.178935527801513672e-01
9.208700060844421387e-01 6.114343404769897461e-01 3.710674941539764404e-01 6.961575150489807129e-01 1.306407451629638672e-01 6.011397838592529297e-01 6.398720145225524902e-01 9.421178698539733887e-01 5.887560844421386719e-01 2.623829841613769531e-01 7.318264842033386230e-01 1.507093161344528198e-01 4.343367516994476318e-01 4.118993878364562988e-01
4.704799950122833252e-01 5.761476755142211914e-01 8.482172489166259766e-01 6.504775285720825195e-01 5.214767456054687500e-01 9.937075972557067871e-01 9.426579475402832031e-01 4.696121215820312500e-01 3.464523553848266602e-01 4.532584249973297119e-01 5.288773775100708008e-01 4.937398135662078857e-01 5.215975642204284668e-01 5.803938508033752441e-01
9.871000051498413086e-01 7.380246520042419434e-01 9.183604717254638672e-01 2.013545036315917969e-01 1.050572469830513000e-01 7.219816446304321289e-01 8.786040544509887695e-01 9.154147505760192871e-01 2.256065458059310913e-01 5.086632370948791504e-01 7.709392905235290527e-01 5.926283448934555054e-02 4.434278607368469238e-01 7.101980447769165039e-01
1.164999976754188538e-02 8.330911397933959961e-01 9.093310236930847168e-01 5.164949893951416016e-01 3.527782559394836426e-01 1.722430288791656494e-01 3.816379904747009277e-01 2.833499945700168610e-02 7.266368865966796875e-01 7.112642526626586914e-01 3.450248241424560547e-01 5.008500218391418457e-01 4.314205646514892578e-01 3.911435902118682861e-01
1.399524956941604614e-01 4.102056622505187988e-01 6.231064796447753906e-01 9.769225120544433594e-01 6.846380233764648438e-01 6.604446172714233398e-01 1.134806647896766663e-01 9.099847078323364258e-02 4.638854861259460449e-01 7.815300822257995605e-01 8.002951145172119141e-01 7.557791471481323242e-01 3.904561996459960938e-01 5.250282287597656250e-01
2.632974982261657715e-01 2.656104862689971924e-01 4.342275112867355347e-02 3.894522488117218018e-01 2.623017430305480957e-01 1.343323290348052979e-01 5.586083531379699707e-01 3.774778842926025391e-01 4.675196707248687744e-01 3.175260126590728760e-01 4.319844245910644531e-01 2.646029591560363770e-01 5.503866672515869141e-01 5.112996697425842285e-01
7.311674952507019043e-01 6.474741697311401367e-01 3.246217370033264160e-01 2.191219925880432129e-01 9.092952609062194824e-01 7.058147192001342773e-01 5.312083363533020020e-01 6.570221781730651855e-01 3.770119547843933105e-01 2.823481559753417969e-01 3.122738599777221680e-01 8.871487379074096680e-01 6.358622908592224121e-01 5.422992110252380371e-01
4.204474985599517822e-01 3.709990084171295166e-01 9.306852221488952637e-01 4.132249858230352402e-03 6.871950030326843262e-01 9.532450437545776367e-01 4.201456606388092041e-01 3.433974981307983398e-01 3.368993401527404785e-01 6.774280667304992676e-01 4.529233574867248535e-01 6.447916626930236816e-01 5.137348175048828125e-01 4.079805016517639160e-01
9.144325256347656250e-01 6.479095220565795898e-01 9.171262383460998535e-01 6.246849894523620605e-01 4.769574999809265137e-01 2.253358513116836548e-01 7.583124637603759766e-01 9.748131036758422852e-01 4.385652244091033936e-01 5.744695067405700684e-01 7.831327319145202637e-01 4.901752471923828125e-01 4.490094482898712158e-01 3.404043316841125488e-01
1.668500006198883057e-01 2.282795011997222900e-01 4.130964875221252441e-01 2.387272566556930542e-01 9.501252770423889160e-01 3.912641406059265137e-01 1.274096667766571045e-01 1.442391127347946167e-01 3.845678567886352539e-01 7.370548248291015625e-01 4.494212567806243896e-01 9.403421282768249512e-01 5.972194671630859375e-01 4.772308468818664551e-01
5.724800229072570801e-01 6.066531538963317871e-01 5.193912386894226074e-01 5.833175182342529297e-01 2.240187525749206543e-01 1.528712082654237747e-02 5.838613510131835938e-01 7.257490158081054688e-01 5.035968422889709473e-01 4.718390107154846191e-01 5.031099319458007812e-01 1.899939626455307007e-01 4.089641571044921875e-01 3.849197924137115479e-01
9.721000194549560547e-01 3.513773381710052490e-01 5.821959972381591797e-01 6.629024744033813477e-01 5.153047442436218262e-01 8.867051601409912109e-01 5.417850017547607422e-01 9.604402184486389160e-01 4.270995855331420898e-01 5.489978194236755371e-01 6.080866456031799316e-01 5.913628935813903809e-01 5.169021487236022949e-01 3.296706974506378174e-01
9.757549762725830078e-01 4.466879963874816895e-01 8.659275174140930176e-01 2.202187478542327881e-01 3.146150112152099609e-01 2.023295015096664429e-01 3.476016521453857422e-01 9.179331064224243164e-01 2.898286581039428711e-01 6.053318977355957031e-01 6.317529678344726562e-01 2.823238074779510498e-01 4.653857946395874023e-01 4.673069715499877930e-01
6.024624705314636230e-01 6.000358462333679199e-01 7.366440296173095703e-01 1.314607560634613037e-01 8.143842220306396484e-01 8.693859577178955078e-01 9.268115758895874023e-01 6.024780273437500000e-01 3.673948049545288086e-01 3.147537708282470703e-01 5.434302687644958496e-01 7.501529455184936523e-01 6.026779413223266602e-01 6.016781926155090332e-01
2.012400031089782715e-01 3.815110027790069580e-01 8.585077524185180664e-01 2.493102550506591797e-01 5.604252219200134277e-01 1.626758649945259094e-02 2.169380038976669312e-01 2.494203150272369385e-01 3.907428383827209473e-01 6.785904169082641602e-01 4.829002916812896729e-01 5.050563812255859375e-01 4.724859297275543213e-01 4.050287008285522461e-01
4.428249895572662354e-01 3.255431652069091797e-01 8.035429716110229492e-01 3.446577489376068115e-01 9.785485267639160156e-01 4.237544536590576172e-01 9.942741990089416504e-01 3.694061338901519775e-01 2.993920445442199707e-01 6.721305251121520996e-01 5.453491210937500000e-01 6.886523365974426270e-01 5.207482576370239258e-01 4.700973033905029297e-01
4.902150034904479980e-01 4.880734980106353760e-01 5.841022729873657227e-01 9.503775238990783691e-01 1.294797509908676147e-01 7.712795734405517578e-01 4.259139895439147949e-01 5.279615521430969238e-01 3.464746177196502686e-01 4.729615747928619385e-01 7.099927663803100586e-01 1.867078244686126709e-01 3.853004872798919678e-01 5.801287889480590820e-01
7.155950069427490234e-01 3.396468460559844971e-01 5.778499841690063477e-01 9.569324851036071777e-01 9.954682588577270508e-01 9.475606083869934082e-01 9.733666665852069855e-03 6.611843109130859375e-01 4.596166610717773438e-01 6.701450943946838379e-01 7.304542064666748047e-01 8.838307261466979980e-01 3.652468323707580566e-01 3.579585254192352295e-01
5.424025058746337891e-01 5.573086738586425781e-01 1.662174984812736511e-02 3.453732430934906006e-01 4.699522554874420166e-01 1.110838353633880615e-02 4.547083377838134766e-01 6.444557309150695801e-01 6.412348151206970215e-01 1.885006576776504517e-01 3.585934937000274658e-01 4.573345482349395752e-01 5.508841276168823242e-01 3.890815377235412598e-01
8.687850236892700195e-01 8.019423484802246094e-01 5.835794806480407715e-01 4.445595145225524902e-01 4.474924877285957336e-02 1.662075817584991455e-01 3.223066776990890503e-02 8.965902924537658691e-01 4.869544208049774170e-01 3.834866583347320557e-01 6.775881648063659668e-01 6.729767471551895142e-02 4.067996740341186523e-01 4.856750667095184326e-01
8.148000240325927734e-01 6.215536594390869141e-01 7.817950099706649780e-02 6.470099836587905884e-02 1.665007472038269043e-01 6.672195196151733398e-01 7.953569889068603516e-01 6.947255134582519531e-01 6.005346775054931641e-01 8.122389763593673706e-02 3.215964138507843018e-01 1.094711497426033020e-01 6.986439228057861328e-01 4.746996760368347168e-01
2.010924965143203735e-01 5.208246707916259766e-01 7.715669870376586914e-01 7.282500267028808594e-01 1.443410068750381470e-01 1.658741384744644165e-01 7.124543190002441406e-01 1.967504173517227173e-01 3.142305910587310791e-01 7.103496789932250977e-01 7.062001824378967285e-01 1.663793027400970459e-01 3.939383029937744141e-01 4.459576606750488281e-01
4.440249875187873840e-02 7.399014830589294434e-01 5.939354896545410156e-01 6.293699741363525391e-01 3.751834928989410400e-01 1.262980848550796509e-01 7.960428595542907715e-01 5.666347220540046692e-02 6.512621641159057617e-01 6.000796556472778320e-01 6.468689441680908203e-01 3.840660154819488525e-01 3.778570592403411865e-01 5.145763158798217773e-01
4.066250026226043701e-01 2.880555093288421631e-01 2.204700000584125519e-02 1.881475001573562622e-02 4.099765121936798096e-01 7.361112236976623535e-01 8.040610551834106445e-01 2.887446284294128418e-01 5.014896392822265625e-01 2.875049412250518799e-01 3.349792659282684326e-01 2.883336842060089111e-01 6.007504463195800781e-01 4.992772042751312256e-01
3.207724988460540771e-01 6.541846394538879395e-01 6.219859719276428223e-01 3.132880032062530518e-01 4.914075136184692383e-01 6.924595832824707031e-01 3.819893300533294678e-01 3.044886589050292969e-01 3.774193823337554932e-01 4.127903282642364502e-01 5.453602671623229980e-01 6.396649479866027832e-01 6.193417906761169434e-01 6.802481412887573242e-01
7.660899758338928223e-01 1.752775013446807861e-01 8.233197331428527832e-01 9.507275223731994629e-01 1.079782471060752869e-01 1.744058579206466675e-01 2.222686707973480225e-01 9.200123548507690430e-01 1.176170408725738525e-01 6.610878109931945801e-01 9.244810342788696289e-01 9.034498780965805054e-02 3.797025680541992188e-01 7.345433831214904785e-01
6.687350273132324219e-01 4.107071757316589355e-01 9.591947793960571289e-01 7.672299742698669434e-01 9.198252558708190918e-01 2.760475873947143555e-01 6.218776702880859375e-01 8.459806442260742188e-01 2.759738564491271973e-01 6.528474688529968262e-01 8.422642946243286133e-01 9.322103857994079590e-01 6.032246351242065430e-01 5.104383230209350586e-01
3.829349875450134277e-01 4.518409967422485352e-01 6.192114949226379395e-01 1.412605047225952148e-01 5.847114920616149902e-01 9.698917269706726074e-01 7.576421499252319336e-01 3.905708789825439453e-01 3.885875046253204346e-01 4.746919572353363037e-01 3.305151164531707764e-01 6.098802685737609863e-01 5.399723649024963379e-01 5.056447982788085938e-01
1.822800040245056152e-01 7.410910129547119141e-01 4.287784993648529053e-01 9.727674722671508789e-01 5.156260132789611816e-01 5.548734068870544434e-01 4.317829906940460205e-01 1.468646973371505737e-01 5.806522369384765625e-01 4.973750412464141846e-01 8.659911155700683594e-01 6.999924778938293457e-01 2.818160355091094971e-01 5.800414085388183594e-01
4.074774980545043945e-01 6.785355210304260254e-01 9.041702747344970703e-01 2.398242503404617310e-01 2.947754859924316406e-01 8.879771828651428223e-01 9.984859228134155273e-01 2.790598273277282715e-01 5.670555233955383301e-01 4.859248399734497070e-01 2.370165735483169556e-01 9.670913219451904297e-02 5.592845082283020020e-01 4.260604679584503174e-01
4.396449923515319824e-01 4.835981726646423340e-01 1.400475017726421356e-02 1.709427535533905029e-01 3.119977414608001709e-01 4.852584898471832275e-01 7.311444878578186035e-01 4.551958739757537842e-01 6.518873572349548340e-01 5.972978845238685608e-02 5.460700392723083496e-01 2.754172384738922119e-01 5.735436081886291504e-01 5.027181506156921387e-01
1.275900006294250488e-01 3.872483372688293457e-01 9.487425088882446289e-01 1.167844980955123901e-01 5.616724863648414612e-02 1.252895891666412354e-01 1.748013347387313843e-01 1.343512088060379028e-01 3.593351840972900391e-01 6.777315735816955566e-01 2.594934701919555664e-01 7.936559617519378662e-02 5.655255317687988281e-01 5.286121368408203125e-01
5.375750064849853516e-01 2.593303322792053223e-01 9.449257254600524902e-01 8.439025282859802246e-01 8.150400221347808838e-02 3.944902122020721436e-01 3.274810016155242920e-01 7.501308321952819824e-01 1.366777420043945312e-01 6.221268773078918457e-01 8.195781707763671875e-01 9.336993843317031860e-02 4.545743167400360107e-01 7.716573476791381836e-01
8.166199922561645508e-01 1.668203324079513550e-01 2.224394977092742920e-01 3.549455106258392334e-01 7.353617548942565918e-01 8.972108364105224609e-01 7.361181974411010742e-01 7.499994039535522461e-01 3.445054888725280762e-01 3.922629654407501221e-01 3.689737021923065186e-01 7.281207442283630371e-01 6.398109197616577148e-01 5.149081349372863770e-01
9.507300257682800293e-01 2.290794998407363892e-01 7.269935011863708496e-01 6.428325176239013672e-01 1.478397548198699951e-01 2.563213184475898743e-02 9.042685627937316895e-01 9.621587395668029785e-01 1.742171794176101685e-01 5.729324817657470703e-01 9.163212776184082031e-01 7.821138948202133179e-02 3.836230337619781494e-01 7.305278182029724121e-01
4.120849967002868652e-01 3.886718451976776123e-01 2.151607573032379150e-01 7.934675216674804688e-01 3.344855010509490967e-01 8.644419908523559570e-01 2.336743324995040894e-01 4.477487504482269287e-01 4.661779701709747314e-01 3.077273964881896973e-01 4.812632501125335693e-01 3.645933270454406738e-01 5.030688047409057617e-01 4.948107600212097168e-01
1.037874966859817505e-01 4.940769970417022705e-01 9.403492212295532227e-01 1.819860041141510010e-01 8.395845293998718262e-01 7.580046653747558594e-01 5.884383320808410645e-01 8.955179154872894287e-02 4.139092564582824707e-01 7.494813799858093262e-01 3.199799358844757080e-01 8.746190667152404785e-01 6.027551293373107910e-01 4.849454760551452637e-01
5.439800024032592773e-01 3.141635060310363770e-01 1.589819937944412231e-01 7.092174887657165527e-02 9.319102764129638672e-01 3.035661578178405762e-01 1.381633337587118149e-02 5.108619928359985352e-01 4.048627912998199463e-01 4.344722628593444824e-01 2.649218440055847168e-01 9.016446471214294434e-01 5.453613400459289551e-01 4.509034156799316406e-01
3.873575031757354736e-01 8.237251639366149902e-01 3.082250058650970459e-01 8.219674825668334961e-01 5.448164939880371094e-01 7.747303843498229980e-01 2.236966602504253387e-02 4.317751228809356689e-01 5.895634889602661133e-01 7.755931466817855835e-02 8.110240101814270020e-01 6.346235275268554688e-01 4.700302779674530029e-01 6.316952705383300781e-01
7.761849761009216309e-01 3.718998432159423828e-01 4.434669911861419678e-01 4.039514958858489990e-01 6.197850033640861511e-02 7.105566859245300293e-01 3.005490005016326904e-01 7.404594421386718750e-01 2.995072603225708008e-01 5.293755531311035156e-01 5.462563633918762207e-01 7.205721735954284668e-02 4.669272601604461670e-01 6.269662380218505859e-01
9.873800277709960938e-01 5.359823107719421387e-01 5.666212439537048340e-01 4.284430146217346191e-01 9.563059806823730469e-01 3.458921238780021667e-02 7.681704163551330566e-01 8.695950508117675781e-01 3.714324235916137695e-01 4.716926813125610352e-01 7.202724218368530273e-01 8.985157012939453125e-01 5.460222363471984863e-01 5.008553862571716309e-01
1.235449984669685364e-01 2.690021693706512451e-01 1.439985036849975586e-01 1.124422475695610046e-01 7.461360096931457520e-01 8.677965402603149414e-02 1.131829991936683655e-01 2.460541427135467529e-01 4.491421282291412354e-01 4.394557774066925049e-01 2.419248819351196289e-01 7.352935075759887695e-01 5.357787013053894043e-01 4.843194186687469482e-01
5.593749880790710449e-02 3.184539973735809326e-01 8.308002352714538574e-01 9.563025236129760742e-01 7.669515013694763184e-01 1.065079793334007263e-01 3.420990109443664551e-01 4.950449988245964050e-02 4.025812447071075439e-01 8.780423998832702637e-01 8.579382300376892090e-01 6.888176202774047852e-01 3.784806132316589355e-01 4.339536428451538086e-01
3.689649999141693115e-01 2.273650020360946655e-01 1.478627473115921021e-01 7.615849971771240234e-01 5.230867266654968262e-01 2.790378928184509277e-01 7.500044107437133789e-01 4.879446625709533691e-01 3.325421214103698730e-01 3.786603808403015137e-01 7.203842997550964355e-01 5.610109567642211914e-01 5.428254008293151855e-01 6.702278256416320801e-01
3.960374891757965088e-01 6.238396763801574707e-01 9.683125019073486328e-01 3.030174970626831055e-02 2.644087374210357666e-01 6.071625351905822754e-01 7.434496879577636719e-01 4.029955267906188965e-01 4.194039702415466309e-01 4.816387593746185303e-01 3.815493285655975342e-01 3.221793770790100098e-01 4.959235191345214844e-01 4.502802193164825439e-01
1.064700037240982056e-01 3.151873350143432617e-01 2.445607483386993408e-01 3.649787604808807373e-01 3.894385099411010742e-01 8.215081095695495605e-01 8.243320584297180176e-01 5.713167414069175720e-02 4.349893629550933838e-01 3.758259415626525879e-01 5.545918941497802734e-01 2.115642726421356201e-01 7.027444243431091309e-01 8.333463668823242188e-01
8.122550249099731445e-01 6.465596556663513184e-01 1.211022511124610901e-01 7.810425162315368652e-01 6.175227761268615723e-01 5.936071872711181641e-01 4.038223326206207275e-01 8.359391093254089355e-01 6.329874396324157715e-01 4.895175993442535400e-02 7.266477942466735840e-01 6.736719012260437012e-01 5.631414651870727539e-01 5.480810999870300293e-01
8.028150200843811035e-01 5.732144713401794434e-01 2.295535057783126831e-01 6.946424841880798340e-01 9.231107234954833984e-01 8.115611076354980469e-01 5.180090069770812988e-01 7.929934859275817871e-01 4.413084089756011963e-01 2.382193952798843384e-01 4.966951012611389160e-01 8.645093441009521484e-01 5.774537920951843262e-01 5.267066955566406250e-01
7.058950066566467285e-01 5.784844756126403809e-01 8.781217336654663086e-01 5.887324810028076172e-01 9.549574851989746094e-01 3.352040350437164307e-01 6.958832144737243652e-01 6.690419316291809082e-01 2.909264564514160156e-01 6.303172111511230469e-01 8.260051012039184570e-01 9.340924620628356934e-01 5.790113806724548340e-01 5.590803623199462891e-01
8.918575048446655273e-01 7.369746565818786621e-01 5.908054709434509277e-01 2.607057392597198486e-01 8.280537724494934082e-01 7.834926247596740723e-01 6.967225074768066406e-01 7.982913255691528320e-01 6.248493194580078125e-01 8.232895284891128540e-02 6.758332848548889160e-01 7.531923055648803711e-01 5.236685872077941895e-01 5.270728468894958496e-01
6.752799749374389648e-01 2.407515048980712891e-01 9.716762304306030273e-01 2.347504943609237671e-01 4.720567464828491211e-01 7.338165640830993652e-01 2.703480124473571777e-01 6.223304271697998047e-01 2.953577041625976562e-01 5.837275981903076172e-01 5.112535357475280762e-01 5.176296830177307129e-01 5.103512406349182129e-01 4.671691954135894775e-01
6.344249844551086426e-01 6.126148104667663574e-01 6.056257486343383789e-01 3.943184912204742432e-01 4.792717397212982178e-01 3.934729397296905518e-01 7.056192159652709961e-01 5.876548290252685547e-01 5.046309828758239746e-01 4.760414958000183105e-01 5.238876342773437500e-01 4.237231016159057617e-01 4.077079892158508301e-01 3.698290288448333740e-01
4.139175117015838623e-01 7.253504991531372070e-01 3.252139985561370850e-01 6.532300263643264771e-02 6.295999884605407715e-02 2.621102929115295410e-01 6.189373135566711426e-01 3.182824552059173584e-01 6.243977546691894531e-01 3.436579108238220215e-01 2.066113650798797607e-01 6.309605389833450317e-02 6.142883300781250000e-01 4.261088073253631592e-01
3.316025137901306152e-01 7.281389832496643066e-01 8.542452454566955566e-01 2.249505072832107544e-01 2.384702563285827637e-01 6.133063435554504395e-01 4.121526777744293213e-01 3.917676508426666260e-01 5.166043043136596680e-01 4.693388640880584717e-01 3.519167304039001465e-01 3.460965454578399658e-01 4.882941246032714844e-01 3.956373333930969238e-01
1.649250090122222900e-02 2.913664877414703369e-01 2.093594968318939209e-01 5.392674803733825684e-01 8.406982421875000000e-01 9.353960752487182617e-01 4.999243319034576416e-01 9.421600960195064545e-03 7.127076983451843262e-01 5.165200680494308472e-02 1.524543855339288712e-03 3.837806284427642822e-01 8.001199364662170410e-01 3.108530044555664062e-01
7.780249714851379395e-01 7.511096596717834473e-01 3.650715053081512451e-01 1.763432472944259644e-01 5.976972579956054688e-01 9.786142706871032715e-01 2.309333384037017822e-01 6.726256608963012695e-01 6.003984212875366211e-01 2.836214900016784668e-01 3.505224883556365967e-01 5.544317364692687988e-01 5.164731740951538086e-01 3.744502961635589600e-01
6.054049730300903320e-01 7.075453400611877441e-01 2.268392443656921387e-01 7.638350129127502441e-01 7.120339870452880859e-01 1.246047466993331909e-01 4.791416525840759277e-01 6.517589688301086426e-01 5.396040081977844238e-01 1.847902983427047729e-01 6.497292518615722656e-01 6.673628091812133789e-01 4.504082500934600830e-01 5.127775073051452637e-01
3.520149886608123779e-01 5.280548334121704102e-01 3.585387468338012695e-01 3.468132615089416504e-01 1.129002496600151062e-01 1.143163666129112244e-01 6.654980182647705078e-01 3.642506599426269531e-01 5.190491676330566406e-01 3.921683430671691895e-01 3.219721615314483643e-01 1.056228876113891602e-01 5.505486726760864258e-01 4.807779490947723389e-01
2.694750130176544189e-01 2.983153462409973145e-01 4.852362573146820068e-01 7.730575203895568848e-01 2.449090033769607544e-01 4.340046346187591553e-01 4.425783455371856689e-01 3.271789252758026123e-01 3.676611483097076416e-01 6.030441522598266602e-01 6.456594467163085938e-01 3.002772927284240723e-01 3.959283232688903809e-01 4.498540759086608887e-01
6.353974938392639160e-01 6.742054820060729980e-01 1.154307499527931213e-01 5.268524885177612305e-01 1.115292534232139587e-01 6.476544737815856934e-01 1.378476619720458984e-01 6.111104488372802734e-01 6.686374545097351074e-01 1.888740211725234985e-01 4.282849729061126709e-01 1.631717532873153687e-01 5.407488942146301270e-01 4.095761477947235107e-01
