9.197499752044677734e-01 7.251666784286499023e-01 5.852500200271606445e-01 9.272500276565551758e-01 1.032499969005584717e-01 7.730425000190734863e-01 9.452699422836303711e-01 6.859599947929382324e-01 5.712392330169677734e-01 7.304747700691223145e-01 1.034531071782112122e-01 4.061600565910339355e-01
9.336859583854675293e-01 1.212859973311424255e-01 8.150290250778198242e-01 8.057019114494323730e-01 2.176311463117599487e-01 0.000000000000000000e+00 8.956598639488220215e-01 2.049288600683212280e-01 9.028386473655700684e-01 8.466963171958923340e-01 1.969213932752609253e-01 9.243784472346305847e-03
8.624999970197677612e-02 7.328333258628845215e-01 8.352500200271606445e-01 5.232499837875366211e-01 8.042500019073486328e-01 1.424124985933303833e-01 1.141059324145317078e-01 6.917752623558044434e-01 8.442556858062744141e-01 5.200463533401489258e-01 8.486922383308410645e-01 7.417214661836624146e-02
1.197500005364418030e-01 7.655000090599060059e-01 3.937500119209289551e-01 4.627499878406524658e-01 2.425000071525573730e-02 7.378975152969360352e-01 9.874311089515686035e-02 6.400468349456787109e-01 2.904174327850341797e-01 4.327516257762908936e-01 1.112948581576347351e-01 8.423762321472167969e-01
5.172675251960754395e-01 1.429583281278610229e-01 8.761697262525558472e-02 1.231698021292686462e-01 9.803267121315002441e-01 0.000000000000000000e+00 4.356243908405303955e-01 2.881665527820587158e-01 3.896287083625793457e-01 1.170597597956657410e-01 9.348449707031250000e-01 1.790606533177196980e-03
2.271341681480407715e-01 8.790438175201416016e-01 9.257531762123107910e-01 3.813315927982330322e-01 4.390867426991462708e-02 0.000000000000000000e+00 1.680382937192916870e-01 5.918139815330505371e-01 3.821592926979064941e-01 2.696784436702728271e-01 4.310006275773048401e-02 7.592599373310804367e-03
1.485705971717834473e-01 9.356981515884399414e-01 7.307092547416687012e-01 3.513916730880737305e-01 3.173074722290039062e-01 0.000000000000000000e+00 8.314969390630722046e-02 7.012231945991516113e-01 3.979816436767578125e-01 4.965722560882568359e-01 3.428168296813964844e-01 1.398197561502456665e-02
1.405021548271179199e-01 5.727176666259765625e-01 3.251011967658996582e-01 7.108905911445617676e-01 1.983931809663772583e-01 0.000000000000000000e+00 1.158006936311721802e-01 5.590941309928894043e-01 3.297419548034667969e-01 5.503026843070983887e-01 1.897191107273101807e-01 2.907429635524749756e-02
5.658014863729476929e-02 9.218056797981262207e-01 7.214944362640380859e-01 7.646298408508300781e-01 6.718434691429138184e-01 0.000000000000000000e+00 1.632560417056083679e-02 8.787355422973632812e-01 6.065385937690734863e-01 9.081115722656250000e-01 6.519134044647216797e-01 1.767082139849662781e-03
2.087499946355819702e-01 8.308333158493041992e-01 8.952500224113464355e-01 2.347500026226043701e-01 1.957499980926513672e-01 4.715875089168548584e-01 2.121057957410812378e-01 7.402299046516418457e-01 8.259010910987854004e-01 2.078222781419754028e-01 2.304909676313400269e-01 5.363792777061462402e-01
7.906055450439453125e-01 4.366328418254852295e-01 5.793678760528564453e-01 1.937684565782546997e-01 9.248460531234741211e-01 0.000000000000000000e+00 8.443265557289123535e-01 6.357471942901611328e-01 4.348427057266235352e-01 3.215271532535552979e-01 8.894420266151428223e-01 7.055736333131790161e-02
5.567499995231628418e-01 4.368333220481872559e-01 8.874999731779098511e-02 9.472500085830688477e-01 8.372499942779541016e-01 5.433624982833862305e-01 5.597423315048217773e-01 4.975108504295349121e-01 1.386526077985763550e-01 9.138104319572448730e-01 8.403158187866210938e-01 5.001618862152099609e-01
4.023687541484832764e-01 4.230704903602600098e-01 2.892765700817108154e-01 6.632990241050720215e-01 1.429454982280731201e-01 0.000000000000000000e+00 3.698378801345825195e-01 3.903801143169403076e-01 3.538492023944854736e-01 5.827968120574951172e-01 9.652791917324066162e-02 8.254596032202243805e-03
5.790258049964904785e-01 3.795788288116455078e-01 6.833299398422241211e-01 2.418387234210968018e-01 6.230959892272949219e-01 0.000000000000000000e+00 5.188973546028137207e-01 2.648100852966308594e-01 5.889464616775512695e-01 4.098027348518371582e-01 6.457076668739318848e-01 2.673779986798763275e-02
4.119303524494171143e-01 5.004393458366394043e-01 8.077264428138732910e-01 9.557464718818664551e-01 5.222607254981994629e-01 0.000000000000000000e+00 4.634042680263519287e-01 3.692076206207275391e-01 7.160829305648803711e-01 8.671002388000488281e-01 5.539897680282592773e-01 1.520849615335464478e-01
8.146756887435913086e-01 8.151928186416625977e-01 1.095200031995773315e-01 8.154487609863281250e-01 1.468622982501983643e-01 0.000000000000000000e+00 8.278558850288391113e-01 9.188348054885864258e-01 2.774650454521179199e-01 7.335651516914367676e-01 1.024799197912216187e-01 1.526885171188041568e-04
6.838211417198181152e-01 9.244583547115325928e-02 1.761506199836730957e-01 2.715919315814971924e-01 4.803362488746643066e-02 0.000000000000000000e+00 5.149223208427429199e-01 2.763523757457733154e-01 3.185729086399078369e-01 3.976421654224395752e-01 6.718840450048446655e-02 3.698085620999336243e-02
1.502500027418136597e-01 6.945000290870666504e-01 7.067499756813049316e-01 2.177499979734420776e-01 9.425000101327896118e-02 7.354224920272827148e-01 1.312279254198074341e-01 6.689800024032592773e-01 6.716676950454711914e-01 1.893942058086395264e-01 1.194252297282218933e-01 8.317698836326599121e-01
9.202227592468261719e-01 3.655688464641571045e-01 5.650969743728637695e-01 3.665153384208679199e-01 2.911033332347869873e-01 0.000000000000000000e+00 9.502984881401062012e-01 6.854010224342346191e-01 3.268340229988098145e-01 5.684685111045837402e-01 3.260115087032318115e-01 3.004102967679500580e-02
1.555762533098459244e-02 4.682056605815887451e-01 5.393286347389221191e-01 1.991014033555984497e-01 2.700832784175872803e-01 0.000000000000000000e+00 2.154359407722949982e-02 6.120983958244323730e-01 8.130241632461547852e-01 1.886024624109268188e-01 2.384822070598602295e-01 3.921161964535713196e-02
6.574751138687133789e-01 9.879236817359924316e-01 1.938769817352294922e-01 9.676666259765625000e-01 2.524156272411346436e-01 0.000000000000000000e+00 6.997810006141662598e-01 9.759559631347656250e-01 1.829811483621597290e-01 8.634511232376098633e-01 1.830620616674423218e-01 1.062465380528010428e-04
4.377500116825103760e-01 3.538333475589752197e-01 5.725000053644180298e-02 3.642500042915344238e-01 2.675000019371509552e-02 4.453524947166442871e-01 4.228012263774871826e-01 3.488244414329528809e-01 1.627362221479415894e-01 2.708706855773925781e-01 5.706942453980445862e-02 2.257147580385208130e-01
5.147500038146972656e-01 7.461666464805603027e-01 4.427500069141387939e-01 2.087499946355819702e-01 4.997499883174896240e-01 3.527874946594238281e-01 5.358195304870605469e-01 7.064645290374755859e-01 3.593215644359588623e-01 2.817735970020294189e-01 5.017871260643005371e-01 3.523149192333221436e-01
8.477500081062316895e-01 6.428333520889282227e-01 2.902500033378601074e-01 9.562500119209289551e-01 7.402499914169311523e-01 1.780524998903274536e-01 8.576188087463378906e-01 7.023671269416809082e-01 3.344515860080718994e-01 8.654039502143859863e-01 7.628373503684997559e-01 6.170364841818809509e-02
1.307048946619033813e-01 4.378983378410339355e-02 3.353744745254516602e-01 3.004209697246551514e-01 1.680236458778381348e-01 0.000000000000000000e+00 9.731467813253402710e-02 9.865382313728332520e-02 4.355601966381072998e-01 1.447912156581878662e-01 1.714762300252914429e-01 4.987257532775402069e-03
4.311525225639343262e-01 1.146740019321441650e-01 7.652724981307983398e-01 2.018353044986724854e-01 2.326883822679519653e-01 0.000000000000000000e+00 5.172815322875976562e-01 3.005714118480682373e-01 4.296667873859405518e-01 3.096419870853424072e-01 2.219426929950714111e-01 2.218435108661651611e-01
5.751490592956542969e-01 7.594999670982360840e-02 4.751075059175491333e-03 3.296240866184234619e-01 2.183261811733245850e-01 0.000000000000000000e+00 5.053247213363647461e-01 3.341664671897888184e-01 2.536760568618774414e-01 2.431036382913589478e-01 2.155059128999710083e-01 1.362120360136032104e-01
1.992499977350234985e-01 3.591666519641876221e-01 9.657499790191650391e-01 3.250000067055225372e-03 8.375000208616256714e-02 1.830025017261505127e-01 1.198280826210975647e-01 3.278651833534240723e-01 9.213910698890686035e-01 7.081744074821472168e-02 7.625118643045425415e-02 7.829589396715164185e-02
4.059008359909057617e-01 8.716760277748107910e-01 2.249685823917388916e-01 5.936209559440612793e-01 6.763920187950134277e-01 0.000000000000000000e+00 3.883175849914550781e-01 9.128637313842773438e-01 1.782298088073730469e-01 5.704469084739685059e-01 6.504548788070678711e-01 1.872194185853004456e-02
3.400432467460632324e-01 4.255091547966003418e-01 1.347775310277938843e-01 3.251140713691711426e-01 5.471009016036987305e-01 0.000000000000000000e+00 3.984496295452117920e-01 5.461856722831726074e-01 2.493924945592880249e-01 1.605356633663177490e-01 5.665456652641296387e-01 1.355939209461212158e-01
7.705590128898620605e-01 3.973131775856018066e-01 3.222055435180664062e-01 6.207823157310485840e-01 1.766988933086395264e-01 0.000000000000000000e+00 7.593753337860107422e-01 4.598582983016967773e-01 3.434981405735015869e-01 6.088936924934387207e-01 1.329749673604965210e-01 1.124409288167953491e-01
3.567500114440917969e-01 3.388333320617675781e-01 5.867499709129333496e-01 6.472499966621398926e-01 5.577499866485595703e-01 3.404124975204467773e-01 4.042490422725677490e-01 2.541686296463012695e-01 5.501491427421569824e-01 6.303076148033142090e-01 5.408894419670104980e-01 2.123390585184097290e-01
7.997414469718933105e-01 7.713515162467956543e-01 7.895612716674804688e-02 8.006414771080017090e-02 6.401729583740234375e-01 0.000000000000000000e+00 7.415297031402587891e-01 7.006601095199584961e-01 2.322514206171035767e-01 9.740404039621353149e-02 6.626726984977722168e-01 5.150273442268371582e-02
3.567500114440917969e-01 3.388333320617675781e-01 5.867499709129333496e-01 6.472499966621398926e-01 5.577499866485595703e-01 3.404124975204467773e-01 4.042490422725677490e-01 2.541686296463012695e-01 5.501491427421569824e-01 6.303076148033142090e-01 5.408894419670104980e-01 2.123390585184097290e-01
2.517499923706054688e-01 6.198333501815795898e-01 4.977500140666961670e-01 7.227500081062316895e-01 5.952500104904174805e-01 5.230674743652343750e-01 2.734706699848175049e-01 6.606373786926269531e-01 6.196810007095336914e-01 7.288031578063964844e-01 6.133211851119995117e-01 5.258328914642333984e-01
4.377500116825103760e-01 3.538333475589752197e-01 5.725000053644180298e-02 3.642500042915344238e-01 2.675000019371509552e-02 4.453524947166442871e-01 4.228012263774871826e-01 3.488244414329528809e-01 1.627362221479415894e-01 2.708706855773925781e-01 5.706942453980445862e-02 2.257147580385208130e-01
6.639083027839660645e-01 9.675905108451843262e-01 5.683109164237976074e-01 9.805843234062194824e-01 5.836901068687438965e-01 0.000000000000000000e+00 6.291216015815734863e-01 8.346949219703674316e-01 3.118846714496612549e-01 9.435159564018249512e-01 6.285066008567810059e-01 5.973165854811668396e-03
7.262499928474426270e-01 3.008333444595336914e-01 2.924999967217445374e-02 6.517500281333923340e-01 3.974999859929084778e-02 5.527675151824951172e-01 7.346823215484619141e-01 3.809643387794494629e-01 1.819541305303573608e-01 4.037063121795654297e-01 5.656735971570014954e-02 1.523489207029342651e-01
5.009898543357849121e-01 1.891520023345947266e-01 8.855014443397521973e-01 8.201781511306762695e-01 3.303480446338653564e-01 0.000000000000000000e+00 4.910377562046051025e-01 2.131409794092178345e-01 8.341233134269714355e-01 8.246069550514221191e-01 2.901488840579986572e-01 7.142515387386083603e-03
8.474999666213989258e-02 4.178333282470703125e-01 2.502500116825103760e-01 3.462499976158142090e-01 1.792500019073486328e-01 8.796250075101852417e-02 9.955704212188720703e-02 4.406472146511077881e-01 3.233667612075805664e-01 3.178928494453430176e-01 1.916274428367614746e-01 3.296422585844993591e-02
5.707499980926513672e-01 2.768333256244659424e-01 2.472500056028366089e-01 4.202499985694885254e-01 6.162499785423278809e-01 6.865750253200531006e-02 5.587694644927978516e-01 3.317956328392028809e-01 3.363763391971588135e-01 4.074818193912506104e-01 5.878831148147583008e-01 9.238212555646896362e-02
2.544330060482025146e-02 5.197003483772277832e-01 2.350323796272277832e-01 5.688580125570297241e-02 5.452772378921508789e-01 0.000000000000000000e+00 4.821493849158287048e-02 5.307447314262390137e-01 3.775214552879333496e-01 1.383641064167022705e-01 6.347174048423767090e-01 2.099462039768695831e-02
2.907499969005584717e-01 4.438333213329315186e-01 6.312500238418579102e-01 9.792500138282775879e-01 9.562500119209289551e-01 8.215525150299072266e-01 2.643409967422485352e-01 4.937187731266021729e-01 7.101580500602722168e-01 9.051572084426879883e-01 8.989719152450561523e-01 7.889633774757385254e-01
5.922499895095825195e-01 3.555000126361846924e-01 8.552500009536743164e-01 7.402499914169311523e-01 2.752499878406524658e-01 4.394125044345855713e-01 6.743943691253662109e-01 3.299357891082763672e-01 6.823282837867736816e-01 6.999777555465698242e-01 2.467079460620880127e-01 2.713340818881988525e-01
1.387699693441390991e-01 9.380161762237548828e-01 9.337894916534423828e-01 6.062716841697692871e-01 1.667313724756240845e-01 0.000000000000000000e+00 6.293799728155136108e-02 7.629336714744567871e-01 6.275004744529724121e-01 7.200601100921630859e-01 1.234926357865333557e-01 4.023419320583343506e-02
5.438882112503051758e-01 2.981854975223541260e-01 4.236824512481689453e-01 6.179373264312744141e-01 1.384150236845016479e-01 0.000000000000000000e+00 4.349278211593627930e-01 3.849694728851318359e-01 4.981446266174316406e-01 7.177857756614685059e-01 9.307191520929336548e-02 1.750484108924865723e-02
4.192500114440917969e-01 8.331666588783264160e-01 2.402500063180923462e-01 3.272500038146972656e-01 2.727499902248382568e-01 9.462925195693969727e-01 3.952226936817169189e-01 7.542932033538818359e-01 2.329878956079483032e-01 2.467043548822402954e-01 2.636478543281555176e-01 9.050428867340087891e-01
4.032500088214874268e-01 2.255000025033950806e-01 6.592500209808349609e-01 9.312499761581420898e-01 5.867499709129333496e-01 1.047924980521202087e-01 4.290815591812133789e-01 2.875525653362274170e-01 7.322131991386413574e-01 8.492546677589416504e-01 5.699702501296997070e-01 7.799675315618515015e-02
9.900044202804565430e-01 2.624083459377288818e-01 7.603551149368286133e-01 3.845976293087005615e-01 8.150311112403869629e-01 0.000000000000000000e+00 9.126145839691162109e-01 4.051685035228729248e-01 6.663714647293090820e-01 7.602299451828002930e-01 8.476466536521911621e-01 1.133933737874031067e-01
4.936762526631355286e-02 3.868946731090545654e-01 5.161290764808654785e-01 4.347645118832588196e-02 1.363993436098098755e-01 0.000000000000000000e+00 2.982638403773307800e-02 3.179331123828887939e-01 5.824121236801147461e-01 7.135353237390518188e-02 1.224786639213562012e-01 1.327556092292070389e-02
7.067499756813049316e-01 2.685000002384185791e-01 5.397499799728393555e-01 7.762500047683715820e-01 7.002500295639038086e-01 1.295424997806549072e-01 7.592611312866210938e-01 2.683881819248199463e-01 5.454901456832885742e-01 7.047705650329589844e-01 6.843457818031311035e-01 7.403218746185302734e-02
1.117499992251396179e-01 3.808333277702331543e-01 1.052500009536743164e-01 5.272499918937683105e-01 7.074999809265136719e-02 1.810224950313568115e-01 1.374514698982238770e-01 3.049782514572143555e-01 1.307238787412643433e-01 3.671231567859649658e-01 6.749560683965682983e-02 4.282730445265769958e-02
8.624999970197677612e-02 7.328333258628845215e-01 8.352500200271606445e-01 5.232499837875366211e-01 8.042500019073486328e-01 1.424124985933303833e-01 1.141059324145317078e-01 6.917752623558044434e-01 8.442556858062744141e-01 5.200463533401489258e-01 8.486922383308410645e-01 7.417214661836624146e-02
2.873923778533935547e-01 1.059946641325950623e-01 1.368525028228759766e-01 6.090839505195617676e-01 9.352343678474426270e-01 0.000000000000000000e+00 3.773213922977447510e-01 3.462471365928649902e-01 4.672100543975830078e-01 3.237775564193725586e-01 9.406933784484863281e-01 6.086927838623523712e-03
8.577499985694885254e-01 2.168333381414413452e-01 2.547500133514404297e-01 3.422499895095825195e-01 2.307499945163726807e-01 5.324724912643432617e-01 7.979202866554260254e-01 3.204142153263092041e-01 3.099684417247772217e-01 3.281001150608062744e-01 1.930059641599655151e-01 3.382112085819244385e-01
4.059008359909057617e-01 8.716760277748107910e-01 2.249685823917388916e-01 5.936209559440612793e-01 6.763920187950134277e-01 0.000000000000000000e+00 3.883175849914550781e-01 9.128637313842773438e-01 1.782298088073730469e-01 5.704469084739685059e-01 6.504548788070678711e-01 1.872194185853004456e-02
5.987658500671386719e-01 8.647990226745605469e-01 2.228343039751052856e-01 8.925530910491943359e-01 3.162974715232849121e-01 0.000000000000000000e+00 5.363286137580871582e-01 8.129611611366271973e-01 2.456059455871582031e-01 7.305267453193664551e-01 2.712660431861877441e-01 3.193445270881056786e-03
6.227499842643737793e-01 5.504999756813049316e-01 9.182500243186950684e-01 2.882499992847442627e-01 4.312500059604644775e-01 7.106724977493286133e-01 6.326172351837158203e-01 4.776231944561004639e-01 7.852850556373596191e-01 2.678577005863189697e-01 4.155861437320709229e-01 7.053943276405334473e-01
9.250000119209289551e-03 6.671666502952575684e-01 8.472499847412109375e-01 4.362500011920928955e-01 1.627500057220458984e-01 2.226025015115737915e-01 2.230679802596569061e-02 6.313010454177856445e-01 7.849996089935302734e-01 4.628594815731048584e-01 2.421301901340484619e-01 1.142090335488319397e-01
6.424315571784973145e-01 8.899658322334289551e-01 1.672106236219406128e-01 8.769378662109375000e-01 6.194067373871803284e-02 0.000000000000000000e+00 6.495274305343627930e-01 9.524020552635192871e-01 1.988596469163894653e-01 7.827749848365783691e-01 4.172812402248382568e-02 1.402881298417923972e-05
9.327499866485595703e-01 1.961666643619537354e-01 5.502499938011169434e-01 5.617499947547912598e-01 1.867499947547912598e-01 6.260275244712829590e-01 9.484103322029113770e-01 4.059474766254425049e-01 5.309191346168518066e-01 5.691103339195251465e-01 1.644845157861709595e-01 5.642002820968627930e-01
6.677500009536743164e-01 6.388333439826965332e-01 2.257499992847442627e-01 1.757500022649765015e-01 1.952500045299530029e-01 1.676574945449829102e-01 6.494434475898742676e-01 6.535607576370239258e-01 2.175569981336593628e-01 2.256407141685485840e-01 2.024095356464385986e-01 7.159143686294555664e-02
5.812565088272094727e-01 5.481481552124023438e-01 3.001672327518463135e-01 7.627131342887878418e-01 1.665900051593780518e-01 0.000000000000000000e+00 5.683287978172302246e-01 6.362245082855224609e-01 4.027816653251647949e-01 6.325958371162414551e-01 1.442809402942657471e-01 2.167678996920585632e-02
3.567500114440917969e-01 3.388333320617675781e-01 5.867499709129333496e-01 6.472499966621398926e-01 5.577499866485595703e-01 3.404124975204467773e-01 4.042490422725677490e-01 2.541686296463012695e-01 5.501491427421569824e-01 6.303076148033142090e-01 5.408894419670104980e-01 2.123390585184097290e-01
8.942499756813049316e-01 6.038333177566528320e-01 5.497499704360961914e-01 4.132499992847442627e-01 4.922499954700469971e-01 4.413925111293792725e-01 9.062815308570861816e-01 5.985388159751892090e-01 4.945496916770935059e-01 4.055340588092803955e-01 5.140224099159240723e-01 2.472470551729202271e-01
7.037500143051147461e-01 2.081666737794876099e-01 5.124999955296516418e-02 8.377500176429748535e-01 9.057499766349792480e-01 5.740525126457214355e-01 6.354861259460449219e-01 2.482568174600601196e-01 2.277175039052963257e-01 7.455250620841979980e-01 8.717379570007324219e-01 4.719053208827972412e-01
9.041122794151306152e-01 3.093576729297637939e-01 2.242411971092224121e-01 7.386025190353393555e-01 5.637133121490478516e-01 0.000000000000000000e+00 7.762635946273803711e-01 2.136995643377304077e-01 4.756689667701721191e-01 6.791519522666931152e-01 5.824245810508728027e-01 1.525179296731948853e-02
9.422500133514404297e-01 5.985000133514404297e-01 2.437500059604644775e-01 3.787499964237213135e-01 7.767500281333923340e-01 7.324525117874145508e-01 8.667834401130676270e-01 5.835300087928771973e-01 2.465931624174118042e-01 3.684780299663543701e-01 8.063293099403381348e-01 6.831735968589782715e-01
2.517499923706054688e-01 6.198333501815795898e-01 4.977500140666961670e-01 7.227500081062316895e-01 5.952500104904174805e-01 5.230674743652343750e-01 2.734706699848175049e-01 6.606373786926269531e-01 6.196810007095336914e-01 7.288031578063964844e-01 6.133211851119995117e-01 5.258328914642333984e-01
9.942499995231628418e-01 2.911666631698608398e-01 8.725000172853469849e-02 9.897500276565551758e-01 3.057500123977661133e-01 6.082075238227844238e-01 9.414109587669372559e-01 4.025142490863800049e-01 2.164048403501510620e-01 7.851244211196899414e-01 2.673292756080627441e-01 3.990326523780822754e-01
7.262499928474426270e-01 3.008333444595336914e-01 2.924999967217445374e-02 6.517500281333923340e-01 3.974999859929084778e-02 5.527675151824951172e-01 7.346823215484619141e-01 3.809643387794494629e-01 1.819541305303573608e-01 4.037063121795654297e-01 5.656735971570014954e-02 1.523489207029342651e-01
2.354811429977416992e-01 6.751918196678161621e-01 9.184318184852600098e-01 4.669839441776275635e-01 7.406538724899291992e-01 0.000000000000000000e+00 2.304534316062927246e-01 6.332684159278869629e-01 6.080054044723510742e-01 5.595973134040832520e-01 7.623689174652099609e-01 5.428105592727661133e-02
4.032500088214874268e-01 2.255000025033950806e-01 6.592500209808349609e-01 9.312499761581420898e-01 5.867499709129333496e-01 1.047924980521202087e-01 4.290815591812133789e-01 2.875525653362274170e-01 7.322131991386413574e-01 8.492546677589416504e-01 5.699702501296997070e-01 7.799675315618515015e-02
4.422500133514404297e-01 1.764999926090240479e-01 4.402500092983245850e-01 1.772499978542327881e-01 7.625000178813934326e-02 4.319874942302703857e-01 4.427373409271240234e-01 2.065603882074356079e-01 3.994782567024230957e-01 1.290728598833084106e-01 6.386136263608932495e-02 2.987467348575592041e-01
1.197500005364418030e-01 7.655000090599060059e-01 3.937500119209289551e-01 4.627499878406524658e-01 2.425000071525573730e-02 7.378975152969360352e-01 9.874311089515686035e-02 6.400468349456787109e-01 2.904174327850341797e-01 4.327516257762908936e-01 1.112948581576347351e-01 8.423762321472167969e-01
4.977431595325469971e-01 7.610865235328674316e-01 3.032848834991455078e-01 3.583537936210632324e-01 5.015600323677062988e-01 0.000000000000000000e+00 4.731129705905914307e-01 7.723717689514160156e-01 2.416158318519592285e-01 3.878622055053710938e-01 5.003082752227783203e-01 6.325406581163406372e-02
5.182499885559082031e-01 2.278333306312561035e-01 1.567499935626983643e-01 8.647500276565551758e-01 6.932500004768371582e-01 1.503324955701828003e-01 5.204784274101257324e-01 2.038137167692184448e-01 2.499581575393676758e-01 7.957379221916198730e-01 6.689437627792358398e-01 6.630528718233108521e-02
7.037500143051147461e-01 2.081666737794876099e-01 5.124999955296516418e-02 8.377500176429748535e-01 9.057499766349792480e-01 5.740525126457214355e-01 6.354861259460449219e-01 2.482568174600601196e-01 2.277175039052963257e-01 7.455250620841979980e-01 8.717379570007324219e-01 4.719053208827972412e-01
3.044593930244445801e-01 7.061233520507812500e-01 5.048558115959167480e-01 9.641940593719482422e-01 1.542669981718063354e-01 0.000000000000000000e+00 3.133427798748016357e-01 7.469953298568725586e-01 6.140218973159790039e-01 8.062248229980468750e-01 8.453265577554702759e-02 1.888046390376985073e-03
2.517499923706054688e-01 6.198333501815795898e-01 4.977500140666961670e-01 7.227500081062316895e-01 5.952500104904174805e-01 5.230674743652343750e-01 2.734706699848175049e-01 6.606373786926269531e-01 6.196810007095336914e-01 7.288031578063964844e-01 6.133211851119995117e-01 5.258328914642333984e-01
1.967500001192092896e-01 5.351666808128356934e-01 5.907499790191650391e-01 6.075000017881393433e-02 9.127500057220458984e-01 9.522324800491333008e-01 1.906359344720840454e-01 5.182660222053527832e-01 5.629590749740600586e-01 2.298820912837982178e-01 9.412299990653991699e-01 8.444763422012329102e-01
6.272938847541809082e-01 2.957478463649749756e-01 3.745872378349304199e-01 7.152234315872192383e-01 1.206270977854728699e-01 0.000000000000000000e+00 6.692934632301330566e-01 4.218823909759521484e-01 4.171757400035858154e-01 5.280914902687072754e-01 8.470131456851959229e-02 1.503545674495398998e-03
3.921787440776824951e-01 6.951475143432617188e-01 2.807781696319580078e-01 6.777254939079284668e-01 2.692049443721771240e-01 0.000000000000000000e+00 4.621668756008148193e-01 8.123338818550109863e-01 6.218812465667724609e-01 3.543197512626647949e-01 1.803180873394012451e-01 1.478086505085229874e-02
2.542499899864196777e-01 5.245000123977661133e-01 5.952500104904174805e-01 8.477500081062316895e-01 5.725000053644180298e-02 4.290175139904022217e-01 2.796181440353393555e-01 3.487046658992767334e-01 5.345471501350402832e-01 6.200589537620544434e-01 7.793282717466354370e-02 1.164388433098793030e-01
9.009368419647216797e-01 6.819628477096557617e-01 6.743131875991821289e-01 4.584649205207824707e-01 1.629077941179275513e-01 0.000000000000000000e+00 8.019908666610717773e-01 6.412826180458068848e-01 5.613020658493041992e-01 6.612724065780639648e-01 1.274685412645339966e-01 1.184497494250535965e-02
8.177499771118164062e-01 5.158333182334899902e-01 9.177500009536743164e-01 6.962500214576721191e-01 9.737499952316284180e-01 9.705474972724914551e-01 7.971533536911010742e-01 3.954880237579345703e-01 7.455834150314331055e-01 8.295435905456542969e-01 9.071828126907348633e-01 7.121468782424926758e-01
4.909875392913818359e-01 5.280953049659729004e-01 2.120362818241119385e-01 2.709264457225799561e-01 6.170117259025573730e-01 0.000000000000000000e+00 5.257860422134399414e-01 6.078757643699645996e-01 2.028118073940277100e-01 2.439323514699935913e-01 6.240521073341369629e-01 2.290249317884445190e-01
1.992499977350234985e-01 3.591666519641876221e-01 9.657499790191650391e-01 3.250000067055225372e-03 8.375000208616256714e-02 1.830025017261505127e-01 1.198280826210975647e-01 3.278651833534240723e-01 9.213910698890686035e-01 7.081744074821472168e-02 7.625118643045425415e-02 7.829589396715164185e-02
3.447949290275573730e-01 3.523588478565216064e-01 7.860161066055297852e-01 7.058647274971008301e-02 4.101846516132354736e-01 0.000000000000000000e+00 3.078479170799255371e-01 1.896788477897644043e-01 4.889145493507385254e-01 1.928219944238662720e-01 4.626895487308502197e-01 6.129720807075500488e-02
6.132500171661376953e-01 4.048333466053009033e-01 4.632500112056732178e-01 7.622500061988830566e-01 1.612499952316284180e-01 7.913575172424316406e-01 6.489024758338928223e-01 4.394290745258331299e-01 4.083365499973297119e-01 6.192743778228759766e-01 1.596156656742095947e-01 6.100485324859619141e-01
5.753400325775146484e-01 9.747760295867919922e-01 2.034065574407577515e-01 5.647836327552795410e-01 3.590864837169647217e-01 0.000000000000000000e+00 5.784854888916015625e-01 9.028986096382141113e-01 2.022591233253479004e-01 4.140686392784118652e-01 3.495414555072784424e-01 3.650869475677609444e-03
7.709617167711257935e-02 3.328503370285034180e-01 9.948492795228958130e-02 3.288143277168273926e-01 2.596904039382934570e-01 0.000000000000000000e+00 1.141331046819686890e-01 4.643568396568298340e-01 2.793199121952056885e-01 1.605893224477767944e-01 2.571641802787780762e-01 5.583622306585311890e-02
2.275079488754272461e-01 9.777656793594360352e-01 6.999547481536865234e-01 6.144196987152099609e-01 8.408438563346862793e-01 0.000000000000000000e+00 1.903226077556610107e-01 7.448688149452209473e-01 4.523089230060577393e-01 6.664869189262390137e-01 8.264076709747314453e-01 7.809346076101064682e-03
5.830733180046081543e-01 9.567121863365173340e-01 4.152813553810119629e-01 8.153873085975646973e-01 4.684574604034423828e-01 0.000000000000000000e+00 5.432890653610229492e-01 8.967424631118774414e-01 3.298198580741882324e-01 8.391893506050109863e-01 4.631209075450897217e-01 4.998903255909681320e-03
9.781937301158905029e-02 1.210308298468589783e-01 1.053668484091758728e-01 9.728750586509704590e-01 7.676843404769897461e-01 0.000000000000000000e+00 1.888586580753326416e-01 4.932938516139984131e-01 6.002660989761352539e-01 5.501098632812500000e-01 7.578233480453491211e-01 3.843328952789306641e-01
8.425000309944152832e-02 3.655000030994415283e-01 1.875000074505805969e-02 4.672499895095825195e-01 2.232500016689300537e-01 3.839724957942962646e-01 1.254950463771820068e-01 4.707156121730804443e-01 1.461561024188995361e-01 5.108930468559265137e-01 1.654895097017288208e-01 4.226414561271667480e-01
9.250000119209289551e-03 6.671666502952575684e-01 8.472499847412109375e-01 4.362500011920928955e-01 1.627500057220458984e-01 2.226025015115737915e-01 2.230679802596569061e-02 6.313010454177856445e-01 7.849996089935302734e-01 4.628594815731048584e-01 2.421301901340484619e-01 1.142090335488319397e-01
8.980935215950012207e-01 8.041629791259765625e-01 3.761445879936218262e-01 7.220140695571899414e-01 3.358447551727294922e-01 0.000000000000000000e+00 8.773991465568542480e-01 8.366944193840026855e-01 5.411760807037353516e-01 7.059857845306396484e-01 2.861492037773132324e-01 3.843586426228284836e-03
7.398164272308349609e-01 8.458723425865173340e-01 9.131633639335632324e-01 9.974674582481384277e-01 2.628566920757293701e-01 0.000000000000000000e+00 8.752190470695495605e-01 8.211217522621154785e-01 6.732667684555053711e-01 9.021370410919189453e-01 2.232609391212463379e-01 2.491535153239965439e-03
1.035225018858909607e-01 2.088650017976760864e-01 6.674980521202087402e-01 9.990337491035461426e-01 8.034509420394897461e-01 0.000000000000000000e+00 9.775839745998382568e-02 2.319533824920654297e-01 8.043135404586791992e-01 8.036661744117736816e-01 8.249270319938659668e-01 1.279759500175714493e-02
9.525000303983688354e-02 5.774999856948852539e-01 1.882500052452087402e-01 4.282500147819519043e-01 5.407500267028808594e-01 2.409175038337707520e-01 1.419037878513336182e-01 5.682940483093261719e-01 2.468069791793823242e-01 4.748067855834960938e-01 5.773960947990417480e-01 7.254760712385177612e-02
5.004206895828247070e-01 3.921515047550201416e-01 8.860485255718231201e-02 8.602622151374816895e-01 1.431832462549209595e-01 0.000000000000000000e+00 4.956122338771820068e-01 6.034878492355346680e-01 3.455443084239959717e-01 6.800388097763061523e-01 9.296122938394546509e-02 5.045557394623756409e-03
9.547500014305114746e-01 3.425000011920928955e-01 2.362499982118606567e-01 2.532500028610229492e-01 3.957499861717224121e-01 4.588750004768371582e-02 9.229391813278198242e-01 4.709245860576629639e-01 2.723128795623779297e-01 2.711418569087982178e-01 3.858843147754669189e-01 5.475147813558578491e-02
1.824037283658981323e-01 5.445370078086853027e-01 3.521882593631744385e-01 3.496931195259094238e-01 2.419609725475311279e-01 0.000000000000000000e+00 1.604237556457519531e-01 5.971812009811401367e-01 4.785312116146087646e-01 2.129541039466857910e-01 2.102469801902770996e-01 7.258474826812744141e-02
5.857499837875366211e-01 5.264999866485595703e-01 9.624999761581420898e-02 1.667499989271163940e-01 6.437500119209289551e-01 8.067024946212768555e-01 5.412366390228271484e-01 4.918991029262542725e-01 1.743465662002563477e-01 1.693001091480255127e-01 6.637507677078247070e-01 7.326713800430297852e-01
9.568915963172912598e-01 9.894183278083801270e-01 3.005649149417877197e-01 4.932888448238372803e-01 9.698824286460876465e-01 0.000000000000000000e+00 8.949846625328063965e-01 3.671187162399291992e-01 3.267557024955749512e-01 3.979540169239044189e-01 9.139003157615661621e-01 4.506871569901704788e-03
7.922499775886535645e-01 2.451666593551635742e-01 2.677499949932098389e-01 3.075000084936618805e-02 9.747499823570251465e-01 6.052374839782714844e-01 7.255282402038574219e-01 3.660066127777099609e-01 3.179636895656585693e-01 1.736249029636383057e-01 9.085191488265991211e-01 4.455337822437286377e-01
6.337707489728927612e-02 1.044816710054874420e-02 8.643751144409179688e-01 9.160760641098022461e-01 9.571183919906616211e-01 0.000000000000000000e+00 2.072895169258117676e-01 1.678951829671859741e-01 4.680886268615722656e-01 7.127586603164672852e-01 9.455862641334533691e-01 7.327677309513092041e-02
5.857499837875366211e-01 5.264999866485595703e-01 9.624999761581420898e-02 1.667499989271163940e-01 6.437500119209289551e-01 8.067024946212768555e-01 5.412366390228271484e-01 4.918991029262542725e-01 1.743465662002563477e-01 1.693001091480255127e-01 6.637507677078247070e-01 7.326713800430297852e-01
5.137500166893005371e-01 6.348333358764648438e-01 5.807499885559082031e-01 9.202499985694885254e-01 1.557500064373016357e-01 5.626674890518188477e-01 5.356470942497253418e-01 4.142276942729949951e-01 4.804705381393432617e-01 7.311025857925415039e-01 1.457594037055969238e-01 2.729307711124420166e-01
4.715428650379180908e-01 4.189555048942565918e-01 2.829512059688568115e-01 9.359648227691650391e-01 9.588425755500793457e-01 0.000000000000000000e+00 5.700164437294006348e-01 4.476912617683410645e-01 4.162342250347137451e-01 6.492421627044677734e-01 9.282630085945129395e-01 9.010510146617889404e-02
4.951258897781372070e-01 9.404306411743164062e-01 3.408182859420776367e-01 8.247721791267395020e-01 4.359397664666175842e-02 0.000000000000000000e+00 4.903228580951690674e-01 9.013262391090393066e-01 2.164009660482406616e-01 8.019741773605346680e-01 3.037957660853862762e-02 1.015791713143698871e-04
9.547500014305114746e-01 3.425000011920928955e-01 2.362499982118606567e-01 2.532500028610229492e-01 3.957499861717224121e-01 4.588750004768371582e-02 9.229391813278198242e-01 4.709245860576629639e-01 2.723128795623779297e-01 2.711418569087982178e-01 3.858843147754669189e-01 5.475147813558578491e-02
2.909005880355834961e-01 4.377458393573760986e-01 7.917073965072631836e-01 7.933382391929626465e-01 4.878639578819274902e-01 0.000000000000000000e+00 3.233373165130615234e-01 2.274862378835678101e-01 5.789397954940795898e-01 6.867089867591857910e-01 5.152150988578796387e-01 1.284800320863723755e-01
9.942499995231628418e-01 2.911666631698608398e-01 8.725000172853469849e-02 9.897500276565551758e-01 3.057500123977661133e-01 6.082075238227844238e-01 9.414109587669372559e-01 4.025142490863800049e-01 2.164048403501510620e-01 7.851244211196899414e-01 2.673292756080627441e-01 3.990326523780822754e-01
1.927301436662673950e-01 8.795545101165771484e-01 8.618885278701782227e-02 5.868036746978759766e-01 7.600958943367004395e-01 0.000000000000000000e+00 1.904947310686111450e-01 9.464279413223266602e-01 5.288479477167129517e-02 7.460809946060180664e-01 7.923039793968200684e-01 4.713482048828154802e-04
3.097499907016754150e-01 5.391666889190673828e-01 8.897500038146972656e-01 1.025000028312206268e-02 7.647500038146972656e-01 5.785074830055236816e-01 2.797596752643585205e-01 5.522536635398864746e-01 7.616786360740661621e-01 1.841848790645599365e-01 7.677739262580871582e-01 4.684820771217346191e-01
1.492500007152557373e-01 5.341666936874389648e-01 2.392500042915344238e-01 5.562499761581420898e-01 3.927499949932098389e-01 8.977825045585632324e-01 1.626140475273132324e-01 5.363134145736694336e-01 1.767286211252212524e-01 4.760640263557434082e-01 4.041700065135955811e-01 9.130917787551879883e-01
6.453599333763122559e-01 9.176908135414123535e-01 7.924228906631469727e-01 7.378264665603637695e-01 4.738104343414306641e-01 0.000000000000000000e+00 6.690337061882019043e-01 7.886404991149902344e-01 4.894880354404449463e-01 7.575873136520385742e-01 4.681175649166107178e-01 1.200763881206512451e-02
5.967500209808349609e-01 5.328333377838134766e-01 5.092499852180480957e-01 5.947499871253967285e-01 3.992500007152557373e-01 3.740724921226501465e-01 6.683498024940490723e-01 5.471788644790649414e-01 4.596221446990966797e-01 4.919575452804565430e-01 3.978998661041259766e-01 2.776640653610229492e-01
6.225661635398864746e-01 6.041935086250305176e-01 3.567783832550048828e-01 2.468801736831665039e-01 6.679482460021972656e-01 0.000000000000000000e+00 6.031924486160278320e-01 5.909495353698730469e-01 3.485292494297027588e-01 2.190103083848953247e-01 6.924237012863159180e-01 1.594940274953842163e-01
4.058565795421600342e-01 6.376486420631408691e-01 3.037046194076538086e-01 1.859079748392105103e-01 7.615097612142562866e-02 0.000000000000000000e+00 3.861710429191589355e-01 5.986868143081665039e-01 3.047559261322021484e-01 9.863247722387313843e-02 5.677548050880432129e-02 1.028830558061599731e-02
7.524101734161376953e-01 8.527081608772277832e-01 5.996342375874519348e-02 1.454292517155408859e-02 9.244274497032165527e-01 0.000000000000000000e+00 8.405898809432983398e-01 6.573178768157958984e-01 9.850791841745376587e-02 5.642886832356452942e-02 9.194025993347167969e-01 3.516390686854720116e-03
8.096702098846435547e-01 7.855246663093566895e-01 8.377362489700317383e-01 9.693999891169369221e-04 3.214079141616821289e-01 0.000000000000000000e+00 7.731767296791076660e-01 6.251784563064575195e-01 3.282977640628814697e-01 3.984089493751525879e-01 3.424653410911560059e-01 2.186977304518222809e-02
7.037500143051147461e-01 2.081666737794876099e-01 5.124999955296516418e-02 8.377500176429748535e-01 9.057499766349792480e-01 5.740525126457214355e-01 6.354861259460449219e-01 2.482568174600601196e-01 2.277175039052963257e-01 7.455250620841979980e-01 8.717379570007324219e-01 4.719053208827972412e-01
7.412226200103759766e-01 3.465293347835540771e-01 2.720398306846618652e-01 5.316336154937744141e-01 8.472620844841003418e-01 0.000000000000000000e+00 7.018928527832031250e-01 3.215834200382232666e-01 4.739212393760681152e-01 4.115577936172485352e-01 8.508741259574890137e-01 4.617358744144439697e-02
6.202499866485595703e-01 6.754999756813049316e-01 3.052499890327453613e-01 7.287499904632568359e-01 2.812500000000000000e-01 8.958024978637695312e-01 6.377052068710327148e-01 5.962965488433837891e-01 3.170824944972991943e-01 5.369142293930053711e-01 3.098404407501220703e-01 7.095737457275390625e-01
8.337983489036560059e-01 3.777321577072143555e-01 7.002155780792236328e-01 9.167574048042297363e-01 8.239523172378540039e-01 0.000000000000000000e+00 8.848781585693359375e-01 2.541832327842712402e-01 7.359200716018676758e-01 8.491986989974975586e-01 8.866418600082397461e-01 2.038675397634506226e-01
7.564752101898193359e-01 2.247551679611206055e-01 8.532490730285644531e-01 6.086776256561279297e-01 9.618927836418151855e-01 0.000000000000000000e+00 8.213818073272705078e-01 2.204003334045410156e-01 7.287534475326538086e-01 6.506839990615844727e-01 9.256079196929931641e-01 8.382352441549301147e-02
6.424999982118606567e-02 3.221666812896728516e-01 1.432500034570693970e-01 9.674999862909317017e-02 7.162500023841857910e-01 4.161475002765655518e-01 1.210595890879631042e-01 4.424796402454376221e-01 2.638651728630065918e-01 2.743750810623168945e-01 7.136036157608032227e-01 4.073184728622436523e-01
5.992500185966491699e-01 7.551666498184204102e-01 8.052499890327453613e-01 4.177500009536743164e-01 7.957500219345092773e-01 1.696375012397766113e-01 5.907052159309387207e-01 7.752657532691955566e-01 7.274079918861389160e-01 5.148072242736816406e-01 7.982749938964843750e-01 1.020927950739860535e-01
1.117499992251396179e-01 3.808333277702331543e-01 1.052500009536743164e-01 5.272499918937683105e-01 7.074999809265136719e-02 1.810224950313568115e-01 1.374514698982238770e-01 3.049782514572143555e-01 1.307238787412643433e-01 3.671231567859649658e-01 6.749560683965682983e-02 4.282730445265769958e-02
7.925000041723251343e-02 4.868333339691162109e-01 4.742499887943267822e-01 2.274999953806400299e-02 9.662500023841857910e-01 8.477874994277954102e-01 1.085383668541908264e-01 4.740700125694274902e-01 5.079020261764526367e-01 1.458095312118530273e-01 9.780873060226440430e-01 6.030818819999694824e-01
9.504612088203430176e-01 5.290099978446960449e-01 7.748015522956848145e-01 5.419912934303283691e-01 7.497508525848388672e-01 0.000000000000000000e+00 9.180059432983398438e-01 4.583878815174102783e-01 5.356399416923522949e-01 7.571191787719726562e-01 8.232100009918212891e-01 1.088454723358154297e-01
5.857499837875366211e-01 5.264999866485595703e-01 9.624999761581420898e-02 1.667499989271163940e-01 6.437500119209289551e-01 8.067024946212768555e-01 5.412366390228271484e-01 4.918991029262542725e-01 1.743465662002563477e-01 1.693001091480255127e-01 6.637507677078247070e-01 7.326713800430297852e-01
3.514902591705322266e-01 5.282038450241088867e-01 4.427138864994049072e-01 2.031717300415039062e-01 9.533013701438903809e-01 0.000000000000000000e+00 4.092007875442504883e-01 6.638100147247314453e-01 5.999081730842590332e-01 9.620816260576248169e-02 9.365031719207763672e-01 4.888933151960372925e-03
5.411283969879150391e-01 9.812133014202117920e-02 3.634599149227142334e-01 3.207432329654693604e-01 7.892357110977172852e-01 0.000000000000000000e+00 4.782589375972747803e-01 2.218874096870422363e-01 6.039855480194091797e-01 3.263919353485107422e-01 8.077455759048461914e-01 1.927074231207370758e-02
3.857499957084655762e-01 8.264999985694885254e-01 8.447499871253967285e-01 1.167500019073486328e-01 1.217499971389770508e-01 5.389075279235839844e-01 4.195250570774078369e-01 6.905431747436523438e-01 6.297923922538757324e-01 1.310259997844696045e-01 1.483514606952667236e-01 2.275192141532897949e-01
4.042211771011352539e-01 9.792346954345703125e-01 4.301772639155387878e-02 8.334084749221801758e-01 9.639832377433776855e-01 0.000000000000000000e+00 4.621889293193817139e-01 9.729897975921630859e-01 1.051563620567321777e-01 6.996956467628479004e-01 9.200617671012878418e-01 1.357772503979504108e-03
4.032500088214874268e-01 2.255000025033950806e-01 6.592500209808349609e-01 9.312499761581420898e-01 5.867499709129333496e-01 1.047924980521202087e-01 4.290815591812133789e-01 2.875525653362274170e-01 7.322131991386413574e-01 8.492546677589416504e-01 5.699702501296997070e-01 7.799675315618515015e-02
2.927685379981994629e-01 3.080894947052001953e-01 6.561275720596313477e-01 4.585202336311340332e-01 9.822869896888732910e-01 0.000000000000000000e+00 2.611248493194580078e-01 2.275046557188034058e-01 6.800256371498107910e-01 5.239545106887817383e-01 9.216241240501403809e-01 9.184198454022407532e-03
5.542409420013427734e-01 9.019395112991333008e-01 9.221420288085937500e-01 7.337188124656677246e-01 4.230919480323791504e-01 0.000000000000000000e+00 5.666540861129760742e-01 8.816968798637390137e-01 6.523595452308654785e-01 8.419911265373229980e-01 4.100807905197143555e-01 2.382638398557901382e-03
8.616008162498474121e-01 8.647099882364273071e-02 9.286487102508544922e-01 2.911611199378967285e-01 8.118242770433425903e-02 0.000000000000000000e+00 8.911688327789306641e-01 4.076570868492126465e-01 6.535670757293701172e-01 5.649816989898681641e-01 6.905613094568252563e-02 2.752366242930293083e-03
6.862499713897705078e-01 1.848333328962326050e-01 1.072499975562095642e-01 1.247500032186508179e-01 1.492500007152557373e-01 7.700725197792053223e-01 5.618769526481628418e-01 2.707544863224029541e-01 2.630050182342529297e-01 1.552154719829559326e-01 1.252505779266357422e-01 5.490638017654418945e-01
2.562499940395355225e-01 6.324999928474426270e-01 7.047500014305114746e-01 3.497500121593475342e-01 2.192499935626983643e-01 1.760724931955337524e-01 3.001985549926757812e-01 6.035028696060180664e-01 6.835567355155944824e-01 2.711639702320098877e-01 2.010476589202880859e-01 1.981575042009353638e-01
1.912757009267807007e-01 3.835605084896087646e-01 2.494722306728363037e-01 4.403122067451477051e-01 3.868636190891265869e-01 0.000000000000000000e+00 1.762790232896804810e-01 4.984345138072967529e-01 5.261672139167785645e-01 2.080307304859161377e-01 3.892150819301605225e-01 3.577062487602233887e-02
7.737500071525573730e-01 4.474999904632568359e-01 6.207500100135803223e-01 8.602499961853027344e-01 5.787500143051147461e-01 4.166424870491027832e-01 8.212025761604309082e-01 5.331145524978637695e-01 5.686525106430053711e-01 7.992262244224548340e-01 5.833021402359008789e-01 3.156673312187194824e-01
3.530607521533966064e-01 2.641830146312713623e-01 3.895855545997619629e-01 6.104484796524047852e-01 9.195419549942016602e-01 0.000000000000000000e+00 3.900238573551177979e-01 3.071900010108947754e-01 6.183399558067321777e-01 4.695729017257690430e-01 9.127269983291625977e-01 1.220766734331846237e-02
7.854754328727722168e-01 9.458133578300476074e-02 9.576213359832763672e-01 6.558516621589660645e-01 4.770235121250152588e-01 0.000000000000000000e+00 9.069756865501403809e-01 2.605932652950286865e-01 7.363761663436889648e-01 8.419119119644165039e-01 5.315048694610595703e-01 5.547752976417541504e-02
2.517499923706054688e-01 6.198333501815795898e-01 4.977500140666961670e-01 7.227500081062316895e-01 5.952500104904174805e-01 5.230674743652343750e-01 2.734706699848175049e-01 6.606373786926269531e-01 6.196810007095336914e-01 7.288031578063964844e-01 6.133211851119995117e-01 5.258328914642333984e-01
9.773979187011718750e-01 6.998438239097595215e-01 5.071017742156982422e-01 1.743073314428329468e-01 2.501880526542663574e-01 0.000000000000000000e+00 8.468936681747436523e-01 6.531487107276916504e-01 4.265400469303131104e-01 4.323817789554595947e-01 2.316442131996154785e-01 2.235471643507480621e-02
5.147500038146972656e-01 7.461666464805603027e-01 4.427500069141387939e-01 2.087499946355819702e-01 4.997499883174896240e-01 3.527874946594238281e-01 5.358195304870605469e-01 7.064645290374755859e-01 3.593215644359588623e-01 2.817735970020294189e-01 5.017871260643005371e-01 3.523149192333221436e-01
7.137500047683715820e-01 4.058333337306976318e-01 9.047499895095825195e-01 5.977500081062316895e-01 2.067500054836273193e-01 6.522625088691711426e-01 8.337953090667724609e-01 3.071324229240417480e-01 6.377042531967163086e-01 4.850305914878845215e-01 2.022569775581359863e-01 3.650021553039550781e-01
3.538525104522705078e-01 3.897891640663146973e-01 7.772879004478454590e-01 7.054391503334045410e-01 7.920721173286437988e-01 0.000000000000000000e+00 4.629794657230377197e-01 2.919448614120483398e-01 6.493053436279296875e-01 4.852056503295898438e-01 8.275585174560546875e-01 2.137899212539196014e-02
7.045047879219055176e-01 4.602303206920623779e-01 1.139706969261169434e-01 5.109630227088928223e-01 3.441741466522216797e-01 0.000000000000000000e+00 6.722776293754577637e-01 6.494308710098266602e-01 3.157383501529693604e-01 3.881100118160247803e-01 3.580467402935028076e-01 6.569713354110717773e-02
8.341053128242492676e-01 2.533461749553680420e-01 8.604262769222259521e-02 7.592990398406982422e-01 9.503887295722961426e-01 0.000000000000000000e+00 7.004570364952087402e-01 3.302658200263977051e-01 4.624915421009063721e-01 6.780388355255126953e-01 9.238638281822204590e-01 1.548528764396905899e-02
8.303242176771163940e-02 9.393919706344604492e-01 4.198887348175048828e-01 8.395333290100097656e-01 2.332583963871002197e-01 0.000000000000000000e+00 1.812944374978542328e-02 8.968335390090942383e-01 2.494127601385116577e-01 9.519491195678710938e-01 1.871154308319091797e-01 1.647281751502305269e-04
7.568354010581970215e-01 3.704304993152618408e-01 9.434895515441894531e-01 8.726505041122436523e-01 5.784329771995544434e-01 0.000000000000000000e+00 8.288499712944030762e-01 1.717251241207122803e-01 8.105714321136474609e-01 8.655784130096435547e-01 6.257207393646240234e-01 2.041362226009368896e-02
6.424999982118606567e-02 3.221666812896728516e-01 1.432500034570693970e-01 9.674999862909317017e-02 7.162500023841857910e-01 4.161475002765655518e-01 1.210595890879631042e-01 4.424796402454376221e-01 2.638651728630065918e-01 2.743750810623168945e-01 7.136036157608032227e-01 4.073184728622436523e-01
7.004494071006774902e-01 7.129078507423400879e-01 5.063797831535339355e-01 5.209463238716125488e-01 8.542301058769226074e-01 0.000000000000000000e+00 6.621955037117004395e-01 7.704004049301147461e-01 6.544904708862304688e-01 4.611548483371734619e-01 8.648427724838256836e-01 2.787182293832302094e-02
2.231635451316833496e-01 4.844328463077545166e-01 7.213874459266662598e-01 1.995591819286346436e-01 9.449493885040283203e-01 0.000000000000000000e+00 2.268159389495849609e-01 4.435794949531555176e-01 5.405195951461791992e-01 2.889924049377441406e-01 9.162302017211914062e-01 2.220323309302330017e-02
2.319842278957366943e-01 6.772588491439819336e-01 7.598061561584472656e-01 4.946175031363964081e-03 6.143790483474731445e-01 0.000000000000000000e+00 1.691661626100540161e-01 3.994160592555999756e-01 3.652231991291046143e-01 2.604764103889465332e-01 6.102778911590576172e-01 6.419962644577026367e-02
4.829851388931274414e-01 5.667629837989807129e-01 2.181932777166366577e-01 9.752135276794433594e-01 4.278819859027862549e-01 0.000000000000000000e+00 5.271911621093750000e-01 7.440804839134216309e-01 5.203936100006103516e-01 8.125621676445007324e-01 4.027062654495239258e-01 2.864257059991359711e-02
8.002499938011169434e-01 3.785000145435333252e-01 3.072499930858612061e-01 7.832499742507934570e-01 1.722500026226043701e-01 9.418374896049499512e-01 7.414882183074951172e-01 4.492624104022979736e-01 3.867117166519165039e-01 5.976169705390930176e-01 1.457416713237762451e-01 4.231911599636077881e-01
7.922499775886535645e-01 2.451666593551635742e-01 2.677499949932098389e-01 3.075000084936618805e-02 9.747499823570251465e-01 6.052374839782714844e-01 7.255282402038574219e-01 3.660066127777099609e-01 3.179636895656585693e-01 1.736249029636383057e-01 9.085191488265991211e-01 4.455337822437286377e-01
6.651826500892639160e-01 4.746670126914978027e-01 7.483127713203430176e-01 7.818527817726135254e-01 3.594905436038970947e-01 0.000000000000000000e+00 6.943064332008361816e-01 5.354862213134765625e-01 6.485008597373962402e-01 7.798603177070617676e-01 3.864008486270904541e-01 9.342352300882339478e-02
3.891648650169372559e-01 2.752094864845275879e-01 8.263322710990905762e-01 8.507600426673889160e-01 5.243852362036705017e-02 0.000000000000000000e+00 4.389076232910156250e-01 2.434955537319183350e-01 6.245653033256530762e-01 6.742402315139770508e-01 4.540067538619041443e-02 5.506121553480625153e-03
5.753400325775146484e-01 9.747760295867919922e-01 2.034065574407577515e-01 5.647836327552795410e-01 3.590864837169647217e-01 0.000000000000000000e+00 5.784854888916015625e-01 9.028986096382141113e-01 2.022591233253479004e-01 4.140686392784118652e-01 3.495414555072784424e-01 3.650869475677609444e-03
9.942499995231628418e-01 2.911666631698608398e-01 8.725000172853469849e-02 9.897500276565551758e-01 3.057500123977661133e-01 6.082075238227844238e-01 9.414109587669372559e-01 4.025142490863800049e-01 2.164048403501510620e-01 7.851244211196899414e-01 2.673292756080627441e-01 3.990326523780822754e-01
5.397499799728393555e-01 4.061666727066040039e-01 6.297500133514404297e-01 3.267500102519989014e-01 3.487499952316284180e-01 6.667750328779220581e-02 5.547677278518676758e-01 3.269937336444854736e-01 6.685476899147033691e-01 2.605756223201751709e-01 3.334589898586273193e-01 6.717278063297271729e-02
6.177499890327453613e-01 6.188333630561828613e-01 4.407500028610229492e-01 3.187499940395355225e-01 5.037500262260437012e-01 1.216225028038024902e-01 6.318250298500061035e-01 6.239581108093261719e-01 4.407620131969451904e-01 3.608322143554687500e-01 5.048271417617797852e-01 1.244315877556800842e-01
2.517499923706054688e-01 6.198333501815795898e-01 4.977500140666961670e-01 7.227500081062316895e-01 5.952500104904174805e-01 5.230674743652343750e-01 2.734706699848175049e-01 6.606373786926269531e-01 6.196810007095336914e-01 7.288031578063964844e-01 6.133211851119995117e-01 5.258328914642333984e-01
6.227499842643737793e-01 5.504999756813049316e-01 9.182500243186950684e-01 2.882499992847442627e-01 4.312500059604644775e-01 7.106724977493286133e-01 6.326172351837158203e-01 4.776231944561004639e-01 7.852850556373596191e-01 2.678577005863189697e-01 4.155861437320709229e-01 7.053943276405334473e-01
3.240703344345092773e-01 6.005483269691467285e-01 2.642665505409240723e-01 3.322360217571258545e-01 6.076979637145996094e-01 0.000000000000000000e+00 3.740699887275695801e-01 7.128835916519165039e-01 3.297955989837646484e-01 2.281922996044158936e-01 6.216065287590026855e-01 1.078325286507606506e-01
7.807582020759582520e-01 6.329529881477355957e-01 7.704796791076660156e-01 6.540133357048034668e-01 3.272769972681999207e-02 0.000000000000000000e+00 7.316644787788391113e-01 4.932070076465606689e-01 8.182380795478820801e-01 6.661676168441772461e-01 3.681898117065429688e-02 1.096682535717263818e-04
3.158135712146759033e-01 7.241643071174621582e-01 3.257401883602142334e-01 3.730009198188781738e-01 2.784558534622192383e-01 0.000000000000000000e+00 3.105953037738800049e-01 7.510184049606323242e-01 4.789609313011169434e-01 2.013554424047470093e-01 2.359976917505264282e-01 5.018743500113487244e-02
5.857499837875366211e-01 5.264999866485595703e-01 9.624999761581420898e-02 1.667499989271163940e-01 6.437500119209289551e-01 8.067024946212768555e-01 5.412366390228271484e-01 4.918991029262542725e-01 1.743465662002563477e-01 1.693001091480255127e-01 6.637507677078247070e-01 7.326713800430297852e-01
9.327499866485595703e-01 1.961666643619537354e-01 5.502499938011169434e-01 5.617499947547912598e-01 1.867499947547912598e-01 6.260275244712829590e-01 9.484103322029113770e-01 4.059474766254425049e-01 5.309191346168518066e-01 5.691103339195251465e-01 1.644845157861709595e-01 5.642002820968627930e-01
8.725000172853469849e-02 5.738333463668823242e-01 8.117499947547912598e-01 8.967499732971191406e-01 4.697499871253967285e-01 8.616474866867065430e-01 6.971681863069534302e-02 5.328512787818908691e-01 8.002980947494506836e-01 8.130698204040527344e-01 4.723584353923797607e-01 7.466103434562683105e-01
8.477500081062316895e-01 6.428333520889282227e-01 2.902500033378601074e-01 9.562500119209289551e-01 7.402499914169311523e-01 1.780524998903274536e-01 8.576188087463378906e-01 7.023671269416809082e-01 3.344515860080718994e-01 8.654039502143859863e-01 7.628373503684997559e-01 6.170364841818809509e-02
1.724999956786632538e-02 2.105000019073486328e-01 3.075000084936618805e-02 3.967500030994415283e-01 8.824999630451202393e-02 2.468574941158294678e-01 4.371126741170883179e-02 3.131747841835021973e-01 1.223028153181076050e-01 3.424339294433593750e-01 2.040428295731544495e-02 1.039625331759452820e-01
4.422500133514404297e-01 1.764999926090240479e-01 4.402500092983245850e-01 1.772499978542327881e-01 7.625000178813934326e-02 4.319874942302703857e-01 4.427373409271240234e-01 2.065603882074356079e-01 3.994782567024230957e-01 1.290728598833084106e-01 6.386136263608932495e-02 2.987467348575592041e-01
2.152500003576278687e-01 8.138333559036254883e-01 9.817500114440917969e-01 6.437500119209289551e-01 5.357499718666076660e-01 7.557175159454345703e-01 1.954002529382705688e-01 7.583081722259521484e-01 8.311895728111267090e-01 6.941542029380798340e-01 5.542740225791931152e-01 7.565921545028686523e-01
9.547500014305114746e-01 3.425000011920928955e-01 2.362499982118606567e-01 2.532500028610229492e-01 3.957499861717224121e-01 4.588750004768371582e-02 9.229391813278198242e-01 4.709245860576629639e-01 2.723128795623779297e-01 2.711418569087982178e-01 3.858843147754669189e-01 5.475147813558578491e-02
8.624999970197677612e-02 7.328333258628845215e-01 8.352500200271606445e-01 5.232499837875366211e-01 8.042500019073486328e-01 1.424124985933303833e-01 1.141059324145317078e-01 6.917752623558044434e-01 8.442556858062744141e-01 5.200463533401489258e-01 8.486922383308410645e-01 7.417214661836624146e-02
1.127968728542327881e-01 7.876826524734497070e-01 6.185231804847717285e-01 5.304529666900634766e-01 3.197335302829742432e-01 0.000000000000000000e+00 6.278301030397415161e-02 6.458966135978698730e-01 4.160476922988891602e-01 6.151478886604309082e-01 3.374845683574676514e-01 2.259966731071472168e-02
9.725373387336730957e-01 1.009194999933242798e-01 3.468529880046844482e-01 6.130784749984741211e-01 2.963030040264129639e-01 0.000000000000000000e+00 8.236881494522094727e-01 2.263455837965011597e-01 7.099236845970153809e-01 6.489257216453552246e-01 2.892739474773406982e-01 2.852204442024230957e-02
4.377500116825103760e-01 3.538333475589752197e-01 5.725000053644180298e-02 3.642500042915344238e-01 2.675000019371509552e-02 4.453524947166442871e-01 4.228012263774871826e-01 3.488244414329528809e-01 1.627362221479415894e-01 2.708706855773925781e-01 5.706942453980445862e-02 2.257147580385208130e-01
4.875873327255249023e-01 5.076670050621032715e-01 1.414708495140075684e-01 7.456817030906677246e-01 8.653812408447265625e-01 0.000000000000000000e+00 5.706732273101806641e-01 7.572903037071228027e-01 3.651545047760009766e-01 5.051877498626708984e-01 8.592239618301391602e-01 1.003510951995849609e-01
9.525000303983688354e-02 5.774999856948852539e-01 1.882500052452087402e-01 4.282500147819519043e-01 5.407500267028808594e-01 2.409175038337707520e-01 1.419037878513336182e-01 5.682940483093261719e-01 2.468069791793823242e-01 4.748067855834960938e-01 5.773960947990417480e-01 7.254760712385177612e-02
2.674571275711059570e-01 4.637613296508789062e-01 4.814655780792236328e-01 3.224121928215026855e-01 6.944500803947448730e-01 0.000000000000000000e+00 2.325195521116256714e-01 5.201237201690673828e-01 5.866700410842895508e-01 2.672008872032165527e-01 6.787300109863281250e-01 5.084011331200599670e-02
6.132500171661376953e-01 4.048333466053009033e-01 4.632500112056732178e-01 7.622500061988830566e-01 1.612499952316284180e-01 7.913575172424316406e-01 6.489024758338928223e-01 4.394290745258331299e-01 4.083365499973297119e-01 6.192743778228759766e-01 1.596156656742095947e-01 6.100485324859619141e-01
7.906055450439453125e-01 4.366328418254852295e-01 5.793678760528564453e-01 1.937684565782546997e-01 9.248460531234741211e-01 0.000000000000000000e+00 8.443265557289123535e-01 6.357471942901611328e-01 4.348427057266235352e-01 3.215271532535552979e-01 8.894420266151428223e-01 7.055736333131790161e-02
4.033871889114379883e-01 3.996750116348266602e-01 1.862797737121582031e-01 3.928615450859069824e-01 4.071122705936431885e-01 0.000000000000000000e+00 4.319424033164978027e-01 2.336688190698623657e-01 2.077777534723281860e-01 1.661657094955444336e-01 4.180668294429779053e-01 1.575550734996795654e-01
1.242557540535926819e-02 5.834518074989318848e-01 6.026154756546020508e-01 4.197252988815307617e-01 7.770934700965881348e-01 0.000000000000000000e+00 3.179397433996200562e-02 6.257694959640502930e-01 7.372956275939941406e-01 4.421378076076507568e-01 8.194974660873413086e-01 9.289838373661041260e-03
8.942499756813049316e-01 6.038333177566528320e-01 5.497499704360961914e-01 4.132499992847442627e-01 4.922499954700469971e-01 4.413925111293792725e-01 9.062815308570861816e-01 5.985388159751892090e-01 4.945496916770935059e-01 4.055340588092803955e-01 5.140224099159240723e-01 2.472470551729202271e-01
5.992500185966491699e-01 7.551666498184204102e-01 8.052499890327453613e-01 4.177500009536743164e-01 7.957500219345092773e-01 1.696375012397766113e-01 5.907052159309387207e-01 7.752657532691955566e-01 7.274079918861389160e-01 5.148072242736816406e-01 7.982749938964843750e-01 1.020927950739860535e-01
3.119276463985443115e-01 1.107908338308334351e-01 9.734142571687698364e-02 8.830412477254867554e-02 5.616884231567382812e-01 0.000000000000000000e+00 3.076213002204895020e-01 1.805021911859512329e-01 1.679354012012481689e-01 5.491599440574645996e-02 5.673776268959045410e-01 4.203684628009796143e-03
9.327499866485595703e-01 1.961666643619537354e-01 5.502499938011169434e-01 5.617499947547912598e-01 1.867499947547912598e-01 6.260275244712829590e-01 9.484103322029113770e-01 4.059474766254425049e-01 5.309191346168518066e-01 5.691103339195251465e-01 1.644845157861709595e-01 5.642002820968627930e-01
9.992499947547912598e-01 2.108333259820938110e-01 4.542500078678131104e-01 9.667500257492065430e-01 7.722499966621398926e-01 5.196024775505065918e-01 9.223154187202453613e-01 2.564811706542968750e-01 5.987123847007751465e-01 8.427808880805969238e-01 7.871670126914978027e-01 4.329144656658172607e-01
3.642624989151954651e-02 3.828899860382080078e-01 9.471142292022705078e-02 3.722118437290191650e-01 9.973032474517822266e-01 0.000000000000000000e+00 1.018974557518959045e-01 6.277050971984863281e-01 4.395940601825714111e-01 1.689036190509796143e-01 9.584425091743469238e-01 2.829670347273349762e-02
6.424999982118606567e-02 3.221666812896728516e-01 1.432500034570693970e-01 9.674999862909317017e-02 7.162500023841857910e-01 4.161475002765655518e-01 1.210595890879631042e-01 4.424796402454376221e-01 2.638651728630065918e-01 2.743750810623168945e-01 7.136036157608032227e-01 4.073184728622436523e-01
7.686172425746917725e-02 4.657058417797088623e-01 9.882696866989135742e-01 1.752852797508239746e-01 7.528571486473083496e-01 0.000000000000000000e+00 8.009619265794754028e-02 2.196101099252700806e-01 6.155638098716735840e-01 2.750712335109710693e-01 8.376697301864624023e-01 4.479897674173116684e-03
1.502500027418136597e-01 6.945000290870666504e-01 7.067499756813049316e-01 2.177499979734420776e-01 9.425000101327896118e-02 7.354224920272827148e-01 1.312279254198074341e-01 6.689800024032592773e-01 6.716676950454711914e-01 1.893942058086395264e-01 1.194252297282218933e-01 8.317698836326599121e-01
2.522499859333038330e-01 2.831666767597198486e-01 6.997500061988830566e-01 4.477500021457672119e-01 3.902499973773956299e-01 6.982975006103515625e-01 2.282789647579193115e-01 3.233025670051574707e-01 6.884487867355346680e-01 4.704490900039672852e-01 3.516274094581604004e-01 6.606702804565429688e-01
1.782499998807907104e-01 5.178333520889282227e-01 6.672499775886535645e-01 5.974999815225601196e-02 6.962500214576721191e-01 1.567675024271011353e-01 2.146895527839660645e-01 5.341306328773498535e-01 6.547622084617614746e-01 1.802781671285629272e-01 6.749822497367858887e-01 1.232958808541297913e-01
6.659429073333740234e-01 3.298363387584686279e-01 6.580285429954528809e-01 9.360582381486892700e-02 9.068998098373413086e-01 0.000000000000000000e+00 5.969529151916503906e-01 1.972266882658004761e-01 5.652919411659240723e-01 2.602316141128540039e-01 9.068586230278015137e-01 6.467395462095737457e-03
2.075129449367523193e-01 4.705854952335357666e-01 9.845800995826721191e-01 8.438133001327514648e-01 3.860053420066833496e-01 0.000000000000000000e+00 1.781721264123916626e-01 3.196320533752441406e-01 7.487156987190246582e-01 8.402784466743469238e-01 3.778711557388305664e-01 1.165337301790714264e-02
7.665716409683227539e-01 2.398441731929779053e-01 8.189013004302978516e-01 6.475594043731689453e-01 3.196935951709747314e-01 0.000000000000000000e+00 8.075370788574218750e-01 2.472086101770401001e-01 7.738286852836608887e-01 7.394697666168212891e-01 3.143985271453857422e-01 9.865596890449523926e-02
3.617500066757202148e-01 1.958333402872085571e-01 1.767500042915344238e-01 4.187499880790710449e-01 8.402500152587890625e-01 6.616675257682800293e-01 3.344670832157135010e-01 3.700972795486450195e-01 3.054978847503662109e-01 5.340691208839416504e-01 7.879229784011840820e-01 7.605220675468444824e-01
1.782499998807907104e-01 5.178333520889282227e-01 6.672499775886535645e-01 5.974999815225601196e-02 6.962500214576721191e-01 1.567675024271011353e-01 2.146895527839660645e-01 5.341306328773498535e-01 6.547622084617614746e-01 1.802781671285629272e-01 6.749822497367858887e-01 1.232958808541297913e-01
9.197499752044677734e-01 7.251666784286499023e-01 5.852500200271606445e-01 9.272500276565551758e-01 1.032499969005584717e-01 7.730425000190734863e-01 9.452699422836303711e-01 6.859599947929382324e-01 5.712392330169677734e-01 7.304747700691223145e-01 1.034531071782112122e-01 4.061600565910339355e-01
3.086319863796234131e-01 3.117735087871551514e-01 2.340385317802429199e-01 1.290525943040847778e-01 1.516644060611724854e-01 0.000000000000000000e+00 2.658515274524688721e-01 2.932071387767791748e-01 3.534331917762756348e-01 5.121452733874320984e-02 1.327306032180786133e-01 4.595473036170005798e-02
9.547500014305114746e-01 3.425000011920928955e-01 2.362499982118606567e-01 2.532500028610229492e-01 3.957499861717224121e-01 4.588750004768371582e-02 9.229391813278198242e-01 4.709245860576629639e-01 2.723128795623779297e-01 2.711418569087982178e-01 3.858843147754669189e-01 5.475147813558578491e-02
1.062500029802322388e-01 4.724999964237213135e-01 6.117500066757202148e-01 7.057499885559082031e-01 7.172499895095825195e-01 2.339874953031539917e-01 1.291974186897277832e-01 4.779061377048492432e-01 6.930762529373168945e-01 7.421114444732666016e-01 7.067098617553710938e-01 1.608108729124069214e-01
8.002499938011169434e-01 3.785000145435333252e-01 3.072499930858612061e-01 7.832499742507934570e-01 1.722500026226043701e-01 9.418374896049499512e-01 7.414882183074951172e-01 4.492624104022979736e-01 3.867117166519165039e-01 5.976169705390930176e-01 1.457416713237762451e-01 4.231911599636077881e-01
1.570880040526390076e-02 5.816126465797424316e-01 7.025443911552429199e-01 1.161419525742530823e-01 8.992170691490173340e-01 0.000000000000000000e+00 4.971792176365852356e-02 4.519559144973754883e-01 4.933760762214660645e-01 8.895338326692581177e-02 9.435224533081054688e-01 1.076941378414630890e-02
6.389482021331787109e-01 8.388203382492065430e-01 4.574602469801902771e-02 8.967339992523193359e-01 8.914303779602050781e-01 0.000000000000000000e+00 6.624396443367004395e-01 9.107581377029418945e-01 1.808544695377349854e-01 7.864279150962829590e-01 8.669272065162658691e-01 2.613160945475101471e-02
7.279981374740600586e-01 9.814338088035583496e-01 1.477206945419311523e-01 9.428740143775939941e-01 8.802214860916137695e-01 0.000000000000000000e+00 8.093287348747253418e-01 8.797490596771240234e-01 1.924362182617187500e-01 8.358669877052307129e-01 8.826341629028320312e-01 2.464537881314754486e-02
8.807504177093505859e-01 2.739283256232738495e-02 6.614480018615722656e-01 7.557910680770874023e-01 3.618905246257781982e-01 0.000000000000000000e+00 9.131705164909362793e-01 3.513265252113342285e-01 7.095757722854614258e-01 8.655971288681030273e-01 3.689140975475311279e-01 2.269688434898853302e-02
7.262499928474426270e-01 3.008333444595336914e-01 2.924999967217445374e-02 6.517500281333923340e-01 3.974999859929084778e-02 5.527675151824951172e-01 7.346823215484619141e-01 3.809643387794494629e-01 1.819541305303573608e-01 4.037063121795654297e-01 5.656735971570014954e-02 1.523489207029342651e-01
2.367500066757202148e-01 5.378333330154418945e-01 3.197500109672546387e-01 2.102500051259994507e-01 3.602499961853027344e-01 9.784675240516662598e-01 2.054831534624099731e-01 5.117511749267578125e-01 3.015227019786834717e-01 2.668662369251251221e-01 3.590816855430603027e-01 9.188682436943054199e-01
4.174999892711639404e-02 7.754999995231628418e-01 2.872500121593475342e-01 9.377499818801879883e-01 2.587499916553497314e-01 1.557774990797042847e-01 4.794418439269065857e-02 7.814667820930480957e-01 2.885009646415710449e-01 9.363148808479309082e-01 3.210478425025939941e-01 1.854025013744831085e-02
5.099214911460876465e-01 7.358616590499877930e-02 6.981529593467712402e-01 5.454868078231811523e-01 1.685983687639236450e-01 0.000000000000000000e+00 6.545375585556030273e-01 2.982602715492248535e-01 6.397498250007629395e-01 4.766274094581604004e-01 1.362593621015548706e-01 5.887041240930557251e-02
3.904136419296264648e-01 1.687979996204376221e-01 6.164934635162353516e-01 3.129923939704895020e-01 1.402392983436584473e-01 0.000000000000000000e+00 3.774123191833496094e-01 2.712196409702301025e-01 3.870015740394592285e-01 4.733074605464935303e-01 1.098661646246910095e-01 3.417465835809707642e-02
5.825874209403991699e-01 7.045088410377502441e-01 2.029116302728652954e-01 5.254989266395568848e-01 9.269399642944335938e-01 0.000000000000000000e+00 6.336008310317993164e-01 8.401188850402832031e-01 3.754133582115173340e-01 3.026872277259826660e-01 9.085155129432678223e-01 1.591901853680610657e-02
1.251623183488845825e-01 6.208923459053039551e-01 5.682724118232727051e-01 6.317824721336364746e-01 7.633735537528991699e-01 0.000000000000000000e+00 1.305704116821289062e-01 6.340426802635192871e-01 6.174204945564270020e-01 5.431144237518310547e-01 7.312126159667968750e-01 5.509457364678382874e-02
4.838602244853973389e-01 3.109966591000556946e-02 4.642134308815002441e-01 5.202656388282775879e-01 7.493613958358764648e-01 0.000000000000000000e+00 5.565271377563476562e-01 1.554149836301803589e-01 5.850204229354858398e-01 3.385009765625000000e-01 7.816269397735595703e-01 2.752448059618473053e-02
8.477500081062316895e-01 6.428333520889282227e-01 2.902500033378601074e-01 9.562500119209289551e-01 7.402499914169311523e-01 1.780524998903274536e-01 8.576188087463378906e-01 7.023671269416809082e-01 3.344515860080718994e-01 8.654039502143859863e-01 7.628373503684997559e-01 6.170364841818809509e-02
3.097499907016754150e-01 5.391666889190673828e-01 8.897500038146972656e-01 1.025000028312206268e-02 7.647500038146972656e-01 5.785074830055236816e-01 2.797596752643585205e-01 5.522536635398864746e-01 7.616786360740661621e-01 1.841848790645599365e-01 7.677739262580871582e-01 4.684820771217346191e-01
2.416324317455291748e-01 8.572000078856945038e-03 8.328654170036315918e-01 3.080715835094451904e-01 6.569005846977233887e-01 0.000000000000000000e+00 3.149007260799407959e-01 1.616028398275375366e-01 6.428572535514831543e-01 2.776045799255371094e-01 6.612455248832702637e-01 1.257869880646467209e-02
3.674933016300201416e-01 2.736405134201049805e-01 6.761143803596496582e-01 3.894410729408264160e-01 8.353974819183349609e-01 0.000000000000000000e+00 3.467181026935577393e-01 1.674017757177352905e-01 4.569175541400909424e-01 5.785127282142639160e-01 8.624441623687744141e-01 7.780959364026784897e-03
9.276886582374572754e-01 9.279382973909378052e-02 2.513138651847839355e-01 4.438302218914031982e-01 1.447283178567886353e-01 0.000000000000000000e+00 8.070279359817504883e-01 3.393248319625854492e-01 6.078088283538818359e-01 4.707190990447998047e-01 1.392446905374526978e-01 1.412348896265029907e-01
4.971136152744293213e-01 4.849449992179870605e-01 5.493133068084716797e-01 5.723812580108642578e-01 6.107336282730102539e-01 0.000000000000000000e+00 4.369980692863464355e-01 4.480012357234954834e-01 6.022251844406127930e-01 6.779112219810485840e-01 6.523390412330627441e-01 4.492834210395812988e-02
9.607499837875366211e-01 1.688333302736282349e-01 9.202499985694885254e-01 7.357500195503234863e-01 8.472499847412109375e-01 3.547675013542175293e-01 9.248445034027099609e-01 1.825667619705200195e-01 8.260179758071899414e-01 8.428460955619812012e-01 8.566735982894897461e-01 1.691915988922119141e-01
8.162500262260437012e-01 6.061666607856750488e-01 4.707500040531158447e-01 2.437500059604644775e-01 1.947499960660934448e-01 3.300175070762634277e-01 8.566945195198059082e-01 5.443202257156372070e-01 2.947900593280792236e-01 3.303373157978057861e-01 2.064095735549926758e-01 2.910793423652648926e-01
8.922974765300750732e-02 2.850345075130462646e-01 5.364387482404708862e-02 7.765941023826599121e-01 6.037123203277587891e-01 0.000000000000000000e+00 1.595820188522338867e-01 5.563388466835021973e-01 4.030369520187377930e-01 5.007861852645874023e-01 5.905233025550842285e-01 4.104797914624214172e-02
7.412226200103759766e-01 3.465293347835540771e-01 2.720398306846618652e-01 5.316336154937744141e-01 8.472620844841003418e-01 0.000000000000000000e+00 7.018928527832031250e-01 3.215834200382232666e-01 4.739212393760681152e-01 4.115577936172485352e-01 8.508741259574890137e-01 4.617358744144439697e-02
9.491564035415649414e-01 9.381633400917053223e-01 7.294087857007980347e-02 2.436635941267013550e-01 8.292838335037231445e-01 0.000000000000000000e+00 8.859444260597229004e-01 8.009263873100280762e-01 2.245623618364334106e-01 1.569616645574569702e-01 8.461561203002929688e-01 3.701877966523170471e-02
2.152500003576278687e-01 8.138333559036254883e-01 9.817500114440917969e-01 6.437500119209289551e-01 5.357499718666076660e-01 7.557175159454345703e-01 1.954002529382705688e-01 7.583081722259521484e-01 8.311895728111267090e-01 6.941542029380798340e-01 5.542740225791931152e-01 7.565921545028686523e-01
2.371441274881362915e-01 7.108625173568725586e-01 9.535995721817016602e-01 8.573537468910217285e-01 7.598479986190795898e-01 0.000000000000000000e+00 1.945047527551651001e-01 5.886895060539245605e-01 6.933870315551757812e-01 8.644112348556518555e-01 7.687073349952697754e-01 7.432000339031219482e-02
2.126888483762741089e-01 6.114683151245117188e-01 2.954800426959991455e-01 3.459549546241760254e-01 3.598563969135284424e-01 0.000000000000000000e+00 2.133521288633346558e-01 6.840747594833374023e-01 3.685719668865203857e-01 2.531742751598358154e-01 3.868008255958557129e-01 3.810870647430419922e-02
5.707499980926513672e-01 2.768333256244659424e-01 2.472500056028366089e-01 4.202499985694885254e-01 6.162499785423278809e-01 6.865750253200531006e-02 5.587694644927978516e-01 3.317956328392028809e-01 3.363763391971588135e-01 4.074818193912506104e-01 5.878831148147583008e-01 9.238212555646896362e-02
5.414427518844604492e-01 5.395249724388122559e-01 5.462274551391601562e-01 2.694048285484313965e-01 3.832003474235534668e-01 0.000000000000000000e+00 5.460864305496215820e-01 3.639956116676330566e-01 4.740965366363525391e-01 2.171311825513839722e-01 3.959856629371643066e-01 1.992157697677612305e-01
1.018431484699249268e-01 6.617899984121322632e-02 5.955444574356079102e-01 7.399506568908691406e-01 5.869356393814086914e-01 0.000000000000000000e+00 1.343422383069992065e-01 1.509559750556945801e-01 5.774074792861938477e-01 7.268758416175842285e-01 6.118450164794921875e-01 1.406048703938722610e-02
5.898253321647644043e-01 2.482301592826843262e-01 5.421860814094543457e-01 8.744383454322814941e-01 3.688571453094482422e-01 0.000000000000000000e+00 5.414264202117919922e-01 2.716935873031616211e-01 7.344430685043334961e-01 8.233304023742675781e-01 3.523841500282287598e-01 3.326969966292381287e-02
1.930500715970993042e-01 6.904796957969665527e-01 4.604114294052124023e-01 9.435105919837951660e-01 7.848818898200988770e-01 0.000000000000000000e+00 1.542135328054428101e-01 7.837086915969848633e-01 6.866848468780517578e-01 8.979141712188720703e-01 7.494149208068847656e-01 3.775940462946891785e-02
2.517499923706054688e-01 6.198333501815795898e-01 4.977500140666961670e-01 7.227500081062316895e-01 5.952500104904174805e-01 5.230674743652343750e-01 2.734706699848175049e-01 6.606373786926269531e-01 6.196810007095336914e-01 7.288031578063964844e-01 6.133211851119995117e-01 5.258328914642333984e-01
8.697500228881835938e-01 5.304999947547912598e-01 9.707499742507934570e-01 6.927499771118164062e-01 5.352500081062316895e-01 6.816250085830688477e-02 9.266922473907470703e-01 4.098426103591918945e-01 7.233157753944396973e-01 7.948690652847290039e-01 5.570636987686157227e-01 1.527786701917648315e-01
9.492180943489074707e-01 4.704066812992095947e-01 6.083437204360961914e-01 8.295798897743225098e-01 6.255770325660705566e-01 0.000000000000000000e+00 9.487962126731872559e-01 5.450784564018249512e-01 6.240451335906982422e-01 8.823642730712890625e-01 6.676915287971496582e-01 1.629387587308883667e-02
9.912271499633789062e-01 4.115328192710876465e-01 9.263575077056884766e-03 5.311646461486816406e-01 7.408345937728881836e-01 0.000000000000000000e+00 9.107332229614257812e-01 6.434322595596313477e-01 3.237029314041137695e-01 3.754931092262268066e-01 7.463358044624328613e-01 2.214214392006397247e-02
2.482344508171081543e-01 4.730358421802520752e-01 7.636732459068298340e-01 9.306960105895996094e-01 1.959750056266784668e-01 0.000000000000000000e+00 2.330211102962493896e-01 2.660144567489624023e-01 5.894550681114196777e-01 7.919288873672485352e-01 1.374471187591552734e-01 3.519349033012986183e-03
3.186056911945343018e-01 5.354290008544921875e-01 3.599792346358299255e-02 5.303654670715332031e-01 4.351224005222320557e-01 0.000000000000000000e+00 4.081088900566101074e-01 7.801266312599182129e-01 1.354869753122329712e-01 4.021799266338348389e-01 4.207617640495300293e-01 1.295841783285140991e-01
8.997499942779541016e-01 3.171666562557220459e-01 7.972499728202819824e-01 1.452499926090240479e-01 7.557500004768371582e-01 8.012574911117553711e-01 8.797512650489807129e-01 3.439547419548034668e-01 6.759860515594482422e-01 2.234451919794082642e-01 7.241950035095214844e-01 7.061135768890380859e-01
7.037500143051147461e-01 2.081666737794876099e-01 5.124999955296516418e-02 8.377500176429748535e-01 9.057499766349792480e-01 5.740525126457214355e-01 6.354861259460449219e-01 2.482568174600601196e-01 2.277175039052963257e-01 7.455250620841979980e-01 8.717379570007324219e-01 4.719053208827972412e-01
9.360225200653076172e-01 8.079928159713745117e-01 1.212343499064445496e-01 8.698800206184387207e-01 6.499283313751220703e-01 0.000000000000000000e+00 9.372653961181640625e-01 8.272088766098022461e-01 2.839738726615905762e-01 7.469356060028076172e-01 6.666458845138549805e-01 1.337907649576663971e-02
9.477499723434448242e-01 2.308333367109298706e-01 1.042499989271163940e-01 3.242500126361846924e-01 1.475000008940696716e-02 7.334424853324890137e-01 8.549132347106933594e-01 3.116813600063323975e-01 1.299418509006500244e-01 2.731801867485046387e-01 4.971813410520553589e-02 4.366028606891632080e-01
2.604655623435974121e-01 1.575356721878051758e-01 2.390160039067268372e-02 1.453173458576202393e-01 2.065290212631225586e-01 0.000000000000000000e+00 2.353205680847167969e-01 2.027570307254791260e-01 1.252160817384719849e-01 8.286151289939880371e-02 2.002644836902618408e-01 3.788878396153450012e-02
2.172500044107437134e-01 6.765000224113464355e-01 9.674999862909317017e-02 9.392499923706054688e-01 9.047499895095825195e-01 6.864175200462341309e-01 2.341804057359695435e-01 7.656709551811218262e-01 1.845850348472595215e-01 8.746242523193359375e-01 9.500287175178527832e-01 7.473583817481994629e-01
7.913379669189453125e-01 7.808918356895446777e-01 7.188556790351867676e-01 9.510017633438110352e-01 7.228804826736450195e-01 0.000000000000000000e+00 8.339452147483825684e-01 7.445148229598999023e-01 6.049463152885437012e-01 9.148954749107360840e-01 7.580845355987548828e-01 2.708512358367443085e-02
2.280253469944000244e-01 4.683878421783447266e-01 6.794906854629516602e-01 1.134227514266967773e-01 8.491526246070861816e-01 0.000000000000000000e+00 2.204091697931289673e-01 4.477446973323822021e-01 6.573222875595092773e-01 1.197531968355178833e-01 8.639298677444458008e-01 9.241199120879173279e-03
4.377500116825103760e-01 3.538333475589752197e-01 5.725000053644180298e-02 3.642500042915344238e-01 2.675000019371509552e-02 4.453524947166442871e-01 4.228012263774871826e-01 3.488244414329528809e-01 1.627362221479415894e-01 2.708706855773925781e-01 5.706942453980445862e-02 2.257147580385208130e-01
7.262499928474426270e-01 3.008333444595336914e-01 2.924999967217445374e-02 6.517500281333923340e-01 3.974999859929084778e-02 5.527675151824951172e-01 7.346823215484619141e-01 3.809643387794494629e-01 1.819541305303573608e-01 4.037063121795654297e-01 5.656735971570014954e-02 1.523489207029342651e-01
5.651347637176513672e-01 9.321648478507995605e-01 6.625972390174865723e-01 4.687701761722564697e-01 4.617397487163543701e-01 0.000000000000000000e+00 5.897757411003112793e-01 6.879805922508239746e-01 2.348449230194091797e-01 5.597955584526062012e-01 4.549185931682586670e-01 1.224933788180351257e-01
6.177499890327453613e-01 6.188333630561828613e-01 4.407500028610229492e-01 3.187499940395355225e-01 5.037500262260437012e-01 1.216225028038024902e-01 6.318250298500061035e-01 6.239581108093261719e-01 4.407620131969451904e-01 3.608322143554687500e-01 5.048271417617797852e-01 1.244315877556800842e-01
7.037500143051147461e-01 2.081666737794876099e-01 5.124999955296516418e-02 8.377500176429748535e-01 9.057499766349792480e-01 5.740525126457214355e-01 6.354861259460449219e-01 2.482568174600601196e-01 2.277175039052963257e-01 7.455250620841979980e-01 8.717379570007324219e-01 4.719053208827972412e-01
4.394262731075286865e-01 6.250724792480468750e-01 3.203501701354980469e-01 9.123785048723220825e-02 8.348409831523895264e-02 0.000000000000000000e+00 3.513039946556091309e-01 3.889009356498718262e-01 1.871577650308609009e-01 1.493795514106750488e-01 7.312941551208496094e-02 9.832923859357833862e-02
5.013344287872314453e-01 3.405955135822296143e-01 7.864717841148376465e-01 5.830609798431396484e-01 2.137912064790725708e-01 0.000000000000000000e+00 6.325775980949401855e-01 2.847867906093597412e-01 5.242856144905090332e-01 4.598547518253326416e-01 1.914357692003250122e-01 3.315000608563423157e-02
1.143483966588973999e-01 7.616121768951416016e-01 2.443037927150726318e-01 5.447492003440856934e-01 5.162500739097595215e-01 0.000000000000000000e+00 8.134236186742782593e-02 7.671355605125427246e-01 1.925542801618576050e-01 5.691996216773986816e-01 5.050414204597473145e-01 4.112972877919673920e-03
3.762499988079071045e-01 2.175000011920928955e-01 1.457500010728836060e-01 2.972500026226043701e-01 3.892500102519989014e-01 4.686174988746643066e-01 4.069389700889587402e-01 2.654993534088134766e-01 1.682487577199935913e-01 3.295743763446807861e-01 3.579448461532592773e-01 4.681175351142883301e-01
5.782233476638793945e-01 1.905086636543273926e-01 8.013196587562561035e-01 3.529058098793029785e-01 5.858244895935058594e-01 0.000000000000000000e+00 7.533611059188842773e-01 1.913283765316009521e-01 4.432790875434875488e-01 3.020837903022766113e-01 6.207073330879211426e-01 1.172902062535285950e-02
7.922499775886535645e-01 2.451666593551635742e-01 2.677499949932098389e-01 3.075000084936618805e-02 9.747499823570251465e-01 6.052374839782714844e-01 7.255282402038574219e-01 3.660066127777099609e-01 3.179636895656585693e-01 1.736249029636383057e-01 9.085191488265991211e-01 4.455337822437286377e-01
5.147713422775268555e-01 8.397323489189147949e-01 8.530514687299728394e-02 4.886125214397907257e-03 7.860875725746154785e-01 0.000000000000000000e+00 5.271565318107604980e-01 8.210787177085876465e-01 9.702111780643463135e-02 7.251993566751480103e-02 7.934587001800537109e-01 2.021159604191780090e-02
1.745488792657852173e-01 5.245736837387084961e-01 3.634288907051086426e-01 5.474534034729003906e-01 3.321357667446136475e-01 0.000000000000000000e+00 1.785522252321243286e-01 6.364908218383789062e-01 6.424928903579711914e-01 3.943312168121337891e-01 3.324104547500610352e-01 2.664923965930938721e-01
9.250000119209289551e-03 6.671666502952575684e-01 8.472499847412109375e-01 4.362500011920928955e-01 1.627500057220458984e-01 2.226025015115737915e-01 2.230679802596569061e-02 6.313010454177856445e-01 7.849996089935302734e-01 4.628594815731048584e-01 2.421301901340484619e-01 1.142090335488319397e-01
5.397499799728393555e-01 4.061666727066040039e-01 6.297500133514404297e-01 3.267500102519989014e-01 3.487499952316284180e-01 6.667750328779220581e-02 5.547677278518676758e-01 3.269937336444854736e-01 6.685476899147033691e-01 2.605756223201751709e-01 3.334589898586273193e-01 6.717278063297271729e-02
8.899236917495727539e-01 3.946585059165954590e-01 6.284691691398620605e-01 8.010797500610351562e-01 7.255103588104248047e-01 0.000000000000000000e+00 8.939604759216308594e-01 3.372818231582641602e-01 6.400998234748840332e-01 8.390985131263732910e-01 8.085889816284179688e-01 7.208892703056335449e-02
8.890053629875183105e-01 6.328150033950805664e-01 5.083555579185485840e-01 8.367468118667602539e-01 3.813344240188598633e-01 0.000000000000000000e+00 9.380671977996826172e-01 8.441420793533325195e-01 4.309356808662414551e-01 8.641433715820312500e-01 3.897678852081298828e-01 7.670359220355749130e-03
3.291891515254974365e-01 7.605233192443847656e-01 6.608095169067382812e-01 2.843523025512695312e-01 3.936737775802612305e-01 0.000000000000000000e+00 2.923368215560913086e-01 5.909899473190307617e-01 5.037524700164794922e-01 3.411307930946350098e-01 3.930222392082214355e-01 7.310823351144790649e-02
2.172500044107437134e-01 6.765000224113464355e-01 9.674999862909317017e-02 9.392499923706054688e-01 9.047499895095825195e-01 6.864175200462341309e-01 2.341804057359695435e-01 7.656709551811218262e-01 1.845850348472595215e-01 8.746242523193359375e-01 9.500287175178527832e-01 7.473583817481994629e-01
5.147500038146972656e-01 7.461666464805603027e-01 4.427500069141387939e-01 2.087499946355819702e-01 4.997499883174896240e-01 3.527874946594238281e-01 5.358195304870605469e-01 7.064645290374755859e-01 3.593215644359588623e-01 2.817735970020294189e-01 5.017871260643005371e-01 3.523149192333221436e-01
6.287500262260437012e-01 3.498333394527435303e-01 2.857500016689300537e-01 3.732500076293945312e-01 4.812499880790710449e-01 6.388974785804748535e-01 5.969012379646301270e-01 4.289678931236267090e-01 3.044248521327972412e-01 4.092275798320770264e-01 4.644019603729248047e-01 5.867336392402648926e-01
8.725000172853469849e-02 5.738333463668823242e-01 8.117499947547912598e-01 8.967499732971191406e-01 4.697499871253967285e-01 8.616474866867065430e-01 6.971681863069534302e-02 5.328512787818908691e-01 8.002980947494506836e-01 8.130698204040527344e-01 4.723584353923797607e-01 7.466103434562683105e-01
4.953257441520690918e-01 2.570489943027496338e-01 3.922273218631744385e-01 7.392212152481079102e-01 1.327346712350845337e-01 0.000000000000000000e+00 5.143163800239562988e-01 3.794286847114562988e-01 4.173367321491241455e-01 5.833099484443664551e-01 9.338218718767166138e-02 5.059618968516588211e-03
5.650260448455810547e-01 8.433888554573059082e-01 7.753085345029830933e-02 9.849763512611389160e-01 1.583356708288192749e-01 0.000000000000000000e+00 5.329850316047668457e-01 9.512256383895874023e-01 1.960942894220352173e-01 7.908384203910827637e-01 1.028637513518333435e-01 1.435890499124070629e-05
7.316631078720092773e-01 3.215826749801635742e-01 8.003796935081481934e-01 9.469936490058898926e-01 1.788385510444641113e-01 0.000000000000000000e+00 8.511524796485900879e-01 2.818650305271148682e-01 7.420074343681335449e-01 7.781698107719421387e-01 1.388291567564010620e-01 9.851819835603237152e-03
9.530037641525268555e-01 7.123703360557556152e-01 3.493470847606658936e-01 5.777137875556945801e-01 5.690067633986473083e-02 0.000000000000000000e+00 9.106962680816650391e-01 8.568804860115051270e-01 4.349011480808258057e-01 6.477417349815368652e-01 5.465693399310112000e-02 5.971688660793006420e-04
8.212732523679733276e-02 2.166061699390411377e-01 2.880416214466094971e-01 8.039122819900512695e-01 8.889614939689636230e-01 0.000000000000000000e+00 1.327737122774124146e-01 2.864736020565032959e-01 6.760405302047729492e-01 6.014561057090759277e-01 8.664740324020385742e-01 4.863806068897247314e-03
9.547500014305114746e-01 3.425000011920928955e-01 2.362499982118606567e-01 2.532500028610229492e-01 3.957499861717224121e-01 4.588750004768371582e-02 9.229391813278198242e-01 4.709245860576629639e-01 2.723128795623779297e-01 2.711418569087982178e-01 3.858843147754669189e-01 5.475147813558578491e-02
5.842836499214172363e-01 8.573818206787109375e-01 2.398272454738616943e-01 3.723081648349761963e-01 3.775004148483276367e-01 0.000000000000000000e+00 5.067632198333740234e-01 8.528113365173339844e-01 1.533355265855789185e-01 4.557684063911437988e-01 3.674958944320678711e-01 1.990498602390289307e-02
6.202499866485595703e-01 6.754999756813049316e-01 3.052499890327453613e-01 7.287499904632568359e-01 2.812500000000000000e-01 8.958024978637695312e-01 6.377052068710327148e-01 5.962965488433837891e-01 3.170824944972991943e-01 5.369142293930053711e-01 3.098404407501220703e-01 7.095737457275390625e-01
2.602174580097198486e-01 7.839448451995849609e-01 3.379713892936706543e-01 1.742471754550933838e-01 7.993567734956741333e-02 0.000000000000000000e+00 1.873199194669723511e-01 6.855880618095397949e-01 1.477139294147491455e-01 1.922418028116226196e-01 6.792653352022171021e-02 1.988735422492027283e-02
6.774196624755859375e-01 2.556189894676208496e-01 1.730257570743560791e-01 2.296427786350250244e-01 1.343861520290374756e-01 0.000000000000000000e+00 5.206912755966186523e-01 2.303715646266937256e-01 4.016223847866058350e-01 2.874820232391357422e-01 1.026877239346504211e-01 1.211834326386451721e-01
8.037810921669006348e-01 3.151898384094238281e-01 8.148068785667419434e-01 9.733129143714904785e-01 2.951309680938720703e-01 0.000000000000000000e+00 8.845803141593933105e-01 2.289956212043762207e-01 8.562152385711669922e-01 8.318960070610046387e-01 2.679837048053741455e-01 4.850541707128286362e-03
9.498138427734375000e-01 6.269771456718444824e-01 7.031637430191040039e-01 5.945068001747131348e-01 2.788425683975219727e-01 0.000000000000000000e+00 8.815678954124450684e-01 4.798697531223297119e-01 5.539717078208923340e-01 7.786483168601989746e-01 2.699004709720611572e-01 4.606419801712036133e-02
3.167499899864196777e-01 7.714999914169311523e-01 3.377499878406524658e-01 3.597500026226043701e-01 8.707500100135803223e-01 7.374024987220764160e-01 3.047513961791992188e-01 6.633037328720092773e-01 3.482656478881835938e-01 2.937095761299133301e-01 9.078745841979980469e-01 6.988598704338073730e-01
4.533392786979675293e-01 8.787865042686462402e-01 3.232825994491577148e-01 8.316874504089355469e-01 7.931852340698242188e-01 0.000000000000000000e+00 4.532126784324645996e-01 8.608976006507873535e-01 3.502733409404754639e-01 8.078730702400207520e-01 7.837681770324707031e-01 4.224127903580665588e-02
8.942355513572692871e-01 8.085311651229858398e-01 8.980621695518493652e-01 1.604958772659301758e-01 4.366689920425415039e-01 0.000000000000000000e+00 9.055858254432678223e-01 7.592844367027282715e-01 3.671417832374572754e-01 5.100964903831481934e-01 4.779578745365142822e-01 2.818396873772144318e-02
8.997499942779541016e-01 3.171666562557220459e-01 7.972499728202819824e-01 1.452499926090240479e-01 7.557500004768371582e-01 8.012574911117553711e-01 8.797512650489807129e-01 3.439547419548034668e-01 6.759860515594482422e-01 2.234451919794082642e-01 7.241950035095214844e-01 7.061135768890380859e-01
1.330804973840713501e-01 8.381141424179077148e-01 3.445439934730529785e-01 2.826385498046875000e-01 2.946943044662475586e-01 0.000000000000000000e+00 9.574066102504730225e-02 7.828056812286376953e-01 1.932929158210754395e-01 2.906951606273651123e-01 2.808052897453308105e-01 5.547520238906145096e-03
8.697500228881835938e-01 5.304999947547912598e-01 9.707499742507934570e-01 6.927499771118164062e-01 5.352500081062316895e-01 6.816250085830688477e-02 9.266922473907470703e-01 4.098426103591918945e-01 7.233157753944396973e-01 7.948690652847290039e-01 5.570636987686157227e-01 1.527786701917648315e-01
2.087499946355819702e-01 8.308333158493041992e-01 8.952500224113464355e-01 2.347500026226043701e-01 1.957499980926513672e-01 4.715875089168548584e-01 2.121057957410812378e-01 7.402299046516418457e-01 8.259010910987854004e-01 2.078222781419754028e-01 2.304909676313400269e-01 5.363792777061462402e-01
1.452191025018692017e-01 6.891199946403503418e-01 3.527673482894897461e-01 4.771548509597778320e-01 3.721880167722702026e-02 0.000000000000000000e+00 6.806682050228118896e-02 5.777136087417602539e-01 1.909461170434951782e-01 3.929472565650939941e-01 7.973100244998931885e-02 7.804571185261011124e-03
1.018431484699249268e-01 6.617899984121322632e-02 5.955444574356079102e-01 7.399506568908691406e-01 5.869356393814086914e-01 0.000000000000000000e+00 1.343422383069992065e-01 1.509559750556945801e-01 5.774074792861938477e-01 7.268758416175842285e-01 6.118450164794921875e-01 1.406048703938722610e-02
1.832499951124191284e-01 1.901666671037673950e-01 9.902499914169311523e-01 3.447499871253967285e-01 4.292500019073486328e-01 1.518175005912780762e-01 1.838018596172332764e-01 2.543080151081085205e-01 8.746118545532226562e-01 3.211737573146820068e-01 3.773142099380493164e-01 3.137346729636192322e-02
5.046116113662719727e-01 5.298854708671569824e-01 7.640615701675415039e-01 2.668684124946594238e-01 2.431405782699584961e-01 0.000000000000000000e+00 4.989914298057556152e-01 3.379161059856414795e-01 4.871215820312500000e-01 3.917362093925476074e-01 1.954256594181060791e-01 7.450705021619796753e-02
1.197500005364418030e-01 7.655000090599060059e-01 3.937500119209289551e-01 4.627499878406524658e-01 2.425000071525573730e-02 7.378975152969360352e-01 9.874311089515686035e-02 6.400468349456787109e-01 2.904174327850341797e-01 4.327516257762908936e-01 1.112948581576347351e-01 8.423762321472167969e-01
1.341768950223922729e-01 4.281616806983947754e-01 5.805742368102073669e-02 9.184001088142395020e-01 1.758361309766769409e-01 0.000000000000000000e+00 1.824574619531631470e-01 6.150439381599426270e-01 2.618666589260101318e-01 5.978170037269592285e-01 1.255433261394500732e-01 6.062193214893341064e-02
3.327908515930175781e-01 6.373839974403381348e-01 5.652416348457336426e-01 9.677823781967163086e-01 2.756443917751312256e-01 0.000000000000000000e+00 3.368558883666992188e-01 5.388462543487548828e-01 6.677219867706298828e-01 8.308150172233581543e-01 2.175392657518386841e-01 2.127384953200817108e-02
8.425000309944152832e-02 3.655000030994415283e-01 1.875000074505805969e-02 4.672499895095825195e-01 2.232500016689300537e-01 3.839724957942962646e-01 1.254950463771820068e-01 4.707156121730804443e-01 1.461561024188995361e-01 5.108930468559265137e-01 1.654895097017288208e-01 4.226414561271667480e-01
2.522499859333038330e-01 2.831666767597198486e-01 6.997500061988830566e-01 4.477500021457672119e-01 3.902499973773956299e-01 6.982975006103515625e-01 2.282789647579193115e-01 3.233025670051574707e-01 6.884487867355346680e-01 4.704490900039672852e-01 3.516274094581604004e-01 6.606702804565429688e-01
1.197500005364418030e-01 7.655000090599060059e-01 3.937500119209289551e-01 4.627499878406524658e-01 2.425000071525573730e-02 7.378975152969360352e-01 9.874311089515686035e-02 6.400468349456787109e-01 2.904174327850341797e-01 4.327516257762908936e-01 1.112948581576347351e-01 8.423762321472167969e-01
5.147500038146972656e-01 7.461666464805603027e-01 4.427500069141387939e-01 2.087499946355819702e-01 4.997499883174896240e-01 3.527874946594238281e-01 5.358195304870605469e-01 7.064645290374755859e-01 3.593215644359588623e-01 2.817735970020294189e-01 5.017871260643005371e-01 3.523149192333221436e-01
4.953257441520690918e-01 2.570489943027496338e-01 3.922273218631744385e-01 7.392212152481079102e-01 1.327346712350845337e-01 0.000000000000000000e+00 5.143163800239562988e-01 3.794286847114562988e-01 4.173367321491241455e-01 5.833099484443664551e-01 9.338218718767166138e-02 5.059618968516588211e-03
6.910432577133178711e-01 6.911781430244445801e-01 1.498954296112060547e-01 3.604017794132232666e-01 4.049657285213470459e-01 0.000000000000000000e+00 5.646407604217529297e-01 8.630167841911315918e-01 2.284945696592330933e-01 4.518871009349822998e-01 4.001129865646362305e-01 7.172303739935159683e-03
7.152500152587890625e-01 2.968333363533020020e-01 3.749999916180968285e-03 2.847500145435333252e-01 3.277499973773956299e-01 7.621524930000305176e-01 6.541913747787475586e-01 2.999218404293060303e-01 1.462169289588928223e-01 1.577225327491760254e-01 3.047644495964050293e-01 5.280188918113708496e-01
9.327808618545532227e-01 4.284001588821411133e-01 5.762262940406799316e-01 6.593400239944458008e-02 1.498915255069732666e-01 0.000000000000000000e+00 8.551425337791442871e-01 4.127441048622131348e-01 4.446741938591003418e-01 4.374781548976898193e-01 1.151792258024215698e-01 1.303967684507369995e-01
2.150297537446022034e-02 3.645179867744445801e-01 6.487893462181091309e-01 3.764452338218688965e-01 5.689773559570312500e-01 0.000000000000000000e+00 3.402462601661682129e-02 3.351863920688629150e-01 8.905008435249328613e-01 2.623420953750610352e-01 5.912499427795410156e-01 8.739466778934001923e-03
6.177499890327453613e-01 6.188333630561828613e-01 4.407500028610229492e-01 3.187499940395355225e-01 5.037500262260437012e-01 1.216225028038024902e-01 6.318250298500061035e-01 6.239581108093261719e-01 4.407620131969451904e-01 3.608322143554687500e-01 5.048271417617797852e-01 1.244315877556800842e-01
1.328043192625045776e-01 2.108635008335113525e-01 2.207292318344116211e-01 9.475365877151489258e-01 6.740736365318298340e-01 0.000000000000000000e+00 1.680226475000381470e-01 5.010966658592224121e-01 6.999270915985107422e-01 6.971338987350463867e-01 6.812226176261901855e-01 3.348940238356590271e-02
3.097499907016754150e-01 5.391666889190673828e-01 8.897500038146972656e-01 1.025000028312206268e-02 7.647500038146972656e-01 5.785074830055236816e-01 2.797596752643585205e-01 5.522536635398864746e-01 7.616786360740661621e-01 1.841848790645599365e-01 7.677739262580871582e-01 4.684820771217346191e-01
1.575250774621963501e-01 7.389019727706909180e-01 9.960511326789855957e-01 8.033517003059387207e-01 9.225896000862121582e-01 0.000000000000000000e+00 1.306376904249191284e-01 7.508871555328369141e-01 8.651044964790344238e-01 7.431991696357727051e-01 8.537330031394958496e-01 1.024347394704818726e-01
8.624999970197677612e-02 7.328333258628845215e-01 8.352500200271606445e-01 5.232499837875366211e-01 8.042500019073486328e-01 1.424124985933303833e-01 1.141059324145317078e-01 6.917752623558044434e-01 8.442556858062744141e-01 5.200463533401489258e-01 8.486922383308410645e-01 7.417214661836624146e-02
1.502500027418136597e-01 6.945000290870666504e-01 7.067499756813049316e-01 2.177499979734420776e-01 9.425000101327896118e-02 7.354224920272827148e-01 1.312279254198074341e-01 6.689800024032592773e-01 6.716676950454711914e-01 1.893942058086395264e-01 1.194252297282218933e-01 8.317698836326599121e-01
4.566452801227569580e-01 3.264209926128387451e-01 1.302973926067352295e-01 9.172828197479248047e-01 2.607151269912719727e-01 0.000000000000000000e+00 4.733406305313110352e-01 3.009071946144104004e-01 2.960780560970306396e-01 6.848223805427551270e-01 2.211726456880569458e-01 3.659332916140556335e-02
3.567500114440917969e-01 3.388333320617675781e-01 5.867499709129333496e-01 6.472499966621398926e-01 5.577499866485595703e-01 3.404124975204467773e-01 4.042490422725677490e-01 2.541686296463012695e-01 5.501491427421569824e-01 6.303076148033142090e-01 5.408894419670104980e-01 2.123390585184097290e-01
2.721578776836395264e-01 1.224664971232414246e-01 4.049289226531982422e-01 4.413836002349853516e-01 4.856348037719726562e-01 0.000000000000000000e+00 3.084873557090759277e-01 2.265593260526657104e-01 5.866649150848388672e-01 2.265377044677734375e-01 5.133352875709533691e-01 9.381900727748870850e-02
9.607499837875366211e-01 1.688333302736282349e-01 9.202499985694885254e-01 7.357500195503234863e-01 8.472499847412109375e-01 3.547675013542175293e-01 9.248445034027099609e-01 1.825667619705200195e-01 8.260179758071899414e-01 8.428460955619812012e-01 8.566735982894897461e-01 1.691915988922119141e-01
3.240703344345092773e-01 6.005483269691467285e-01 2.642665505409240723e-01 3.322360217571258545e-01 6.076979637145996094e-01 0.000000000000000000e+00 3.740699887275695801e-01 7.128835916519165039e-01 3.297955989837646484e-01 2.281922996044158936e-01 6.216065287590026855e-01 1.078325286507606506e-01
3.186372518539428711e-01 2.657299935817718506e-01 3.058153390884399414e-01 3.193354606628417969e-01 9.838957190513610840e-01 0.000000000000000000e+00 3.357121050357818604e-01 2.965731322765350342e-01 4.503983557224273682e-01 1.808695346117019653e-01 9.533610939979553223e-01 3.824152797460556030e-02
3.191184997558593750e-01 2.967655062675476074e-01 7.349385023117065430e-01 9.633280038833618164e-01 8.009910583496093750e-01 0.000000000000000000e+00 3.085954487323760986e-01 2.606714069843292236e-01 7.541412711143493652e-01 8.781628012657165527e-01 8.206711411476135254e-01 8.254162967205047607e-03
5.857499837875366211e-01 5.264999866485595703e-01 9.624999761581420898e-02 1.667499989271163940e-01 6.437500119209289551e-01 8.067024946212768555e-01 5.412366390228271484e-01 4.918991029262542725e-01 1.743465662002563477e-01 1.693001091480255127e-01 6.637507677078247070e-01 7.326713800430297852e-01
9.431948065757751465e-01 3.278713226318359375e-01 1.704729199409484863e-01 8.225347399711608887e-01 6.603670716285705566e-01 0.000000000000000000e+00 9.092555642127990723e-01 3.903767764568328857e-01 3.664867877960205078e-01 7.234973311424255371e-01 6.889016628265380859e-01 6.652311887592077255e-03
3.131873011589050293e-01 5.978176593780517578e-01 9.614869952201843262e-01 4.674842655658721924e-01 4.020198285579681396e-01 0.000000000000000000e+00 3.508591353893280029e-01 3.310032188892364502e-01 4.825299084186553955e-01 5.530887842178344727e-01 3.976106643676757812e-01 1.286016553640365601e-01
1.274587493389844894e-02 3.940636813640594482e-01 9.401587843894958496e-01 3.254528641700744629e-01 4.632971584796905518e-01 0.000000000000000000e+00 2.572919800877571106e-02 1.830650269985198975e-01 8.209425210952758789e-01 2.217034995555877686e-01 5.196239352226257324e-01 1.573455519974231720e-02
2.225000038743019104e-02 6.468333601951599121e-01 7.072499990463256836e-01 3.307499885559082031e-01 7.882500290870666504e-01 4.399074912071228027e-01 7.194460183382034302e-02 5.629594326019287109e-01 5.618740320205688477e-01 4.012655913829803467e-01 9.145940542221069336e-01 3.661334514617919922e-01
9.547500014305114746e-01 3.425000011920928955e-01 2.362499982118606567e-01 2.532500028610229492e-01 3.957499861717224121e-01 4.588750004768371582e-02 9.229391813278198242e-01 4.709245860576629639e-01 2.723128795623779297e-01 2.711418569087982178e-01 3.858843147754669189e-01 5.475147813558578491e-02
9.525000303983688354e-02 5.774999856948852539e-01 1.882500052452087402e-01 4.282500147819519043e-01 5.407500267028808594e-01 2.409175038337707520e-01 1.419037878513336182e-01 5.682940483093261719e-01 2.468069791793823242e-01 4.748067855834960938e-01 5.773960947990417480e-01 7.254760712385177612e-02
7.262499928474426270e-01 3.008333444595336914e-01 2.924999967217445374e-02 6.517500281333923340e-01 3.974999859929084778e-02 5.527675151824951172e-01 7.346823215484619141e-01 3.809643387794494629e-01 1.819541305303573608e-01 4.037063121795654297e-01 5.656735971570014954e-02 1.523489207029342651e-01
8.162500262260437012e-01 6.061666607856750488e-01 4.707500040531158447e-01 2.437500059604644775e-01 1.947499960660934448e-01 3.300175070762634277e-01 8.566945195198059082e-01 5.443202257156372070e-01 2.947900593280792236e-01 3.303373157978057861e-01 2.064095735549926758e-01 2.910793423652648926e-01
8.725000172853469849e-02 5.738333463668823242e-01 8.117499947547912598e-01 8.967499732971191406e-01 4.697499871253967285e-01 8.616474866867065430e-01 6.971681863069534302e-02 5.328512787818908691e-01 8.002980947494506836e-01 8.130698204040527344e-01 4.723584353923797607e-01 7.466103434562683105e-01
8.275087475776672363e-01 3.628259897232055664e-01 4.459751248359680176e-01 7.021933197975158691e-01 3.108202517032623291e-01 0.000000000000000000e+00 8.346925377845764160e-01 7.139829993247985840e-01 4.861779808998107910e-01 8.446629643440246582e-01 2.870766818523406982e-01 1.383380591869354248e-01
9.367499947547912598e-01 3.151666522026062012e-01 9.037500023841857910e-01 7.222499847412109375e-01 3.497500121593475342e-01 3.810024857521057129e-01 9.141893386840820312e-01 2.901584804058074951e-01 8.347706794738769531e-01 7.820861935615539551e-01 3.438428044319152832e-01 2.177401930093765259e-01
3.069057464599609375e-01 8.797758221626281738e-01 2.247627452015876770e-02 9.509384632110595703e-02 2.007240802049636841e-01 0.000000000000000000e+00 2.657797038555145264e-01 9.700254201889038086e-01 2.258183248341083527e-02 1.285207420587539673e-01 1.664695441722869873e-01 7.511578151024878025e-04
7.037500143051147461e-01 2.081666737794876099e-01 5.124999955296516418e-02 8.377500176429748535e-01 9.057499766349792480e-01 5.740525126457214355e-01 6.354861259460449219e-01 2.482568174600601196e-01 2.277175039052963257e-01 7.455250620841979980e-01 8.717379570007324219e-01 4.719053208827972412e-01
6.494374871253967285e-01 8.449143171310424805e-01 3.975381553173065186e-01 8.927927166223526001e-02 6.051232665777206421e-02 0.000000000000000000e+00 5.857251286506652832e-01 6.277804970741271973e-01 1.402550488710403442e-01 1.445520818233489990e-01 6.684497743844985962e-02 3.256411477923393250e-02
7.854754328727722168e-01 9.458133578300476074e-02 9.576213359832763672e-01 6.558516621589660645e-01 4.770235121250152588e-01 0.000000000000000000e+00 9.069756865501403809e-01 2.605932652950286865e-01 7.363761663436889648e-01 8.419119119644165039e-01 5.315048694610595703e-01 5.547752976417541504e-02
3.723181188106536865e-01 7.791081666946411133e-01 7.659849524497985840e-01 8.322946429252624512e-01 8.403670191764831543e-01 0.000000000000000000e+00 4.077176153659820557e-01 7.130947113037109375e-01 8.449947834014892578e-01 7.582966089248657227e-01 8.869325518608093262e-01 1.352439075708389282e-02
3.197014629840850830e-01 3.050785064697265625e-01 1.717513501644134521e-01 6.128016710281372070e-01 7.158207297325134277e-01 0.000000000000000000e+00 3.296897411346435547e-01 2.650714814662933350e-01 4.244021475315093994e-01 3.371610641479492188e-01 7.563973665237426758e-01 1.228614989668130875e-02
7.152500152587890625e-01 2.968333363533020020e-01 3.749999916180968285e-03 2.847500145435333252e-01 3.277499973773956299e-01 7.621524930000305176e-01 6.541913747787475586e-01 2.999218404293060303e-01 1.462169289588928223e-01 1.577225327491760254e-01 3.047644495964050293e-01 5.280188918113708496e-01
3.667362630367279053e-01 7.431499958038330078e-01 5.719981789588928223e-01 1.471747308969497681e-01 9.306874871253967285e-01 0.000000000000000000e+00 3.321014046669006348e-01 6.333082318305969238e-01 4.429164826869964600e-01 2.075692266225814819e-01 9.071467518806457520e-01 2.773295715451240540e-02
5.707499980926513672e-01 2.768333256244659424e-01 2.472500056028366089e-01 4.202499985694885254e-01 6.162499785423278809e-01 6.865750253200531006e-02 5.587694644927978516e-01 3.317956328392028809e-01 3.363763391971588135e-01 4.074818193912506104e-01 5.878831148147583008e-01 9.238212555646896362e-02
6.096073389053344727e-01 7.003511786460876465e-01 6.699668765068054199e-01 4.135561287403106689e-01 2.756250090897083282e-03 0.000000000000000000e+00 5.866913795471191406e-01 5.603662729263305664e-01 2.707343697547912598e-01 4.946954548358917236e-01 3.487443178892135620e-02 1.365511794574558735e-03
3.379277288913726807e-01 3.165058195590972900e-01 7.908638715744018555e-01 4.863379299640655518e-01 1.940480470657348633e-01 0.000000000000000000e+00 2.897172570228576660e-01 1.866966933012008667e-01 6.678365468978881836e-01 4.683935344219207764e-01 1.612540930509567261e-01 2.613179758191108704e-02
9.367499947547912598e-01 3.151666522026062012e-01 9.037500023841857910e-01 7.222499847412109375e-01 3.497500121593475342e-01 3.810024857521057129e-01 9.141893386840820312e-01 2.901584804058074951e-01 8.347706794738769531e-01 7.820861935615539551e-01 3.438428044319152832e-01 2.177401930093765259e-01
4.816032648086547852e-01 4.030726552009582520e-01 5.397474765777587891e-01 9.838248491287231445e-01 1.884667575359344482e-02 0.000000000000000000e+00 5.623190402984619141e-01 2.805814743041992188e-01 4.646883010864257812e-01 6.550770998001098633e-01 3.665943816304206848e-02 6.234465399757027626e-04
7.854754328727722168e-01 9.458133578300476074e-02 9.576213359832763672e-01 6.558516621589660645e-01 4.770235121250152588e-01 0.000000000000000000e+00 9.069756865501403809e-01 2.605932652950286865e-01 7.363761663436889648e-01 8.419119119644165039e-01 5.315048694610595703e-01 5.547752976417541504e-02
1.049377992749214172e-01 1.411239951848983765e-01 5.647160410881042480e-01 8.058414459228515625e-01 3.650277554988861084e-01 0.000000000000000000e+00 8.623845875263214111e-02 1.748492568731307983e-01 8.018483519554138184e-01 7.307969331741333008e-01 4.056730568408966064e-01 1.104258000850677490e-02
6.677500009536743164e-01 6.388333439826965332e-01 2.257499992847442627e-01 1.757500022649765015e-01 1.952500045299530029e-01 1.676574945449829102e-01 6.494434475898742676e-01 6.535607576370239258e-01 2.175569981336593628e-01 2.256407141685485840e-01 2.024095356464385986e-01 7.159143686294555664e-02
9.797565937042236328e-01 4.857531785964965820e-01 5.249174237251281738e-01 6.670719981193542480e-01 4.684277176856994629e-01 0.000000000000000000e+00 9.082258343696594238e-01 6.326477527618408203e-01 4.889471530914306641e-01 8.251290917396545410e-01 4.964280724525451660e-01 3.915477544069290161e-02
1.992499977350234985e-01 3.591666519641876221e-01 9.657499790191650391e-01 3.250000067055225372e-03 8.375000208616256714e-02 1.830025017261505127e-01 1.198280826210975647e-01 3.278651833534240723e-01 9.213910698890686035e-01 7.081744074821472168e-02 7.625118643045425415e-02 7.829589396715164185e-02
1.939543038606643677e-01 2.852451801300048828e-01 2.276595979928970337e-01 3.314028382301330566e-01 5.912114977836608887e-01 0.000000000000000000e+00 2.091160863637924194e-01 5.326431989669799805e-01 5.741124153137207031e-01 1.677812486886978149e-01 5.884511470794677734e-01 2.759513445198535919e-02
2.217293232679367065e-01 6.888298392295837402e-01 2.292660474777221680e-01 1.428179740905761719e-01 9.853346347808837891e-01 0.000000000000000000e+00 2.429372072219848633e-01 7.396521568298339844e-01 3.377415239810943604e-01 1.152441874146461487e-01 9.483829140663146973e-01 1.017780695110559464e-02
7.067499756813049316e-01 2.685000002384185791e-01 5.397499799728393555e-01 7.762500047683715820e-01 7.002500295639038086e-01 1.295424997806549072e-01 7.592611312866210938e-01 2.683881819248199463e-01 5.454901456832885742e-01 7.047705650329589844e-01 6.843457818031311035e-01 7.403218746185302734e-02
3.097499907016754150e-01 5.391666889190673828e-01 8.897500038146972656e-01 1.025000028312206268e-02 7.647500038146972656e-01 5.785074830055236816e-01 2.797596752643585205e-01 5.522536635398864746e-01 7.616786360740661621e-01 1.841848790645599365e-01 7.677739262580871582e-01 4.684820771217346191e-01
6.727500003762543201e-04 3.008881807327270508e-01 1.847850042395293713e-03 2.242622524499893188e-02 8.625592589378356934e-01 0.000000000000000000e+00 1.095800995826721191e-01 6.167319416999816895e-01 2.788272798061370850e-01 4.767464101314544678e-02 9.638154506683349609e-01 7.089587859809398651e-03
8.281154632568359375e-01 6.533380150794982910e-01 4.902095198631286621e-01 2.763429880142211914e-01 7.002606391906738281e-01 0.000000000000000000e+00 8.073587417602539062e-01 6.201999783515930176e-01 3.249421417713165283e-01 3.357702493667602539e-01 7.202549576759338379e-01 5.343249067664146423e-02
4.032500088214874268e-01 2.255000025033950806e-01 6.592500209808349609e-01 9.312499761581420898e-01 5.867499709129333496e-01 1.047924980521202087e-01 4.290815591812133789e-01 2.875525653362274170e-01 7.322131991386413574e-01 8.492546677589416504e-01 5.699702501296997070e-01 7.799675315618515015e-02
7.950343489646911621e-01 6.389736533164978027e-01 8.710522204637527466e-02 1.484866440296173096e-01 8.792175054550170898e-01 0.000000000000000000e+00 7.350901365280151367e-01 3.950053155422210693e-01 2.237022668123245239e-01 1.340072304010391235e-01 8.850956559181213379e-01 1.909089274704456329e-02
3.557499945163726807e-01 4.548333287239074707e-01 2.712500095367431641e-01 3.907499909400939941e-01 8.172500133514404297e-01 1.033075004816055298e-01 3.871379792690277100e-01 4.502590894699096680e-01 3.226689696311950684e-01 3.826805055141448975e-01 7.797114849090576172e-01 1.558926105499267578e-01
5.009898543357849121e-01 1.891520023345947266e-01 8.855014443397521973e-01 8.201781511306762695e-01 3.303480446338653564e-01 0.000000000000000000e+00 4.910377562046051025e-01 2.131409794092178345e-01 8.341233134269714355e-01 8.246069550514221191e-01 2.901488840579986572e-01 7.142515387386083603e-03
5.137500166893005371e-01 6.348333358764648438e-01 5.807499885559082031e-01 9.202499985694885254e-01 1.557500064373016357e-01 5.626674890518188477e-01 5.356470942497253418e-01 4.142276942729949951e-01 4.804705381393432617e-01 7.311025857925415039e-01 1.457594037055969238e-01 2.729307711124420166e-01
3.575655221939086914e-01 7.138613462448120117e-01 3.589002192020416260e-01 6.240202486515045166e-02 7.189629673957824707e-01 0.000000000000000000e+00 3.381228148937225342e-01 7.136287689208984375e-01 2.852804660797119141e-01 1.579838097095489502e-01 7.654455900192260742e-01 9.503911249339580536e-03
7.129487395286560059e-02 7.791488170623779297e-01 4.215752333402633667e-02 5.123086571693420410e-01 4.501233696937561035e-01 0.000000000000000000e+00 6.874646246433258057e-02 9.346690773963928223e-01 2.402116917073726654e-02 6.539546847343444824e-01 4.839200973510742188e-01 5.116793909110128880e-05
6.424999982118606567e-02 3.221666812896728516e-01 1.432500034570693970e-01 9.674999862909317017e-02 7.162500023841857910e-01 4.161475002765655518e-01 1.210595890879631042e-01 4.424796402454376221e-01 2.638651728630065918e-01 2.743750810623168945e-01 7.136036157608032227e-01 4.073184728622436523e-01
2.697205245494842529e-01 9.037983417510986328e-02 2.611116766929626465e-01 9.277688860893249512e-01 5.764172077178955078e-01 0.000000000000000000e+00 3.674850165843963623e-01 2.247804403305053711e-01 3.986786305904388428e-01 6.981984972953796387e-01 6.075711846351623535e-01 3.031540513038635254e-01
7.925000041723251343e-02 4.868333339691162109e-01 4.742499887943267822e-01 2.274999953806400299e-02 9.662500023841857910e-01 8.477874994277954102e-01 1.085383668541908264e-01 4.740700125694274902e-01 5.079020261764526367e-01 1.458095312118530273e-01 9.780873060226440430e-01 6.030818819999694824e-01
2.522499859333038330e-01 2.831666767597198486e-01 6.997500061988830566e-01 4.477500021457672119e-01 3.902499973773956299e-01 6.982975006103515625e-01 2.282789647579193115e-01 3.233025670051574707e-01 6.884487867355346680e-01 4.704490900039672852e-01 3.516274094581604004e-01 6.606702804565429688e-01
2.172500044107437134e-01 6.765000224113464355e-01 9.674999862909317017e-02 9.392499923706054688e-01 9.047499895095825195e-01 6.864175200462341309e-01 2.341804057359695435e-01 7.656709551811218262e-01 1.845850348472595215e-01 8.746242523193359375e-01 9.500287175178527832e-01 7.473583817481994629e-01
7.725663185119628906e-01 1.538449972867965698e-01 2.931919395923614502e-01 5.974439382553100586e-01 8.192507177591323853e-02 0.000000000000000000e+00 7.331538796424865723e-01 4.086807370185852051e-01 3.958007395267486572e-01 5.230323076248168945e-01 6.761154532432556152e-02 7.681742310523986816e-03
3.957499861717224121e-01 2.851666808128356934e-01 4.972499907016754150e-01 6.037499904632568359e-01 7.942500114440917969e-01 1.310275048017501831e-01 4.272012710571289062e-01 3.406921029090881348e-01 5.254444479942321777e-01 7.043980360031127930e-01 7.699790596961975098e-01 9.754656255245208740e-02
1.117499992251396179e-01 3.808333277702331543e-01 1.052500009536743164e-01 5.272499918937683105e-01 7.074999809265136719e-02 1.810224950313568115e-01 1.374514698982238770e-01 3.049782514572143555e-01 1.307238787412643433e-01 3.671231567859649658e-01 6.749560683965682983e-02 4.282730445265769958e-02
2.905215620994567871e-01 9.674341678619384766e-01 6.945874094963073730e-01 5.235069394111633301e-01 2.437694519758224487e-01 0.000000000000000000e+00 2.378002703189849854e-01 8.656892180442810059e-01 5.857934355735778809e-01 6.120577454566955566e-01 1.956946253776550293e-01 2.432790957391262054e-02
2.051596790552139282e-01 9.369335174560546875e-01 4.702675342559814453e-01 3.962951600551605225e-01 1.635264754295349121e-01 0.000000000000000000e+00 1.427877992391586304e-01 7.594247460365295410e-01 2.677242755889892578e-01 3.463298082351684570e-01 1.062311381101608276e-01 6.048825383186340332e-02
6.132500171661376953e-01 4.048333466053009033e-01 4.632500112056732178e-01 7.622500061988830566e-01 1.612499952316284180e-01 7.913575172424316406e-01 6.489024758338928223e-01 4.394290745258331299e-01 4.083365499973297119e-01 6.192743778228759766e-01 1.596156656742095947e-01 6.100485324859619141e-01
2.225000038743019104e-02 6.468333601951599121e-01 7.072499990463256836e-01 3.307499885559082031e-01 7.882500290870666504e-01 4.399074912071228027e-01 7.194460183382034302e-02 5.629594326019287109e-01 5.618740320205688477e-01 4.012655913829803467e-01 9.145940542221069336e-01 3.661334514617919922e-01
2.308946698904037476e-01 9.632366895675659180e-01 7.693077325820922852e-01 6.705693006515502930e-01 8.578605651855468750e-01 0.000000000000000000e+00 2.094210237264633179e-01 7.513799667358398438e-01 4.285108149051666260e-01 7.123119831085205078e-01 8.559734225273132324e-01 8.543985337018966675e-02
8.577499985694885254e-01 2.168333381414413452e-01 2.547500133514404297e-01 3.422499895095825195e-01 2.307499945163726807e-01 5.324724912643432617e-01 7.979202866554260254e-01 3.204142153263092041e-01 3.099684417247772217e-01 3.281001150608062744e-01 1.930059641599655151e-01 3.382112085819244385e-01
9.353270530700683594e-01 2.221715003252029419e-01 6.366930603981018066e-01 8.624889254570007324e-01 8.094975352287292480e-01 0.000000000000000000e+00 9.236228466033935547e-01 3.657914698123931885e-01 7.697027325630187988e-01 9.142019152641296387e-01 8.690538406372070312e-01 6.092325598001480103e-02
3.069057464599609375e-01 8.797758221626281738e-01 2.247627452015876770e-02 9.509384632110595703e-02 2.007240802049636841e-01 0.000000000000000000e+00 2.657797038555145264e-01 9.700254201889038086e-01 2.258183248341083527e-02 1.285207420587539673e-01 1.664695441722869873e-01 7.511578151024878025e-04
2.263942807912826538e-01 6.191790103912353516e-01 6.600443124771118164e-01 4.164599180221557617e-01 4.458543062210083008e-01 0.000000000000000000e+00 2.033361047506332397e-01 5.564675331115722656e-01 5.491086244583129883e-01 3.892657458782196045e-01 4.839118421077728271e-01 3.922221064567565918e-02
1.775000058114528656e-02 2.228333353996276855e-01 6.617500185966491699e-01 5.175000056624412537e-02 1.687500029802322388e-01 7.329475283622741699e-01 1.164602115750312805e-02 1.966850906610488892e-01 7.496017217636108398e-01 9.930365532636642456e-02 9.483741223812103271e-02 8.197031617164611816e-01
8.098632097244262695e-01 3.879718184471130371e-01 7.301815152168273926e-01 5.740081071853637695e-01 6.441919803619384766e-01 0.000000000000000000e+00 8.009767532348632812e-01 3.587758243083953857e-01 5.626223683357238770e-01 7.893875241279602051e-01 6.829294562339782715e-01 4.706045240163803101e-02
8.112204670906066895e-01 7.164216637611389160e-01 8.850507140159606934e-01 9.081423282623291016e-01 3.103545010089874268e-01 0.000000000000000000e+00 8.291705250740051270e-01 5.713577866554260254e-01 7.435777187347412109e-01 8.490680456161499023e-01 2.676748633384704590e-01 1.717154053039848804e-03
8.162500262260437012e-01 6.061666607856750488e-01 4.707500040531158447e-01 2.437500059604644775e-01 1.947499960660934448e-01 3.300175070762634277e-01 8.566945195198059082e-01 5.443202257156372070e-01 2.947900593280792236e-01 3.303373157978057861e-01 2.064095735549926758e-01 2.910793423652648926e-01
2.548768520355224609e-01 9.595199674367904663e-02 9.132088422775268555e-01 8.717207908630371094e-01 8.810276985168457031e-01 0.000000000000000000e+00 2.959374785423278809e-01 1.260819435119628906e-01 7.278921008110046387e-01 7.959250807762145996e-01 8.673798441886901855e-01 3.792536444962024689e-03
7.409644126892089844e-01 3.910729885101318359e-01 4.070068299770355225e-01 3.994620740413665771e-01 9.847363829612731934e-01 0.000000000000000000e+00 6.911407113075256348e-01 5.423228740692138672e-01 6.431629061698913574e-01 3.792074620723724365e-01 9.301517605781555176e-01 6.541562825441360474e-02
8.029548525810241699e-01 1.512118279933929443e-01 7.539251446723937988e-01 5.471847057342529297e-01 7.245408296585083008e-01 0.000000000000000000e+00 8.042930364608764648e-01 1.750310361385345459e-01 7.371109127998352051e-01 7.299406528472900391e-01 8.110401034355163574e-01 1.763377152383327484e-02
6.862499713897705078e-01 1.848333328962326050e-01 1.072499975562095642e-01 1.247500032186508179e-01 1.492500007152557373e-01 7.700725197792053223e-01 5.618769526481628418e-01 2.707544863224029541e-01 2.630050182342529297e-01 1.552154719829559326e-01 1.252505779266357422e-01 5.490638017654418945e-01
2.087499946355819702e-01 8.308333158493041992e-01 8.952500224113464355e-01 2.347500026226043701e-01 1.957499980926513672e-01 4.715875089168548584e-01 2.121057957410812378e-01 7.402299046516418457e-01 8.259010910987854004e-01 2.078222781419754028e-01 2.304909676313400269e-01 5.363792777061462402e-01
4.174999892711639404e-02 7.754999995231628418e-01 2.872500121593475342e-01 9.377499818801879883e-01 2.587499916553497314e-01 1.557774990797042847e-01 4.794418439269065857e-02 7.814667820930480957e-01 2.885009646415710449e-01 9.363148808479309082e-01 3.210478425025939941e-01 1.854025013744831085e-02
3.617500066757202148e-01 1.958333402872085571e-01 1.767500042915344238e-01 4.187499880790710449e-01 8.402500152587890625e-01 6.616675257682800293e-01 3.344670832157135010e-01 3.700972795486450195e-01 3.054978847503662109e-01 5.340691208839416504e-01 7.879229784011840820e-01 7.605220675468444824e-01
2.262337952852249146e-01 7.522816658020019531e-01 2.240040004253387451e-01 6.642978787422180176e-01 3.074498772621154785e-01 0.000000000000000000e+00 2.207915633916854858e-01 8.392859697341918945e-01 3.770196139812469482e-01 5.520457029342651367e-01 2.867982089519500732e-01 1.548303477466106415e-02
3.504287600517272949e-01 4.745206534862518311e-01 9.133839607238769531e-01 6.680249571800231934e-01 4.475647211074829102e-01 0.000000000000000000e+00 3.118700683116912842e-01 4.711638092994689941e-01 8.080167174339294434e-01 7.700783014297485352e-01 4.828184247016906738e-01 3.301794826984405518e-02
1.075368002057075500e-01 9.815878272056579590e-01 4.070358276367187500e-01 7.206264138221740723e-01 3.871181309223175049e-01 0.000000000000000000e+00 4.198369011282920837e-02 9.150173068046569824e-01 2.399554699659347534e-01 8.940293192863464355e-01 3.610463440418243408e-01 1.237945689354091883e-04
4.377500116825103760e-01 3.538333475589752197e-01 5.725000053644180298e-02 3.642500042915344238e-01 2.675000019371509552e-02 4.453524947166442871e-01 4.228012263774871826e-01 3.488244414329528809e-01 1.627362221479415894e-01 2.708706855773925781e-01 5.706942453980445862e-02 2.257147580385208130e-01
8.899236917495727539e-01 3.946585059165954590e-01 6.284691691398620605e-01 8.010797500610351562e-01 7.255103588104248047e-01 0.000000000000000000e+00 8.939604759216308594e-01 3.372818231582641602e-01 6.400998234748840332e-01 8.390985131263732910e-01 8.085889816284179688e-01 7.208892703056335449e-02
4.119303524494171143e-01 5.004393458366394043e-01 8.077264428138732910e-01 9.557464718818664551e-01 5.222607254981994629e-01 0.000000000000000000e+00 4.634042680263519287e-01 3.692076206207275391e-01 7.160829305648803711e-01 8.671002388000488281e-01 5.539897680282592773e-01 1.520849615335464478e-01
1.062500029802322388e-01 4.724999964237213135e-01 6.117500066757202148e-01 7.057499885559082031e-01 7.172499895095825195e-01 2.339874953031539917e-01 1.291974186897277832e-01 4.779061377048492432e-01 6.930762529373168945e-01 7.421114444732666016e-01 7.067098617553710938e-01 1.608108729124069214e-01
6.378152370452880859e-01 2.040656656026840210e-01 1.089239269495010376e-01 7.347877621650695801e-01 4.062415361404418945e-01 0.000000000000000000e+00 4.599374532699584961e-01 1.639932692050933838e-01 6.191066503524780273e-01 5.716071128845214844e-01 4.673320353031158447e-01 3.355723991990089417e-02
1.117499992251396179e-01 3.808333277702331543e-01 1.052500009536743164e-01 5.272499918937683105e-01 7.074999809265136719e-02 1.810224950313568115e-01 1.374514698982238770e-01 3.049782514572143555e-01 1.307238787412643433e-01 3.671231567859649658e-01 6.749560683965682983e-02 4.282730445265769958e-02
1.775000058114528656e-02 2.228333353996276855e-01 6.617500185966491699e-01 5.175000056624412537e-02 1.687500029802322388e-01 7.329475283622741699e-01 1.164602115750312805e-02 1.966850906610488892e-01 7.496017217636108398e-01 9.930365532636642456e-02 9.483741223812103271e-02 8.197031617164611816e-01
3.617500066757202148e-01 1.958333402872085571e-01 1.767500042915344238e-01 4.187499880790710449e-01 8.402500152587890625e-01 6.616675257682800293e-01 3.344670832157135010e-01 3.700972795486450195e-01 3.054978847503662109e-01 5.340691208839416504e-01 7.879229784011840820e-01 7.605220675468444824e-01
1.117499992251396179e-01 3.808333277702331543e-01 1.052500009536743164e-01 5.272499918937683105e-01 7.074999809265136719e-02 1.810224950313568115e-01 1.374514698982238770e-01 3.049782514572143555e-01 1.307238787412643433e-01 3.671231567859649658e-01 6.749560683965682983e-02 4.282730445265769958e-02
6.824011802673339844e-01 7.916100025177001953e-01 5.838297605514526367e-01 3.890070915222167969e-01 5.674093365669250488e-01 0.000000000000000000e+00 7.858338952064514160e-01 7.144105434417724609e-01 4.067429006099700928e-01 3.055894672870635986e-01 5.586702227592468262e-01 6.490904837846755981e-02
1.967500001192092896e-01 5.351666808128356934e-01 5.907499790191650391e-01 6.075000017881393433e-02 9.127500057220458984e-01 9.522324800491333008e-01 1.906359344720840454e-01 5.182660222053527832e-01 5.629590749740600586e-01 2.298820912837982178e-01 9.412299990653991699e-01 8.444763422012329102e-01
2.562499940395355225e-01 6.324999928474426270e-01 7.047500014305114746e-01 3.497500121593475342e-01 2.192499935626983643e-01 1.760724931955337524e-01 3.001985549926757812e-01 6.035028696060180664e-01 6.835567355155944824e-01 2.711639702320098877e-01 2.010476589202880859e-01 1.981575042009353638e-01
6.132500171661376953e-01 4.048333466053009033e-01 4.632500112056732178e-01 7.622500061988830566e-01 1.612499952316284180e-01 7.913575172424316406e-01 6.489024758338928223e-01 4.394290745258331299e-01 4.083365499973297119e-01 6.192743778228759766e-01 1.596156656742095947e-01 6.100485324859619141e-01
1.117499992251396179e-01 3.808333277702331543e-01 1.052500009536743164e-01 5.272499918937683105e-01 7.074999809265136719e-02 1.810224950313568115e-01 1.374514698982238770e-01 3.049782514572143555e-01 1.307238787412643433e-01 3.671231567859649658e-01 6.749560683965682983e-02 4.282730445265769958e-02
1.562500000000000000e-01 2.598333358764648438e-01 1.867499947547912598e-01 7.337499856948852539e-01 2.272499948740005493e-01 8.548749983310699463e-02 1.908328831195831299e-01 3.057480454444885254e-01 2.888657748699188232e-01 6.043159961700439453e-01 1.759670525789260864e-01 7.442537695169448853e-02
3.253998756408691406e-01 8.006296753883361816e-01 4.486575424671173096e-01 5.981515645980834961e-01 4.490723907947540283e-01 0.000000000000000000e+00 3.277282714843750000e-01 7.810485959053039551e-01 5.166921615600585938e-01 6.319310665130615234e-01 4.308584928512573242e-01 4.972294345498085022e-02
4.449729919433593750e-01 5.260574817657470703e-01 8.954259753227233887e-01 7.664374113082885742e-01 4.550900757312774658e-01 0.000000000000000000e+00 3.941037058830261230e-01 3.501295447349548340e-01 7.344362735748291016e-01 8.361355066299438477e-01 4.118712544441223145e-01 7.405891548842191696e-03
2.907499969005584717e-01 4.438333213329315186e-01 6.312500238418579102e-01 9.792500138282775879e-01 9.562500119209289551e-01 8.215525150299072266e-01 2.643409967422485352e-01 4.937187731266021729e-01 7.101580500602722168e-01 9.051572084426879883e-01 8.989719152450561523e-01 7.889633774757385254e-01
8.523796200752258301e-01 1.658298373222351074e-01 1.750767976045608521e-01 7.806237787008285522e-02 5.379522442817687988e-01 0.000000000000000000e+00 6.838633418083190918e-01 1.773369908332824707e-01 4.134342372417449951e-01 1.380337476730346680e-01 5.701225399971008301e-01 2.208516187965869904e-02
9.563169479370117188e-01 4.802759885787963867e-01 2.169950455427169800e-01 2.005094736814498901e-01 7.296331524848937988e-01 0.000000000000000000e+00 9.187504649162292480e-01 5.662766695022583008e-01 3.099677860736846924e-01 1.729141324758529663e-01 7.548616528511047363e-01 2.677824534475803375e-02
3.316341340541839600e-01 7.921674847602844238e-01 5.482723116874694824e-01 8.348317742347717285e-01 5.430501699447631836e-01 0.000000000000000000e+00 3.617389798164367676e-01 7.626104354858398438e-01 5.953296422958374023e-01 8.297536969184875488e-01 5.011332035064697266e-01 4.358621686697006226e-02
4.440009593963623047e-01 7.886375188827514648e-01 3.082623481750488281e-01 2.077065706253051758e-01 8.468438386917114258e-01 0.000000000000000000e+00 4.589816629886627197e-01 7.723661661148071289e-01 2.670366764068603516e-01 1.518419831991195679e-01 8.509392142295837402e-01 1.073366869240999222e-02
3.617500066757202148e-01 1.958333402872085571e-01 1.767500042915344238e-01 4.187499880790710449e-01 8.402500152587890625e-01 6.616675257682800293e-01 3.344670832157135010e-01 3.700972795486450195e-01 3.054978847503662109e-01 5.340691208839416504e-01 7.879229784011840820e-01 7.605220675468444824e-01
3.857499957084655762e-01 8.264999985694885254e-01 8.447499871253967285e-01 1.167500019073486328e-01 1.217499971389770508e-01 5.389075279235839844e-01 4.195250570774078369e-01 6.905431747436523438e-01 6.297923922538757324e-01 1.310259997844696045e-01 1.483514606952667236e-01 2.275192141532897949e-01
3.642061352729797363e-01 6.597200036048889160e-01 4.961279630661010742e-01 1.815439462661743164e-01 6.550707817077636719e-01 0.000000000000000000e+00 3.241460323333740234e-01 5.980206727981567383e-01 3.539475798606872559e-01 2.959848046302795410e-01 6.446401476860046387e-01 4.505198448896408081e-02
8.550466895103454590e-01 2.527684867382049561e-01 7.093133330345153809e-01 6.262103319168090820e-01 4.924723207950592041e-01 0.000000000000000000e+00 7.768809795379638672e-01 2.588121294975280762e-01 7.733154892921447754e-01 7.891054749488830566e-01 5.499067306518554688e-01 5.739561095833778381e-02
6.932643651962280273e-01 8.244426846504211426e-01 3.712423145771026611e-01 7.008543014526367188e-01 9.008588790893554688e-01 0.000000000000000000e+00 7.504019141197204590e-01 5.863772034645080566e-01 2.677512168884277344e-01 6.023684144020080566e-01 8.850141167640686035e-01 1.297611892223358154e-01
9.491865634918212891e-01 7.089185118675231934e-01 8.623453974723815918e-01 8.402274921536445618e-03 2.055879235267639160e-01 0.000000000000000000e+00 8.863912224769592285e-01 7.573416233062744141e-01 4.174437522888183594e-01 5.160143375396728516e-01 1.531366854906082153e-01 1.930428855121135712e-02
2.833422459661960602e-02 5.457605123519897461e-01 4.353554919362068176e-02 4.075207710266113281e-01 1.412358433008193970e-01 0.000000000000000000e+00 3.782733529806137085e-02 7.729529738426208496e-01 1.260015964508056641e-01 3.584957718849182129e-01 1.328526884317398071e-01 7.364465855062007904e-03
5.620275139808654785e-01 7.104219794273376465e-01 4.787774384021759033e-01 6.831983923912048340e-01 2.194628715515136719e-01 0.000000000000000000e+00 5.216174125671386719e-01 6.414359211921691895e-01 4.732483923435211182e-01 6.882358193397521973e-01 1.771130263805389404e-01 1.518575474619865417e-02
3.402499854564666748e-01 7.441666722297668457e-01 1.987500041723251343e-01 1.917500048875808716e-01 2.012500017881393433e-01 2.968524992465972900e-01 3.497060835361480713e-01 7.057420611381530762e-01 1.933300048112869263e-01 2.413241267204284668e-01 2.323625087738037109e-01 2.430465221405029297e-01
3.853854238986968994e-01 9.545858502388000488e-01 3.962436318397521973e-01 1.486985683441162109e-01 1.154614239931106567e-01 0.000000000000000000e+00 3.129267692565917969e-01 8.802745342254638672e-01 1.426632404327392578e-01 2.278490215539932251e-01 9.509787708520889282e-02 7.214919663965702057e-03
3.557499945163726807e-01 4.548333287239074707e-01 2.712500095367431641e-01 3.907499909400939941e-01 8.172500133514404297e-01 1.033075004816055298e-01 3.871379792690277100e-01 4.502590894699096680e-01 3.226689696311950684e-01 3.826805055141448975e-01 7.797114849090576172e-01 1.558926105499267578e-01
9.867194294929504395e-01 4.810321629047393799e-01 7.402859330177307129e-01 1.550721824169158936e-01 9.099890291690826416e-02 0.000000000000000000e+00 8.303062319755554199e-01 6.281281113624572754e-01 5.160201787948608398e-01 5.663468837738037109e-01 8.319385349750518799e-02 1.328195910900831223e-02
6.177499890327453613e-01 6.188333630561828613e-01 4.407500028610229492e-01 3.187499940395355225e-01 5.037500262260437012e-01 1.216225028038024902e-01 6.318250298500061035e-01 6.239581108093261719e-01 4.407620131969451904e-01 3.608322143554687500e-01 5.048271417617797852e-01 1.244315877556800842e-01
8.990402519702911377e-02 1.292860060930252075e-01 6.768257170915603638e-02 8.934594392776489258e-01 3.402265906333923340e-01 0.000000000000000000e+00 2.190212607383728027e-01 3.654735088348388672e-01 3.496323227882385254e-01 3.950570523738861084e-01 3.462403714656829834e-01 2.816486954689025879e-01
6.625515818595886230e-01 5.559031963348388672e-01 4.473842978477478027e-01 1.605764776468276978e-01 3.182321786880493164e-01 0.000000000000000000e+00 7.136489748954772949e-01 3.120783865451812744e-01 2.305189371109008789e-01 2.350570261478424072e-01 3.201889991760253906e-01 1.786981672048568726e-01
7.355600595474243164e-01 6.573748588562011719e-01 9.147404432296752930e-01 4.447451829910278320e-01 9.443587660789489746e-01 0.000000000000000000e+00 7.229357957839965820e-01 4.960089325904846191e-01 7.066088914871215820e-01 4.899752736091613770e-01 9.322320222854614258e-01 9.439964592456817627e-02
5.801064968109130859e-01 7.461875081062316895e-01 5.749394297599792480e-01 5.399239063262939453e-01 2.215734720230102539e-01 0.000000000000000000e+00 5.175814628601074219e-01 6.174746751785278320e-01 4.517212510108947754e-01 5.612781047821044922e-01 1.814705431461334229e-01 6.051960866898298264e-03
4.377500116825103760e-01 3.538333475589752197e-01 5.725000053644180298e-02 3.642500042915344238e-01 2.675000019371509552e-02 4.453524947166442871e-01 4.228012263774871826e-01 3.488244414329528809e-01 1.627362221479415894e-01 2.708706855773925781e-01 5.706942453980445862e-02 2.257147580385208130e-01
9.563465714454650879e-01 7.183286547660827637e-01 4.411964416503906250e-01 8.952241539955139160e-01 1.808703541755676270e-01 0.000000000000000000e+00 9.334001541137695312e-01 8.577018380165100098e-01 6.560091972351074219e-01 8.457190990447998047e-01 1.131958812475204468e-01 9.545166976749897003e-04
6.872500181198120117e-01 1.895000040531158447e-01 7.222499847412109375e-01 8.382499814033508301e-01 9.427499771118164062e-01 2.389374971389770508e-01 7.579750418663024902e-01 2.102215886116027832e-01 7.064021825790405273e-01 7.537704706192016602e-01 8.747138977050781250e-01 3.778615593910217285e-02
7.152500152587890625e-01 2.968333363533020020e-01 3.749999916180968285e-03 2.847500145435333252e-01 3.277499973773956299e-01 7.621524930000305176e-01 6.541913747787475586e-01 2.999218404293060303e-01 1.462169289588928223e-01 1.577225327491760254e-01 3.047644495964050293e-01 5.280188918113708496e-01
1.117499992251396179e-01 3.808333277702331543e-01 1.052500009536743164e-01 5.272499918937683105e-01 7.074999809265136719e-02 1.810224950313568115e-01 1.374514698982238770e-01 3.049782514572143555e-01 1.307238787412643433e-01 3.671231567859649658e-01 6.749560683965682983e-02 4.282730445265769958e-02
1.502500027418136597e-01 6.945000290870666504e-01 7.067499756813049316e-01 2.177499979734420776e-01 9.425000101327896118e-02 7.354224920272827148e-01 1.312279254198074341e-01 6.689800024032592773e-01 6.716676950454711914e-01 1.893942058086395264e-01 1.194252297282218933e-01 8.317698836326599121e-01
3.113622069358825684e-01 1.287796646356582642e-01 2.089634239673614502e-01 9.716963768005371094e-01 6.688740253448486328e-01 0.000000000000000000e+00 3.680958151817321777e-01 3.184900879859924316e-01 5.519057512283325195e-01 7.719302177429199219e-01 7.165607810020446777e-01 1.621985435485839844e-01
2.152500003576278687e-01 8.138333559036254883e-01 9.817500114440917969e-01 6.437500119209289551e-01 5.357499718666076660e-01 7.557175159454345703e-01 1.954002529382705688e-01 7.583081722259521484e-01 8.311895728111267090e-01 6.941542029380798340e-01 5.542740225791931152e-01 7.565921545028686523e-01
1.075368002057075500e-01 9.815878272056579590e-01 4.070358276367187500e-01 7.206264138221740723e-01 3.871181309223175049e-01 0.000000000000000000e+00 4.198369011282920837e-02 9.150173068046569824e-01 2.399554699659347534e-01 8.940293192863464355e-01 3.610463440418243408e-01 1.237945689354091883e-04
1.901951432228088379e-01 6.454083323478698730e-01 1.137335970997810364e-01 4.203924536705017090e-01 7.311606407165527344e-01 0.000000000000000000e+00 2.162057459354400635e-01 7.846294045448303223e-01 2.360697686672210693e-01 2.829332947731018066e-01 7.691234350204467773e-01 6.134835071861743927e-03
6.862499713897705078e-01 1.848333328962326050e-01 1.072499975562095642e-01 1.247500032186508179e-01 1.492500007152557373e-01 7.700725197792053223e-01 5.618769526481628418e-01 2.707544863224029541e-01 2.630050182342529297e-01 1.552154719829559326e-01 1.252505779266357422e-01 5.490638017654418945e-01
7.020876407623291016e-01 5.534474849700927734e-01 4.811362028121948242e-01 3.177664875984191895e-01 1.540663540363311768e-01 0.000000000000000000e+00 5.849754810333251953e-01 3.845887482166290283e-01 3.949223458766937256e-01 4.864371120929718018e-01 1.193051189184188843e-01 1.953537203371524811e-02
6.651826500892639160e-01 4.746670126914978027e-01 7.483127713203430176e-01 7.818527817726135254e-01 3.594905436038970947e-01 0.000000000000000000e+00 6.943064332008361816e-01 5.354862213134765625e-01 6.485008597373962402e-01 7.798603177070617676e-01 3.864008486270904541e-01 9.342352300882339478e-02
2.087499946355819702e-01 8.308333158493041992e-01 8.952500224113464355e-01 2.347500026226043701e-01 1.957499980926513672e-01 4.715875089168548584e-01 2.121057957410812378e-01 7.402299046516418457e-01 8.259010910987854004e-01 2.078222781419754028e-01 2.304909676313400269e-01 5.363792777061462402e-01
8.012499809265136719e-01 2.465000003576278687e-01 1.237500011920928955e-01 8.877500295639038086e-01 9.302499890327453613e-01 4.512925148010253906e-01 7.787053585052490234e-01 3.860737085342407227e-01 2.319295704364776611e-01 8.541110157966613770e-01 8.840080499649047852e-01 4.387909471988677979e-01
9.327499866485595703e-01 1.961666643619537354e-01 5.502499938011169434e-01 5.617499947547912598e-01 1.867499947547912598e-01 6.260275244712829590e-01 9.484103322029113770e-01 4.059474766254425049e-01 5.309191346168518066e-01 5.691103339195251465e-01 1.644845157861709595e-01 5.642002820968627930e-01
8.725000172853469849e-02 5.738333463668823242e-01 8.117499947547912598e-01 8.967499732971191406e-01 4.697499871253967285e-01 8.616474866867065430e-01 6.971681863069534302e-02 5.328512787818908691e-01 8.002980947494506836e-01 8.130698204040527344e-01 4.723584353923797607e-01 7.466103434562683105e-01
8.037503361701965332e-01 8.545866608619689941e-02 1.209987029433250427e-01 7.711955904960632324e-01 6.695432066917419434e-01 0.000000000000000000e+00 7.485392689704895020e-01 3.426452577114105225e-01 4.724504947662353516e-01 6.899622678756713867e-01 7.229321002960205078e-01 2.617528736591339111e-01
7.065086960792541504e-01 9.768471717834472656e-01 2.622278630733489990e-01 3.229678869247436523e-01 9.584101438522338867e-01 0.000000000000000000e+00 7.314904332160949707e-01 8.582310676574707031e-01 2.986596822738647461e-01 2.257126718759536743e-01 9.212799072265625000e-01 8.709585294127464294e-03
9.418051838874816895e-01 4.346333444118499756e-01 2.419872581958770752e-02 2.374822199344635010e-01 5.546315312385559082e-01 0.000000000000000000e+00 8.705735206604003906e-01 3.215045630931854248e-01 1.836877912282943726e-01 1.587857156991958618e-01 5.394465923309326172e-01 2.910157293081283569e-02
6.086231470108032227e-01 7.990258336067199707e-01 7.147415280342102051e-01 9.661440253257751465e-01 2.396927028894424438e-01 0.000000000000000000e+00 6.513407230377197266e-01 6.959108114242553711e-01 5.977524518966674805e-01 8.372337818145751953e-01 1.816038787364959717e-01 5.791031289845705032e-03
7.217185497283935547e-01 2.363303303718566895e-01 6.975585222244262695e-01 7.847717404365539551e-01 7.657893896102905273e-01 0.000000000000000000e+00 6.802319288253784180e-01 2.015337944030761719e-01 7.378974556922912598e-01 7.887238264083862305e-01 8.245181441307067871e-01 3.448381647467613220e-02
4.174999892711639404e-02 7.754999995231628418e-01 2.872500121593475342e-01 9.377499818801879883e-01 2.587499916553497314e-01 1.557774990797042847e-01 4.794418439269065857e-02 7.814667820930480957e-01 2.885009646415710449e-01 9.363148808479309082e-01 3.210478425025939941e-01 1.854025013744831085e-02
1.062500029802322388e-01 4.724999964237213135e-01 6.117500066757202148e-01 7.057499885559082031e-01 7.172499895095825195e-01 2.339874953031539917e-01 1.291974186897277832e-01 4.779061377048492432e-01 6.930762529373168945e-01 7.421114444732666016e-01 7.067098617553710938e-01 1.608108729124069214e-01
6.743448376655578613e-01 4.630076587200164795e-01 6.289622783660888672e-01 8.444319963455200195e-01 8.257501721382141113e-01 0.000000000000000000e+00 7.576631307601928711e-01 2.988328337669372559e-01 5.352541804313659668e-01 7.877168655395507812e-01 8.565170168876647949e-01 1.405335962772369385e-01
4.875873327255249023e-01 5.076670050621032715e-01 1.414708495140075684e-01 7.456817030906677246e-01 8.653812408447265625e-01 0.000000000000000000e+00 5.706732273101806641e-01 7.572903037071228027e-01 3.651545047760009766e-01 5.051877498626708984e-01 8.592239618301391602e-01 1.003510951995849609e-01
3.603436350822448730e-01 9.319760203361511230e-01 2.060652822256088257e-01 5.155656337738037109e-01 4.898720681667327881e-01 0.000000000000000000e+00 3.301535844802856445e-01 9.330402016639709473e-01 1.059819161891937256e-01 6.087145209312438965e-01 4.884803593158721924e-01 3.779470222070813179e-03
7.411259412765502930e-01 8.060209751129150391e-01 1.820885017514228821e-02 9.553005099296569824e-01 4.189507663249969482e-02 0.000000000000000000e+00 7.961172461509704590e-01 9.228537678718566895e-01 2.869170904159545898e-01 7.225853800773620605e-01 4.726708307862281799e-02 4.582596375257708132e-05
6.887352466583251953e-01 6.398318409919738770e-01 3.628045320510864258e-01 2.418807297945022583e-01 3.284509479999542236e-01 0.000000000000000000e+00 5.342650413513183594e-01 6.947104930877685547e-01 3.914414048194885254e-01 4.976796805858612061e-01 3.122999966144561768e-01 7.309576869010925293e-02
8.206180334091186523e-01 3.217741549015045166e-01 2.701013982295989990e-01 8.320565223693847656e-01 8.757120966911315918e-01 0.000000000000000000e+00 8.096268177032470703e-01 2.040998488664627075e-01 5.152528882026672363e-01 6.004666686058044434e-01 8.903332948684692383e-01 5.687036551535129547e-03
2.087499946355819702e-01 8.308333158493041992e-01 8.952500224113464355e-01 2.347500026226043701e-01 1.957499980926513672e-01 4.715875089168548584e-01 2.121057957410812378e-01 7.402299046516418457e-01 8.259010910987854004e-01 2.078222781419754028e-01 2.304909676313400269e-01 5.363792777061462402e-01
4.032500088214874268e-01 2.255000025033950806e-01 6.592500209808349609e-01 9.312499761581420898e-01 5.867499709129333496e-01 1.047924980521202087e-01 4.290815591812133789e-01 2.875525653362274170e-01 7.322131991386413574e-01 8.492546677589416504e-01 5.699702501296997070e-01 7.799675315618515015e-02
3.552584052085876465e-01 6.689370274543762207e-01 8.718279749155044556e-02 3.348429873585700989e-02 1.408117711544036865e-01 0.000000000000000000e+00 3.128902912139892578e-01 7.807918787002563477e-01 9.181924909353256226e-02 1.008391901850700378e-01 1.280883252620697021e-01 1.854938082396984100e-02
9.422500133514404297e-01 5.985000133514404297e-01 2.437500059604644775e-01 3.787499964237213135e-01 7.767500281333923340e-01 7.324525117874145508e-01 8.667834401130676270e-01 5.835300087928771973e-01 2.465931624174118042e-01 3.684780299663543701e-01 8.063293099403381348e-01 6.831735968589782715e-01
8.624999970197677612e-02 7.328333258628845215e-01 8.352500200271606445e-01 5.232499837875366211e-01 8.042500019073486328e-01 1.424124985933303833e-01 1.141059324145317078e-01 6.917752623558044434e-01 8.442556858062744141e-01 5.200463533401489258e-01 8.486922383308410645e-01 7.417214661836624146e-02
5.495554804801940918e-01 3.703823387622833252e-01 2.474028319120407104e-01 5.364065170288085938e-01 1.877010315656661987e-01 0.000000000000000000e+00 5.244326591491699219e-01 4.515948295593261719e-01 3.291221857070922852e-01 4.971991479396820068e-01 1.346827149391174316e-01 9.676952660083770752e-02
9.563169479370117188e-01 4.802759885787963867e-01 2.169950455427169800e-01 2.005094736814498901e-01 7.296331524848937988e-01 0.000000000000000000e+00 9.187504649162292480e-01 5.662766695022583008e-01 3.099677860736846924e-01 1.729141324758529663e-01 7.548616528511047363e-01 2.677824534475803375e-02
6.227499842643737793e-01 5.504999756813049316e-01 9.182500243186950684e-01 2.882499992847442627e-01 4.312500059604644775e-01 7.106724977493286133e-01 6.326172351837158203e-01 4.776231944561004639e-01 7.852850556373596191e-01 2.678577005863189697e-01 4.155861437320709229e-01 7.053943276405334473e-01
6.714465618133544922e-01 5.770183354616165161e-02 4.194989502429962158e-01 4.881713986396789551e-01 2.173431068658828735e-01 0.000000000000000000e+00 6.196536421775817871e-01 2.957127094268798828e-01 5.775422453880310059e-01 5.504716038703918457e-01 1.732412129640579224e-01 8.928249776363372803e-02
7.355600595474243164e-01 6.573748588562011719e-01 9.147404432296752930e-01 4.447451829910278320e-01 9.443587660789489746e-01 0.000000000000000000e+00 7.229357957839965820e-01 4.960089325904846191e-01 7.066088914871215820e-01 4.899752736091613770e-01 9.322320222854614258e-01 9.439964592456817627e-02
4.032500088214874268e-01 2.255000025033950806e-01 6.592500209808349609e-01 9.312499761581420898e-01 5.867499709129333496e-01 1.047924980521202087e-01 4.290815591812133789e-01 2.875525653362274170e-01 7.322131991386413574e-01 8.492546677589416504e-01 5.699702501296997070e-01 7.799675315618515015e-02
1.492500007152557373e-01 5.341666936874389648e-01 2.392500042915344238e-01 5.562499761581420898e-01 3.927499949932098389e-01 8.977825045585632324e-01 1.626140475273132324e-01 5.363134145736694336e-01 1.767286211252212524e-01 4.760640263557434082e-01 4.041700065135955811e-01 9.130917787551879883e-01
9.422500133514404297e-01 5.985000133514404297e-01 2.437500059604644775e-01 3.787499964237213135e-01 7.767500281333923340e-01 7.324525117874145508e-01 8.667834401130676270e-01 5.835300087928771973e-01 2.465931624174118042e-01 3.684780299663543701e-01 8.063293099403381348e-01 6.831735968589782715e-01
1.010760962963104248e-01 3.770246803760528564e-01 1.801469475030899048e-01 6.759387254714965820e-02 8.503777980804443359e-01 0.000000000000000000e+00 1.609903424978256226e-01 4.713533818721771240e-01 2.890044450759887695e-01 1.045347750186920166e-01 8.890417814254760742e-01 2.531841583549976349e-02
3.424999862909317017e-02 4.754999876022338867e-01 7.697499990463256836e-01 2.577500045299530029e-01 8.107500076293945312e-01 5.834575295448303223e-01 8.356444537639617920e-02 4.301866888999938965e-01 6.136820316314697266e-01 3.982145488262176514e-01 8.148924708366394043e-01 2.169696241617202759e-01
3.243822455406188965e-01 4.685116559267044067e-02 3.129265904426574707e-01 5.079183578491210938e-01 6.672707200050354004e-01 0.000000000000000000e+00 3.578192293643951416e-01 2.685317099094390869e-01 6.241614818572998047e-01 3.545819520950317383e-01 6.596099734306335449e-01 9.306794032454490662e-03
8.017753362655639648e-01 7.184566557407379150e-02 7.886600494384765625e-01 9.968650341033935547e-01 4.464205503463745117e-01 0.000000000000000000e+00 8.290489315986633301e-01 1.872569620609283447e-01 9.192686676979064941e-01 8.988337516784667969e-01 4.780198633670806885e-01 3.570624627172946930e-03
2.152500003576278687e-01 8.138333559036254883e-01 9.817500114440917969e-01 6.437500119209289551e-01 5.357499718666076660e-01 7.557175159454345703e-01 1.954002529382705688e-01 7.583081722259521484e-01 8.311895728111267090e-01 6.941542029380798340e-01 5.542740225791931152e-01 7.565921545028686523e-01
6.927499771118164062e-01 6.318333148956298828e-01 3.787499964237213135e-01 6.617500185966491699e-01 3.747499883174896240e-01 4.196124970912933350e-01 7.183616757392883301e-01 6.623769402503967285e-01 4.437746405601501465e-01 5.965687036514282227e-01 3.746386766433715820e-01 2.530626356601715088e-01
8.112204670906066895e-01 7.164216637611389160e-01 8.850507140159606934e-01 9.081423282623291016e-01 3.103545010089874268e-01 0.000000000000000000e+00 8.291705250740051270e-01 5.713577866554260254e-01 7.435777187347412109e-01 8.490680456161499023e-01 2.676748633384704590e-01 1.717154053039848804e-03
9.367499947547912598e-01 3.151666522026062012e-01 9.037500023841857910e-01 7.222499847412109375e-01 3.497500121593475342e-01 3.810024857521057129e-01 9.141893386840820312e-01 2.901584804058074951e-01 8.347706794738769531e-01 7.820861935615539551e-01 3.438428044319152832e-01 2.177401930093765259e-01
8.162500262260437012e-01 6.061666607856750488e-01 4.707500040531158447e-01 2.437500059604644775e-01 1.947499960660934448e-01 3.300175070762634277e-01 8.566945195198059082e-01 5.443202257156372070e-01 2.947900593280792236e-01 3.303373157978057861e-01 2.064095735549926758e-01 2.910793423652648926e-01
3.097499907016754150e-01 5.391666889190673828e-01 8.897500038146972656e-01 1.025000028312206268e-02 7.647500038146972656e-01 5.785074830055236816e-01 2.797596752643585205e-01 5.522536635398864746e-01 7.616786360740661621e-01 1.841848790645599365e-01 7.677739262580871582e-01 4.684820771217346191e-01
1.930500715970993042e-01 6.904796957969665527e-01 4.604114294052124023e-01 9.435105919837951660e-01 7.848818898200988770e-01 0.000000000000000000e+00 1.542135328054428101e-01 7.837086915969848633e-01 6.866848468780517578e-01 8.979141712188720703e-01 7.494149208068847656e-01 3.775940462946891785e-02
4.306537508964538574e-01 7.542253136634826660e-01 7.457005381584167480e-01 8.294911980628967285e-01 2.491653561592102051e-01 0.000000000000000000e+00 4.629961252212524414e-01 6.447075605392456055e-01 5.441942214965820312e-01 7.882786989212036133e-01 2.065247297286987305e-01 7.278419286012649536e-02
7.737500071525573730e-01 4.474999904632568359e-01 6.207500100135803223e-01 8.602499961853027344e-01 5.787500143051147461e-01 4.166424870491027832e-01 8.212025761604309082e-01 5.331145524978637695e-01 5.686525106430053711e-01 7.992262244224548340e-01 5.833021402359008789e-01 3.156673312187194824e-01
4.962500035762786865e-01 5.658333301544189453e-01 8.657500147819519043e-01 8.772500157356262207e-01 2.282499969005584717e-01 8.131374716758728027e-01 4.983427822589874268e-01 4.895193874835968018e-01 6.918647289276123047e-01 8.054840564727783203e-01 2.153428345918655396e-01 6.611287593841552734e-01
6.132500171661376953e-01 4.048333466053009033e-01 4.632500112056732178e-01 7.622500061988830566e-01 1.612499952316284180e-01 7.913575172424316406e-01 6.489024758338928223e-01 4.394290745258331299e-01 4.083365499973297119e-01 6.192743778228759766e-01 1.596156656742095947e-01 6.100485324859619141e-01
7.152500152587890625e-01 2.968333363533020020e-01 3.749999916180968285e-03 2.847500145435333252e-01 3.277499973773956299e-01 7.621524930000305176e-01 6.541913747787475586e-01 2.999218404293060303e-01 1.462169289588928223e-01 1.577225327491760254e-01 3.047644495964050293e-01 5.280188918113708496e-01
9.367499947547912598e-01 3.151666522026062012e-01 9.037500023841857910e-01 7.222499847412109375e-01 3.497500121593475342e-01 3.810024857521057129e-01 9.141893386840820312e-01 2.901584804058074951e-01 8.347706794738769531e-01 7.820861935615539551e-01 3.438428044319152832e-01 2.177401930093765259e-01
7.224848270416259766e-01 5.984525084495544434e-01 1.734463572502136230e-01 9.884055256843566895e-01 1.675242558121681213e-02 0.000000000000000000e+00 8.294778466224670410e-01 6.990516185760498047e-01 3.179887831211090088e-01 6.638475060462951660e-01 2.818445302546024323e-02 1.041012001223862171e-03
5.190179347991943359e-01 5.260011553764343262e-01 3.731613755226135254e-01 6.337729841470718384e-02 8.890709280967712402e-01 0.000000000000000000e+00 4.440131783485412598e-01 3.141594231128692627e-01 4.051037430763244629e-01 1.648331880569458008e-01 8.842262029647827148e-01 4.016682505607604980e-03
1.117499992251396179e-01 3.808333277702331543e-01 1.052500009536743164e-01 5.272499918937683105e-01 7.074999809265136719e-02 1.810224950313568115e-01 1.374514698982238770e-01 3.049782514572143555e-01 1.307238787412643433e-01 3.671231567859649658e-01 6.749560683965682983e-02 4.282730445265769958e-02
5.327647328376770020e-01 5.208648443222045898e-01 7.977669239044189453e-01 7.556847929954528809e-01 6.623019576072692871e-01 0.000000000000000000e+00 5.862432718276977539e-01 4.560807645320892334e-01 6.543418169021606445e-01 6.621981263160705566e-01 7.791713476181030273e-01 8.305250853300094604e-02
5.465636253356933594e-01 3.897031545639038086e-01 2.318842709064483643e-01 6.938999891281127930e-02 2.036156207323074341e-01 0.000000000000000000e+00 4.755451977252960205e-01 3.825668990612030029e-01 2.261606752872467041e-01 1.413565427064895630e-01 1.997508108615875244e-01 2.692167758941650391e-01
7.986221313476562500e-01 7.068819999694824219e-01 8.231840729713439941e-01 3.559537231922149658e-01 5.321633219718933105e-01 0.000000000000000000e+00 7.903769612312316895e-01 5.966353416442871094e-01 4.745727777481079102e-01 6.126409769058227539e-01 5.665864944458007812e-01 1.328274458646774292e-01
8.235239386558532715e-01 3.740909993648529053e-01 9.669042229652404785e-01 1.328331679105758667e-01 4.594960510730743408e-01 0.000000000000000000e+00 8.607083559036254883e-01 3.765266239643096924e-01 5.007313489913940430e-01 4.840081036090850830e-01 4.665240943431854248e-01 1.151665747165679932e-01
5.237500071525573730e-01 5.421666502952575684e-01 4.572499990463256836e-01 7.225000113248825073e-02 6.075000017881393433e-02 4.884175062179565430e-01 4.890669882297515869e-01 3.985364139080047607e-01 3.072285652160644531e-01 1.242118701338768005e-01 8.207210153341293335e-02 3.231406211853027344e-01
5.009898543357849121e-01 1.891520023345947266e-01 8.855014443397521973e-01 8.201781511306762695e-01 3.303480446338653564e-01 0.000000000000000000e+00 4.910377562046051025e-01 2.131409794092178345e-01 8.341233134269714355e-01 8.246069550514221191e-01 2.901488840579986572e-01 7.142515387386083603e-03
6.429571509361267090e-01 8.563850075006484985e-02 5.907167792320251465e-01 8.828521966934204102e-01 4.004188477993011475e-01 0.000000000000000000e+00 7.343420386314392090e-01 2.414789795875549316e-01 6.761347055435180664e-01 7.132543921470642090e-01 3.787635564804077148e-01 1.420003268867731094e-02
7.288932800292968750e-02 4.535863399505615234e-01 4.739280045032501221e-01 7.387211918830871582e-01 9.786890149116516113e-01 0.000000000000000000e+00 6.330439448356628418e-02 4.908103644847869873e-01 7.007025480270385742e-01 6.896621584892272949e-01 8.914037942886352539e-01 3.040788136422634125e-02
9.775592088699340820e-01 5.811210274696350098e-01 9.513321518898010254e-01 2.424478530883789062e-01 7.207301259040832520e-01 0.000000000000000000e+00 8.682689666748046875e-01 3.302479982376098633e-01 6.583229303359985352e-01 7.067678570747375488e-01 7.519248723983764648e-01 2.555102296173572540e-02
1.832499951124191284e-01 1.901666671037673950e-01 9.902499914169311523e-01 3.447499871253967285e-01 4.292500019073486328e-01 1.518175005912780762e-01 1.838018596172332764e-01 2.543080151081085205e-01 8.746118545532226562e-01 3.211737573146820068e-01 3.773142099380493164e-01 3.137346729636192322e-02
9.192500114440917969e-01 4.514999985694885254e-01 6.262500286102294922e-01 7.275000214576721191e-02 7.157499790191650391e-01 9.665874838829040527e-01 8.761587142944335938e-01 4.858245551586151123e-01 5.285284519195556641e-01 2.066991627216339111e-01 6.949606537818908691e-01 7.222883701324462891e-01
4.821956753730773926e-01 4.515101611614227295e-01 1.545401066541671753e-01 6.256832480430603027e-01 9.306961297988891602e-01 0.000000000000000000e+00 4.874593615531921387e-01 6.289550662040710449e-01 5.749832391738891602e-01 3.129281401634216309e-01 9.037699103355407715e-01 5.225991085171699524e-02
4.032500088214874268e-01 2.255000025033950806e-01 6.592500209808349609e-01 9.312499761581420898e-01 5.867499709129333496e-01 1.047924980521202087e-01 4.290815591812133789e-01 2.875525653362274170e-01 7.322131991386413574e-01 8.492546677589416504e-01 5.699702501296997070e-01 7.799675315618515015e-02
1.795591562986373901e-01 5.789288282394409180e-01 8.860753178596496582e-01 1.735420525074005127e-01 9.996677041053771973e-01 0.000000000000000000e+00 1.622820943593978882e-01 3.412306606769561768e-01 4.748527407646179199e-01 3.147054314613342285e-01 9.274013042449951172e-01 8.561256341636180878e-03
8.337983489036560059e-01 3.777321577072143555e-01 7.002155780792236328e-01 9.167574048042297363e-01 8.239523172378540039e-01 0.000000000000000000e+00 8.848781585693359375e-01 2.541832327842712402e-01 7.359200716018676758e-01 8.491986989974975586e-01 8.866418600082397461e-01 2.038675397634506226e-01
6.376563310623168945e-01 6.361828446388244629e-01 3.552133142948150635e-01 7.521473169326782227e-01 7.094876766204833984e-01 0.000000000000000000e+00 5.910636186599731445e-01 7.495548725128173828e-01 5.436011552810668945e-01 7.792927622795104980e-01 7.469976544380187988e-01 2.309639565646648407e-02
2.562499940395355225e-01 6.324999928474426270e-01 7.047500014305114746e-01 3.497500121593475342e-01 2.192499935626983643e-01 1.760724931955337524e-01 3.001985549926757812e-01 6.035028696060180664e-01 6.835567355155944824e-01 2.711639702320098877e-01 2.010476589202880859e-01 1.981575042009353638e-01
6.597499847412109375e-01 2.834999859333038330e-01 8.867499828338623047e-01 8.802499771118164062e-01 9.377499818801879883e-01 3.235825002193450928e-01 7.225852608680725098e-01 2.359092980623245239e-01 8.145876526832580566e-01 8.658178448677062988e-01 9.288817048072814941e-01 1.939287632703781128e-01
7.072124481201171875e-01 3.706884980201721191e-01 9.655199944972991943e-02 6.508925557136535645e-01 6.730204224586486816e-01 0.000000000000000000e+00 6.929488182067871094e-01 6.490512490272521973e-01 3.919108211994171143e-01 4.494639039039611816e-01 7.307952642440795898e-01 1.073875352740287781e-01
9.327499866485595703e-01 1.961666643619537354e-01 5.502499938011169434e-01 5.617499947547912598e-01 1.867499947547912598e-01 6.260275244712829590e-01 9.484103322029113770e-01 4.059474766254425049e-01 5.309191346168518066e-01 5.691103339195251465e-01 1.644845157861709595e-01 5.642002820968627930e-01
2.986645102500915527e-01 4.900188446044921875e-01 5.817989706993103027e-01 5.437111258506774902e-01 3.160001337528228760e-01 0.000000000000000000e+00 2.526848912239074707e-01 2.842653393745422363e-01 5.762164592742919922e-01 4.637856483459472656e-01 3.184615671634674072e-01 1.492301821708679199e-01
2.517499923706054688e-01 6.198333501815795898e-01 4.977500140666961670e-01 7.227500081062316895e-01 5.952500104904174805e-01 5.230674743652343750e-01 2.734706699848175049e-01 6.606373786926269531e-01 6.196810007095336914e-01 7.288031578063964844e-01 6.133211851119995117e-01 5.258328914642333984e-01
3.167499899864196777e-01 7.714999914169311523e-01 3.377499878406524658e-01 3.597500026226043701e-01 8.707500100135803223e-01 7.374024987220764160e-01 3.047513961791992188e-01 6.633037328720092773e-01 3.482656478881835938e-01 2.937095761299133301e-01 9.078745841979980469e-01 6.988598704338073730e-01
6.824610829353332520e-01 2.612474858760833740e-01 1.109307035803794861e-01 5.377513170242309570e-01 8.952578306198120117e-01 0.000000000000000000e+00 6.560556292533874512e-01 6.129004359245300293e-01 4.559683799743652344e-01 4.074044823646545410e-01 9.003555178642272949e-01 8.181595057249069214e-02
5.989437550306320190e-02 6.063514947891235352e-01 7.318518757820129395e-01 3.017284274101257324e-01 9.945700317621231079e-02 0.000000000000000000e+00 1.237981952726840973e-02 6.468220353126525879e-01 9.046097397804260254e-01 3.020884692668914795e-01 6.831565499305725098e-02 2.769685117527842522e-03
3.097499907016754150e-01 5.391666889190673828e-01 8.897500038146972656e-01 1.025000028312206268e-02 7.647500038146972656e-01 5.785074830055236816e-01 2.797596752643585205e-01 5.522536635398864746e-01 7.616786360740661621e-01 1.841848790645599365e-01 7.677739262580871582e-01 4.684820771217346191e-01
1.197500005364418030e-01 7.655000090599060059e-01 3.937500119209289551e-01 4.627499878406524658e-01 2.425000071525573730e-02 7.378975152969360352e-01 9.874311089515686035e-02 6.400468349456787109e-01 2.904174327850341797e-01 4.327516257762908936e-01 1.112948581576347351e-01 8.423762321472167969e-01
4.982500076293945312e-01 3.598333299160003662e-01 6.932500004768371582e-01 8.737499713897705078e-01 3.422499895095825195e-01 8.552125096321105957e-01 5.442555546760559082e-01 3.682297170162200928e-01 6.243611574172973633e-01 7.205952405929565430e-01 3.086028993129730225e-01 6.082612872123718262e-01
6.177499890327453613e-01 6.188333630561828613e-01 4.407500028610229492e-01 3.187499940395355225e-01 5.037500262260437012e-01 1.216225028038024902e-01 6.318250298500061035e-01 6.239581108093261719e-01 4.407620131969451904e-01 3.608322143554687500e-01 5.048271417617797852e-01 1.244315877556800842e-01
5.297212004661560059e-01 6.014770269393920898e-01 9.042257666587829590e-01 3.977243304252624512e-01 1.308780312538146973e-01 0.000000000000000000e+00 5.284357070922851562e-01 5.960129499435424805e-01 5.240494012832641602e-01 6.155401468276977539e-01 9.992032498121261597e-02 2.163835242390632629e-02
3.508542776107788086e-01 6.935483217239379883e-01 2.245828807353973389e-01 8.994170278310775757e-02 6.107575297355651855e-01 0.000000000000000000e+00 3.401873707771301270e-01 8.153571486473083496e-01 2.648712694644927979e-01 1.318475753068923950e-01 6.363114118576049805e-01 5.056019406765699387e-03
6.287500262260437012e-01 3.498333394527435303e-01 2.857500016689300537e-01 3.732500076293945312e-01 4.812499880790710449e-01 6.388974785804748535e-01 5.969012379646301270e-01 4.289678931236267090e-01 3.044248521327972412e-01 4.092275798320770264e-01 4.644019603729248047e-01 5.867336392402648926e-01
4.032500088214874268e-01 2.255000025033950806e-01 6.592500209808349609e-01 9.312499761581420898e-01 5.867499709129333496e-01 1.047924980521202087e-01 4.290815591812133789e-01 2.875525653362274170e-01 7.322131991386413574e-01 8.492546677589416504e-01 5.699702501296997070e-01 7.799675315618515015e-02
2.693877220153808594e-01 7.507334947586059570e-01 6.212740540504455566e-01 2.660922519862651825e-02 2.587102651596069336e-01 0.000000000000000000e+00 2.542102634906768799e-01 6.045083999633789062e-01 2.942879199981689453e-01 1.373180449008941650e-01 2.312837988138198853e-01 1.402905136346817017e-01
7.259038686752319336e-01 8.153769969940185547e-01 5.851051211357116699e-01 9.675108790397644043e-01 9.081756472587585449e-01 0.000000000000000000e+00 8.565873503684997559e-01 4.789564609527587891e-01 4.141938686370849609e-01 7.892536520957946777e-01 9.107604026794433594e-01 3.968936949968338013e-02
6.272938847541809082e-01 2.957478463649749756e-01 3.745872378349304199e-01 7.152234315872192383e-01 1.206270977854728699e-01 0.000000000000000000e+00 6.692934632301330566e-01 4.218823909759521484e-01 4.171757400035858154e-01 5.280914902687072754e-01 8.470131456851959229e-02 1.503545674495398998e-03
1.864756792783737183e-01 4.848288297653198242e-01 1.357013434171676636e-01 6.019451618194580078e-01 8.045922517776489258e-01 0.000000000000000000e+00 2.281957268714904785e-01 6.742956638336181641e-01 3.973860442638397217e-01 3.922303318977355957e-01 7.995901107788085938e-01 3.083257749676704407e-02
9.250000119209289551e-03 6.671666502952575684e-01 8.472499847412109375e-01 4.362500011920928955e-01 1.627500057220458984e-01 2.226025015115737915e-01 2.230679802596569061e-02 6.313010454177856445e-01 7.849996089935302734e-01 4.628594815731048584e-01 2.421301901340484619e-01 1.142090335488319397e-01
9.525000303983688354e-02 5.774999856948852539e-01 1.882500052452087402e-01 4.282500147819519043e-01 5.407500267028808594e-01 2.409175038337707520e-01 1.419037878513336182e-01 5.682940483093261719e-01 2.468069791793823242e-01 4.748067855834960938e-01 5.773960947990417480e-01 7.254760712385177612e-02
9.422500133514404297e-01 5.985000133514404297e-01 2.437500059604644775e-01 3.787499964237213135e-01 7.767500281333923340e-01 7.324525117874145508e-01 8.667834401130676270e-01 5.835300087928771973e-01 2.465931624174118042e-01 3.684780299663543701e-01 8.063293099403381348e-01 6.831735968589782715e-01
3.965640068054199219e-02 6.160230040550231934e-01 9.388573765754699707e-01 1.368643045425415039e-01 1.171552985906600952e-01 0.000000000000000000e+00 1.250881142914295197e-02 5.326480865478515625e-01 8.876930475234985352e-01 1.295710355043411255e-01 1.034312322735786438e-01 3.426778316497802734e-02
3.344225883483886719e-01 1.029765009880065918e-01 5.256986618041992188e-01 1.815124973654747009e-02 5.136740803718566895e-01 0.000000000000000000e+00 3.364596664905548096e-01 1.257853060960769653e-01 3.116880357265472412e-01 9.050521254539489746e-02 5.225248336791992188e-01 2.355119911953806877e-03
9.525000303983688354e-02 5.774999856948852539e-01 1.882500052452087402e-01 4.282500147819519043e-01 5.407500267028808594e-01 2.409175038337707520e-01 1.419037878513336182e-01 5.682940483093261719e-01 2.468069791793823242e-01 4.748067855834960938e-01 5.773960947990417480e-01 7.254760712385177612e-02
9.477499723434448242e-01 2.308333367109298706e-01 1.042499989271163940e-01 3.242500126361846924e-01 1.475000008940696716e-02 7.334424853324890137e-01 8.549132347106933594e-01 3.116813600063323975e-01 1.299418509006500244e-01 2.731801867485046387e-01 4.971813410520553589e-02 4.366028606891632080e-01
5.770772695541381836e-01 6.120985150337219238e-01 3.719967901706695557e-01 5.156595706939697266e-01 6.040902733802795410e-01 0.000000000000000000e+00 5.624641180038452148e-01 7.247957587242126465e-01 4.167413413524627686e-01 4.201318919658660889e-01 6.335794329643249512e-01 6.162788346409797668e-02
7.737500071525573730e-01 4.474999904632568359e-01 6.207500100135803223e-01 8.602499961853027344e-01 5.787500143051147461e-01 4.166424870491027832e-01 8.212025761604309082e-01 5.331145524978637695e-01 5.686525106430053711e-01 7.992262244224548340e-01 5.833021402359008789e-01 3.156673312187194824e-01
5.858947336673736572e-02 9.238215088844299316e-01 4.362717270851135254e-01 9.760951399803161621e-01 4.485224485397338867e-01 0.000000000000000000e+00 1.337221171706914902e-02 8.937838077545166016e-01 3.114705979824066162e-01 9.563724994659423828e-01 3.749990761280059814e-01 2.025994617724791169e-04
5.420028567314147949e-01 8.675234913825988770e-01 4.991985559463500977e-01 2.860508263111114502e-01 7.103654742240905762e-02 0.000000000000000000e+00 5.118919610977172852e-01 6.043735146522521973e-01 2.955201864242553711e-01 2.976727783679962158e-01 7.095414400100708008e-02 2.422565035521984100e-02
8.942499756813049316e-01 6.038333177566528320e-01 5.497499704360961914e-01 4.132499992847442627e-01 4.922499954700469971e-01 4.413925111293792725e-01 9.062815308570861816e-01 5.985388159751892090e-01 4.945496916770935059e-01 4.055340588092803955e-01 5.140224099159240723e-01 2.472470551729202271e-01
2.129958271980285645e-01 7.378146648406982422e-01 9.331533312797546387e-01 4.384985268115997314e-01 4.911751747131347656e-01 0.000000000000000000e+00 1.608278006315231323e-01 7.311274409294128418e-01 8.230890035629272461e-01 5.227762460708618164e-01 4.924679100513458252e-01 1.389968693256378174e-01
5.783275961875915527e-01 7.679461836814880371e-01 1.879194676876068115e-01 3.136897459626197815e-02 3.740251362323760986e-01 0.000000000000000000e+00 5.200816988945007324e-01 6.402616500854492188e-01 1.150589287281036377e-01 1.385272890329360962e-01 3.563630282878875732e-01 1.056505516171455383e-01
7.262499928474426270e-01 3.008333444595336914e-01 2.924999967217445374e-02 6.517500281333923340e-01 3.974999859929084778e-02 5.527675151824951172e-01 7.346823215484619141e-01 3.809643387794494629e-01 1.819541305303573608e-01 4.037063121795654297e-01 5.656735971570014954e-02 1.523489207029342651e-01
5.338459014892578125e-01 9.563919901847839355e-01 4.175154864788055420e-02 5.549976229667663574e-01 5.091111660003662109e-01 0.000000000000000000e+00 4.982733428478240967e-01 9.803828001022338867e-01 4.769628494977951050e-02 7.379276752471923828e-01 4.927968680858612061e-01 8.212617831304669380e-04
8.880257606506347656e-01 9.171653389930725098e-01 9.958367943763732910e-01 1.150501519441604614e-01 8.194887638092041016e-02 0.000000000000000000e+00 7.798855304718017578e-01 6.762657761573791504e-01 4.564285576343536377e-01 6.356117129325866699e-01 5.837003514170646667e-02 3.410940244793891907e-02
9.327499866485595703e-01 1.961666643619537354e-01 5.502499938011169434e-01 5.617499947547912598e-01 1.867499947547912598e-01 6.260275244712829590e-01 9.484103322029113770e-01 4.059474766254425049e-01 5.309191346168518066e-01 5.691103339195251465e-01 1.644845157861709595e-01 5.642002820968627930e-01
9.074562191963195801e-01 5.745170116424560547e-01 9.061649441719055176e-01 2.218285202980041504e-01 9.878115355968475342e-02 0.000000000000000000e+00 8.273881673812866211e-01 4.278349578380584717e-01 5.842859148979187012e-01 5.218021273612976074e-01 7.992083579301834106e-02 2.643918059766292572e-02
3.992500007152557373e-01 4.884999990463256836e-01 2.152500003576278687e-01 9.512500166893005371e-01 1.624999940395355225e-02 1.448875069618225098e-01 4.286036193370819092e-01 4.356583356857299805e-01 2.578125000000000000e-01 7.075694203376770020e-01 3.929311782121658325e-02 2.689886651933193207e-02
3.842499852180480957e-01 7.928333282470703125e-01 6.317499876022338867e-01 7.692499756813049316e-01 8.192499876022338867e-01 7.433425188064575195e-01 3.959587216377258301e-01 7.509683370590209961e-01 6.960948109626770020e-01 7.868927717208862305e-01 8.452066779136657715e-01 6.544247865676879883e-01
1.113194003701210022e-01 3.637886643409729004e-01 6.233812570571899414e-01 6.699194908142089844e-01 1.285331994295120239e-01 0.000000000000000000e+00 4.574210569262504578e-02 3.908716738224029541e-01 9.163727164268493652e-01 4.889324307441711426e-01 1.025843992829322815e-01 2.231981232762336731e-02
9.280958175659179688e-01 4.130569994449615479e-01 4.558309316635131836e-01 6.010336875915527344e-01 2.196087539196014404e-01 0.000000000000000000e+00 8.811572194099426270e-01 6.806685328483581543e-01 5.430593490600585938e-01 7.032462358474731445e-01 1.951892971992492676e-01 5.078019574284553528e-02
9.087476730346679688e-01 6.571664810180664062e-01 1.150479242205619812e-01 9.249930977821350098e-01 8.929375410079956055e-01 0.000000000000000000e+00 8.909828662872314453e-01 7.283884882926940918e-01 3.017043769359588623e-01 8.134559988975524902e-01 8.986362814903259277e-01 1.079028770327568054e-01
5.190179347991943359e-01 5.260011553764343262e-01 3.731613755226135254e-01 6.337729841470718384e-02 8.890709280967712402e-01 0.000000000000000000e+00 4.440131783485412598e-01 3.141594231128692627e-01 4.051037430763244629e-01 1.648331880569458008e-01 8.842262029647827148e-01 4.016682505607604980e-03
4.147500097751617432e-01 2.754999995231628418e-01 9.357500076293945312e-01 5.447499752044677734e-01 4.547500014305114746e-01 2.800225019454956055e-01 4.639310836791992188e-01 2.656679451465606689e-01 8.264940381050109863e-01 4.965436160564422607e-01 4.545021057128906250e-01 1.082459017634391785e-01
1.062500029802322388e-01 4.724999964237213135e-01 6.117500066757202148e-01 7.057499885559082031e-01 7.172499895095825195e-01 2.339874953031539917e-01 1.291974186897277832e-01 4.779061377048492432e-01 6.930762529373168945e-01 7.421114444732666016e-01 7.067098617553710938e-01 1.608108729124069214e-01
5.458362102508544922e-01 7.640216946601867676e-01 1.971745193004608154e-01 3.059287965297698975e-01 5.554005503654479980e-01 0.000000000000000000e+00 5.218104720115661621e-01 7.673722505569458008e-01 2.207086533308029175e-01 3.675691187381744385e-01 5.339595675468444824e-01 1.067464798688888550e-01
5.992500185966491699e-01 7.551666498184204102e-01 8.052499890327453613e-01 4.177500009536743164e-01 7.957500219345092773e-01 1.696375012397766113e-01 5.907052159309387207e-01 7.752657532691955566e-01 7.274079918861389160e-01 5.148072242736816406e-01 7.982749938964843750e-01 1.020927950739860535e-01
6.480334997177124023e-01 3.017018437385559082e-01 8.164425194263458252e-02 8.483807444572448730e-01 1.031882017850875854e-01 0.000000000000000000e+00 6.916269659996032715e-01 6.347508430480957031e-01 3.666938245296478271e-01 5.413172245025634766e-01 9.341437369585037231e-02 1.351158833131194115e-03
7.753055095672607422e-01 6.614631414413452148e-01 3.979968726634979248e-01 6.711735725402832031e-01 8.655117750167846680e-01 0.000000000000000000e+00 8.343356847763061523e-01 6.891481876373291016e-01 4.488417804241180420e-01 4.728794991970062256e-01 8.621150851249694824e-01 7.032935321331024170e-02
7.431822419166564941e-01 5.289436578750610352e-01 3.326645120978355408e-02 8.614518046379089355e-01 1.092328727245330811e-01 0.000000000000000000e+00 8.021727800369262695e-01 7.904434800148010254e-01 3.802059888839721680e-01 5.561008453369140625e-01 9.142972528934478760e-02 3.099658526480197906e-03
2.152500003576278687e-01 8.138333559036254883e-01 9.817500114440917969e-01 6.437500119209289551e-01 5.357499718666076660e-01 7.557175159454345703e-01 1.954002529382705688e-01 7.583081722259521484e-01 8.311895728111267090e-01 6.941542029380798340e-01 5.542740225791931152e-01 7.565921545028686523e-01
5.567499995231628418e-01 4.368333220481872559e-01 8.874999731779098511e-02 9.472500085830688477e-01 8.372499942779541016e-01 5.433624982833862305e-01 5.597423315048217773e-01 4.975108504295349121e-01 1.386526077985763550e-01 9.138104319572448730e-01 8.403158187866210938e-01 5.001618862152099609e-01
2.944093644618988037e-01 4.874331653118133545e-01 7.399325370788574219e-01 9.920770525932312012e-01 4.383839368820190430e-01 0.000000000000000000e+00 2.601384520530700684e-01 4.349229633808135986e-01 7.890587449073791504e-01 9.113065004348754883e-01 4.251592457294464111e-01 4.013912379741668701e-02
4.042211771011352539e-01 9.792346954345703125e-01 4.301772639155387878e-02 8.334084749221801758e-01 9.639832377433776855e-01 0.000000000000000000e+00 4.621889293193817139e-01 9.729897975921630859e-01 1.051563620567321777e-01 6.996956467628479004e-01 9.200617671012878418e-01 1.357772503979504108e-03
9.525000303983688354e-02 5.774999856948852539e-01 1.882500052452087402e-01 4.282500147819519043e-01 5.407500267028808594e-01 2.409175038337707520e-01 1.419037878513336182e-01 5.682940483093261719e-01 2.468069791793823242e-01 4.748067855834960938e-01 5.773960947990417480e-01 7.254760712385177612e-02
2.275079488754272461e-01 9.777656793594360352e-01 6.999547481536865234e-01 6.144196987152099609e-01 8.408438563346862793e-01 0.000000000000000000e+00 1.903226077556610107e-01 7.448688149452209473e-01 4.523089230060577393e-01 6.664869189262390137e-01 8.264076709747314453e-01 7.809346076101064682e-03
5.514211654663085938e-01 3.533288240432739258e-01 4.292901456356048584e-01 1.359537243843078613e-01 8.245084285736083984e-01 0.000000000000000000e+00 5.141496658325195312e-01 1.637767255306243896e-01 4.159274697303771973e-01 1.902548521757125854e-01 8.611783385276794434e-01 4.538815002888441086e-03
9.547500014305114746e-01 3.425000011920928955e-01 2.362499982118606567e-01 2.532500028610229492e-01 3.957499861717224121e-01 4.588750004768371582e-02 9.229391813278198242e-01 4.709245860576629639e-01 2.723128795623779297e-01 2.711418569087982178e-01 3.858843147754669189e-01 5.475147813558578491e-02
4.147500097751617432e-01 2.754999995231628418e-01 9.357500076293945312e-01 5.447499752044677734e-01 4.547500014305114746e-01 2.800225019454956055e-01 4.639310836791992188e-01 2.656679451465606689e-01 8.264940381050109863e-01 4.965436160564422607e-01 4.545021057128906250e-01 1.082459017634391785e-01
8.474999666213989258e-02 4.178333282470703125e-01 2.502500116825103760e-01 3.462499976158142090e-01 1.792500019073486328e-01 8.796250075101852417e-02 9.955704212188720703e-02 4.406472146511077881e-01 3.233667612075805664e-01 3.178928494453430176e-01 1.916274428367614746e-01 3.296422585844993591e-02
9.992499947547912598e-01 2.108333259820938110e-01 4.542500078678131104e-01 9.667500257492065430e-01 7.722499966621398926e-01 5.196024775505065918e-01 9.223154187202453613e-01 2.564811706542968750e-01 5.987123847007751465e-01 8.427808880805969238e-01 7.871670126914978027e-01 4.329144656658172607e-01
4.185115098953247070e-01 9.812916517257690430e-01 8.454831242561340332e-01 3.289196193218231201e-01 1.238275021314620972e-01 0.000000000000000000e+00 3.745612204074859619e-01 6.907553076744079590e-01 3.807661831378936768e-01 4.517232775688171387e-01 1.023102253675460815e-01 3.415222093462944031e-02
8.838497400283813477e-01 2.722083404660224915e-02 8.504245281219482422e-01 1.337267756462097168e-01 2.209233492612838745e-01 0.000000000000000000e+00 7.379266619682312012e-01 2.727415561676025391e-01 6.801716685295104980e-01 6.107566952705383301e-01 1.951890438795089722e-01 1.742580682039260864e-01
1.724999956786632538e-02 2.105000019073486328e-01 3.075000084936618805e-02 3.967500030994415283e-01 8.824999630451202393e-02 2.468574941158294678e-01 4.371126741170883179e-02 3.131747841835021973e-01 1.223028153181076050e-01 3.424339294433593750e-01 2.040428295731544495e-02 1.039625331759452820e-01
5.397499799728393555e-01 4.061666727066040039e-01 6.297500133514404297e-01 3.267500102519989014e-01 3.487499952316284180e-01 6.667750328779220581e-02 5.547677278518676758e-01 3.269937336444854736e-01 6.685476899147033691e-01 2.605756223201751709e-01 3.334589898586273193e-01 6.717278063297271729e-02
8.725000172853469849e-02 5.738333463668823242e-01 8.117499947547912598e-01 8.967499732971191406e-01 4.697499871253967285e-01 8.616474866867065430e-01 6.971681863069534302e-02 5.328512787818908691e-01 8.002980947494506836e-01 8.130698204040527344e-01 4.723584353923797607e-01 7.466103434562683105e-01
5.500932410359382629e-02 5.703258514404296875e-01 3.565797805786132812e-01 6.889134645462036133e-02 4.371176064014434814e-01 0.000000000000000000e+00 4.053497686982154846e-02 6.121366620063781738e-01 4.097555279731750488e-01 2.281980514526367188e-01 4.742485582828521729e-01 1.246079150587320328e-02
2.522499859333038330e-01 2.831666767597198486e-01 6.997500061988830566e-01 4.477500021457672119e-01 3.902499973773956299e-01 6.982975006103515625e-01 2.282789647579193115e-01 3.233025670051574707e-01 6.884487867355346680e-01 4.704490900039672852e-01 3.516274094581604004e-01 6.606702804565429688e-01
2.195042818784713745e-01 8.337358236312866211e-01 3.187322616577148438e-01 1.878711432218551636e-01 2.400872558355331421e-01 0.000000000000000000e+00 1.946330815553665161e-01 8.290933966636657715e-01 3.282443881034851074e-01 1.733007878065109253e-01 1.732418537139892578e-01 6.757983565330505371e-02
1.475916802883148193e-01 6.955526471138000488e-01 1.035407036542892456e-01 1.641455441713333130e-01 6.675590276718139648e-01 0.000000000000000000e+00 1.846403330564498901e-01 7.948731780052185059e-01 1.129771322011947632e-01 1.391018778085708618e-01 7.152585983276367188e-01 3.749507945030927658e-03
1.492500007152557373e-01 5.341666936874389648e-01 2.392500042915344238e-01 5.562499761581420898e-01 3.927499949932098389e-01 8.977825045585632324e-01 1.626140475273132324e-01 5.363134145736694336e-01 1.767286211252212524e-01 4.760640263557434082e-01 4.041700065135955811e-01 9.130917787551879883e-01
7.280795574188232422e-01 6.673351526260375977e-01 2.738795578479766846e-01 5.891283750534057617e-01 9.186640977859497070e-01 0.000000000000000000e+00 7.241092920303344727e-01 6.731662750244140625e-01 3.567025959491729736e-01 5.013002157211303711e-01 8.981133699417114258e-01 4.817144572734832764e-02
2.152500003576278687e-01 8.138333559036254883e-01 9.817500114440917969e-01 6.437500119209289551e-01 5.357499718666076660e-01 7.557175159454345703e-01 1.954002529382705688e-01 7.583081722259521484e-01 8.311895728111267090e-01 6.941542029380798340e-01 5.542740225791931152e-01 7.565921545028686523e-01
3.097499907016754150e-01 5.391666889190673828e-01 8.897500038146972656e-01 1.025000028312206268e-02 7.647500038146972656e-01 5.785074830055236816e-01 2.797596752643585205e-01 5.522536635398864746e-01 7.616786360740661621e-01 1.841848790645599365e-01 7.677739262580871582e-01 4.684820771217346191e-01
4.585417807102203369e-01 6.021391749382019043e-01 2.054114192724227905e-01 5.906795859336853027e-01 2.076007723808288574e-01 0.000000000000000000e+00 4.309922754764556885e-01 5.474548935890197754e-01 3.308123052120208740e-01 5.197262763977050781e-01 1.586596220731735229e-01 3.922985121607780457e-02
2.254202812910079956e-01 1.127038300037384033e-01 2.669456005096435547e-01 3.046511709690093994e-01 2.926818728446960449e-01 0.000000000000000000e+00 2.196183651685714722e-01 2.869985699653625488e-01 4.709217250347137451e-01 1.978107690811157227e-01 2.898178696632385254e-01 5.007550120353698730e-02
9.197499752044677734e-01 7.251666784286499023e-01 5.852500200271606445e-01 9.272500276565551758e-01 1.032499969005584717e-01 7.730425000190734863e-01 9.452699422836303711e-01 6.859599947929382324e-01 5.712392330169677734e-01 7.304747700691223145e-01 1.034531071782112122e-01 4.061600565910339355e-01
4.174999892711639404e-02 7.754999995231628418e-01 2.872500121593475342e-01 9.377499818801879883e-01 2.587499916553497314e-01 1.557774990797042847e-01 4.794418439269065857e-02 7.814667820930480957e-01 2.885009646415710449e-01 9.363148808479309082e-01 3.210478425025939941e-01 1.854025013744831085e-02
5.725460052490234375e-01 9.235966801643371582e-01 3.625841736793518066e-01 4.105512425303459167e-02 1.569559723138809204e-01 0.000000000000000000e+00 4.659118056297302246e-01 7.622940540313720703e-01 1.449512988328933716e-01 1.868821829557418823e-01 1.531975716352462769e-01 4.009559005498886108e-02
7.802931070327758789e-01 9.848365187644958496e-01 3.305491805076599121e-01 4.062362909317016602e-01 2.068842947483062744e-01 0.000000000000000000e+00 6.458985209465026855e-01 9.482465386390686035e-01 2.563009262084960938e-01 6.197182536125183105e-01 1.930500715970993042e-01 1.986063783988356590e-03
1.724999956786632538e-02 2.105000019073486328e-01 3.075000084936618805e-02 3.967500030994415283e-01 8.824999630451202393e-02 2.468574941158294678e-01 4.371126741170883179e-02 3.131747841835021973e-01 1.223028153181076050e-01 3.424339294433593750e-01 2.040428295731544495e-02 1.039625331759452820e-01
6.927499771118164062e-01 6.318333148956298828e-01 3.787499964237213135e-01 6.617500185966491699e-01 3.747499883174896240e-01 4.196124970912933350e-01 7.183616757392883301e-01 6.623769402503967285e-01 4.437746405601501465e-01 5.965687036514282227e-01 3.746386766433715820e-01 2.530626356601715088e-01
5.852394104003906250e-01 3.482328355312347412e-01 8.195108771324157715e-01 4.694684743881225586e-01 3.454196751117706299e-01 0.000000000000000000e+00 5.561804175376892090e-01 2.499346882104873657e-01 5.567681193351745605e-01 6.025711297988891602e-01 4.010386466979980469e-01 5.262545496225357056e-02
7.284384965896606445e-02 7.698343396186828613e-01 2.891469001770019531e-01 8.242957592010498047e-01 8.138620257377624512e-01 0.000000000000000000e+00 5.742591619491577148e-02 8.020821213722229004e-01 3.442376852035522461e-01 7.428554892539978027e-01 8.105409145355224609e-01 1.466965419240295887e-03
6.677500009536743164e-01 6.388333439826965332e-01 2.257499992847442627e-01 1.757500022649765015e-01 1.952500045299530029e-01 1.676574945449829102e-01 6.494434475898742676e-01 6.535607576370239258e-01 2.175569981336593628e-01 2.256407141685485840e-01 2.024095356464385986e-01 7.159143686294555664e-02
4.656864702701568604e-01 1.722996681928634644e-01 3.959604203701019287e-01 8.820938467979431152e-01 2.329122275114059448e-01 0.000000000000000000e+00 4.446035921573638916e-01 2.658994197845458984e-01 6.633355617523193359e-01 7.120095491409301758e-01 1.763439029455184937e-01 3.174973651766777039e-02
1.617500036954879761e-01 3.955000042915344238e-01 7.982500195503234863e-01 6.612499952316284180e-01 5.727499723434448242e-01 7.512624859809875488e-01 1.457496434450149536e-01 3.834128975868225098e-01 7.057313323020935059e-01 7.600603103637695312e-01 5.684037208557128906e-01 6.536480784416198730e-01
1.062500029802322388e-01 4.724999964237213135e-01 6.117500066757202148e-01 7.057499885559082031e-01 7.172499895095825195e-01 2.339874953031539917e-01 1.291974186897277832e-01 4.779061377048492432e-01 6.930762529373168945e-01 7.421114444732666016e-01 7.067098617553710938e-01 1.608108729124069214e-01
8.477500081062316895e-01 6.428333520889282227e-01 2.902500033378601074e-01 9.562500119209289551e-01 7.402499914169311523e-01 1.780524998903274536e-01 8.576188087463378906e-01 7.023671269416809082e-01 3.344515860080718994e-01 8.654039502143859863e-01 7.628373503684997559e-01 6.170364841818809509e-02
6.261084675788879395e-01 3.649039864540100098e-01 6.973984241485595703e-01 7.374948263168334961e-01 3.401238918304443359e-01 0.000000000000000000e+00 6.967284679412841797e-01 3.748517632484436035e-01 5.933598875999450684e-01 7.110692858695983887e-01 3.461032509803771973e-01 1.106234118342399597e-01
4.377500116825103760e-01 3.538333475589752197e-01 5.725000053644180298e-02 3.642500042915344238e-01 2.675000019371509552e-02 4.453524947166442871e-01 4.228012263774871826e-01 3.488244414329528809e-01 1.627362221479415894e-01 2.708706855773925781e-01 5.706942453980445862e-02 2.257147580385208130e-01
9.250000119209289551e-03 6.671666502952575684e-01 8.472499847412109375e-01 4.362500011920928955e-01 1.627500057220458984e-01 2.226025015115737915e-01 2.230679802596569061e-02 6.313010454177856445e-01 7.849996089935302734e-01 4.628594815731048584e-01 2.421301901340484619e-01 1.142090335488319397e-01
7.152500152587890625e-01 2.968333363533020020e-01 3.749999916180968285e-03 2.847500145435333252e-01 3.277499973773956299e-01 7.621524930000305176e-01 6.541913747787475586e-01 2.999218404293060303e-01 1.462169289588928223e-01 1.577225327491760254e-01 3.047644495964050293e-01 5.280188918113708496e-01
8.942499756813049316e-01 6.038333177566528320e-01 5.497499704360961914e-01 4.132499992847442627e-01 4.922499954700469971e-01 4.413925111293792725e-01 9.062815308570861816e-01 5.985388159751892090e-01 4.945496916770935059e-01 4.055340588092803955e-01 5.140224099159240723e-01 2.472470551729202271e-01
2.522499859333038330e-01 2.831666767597198486e-01 6.997500061988830566e-01 4.477500021457672119e-01 3.902499973773956299e-01 6.982975006103515625e-01 2.282789647579193115e-01 3.233025670051574707e-01 6.884487867355346680e-01 4.704490900039672852e-01 3.516274094581604004e-01 6.606702804565429688e-01
2.262337952852249146e-01 7.522816658020019531e-01 2.240040004253387451e-01 6.642978787422180176e-01 3.074498772621154785e-01 0.000000000000000000e+00 2.207915633916854858e-01 8.392859697341918945e-01 3.770196139812469482e-01 5.520457029342651367e-01 2.867982089519500732e-01 1.548303477466106415e-02
1.992499977350234985e-01 3.591666519641876221e-01 9.657499790191650391e-01 3.250000067055225372e-03 8.375000208616256714e-02 1.830025017261505127e-01 1.198280826210975647e-01 3.278651833534240723e-01 9.213910698890686035e-01 7.081744074821472168e-02 7.625118643045425415e-02 7.829589396715164185e-02
2.172500044107437134e-01 6.765000224113464355e-01 9.674999862909317017e-02 9.392499923706054688e-01 9.047499895095825195e-01 6.864175200462341309e-01 2.341804057359695435e-01 7.656709551811218262e-01 1.845850348472595215e-01 8.746242523193359375e-01 9.500287175178527832e-01 7.473583817481994629e-01
1.980134546756744385e-01 2.308035045862197876e-01 8.003416657447814941e-01 6.595116257667541504e-01 4.835295975208282471e-01 0.000000000000000000e+00 1.470633745193481445e-01 1.760699748992919922e-01 7.902568578720092773e-01 7.083445191383361816e-01 5.095658302307128906e-01 8.257442153990268707e-03
6.872500181198120117e-01 1.895000040531158447e-01 7.222499847412109375e-01 8.382499814033508301e-01 9.427499771118164062e-01 2.389374971389770508e-01 7.579750418663024902e-01 2.102215886116027832e-01 7.064021825790405273e-01 7.537704706192016602e-01 8.747138977050781250e-01 3.778615593910217285e-02
3.927830457687377930e-01 1.021200045943260193e-02 2.049652189016342163e-01 5.752729773521423340e-01 8.021626472473144531e-01 0.000000000000000000e+00 4.716623425483703613e-01 1.746413707733154297e-01 4.202813804149627686e-01 2.514399886131286621e-01 8.511942028999328613e-01 2.561311237514019012e-02
7.922499775886535645e-01 2.451666593551635742e-01 2.677499949932098389e-01 3.075000084936618805e-02 9.747499823570251465e-01 6.052374839782714844e-01 7.255282402038574219e-01 3.660066127777099609e-01 3.179636895656585693e-01 1.736249029636383057e-01 9.085191488265991211e-01 4.455337822437286377e-01
9.192500114440917969e-01 4.514999985694885254e-01 6.262500286102294922e-01 7.275000214576721191e-02 7.157499790191650391e-01 9.665874838829040527e-01 8.761587142944335938e-01 4.858245551586151123e-01 5.285284519195556641e-01 2.066991627216339111e-01 6.949606537818908691e-01 7.222883701324462891e-01
1.562500000000000000e-01 2.598333358764648438e-01 1.867499947547912598e-01 7.337499856948852539e-01 2.272499948740005493e-01 8.548749983310699463e-02 1.908328831195831299e-01 3.057480454444885254e-01 2.888657748699188232e-01 6.043159961700439453e-01 1.759670525789260864e-01 7.442537695169448853e-02
5.137500166893005371e-01 6.348333358764648438e-01 5.807499885559082031e-01 9.202499985694885254e-01 1.557500064373016357e-01 5.626674890518188477e-01 5.356470942497253418e-01 4.142276942729949951e-01 4.804705381393432617e-01 7.311025857925415039e-01 1.457594037055969238e-01 2.729307711124420166e-01
4.174999892711639404e-02 7.754999995231628418e-01 2.872500121593475342e-01 9.377499818801879883e-01 2.587499916553497314e-01 1.557774990797042847e-01 4.794418439269065857e-02 7.814667820930480957e-01 2.885009646415710449e-01 9.363148808479309082e-01 3.210478425025939941e-01 1.854025013744831085e-02
5.992500185966491699e-01 7.551666498184204102e-01 8.052499890327453613e-01 4.177500009536743164e-01 7.957500219345092773e-01 1.696375012397766113e-01 5.907052159309387207e-01 7.752657532691955566e-01 7.274079918861389160e-01 5.148072242736816406e-01 7.982749938964843750e-01 1.020927950739860535e-01
3.167499899864196777e-01 7.714999914169311523e-01 3.377499878406524658e-01 3.597500026226043701e-01 8.707500100135803223e-01 7.374024987220764160e-01 3.047513961791992188e-01 6.633037328720092773e-01 3.482656478881835938e-01 2.937095761299133301e-01 9.078745841979980469e-01 6.988598704338073730e-01
1.605137437582015991e-02 7.927796840667724609e-01 1.346595287322998047e-01 8.639073967933654785e-01 8.540896177291870117e-01 0.000000000000000000e+00 2.845006622374057770e-02 9.124139547348022461e-01 5.186483263969421387e-02 8.919791579246520996e-01 8.974542617797851562e-01 1.918885800478165038e-06
6.950653195381164551e-01 4.951243400573730469e-01 8.927790522575378418e-01 1.092700213193893433e-01 7.856301665306091309e-01 0.000000000000000000e+00 6.438807249069213867e-01 2.842724323272705078e-01 4.099075198173522949e-01 4.800143539905548096e-01 8.068814873695373535e-01 2.918945066630840302e-02
8.477500081062316895e-01 6.428333520889282227e-01 2.902500033378601074e-01 9.562500119209289551e-01 7.402499914169311523e-01 1.780524998903274536e-01 8.576188087463378906e-01 7.023671269416809082e-01 3.344515860080718994e-01 8.654039502143859863e-01 7.628373503684997559e-01 6.170364841818809509e-02
6.862499713897705078e-01 1.848333328962326050e-01 1.072499975562095642e-01 1.247500032186508179e-01 1.492500007152557373e-01 7.700725197792053223e-01 5.618769526481628418e-01 2.707544863224029541e-01 2.630050182342529297e-01 1.552154719829559326e-01 1.252505779266357422e-01 5.490638017654418945e-01
2.350813299417495728e-01 6.610134840011596680e-01 4.875078499317169189e-01 1.169505715370178223e-01 7.806209921836853027e-01 0.000000000000000000e+00 2.138482034206390381e-01 6.732996702194213867e-01 5.362017750740051270e-01 1.331396698951721191e-01 8.117814660072326660e-01 9.340169839560985565e-03
6.202499866485595703e-01 6.754999756813049316e-01 3.052499890327453613e-01 7.287499904632568359e-01 2.812500000000000000e-01 8.958024978637695312e-01 6.377052068710327148e-01 5.962965488433837891e-01 3.170824944972991943e-01 5.369142293930053711e-01 3.098404407501220703e-01 7.095737457275390625e-01
8.474999666213989258e-02 4.178333282470703125e-01 2.502500116825103760e-01 3.462499976158142090e-01 1.792500019073486328e-01 8.796250075101852417e-02 9.955704212188720703e-02 4.406472146511077881e-01 3.233667612075805664e-01 3.178928494453430176e-01 1.916274428367614746e-01 3.296422585844993591e-02
5.770024061203002930e-01 1.787050068378448486e-01 4.235526323318481445e-01 9.144837856292724609e-01 6.893267035484313965e-01 0.000000000000000000e+00 5.679703950881958008e-01 2.798601686954498291e-01 6.787793636322021484e-01 8.151873350143432617e-01 7.425226569175720215e-01 7.483327388763427734e-02
1.967500001192092896e-01 5.351666808128356934e-01 5.907499790191650391e-01 6.075000017881393433e-02 9.127500057220458984e-01 9.522324800491333008e-01 1.906359344720840454e-01 5.182660222053527832e-01 5.629590749740600586e-01 2.298820912837982178e-01 9.412299990653991699e-01 8.444763422012329102e-01
8.638283610343933105e-01 4.771023392677307129e-01 4.004036784172058105e-01 9.806400164961814880e-03 6.369640231132507324e-01 0.000000000000000000e+00 7.544057965278625488e-01 6.519895792007446289e-01 3.511528074741363525e-01 3.140698969364166260e-01 6.491597294807434082e-01 9.139557182788848877e-02
9.367499947547912598e-01 3.151666522026062012e-01 9.037500023841857910e-01 7.222499847412109375e-01 3.497500121593475342e-01 3.810024857521057129e-01 9.141893386840820312e-01 2.901584804058074951e-01 8.347706794738769531e-01 7.820861935615539551e-01 3.438428044319152832e-01 2.177401930093765259e-01
2.687500119209289551e-01 6.104999780654907227e-01 4.147500097751617432e-01 2.887499928474426270e-01 8.177499771118164062e-01 2.414125055074691772e-01 3.065338432788848877e-01 6.902296543121337891e-01 5.400103926658630371e-01 3.329007029533386230e-01 8.345040082931518555e-01 6.927710026502609253e-02
6.202499866485595703e-01 6.754999756813049316e-01 3.052499890327453613e-01 7.287499904632568359e-01 2.812500000000000000e-01 8.958024978637695312e-01 6.377052068710327148e-01 5.962965488433837891e-01 3.170824944972991943e-01 5.369142293930053711e-01 3.098404407501220703e-01 7.095737457275390625e-01
1.542480289936065674e-01 5.549903512001037598e-01 5.101109743118286133e-01 9.023299217224121094e-01 4.508742988109588623e-01 0.000000000000000000e+00 1.141576841473579407e-01 7.490199804306030273e-01 9.003433585166931152e-01 7.835679650306701660e-01 4.330973923206329346e-01 1.296354457736015320e-02
7.922499775886535645e-01 2.451666593551635742e-01 2.677499949932098389e-01 3.075000084936618805e-02 9.747499823570251465e-01 6.052374839782714844e-01 7.255282402038574219e-01 3.660066127777099609e-01 3.179636895656585693e-01 1.736249029636383057e-01 9.085191488265991211e-01 4.455337822437286377e-01
3.009964227676391602e-01 3.786778450012207031e-01 8.486590981483459473e-01 5.482691526412963867e-01 8.003641963005065918e-01 0.000000000000000000e+00 2.791150808334350586e-01 2.738754153251647949e-01 7.568421363830566406e-01 6.360507607460021973e-01 8.083393573760986328e-01 7.033315021544694901e-03
7.524812221527099609e-01 2.762005031108856201e-01 1.715544760227203369e-01 6.970486044883728027e-01 4.466609656810760498e-01 0.000000000000000000e+00 7.456007003784179688e-01 5.501623153686523438e-01 2.272881716489791870e-01 7.171878218650817871e-01 4.507871568202972412e-01 1.237854585051536560e-01
4.962500035762786865e-01 5.658333301544189453e-01 8.657500147819519043e-01 8.772500157356262207e-01 2.282499969005584717e-01 8.131374716758728027e-01 4.983427822589874268e-01 4.895193874835968018e-01 6.918647289276123047e-01 8.054840564727783203e-01 2.153428345918655396e-01 6.611287593841552734e-01
7.262499928474426270e-01 3.008333444595336914e-01 2.924999967217445374e-02 6.517500281333923340e-01 3.974999859929084778e-02 5.527675151824951172e-01 7.346823215484619141e-01 3.809643387794494629e-01 1.819541305303573608e-01 4.037063121795654297e-01 5.656735971570014954e-02 1.523489207029342651e-01
2.522499859333038330e-01 2.831666767597198486e-01 6.997500061988830566e-01 4.477500021457672119e-01 3.902499973773956299e-01 6.982975006103515625e-01 2.282789647579193115e-01 3.233025670051574707e-01 6.884487867355346680e-01 4.704490900039672852e-01 3.516274094581604004e-01 6.606702804565429688e-01
7.067499756813049316e-01 2.685000002384185791e-01 5.397499799728393555e-01 7.762500047683715820e-01 7.002500295639038086e-01 1.295424997806549072e-01 7.592611312866210938e-01 2.683881819248199463e-01 5.454901456832885742e-01 7.047705650329589844e-01 6.843457818031311035e-01 7.403218746185302734e-02
2.309564054012298584e-01 4.953808188438415527e-01 3.042212128639221191e-01 2.561881542205810547e-01 6.872999072074890137e-01 0.000000000000000000e+00 2.219662070274353027e-01 5.882564187049865723e-01 5.194920897483825684e-01 1.124184578657150269e-01 6.935538053512573242e-01 2.513692341744899750e-02
4.646702110767364502e-01 1.353484988212585449e-01 3.215880990028381348e-01 5.276442766189575195e-01 5.786039829254150391e-01 0.000000000000000000e+00 4.496017396450042725e-01 2.549434900283813477e-01 5.228045582771301270e-01 4.176363050937652588e-01 6.072851419448852539e-01 4.022951796650886536e-02
6.627917885780334473e-01 4.323036670684814453e-01 1.332534551620483398e-01 1.277386993169784546e-01 4.447950422763824463e-01 0.000000000000000000e+00 6.395661830902099609e-01 6.550735235214233398e-01 2.001990973949432373e-01 2.236552238464355469e-01 4.338322281837463379e-01 5.659572407603263855e-02
5.137500166893005371e-01 6.348333358764648438e-01 5.807499885559082031e-01 9.202499985694885254e-01 1.557500064373016357e-01 5.626674890518188477e-01 5.356470942497253418e-01 4.142276942729949951e-01 4.804705381393432617e-01 7.311025857925415039e-01 1.457594037055969238e-01 2.729307711124420166e-01
3.662649393081665039e-01 4.876423478126525879e-01 1.542623192071914673e-01 3.319034576416015625e-01 2.974868118762969971e-01 0.000000000000000000e+00 3.743773102760314941e-01 4.026173949241638184e-01 2.821801602840423584e-01 1.659201532602310181e-01 2.839624881744384766e-01 1.714050769805908203e-01
5.415021777153015137e-01 9.180333465337753296e-03 1.082840003073215485e-02 6.827442049980163574e-01 8.775757253170013428e-02 0.000000000000000000e+00 4.047926068305969238e-01 2.441973239183425903e-01 4.806660413742065430e-01 5.921190381050109863e-01 5.675904452800750732e-02 1.913208514451980591e-03
2.225000038743019104e-02 6.468333601951599121e-01 7.072499990463256836e-01 3.307499885559082031e-01 7.882500290870666504e-01 4.399074912071228027e-01 7.194460183382034302e-02 5.629594326019287109e-01 5.618740320205688477e-01 4.012655913829803467e-01 9.145940542221069336e-01 3.661334514617919922e-01
3.557499945163726807e-01 4.548333287239074707e-01 2.712500095367431641e-01 3.907499909400939941e-01 8.172500133514404297e-01 1.033075004816055298e-01 3.871379792690277100e-01 4.502590894699096680e-01 3.226689696311950684e-01 3.826805055141448975e-01 7.797114849090576172e-01 1.558926105499267578e-01
3.857499957084655762e-01 8.264999985694885254e-01 8.447499871253967285e-01 1.167500019073486328e-01 1.217499971389770508e-01 5.389075279235839844e-01 4.195250570774078369e-01 6.905431747436523438e-01 6.297923922538757324e-01 1.310259997844696045e-01 1.483514606952667236e-01 2.275192141532897949e-01
8.177499771118164062e-01 5.158333182334899902e-01 9.177500009536743164e-01 6.962500214576721191e-01 9.737499952316284180e-01 9.705474972724914551e-01 7.971533536911010742e-01 3.954880237579345703e-01 7.455834150314331055e-01 8.295435905456542969e-01 9.071828126907348633e-01 7.121468782424926758e-01
8.177499771118164062e-01 5.158333182334899902e-01 9.177500009536743164e-01 6.962500214576721191e-01 9.737499952316284180e-01 9.705474972724914551e-01 7.971533536911010742e-01 3.954880237579345703e-01 7.455834150314331055e-01 8.295435905456542969e-01 9.071828126907348633e-01 7.121468782424926758e-01
9.605193138122558594e-01 5.984158515930175781e-01 8.856768608093261719e-01 6.689423918724060059e-01 6.262341141700744629e-01 0.000000000000000000e+00 9.533551335334777832e-01 5.832010507583618164e-01 6.437925696372985840e-01 8.672647476196289062e-01 6.551584601402282715e-01 4.026913270354270935e-02
2.522499859333038330e-01 2.831666767597198486e-01 6.997500061988830566e-01 4.477500021457672119e-01 3.902499973773956299e-01 6.982975006103515625e-01 2.282789647579193115e-01 3.233025670051574707e-01 6.884487867355346680e-01 4.704490900039672852e-01 3.516274094581604004e-01 6.606702804565429688e-01
5.079578161239624023e-01 8.328899741172790527e-02 3.970716297626495361e-01 6.952304244041442871e-01 9.454184770584106445e-01 0.000000000000000000e+00 5.305762290954589844e-01 1.906844675540924072e-01 5.586008429527282715e-01 6.046420335769653320e-01 9.249741435050964355e-01 5.787880159914493561e-03
2.907499969005584717e-01 4.438333213329315186e-01 6.312500238418579102e-01 9.792500138282775879e-01 9.562500119209289551e-01 8.215525150299072266e-01 2.643409967422485352e-01 4.937187731266021729e-01 7.101580500602722168e-01 9.051572084426879883e-01 8.989719152450561523e-01 7.889633774757385254e-01
9.477499723434448242e-01 2.308333367109298706e-01 1.042499989271163940e-01 3.242500126361846924e-01 1.475000008940696716e-02 7.334424853324890137e-01 8.549132347106933594e-01 3.116813600063323975e-01 1.299418509006500244e-01 2.731801867485046387e-01 4.971813410520553589e-02 4.366028606891632080e-01
7.922499775886535645e-01 2.451666593551635742e-01 2.677499949932098389e-01 3.075000084936618805e-02 9.747499823570251465e-01 6.052374839782714844e-01 7.255282402038574219e-01 3.660066127777099609e-01 3.179636895656585693e-01 1.736249029636383057e-01 9.085191488265991211e-01 4.455337822437286377e-01
3.137075603008270264e-01 8.075016736984252930e-02 9.097768664360046387e-01 9.684878587722778320e-01 4.093226492404937744e-01 0.000000000000000000e+00 5.540596842765808105e-01 3.994711339473724365e-01 5.541452169418334961e-01 8.174360394477844238e-01 4.146664738655090332e-01 1.300077978521585464e-02
8.942499756813049316e-01 6.038333177566528320e-01 5.497499704360961914e-01 4.132499992847442627e-01 4.922499954700469971e-01 4.413925111293792725e-01 9.062815308570861816e-01 5.985388159751892090e-01 4.945496916770935059e-01 4.055340588092803955e-01 5.140224099159240723e-01 2.472470551729202271e-01
8.005016446113586426e-01 1.267531663179397583e-01 8.261462450027465820e-01 4.674661457538604736e-01 9.727531075477600098e-01 0.000000000000000000e+00 8.218380808830261230e-01 2.434071898460388184e-01 7.116495370864868164e-01 6.349580883979797363e-01 9.415696859359741211e-01 1.153029594570398331e-02
5.147500038146972656e-01 7.461666464805603027e-01 4.427500069141387939e-01 2.087499946355819702e-01 4.997499883174896240e-01 3.527874946594238281e-01 5.358195304870605469e-01 7.064645290374755859e-01 3.593215644359588623e-01 2.817735970020294189e-01 5.017871260643005371e-01 3.523149192333221436e-01
2.406055778264999390e-01 3.027088344097137451e-01 4.957017004489898682e-01 7.490954399108886719e-01 1.709995046257972717e-02 0.000000000000000000e+00 1.716006994247436523e-01 2.362921833992004395e-01 6.032934784889221191e-01 6.615478396415710449e-01 2.457372471690177917e-02 1.428957330062985420e-04
8.912505507469177246e-01 5.651083216071128845e-02 6.341467797756195068e-02 3.294757381081581116e-02 4.326488375663757324e-01 0.000000000000000000e+00 8.671512007713317871e-01 3.313890397548675537e-01 1.857612729072570801e-01 1.238283514976501465e-01 4.462345540523529053e-01 1.533850729465484619e-01
3.539005219936370850e-01 1.243268325924873352e-01 6.985518932342529297e-01 5.065212398767471313e-02 4.553772509098052979e-01 0.000000000000000000e+00 3.007599115371704102e-01 1.628165543079376221e-01 4.870181381702423096e-01 3.185095191001892090e-01 4.863310158252716064e-01 2.072197198867797852e-02
6.494374871253967285e-01 8.449143171310424805e-01 3.975381553173065186e-01 8.927927166223526001e-02 6.051232665777206421e-02 0.000000000000000000e+00 5.857251286506652832e-01 6.277804970741271973e-01 1.402550488710403442e-01 1.445520818233489990e-01 6.684497743844985962e-02 3.256411477923393250e-02
3.957499861717224121e-01 2.851666808128356934e-01 4.972499907016754150e-01 6.037499904632568359e-01 7.942500114440917969e-01 1.310275048017501831e-01 4.272012710571289062e-01 3.406921029090881348e-01 5.254444479942321777e-01 7.043980360031127930e-01 7.699790596961975098e-01 9.754656255245208740e-02
7.137500047683715820e-01 4.058333337306976318e-01 9.047499895095825195e-01 5.977500081062316895e-01 2.067500054836273193e-01 6.522625088691711426e-01 8.337953090667724609e-01 3.071324229240417480e-01 6.377042531967163086e-01 4.850305914878845215e-01 2.022569775581359863e-01 3.650021553039550781e-01
6.872500181198120117e-01 1.895000040531158447e-01 7.222499847412109375e-01 8.382499814033508301e-01 9.427499771118164062e-01 2.389374971389770508e-01 7.579750418663024902e-01 2.102215886116027832e-01 7.064021825790405273e-01 7.537704706192016602e-01 8.747138977050781250e-01 3.778615593910217285e-02
6.862499713897705078e-01 1.848333328962326050e-01 1.072499975562095642e-01 1.247500032186508179e-01 1.492500007152557373e-01 7.700725197792053223e-01 5.618769526481628418e-01 2.707544863224029541e-01 2.630050182342529297e-01 1.552154719829559326e-01 1.252505779266357422e-01 5.490638017654418945e-01
3.992500007152557373e-01 4.884999990463256836e-01 2.152500003576278687e-01 9.512500166893005371e-01 1.624999940395355225e-02 1.448875069618225098e-01 4.286036193370819092e-01 4.356583356857299805e-01 2.578125000000000000e-01 7.075694203376770020e-01 3.929311782121658325e-02 2.689886651933193207e-02
3.424999862909317017e-02 4.754999876022338867e-01 7.697499990463256836e-01 2.577500045299530029e-01 8.107500076293945312e-01 5.834575295448303223e-01 8.356444537639617920e-02 4.301866888999938965e-01 6.136820316314697266e-01 3.982145488262176514e-01 8.148924708366394043e-01 2.169696241617202759e-01
3.097499907016754150e-01 5.391666889190673828e-01 8.897500038146972656e-01 1.025000028312206268e-02 7.647500038146972656e-01 5.785074830055236816e-01 2.797596752643585205e-01 5.522536635398864746e-01 7.616786360740661621e-01 1.841848790645599365e-01 7.677739262580871582e-01 4.684820771217346191e-01
1.805508434772491455e-01 7.095966935157775879e-01 2.166089266538619995e-01 9.062022566795349121e-01 7.280679345130920410e-01 0.000000000000000000e+00 1.972531229257583618e-01 8.512963056564331055e-01 4.079838693141937256e-01 8.150608539581298828e-01 7.258285284042358398e-01 1.775445765815675259e-03
3.887591063976287842e-01 5.021616816520690918e-02 9.356908202171325684e-01 2.604702115058898926e-01 8.571042418479919434e-01 0.000000000000000000e+00 4.620000123977661133e-01 1.672788411378860474e-01 6.703175306320190430e-01 3.536487221717834473e-01 8.648567795753479004e-01 6.966031622141599655e-03
6.424999982118606567e-02 3.221666812896728516e-01 1.432500034570693970e-01 9.674999862909317017e-02 7.162500023841857910e-01 4.161475002765655518e-01 1.210595890879631042e-01 4.424796402454376221e-01 2.638651728630065918e-01 2.743750810623168945e-01 7.136036157608032227e-01 4.073184728622436523e-01
3.537615835666656494e-01 1.507861614227294922e-01 3.348904848098754883e-02 5.344497561454772949e-01 1.647895425558090210e-01 0.000000000000000000e+00 3.477872312068939209e-01 2.109766304492950439e-01 3.186214864253997803e-01 2.260095328092575073e-01 1.403824836015701294e-01 4.209634289145469666e-02
8.094519972801208496e-01 8.427513241767883301e-01 1.187893524765968323e-01 5.882542729377746582e-01 9.549314379692077637e-01 0.000000000000000000e+00 7.652894258499145508e-01 8.009761571884155273e-01 3.581641912460327148e-01 4.138238728046417236e-01 9.020668864250183105e-01 2.042684704065322876e-02
2.687500119209289551e-01 6.104999780654907227e-01 4.147500097751617432e-01 2.887499928474426270e-01 8.177499771118164062e-01 2.414125055074691772e-01 3.065338432788848877e-01 6.902296543121337891e-01 5.400103926658630371e-01 3.329007029533386230e-01 8.345040082931518555e-01 6.927710026502609253e-02
2.522499859333038330e-01 2.831666767597198486e-01 6.997500061988830566e-01 4.477500021457672119e-01 3.902499973773956299e-01 6.982975006103515625e-01 2.282789647579193115e-01 3.233025670051574707e-01 6.884487867355346680e-01 4.704490900039672852e-01 3.516274094581604004e-01 6.606702804565429688e-01
8.726142644882202148e-01 3.997688293457031250e-01 3.586488366127014160e-01 9.010196924209594727e-01 3.563756048679351807e-01 0.000000000000000000e+00 8.910590410232543945e-01 5.129910111427307129e-01 5.595024824142456055e-01 7.610650658607482910e-01 3.539188802242279053e-01 3.397323936223983765e-02
4.147224724292755127e-01 2.856186628341674805e-01 4.318113029003143311e-01 6.716065406799316406e-01 5.983480066061019897e-02 0.000000000000000000e+00 3.683646023273468018e-01 3.377971947193145752e-01 3.771737515926361084e-01 7.039301395416259766e-01 4.621836915612220764e-02 3.237801603972911835e-03
9.992499947547912598e-01 2.108333259820938110e-01 4.542500078678131104e-01 9.667500257492065430e-01 7.722499966621398926e-01 5.196024775505065918e-01 9.223154187202453613e-01 2.564811706542968750e-01 5.987123847007751465e-01 8.427808880805969238e-01 7.871670126914978027e-01 4.329144656658172607e-01
8.591620326042175293e-01 6.739783287048339844e-01 5.734832286834716797e-01 6.212056875228881836e-01 3.218745589256286621e-01 0.000000000000000000e+00 8.294427394866943359e-01 6.933682560920715332e-01 3.170976340770721436e-01 8.508834242820739746e-01 2.880101203918457031e-01 4.271616227924823761e-03
6.661542654037475586e-01 1.925158351659774780e-01 7.631503939628601074e-01 1.320504955947399139e-02 1.616541445255279541e-01 0.000000000000000000e+00 6.769372820854187012e-01 2.455345690250396729e-01 4.680607020854949951e-01 2.753857970237731934e-01 1.395504921674728394e-01 2.884899079799652100e-01
9.477499723434448242e-01 2.308333367109298706e-01 1.042499989271163940e-01 3.242500126361846924e-01 1.475000008940696716e-02 7.334424853324890137e-01 8.549132347106933594e-01 3.116813600063323975e-01 1.299418509006500244e-01 2.731801867485046387e-01 4.971813410520553589e-02 4.366028606891632080e-01
3.567500114440917969e-01 3.388333320617675781e-01 5.867499709129333496e-01 6.472499966621398926e-01 5.577499866485595703e-01 3.404124975204467773e-01 4.042490422725677490e-01 2.541686296463012695e-01 5.501491427421569824e-01 6.303076148033142090e-01 5.408894419670104980e-01 2.123390585184097290e-01
8.162500262260437012e-01 6.061666607856750488e-01 4.707500040531158447e-01 2.437500059604644775e-01 1.947499960660934448e-01 3.300175070762634277e-01 8.566945195198059082e-01 5.443202257156372070e-01 2.947900593280792236e-01 3.303373157978057861e-01 2.064095735549926758e-01 2.910793423652648926e-01
2.793674916028976440e-02 5.560231804847717285e-01 6.131314039230346680e-01 8.537050336599349976e-03 3.687391579151153564e-01 0.000000000000000000e+00 2.175199612975120544e-02 5.781589150428771973e-01 6.581054329872131348e-01 1.675689816474914551e-01 3.397283554077148438e-01 5.958153400570154190e-03
1.502500027418136597e-01 6.945000290870666504e-01 7.067499756813049316e-01 2.177499979734420776e-01 9.425000101327896118e-02 7.354224920272827148e-01 1.312279254198074341e-01 6.689800024032592773e-01 6.716676950454711914e-01 1.893942058086395264e-01 1.194252297282218933e-01 8.317698836326599121e-01
3.992500007152557373e-01 4.884999990463256836e-01 2.152500003576278687e-01 9.512500166893005371e-01 1.624999940395355225e-02 1.448875069618225098e-01 4.286036193370819092e-01 4.356583356857299805e-01 2.578125000000000000e-01 7.075694203376770020e-01 3.929311782121658325e-02 2.689886651933193207e-02
6.177499890327453613e-01 6.188333630561828613e-01 4.407500028610229492e-01 3.187499940395355225e-01 5.037500262260437012e-01 1.216225028038024902e-01 6.318250298500061035e-01 6.239581108093261719e-01 4.407620131969451904e-01 3.608322143554687500e-01 5.048271417617797852e-01 1.244315877556800842e-01
4.556191563606262207e-01 3.498395085334777832e-01 2.691214382648468018e-01 1.544865816831588745e-01 5.515550076961517334e-02 0.000000000000000000e+00 4.201216995716094971e-01 4.474136233329772949e-01 3.374467790126800537e-01 1.061264500021934509e-01 6.723893433809280396e-02 1.616793572902679443e-01
5.967500209808349609e-01 5.328333377838134766e-01 5.092499852180480957e-01 5.947499871253967285e-01 3.992500007152557373e-01 3.740724921226501465e-01 6.683498024940490723e-01 5.471788644790649414e-01 4.596221446990966797e-01 4.919575452804565430e-01 3.978998661041259766e-01 2.776640653610229492e-01
6.927499771118164062e-01 6.318333148956298828e-01 3.787499964237213135e-01 6.617500185966491699e-01 3.747499883174896240e-01 4.196124970912933350e-01 7.183616757392883301e-01 6.623769402503967285e-01 4.437746405601501465e-01 5.965687036514282227e-01 3.746386766433715820e-01 2.530626356601715088e-01
7.925000041723251343e-02 4.868333339691162109e-01 4.742499887943267822e-01 2.274999953806400299e-02 9.662500023841857910e-01 8.477874994277954102e-01 1.085383668541908264e-01 4.740700125694274902e-01 5.079020261764526367e-01 1.458095312118530273e-01 9.780873060226440430e-01 6.030818819999694824e-01
6.691362261772155762e-01 4.790880084037780762e-01 2.274938225746154785e-01 3.511378169059753418e-01 3.992910683155059814e-01 0.000000000000000000e+00 6.856918931007385254e-01 4.191128909587860107e-01 3.156041502952575684e-01 2.403144687414169312e-01 4.057730436325073242e-01 2.661539018154144287e-01
7.925000041723251343e-02 4.868333339691162109e-01 4.742499887943267822e-01 2.274999953806400299e-02 9.662500023841857910e-01 8.477874994277954102e-01 1.085383668541908264e-01 4.740700125694274902e-01 5.079020261764526367e-01 1.458095312118530273e-01 9.780873060226440430e-01 6.030818819999694824e-01
2.517499923706054688e-01 6.198333501815795898e-01 4.977500140666961670e-01 7.227500081062316895e-01 5.952500104904174805e-01 5.230674743652343750e-01 2.734706699848175049e-01 6.606373786926269531e-01 6.196810007095336914e-01 7.288031578063964844e-01 6.133211851119995117e-01 5.258328914642333984e-01
1.462226063013076782e-01 9.966698288917541504e-01 9.438182711601257324e-01 5.439404249191284180e-01 6.476616263389587402e-01 0.000000000000000000e+00 1.138530150055885315e-01 6.973380446434020996e-01 4.985736906528472900e-01 4.193786978721618652e-01 6.525141596794128418e-01 3.312269225716590881e-02
2.152500003576278687e-01 8.138333559036254883e-01 9.817500114440917969e-01 6.437500119209289551e-01 5.357499718666076660e-01 7.557175159454345703e-01 1.954002529382705688e-01 7.583081722259521484e-01 8.311895728111267090e-01 6.941542029380798340e-01 5.542740225791931152e-01 7.565921545028686523e-01
1.952160000801086426e-01 5.831673145294189453e-01 2.784610390663146973e-01 6.997700929641723633e-01 5.742431282997131348e-01 0.000000000000000000e+00 1.924969255924224854e-01 6.475529074668884277e-01 4.284178316593170166e-01 6.565329432487487793e-01 5.566938519477844238e-01 3.834902867674827576e-02
9.992499947547912598e-01 2.108333259820938110e-01 4.542500078678131104e-01 9.667500257492065430e-01 7.722499966621398926e-01 5.196024775505065918e-01 9.223154187202453613e-01 2.564811706542968750e-01 5.987123847007751465e-01 8.427808880805969238e-01 7.871670126914978027e-01 4.329144656658172607e-01
3.992500007152557373e-01 4.884999990463256836e-01 2.152500003576278687e-01 9.512500166893005371e-01 1.624999940395355225e-02 1.448875069618225098e-01 4.286036193370819092e-01 4.356583356857299805e-01 2.578125000000000000e-01 7.075694203376770020e-01 3.929311782121658325e-02 2.689886651933193207e-02
4.626557603478431702e-02 7.613443136215209961e-01 6.429935693740844727e-01 1.347037702798843384e-01 7.196199297904968262e-01 0.000000000000000000e+00 2.893638797104358673e-02 7.496436238288879395e-01 6.066902875900268555e-01 3.518415689468383789e-01 7.693786025047302246e-01 1.120061962865293026e-03
1.514586806297302246e-01 8.715049922466278076e-02 9.554082751274108887e-01 9.869989156723022461e-01 5.683467537164688110e-02 0.000000000000000000e+00 2.594984173774719238e-01 1.865729540586471558e-01 7.010443806648254395e-01 6.778796315193176270e-01 4.069725051522254944e-02 7.911111460998654366e-04
2.416324317455291748e-01 8.572000078856945038e-03 8.328654170036315918e-01 3.080715835094451904e-01 6.569005846977233887e-01 0.000000000000000000e+00 3.149007260799407959e-01 1.616028398275375366e-01 6.428572535514831543e-01 2.776045799255371094e-01 6.612455248832702637e-01 1.257869880646467209e-02
3.617500066757202148e-01 1.958333402872085571e-01 1.767500042915344238e-01 4.187499880790710449e-01 8.402500152587890625e-01 6.616675257682800293e-01 3.344670832157135010e-01 3.700972795486450195e-01 3.054978847503662109e-01 5.340691208839416504e-01 7.879229784011840820e-01 7.605220675468444824e-01
9.367499947547912598e-01 3.151666522026062012e-01 9.037500023841857910e-01 7.222499847412109375e-01 3.497500121593475342e-01 3.810024857521057129e-01 9.141893386840820312e-01 2.901584804058074951e-01 8.347706794738769531e-01 7.820861935615539551e-01 3.438428044319152832e-01 2.177401930093765259e-01
3.992500007152557373e-01 4.884999990463256836e-01 2.152500003576278687e-01 9.512500166893005371e-01 1.624999940395355225e-02 1.448875069618225098e-01 4.286036193370819092e-01 4.356583356857299805e-01 2.578125000000000000e-01 7.075694203376770020e-01 3.929311782121658325e-02 2.689886651933193207e-02
4.372856020927429199e-01 4.947033226490020752e-01 7.294743657112121582e-01 8.613739609718322754e-01 7.290660142898559570e-01 0.000000000000000000e+00 4.580994844436645508e-01 5.291872024536132812e-01 7.946742177009582520e-01 8.118408918380737305e-01 8.087424039840698242e-01 1.175186112523078918e-01
2.301054745912551880e-01 9.691733121871948242e-02 6.382489800453186035e-01 7.685819864273071289e-01 3.302344679832458496e-01 0.000000000000000000e+00 1.876842379570007324e-01 2.337556928396224976e-01 6.596971750259399414e-01 7.913849949836730957e-01 3.365503549575805664e-01 2.177514694631099701e-02
2.517499923706054688e-01 6.198333501815795898e-01 4.977500140666961670e-01 7.227500081062316895e-01 5.952500104904174805e-01 5.230674743652343750e-01 2.734706699848175049e-01 6.606373786926269531e-01 6.196810007095336914e-01 7.288031578063964844e-01 6.133211851119995117e-01 5.258328914642333984e-01
9.525000303983688354e-02 5.774999856948852539e-01 1.882500052452087402e-01 4.282500147819519043e-01 5.407500267028808594e-01 2.409175038337707520e-01 1.419037878513336182e-01 5.682940483093261719e-01 2.468069791793823242e-01 4.748067855834960938e-01 5.773960947990417480e-01 7.254760712385177612e-02
9.192500114440917969e-01 4.514999985694885254e-01 6.262500286102294922e-01 7.275000214576721191e-02 7.157499790191650391e-01 9.665874838829040527e-01 8.761587142944335938e-01 4.858245551586151123e-01 5.285284519195556641e-01 2.066991627216339111e-01 6.949606537818908691e-01 7.222883701324462891e-01
3.728907555341720581e-02 1.935078352689743042e-01 2.314099520444869995e-01 4.096036255359649658e-01 3.372636735439300537e-01 0.000000000000000000e+00 7.794568687677383423e-02 3.674286007881164551e-01 4.209416508674621582e-01 2.448537796735763550e-01 3.549740016460418701e-01 6.723979488015174866e-03
9.422500133514404297e-01 5.985000133514404297e-01 2.437500059604644775e-01 3.787499964237213135e-01 7.767500281333923340e-01 7.324525117874145508e-01 8.667834401130676270e-01 5.835300087928771973e-01 2.465931624174118042e-01 3.684780299663543701e-01 8.063293099403381348e-01 6.831735968589782715e-01
9.238578081130981445e-01 5.215256810188293457e-01 3.278059363365173340e-01 6.507167816162109375e-01 7.929535210132598877e-02 0.000000000000000000e+00 8.801454305648803711e-01 5.585182309150695801e-01 3.974481821060180664e-01 5.956236124038696289e-01 6.215137615799903870e-02 1.736911945044994354e-02
8.149763345718383789e-01 6.380093097686767578e-01 6.027314662933349609e-01 8.105811476707458496e-01 6.763197183609008789e-01 0.000000000000000000e+00 7.817809581756591797e-01 6.493945121765136719e-01 5.950525999069213867e-01 8.568862676620483398e-01 7.062114477157592773e-01 4.518107324838638306e-02
8.390407562255859375e-01 4.014149904251098633e-01 8.100527524948120117e-02 2.018954306840896606e-01 4.371880590915679932e-01 0.000000000000000000e+00 7.589101195335388184e-01 5.017644762992858887e-01 2.844995856285095215e-01 2.080797106027603149e-01 4.428706169128417969e-01 9.693287312984466553e-02
3.557499945163726807e-01 4.548333287239074707e-01 2.712500095367431641e-01 3.907499909400939941e-01 8.172500133514404297e-01 1.033075004816055298e-01 3.871379792690277100e-01 4.502590894699096680e-01 3.226689696311950684e-01 3.826805055141448975e-01 7.797114849090576172e-01 1.558926105499267578e-01
9.276886582374572754e-01 9.279382973909378052e-02 2.513138651847839355e-01 4.438302218914031982e-01 1.447283178567886353e-01 0.000000000000000000e+00 8.070279359817504883e-01 3.393248319625854492e-01 6.078088283538818359e-01 4.707190990447998047e-01 1.392446905374526978e-01 1.412348896265029907e-01
3.567500114440917969e-01 3.388333320617675781e-01 5.867499709129333496e-01 6.472499966621398926e-01 5.577499866485595703e-01 3.404124975204467773e-01 4.042490422725677490e-01 2.541686296463012695e-01 5.501491427421569824e-01 6.303076148033142090e-01 5.408894419670104980e-01 2.123390585184097290e-01
5.922499895095825195e-01 3.555000126361846924e-01 8.552500009536743164e-01 7.402499914169311523e-01 2.752499878406524658e-01 4.394125044345855713e-01 6.743943691253662109e-01 3.299357891082763672e-01 6.823282837867736816e-01 6.999777555465698242e-01 2.467079460620880127e-01 2.713340818881988525e-01
9.607499837875366211e-01 1.688333302736282349e-01 9.202499985694885254e-01 7.357500195503234863e-01 8.472499847412109375e-01 3.547675013542175293e-01 9.248445034027099609e-01 1.825667619705200195e-01 8.260179758071899414e-01 8.428460955619812012e-01 8.566735982894897461e-01 1.691915988922119141e-01
1.463844180107116699e-01 5.955920219421386719e-01 8.533952832221984863e-01 8.107283115386962891e-01 7.808772921562194824e-01 0.000000000000000000e+00 1.298669874668121338e-01 6.445472240447998047e-01 7.819533348083496094e-01 7.716251611709594727e-01 7.356393933296203613e-01 1.208473742008209229e-01
2.610385119915008545e-01 2.146443277597427368e-01 8.047400712966918945e-01 7.015966176986694336e-01 5.739554762840270996e-01 0.000000000000000000e+00 2.350820004940032959e-01 1.913061887025833130e-01 7.327725887298583984e-01 7.281646132469177246e-01 5.938555598258972168e-01 8.099083788692951202e-03
2.833422459661960602e-02 5.457605123519897461e-01 4.353554919362068176e-02 4.075207710266113281e-01 1.412358433008193970e-01 0.000000000000000000e+00 3.782733529806137085e-02 7.729529738426208496e-01 1.260015964508056641e-01 3.584957718849182129e-01 1.328526884317398071e-01 7.364465855062007904e-03
9.367499947547912598e-01 3.151666522026062012e-01 9.037500023841857910e-01 7.222499847412109375e-01 3.497500121593475342e-01 3.810024857521057129e-01 9.141893386840820312e-01 2.901584804058074951e-01 8.347706794738769531e-01 7.820861935615539551e-01 3.438428044319152832e-01 2.177401930093765259e-01
3.158753216266632080e-01 1.919745057821273804e-01 8.533265590667724609e-01 7.080550789833068848e-01 1.998102068901062012e-01 0.000000000000000000e+00 2.858691513538360596e-01 2.081480473279953003e-01 8.245136737823486328e-01 6.200320124626159668e-01 1.928865760564804077e-01 3.107870928943157196e-02
5.137500166893005371e-01 6.348333358764648438e-01 5.807499885559082031e-01 9.202499985694885254e-01 1.557500064373016357e-01 5.626674890518188477e-01 5.356470942497253418e-01 4.142276942729949951e-01 4.804705381393432617e-01 7.311025857925415039e-01 1.457594037055969238e-01 2.729307711124420166e-01
8.477500081062316895e-01 6.428333520889282227e-01 2.902500033378601074e-01 9.562500119209289551e-01 7.402499914169311523e-01 1.780524998903274536e-01 8.576188087463378906e-01 7.023671269416809082e-01 3.344515860080718994e-01 8.654039502143859863e-01 7.628373503684997559e-01 6.170364841818809509e-02
6.202499866485595703e-01 6.754999756813049316e-01 3.052499890327453613e-01 7.287499904632568359e-01 2.812500000000000000e-01 8.958024978637695312e-01 6.377052068710327148e-01 5.962965488433837891e-01 3.170824944972991943e-01 5.369142293930053711e-01 3.098404407501220703e-01 7.095737457275390625e-01
9.242500066757202148e-01 5.005000233650207520e-01 6.162499785423278809e-01 5.257499814033508301e-01 7.982500195503234863e-01 2.864575088024139404e-01 8.935670256614685059e-01 3.764602541923522949e-01 5.643697977066040039e-01 5.581012368202209473e-01 8.121701478958129883e-01 1.614132821559906006e-01
1.197500005364418030e-01 7.655000090599060059e-01 3.937500119209289551e-01 4.627499878406524658e-01 2.425000071525573730e-02 7.378975152969360352e-01 9.874311089515686035e-02 6.400468349456787109e-01 2.904174327850341797e-01 4.327516257762908936e-01 1.112948581576347351e-01 8.423762321472167969e-01
3.381630182266235352e-01 7.426211833953857422e-01 4.082055389881134033e-01 8.204808831214904785e-01 1.559098213911056519e-01 0.000000000000000000e+00 3.401861786842346191e-01 7.456101775169372559e-01 3.514168858528137207e-01 7.284597754478454590e-01 9.305714815855026245e-02 7.583823986351490021e-03
7.234088778495788574e-01 8.236253261566162109e-01 8.321247696876525879e-01 6.545015573501586914e-01 2.933993935585021973e-01 0.000000000000000000e+00 7.673205733299255371e-01 6.944568753242492676e-01 5.448635220527648926e-01 7.362414598464965820e-01 2.763550579547882080e-01 1.471724733710289001e-02
9.563465714454650879e-01 7.183286547660827637e-01 4.411964416503906250e-01 8.952241539955139160e-01 1.808703541755676270e-01 0.000000000000000000e+00 9.334001541137695312e-01 8.577018380165100098e-01 6.560091972351074219e-01 8.457190990447998047e-01 1.131958812475204468e-01 9.545166976749897003e-04
5.857499837875366211e-01 5.264999866485595703e-01 9.624999761581420898e-02 1.667499989271163940e-01 6.437500119209289551e-01 8.067024946212768555e-01 5.412366390228271484e-01 4.918991029262542725e-01 1.743465662002563477e-01 1.693001091480255127e-01 6.637507677078247070e-01 7.326713800430297852e-01
7.037500143051147461e-01 2.081666737794876099e-01 5.124999955296516418e-02 8.377500176429748535e-01 9.057499766349792480e-01 5.740525126457214355e-01 6.354861259460449219e-01 2.482568174600601196e-01 2.277175039052963257e-01 7.455250620841979980e-01 8.717379570007324219e-01 4.719053208827972412e-01
2.522499859333038330e-01 2.831666767597198486e-01 6.997500061988830566e-01 4.477500021457672119e-01 3.902499973773956299e-01 6.982975006103515625e-01 2.282789647579193115e-01 3.233025670051574707e-01 6.884487867355346680e-01 4.704490900039672852e-01 3.516274094581604004e-01 6.606702804565429688e-01
9.197729825973510742e-01 3.747633397579193115e-01 8.140470981597900391e-01 5.444815009832382202e-02 9.136918783187866211e-01 0.000000000000000000e+00 7.710359096527099609e-01 2.054544389247894287e-01 5.823540687561035156e-01 3.698368966579437256e-01 9.008012413978576660e-01 7.011393550783395767e-03
4.953257441520690918e-01 2.570489943027496338e-01 3.922273218631744385e-01 7.392212152481079102e-01 1.327346712350845337e-01 0.000000000000000000e+00 5.143163800239562988e-01 3.794286847114562988e-01 4.173367321491241455e-01 5.833099484443664551e-01 9.338218718767166138e-02 5.059618968516588211e-03
1.775000058114528656e-02 2.228333353996276855e-01 6.617500185966491699e-01 5.175000056624412537e-02 1.687500029802322388e-01 7.329475283622741699e-01 1.164602115750312805e-02 1.966850906610488892e-01 7.496017217636108398e-01 9.930365532636642456e-02 9.483741223812103271e-02 8.197031617164611816e-01
8.477500081062316895e-01 6.428333520889282227e-01 2.902500033378601074e-01 9.562500119209289551e-01 7.402499914169311523e-01 1.780524998903274536e-01 8.576188087463378906e-01 7.023671269416809082e-01 3.344515860080718994e-01 8.654039502143859863e-01 7.628373503684997559e-01 6.170364841818809509e-02
9.438915848731994629e-01 4.862236678600311279e-01 4.865520894527435303e-01 3.647927045822143555e-01 7.432077527046203613e-01 0.000000000000000000e+00 8.865053057670593262e-01 3.092748224735260010e-01 5.653333663940429688e-01 3.029226660728454590e-01 7.915751338005065918e-01 1.891809403896331787e-01
9.992499947547912598e-01 2.108333259820938110e-01 4.542500078678131104e-01 9.667500257492065430e-01 7.722499966621398926e-01 5.196024775505065918e-01 9.223154187202453613e-01 2.564811706542968750e-01 5.987123847007751465e-01 8.427808880805969238e-01 7.871670126914978027e-01 4.329144656658172607e-01
3.957499861717224121e-01 2.851666808128356934e-01 4.972499907016754150e-01 6.037499904632568359e-01 7.942500114440917969e-01 1.310275048017501831e-01 4.272012710571289062e-01 3.406921029090881348e-01 5.254444479942321777e-01 7.043980360031127930e-01 7.699790596961975098e-01 9.754656255245208740e-02
6.424999982118606567e-02 3.221666812896728516e-01 1.432500034570693970e-01 9.674999862909317017e-02 7.162500023841857910e-01 4.161475002765655518e-01 1.210595890879631042e-01 4.424796402454376221e-01 2.638651728630065918e-01 2.743750810623168945e-01 7.136036157608032227e-01 4.073184728622436523e-01
9.080567955970764160e-01 2.919516563415527344e-01 5.138752609491348267e-02 7.081151008605957031e-01 4.037511050701141357e-01 0.000000000000000000e+00 7.894698977470397949e-01 3.702464103698730469e-01 3.778603971004486084e-01 6.275324821472167969e-01 4.189172983169555664e-01 2.865677140653133392e-02
3.424999862909317017e-02 4.754999876022338867e-01 7.697499990463256836e-01 2.577500045299530029e-01 8.107500076293945312e-01 5.834575295448303223e-01 8.356444537639617920e-02 4.301866888999938965e-01 6.136820316314697266e-01 3.982145488262176514e-01 8.148924708366394043e-01 2.169696241617202759e-01
8.206180334091186523e-01 3.217741549015045166e-01 2.701013982295989990e-01 8.320565223693847656e-01 8.757120966911315918e-01 0.000000000000000000e+00 8.096268177032470703e-01 2.040998488664627075e-01 5.152528882026672363e-01 6.004666686058044434e-01 8.903332948684692383e-01 5.687036551535129547e-03
1.899885535240173340e-01 2.896054983139038086e-01 7.496874332427978516e-01 7.698590159416198730e-01 6.773949265480041504e-01 0.000000000000000000e+00 2.282690703868865967e-01 2.009402960538864136e-01 6.707282662391662598e-01 6.851426959037780762e-01 6.853105425834655762e-01 6.274824496358633041e-03
7.925000041723251343e-02 4.868333339691162109e-01 4.742499887943267822e-01 2.274999953806400299e-02 9.662500023841857910e-01 8.477874994277954102e-01 1.085383668541908264e-01 4.740700125694274902e-01 5.079020261764526367e-01 1.458095312118530273e-01 9.780873060226440430e-01 6.030818819999694824e-01
6.697992086410522461e-01 4.301213324069976807e-01 5.922564268112182617e-01 8.104099892079830170e-03 5.494200587272644043e-01 0.000000000000000000e+00 5.864349007606506348e-01 4.703973829746246338e-01 4.690017104148864746e-01 3.443032801151275635e-01 5.683457851409912109e-01 1.517201513051986694e-01
8.002499938011169434e-01 3.785000145435333252e-01 3.072499930858612061e-01 7.832499742507934570e-01 1.722500026226043701e-01 9.418374896049499512e-01 7.414882183074951172e-01 4.492624104022979736e-01 3.867117166519165039e-01 5.976169705390930176e-01 1.457416713237762451e-01 4.231911599636077881e-01
3.368031382560729980e-01 5.592756867408752441e-01 9.676439166069030762e-01 7.942192554473876953e-01 5.882427692413330078e-01 0.000000000000000000e+00 3.005926609039306641e-01 4.905093312263488770e-01 8.606542944908142090e-01 8.682312369346618652e-01 6.050915718078613281e-01 1.661899127066135406e-02
1.562500000000000000e-01 2.598333358764648438e-01 1.867499947547912598e-01 7.337499856948852539e-01 2.272499948740005493e-01 8.548749983310699463e-02 1.908328831195831299e-01 3.057480454444885254e-01 2.888657748699188232e-01 6.043159961700439453e-01 1.759670525789260864e-01 7.442537695169448853e-02
1.492500007152557373e-01 5.341666936874389648e-01 2.392500042915344238e-01 5.562499761581420898e-01 3.927499949932098389e-01 8.977825045585632324e-01 1.626140475273132324e-01 5.363134145736694336e-01 1.767286211252212524e-01 4.760640263557434082e-01 4.041700065135955811e-01 9.130917787551879883e-01
2.522499859333038330e-01 2.831666767597198486e-01 6.997500061988830566e-01 4.477500021457672119e-01 3.902499973773956299e-01 6.982975006103515625e-01 2.282789647579193115e-01 3.233025670051574707e-01 6.884487867355346680e-01 4.704490900039672852e-01 3.516274094581604004e-01 6.606702804565429688e-01
2.225000038743019104e-02 6.468333601951599121e-01 7.072499990463256836e-01 3.307499885559082031e-01 7.882500290870666504e-01 4.399074912071228027e-01 7.194460183382034302e-02 5.629594326019287109e-01 5.618740320205688477e-01 4.012655913829803467e-01 9.145940542221069336e-01 3.661334514617919922e-01
8.002499938011169434e-01 3.785000145435333252e-01 3.072499930858612061e-01 7.832499742507934570e-01 1.722500026226043701e-01 9.418374896049499512e-01 7.414882183074951172e-01 4.492624104022979736e-01 3.867117166519165039e-01 5.976169705390930176e-01 1.457416713237762451e-01 4.231911599636077881e-01
2.874537110328674316e-01 5.757691860198974609e-01 6.644427180290222168e-01 4.446263611316680908e-01 6.055549383163452148e-01 0.000000000000000000e+00 3.035064637660980225e-01 3.684763014316558838e-01 4.849980771541595459e-01 3.101109862327575684e-01 6.295426487922668457e-01 6.521817296743392944e-02
1.481538712978363037e-01 9.712121486663818359e-01 1.504255533218383789e-01 6.928742527961730957e-01 4.878323078155517578e-01 0.000000000000000000e+00 9.873777627944946289e-02 9.561195969581604004e-01 2.372957207262516022e-02 8.323144912719726562e-01 4.557138383388519287e-01 8.135127427522093058e-05
7.704762220382690430e-01 4.807280004024505615e-01 6.030433177947998047e-01 3.228409960865974426e-02 5.431753396987915039e-01 0.000000000000000000e+00 8.694049119949340820e-01 4.993298649787902832e-01 2.468300461769104004e-01 1.532465964555740356e-01 5.550940036773681641e-01 5.282472074031829834e-02
2.907499969005584717e-01 4.438333213329315186e-01 6.312500238418579102e-01 9.792500138282775879e-01 9.562500119209289551e-01 8.215525150299072266e-01 2.643409967422485352e-01 4.937187731266021729e-01 7.101580500602722168e-01 9.051572084426879883e-01 8.989719152450561523e-01 7.889633774757385254e-01
3.262365460395812988e-01 7.401034832000732422e-01 7.043677568435668945e-01 8.369240760803222656e-01 3.483874797821044922e-01 0.000000000000000000e+00 3.025163710117340088e-01 6.650385856628417969e-01 7.548297643661499023e-01 8.318225145339965820e-01 3.475144803524017334e-01 4.871678724884986877e-02
5.567499995231628418e-01 4.368333220481872559e-01 8.874999731779098511e-02 9.472500085830688477e-01 8.372499942779541016e-01 5.433624982833862305e-01 5.597423315048217773e-01 4.975108504295349121e-01 1.386526077985763550e-01 9.138104319572448730e-01 8.403158187866210938e-01 5.001618862152099609e-01
9.367499947547912598e-01 3.151666522026062012e-01 9.037500023841857910e-01 7.222499847412109375e-01 3.497500121593475342e-01 3.810024857521057129e-01 9.141893386840820312e-01 2.901584804058074951e-01 8.347706794738769531e-01 7.820861935615539551e-01 3.438428044319152832e-01 2.177401930093765259e-01
8.942499756813049316e-01 6.038333177566528320e-01 5.497499704360961914e-01 4.132499992847442627e-01 4.922499954700469971e-01 4.413925111293792725e-01 9.062815308570861816e-01 5.985388159751892090e-01 4.945496916770935059e-01 4.055340588092803955e-01 5.140224099159240723e-01 2.472470551729202271e-01
5.137500166893005371e-01 6.348333358764648438e-01 5.807499885559082031e-01 9.202499985694885254e-01 1.557500064373016357e-01 5.626674890518188477e-01 5.356470942497253418e-01 4.142276942729949951e-01 4.804705381393432617e-01 7.311025857925415039e-01 1.457594037055969238e-01 2.729307711124420166e-01
3.137075603008270264e-01 8.075016736984252930e-02 9.097768664360046387e-01 9.684878587722778320e-01 4.093226492404937744e-01 0.000000000000000000e+00 5.540596842765808105e-01 3.994711339473724365e-01 5.541452169418334961e-01 8.174360394477844238e-01 4.146664738655090332e-01 1.300077978521585464e-02
4.962500035762786865e-01 5.658333301544189453e-01 8.657500147819519043e-01 8.772500157356262207e-01 2.282499969005584717e-01 8.131374716758728027e-01 4.983427822589874268e-01 4.895193874835968018e-01 6.918647289276123047e-01 8.054840564727783203e-01 2.153428345918655396e-01 6.611287593841552734e-01
7.197198867797851562e-01 1.470096707344055176e-01 6.780157685279846191e-01 3.908848464488983154e-01 7.307871580123901367e-01 0.000000000000000000e+00 6.694798469543457031e-01 2.553402185440063477e-01 6.028267145156860352e-01 5.743430256843566895e-01 7.961065173149108887e-01 5.255712196230888367e-02
9.195662140846252441e-01 7.437999825924634933e-03 2.569214403629302979e-01 8.022786974906921387e-01 8.337591290473937988e-01 0.000000000000000000e+00 8.507931828498840332e-01 1.323596090078353882e-01 6.156204342842102051e-01 7.065679430961608887e-01 8.702887296676635742e-01 1.408966816961765289e-02
5.922499895095825195e-01 3.555000126361846924e-01 8.552500009536743164e-01 7.402499914169311523e-01 2.752499878406524658e-01 4.394125044345855713e-01 6.743943691253662109e-01 3.299357891082763672e-01 6.823282837867736816e-01 6.999777555465698242e-01 2.467079460620880127e-01 2.713340818881988525e-01
5.794378519058227539e-01 5.647023320198059082e-01 7.657095789909362793e-01 2.262655086815357208e-02 1.873476803302764893e-01 0.000000000000000000e+00 4.957225918769836426e-01 5.370208024978637695e-01 6.107757687568664551e-01 1.971382945775985718e-01 1.341810375452041626e-01 1.424537152051925659e-01
9.525000303983688354e-02 5.774999856948852539e-01 1.882500052452087402e-01 4.282500147819519043e-01 5.407500267028808594e-01 2.409175038337707520e-01 1.419037878513336182e-01 5.682940483093261719e-01 2.468069791793823242e-01 4.748067855834960938e-01 5.773960947990417480e-01 7.254760712385177612e-02
7.262499928474426270e-01 3.008333444595336914e-01 2.924999967217445374e-02 6.517500281333923340e-01 3.974999859929084778e-02 5.527675151824951172e-01 7.346823215484619141e-01 3.809643387794494629e-01 1.819541305303573608e-01 4.037063121795654297e-01 5.656735971570014954e-02 1.523489207029342651e-01
8.942499756813049316e-01 6.038333177566528320e-01 5.497499704360961914e-01 4.132499992847442627e-01 4.922499954700469971e-01 4.413925111293792725e-01 9.062815308570861816e-01 5.985388159751892090e-01 4.945496916770935059e-01 4.055340588092803955e-01 5.140224099159240723e-01 2.472470551729202271e-01
3.957499861717224121e-01 2.851666808128356934e-01 4.972499907016754150e-01 6.037499904632568359e-01 7.942500114440917969e-01 1.310275048017501831e-01 4.272012710571289062e-01 3.406921029090881348e-01 5.254444479942321777e-01 7.043980360031127930e-01 7.699790596961975098e-01 9.754656255245208740e-02
2.172500044107437134e-01 6.765000224113464355e-01 9.674999862909317017e-02 9.392499923706054688e-01 9.047499895095825195e-01 6.864175200462341309e-01 2.341804057359695435e-01 7.656709551811218262e-01 1.845850348472595215e-01 8.746242523193359375e-01 9.500287175178527832e-01 7.473583817481994629e-01
9.180852770805358887e-01 2.394414991140365601e-01 4.231017231941223145e-01 1.375752687454223633e-01 9.433704018592834473e-01 0.000000000000000000e+00 8.267840743064880371e-01 4.250399172306060791e-01 5.776328444480895996e-01 3.115140497684478760e-01 9.020311236381530762e-01 1.153336018323898315e-01
2.731627821922302246e-01 6.133019924163818359e-01 5.430802106857299805e-01 3.422549068927764893e-01 2.680090069770812988e-01 0.000000000000000000e+00 2.337494641542434692e-01 6.735382080078125000e-01 7.400876283645629883e-01 2.171601504087448120e-01 2.089498192071914673e-01 9.304279834032058716e-02
4.192500114440917969e-01 8.331666588783264160e-01 2.402500063180923462e-01 3.272500038146972656e-01 2.727499902248382568e-01 9.462925195693969727e-01 3.952226936817169189e-01 7.542932033538818359e-01 2.329878956079483032e-01 2.467043548822402954e-01 2.636478543281555176e-01 9.050428867340087891e-01
9.250000119209289551e-03 6.671666502952575684e-01 8.472499847412109375e-01 4.362500011920928955e-01 1.627500057220458984e-01 2.226025015115737915e-01 2.230679802596569061e-02 6.313010454177856445e-01 7.849996089935302734e-01 4.628594815731048584e-01 2.421301901340484619e-01 1.142090335488319397e-01
6.801561713218688965e-01 7.452238202095031738e-01 7.663056850433349609e-01 2.755290269851684570e-01 7.532578110694885254e-01 0.000000000000000000e+00 7.001971602439880371e-01 4.681784510612487793e-01 3.843047916889190674e-01 4.320650994777679443e-01 7.597826719284057617e-01 8.487744629383087158e-02
4.347711801528930664e-01 8.979188203811645508e-01 2.854262888431549072e-01 3.401533663272857666e-01 9.900622963905334473e-01 0.000000000000000000e+00 4.105571806430816650e-01 8.391289710998535156e-01 3.161233365535736084e-01 3.331123292446136475e-01 9.314421415328979492e-01 3.101206570863723755e-02
8.210365176200866699e-01 2.769493460655212402e-01 9.082990884780883789e-01 5.584498047828674316e-01 4.198554903268814087e-02 0.000000000000000000e+00 8.844286203384399414e-01 3.973104655742645264e-01 7.315390110015869141e-01 6.972566843032836914e-01 5.596802756190299988e-02 5.679858382791280746e-03
9.546023607254028320e-01 3.145194947719573975e-01 9.666330814361572266e-01 8.392641544342041016e-01 8.429495096206665039e-01 0.000000000000000000e+00 8.816843628883361816e-01 1.109170988202095032e-01 9.233989119529724121e-01 9.005111455917358398e-01 9.083455204963684082e-01 5.493532400578260422e-03
7.944772243499755859e-01 6.326646804809570312e-01 3.379491269588470459e-01 4.614350199699401855e-01 2.596197128295898438e-01 0.000000000000000000e+00 7.021721601486206055e-01 6.323343515396118164e-01 3.468412458896636963e-01 5.381552577018737793e-01 2.283751070499420166e-01 1.403510756790637970e-02
1.724999956786632538e-02 2.105000019073486328e-01 3.075000084936618805e-02 3.967500030994415283e-01 8.824999630451202393e-02 2.468574941158294678e-01 4.371126741170883179e-02 3.131747841835021973e-01 1.223028153181076050e-01 3.424339294433593750e-01 2.040428295731544495e-02 1.039625331759452820e-01
6.095002591609954834e-02 6.871406435966491699e-01 7.021182775497436523e-01 2.425664216279983521e-01 8.213670253753662109e-01 0.000000000000000000e+00 7.179962098598480225e-02 5.614841580390930176e-01 5.113503932952880859e-01 2.842130661010742188e-01 8.697214126586914062e-01 2.798869647085666656e-02
5.101863145828247070e-01 1.908469945192337036e-01 3.406183421611785889e-01 9.505513906478881836e-01 6.637181043624877930e-01 0.000000000000000000e+00 5.051628351211547852e-01 4.693719446659088135e-01 7.735021710395812988e-01 8.588004112243652344e-01 7.422211766242980957e-01 1.956529915332794189e-01
1.492500007152557373e-01 5.341666936874389648e-01 2.392500042915344238e-01 5.562499761581420898e-01 3.927499949932098389e-01 8.977825045585632324e-01 1.626140475273132324e-01 5.363134145736694336e-01 1.767286211252212524e-01 4.760640263557434082e-01 4.041700065135955811e-01 9.130917787551879883e-01
8.572955131530761719e-01 9.311205148696899414e-01 5.458601117134094238e-01 5.981267094612121582e-01 4.204630255699157715e-01 0.000000000000000000e+00 9.347087144851684570e-01 9.017232656478881836e-01 3.965710997581481934e-01 6.668098568916320801e-01 4.264531433582305908e-01 8.428127504885196686e-03
4.377500116825103760e-01 3.538333475589752197e-01 5.725000053644180298e-02 3.642500042915344238e-01 2.675000019371509552e-02 4.453524947166442871e-01 4.228012263774871826e-01 3.488244414329528809e-01 1.627362221479415894e-01 2.708706855773925781e-01 5.706942453980445862e-02 2.257147580385208130e-01
9.242500066757202148e-01 5.005000233650207520e-01 6.162499785423278809e-01 5.257499814033508301e-01 7.982500195503234863e-01 2.864575088024139404e-01 8.935670256614685059e-01 3.764602541923522949e-01 5.643697977066040039e-01 5.581012368202209473e-01 8.121701478958129883e-01 1.614132821559906006e-01
9.525000303983688354e-02 5.774999856948852539e-01 1.882500052452087402e-01 4.282500147819519043e-01 5.407500267028808594e-01 2.409175038337707520e-01 1.419037878513336182e-01 5.682940483093261719e-01 2.468069791793823242e-01 4.748067855834960938e-01 5.773960947990417480e-01 7.254760712385177612e-02
6.177499890327453613e-01 6.188333630561828613e-01 4.407500028610229492e-01 3.187499940395355225e-01 5.037500262260437012e-01 1.216225028038024902e-01 6.318250298500061035e-01 6.239581108093261719e-01 4.407620131969451904e-01 3.608322143554687500e-01 5.048271417617797852e-01 1.244315877556800842e-01
4.174999892711639404e-02 7.754999995231628418e-01 2.872500121593475342e-01 9.377499818801879883e-01 2.587499916553497314e-01 1.557774990797042847e-01 4.794418439269065857e-02 7.814667820930480957e-01 2.885009646415710449e-01 9.363148808479309082e-01 3.210478425025939941e-01 1.854025013744831085e-02
2.661647200584411621e-01 1.355186700820922852e-01 5.600529909133911133e-01 3.721397817134857178e-01 7.575895786285400391e-01 0.000000000000000000e+00 2.435108274221420288e-01 1.493036150932312012e-01 6.771035194396972656e-01 3.029696941375732422e-01 7.630105614662170410e-01 8.294848375953733921e-04
2.520983815193176270e-01 9.876431822776794434e-01 9.214336872100830078e-01 4.887365698814392090e-01 1.337495297193527222e-01 0.000000000000000000e+00 1.938640624284744263e-01 7.653770446777343750e-01 4.252812564373016357e-01 5.055431723594665527e-01 9.827160090208053589e-02 2.859168499708175659e-02
3.557499945163726807e-01 4.548333287239074707e-01 2.712500095367431641e-01 3.907499909400939941e-01 8.172500133514404297e-01 1.033075004816055298e-01 3.871379792690277100e-01 4.502590894699096680e-01 3.226689696311950684e-01 3.826805055141448975e-01 7.797114849090576172e-01 1.558926105499267578e-01
9.192500114440917969e-01 4.514999985694885254e-01 6.262500286102294922e-01 7.275000214576721191e-02 7.157499790191650391e-01 9.665874838829040527e-01 8.761587142944335938e-01 4.858245551586151123e-01 5.285284519195556641e-01 2.066991627216339111e-01 6.949606537818908691e-01 7.222883701324462891e-01
3.557499945163726807e-01 4.548333287239074707e-01 2.712500095367431641e-01 3.907499909400939941e-01 8.172500133514404297e-01 1.033075004816055298e-01 3.871379792690277100e-01 4.502590894699096680e-01 3.226689696311950684e-01 3.826805055141448975e-01 7.797114849090576172e-01 1.558926105499267578e-01
5.825874209403991699e-01 7.045088410377502441e-01 2.029116302728652954e-01 5.254989266395568848e-01 9.269399642944335938e-01 0.000000000000000000e+00 6.336008310317993164e-01 8.401188850402832031e-01 3.754133582115173340e-01 3.026872277259826660e-01 9.085155129432678223e-01 1.591901853680610657e-02
4.272031486034393311e-01 3.515526652336120605e-01 4.898645579814910889e-01 9.245156645774841309e-01 7.473350167274475098e-01 0.000000000000000000e+00 4.486663937568664551e-01 2.507251501083374023e-01 6.770567297935485840e-01 7.906987071037292480e-01 8.041145205497741699e-01 6.464580446481704712e-02
5.853021740913391113e-01 8.179035186767578125e-01 3.470972776412963867e-01 5.705711841583251953e-01 1.719255298376083374e-01 0.000000000000000000e+00 5.106121897697448730e-01 8.539809584617614746e-01 2.623464763164520264e-01 6.153553724288940430e-01 1.369782984256744385e-01 7.278006523847579956e-04
8.880257606506347656e-01 9.171653389930725098e-01 9.958367943763732910e-01 1.150501519441604614e-01 8.194887638092041016e-02 0.000000000000000000e+00 7.798855304718017578e-01 6.762657761573791504e-01 4.564285576343536377e-01 6.356117129325866699e-01 5.837003514170646667e-02 3.410940244793891907e-02
4.032500088214874268e-01 2.255000025033950806e-01 6.592500209808349609e-01 9.312499761581420898e-01 5.867499709129333496e-01 1.047924980521202087e-01 4.290815591812133789e-01 2.875525653362274170e-01 7.322131991386413574e-01 8.492546677589416504e-01 5.699702501296997070e-01 7.799675315618515015e-02
3.424999862909317017e-02 4.754999876022338867e-01 7.697499990463256836e-01 2.577500045299530029e-01 8.107500076293945312e-01 5.834575295448303223e-01 8.356444537639617920e-02 4.301866888999938965e-01 6.136820316314697266e-01 3.982145488262176514e-01 8.148924708366394043e-01 2.169696241617202759e-01
1.363922208547592163e-01 5.429111719131469727e-01 5.365544557571411133e-01 8.473386764526367188e-01 8.301633000373840332e-01 0.000000000000000000e+00 1.329281628131866455e-01 6.188010573387145996e-01 8.827849030494689941e-01 6.664344668388366699e-01 7.970448136329650879e-01 5.624420568346977234e-02
7.152500152587890625e-01 2.968333363533020020e-01 3.749999916180968285e-03 2.847500145435333252e-01 3.277499973773956299e-01 7.621524930000305176e-01 6.541913747787475586e-01 2.999218404293060303e-01 1.462169289588928223e-01 1.577225327491760254e-01 3.047644495964050293e-01 5.280188918113708496e-01
2.172500044107437134e-01 6.765000224113464355e-01 9.674999862909317017e-02 9.392499923706054688e-01 9.047499895095825195e-01 6.864175200462341309e-01 2.341804057359695435e-01 7.656709551811218262e-01 1.845850348472595215e-01 8.746242523193359375e-01 9.500287175178527832e-01 7.473583817481994629e-01
6.424999982118606567e-02 3.221666812896728516e-01 1.432500034570693970e-01 9.674999862909317017e-02 7.162500023841857910e-01 4.161475002765655518e-01 1.210595890879631042e-01 4.424796402454376221e-01 2.638651728630065918e-01 2.743750810623168945e-01 7.136036157608032227e-01 4.073184728622436523e-01
7.134825587272644043e-01 9.487211704254150391e-01 8.274381160736083984e-01 9.275305867195129395e-01 9.057633280754089355e-01 0.000000000000000000e+00 7.521842122077941895e-01 7.317363619804382324e-01 4.696600735187530518e-01 9.225189685821533203e-01 9.028592705726623535e-01 4.477074742317199707e-02
5.967500209808349609e-01 5.328333377838134766e-01 5.092499852180480957e-01 5.947499871253967285e-01 3.992500007152557373e-01 3.740724921226501465e-01 6.683498024940490723e-01 5.471788644790649414e-01 4.596221446990966797e-01 4.919575452804565430e-01 3.978998661041259766e-01 2.776640653610229492e-01
2.594854831695556641e-01 3.774291574954986572e-01 4.797795712947845459e-01 9.314787387847900391e-01 2.567547559738159180e-01 0.000000000000000000e+00 2.367762923240661621e-01 3.217844069004058838e-01 7.222853899002075195e-01 7.556068897247314453e-01 2.537897825241088867e-01 2.608717232942581177e-02
8.012499809265136719e-01 2.465000003576278687e-01 1.237500011920928955e-01 8.877500295639038086e-01 9.302499890327453613e-01 4.512925148010253906e-01 7.787053585052490234e-01 3.860737085342407227e-01 2.319295704364776611e-01 8.541110157966613770e-01 8.840080499649047852e-01 4.387909471988677979e-01
7.037500143051147461e-01 2.081666737794876099e-01 5.124999955296516418e-02 8.377500176429748535e-01 9.057499766349792480e-01 5.740525126457214355e-01 6.354861259460449219e-01 2.482568174600601196e-01 2.277175039052963257e-01 7.455250620841979980e-01 8.717379570007324219e-01 4.719053208827972412e-01
2.732145190238952637e-01 5.470899865031242371e-02 3.665995299816131592e-01 2.556996941566467285e-01 9.240424633026123047e-01 0.000000000000000000e+00 3.475267887115478516e-01 2.280503064393997192e-01 4.121831953525543213e-01 1.248320043087005615e-01 9.097561836242675781e-01 9.584420360624790192e-03
9.775592088699340820e-01 5.811210274696350098e-01 9.513321518898010254e-01 2.424478530883789062e-01 7.207301259040832520e-01 0.000000000000000000e+00 8.682689666748046875e-01 3.302479982376098633e-01 6.583229303359985352e-01 7.067678570747375488e-01 7.519248723983764648e-01 2.555102296173572540e-02
9.905610680580139160e-01 2.550146579742431641e-01 5.094292163848876953e-01 1.966456323862075806e-01 4.522692561149597168e-01 0.000000000000000000e+00 8.627091646194458008e-01 2.810429930686950684e-01 5.455811619758605957e-01 4.303540885448455811e-01 4.907999336719512939e-01 1.684380918741226196e-01
8.624999970197677612e-02 7.328333258628845215e-01 8.352500200271606445e-01 5.232499837875366211e-01 8.042500019073486328e-01 1.424124985933303833e-01 1.141059324145317078e-01 6.917752623558044434e-01 8.442556858062744141e-01 5.200463533401489258e-01 8.486922383308410645e-01 7.417214661836624146e-02
7.008639574050903320e-01 6.336791515350341797e-01 1.718911230564117432e-01 8.698049783706665039e-01 1.884752213954925537e-01 0.000000000000000000e+00 7.139985561370849609e-01 7.615194916725158691e-01 2.856318950653076172e-01 6.979978680610656738e-01 1.162050068378448486e-01 1.266925246454775333e-03
8.267223238945007324e-01 9.503384828567504883e-01 5.366311669349670410e-01 2.947309315204620361e-01 7.634639143943786621e-01 0.000000000000000000e+00 8.096648454666137695e-01 8.549503684043884277e-01 2.789431214332580566e-01 5.766340494155883789e-01 7.992046475410461426e-01 2.306332811713218689e-02
8.477500081062316895e-01 6.428333520889282227e-01 2.902500033378601074e-01 9.562500119209289551e-01 7.402499914169311523e-01 1.780524998903274536e-01 8.576188087463378906e-01 7.023671269416809082e-01 3.344515860080718994e-01 8.654039502143859863e-01 7.628373503684997559e-01 6.170364841818809509e-02
4.174999892711639404e-02 7.754999995231628418e-01 2.872500121593475342e-01 9.377499818801879883e-01 2.587499916553497314e-01 1.557774990797042847e-01 4.794418439269065857e-02 7.814667820930480957e-01 2.885009646415710449e-01 9.363148808479309082e-01 3.210478425025939941e-01 1.854025013744831085e-02
4.192500114440917969e-01 8.331666588783264160e-01 2.402500063180923462e-01 3.272500038146972656e-01 2.727499902248382568e-01 9.462925195693969727e-01 3.952226936817169189e-01 7.542932033538818359e-01 2.329878956079483032e-01 2.467043548822402954e-01 2.636478543281555176e-01 9.050428867340087891e-01
1.251623183488845825e-01 6.208923459053039551e-01 5.682724118232727051e-01 6.317824721336364746e-01 7.633735537528991699e-01 0.000000000000000000e+00 1.305704116821289062e-01 6.340426802635192871e-01 6.174204945564270020e-01 5.431144237518310547e-01 7.312126159667968750e-01 5.509457364678382874e-02
6.677500009536743164e-01 6.388333439826965332e-01 2.257499992847442627e-01 1.757500022649765015e-01 1.952500045299530029e-01 1.676574945449829102e-01 6.494434475898742676e-01 6.535607576370239258e-01 2.175569981336593628e-01 2.256407141685485840e-01 2.024095356464385986e-01 7.159143686294555664e-02
8.162500262260437012e-01 6.061666607856750488e-01 4.707500040531158447e-01 2.437500059604644775e-01 1.947499960660934448e-01 3.300175070762634277e-01 8.566945195198059082e-01 5.443202257156372070e-01 2.947900593280792236e-01 3.303373157978057861e-01 2.064095735549926758e-01 2.910793423652648926e-01
8.622903823852539062e-01 6.594409942626953125e-01 1.738312244415283203e-01 5.144506692886352539e-01 3.502522408962249756e-02 0.000000000000000000e+00 8.594893813133239746e-01 6.184633374214172363e-01 2.652284204959869385e-01 4.819708466529846191e-01 4.110176861286163330e-02 2.097051963210105896e-02
7.262499928474426270e-01 3.008333444595336914e-01 2.924999967217445374e-02 6.517500281333923340e-01 3.974999859929084778e-02 5.527675151824951172e-01 7.346823215484619141e-01 3.809643387794494629e-01 1.819541305303573608e-01 4.037063121795654297e-01 5.656735971570014954e-02 1.523489207029342651e-01
6.202499866485595703e-01 6.754999756813049316e-01 3.052499890327453613e-01 7.287499904632568359e-01 2.812500000000000000e-01 8.958024978637695312e-01 6.377052068710327148e-01 5.962965488433837891e-01 3.170824944972991943e-01 5.369142293930053711e-01 3.098404407501220703e-01 7.095737457275390625e-01
6.862499713897705078e-01 1.848333328962326050e-01 1.072499975562095642e-01 1.247500032186508179e-01 1.492500007152557373e-01 7.700725197792053223e-01 5.618769526481628418e-01 2.707544863224029541e-01 2.630050182342529297e-01 1.552154719829559326e-01 1.252505779266357422e-01 5.490638017654418945e-01
9.480449557304382324e-01 2.938518226146697998e-01 2.666711807250976562e-01 6.138614416122436523e-01 6.961896419525146484e-01 0.000000000000000000e+00 7.913809418678283691e-01 3.499965071678161621e-01 4.077531397342681885e-01 8.056014776229858398e-01 7.229685783386230469e-01 1.380373630672693253e-02
7.925000041723251343e-02 4.868333339691162109e-01 4.742499887943267822e-01 2.274999953806400299e-02 9.662500023841857910e-01 8.477874994277954102e-01 1.085383668541908264e-01 4.740700125694274902e-01 5.079020261764526367e-01 1.458095312118530273e-01 9.780873060226440430e-01 6.030818819999694824e-01
4.553713500499725342e-01 7.243009805679321289e-01 8.004795014858245850e-02 1.802461296319961548e-01 1.824810802936553955e-01 0.000000000000000000e+00 3.854088783264160156e-01 8.442322015762329102e-01 8.958132565021514893e-02 1.925523877143859863e-01 1.311724931001663208e-01 2.814480662345886230e-02
8.577499985694885254e-01 2.168333381414413452e-01 2.547500133514404297e-01 3.422499895095825195e-01 2.307499945163726807e-01 5.324724912643432617e-01 7.979202866554260254e-01 3.204142153263092041e-01 3.099684417247772217e-01 3.281001150608062744e-01 1.930059641599655151e-01 3.382112085819244385e-01
6.177499890327453613e-01 6.188333630561828613e-01 4.407500028610229492e-01 3.187499940395355225e-01 5.037500262260437012e-01 1.216225028038024902e-01 6.318250298500061035e-01 6.239581108093261719e-01 4.407620131969451904e-01 3.608322143554687500e-01 5.048271417617797852e-01 1.244315877556800842e-01
9.336859583854675293e-01 1.212859973311424255e-01 8.150290250778198242e-01 8.057019114494323730e-01 2.176311463117599487e-01 0.000000000000000000e+00 8.956598639488220215e-01 2.049288600683212280e-01 9.028386473655700684e-01 8.466963171958923340e-01 1.969213932752609253e-01 9.243784472346305847e-03
9.401577115058898926e-01 2.737636566162109375e-01 2.632483541965484619e-01 2.833040356636047363e-01 8.547135591506958008e-01 0.000000000000000000e+00 7.637102603912353516e-01 2.927424609661102295e-01 4.727442264556884766e-01 4.033145308494567871e-01 8.599800467491149902e-01 8.749477565288543701e-03
9.537202715873718262e-01 5.919823050498962402e-01 8.348011970520019531e-01 8.046356439590454102e-01 6.225014850497245789e-02 0.000000000000000000e+00 9.290853142738342285e-01 7.829653620719909668e-01 8.090739846229553223e-01 8.462538719177246094e-01 5.826623737812042236e-02 3.725627902895212173e-05
8.844452351331710815e-02 9.036148190498352051e-01 9.646052718162536621e-01 2.441303282976150513e-01 8.763639628887176514e-02 0.000000000000000000e+00 2.561266347765922546e-02 6.318895220756530762e-01 4.772355556488037109e-01 3.884564638137817383e-01 9.325122833251953125e-02 5.860085599124431610e-03
4.455965161323547363e-01 8.108526468276977539e-01 9.105196595191955566e-01 9.226640462875366211e-01 3.977015912532806396e-01 0.000000000000000000e+00 4.774509072303771973e-01 7.238681316375732422e-01 7.637443542480468750e-01 8.707004189491271973e-01 3.320064246654510498e-01 1.772195845842361450e-02
9.327499866485595703e-01 1.961666643619537354e-01 5.502499938011169434e-01 5.617499947547912598e-01 1.867499947547912598e-01 6.260275244712829590e-01 9.484103322029113770e-01 4.059474766254425049e-01 5.309191346168518066e-01 5.691103339195251465e-01 1.644845157861709595e-01 5.642002820968627930e-01
6.177499890327453613e-01 6.188333630561828613e-01 4.407500028610229492e-01 3.187499940395355225e-01 5.037500262260437012e-01 1.216225028038024902e-01 6.318250298500061035e-01 6.239581108093261719e-01 4.407620131969451904e-01 3.608322143554687500e-01 5.048271417617797852e-01 1.244315877556800842e-01
4.962500035762786865e-01 5.658333301544189453e-01 8.657500147819519043e-01 8.772500157356262207e-01 2.282499969005584717e-01 8.131374716758728027e-01 4.983427822589874268e-01 4.895193874835968018e-01 6.918647289276123047e-01 8.054840564727783203e-01 2.153428345918655396e-01 6.611287593841552734e-01
9.242500066757202148e-01 5.005000233650207520e-01 6.162499785423278809e-01 5.257499814033508301e-01 7.982500195503234863e-01 2.864575088024139404e-01 8.935670256614685059e-01 3.764602541923522949e-01 5.643697977066040039e-01 5.581012368202209473e-01 8.121701478958129883e-01 1.614132821559906006e-01
5.857499837875366211e-01 5.264999866485595703e-01 9.624999761581420898e-02 1.667499989271163940e-01 6.437500119209289551e-01 8.067024946212768555e-01 5.412366390228271484e-01 4.918991029262542725e-01 1.743465662002563477e-01 1.693001091480255127e-01 6.637507677078247070e-01 7.326713800430297852e-01
3.119276463985443115e-01 1.107908338308334351e-01 9.734142571687698364e-02 8.830412477254867554e-02 5.616884231567382812e-01 0.000000000000000000e+00 3.076213002204895020e-01 1.805021911859512329e-01 1.679354012012481689e-01 5.491599440574645996e-02 5.673776268959045410e-01 4.203684628009796143e-03
7.035160660743713379e-01 2.289765030145645142e-01 7.148101329803466797e-01 4.524998366832733154e-01 9.543728232383728027e-01 0.000000000000000000e+00 6.400103569030761719e-01 2.432606518268585205e-01 6.460856199264526367e-01 7.083162665367126465e-01 9.342295527458190918e-01 3.584629297256469727e-02
8.110523223876953125e-01 2.506333403289318085e-02 8.194037079811096191e-01 5.249916911125183105e-01 3.969953060150146484e-01 0.000000000000000000e+00 7.608652710914611816e-01 1.964209973812103271e-01 8.609074354171752930e-01 7.691595554351806641e-01 4.489202499389648438e-01 5.211722105741500854e-02
8.017753362655639648e-01 7.184566557407379150e-02 7.886600494384765625e-01 9.968650341033935547e-01 4.464205503463745117e-01 0.000000000000000000e+00 8.290489315986633301e-01 1.872569620609283447e-01 9.192686676979064941e-01 8.988337516784667969e-01 4.780198633670806885e-01 3.570624627172946930e-03
3.394218683242797852e-01 3.316643238067626953e-01 3.657993674278259277e-01 8.979222178459167480e-02 2.963959574699401855e-01 0.000000000000000000e+00 3.070878982543945312e-01 3.886006772518157959e-01 2.913461625576019287e-01 1.462472975254058838e-01 2.964319586753845215e-01 1.061206609010696411e-01
7.737500071525573730e-01 4.474999904632568359e-01 6.207500100135803223e-01 8.602499961853027344e-01 5.787500143051147461e-01 4.166424870491027832e-01 8.212025761604309082e-01 5.331145524978637695e-01 5.686525106430053711e-01 7.992262244224548340e-01 5.833021402359008789e-01 3.156673312187194824e-01
5.659838318824768066e-01 3.347319960594177246e-01 9.979120492935180664e-01 8.565660119056701660e-01 6.356985121965408325e-02 0.000000000000000000e+00 6.928368210792541504e-01 2.818864881992340088e-01 6.693314909934997559e-01 7.018591165542602539e-01 5.022621527314186096e-02 5.810565198771655560e-04
2.087499946355819702e-01 8.308333158493041992e-01 8.952500224113464355e-01 2.347500026226043701e-01 1.957499980926513672e-01 4.715875089168548584e-01 2.121057957410812378e-01 7.402299046516418457e-01 8.259010910987854004e-01 2.078222781419754028e-01 2.304909676313400269e-01 5.363792777061462402e-01
1.508824992924928665e-03 7.002783417701721191e-01 5.976430773735046387e-01 6.044479012489318848e-01 3.526723086833953857e-01 0.000000000000000000e+00 5.433618091046810150e-03 8.116764426231384277e-01 7.814158201217651367e-01 7.202568054199218750e-01 3.510915637016296387e-01 1.739465398713946342e-03
3.293235301971435547e-01 2.145478278398513794e-01 3.284145593643188477e-01 1.038290783762931824e-01 6.835829615592956543e-01 0.000000000000000000e+00 3.211718797683715820e-01 2.854169607162475586e-01 3.161799907684326172e-01 1.892638355493545532e-01 7.065674066543579102e-01 1.297448948025703430e-02
7.037500143051147461e-01 2.081666737794876099e-01 5.124999955296516418e-02 8.377500176429748535e-01 9.057499766349792480e-01 5.740525126457214355e-01 6.354861259460449219e-01 2.482568174600601196e-01 2.277175039052963257e-01 7.455250620841979980e-01 8.717379570007324219e-01 4.719053208827972412e-01
8.425000309944152832e-02 3.655000030994415283e-01 1.875000074505805969e-02 4.672499895095825195e-01 2.232500016689300537e-01 3.839724957942962646e-01 1.254950463771820068e-01 4.707156121730804443e-01 1.461561024188995361e-01 5.108930468559265137e-01 1.654895097017288208e-01 4.226414561271667480e-01
1.492500007152557373e-01 5.341666936874389648e-01 2.392500042915344238e-01 5.562499761581420898e-01 3.927499949932098389e-01 8.977825045585632324e-01 1.626140475273132324e-01 5.363134145736694336e-01 1.767286211252212524e-01 4.760640263557434082e-01 4.041700065135955811e-01 9.130917787551879883e-01
5.967500209808349609e-01 5.328333377838134766e-01 5.092499852180480957e-01 5.947499871253967285e-01 3.992500007152557373e-01 3.740724921226501465e-01 6.683498024940490723e-01 5.471788644790649414e-01 4.596221446990966797e-01 4.919575452804565430e-01 3.978998661041259766e-01 2.776640653610229492e-01
4.649969935417175293e-02 3.675756752490997314e-01 5.006108283996582031e-01 5.769520401954650879e-01 1.514603495597839355e-01 0.000000000000000000e+00 1.993365213274955750e-02 4.212912321090698242e-01 8.947184085845947266e-01 4.758841693401336670e-01 1.278026252985000610e-01 1.051371172070503235e-02
4.032500088214874268e-01 2.255000025033950806e-01 6.592500209808349609e-01 9.312499761581420898e-01 5.867499709129333496e-01 1.047924980521202087e-01 4.290815591812133789e-01 2.875525653362274170e-01 7.322131991386413574e-01 8.492546677589416504e-01 5.699702501296997070e-01 7.799675315618515015e-02
7.737500071525573730e-01 4.474999904632568359e-01 6.207500100135803223e-01 8.602499961853027344e-01 5.787500143051147461e-01 4.166424870491027832e-01 8.212025761604309082e-01 5.331145524978637695e-01 5.686525106430053711e-01 7.992262244224548340e-01 5.833021402359008789e-01 3.156673312187194824e-01
6.825696825981140137e-01 4.830791652202606201e-01 6.489716768264770508e-01 5.291989818215370178e-02 7.327215075492858887e-01 0.000000000000000000e+00 6.477480530738830566e-01 4.125623106956481934e-01 4.424486160278320312e-01 2.298024147748947144e-01 7.434014678001403809e-01 2.547173388302326202e-02
3.402499854564666748e-01 7.441666722297668457e-01 1.987500041723251343e-01 1.917500048875808716e-01 2.012500017881393433e-01 2.968524992465972900e-01 3.497060835361480713e-01 7.057420611381530762e-01 1.933300048112869263e-01 2.413241267204284668e-01 2.323625087738037109e-01 2.430465221405029297e-01
8.875057697296142578e-01 9.342371821403503418e-01 4.110736846923828125e-01 4.650854468345642090e-01 4.324819445610046387e-01 0.000000000000000000e+00 9.160879254341125488e-01 7.647646069526672363e-01 3.663153946399688721e-01 3.499538004398345947e-01 4.548015296459197998e-01 5.186214298009872437e-02
8.510345220565795898e-01 5.481953620910644531e-01 5.079727172851562500e-01 5.838432908058166504e-01 5.575661063194274902e-01 0.000000000000000000e+00 7.402120828628540039e-01 4.046551585197448730e-01 5.324683785438537598e-01 7.365114688873291016e-01 5.983471274375915527e-01 1.162014901638031006e-01
5.707499980926513672e-01 2.768333256244659424e-01 2.472500056028366089e-01 4.202499985694885254e-01 6.162499785423278809e-01 6.865750253200531006e-02 5.587694644927978516e-01 3.317956328392028809e-01 3.363763391971588135e-01 4.074818193912506104e-01 5.878831148147583008e-01 9.238212555646896362e-02
1.387699693441390991e-01 9.380161762237548828e-01 9.337894916534423828e-01 6.062716841697692871e-01 1.667313724756240845e-01 0.000000000000000000e+00 6.293799728155136108e-02 7.629336714744567871e-01 6.275004744529724121e-01 7.200601100921630859e-01 1.234926357865333557e-01 4.023419320583343506e-02
2.172500044107437134e-01 6.765000224113464355e-01 9.674999862909317017e-02 9.392499923706054688e-01 9.047499895095825195e-01 6.864175200462341309e-01 2.341804057359695435e-01 7.656709551811218262e-01 1.845850348472595215e-01 8.746242523193359375e-01 9.500287175178527832e-01 7.473583817481994629e-01
6.597499847412109375e-01 2.834999859333038330e-01 8.867499828338623047e-01 8.802499771118164062e-01 9.377499818801879883e-01 3.235825002193450928e-01 7.225852608680725098e-01 2.359092980623245239e-01 8.145876526832580566e-01 8.658178448677062988e-01 9.288817048072814941e-01 1.939287632703781128e-01
8.725000172853469849e-02 5.738333463668823242e-01 8.117499947547912598e-01 8.967499732971191406e-01 4.697499871253967285e-01 8.616474866867065430e-01 6.971681863069534302e-02 5.328512787818908691e-01 8.002980947494506836e-01 8.130698204040527344e-01 4.723584353923797607e-01 7.466103434562683105e-01
8.889430761337280273e-01 1.651574969291687012e-01 4.375827684998512268e-02 2.345418781042098999e-01 8.570867776870727539e-02 0.000000000000000000e+00 7.440398335456848145e-01 3.256550729274749756e-01 3.166786432266235352e-01 3.124243319034576416e-01 7.123465836048126221e-02 1.471622139215469360e-01
4.891641438007354736e-01 4.566740095615386963e-01 1.110294759273529053e-01 1.771728545427322388e-01 5.581558346748352051e-01 0.000000000000000000e+00 4.758686721324920654e-01 6.144288778305053711e-01 1.984322220087051392e-01 1.428698450326919556e-01 5.082048773765563965e-01 4.478622600436210632e-02
6.872500181198120117e-01 1.895000040531158447e-01 7.222499847412109375e-01 8.382499814033508301e-01 9.427499771118164062e-01 2.389374971389770508e-01 7.579750418663024902e-01 2.102215886116027832e-01 7.064021825790405273e-01 7.537704706192016602e-01 8.747138977050781250e-01 3.778615593910217285e-02
4.442403018474578857e-01 1.523253321647644043e-01 9.223080277442932129e-01 6.080311536788940430e-01 8.068593144416809082e-01 0.000000000000000000e+00 4.424014687538146973e-01 1.891338974237442017e-01 6.568318009376525879e-01 7.949603796005249023e-01 8.539392352104187012e-01 1.099917665123939514e-02
5.147500038146972656e-01 7.461666464805603027e-01 4.427500069141387939e-01 2.087499946355819702e-01 4.997499883174896240e-01 3.527874946594238281e-01 5.358195304870605469e-01 7.064645290374755859e-01 3.593215644359588623e-01 2.817735970020294189e-01 5.017871260643005371e-01 3.523149192333221436e-01
7.922499775886535645e-01 2.451666593551635742e-01 2.677499949932098389e-01 3.075000084936618805e-02 9.747499823570251465e-01 6.052374839782714844e-01 7.255282402038574219e-01 3.660066127777099609e-01 3.179636895656585693e-01 1.736249029636383057e-01 9.085191488265991211e-01 4.455337822437286377e-01
5.668136477470397949e-01 4.254383221268653870e-02 6.707291007041931152e-01 8.523799777030944824e-01 7.090299129486083984e-01 0.000000000000000000e+00 6.088234186172485352e-01 1.873312741518020630e-01 6.184446215629577637e-01 8.846672773361206055e-01 7.874284386634826660e-01 2.873438224196434021e-02
5.857499837875366211e-01 5.264999866485595703e-01 9.624999761581420898e-02 1.667499989271163940e-01 6.437500119209289551e-01 8.067024946212768555e-01 5.412366390228271484e-01 4.918991029262542725e-01 1.743465662002563477e-01 1.693001091480255127e-01 6.637507677078247070e-01 7.326713800430297852e-01
3.097499907016754150e-01 5.391666889190673828e-01 8.897500038146972656e-01 1.025000028312206268e-02 7.647500038146972656e-01 5.785074830055236816e-01 2.797596752643585205e-01 5.522536635398864746e-01 7.616786360740661621e-01 1.841848790645599365e-01 7.677739262580871582e-01 4.684820771217346191e-01
9.477499723434448242e-01 2.308333367109298706e-01 1.042499989271163940e-01 3.242500126361846924e-01 1.475000008940696716e-02 7.334424853324890137e-01 8.549132347106933594e-01 3.116813600063323975e-01 1.299418509006500244e-01 2.731801867485046387e-01 4.971813410520553589e-02 4.366028606891632080e-01
9.477499723434448242e-01 2.308333367109298706e-01 1.042499989271163940e-01 3.242500126361846924e-01 1.475000008940696716e-02 7.334424853324890137e-01 8.549132347106933594e-01 3.116813600063323975e-01 1.299418509006500244e-01 2.731801867485046387e-01 4.971813410520553589e-02 4.366028606891632080e-01
3.350827097892761230e-01 3.059828281402587891e-01 4.474311769008636475e-01 3.675229847431182861e-02 9.519995450973510742e-01 0.000000000000000000e+00 3.595871627330780029e-01 2.988969981670379639e-01 4.105521738529205322e-01 6.907214969396591187e-02 9.237182736396789551e-01 2.075867261737585068e-03
9.525000303983688354e-02 5.774999856948852539e-01 1.882500052452087402e-01 4.282500147819519043e-01 5.407500267028808594e-01 2.409175038337707520e-01 1.419037878513336182e-01 5.682940483093261719e-01 2.468069791793823242e-01 4.748067855834960938e-01 5.773960947990417480e-01 7.254760712385177612e-02
2.985197305679321289e-01 1.382891684770584106e-01 2.075567469000816345e-02 2.954533398151397705e-01 4.236437976360321045e-01 0.000000000000000000e+00 3.427169322967529297e-01 2.368464618921279907e-01 1.873453706502914429e-01 7.054711878299713135e-02 4.136595129966735840e-01 6.553505361080169678e-02
7.737500071525573730e-01 4.474999904632568359e-01 6.207500100135803223e-01 8.602499961853027344e-01 5.787500143051147461e-01 4.166424870491027832e-01 8.212025761604309082e-01 5.331145524978637695e-01 5.686525106430053711e-01 7.992262244224548340e-01 5.833021402359008789e-01 3.156673312187194824e-01
3.957499861717224121e-01 2.851666808128356934e-01 4.972499907016754150e-01 6.037499904632568359e-01 7.942500114440917969e-01 1.310275048017501831e-01 4.272012710571289062e-01 3.406921029090881348e-01 5.254444479942321777e-01 7.043980360031127930e-01 7.699790596961975098e-01 9.754656255245208740e-02
2.898032963275909424e-01 7.930103540420532227e-01 6.104357838630676270e-01 4.076926708221435547e-01 1.038537472486495972e-01 0.000000000000000000e+00 2.482608258724212646e-01 6.587073802947998047e-01 3.412250578403472900e-01 3.555316329002380371e-01 7.284054905176162720e-02 1.420160848647356033e-02
4.422500133514404297e-01 1.764999926090240479e-01 4.402500092983245850e-01 1.772499978542327881e-01 7.625000178813934326e-02 4.319874942302703857e-01 4.427373409271240234e-01 2.065603882074356079e-01 3.994782567024230957e-01 1.290728598833084106e-01 6.386136263608932495e-02 2.987467348575592041e-01
1.617500036954879761e-01 3.955000042915344238e-01 7.982500195503234863e-01 6.612499952316284180e-01 5.727499723434448242e-01 7.512624859809875488e-01 1.457496434450149536e-01 3.834128975868225098e-01 7.057313323020935059e-01 7.600603103637695312e-01 5.684037208557128906e-01 6.536480784416198730e-01
4.838306307792663574e-01 7.924973368644714355e-01 1.939765214920043945e-01 3.253459632396697998e-01 1.692293733358383179e-01 0.000000000000000000e+00 4.372912049293518066e-01 8.445167541503906250e-01 1.357340365648269653e-01 3.672751188278198242e-01 1.343320310115814209e-01 1.315628993324935436e-03
2.271341681480407715e-01 8.790438175201416016e-01 9.257531762123107910e-01 3.813315927982330322e-01 4.390867426991462708e-02 0.000000000000000000e+00 1.680382937192916870e-01 5.918139815330505371e-01 3.821592926979064941e-01 2.696784436702728271e-01 4.310006275773048401e-02 7.592599373310804367e-03
6.872500181198120117e-01 1.895000040531158447e-01 7.222499847412109375e-01 8.382499814033508301e-01 9.427499771118164062e-01 2.389374971389770508e-01 7.579750418663024902e-01 2.102215886116027832e-01 7.064021825790405273e-01 7.537704706192016602e-01 8.747138977050781250e-01 3.778615593910217285e-02
4.147500097751617432e-01 2.754999995231628418e-01 9.357500076293945312e-01 5.447499752044677734e-01 4.547500014305114746e-01 2.800225019454956055e-01 4.639310836791992188e-01 2.656679451465606689e-01 8.264940381050109863e-01 4.965436160564422607e-01 4.545021057128906250e-01 1.082459017634391785e-01
4.298327490687370300e-02 5.680518150329589844e-01 5.296873450279235840e-01 8.559394627809524536e-02 6.690459698438644409e-02 0.000000000000000000e+00 2.045851387083530426e-02 4.838769137859344482e-01 4.447682797908782959e-01 1.054494231939315796e-01 5.833757296204566956e-02 4.017382394522428513e-03
6.677500009536743164e-01 6.388333439826965332e-01 2.257499992847442627e-01 1.757500022649765015e-01 1.952500045299530029e-01 1.676574945449829102e-01 6.494434475898742676e-01 6.535607576370239258e-01 2.175569981336593628e-01 2.256407141685485840e-01 2.024095356464385986e-01 7.159143686294555664e-02
1.952160000801086426e-01 5.831673145294189453e-01 2.784610390663146973e-01 6.997700929641723633e-01 5.742431282997131348e-01 0.000000000000000000e+00 1.924969255924224854e-01 6.475529074668884277e-01 4.284178316593170166e-01 6.565329432487487793e-01 5.566938519477844238e-01 3.834902867674827576e-02
3.857499957084655762e-01 8.264999985694885254e-01 8.447499871253967285e-01 1.167500019073486328e-01 1.217499971389770508e-01 5.389075279235839844e-01 4.195250570774078369e-01 6.905431747436523438e-01 6.297923922538757324e-01 1.310259997844696045e-01 1.483514606952667236e-01 2.275192141532897949e-01
2.426707446575164795e-01 8.435131907463073730e-01 9.908583760261535645e-01 8.401430249214172363e-01 1.547044813632965088e-01 0.000000000000000000e+00 2.511788904666900635e-01 6.907051205635070801e-01 6.415138244628906250e-01 8.263391256332397461e-01 7.426498085260391235e-02 2.463837852701544762e-03
9.197499752044677734e-01 7.251666784286499023e-01 5.852500200271606445e-01 9.272500276565551758e-01 1.032499969005584717e-01 7.730425000190734863e-01 9.452699422836303711e-01 6.859599947929382324e-01 5.712392330169677734e-01 7.304747700691223145e-01 1.034531071782112122e-01 4.061600565910339355e-01
6.132500171661376953e-01 4.048333466053009033e-01 4.632500112056732178e-01 7.622500061988830566e-01 1.612499952316284180e-01 7.913575172424316406e-01 6.489024758338928223e-01 4.394290745258331299e-01 4.083365499973297119e-01 6.192743778228759766e-01 1.596156656742095947e-01 6.100485324859619141e-01
8.519489169120788574e-01 3.499638438224792480e-01 6.663330793380737305e-01 4.969190061092376709e-02 4.099974874407052994e-03 0.000000000000000000e+00 6.985647678375244141e-01 3.030371069908142090e-01 3.292039036750793457e-01 4.724450707435607910e-01 3.460763767361640930e-02 2.072273381054401398e-02
3.557499945163726807e-01 4.548333287239074707e-01 2.712500095367431641e-01 3.907499909400939941e-01 8.172500133514404297e-01 1.033075004816055298e-01 3.871379792690277100e-01 4.502590894699096680e-01 3.226689696311950684e-01 3.826805055141448975e-01 7.797114849090576172e-01 1.558926105499267578e-01
9.197499752044677734e-01 7.251666784286499023e-01 5.852500200271606445e-01 9.272500276565551758e-01 1.032499969005584717e-01 7.730425000190734863e-01 9.452699422836303711e-01 6.859599947929382324e-01 5.712392330169677734e-01 7.304747700691223145e-01 1.034531071782112122e-01 4.061600565910339355e-01
5.857499837875366211e-01 5.264999866485595703e-01 9.624999761581420898e-02 1.667499989271163940e-01 6.437500119209289551e-01 8.067024946212768555e-01 5.412366390228271484e-01 4.918991029262542725e-01 1.743465662002563477e-01 1.693001091480255127e-01 6.637507677078247070e-01 7.326713800430297852e-01
6.287500262260437012e-01 3.498333394527435303e-01 2.857500016689300537e-01 3.732500076293945312e-01 4.812499880790710449e-01 6.388974785804748535e-01 5.969012379646301270e-01 4.289678931236267090e-01 3.044248521327972412e-01 4.092275798320770264e-01 4.644019603729248047e-01 5.867336392402648926e-01
1.967500001192092896e-01 5.351666808128356934e-01 5.907499790191650391e-01 6.075000017881393433e-02 9.127500057220458984e-01 9.522324800491333008e-01 1.906359344720840454e-01 5.182660222053527832e-01 5.629590749740600586e-01 2.298820912837982178e-01 9.412299990653991699e-01 8.444763422012329102e-01
6.436870694160461426e-01 7.098550200462341309e-01 6.176751255989074707e-01 7.404829263687133789e-01 8.615611195564270020e-01 0.000000000000000000e+00 6.223412752151489258e-01 8.080112338066101074e-01 6.643024682998657227e-01 8.101581335067749023e-01 8.917039036750793457e-01 4.544231668114662170e-02
5.967500209808349609e-01 5.328333377838134766e-01 5.092499852180480957e-01 5.947499871253967285e-01 3.992500007152557373e-01 3.740724921226501465e-01 6.683498024940490723e-01 5.471788644790649414e-01 4.596221446990966797e-01 4.919575452804565430e-01 3.978998661041259766e-01 2.776640653610229492e-01
3.857499957084655762e-01 8.264999985694885254e-01 8.447499871253967285e-01 1.167500019073486328e-01 1.217499971389770508e-01 5.389075279235839844e-01 4.195250570774078369e-01 6.905431747436523438e-01 6.297923922538757324e-01 1.310259997844696045e-01 1.483514606952667236e-01 2.275192141532897949e-01
1.795591562986373901e-01 5.789288282394409180e-01 8.860753178596496582e-01 1.735420525074005127e-01 9.996677041053771973e-01 0.000000000000000000e+00 1.622820943593978882e-01 3.412306606769561768e-01 4.748527407646179199e-01 3.147054314613342285e-01 9.274013042449951172e-01 8.561256341636180878e-03
1.072337478399276733e-01 8.559733629226684570e-01 8.025546073913574219e-01 5.651097297668457031e-01 2.606206536293029785e-01 0.000000000000000000e+00 4.538630694150924683e-02 6.618656516075134277e-01 4.932779669761657715e-01 6.070760488510131836e-01 2.898997962474822998e-01 1.900751143693923950e-02
1.724999956786632538e-02 2.105000019073486328e-01 3.075000084936618805e-02 3.967500030994415283e-01 8.824999630451202393e-02 2.468574941158294678e-01 4.371126741170883179e-02 3.131747841835021973e-01 1.223028153181076050e-01 3.424339294433593750e-01 2.040428295731544495e-02 1.039625331759452820e-01
2.522499859333038330e-01 2.831666767597198486e-01 6.997500061988830566e-01 4.477500021457672119e-01 3.902499973773956299e-01 6.982975006103515625e-01 2.282789647579193115e-01 3.233025670051574707e-01 6.884487867355346680e-01 4.704490900039672852e-01 3.516274094581604004e-01 6.606702804565429688e-01
8.841768503189086914e-01 8.150491714477539062e-01 7.539937496185302734e-01 3.354622423648834229e-02 4.393122494220733643e-01 0.000000000000000000e+00 8.288354277610778809e-01 4.881334304809570312e-01 3.911713361740112305e-01 2.709949314594268799e-01 4.726702868938446045e-01 9.813194721937179565e-02
9.327499866485595703e-01 1.961666643619537354e-01 5.502499938011169434e-01 5.617499947547912598e-01 1.867499947547912598e-01 6.260275244712829590e-01 9.484103322029113770e-01 4.059474766254425049e-01 5.309191346168518066e-01 5.691103339195251465e-01 1.644845157861709595e-01 5.642002820968627930e-01
8.162500262260437012e-01 6.061666607856750488e-01 4.707500040531158447e-01 2.437500059604644775e-01 1.947499960660934448e-01 3.300175070762634277e-01 8.566945195198059082e-01 5.443202257156372070e-01 2.947900593280792236e-01 3.303373157978057861e-01 2.064095735549926758e-01 2.910793423652648926e-01
9.182448983192443848e-01 5.899381637573242188e-01 3.061800030991435051e-03 6.951534748077392578e-01 2.805645018815994263e-02 0.000000000000000000e+00 8.497890233993530273e-01 7.918850779533386230e-01 2.824037075042724609e-01 5.787947773933410645e-01 4.908153787255287170e-02 1.531594432890415192e-03
1.093312501907348633e-01 4.283456802368164062e-01 1.611129492521286011e-01 7.692461013793945312e-01 6.924690008163452148e-01 0.000000000000000000e+00 1.384285241365432739e-01 7.581624388694763184e-01 6.687973141670227051e-01 6.166717410087585449e-01 6.789463162422180176e-01 2.801182866096496582e-02
5.567499995231628418e-01 4.368333220481872559e-01 8.874999731779098511e-02 9.472500085830688477e-01 8.372499942779541016e-01 5.433624982833862305e-01 5.597423315048217773e-01 4.975108504295349121e-01 1.386526077985763550e-01 9.138104319572448730e-01 8.403158187866210938e-01 5.001618862152099609e-01
2.687500119209289551e-01 6.104999780654907227e-01 4.147500097751617432e-01 2.887499928474426270e-01 8.177499771118164062e-01 2.414125055074691772e-01 3.065338432788848877e-01 6.902296543121337891e-01 5.400103926658630371e-01 3.329007029533386230e-01 8.345040082931518555e-01 6.927710026502609253e-02
8.636893630027770996e-01 6.388808488845825195e-01 5.482948422431945801e-01 5.587828755378723145e-01 8.633661270141601562e-01 0.000000000000000000e+00 8.659538030624389648e-01 5.302618145942687988e-01 5.889332294464111328e-01 4.251665771007537842e-01 8.769944310188293457e-01 1.815785467624664307e-01
7.280795574188232422e-01 6.673351526260375977e-01 2.738795578479766846e-01 5.891283750534057617e-01 9.186640977859497070e-01 0.000000000000000000e+00 7.241092920303344727e-01 6.731662750244140625e-01 3.567025959491729736e-01 5.013002157211303711e-01 8.981133699417114258e-01 4.817144572734832764e-02
9.197499752044677734e-01 7.251666784286499023e-01 5.852500200271606445e-01 9.272500276565551758e-01 1.032499969005584717e-01 7.730425000190734863e-01 9.452699422836303711e-01 6.859599947929382324e-01 5.712392330169677734e-01 7.304747700691223145e-01 1.034531071782112122e-01 4.061600565910339355e-01
5.967500209808349609e-01 5.328333377838134766e-01 5.092499852180480957e-01 5.947499871253967285e-01 3.992500007152557373e-01 3.740724921226501465e-01 6.683498024940490723e-01 5.471788644790649414e-01 4.596221446990966797e-01 4.919575452804565430e-01 3.978998661041259766e-01 2.776640653610229492e-01
2.833422459661960602e-02 5.457605123519897461e-01 4.353554919362068176e-02 4.075207710266113281e-01 1.412358433008193970e-01 0.000000000000000000e+00 3.782733529806137085e-02 7.729529738426208496e-01 1.260015964508056641e-01 3.584957718849182129e-01 1.328526884317398071e-01 7.364465855062007904e-03
9.192500114440917969e-01 4.514999985694885254e-01 6.262500286102294922e-01 7.275000214576721191e-02 7.157499790191650391e-01 9.665874838829040527e-01 8.761587142944335938e-01 4.858245551586151123e-01 5.285284519195556641e-01 2.066991627216339111e-01 6.949606537818908691e-01 7.222883701324462891e-01
6.424999982118606567e-02 3.221666812896728516e-01 1.432500034570693970e-01 9.674999862909317017e-02 7.162500023841857910e-01 4.161475002765655518e-01 1.210595890879631042e-01 4.424796402454376221e-01 2.638651728630065918e-01 2.743750810623168945e-01 7.136036157608032227e-01 4.073184728622436523e-01
7.152500152587890625e-01 2.968333363533020020e-01 3.749999916180968285e-03 2.847500145435333252e-01 3.277499973773956299e-01 7.621524930000305176e-01 6.541913747787475586e-01 2.999218404293060303e-01 1.462169289588928223e-01 1.577225327491760254e-01 3.047644495964050293e-01 5.280188918113708496e-01
3.207537531852722168e-01 9.053158164024353027e-01 4.658465385437011719e-01 7.394852638244628906e-01 5.259813070297241211e-01 0.000000000000000000e+00 2.994638383388519287e-01 8.587324619293212891e-01 5.517797470092773438e-01 7.949817180633544922e-01 4.957151710987091064e-01 1.966909319162368774e-02
9.607499837875366211e-01 1.688333302736282349e-01 9.202499985694885254e-01 7.357500195503234863e-01 8.472499847412109375e-01 3.547675013542175293e-01 9.248445034027099609e-01 1.825667619705200195e-01 8.260179758071899414e-01 8.428460955619812012e-01 8.566735982894897461e-01 1.691915988922119141e-01
2.087499946355819702e-01 8.308333158493041992e-01 8.952500224113464355e-01 2.347500026226043701e-01 1.957499980926513672e-01 4.715875089168548584e-01 2.121057957410812378e-01 7.402299046516418457e-01 8.259010910987854004e-01 2.078222781419754028e-01 2.304909676313400269e-01 5.363792777061462402e-01
8.012499809265136719e-01 2.465000003576278687e-01 1.237500011920928955e-01 8.877500295639038086e-01 9.302499890327453613e-01 4.512925148010253906e-01 7.787053585052490234e-01 3.860737085342407227e-01 2.319295704364776611e-01 8.541110157966613770e-01 8.840080499649047852e-01 4.387909471988677979e-01
9.525000303983688354e-02 5.774999856948852539e-01 1.882500052452087402e-01 4.282500147819519043e-01 5.407500267028808594e-01 2.409175038337707520e-01 1.419037878513336182e-01 5.682940483093261719e-01 2.468069791793823242e-01 4.748067855834960938e-01 5.773960947990417480e-01 7.254760712385177612e-02
3.666537702083587646e-01 1.357586681842803955e-01 7.143138051033020020e-01 5.796802639961242676e-01 4.404078423976898193e-01 0.000000000000000000e+00 3.654190599918365479e-01 2.158756405115127563e-01 5.464514493942260742e-01 7.655740976333618164e-01 4.542458057403564453e-01 1.575574278831481934e-01
4.059008359909057617e-01 8.716760277748107910e-01 2.249685823917388916e-01 5.936209559440612793e-01 6.763920187950134277e-01 0.000000000000000000e+00 3.883175849914550781e-01 9.128637313842773438e-01 1.782298088073730469e-01 5.704469084739685059e-01 6.504548788070678711e-01 1.872194185853004456e-02
2.152500003576278687e-01 8.138333559036254883e-01 9.817500114440917969e-01 6.437500119209289551e-01 5.357499718666076660e-01 7.557175159454345703e-01 1.954002529382705688e-01 7.583081722259521484e-01 8.311895728111267090e-01 6.941542029380798340e-01 5.542740225791931152e-01 7.565921545028686523e-01
2.087499946355819702e-01 8.308333158493041992e-01 8.952500224113464355e-01 2.347500026226043701e-01 1.957499980926513672e-01 4.715875089168548584e-01 2.121057957410812378e-01 7.402299046516418457e-01 8.259010910987854004e-01 2.078222781419754028e-01 2.304909676313400269e-01 5.363792777061462402e-01
1.508824992924928665e-03 7.002783417701721191e-01 5.976430773735046387e-01 6.044479012489318848e-01 3.526723086833953857e-01 0.000000000000000000e+00 5.433618091046810150e-03 8.116764426231384277e-01 7.814158201217651367e-01 7.202568054199218750e-01 3.510915637016296387e-01 1.739465398713946342e-03
6.424999982118606567e-02 3.221666812896728516e-01 1.432500034570693970e-01 9.674999862909317017e-02 7.162500023841857910e-01 4.161475002765655518e-01 1.210595890879631042e-01 4.424796402454376221e-01 2.638651728630065918e-01 2.743750810623168945e-01 7.136036157608032227e-01 4.073184728622436523e-01
8.783488869667053223e-01 2.853926718235015869e-01 7.808755040168762207e-01 9.434043765068054199e-01 4.130359590053558350e-01 0.000000000000000000e+00 8.765067458152770996e-01 2.598065435886383057e-01 8.625022172927856445e-01 8.806770443916320801e-01 3.734713792800903320e-01 2.851704135537147522e-03
1.832499951124191284e-01 1.901666671037673950e-01 9.902499914169311523e-01 3.447499871253967285e-01 4.292500019073486328e-01 1.518175005912780762e-01 1.838018596172332764e-01 2.543080151081085205e-01 8.746118545532226562e-01 3.211737573146820068e-01 3.773142099380493164e-01 3.137346729636192322e-02
2.152500003576278687e-01 8.138333559036254883e-01 9.817500114440917969e-01 6.437500119209289551e-01 5.357499718666076660e-01 7.557175159454345703e-01 1.954002529382705688e-01 7.583081722259521484e-01 8.311895728111267090e-01 6.941542029380798340e-01 5.542740225791931152e-01 7.565921545028686523e-01
8.012499809265136719e-01 2.465000003576278687e-01 1.237500011920928955e-01 8.877500295639038086e-01 9.302499890327453613e-01 4.512925148010253906e-01 7.787053585052490234e-01 3.860737085342407227e-01 2.319295704364776611e-01 8.541110157966613770e-01 8.840080499649047852e-01 4.387909471988677979e-01
3.957499861717224121e-01 2.851666808128356934e-01 4.972499907016754150e-01 6.037499904632568359e-01 7.942500114440917969e-01 1.310275048017501831e-01 4.272012710571289062e-01 3.406921029090881348e-01 5.254444479942321777e-01 7.043980360031127930e-01 7.699790596961975098e-01 9.754656255245208740e-02
4.953257441520690918e-01 2.570489943027496338e-01 3.922273218631744385e-01 7.392212152481079102e-01 1.327346712350845337e-01 0.000000000000000000e+00 5.143163800239562988e-01 3.794286847114562988e-01 4.173367321491241455e-01 5.833099484443664551e-01 9.338218718767166138e-02 5.059618968516588211e-03
4.838602244853973389e-01 3.109966591000556946e-02 4.642134308815002441e-01 5.202656388282775879e-01 7.493613958358764648e-01 0.000000000000000000e+00 5.565271377563476562e-01 1.554149836301803589e-01 5.850204229354858398e-01 3.385009765625000000e-01 7.816269397735595703e-01 2.752448059618473053e-02
3.762499988079071045e-01 2.175000011920928955e-01 1.457500010728836060e-01 2.972500026226043701e-01 3.892500102519989014e-01 4.686174988746643066e-01 4.069389700889587402e-01 2.654993534088134766e-01 1.682487577199935913e-01 3.295743763446807861e-01 3.579448461532592773e-01 4.681175351142883301e-01
8.078610301017761230e-01 6.938533186912536621e-01 9.411278963088989258e-01 7.720307260751724243e-02 5.881875008344650269e-02 0.000000000000000000e+00 7.892366051673889160e-01 6.054318547248840332e-01 5.461053848266601562e-01 3.998624980449676514e-01 7.388664782047271729e-02 1.707498356699943542e-02
6.659730672836303711e-01 6.690900027751922607e-02 3.988402187824249268e-01 1.706632971763610840e-01 3.418057411909103394e-02 0.000000000000000000e+00 5.084675550460815430e-01 2.114951461553573608e-01 5.071290135383605957e-01 3.584043085575103760e-01 4.281666502356529236e-02 5.209678038954734802e-02
2.887607216835021973e-01 2.155850082635879517e-02 9.183020591735839844e-01 5.183027684688568115e-02 2.865323722362518311e-01 0.000000000000000000e+00 2.850214540958404541e-01 1.669579595327377319e-01 6.149056553840637207e-01 2.177391052246093750e-01 2.733798623085021973e-01 5.177203193306922913e-02
2.687500119209289551e-01 6.104999780654907227e-01 4.147500097751617432e-01 2.887499928474426270e-01 8.177499771118164062e-01 2.414125055074691772e-01 3.065338432788848877e-01 6.902296543121337891e-01 5.400103926658630371e-01 3.329007029533386230e-01 8.345040082931518555e-01 6.927710026502609253e-02
2.219385504722595215e-01 3.722808361053466797e-01 5.948340296745300293e-01 5.391247272491455078e-01 9.159309267997741699e-01 0.000000000000000000e+00 2.315372675657272339e-01 2.719558477401733398e-01 5.987360477447509766e-01 5.342442989349365234e-01 8.905448913574218750e-01 4.136984702199697495e-03
2.413971573114395142e-01 3.961906731128692627e-01 9.953711628913879395e-01 4.067315161228179932e-02 7.890638709068298340e-01 0.000000000000000000e+00 2.172304689884185791e-01 1.951611191034317017e-01 4.739663898944854736e-01 2.684813737869262695e-01 8.159224390983581543e-01 8.421261445619165897e-04
2.907499969005584717e-01 4.438333213329315186e-01 6.312500238418579102e-01 9.792500138282775879e-01 9.562500119209289551e-01 8.215525150299072266e-01 2.643409967422485352e-01 4.937187731266021729e-01 7.101580500602722168e-01 9.051572084426879883e-01 8.989719152450561523e-01 7.889633774757385254e-01
7.411259412765502930e-01 8.060209751129150391e-01 1.820885017514228821e-02 9.553005099296569824e-01 4.189507663249969482e-02 0.000000000000000000e+00 7.961172461509704590e-01 9.228537678718566895e-01 2.869170904159545898e-01 7.225853800773620605e-01 4.726708307862281799e-02 4.582596375257708132e-05
9.250000119209289551e-03 6.671666502952575684e-01 8.472499847412109375e-01 4.362500011920928955e-01 1.627500057220458984e-01 2.226025015115737915e-01 2.230679802596569061e-02 6.313010454177856445e-01 7.849996089935302734e-01 4.628594815731048584e-01 2.421301901340484619e-01 1.142090335488319397e-01
1.189677510410547256e-02 8.748168349266052246e-01 6.495199203491210938e-01 9.378410577774047852e-01 6.604260206222534180e-02 0.000000000000000000e+00 8.823696407489478588e-04 9.090877175331115723e-01 7.439467310905456543e-01 9.010757803916931152e-01 4.362844675779342651e-02 5.610850712400861084e-05
6.840844154357910156e-01 6.615191698074340820e-01 9.224231839179992676e-01 5.497673153877258301e-01 6.428290158510208130e-02 0.000000000000000000e+00 6.746523380279541016e-01 4.141186177730560303e-01 4.312892258167266846e-01 6.377067565917968750e-01 5.252717807888984680e-02 3.672245424240827560e-03
8.060894608497619629e-01 8.182638287544250488e-01 4.723494872450828552e-02 4.263957440853118896e-01 7.033039331436157227e-01 0.000000000000000000e+00 8.567197322845458984e-01 6.939815282821655273e-01 2.773985564708709717e-01 1.761121004819869995e-01 6.987199187278747559e-01 5.364809930324554443e-02
7.250080704689025879e-01 1.835785061120986938e-01 5.199100077152252197e-02 4.089113473892211914e-01 4.331993758678436279e-01 0.000000000000000000e+00 6.348435282707214355e-01 2.617106735706329346e-01 4.676348567008972168e-01 2.856729626655578613e-01 4.558871388435363770e-01 1.769912987947463989e-02
9.869201779365539551e-01 9.056841731071472168e-01 5.983942151069641113e-01 5.878008604049682617e-01 5.379130840301513672e-01 0.000000000000000000e+00 9.166024327278137207e-01 8.905580639839172363e-01 4.634624421596527100e-01 8.072375655174255371e-01 5.350118875503540039e-01 8.791690692305564880e-03
9.525000303983688354e-02 5.774999856948852539e-01 1.882500052452087402e-01 4.282500147819519043e-01 5.407500267028808594e-01 2.409175038337707520e-01 1.419037878513336182e-01 5.682940483093261719e-01 2.468069791793823242e-01 4.748067855834960938e-01 5.773960947990417480e-01 7.254760712385177612e-02
7.964700460433959961e-01 1.805018335580825806e-01 3.344194963574409485e-02 6.494277715682983398e-01 9.344481229782104492e-01 0.000000000000000000e+00 7.895780801773071289e-01 3.560831248760223389e-01 3.476870656013488770e-01 3.626586496829986572e-01 9.122198820114135742e-01 2.001053467392921448e-02
9.398429840803146362e-02 1.166633367538452148e-01 6.223940849304199219e-01 4.093931615352630615e-01 9.949734210968017578e-01 0.000000000000000000e+00 1.479123979806900024e-01 1.052506268024444580e-01 4.593897163867950439e-01 4.047593772411346436e-01 9.546504616737365723e-01 3.112378297373652458e-03
5.812861323356628418e-01 2.549486756324768066e-01 4.554757475852966309e-02 8.289842307567596436e-02 7.426927685737609863e-01 0.000000000000000000e+00 5.168434977531433105e-01 3.261524438858032227e-01 1.711677908897399902e-01 1.300884932279586792e-01 7.665026187896728516e-01 1.339138764888048172e-02
5.933482646942138672e-01 3.857008218765258789e-01 6.201195716857910156e-01 5.568070411682128906e-01 3.468555808067321777e-01 0.000000000000000000e+00 6.493521928787231445e-01 3.031957447528839111e-01 4.645003080368041992e-01 5.948539376258850098e-01 3.945437967777252197e-01 1.106859371066093445e-01
2.135653048753738403e-01 5.403645038604736328e-01 6.515017747879028320e-01 3.252575695514678955e-01 8.564362674951553345e-02 0.000000000000000000e+00 1.348505020141601562e-01 2.796868085861206055e-01 4.387230575084686279e-01 2.859744727611541748e-01 9.070906788110733032e-02 6.403718888759613037e-02
7.067499756813049316e-01 2.685000002384185791e-01 5.397499799728393555e-01 7.762500047683715820e-01 7.002500295639038086e-01 1.295424997806549072e-01 7.592611312866210938e-01 2.683881819248199463e-01 5.454901456832885742e-01 7.047705650329589844e-01 6.843457818031311035e-01 7.403218746185302734e-02
7.989736795425415039e-01 9.082743525505065918e-01 1.494752522557973862e-02 7.956252098083496094e-01 9.300757199525833130e-02 0.000000000000000000e+00 7.446278929710388184e-01 7.700220346450805664e-01 3.874603509902954102e-01 6.284449100494384766e-01 7.059577107429504395e-02 5.246560904197394848e-04
4.161837399005889893e-01 2.554411590099334717e-01 2.967902719974517822e-01 2.131748944520950317e-01 8.772553801536560059e-01 0.000000000000000000e+00 3.971596062183380127e-01 3.255791962146759033e-01 4.448231160640716553e-01 1.455611139535903931e-01 8.849644660949707031e-01 9.890871588140726089e-04
9.547500014305114746e-01 3.425000011920928955e-01 2.362499982118606567e-01 2.532500028610229492e-01 3.957499861717224121e-01 4.588750004768371582e-02 9.229391813278198242e-01 4.709245860576629639e-01 2.723128795623779297e-01 2.711418569087982178e-01 3.858843147754669189e-01 5.475147813558578491e-02
7.044751644134521484e-01 7.217803597450256348e-01 3.528431653976440430e-01 3.309254050254821777e-01 7.993080615997314453e-01 0.000000000000000000e+00 8.010652065277099609e-01 7.510990500450134277e-01 3.280639350414276123e-01 1.852127015590667725e-01 8.072612285614013672e-01 9.564910084009170532e-02
9.607499837875366211e-01 1.688333302736282349e-01 9.202499985694885254e-01 7.357500195503234863e-01 8.472499847412109375e-01 3.547675013542175293e-01 9.248445034027099609e-01 1.825667619705200195e-01 8.260179758071899414e-01 8.428460955619812012e-01 8.566735982894897461e-01 1.691915988922119141e-01
4.107821583747863770e-01 5.674488544464111328e-01 9.559205174446105957e-01 7.700309753417968750e-01 8.371562510728836060e-02 0.000000000000000000e+00 3.917804062366485596e-01 3.615164458751678467e-01 4.876421689987182617e-01 7.806780338287353516e-01 6.233475357294082642e-02 4.540651105344295502e-03
3.402499854564666748e-01 7.441666722297668457e-01 1.987500041723251343e-01 1.917500048875808716e-01 2.012500017881393433e-01 2.968524992465972900e-01 3.497060835361480713e-01 7.057420611381530762e-01 1.933300048112869263e-01 2.413241267204284668e-01 2.323625087738037109e-01 2.430465221405029297e-01
2.280253469944000244e-01 4.683878421783447266e-01 6.794906854629516602e-01 1.134227514266967773e-01 8.491526246070861816e-01 0.000000000000000000e+00 2.204091697931289673e-01 4.477446973323822021e-01 6.573222875595092773e-01 1.197531968355178833e-01 8.639298677444458008e-01 9.241199120879173279e-03
8.624999970197677612e-02 7.328333258628845215e-01 8.352500200271606445e-01 5.232499837875366211e-01 8.042500019073486328e-01 1.424124985933303833e-01 1.141059324145317078e-01 6.917752623558044434e-01 8.442556858062744141e-01 5.200463533401489258e-01 8.486922383308410645e-01 7.417214661836624146e-02
2.152500003576278687e-01 8.138333559036254883e-01 9.817500114440917969e-01 6.437500119209289551e-01 5.357499718666076660e-01 7.557175159454345703e-01 1.954002529382705688e-01 7.583081722259521484e-01 8.311895728111267090e-01 6.941542029380798340e-01 5.542740225791931152e-01 7.565921545028686523e-01
3.842499852180480957e-01 7.928333282470703125e-01 6.317499876022338867e-01 7.692499756813049316e-01 8.192499876022338867e-01 7.433425188064575195e-01 3.959587216377258301e-01 7.509683370590209961e-01 6.960948109626770020e-01 7.868927717208862305e-01 8.452066779136657715e-01 6.544247865676879883e-01
5.397247523069381714e-02 2.802945077419281006e-01 4.524918794631958008e-01 5.329059362411499023e-01 8.763259053230285645e-01 0.000000000000000000e+00 7.962524890899658203e-02 1.991136968135833740e-01 5.827460289001464844e-01 4.769528210163116455e-01 8.898181915283203125e-01 2.035507466644048691e-03
1.855721175670623779e-01 1.795125007629394531e-01 2.556254863739013672e-01 9.908484816551208496e-01 7.793332338333129883e-01 0.000000000000000000e+00 2.070943415164947510e-01 1.664800345897674561e-01 4.723938703536987305e-01 7.790301442146301270e-01 8.257684111595153809e-01 6.106536369770765305e-03
8.624999970197677612e-02 7.328333258628845215e-01 8.352500200271606445e-01 5.232499837875366211e-01 8.042500019073486328e-01 1.424124985933303833e-01 1.141059324145317078e-01 6.917752623558044434e-01 8.442556858062744141e-01 5.200463533401489258e-01 8.486922383308410645e-01 7.417214661836624146e-02
1.775000058114528656e-02 2.228333353996276855e-01 6.617500185966491699e-01 5.175000056624412537e-02 1.687500029802322388e-01 7.329475283622741699e-01 1.164602115750312805e-02 1.966850906610488892e-01 7.496017217636108398e-01 9.930365532636642456e-02 9.483741223812103271e-02 8.197031617164611816e-01
8.425000309944152832e-02 3.655000030994415283e-01 1.875000074505805969e-02 4.672499895095825195e-01 2.232500016689300537e-01 3.839724957942962646e-01 1.254950463771820068e-01 4.707156121730804443e-01 1.461561024188995361e-01 5.108930468559265137e-01 1.654895097017288208e-01 4.226414561271667480e-01
1.695181429386138916e-01 5.397799983620643616e-02 7.394127249717712402e-01 2.536891102790832520e-01 6.360855102539062500e-01 0.000000000000000000e+00 1.844937205314636230e-01 1.276231855154037476e-01 5.559951066970825195e-01 2.520807087421417236e-01 6.654961109161376953e-01 2.951924921944737434e-03
6.677500009536743164e-01 6.388333439826965332e-01 2.257499992847442627e-01 1.757500022649765015e-01 1.952500045299530029e-01 1.676574945449829102e-01 6.494434475898742676e-01 6.535607576370239258e-01 2.175569981336593628e-01 2.256407141685485840e-01 2.024095356464385986e-01 7.159143686294555664e-02
8.477500081062316895e-01 6.428333520889282227e-01 2.902500033378601074e-01 9.562500119209289551e-01 7.402499914169311523e-01 1.780524998903274536e-01 8.576188087463378906e-01 7.023671269416809082e-01 3.344515860080718994e-01 8.654039502143859863e-01 7.628373503684997559e-01 6.170364841818809509e-02
6.895761489868164062e-01 9.384868144989013672e-01 4.995488524436950684e-01 4.091519862413406372e-02 9.884790778160095215e-01 0.000000000000000000e+00 6.344663500785827637e-01 7.367036938667297363e-01 3.115740716457366943e-01 2.002916336059570312e-01 9.274203777313232422e-01 1.931725628674030304e-02
6.132500171661376953e-01 4.048333466053009033e-01 4.632500112056732178e-01 7.622500061988830566e-01 1.612499952316284180e-01 7.913575172424316406e-01 6.489024758338928223e-01 4.394290745258331299e-01 4.083365499973297119e-01 6.192743778228759766e-01 1.596156656742095947e-01 6.100485324859619141e-01
3.014508187770843506e-01 1.655263304710388184e-01 8.955433964729309082e-01 9.079135209321975708e-02 1.050277277827262878e-01 0.000000000000000000e+00 1.896356791257858276e-01 1.362190246582031250e-01 6.268092989921569824e-01 3.083092272281646729e-01 1.072401180863380432e-01 1.658635586500167847e-02
8.002499938011169434e-01 3.785000145435333252e-01 3.072499930858612061e-01 7.832499742507934570e-01 1.722500026226043701e-01 9.418374896049499512e-01 7.414882183074951172e-01 4.492624104022979736e-01 3.867117166519165039e-01 5.976169705390930176e-01 1.457416713237762451e-01 4.231911599636077881e-01
2.172500044107437134e-01 6.765000224113464355e-01 9.674999862909317017e-02 9.392499923706054688e-01 9.047499895095825195e-01 6.864175200462341309e-01 2.341804057359695435e-01 7.656709551811218262e-01 1.845850348472595215e-01 8.746242523193359375e-01 9.500287175178527832e-01 7.473583817481994629e-01
5.684747099876403809e-01 3.260464966297149658e-01 9.259074330329895020e-01 1.287914067506790161e-01 3.134121894836425781e-01 0.000000000000000000e+00 5.777088999748229980e-01 2.402363121509552002e-01 6.181285977363586426e-01 3.173332810401916504e-01 3.257535696029663086e-01 1.526924222707748413e-01
8.967874646186828613e-01 3.563979864120483398e-01 1.299772560596466064e-01 7.666377425193786621e-01 5.298825502395629883e-01 0.000000000000000000e+00 8.919947147369384766e-01 5.559915304183959961e-01 3.464667201042175293e-01 6.066802740097045898e-01 5.444191694259643555e-01 7.741358876228332520e-02
8.942499756813049316e-01 6.038333177566528320e-01 5.497499704360961914e-01 4.132499992847442627e-01 4.922499954700469971e-01 4.413925111293792725e-01 9.062815308570861816e-01 5.985388159751892090e-01 4.945496916770935059e-01 4.055340588092803955e-01 5.140224099159240723e-01 2.472470551729202271e-01
3.957499861717224121e-01 2.851666808128356934e-01 4.972499907016754150e-01 6.037499904632568359e-01 7.942500114440917969e-01 1.310275048017501831e-01 4.272012710571289062e-01 3.406921029090881348e-01 5.254444479942321777e-01 7.043980360031127930e-01 7.699790596961975098e-01 9.754656255245208740e-02
8.942499756813049316e-01 6.038333177566528320e-01 5.497499704360961914e-01 4.132499992847442627e-01 4.922499954700469971e-01 4.413925111293792725e-01 9.062815308570861816e-01 5.985388159751892090e-01 4.945496916770935059e-01 4.055340588092803955e-01 5.140224099159240723e-01 2.472470551729202271e-01
5.664398670196533203e-01 6.890833377838134766e-02 9.550011157989501953e-01 1.518856287002563477e-01 4.140461683273315430e-01 0.000000000000000000e+00 6.439939141273498535e-01 1.684319972991943359e-01 7.050788402557373047e-01 2.913995683193206787e-01 4.581279158592224121e-01 6.147352047264575958e-03
1.356641054153442383e-01 1.666451692581176758e-01 5.019131898880004883e-01 5.292050838470458984e-01 4.318090379238128662e-01 0.000000000000000000e+00 1.452450752258300781e-01 2.426737397909164429e-01 5.831901431083679199e-01 4.846335947513580322e-01 4.555608332157135010e-01 7.466644793748855591e-02
4.164533019065856934e-01 1.493166685104370117e-01 3.754347562789916992e-01 4.459062218666076660e-01 5.106427073478698730e-01 0.000000000000000000e+00 3.837722837924957275e-01 2.078649997711181641e-01 5.595390200614929199e-01 4.310822188854217529e-01 5.334680080413818359e-01 1.312318146228790283e-01
1.724999956786632538e-02 2.105000019073486328e-01 3.075000084936618805e-02 3.967500030994415283e-01 8.824999630451202393e-02 2.468574941158294678e-01 4.371126741170883179e-02 3.131747841835021973e-01 1.223028153181076050e-01 3.424339294433593750e-01 2.040428295731544495e-02 1.039625331759452820e-01
1.502500027418136597e-01 6.945000290870666504e-01 7.067499756813049316e-01 2.177499979734420776e-01 9.425000101327896118e-02 7.354224920272827148e-01 1.312279254198074341e-01 6.689800024032592773e-01 6.716676950454711914e-01 1.893942058086395264e-01 1.194252297282218933e-01 8.317698836326599121e-01
6.872500181198120117e-01 1.895000040531158447e-01 7.222499847412109375e-01 8.382499814033508301e-01 9.427499771118164062e-01 2.389374971389770508e-01 7.579750418663024902e-01 2.102215886116027832e-01 7.064021825790405273e-01 7.537704706192016602e-01 8.747138977050781250e-01 3.778615593910217285e-02
5.072342157363891602e-01 6.554998159408569336e-01 4.018286466598510742e-01 4.238365590572357178e-01 1.234789714217185974e-01 0.000000000000000000e+00 5.222244858741760254e-01 6.290589570999145508e-01 2.602551281452178955e-01 3.680557012557983398e-01 9.697679430246353149e-02 2.390913665294647217e-02
7.536074519157409668e-01 7.225248217582702637e-01 7.008783817291259766e-01 1.775116771459579468e-01 9.560590982437133789e-01 0.000000000000000000e+00 7.055628299713134766e-01 6.265833973884582520e-01 6.033442616462707520e-01 2.830598056316375732e-01 9.175757765769958496e-01 4.791222140192985535e-02
6.351312994956970215e-01 8.343913555145263672e-01 5.550903677940368652e-01 4.544062614440917969e-01 8.672584295272827148e-01 0.000000000000000000e+00 7.228232622146606445e-01 6.679641008377075195e-01 5.189847350120544434e-01 3.546514511108398438e-01 8.684145212173461914e-01 3.913036361336708069e-02
5.360412001609802246e-01 3.525163233280181885e-01 2.054563462734222412e-01 7.159094810485839844e-01 5.933346152305603027e-01 0.000000000000000000e+00 5.685124993324279785e-01 5.656624436378479004e-01 4.799638092517852783e-01 4.451014399528503418e-01 5.954281091690063477e-01 2.027591019868850708e-01
6.287500262260437012e-01 3.498333394527435303e-01 2.857500016689300537e-01 3.732500076293945312e-01 4.812499880790710449e-01 6.388974785804748535e-01 5.969012379646301270e-01 4.289678931236267090e-01 3.044248521327972412e-01 4.092275798320770264e-01 4.644019603729248047e-01 5.867336392402648926e-01
7.067499756813049316e-01 2.685000002384185791e-01 5.397499799728393555e-01 7.762500047683715820e-01 7.002500295639038086e-01 1.295424997806549072e-01 7.592611312866210938e-01 2.683881819248199463e-01 5.454901456832885742e-01 7.047705650329589844e-01 6.843457818031311035e-01 7.403218746185302734e-02
5.137500166893005371e-01 6.348333358764648438e-01 5.807499885559082031e-01 9.202499985694885254e-01 1.557500064373016357e-01 5.626674890518188477e-01 5.356470942497253418e-01 4.142276942729949951e-01 4.804705381393432617e-01 7.311025857925415039e-01 1.457594037055969238e-01 2.729307711124420166e-01
5.802152156829833984e-01 5.246000289916992188e-01 1.617706716060638428e-01 5.514997616410255432e-02 3.985169827938079834e-01 0.000000000000000000e+00 5.344532132148742676e-01 7.014259696006774902e-01 1.925217509269714355e-01 6.795558333396911621e-02 3.738063573837280273e-01 6.731617450714111328e-02
2.517499923706054688e-01 6.198333501815795898e-01 4.977500140666961670e-01 7.227500081062316895e-01 5.952500104904174805e-01 5.230674743652343750e-01 2.734706699848175049e-01 6.606373786926269531e-01 6.196810007095336914e-01 7.288031578063964844e-01 6.133211851119995117e-01 5.258328914642333984e-01
8.939197063446044922e-01 8.525701761245727539e-01 2.822945117950439453e-01 4.487527012825012207e-01 5.208846926689147949e-01 0.000000000000000000e+00 8.746489882469177246e-01 7.322260141372680664e-01 5.852379202842712402e-01 3.786368370056152344e-01 5.273849964141845703e-01 3.570797620341181755e-03
7.705590128898620605e-01 3.973131775856018066e-01 3.222055435180664062e-01 6.207823157310485840e-01 1.766988933086395264e-01 0.000000000000000000e+00 7.593753337860107422e-01 4.598582983016967773e-01 3.434981405735015869e-01 6.088936924934387207e-01 1.329749673604965210e-01 1.124409288167953491e-01
7.329043149948120117e-01 2.210330069065093994e-01 3.345025479793548584e-01 2.572418153285980225e-01 8.532378673553466797e-01 0.000000000000000000e+00 7.377106547355651855e-01 4.148884415626525879e-01 4.288864135742187500e-01 2.227088361978530884e-01 8.572750687599182129e-01 2.945774421095848083e-02
5.546560138463973999e-02 8.485449850559234619e-02 1.258221566677093506e-01 3.622803390026092529e-01 1.773373186588287354e-01 0.000000000000000000e+00 7.180057466030120850e-02 2.990927100181579590e-01 4.650364220142364502e-01 1.227744147181510925e-01 1.826313436031341553e-01 1.206796616315841675e-02
8.495062589645385742e-01 4.851883277297019958e-02 1.813347488641738892e-01 8.836346864700317383e-01 8.227727562189102173e-02 0.000000000000000000e+00 7.685229778289794922e-01 3.993805646896362305e-01 6.063131093978881836e-01 6.787899732589721680e-01 6.073993071913719177e-02 8.052425691857933998e-04
6.500756144523620605e-01 9.334786534309387207e-01 1.794280260801315308e-01 2.104247510433197021e-01 4.030252695083618164e-01 0.000000000000000000e+00 5.247973203659057617e-01 9.020938873291015625e-01 1.729799211025238037e-01 4.185060858726501465e-01 3.925424814224243164e-01 3.066187351942062378e-02
3.078337907791137695e-01 2.401026636362075806e-01 4.719218015670776367e-01 9.987011551856994629e-01 2.157381027936935425e-01 0.000000000000000000e+00 2.890072464942932129e-01 3.362837433815002441e-01 6.884309649467468262e-01 8.526281118392944336e-01 1.346100717782974243e-01 1.015336066484451294e-02
7.250080704689025879e-01 1.835785061120986938e-01 5.199100077152252197e-02 4.089113473892211914e-01 4.331993758678436279e-01 0.000000000000000000e+00 6.348435282707214355e-01 2.617106735706329346e-01 4.676348567008972168e-01 2.856729626655578613e-01 4.558871388435363770e-01 1.769912987947463989e-02
1.695181429386138916e-01 5.397799983620643616e-02 7.394127249717712402e-01 2.536891102790832520e-01 6.360855102539062500e-01 0.000000000000000000e+00 1.844937205314636230e-01 1.276231855154037476e-01 5.559951066970825195e-01 2.520807087421417236e-01 6.654961109161376953e-01 2.951924921944737434e-03
8.162500262260437012e-01 6.061666607856750488e-01 4.707500040531158447e-01 2.437500059604644775e-01 1.947499960660934448e-01 3.300175070762634277e-01 8.566945195198059082e-01 5.443202257156372070e-01 2.947900593280792236e-01 3.303373157978057861e-01 2.064095735549926758e-01 2.910793423652648926e-01
2.172500044107437134e-01 6.765000224113464355e-01 9.674999862909317017e-02 9.392499923706054688e-01 9.047499895095825195e-01 6.864175200462341309e-01 2.341804057359695435e-01 7.656709551811218262e-01 1.845850348472595215e-01 8.746242523193359375e-01 9.500287175178527832e-01 7.473583817481994629e-01
7.129487395286560059e-02 7.791488170623779297e-01 4.215752333402633667e-02 5.123086571693420410e-01 4.501233696937561035e-01 0.000000000000000000e+00 6.874646246433258057e-02 9.346690773963928223e-01 2.402116917073726654e-02 6.539546847343444824e-01 4.839200973510742188e-01 5.116793909110128880e-05
3.131873011589050293e-01 5.978176593780517578e-01 9.614869952201843262e-01 4.674842655658721924e-01 4.020198285579681396e-01 0.000000000000000000e+00 3.508591353893280029e-01 3.310032188892364502e-01 4.825299084186553955e-01 5.530887842178344727e-01 3.976106643676757812e-01 1.286016553640365601e-01
3.145954012870788574e-01 9.850600361824035645e-02 3.526224195957183838e-01 3.634425112977623940e-03 9.893568754196166992e-01 0.000000000000000000e+00 3.079521954059600830e-01 1.703308522701263428e-01 3.557512164115905762e-01 1.239912360906600952e-01 9.368015527725219727e-01 2.187647856771945953e-03
6.941919922828674316e-01 9.057465195655822754e-01 3.434619903564453125e-01 7.511897087097167969e-01 1.784314960241317749e-01 0.000000000000000000e+00 6.769127249717712402e-01 9.215480685234069824e-01 3.301824927330017090e-01 7.204260826110839844e-01 1.419644057750701904e-01 3.040170704480260611e-04
9.353270530700683594e-01 2.221715003252029419e-01 6.366930603981018066e-01 8.624889254570007324e-01 8.094975352287292480e-01 0.000000000000000000e+00 9.236228466033935547e-01 3.657914698123931885e-01 7.697027325630187988e-01 9.142019152641296387e-01 8.690538406372070312e-01 6.092325598001480103e-02
7.473354935646057129e-01 1.797585040330886841e-01 8.816003203392028809e-01 8.731388449668884277e-01 8.414421081542968750e-01 0.000000000000000000e+00 7.720552682876586914e-01 1.839868724346160889e-01 8.916741013526916504e-01 8.405230045318603516e-01 8.587756156921386719e-01 1.821229234337806702e-03
5.950897932052612305e-01 3.158299997448921204e-02 6.409777998924255371e-01 3.713436722755432129e-01 1.335462927818298340e-01 0.000000000000000000e+00 5.948958396911621094e-01 2.556157708168029785e-01 5.644003748893737793e-01 4.990222454071044922e-01 9.709858894348144531e-02 2.431415580213069916e-02
2.087499946355819702e-01 8.308333158493041992e-01 8.952500224113464355e-01 2.347500026226043701e-01 1.957499980926513672e-01 4.715875089168548584e-01 2.121057957410812378e-01 7.402299046516418457e-01 8.259010910987854004e-01 2.078222781419754028e-01 2.304909676313400269e-01 5.363792777061462402e-01
2.342125177383422852e-01 2.655666554346680641e-03 4.727514982223510742e-01 6.634221076965332031e-01 6.983384490013122559e-01 0.000000000000000000e+00 2.796806097030639648e-01 1.106656640768051147e-01 5.974810719490051270e-01 4.465265274047851562e-01 7.113584876060485840e-01 1.837021671235561371e-03
8.012499809265136719e-01 2.465000003576278687e-01 1.237500011920928955e-01 8.877500295639038086e-01 9.302499890327453613e-01 4.512925148010253906e-01 7.787053585052490234e-01 3.860737085342407227e-01 2.319295704364776611e-01 8.541110157966613770e-01 8.840080499649047852e-01 4.387909471988677979e-01
1.762566715478897095e-01 1.537606716156005859e-01 5.675712227821350098e-01 7.164362818002700806e-02 4.623134732246398926e-01 0.000000000000000000e+00 1.293437629938125610e-01 1.621550321578979492e-01 6.325262784957885742e-01 1.170195490121841431e-01 4.774073064327239990e-01 4.555001505650579929e-04
3.762499988079071045e-01 2.175000011920928955e-01 1.457500010728836060e-01 2.972500026226043701e-01 3.892500102519989014e-01 4.686174988746643066e-01 4.069389700889587402e-01 2.654993534088134766e-01 1.682487577199935913e-01 3.295743763446807861e-01 3.579448461532592773e-01 4.681175351142883301e-01
6.677500009536743164e-01 6.388333439826965332e-01 2.257499992847442627e-01 1.757500022649765015e-01 1.952500045299530029e-01 1.676574945449829102e-01 6.494434475898742676e-01 6.535607576370239258e-01 2.175569981336593628e-01 2.256407141685485840e-01 2.024095356464385986e-01 7.159143686294555664e-02
8.691224455833435059e-01 4.930244982242584229e-01 5.066242218017578125e-01 5.458827614784240723e-01 7.400988936424255371e-01 0.000000000000000000e+00 7.921641469001770020e-01 4.375381767749786377e-01 5.935376882553100586e-01 7.087112069129943848e-01 8.029220700263977051e-01 2.801519334316253662e-01
9.477499723434448242e-01 2.308333367109298706e-01 1.042499989271163940e-01 3.242500126361846924e-01 1.475000008940696716e-02 7.334424853324890137e-01 8.549132347106933594e-01 3.116813600063323975e-01 1.299418509006500244e-01 2.731801867485046387e-01 4.971813410520553589e-02 4.366028606891632080e-01
3.335828483104705811e-01 5.438391566276550293e-01 6.453370302915573120e-02 2.594852745532989502e-01 5.349138975143432617e-01 0.000000000000000000e+00 3.979525864124298096e-01 6.951532363891601562e-01 1.729972958564758301e-01 1.446656286716461182e-01 5.183371305465698242e-01 6.297591328620910645e-02
8.725000172853469849e-02 5.738333463668823242e-01 8.117499947547912598e-01 8.967499732971191406e-01 4.697499871253967285e-01 8.616474866867065430e-01 6.971681863069534302e-02 5.328512787818908691e-01 8.002980947494506836e-01 8.130698204040527344e-01 4.723584353923797607e-01 7.466103434562683105e-01
1.775000058114528656e-02 2.228333353996276855e-01 6.617500185966491699e-01 5.175000056624412537e-02 1.687500029802322388e-01 7.329475283622741699e-01 1.164602115750312805e-02 1.966850906610488892e-01 7.496017217636108398e-01 9.930365532636642456e-02 9.483741223812103271e-02 8.197031617164611816e-01
8.267223238945007324e-01 9.503384828567504883e-01 5.366311669349670410e-01 2.947309315204620361e-01 7.634639143943786621e-01 0.000000000000000000e+00 8.096648454666137695e-01 8.549503684043884277e-01 2.789431214332580566e-01 5.766340494155883789e-01 7.992046475410461426e-01 2.306332811713218689e-02
5.182499885559082031e-01 2.278333306312561035e-01 1.567499935626983643e-01 8.647500276565551758e-01 6.932500004768371582e-01 1.503324955701828003e-01 5.204784274101257324e-01 2.038137167692184448e-01 2.499581575393676758e-01 7.957379221916198730e-01 6.689437627792358398e-01 6.630528718233108521e-02
6.677500009536743164e-01 6.388333439826965332e-01 2.257499992847442627e-01 1.757500022649765015e-01 1.952500045299530029e-01 1.676574945449829102e-01 6.494434475898742676e-01 6.535607576370239258e-01 2.175569981336593628e-01 2.256407141685485840e-01 2.024095356464385986e-01 7.159143686294555664e-02
1.062500029802322388e-01 4.724999964237213135e-01 6.117500066757202148e-01 7.057499885559082031e-01 7.172499895095825195e-01 2.339874953031539917e-01 1.291974186897277832e-01 4.779061377048492432e-01 6.930762529373168945e-01 7.421114444732666016e-01 7.067098617553710938e-01 1.608108729124069214e-01
1.601400226354598999e-01 1.708400063216686249e-02 9.095872640609741211e-01 2.453220188617706299e-01 1.611071228981018066e-01 0.000000000000000000e+00 1.694552749395370483e-01 1.127144545316696167e-01 5.455882549285888672e-01 2.430958896875381470e-01 1.464147120714187622e-01 1.617934182286262512e-02
8.711488246917724609e-01 1.519608348608016968e-01 9.484049864113330841e-03 6.897447109222412109e-01 7.562912106513977051e-01 0.000000000000000000e+00 7.387573719024658203e-01 3.829428255558013916e-01 4.589476287364959717e-01 4.748186171054840088e-01 7.990623712539672852e-01 4.626082628965377808e-02
8.217610120773315430e-01 1.420031636953353882e-01 3.308610022068023682e-01 6.259595155715942383e-01 7.361774891614913940e-02 0.000000000000000000e+00 7.084378600120544434e-01 2.973025441169738770e-01 5.049513578414916992e-01 5.997276306152343750e-01 5.571680888533592224e-02 3.885938320308923721e-03
2.687500119209289551e-01 6.104999780654907227e-01 4.147500097751617432e-01 2.887499928474426270e-01 8.177499771118164062e-01 2.414125055074691772e-01 3.065338432788848877e-01 6.902296543121337891e-01 5.400103926658630371e-01 3.329007029533386230e-01 8.345040082931518555e-01 6.927710026502609253e-02
2.522499859333038330e-01 2.831666767597198486e-01 6.997500061988830566e-01 4.477500021457672119e-01 3.902499973773956299e-01 6.982975006103515625e-01 2.282789647579193115e-01 3.233025670051574707e-01 6.884487867355346680e-01 4.704490900039672852e-01 3.516274094581604004e-01 6.606702804565429688e-01
8.977357149124145508e-01 8.491866588592529297e-01 8.043226003646850586e-01 8.872508406639099121e-01 7.476931214332580566e-01 0.000000000000000000e+00 8.834614753723144531e-01 6.940710544586181641e-01 6.763343214988708496e-01 9.097961783409118652e-01 7.829883098602294922e-01 2.674949355423450470e-02
7.922499775886535645e-01 2.451666593551635742e-01 2.677499949932098389e-01 3.075000084936618805e-02 9.747499823570251465e-01 6.052374839782714844e-01 7.255282402038574219e-01 3.660066127777099609e-01 3.179636895656585693e-01 1.736249029636383057e-01 9.085191488265991211e-01 4.455337822437286377e-01
8.519489169120788574e-01 3.499638438224792480e-01 6.663330793380737305e-01 4.969190061092376709e-02 4.099974874407052994e-03 0.000000000000000000e+00 6.985647678375244141e-01 3.030371069908142090e-01 3.292039036750793457e-01 4.724450707435607910e-01 3.460763767361640930e-02 2.072273381054401398e-02
3.617500066757202148e-01 1.958333402872085571e-01 1.767500042915344238e-01 4.187499880790710449e-01 8.402500152587890625e-01 6.616675257682800293e-01 3.344670832157135010e-01 3.700972795486450195e-01 3.054978847503662109e-01 5.340691208839416504e-01 7.879229784011840820e-01 7.605220675468444824e-01
5.137500166893005371e-01 6.348333358764648438e-01 5.807499885559082031e-01 9.202499985694885254e-01 1.557500064373016357e-01 5.626674890518188477e-01 5.356470942497253418e-01 4.142276942729949951e-01 4.804705381393432617e-01 7.311025857925415039e-01 1.457594037055969238e-01 2.729307711124420166e-01
9.074562191963195801e-01 5.745170116424560547e-01 9.061649441719055176e-01 2.218285202980041504e-01 9.878115355968475342e-02 0.000000000000000000e+00 8.273881673812866211e-01 4.278349578380584717e-01 5.842859148979187012e-01 5.218021273612976074e-01 7.992083579301834106e-02 2.643918059766292572e-02
7.152500152587890625e-01 2.968333363533020020e-01 3.749999916180968285e-03 2.847500145435333252e-01 3.277499973773956299e-01 7.621524930000305176e-01 6.541913747787475586e-01 2.999218404293060303e-01 1.462169289588928223e-01 1.577225327491760254e-01 3.047644495964050293e-01 5.280188918113708496e-01
3.965092003345489502e-01 2.224279940128326416e-01 4.519717395305633545e-02 5.258870124816894531e-01 6.634344458580017090e-01 0.000000000000000000e+00 4.789502024650573730e-01 4.340948164463043213e-01 3.576398789882659912e-01 1.831499487161636353e-01 6.806350946426391602e-01 5.521338805556297302e-02
1.864756792783737183e-01 4.848288297653198242e-01 1.357013434171676636e-01 6.019451618194580078e-01 8.045922517776489258e-01 0.000000000000000000e+00 2.281957268714904785e-01 6.742956638336181641e-01 3.973860442638397217e-01 3.922303318977355957e-01 7.995901107788085938e-01 3.083257749676704407e-02
9.242500066757202148e-01 5.005000233650207520e-01 6.162499785423278809e-01 5.257499814033508301e-01 7.982500195503234863e-01 2.864575088024139404e-01 8.935670256614685059e-01 3.764602541923522949e-01 5.643697977066040039e-01 5.581012368202209473e-01 8.121701478958129883e-01 1.614132821559906006e-01
8.725000172853469849e-02 5.738333463668823242e-01 8.117499947547912598e-01 8.967499732971191406e-01 4.697499871253967285e-01 8.616474866867065430e-01 6.971681863069534302e-02 5.328512787818908691e-01 8.002980947494506836e-01 8.130698204040527344e-01 4.723584353923797607e-01 7.466103434562683105e-01
7.152500152587890625e-01 2.968333363533020020e-01 3.749999916180968285e-03 2.847500145435333252e-01 3.277499973773956299e-01 7.621524930000305176e-01 6.541913747787475586e-01 2.999218404293060303e-01 1.462169289588928223e-01 1.577225327491760254e-01 3.047644495964050293e-01 5.280188918113708496e-01
8.002499938011169434e-01 3.785000145435333252e-01 3.072499930858612061e-01 7.832499742507934570e-01 1.722500026226043701e-01 9.418374896049499512e-01 7.414882183074951172e-01 4.492624104022979736e-01 3.867117166519165039e-01 5.976169705390930176e-01 1.457416713237762451e-01 4.231911599636077881e-01
4.917164146900177002e-01 1.538729965686798096e-01 2.477837502956390381e-01 1.046407744288444519e-01 1.561722010374069214e-01 0.000000000000000000e+00 3.612686693668365479e-01 1.839530020952224731e-01 4.373623430728912354e-01 2.003807425498962402e-01 1.363066285848617554e-01 1.061006411910057068e-01
8.177499771118164062e-01 5.158333182334899902e-01 9.177500009536743164e-01 6.962500214576721191e-01 9.737499952316284180e-01 9.705474972724914551e-01 7.971533536911010742e-01 3.954880237579345703e-01 7.455834150314331055e-01 8.295435905456542969e-01 9.071828126907348633e-01 7.121468782424926758e-01
7.191845178604125977e-01 1.654720008373260498e-01 3.749918341636657715e-01 7.624869942665100098e-01 5.545954108238220215e-01 0.000000000000000000e+00 7.085568308830261230e-01 3.815021812915802002e-01 5.078579187393188477e-01 7.736147642135620117e-01 5.718849301338195801e-01 8.175033330917358398e-02
2.280253469944000244e-01 4.683878421783447266e-01 6.794906854629516602e-01 1.134227514266967773e-01 8.491526246070861816e-01 0.000000000000000000e+00 2.204091697931289673e-01 4.477446973323822021e-01 6.573222875595092773e-01 1.197531968355178833e-01 8.639298677444458008e-01 9.241199120879173279e-03
9.525000303983688354e-02 5.774999856948852539e-01 1.882500052452087402e-01 4.282500147819519043e-01 5.407500267028808594e-01 2.409175038337707520e-01 1.419037878513336182e-01 5.682940483093261719e-01 2.468069791793823242e-01 4.748067855834960938e-01 5.773960947990417480e-01 7.254760712385177612e-02
8.935585618019104004e-01 7.387551665306091309e-01 3.891980946063995361e-01 2.122381031513214111e-01 9.040836691856384277e-01 0.000000000000000000e+00 8.329267501831054688e-01 6.549974083900451660e-01 3.191607594490051270e-01 3.049198389053344727e-01 8.837699294090270996e-01 2.535418607294559479e-02
5.567499995231628418e-01 4.368333220481872559e-01 8.874999731779098511e-02 9.472500085830688477e-01 8.372499942779541016e-01 5.433624982833862305e-01 5.597423315048217773e-01 4.975108504295349121e-01 1.386526077985763550e-01 9.138104319572448730e-01 8.403158187866210938e-01 5.001618862152099609e-01
3.983618021011352539e-01 6.799363493919372559e-01 2.914920151233673096e-01 9.774046540260314941e-01 4.825648963451385498e-01 0.000000000000000000e+00 4.177332222461700439e-01 7.065812349319458008e-01 3.953176438808441162e-01 8.624125123023986816e-01 4.605314433574676514e-01 6.643147766590118408e-02
3.167499899864196777e-01 7.714999914169311523e-01 3.377499878406524658e-01 3.597500026226043701e-01 8.707500100135803223e-01 7.374024987220764160e-01 3.047513961791992188e-01 6.633037328720092773e-01 3.482656478881835938e-01 2.937095761299133301e-01 9.078745841979980469e-01 6.988598704338073730e-01
1.294492781162261963e-01 9.304258227348327637e-01 5.725586414337158203e-01 1.845194250345230103e-01 4.449405372142791748e-01 0.000000000000000000e+00 7.663508504629135132e-02 7.197868227958679199e-01 3.779991269111633301e-01 2.972383201122283936e-01 4.297340512275695801e-01 1.916485466063022614e-02
4.982500076293945312e-01 3.598333299160003662e-01 6.932500004768371582e-01 8.737499713897705078e-01 3.422499895095825195e-01 8.552125096321105957e-01 5.442555546760559082e-01 3.682297170162200928e-01 6.243611574172973633e-01 7.205952405929565430e-01 3.086028993129730225e-01 6.082612872123718262e-01
3.306296467781066895e-01 2.835056781768798828e-01 3.787491917610168457e-01 9.485936760902404785e-01 7.023300528526306152e-01 0.000000000000000000e+00 3.607254922389984131e-01 3.211451768875122070e-01 4.927102029323577881e-01 7.866093516349792480e-01 7.128612399101257324e-01 1.061107069253921509e-01
3.857499957084655762e-01 8.264999985694885254e-01 8.447499871253967285e-01 1.167500019073486328e-01 1.217499971389770508e-01 5.389075279235839844e-01 4.195250570774078369e-01 6.905431747436523438e-01 6.297923922538757324e-01 1.310259997844696045e-01 1.483514606952667236e-01 2.275192141532897949e-01
3.402499854564666748e-01 7.441666722297668457e-01 1.987500041723251343e-01 1.917500048875808716e-01 2.012500017881393433e-01 2.968524992465972900e-01 3.497060835361480713e-01 7.057420611381530762e-01 1.933300048112869263e-01 2.413241267204284668e-01 2.323625087738037109e-01 2.430465221405029297e-01
1.967500001192092896e-01 5.351666808128356934e-01 5.907499790191650391e-01 6.075000017881393433e-02 9.127500057220458984e-01 9.522324800491333008e-01 1.906359344720840454e-01 5.182660222053527832e-01 5.629590749740600586e-01 2.298820912837982178e-01 9.412299990653991699e-01 8.444763422012329102e-01
2.542499899864196777e-01 5.245000123977661133e-01 5.952500104904174805e-01 8.477500081062316895e-01 5.725000053644180298e-02 4.290175139904022217e-01 2.796181440353393555e-01 3.487046658992767334e-01 5.345471501350402832e-01 6.200589537620544434e-01 7.793282717466354370e-02 1.164388433098793030e-01
1.276926547288894653e-01 2.533108294010162354e-01 6.747398376464843750e-01 8.760354667901992798e-02 3.919412493705749512e-01 0.000000000000000000e+00 8.834987133741378784e-02 1.783314645290374756e-01 4.128840863704681396e-01 1.989043503999710083e-01 4.118013679981231689e-01 7.711797952651977539e-03
8.208357095718383789e-01 9.684411883354187012e-01 8.586515188217163086e-01 8.786516189575195312e-01 1.266717761754989624e-01 0.000000000000000000e+00 8.833758831024169922e-01 8.746205568313598633e-01 6.331666707992553711e-01 8.229054808616638184e-01 8.054795861244201660e-02 5.709120159735903144e-05
6.424999982118606567e-02 3.221666812896728516e-01 1.432500034570693970e-01 9.674999862909317017e-02 7.162500023841857910e-01 4.161475002765655518e-01 1.210595890879631042e-01 4.424796402454376221e-01 2.638651728630065918e-01 2.743750810623168945e-01 7.136036157608032227e-01 4.073184728622436523e-01
1.782499998807907104e-01 5.178333520889282227e-01 6.672499775886535645e-01 5.974999815225601196e-02 6.962500214576721191e-01 1.567675024271011353e-01 2.146895527839660645e-01 5.341306328773498535e-01 6.547622084617614746e-01 1.802781671285629272e-01 6.749822497367858887e-01 1.232958808541297913e-01
4.763127863407135010e-01 4.736090004444122314e-01 9.675753116607666016e-01 3.118250668048858643e-01 3.734486699104309082e-01 0.000000000000000000e+00 4.422577619552612305e-01 1.468905061483383179e-01 5.350319147109985352e-01 3.652904033660888672e-01 4.049350619316101074e-01 1.465327572077512741e-02
1.197500005364418030e-01 7.655000090599060059e-01 3.937500119209289551e-01 4.627499878406524658e-01 2.425000071525573730e-02 7.378975152969360352e-01 9.874311089515686035e-02 6.400468349456787109e-01 2.904174327850341797e-01 4.327516257762908936e-01 1.112948581576347351e-01 8.423762321472167969e-01
9.780381917953491211e-01 3.366291522979736328e-01 2.757762372493743896e-01 3.097485303878784180e-01 1.051075533032417297e-01 0.000000000000000000e+00 8.589962124824523926e-01 5.919257402420043945e-01 4.458728432655334473e-01 4.807924628257751465e-01 8.832333981990814209e-02 1.195950582623481750e-01
2.225000038743019104e-02 6.468333601951599121e-01 7.072499990463256836e-01 3.307499885559082031e-01 7.882500290870666504e-01 4.399074912071228027e-01 7.194460183382034302e-02 5.629594326019287109e-01 5.618740320205688477e-01 4.012655913829803467e-01 9.145940542221069336e-01 3.661334514617919922e-01
3.992500007152557373e-01 4.884999990463256836e-01 2.152500003576278687e-01 9.512500166893005371e-01 1.624999940395355225e-02 1.448875069618225098e-01 4.286036193370819092e-01 4.356583356857299805e-01 2.578125000000000000e-01 7.075694203376770020e-01 3.929311782121658325e-02 2.689886651933193207e-02
9.601789712905883789e-01 6.856380105018615723e-01 6.662641167640686035e-01 5.321452617645263672e-01 7.812798619270324707e-01 0.000000000000000000e+00 9.582928419113159180e-01 7.769840359687805176e-01 4.054155051708221436e-01 7.395901679992675781e-01 8.196529746055603027e-01 1.911232993006706238e-02
3.447949290275573730e-01 3.523588478565216064e-01 7.860161066055297852e-01 7.058647274971008301e-02 4.101846516132354736e-01 0.000000000000000000e+00 3.078479170799255371e-01 1.896788477897644043e-01 4.889145493507385254e-01 1.928219944238662720e-01 4.626895487308502197e-01 6.129720807075500488e-02
7.037500143051147461e-01 2.081666737794876099e-01 5.124999955296516418e-02 8.377500176429748535e-01 9.057499766349792480e-01 5.740525126457214355e-01 6.354861259460449219e-01 2.482568174600601196e-01 2.277175039052963257e-01 7.455250620841979980e-01 8.717379570007324219e-01 4.719053208827972412e-01
3.009964227676391602e-01 3.786778450012207031e-01 8.486590981483459473e-01 5.482691526412963867e-01 8.003641963005065918e-01 0.000000000000000000e+00 2.791150808334350586e-01 2.738754153251647949e-01 7.568421363830566406e-01 6.360507607460021973e-01 8.083393573760986328e-01 7.033315021544694901e-03
2.517499923706054688e-01 6.198333501815795898e-01 4.977500140666961670e-01 7.227500081062316895e-01 5.952500104904174805e-01 5.230674743652343750e-01 2.734706699848175049e-01 6.606373786926269531e-01 6.196810007095336914e-01 7.288031578063964844e-01 6.133211851119995117e-01 5.258328914642333984e-01
9.197499752044677734e-01 7.251666784286499023e-01 5.852500200271606445e-01 9.272500276565551758e-01 1.032499969005584717e-01 7.730425000190734863e-01 9.452699422836303711e-01 6.859599947929382324e-01 5.712392330169677734e-01 7.304747700691223145e-01 1.034531071782112122e-01 4.061600565910339355e-01
8.725000172853469849e-02 5.738333463668823242e-01 8.117499947547912598e-01 8.967499732971191406e-01 4.697499871253967285e-01 8.616474866867065430e-01 6.971681863069534302e-02 5.328512787818908691e-01 8.002980947494506836e-01 8.130698204040527344e-01 4.723584353923797607e-01 7.466103434562683105e-01
6.424999982118606567e-02 3.221666812896728516e-01 1.432500034570693970e-01 9.674999862909317017e-02 7.162500023841857910e-01 4.161475002765655518e-01 1.210595890879631042e-01 4.424796402454376221e-01 2.638651728630065918e-01 2.743750810623168945e-01 7.136036157608032227e-01 4.073184728622436523e-01
8.474999666213989258e-02 4.178333282470703125e-01 2.502500116825103760e-01 3.462499976158142090e-01 1.792500019073486328e-01 8.796250075101852417e-02 9.955704212188720703e-02 4.406472146511077881e-01 3.233667612075805664e-01 3.178928494453430176e-01 1.916274428367614746e-01 3.296422585844993591e-02
5.237500071525573730e-01 5.421666502952575684e-01 4.572499990463256836e-01 7.225000113248825073e-02 6.075000017881393433e-02 4.884175062179565430e-01 4.890669882297515869e-01 3.985364139080047607e-01 3.072285652160644531e-01 1.242118701338768005e-01 8.207210153341293335e-02 3.231406211853027344e-01
8.697500228881835938e-01 5.304999947547912598e-01 9.707499742507934570e-01 6.927499771118164062e-01 5.352500081062316895e-01 6.816250085830688477e-02 9.266922473907470703e-01 4.098426103591918945e-01 7.233157753944396973e-01 7.948690652847290039e-01 5.570636987686157227e-01 1.527786701917648315e-01
6.132500171661376953e-01 4.048333466053009033e-01 4.632500112056732178e-01 7.622500061988830566e-01 1.612499952316284180e-01 7.913575172424316406e-01 6.489024758338928223e-01 4.394290745258331299e-01 4.083365499973297119e-01 6.192743778228759766e-01 1.596156656742095947e-01 6.100485324859619141e-01
3.400432467460632324e-01 4.255091547966003418e-01 1.347775310277938843e-01 3.251140713691711426e-01 5.471009016036987305e-01 0.000000000000000000e+00 3.984496295452117920e-01 5.461856722831726074e-01 2.493924945592880249e-01 1.605356633663177490e-01 5.665456652641296387e-01 1.355939209461212158e-01
3.887164965271949768e-02 4.160119891166687012e-01 2.394771277904510498e-01 7.586289048194885254e-01 6.466440111398696899e-02 0.000000000000000000e+00 4.931413382291793823e-02 5.377327799797058105e-01 4.700390994548797607e-01 5.199801325798034668e-01 6.176213175058364868e-02 5.739897862076759338e-02
3.410472273826599121e-01 1.391868293285369873e-01 5.363790392875671387e-01 6.333591341972351074e-01 1.260493248701095581e-01 0.000000000000000000e+00 2.818196713924407959e-01 1.804253607988357544e-01 6.723093390464782715e-01 5.511018633842468262e-01 8.458785712718963623e-02 6.705819629132747650e-03
5.828822255134582520e-01 3.564508259296417236e-01 5.664694905281066895e-01 1.564438939094543457e-01 9.807037711143493652e-01 0.000000000000000000e+00 4.787085950374603271e-01 4.118276536464691162e-01 7.268484830856323242e-01 3.391605317592620850e-01 9.288026094436645508e-01 2.598365070298314095e-03
6.872500181198120117e-01 1.895000040531158447e-01 7.222499847412109375e-01 8.382499814033508301e-01 9.427499771118164062e-01 2.389374971389770508e-01 7.579750418663024902e-01 2.102215886116027832e-01 7.064021825790405273e-01 7.537704706192016602e-01 8.747138977050781250e-01 3.778615593910217285e-02
9.242500066757202148e-01 5.005000233650207520e-01 6.162499785423278809e-01 5.257499814033508301e-01 7.982500195503234863e-01 2.864575088024139404e-01 8.935670256614685059e-01 3.764602541923522949e-01 5.643697977066040039e-01 5.581012368202209473e-01 8.121701478958129883e-01 1.614132821559906006e-01
6.287500262260437012e-01 3.498333394527435303e-01 2.857500016689300537e-01 3.732500076293945312e-01 4.812499880790710449e-01 6.388974785804748535e-01 5.969012379646301270e-01 4.289678931236267090e-01 3.044248521327972412e-01 4.092275798320770264e-01 4.644019603729248047e-01 5.867336392402648926e-01
3.857499957084655762e-01 8.264999985694885254e-01 8.447499871253967285e-01 1.167500019073486328e-01 1.217499971389770508e-01 5.389075279235839844e-01 4.195250570774078369e-01 6.905431747436523438e-01 6.297923922538757324e-01 1.310259997844696045e-01 1.483514606952667236e-01 2.275192141532897949e-01
7.524812221527099609e-01 2.762005031108856201e-01 1.715544760227203369e-01 6.970486044883728027e-01 4.466609656810760498e-01 0.000000000000000000e+00 7.456007003784179688e-01 5.501623153686523438e-01 2.272881716489791870e-01 7.171878218650817871e-01 4.507871568202972412e-01 1.237854585051536560e-01
3.728907555341720581e-02 1.935078352689743042e-01 2.314099520444869995e-01 4.096036255359649658e-01 3.372636735439300537e-01 0.000000000000000000e+00 7.794568687677383423e-02 3.674286007881164551e-01 4.209416508674621582e-01 2.448537796735763550e-01 3.549740016460418701e-01 6.723979488015174866e-03
9.942499995231628418e-01 2.911666631698608398e-01 8.725000172853469849e-02 9.897500276565551758e-01 3.057500123977661133e-01 6.082075238227844238e-01 9.414109587669372559e-01 4.025142490863800049e-01 2.164048403501510620e-01 7.851244211196899414e-01 2.673292756080627441e-01 3.990326523780822754e-01
2.907499969005584717e-01 4.438333213329315186e-01 6.312500238418579102e-01 9.792500138282775879e-01 9.562500119209289551e-01 8.215525150299072266e-01 2.643409967422485352e-01 4.937187731266021729e-01 7.101580500602722168e-01 9.051572084426879883e-01 8.989719152450561523e-01 7.889633774757385254e-01
5.992500185966491699e-01 7.551666498184204102e-01 8.052499890327453613e-01 4.177500009536743164e-01 7.957500219345092773e-01 1.696375012397766113e-01 5.907052159309387207e-01 7.752657532691955566e-01 7.274079918861389160e-01 5.148072242736816406e-01 7.982749938964843750e-01 1.020927950739860535e-01
5.397499799728393555e-01 4.061666727066040039e-01 6.297500133514404297e-01 3.267500102519989014e-01 3.487499952316284180e-01 6.667750328779220581e-02 5.547677278518676758e-01 3.269937336444854736e-01 6.685476899147033691e-01 2.605756223201751709e-01 3.334589898586273193e-01 6.717278063297271729e-02
7.928484082221984863e-01 2.122309952974319458e-01 8.239412307739257812e-01 7.942984700202941895e-01 3.704154863953590393e-02 0.000000000000000000e+00 8.395168185234069824e-01 2.684877216815948486e-01 8.279560208320617676e-01 7.633227109909057617e-01 5.866317451000213623e-02 1.283073914237320423e-03
7.262499928474426270e-01 3.008333444595336914e-01 2.924999967217445374e-02 6.517500281333923340e-01 3.974999859929084778e-02 5.527675151824951172e-01 7.346823215484619141e-01 3.809643387794494629e-01 1.819541305303573608e-01 4.037063121795654297e-01 5.656735971570014954e-02 1.523489207029342651e-01
1.197500005364418030e-01 7.655000090599060059e-01 3.937500119209289551e-01 4.627499878406524658e-01 2.425000071525573730e-02 7.378975152969360352e-01 9.874311089515686035e-02 6.400468349456787109e-01 2.904174327850341797e-01 4.327516257762908936e-01 1.112948581576347351e-01 8.423762321472167969e-01
4.982500076293945312e-01 3.598333299160003662e-01 6.932500004768371582e-01 8.737499713897705078e-01 3.422499895095825195e-01 8.552125096321105957e-01 5.442555546760559082e-01 3.682297170162200928e-01 6.243611574172973633e-01 7.205952405929565430e-01 3.086028993129730225e-01 6.082612872123718262e-01
2.687500119209289551e-01 6.104999780654907227e-01 4.147500097751617432e-01 2.887499928474426270e-01 8.177499771118164062e-01 2.414125055074691772e-01 3.065338432788848877e-01 6.902296543121337891e-01 5.400103926658630371e-01 3.329007029533386230e-01 8.345040082931518555e-01 6.927710026502609253e-02
2.829045951366424561e-01 2.674359977245330811e-01 4.679420590400695801e-01 6.039823889732360840e-01 2.917387783527374268e-01 0.000000000000000000e+00 2.554997205734252930e-01 2.349941879510879517e-01 4.752590358257293701e-01 6.049727201461791992e-01 2.664793729782104492e-01 2.990029007196426392e-02
4.927849862724542618e-03 9.797030091285705566e-01 1.301371455192565918e-01 5.629267096519470215e-01 7.128818035125732422e-01 0.000000000000000000e+00 9.403964877128601074e-02 9.303815960884094238e-01 5.462190136313438416e-02 1.896798051893711090e-02 9.536584019660949707e-01 7.797908438078593463e-06
9.367499947547912598e-01 3.151666522026062012e-01 9.037500023841857910e-01 7.222499847412109375e-01 3.497500121593475342e-01 3.810024857521057129e-01 9.141893386840820312e-01 2.901584804058074951e-01 8.347706794738769531e-01 7.820861935615539551e-01 3.438428044319152832e-01 2.177401930093765259e-01
2.693877220153808594e-01 7.507334947586059570e-01 6.212740540504455566e-01 2.660922519862651825e-02 2.587102651596069336e-01 0.000000000000000000e+00 2.542102634906768799e-01 6.045083999633789062e-01 2.942879199981689453e-01 1.373180449008941650e-01 2.312837988138198853e-01 1.402905136346817017e-01
1.724999956786632538e-02 2.105000019073486328e-01 3.075000084936618805e-02 3.967500030994415283e-01 8.824999630451202393e-02 2.468574941158294678e-01 4.371126741170883179e-02 3.131747841835021973e-01 1.223028153181076050e-01 3.424339294433593750e-01 2.040428295731544495e-02 1.039625331759452820e-01
6.259996294975280762e-01 3.911184966564178467e-01 3.439730033278465271e-02 2.223252952098846436e-01 3.781744837760925293e-02 0.000000000000000000e+00 5.260673165321350098e-01 4.132186770439147949e-01 1.631775796413421631e-01 2.529295682907104492e-01 4.868158325552940369e-02 1.133778095245361328e-01
5.237500071525573730e-01 5.421666502952575684e-01 4.572499990463256836e-01 7.225000113248825073e-02 6.075000017881393433e-02 4.884175062179565430e-01 4.890669882297515869e-01 3.985364139080047607e-01 3.072285652160644531e-01 1.242118701338768005e-01 8.207210153341293335e-02 3.231406211853027344e-01
1.800286024808883667e-01 4.437183216214179993e-02 9.620432257652282715e-01 1.827143430709838867e-01 6.498661041259765625e-01 0.000000000000000000e+00 2.141598016023635864e-01 1.537161916494369507e-01 7.179275155067443848e-01 1.696191728115081787e-01 6.988472342491149902e-01 1.691188476979732513e-02
3.315719068050384521e-01 2.599574923515319824e-01 2.068684995174407959e-02 2.481754273176193237e-01 9.977335333824157715e-01 0.000000000000000000e+00 4.023855924606323242e-01 3.593449592590332031e-01 3.912512958049774170e-01 5.122341588139533997e-02 9.519883394241333008e-01 2.864528913050889969e-03
9.422500133514404297e-01 5.985000133514404297e-01 2.437500059604644775e-01 3.787499964237213135e-01 7.767500281333923340e-01 7.324525117874145508e-01 8.667834401130676270e-01 5.835300087928771973e-01 2.465931624174118042e-01 3.684780299663543701e-01 8.063293099403381348e-01 6.831735968589782715e-01
2.907499969005584717e-01 4.438333213329315186e-01 6.312500238418579102e-01 9.792500138282775879e-01 9.562500119209289551e-01 8.215525150299072266e-01 2.643409967422485352e-01 4.937187731266021729e-01 7.101580500602722168e-01 9.051572084426879883e-01 8.989719152450561523e-01 7.889633774757385254e-01
5.827229619026184082e-01 5.510366559028625488e-01 5.379174351692199707e-01 1.027129963040351868e-02 7.029998898506164551e-01 0.000000000000000000e+00 5.525538921356201172e-01 5.086529254913330078e-01 4.703921675682067871e-01 9.194155782461166382e-02 7.413480281829833984e-01 4.083457216620445251e-02
1.864756792783737183e-01 4.848288297653198242e-01 1.357013434171676636e-01 6.019451618194580078e-01 8.045922517776489258e-01 0.000000000000000000e+00 2.281957268714904785e-01 6.742956638336181641e-01 3.973860442638397217e-01 3.922303318977355957e-01 7.995901107788085938e-01 3.083257749676704407e-02
7.412226200103759766e-01 3.465293347835540771e-01 2.720398306846618652e-01 5.316336154937744141e-01 8.472620844841003418e-01 0.000000000000000000e+00 7.018928527832031250e-01 3.215834200382232666e-01 4.739212393760681152e-01 4.115577936172485352e-01 8.508741259574890137e-01 4.617358744144439697e-02
3.097499907016754150e-01 5.391666889190673828e-01 8.897500038146972656e-01 1.025000028312206268e-02 7.647500038146972656e-01 5.785074830055236816e-01 2.797596752643585205e-01 5.522536635398864746e-01 7.616786360740661621e-01 1.841848790645599365e-01 7.677739262580871582e-01 4.684820771217346191e-01
9.700207114219665527e-01 8.982276916503906250e-01 5.019867420196533203e-01 3.274186849594116211e-01 4.301851391792297363e-01 0.000000000000000000e+00 9.034546613693237305e-01 8.955419063568115234e-01 3.495345711708068848e-01 6.019411087036132812e-01 4.631461203098297119e-01 7.800926920026540756e-03
6.048719882965087891e-01 1.276910006999969482e-01 5.688943862915039062e-01 7.816954255104064941e-01 6.702355295419692993e-02 0.000000000000000000e+00 5.606587529182434082e-01 2.549648880958557129e-01 7.496700286865234375e-01 6.739337444305419922e-01 5.707393959164619446e-02 1.362607162445783615e-02
1.492500007152557373e-01 5.341666936874389648e-01 2.392500042915344238e-01 5.562499761581420898e-01 3.927499949932098389e-01 8.977825045585632324e-01 1.626140475273132324e-01 5.363134145736694336e-01 1.767286211252212524e-01 4.760640263557434082e-01 4.041700065135955811e-01 9.130917787551879883e-01
8.012499809265136719e-01 2.465000003576278687e-01 1.237500011920928955e-01 8.877500295639038086e-01 9.302499890327453613e-01 4.512925148010253906e-01 7.787053585052490234e-01 3.860737085342407227e-01 2.319295704364776611e-01 8.541110157966613770e-01 8.840080499649047852e-01 4.387909471988677979e-01
7.137500047683715820e-01 4.058333337306976318e-01 9.047499895095825195e-01 5.977500081062316895e-01 2.067500054836273193e-01 6.522625088691711426e-01 8.337953090667724609e-01 3.071324229240417480e-01 6.377042531967163086e-01 4.850305914878845215e-01 2.022569775581359863e-01 3.650021553039550781e-01
5.237500071525573730e-01 5.421666502952575684e-01 4.572499990463256836e-01 7.225000113248825073e-02 6.075000017881393433e-02 4.884175062179565430e-01 4.890669882297515869e-01 3.985364139080047607e-01 3.072285652160644531e-01 1.242118701338768005e-01 8.207210153341293335e-02 3.231406211853027344e-01
1.018431484699249268e-01 6.617899984121322632e-02 5.955444574356079102e-01 7.399506568908691406e-01 5.869356393814086914e-01 0.000000000000000000e+00 1.343422383069992065e-01 1.509559750556945801e-01 5.774074792861938477e-01 7.268758416175842285e-01 6.118450164794921875e-01 1.406048703938722610e-02
9.797565937042236328e-01 4.857531785964965820e-01 5.249174237251281738e-01 6.670719981193542480e-01 4.684277176856994629e-01 0.000000000000000000e+00 9.082258343696594238e-01 6.326477527618408203e-01 4.889471530914306641e-01 8.251290917396545410e-01 4.964280724525451660e-01 3.915477544069290161e-02
4.377500116825103760e-01 3.538333475589752197e-01 5.725000053644180298e-02 3.642500042915344238e-01 2.675000019371509552e-02 4.453524947166442871e-01 4.228012263774871826e-01 3.488244414329528809e-01 1.627362221479415894e-01 2.708706855773925781e-01 5.706942453980445862e-02 2.257147580385208130e-01
9.327499866485595703e-01 1.961666643619537354e-01 5.502499938011169434e-01 5.617499947547912598e-01 1.867499947547912598e-01 6.260275244712829590e-01 9.484103322029113770e-01 4.059474766254425049e-01 5.309191346168518066e-01 5.691103339195251465e-01 1.644845157861709595e-01 5.642002820968627930e-01
8.219090700149536133e-01 5.075433254241943359e-01 7.901386022567749023e-01 5.852057337760925293e-01 8.226886987686157227e-01 0.000000000000000000e+00 7.898316979408264160e-01 3.900238573551177979e-01 5.869778990745544434e-01 8.392991423606872559e-01 8.391852974891662598e-01 3.213744610548019409e-02
4.593849927186965942e-02 8.092633634805679321e-02 7.350450754165649414e-01 3.452140092849731445e-02 9.404550194740295410e-01 0.000000000000000000e+00 1.340755820274353027e-01 1.380330026149749756e-01 3.269262015819549561e-01 1.827081590890884399e-01 9.535872936248779297e-01 7.338941562920808792e-03
3.857499957084655762e-01 8.264999985694885254e-01 8.447499871253967285e-01 1.167500019073486328e-01 1.217499971389770508e-01 5.389075279235839844e-01 4.195250570774078369e-01 6.905431747436523438e-01 6.297923922538757324e-01 1.310259997844696045e-01 1.483514606952667236e-01 2.275192141532897949e-01
1.502500027418136597e-01 6.945000290870666504e-01 7.067499756813049316e-01 2.177499979734420776e-01 9.425000101327896118e-02 7.354224920272827148e-01 1.312279254198074341e-01 6.689800024032592773e-01 6.716676950454711914e-01 1.893942058086395264e-01 1.194252297282218933e-01 8.317698836326599121e-01
4.422500133514404297e-01 1.764999926090240479e-01 4.402500092983245850e-01 1.772499978542327881e-01 7.625000178813934326e-02 4.319874942302703857e-01 4.427373409271240234e-01 2.065603882074356079e-01 3.994782567024230957e-01 1.290728598833084106e-01 6.386136263608932495e-02 2.987467348575592041e-01
5.852394104003906250e-01 3.482328355312347412e-01 8.195108771324157715e-01 4.694684743881225586e-01 3.454196751117706299e-01 0.000000000000000000e+00 5.561804175376892090e-01 2.499346882104873657e-01 5.567681193351745605e-01 6.025711297988891602e-01 4.010386466979980469e-01 5.262545496225357056e-02
9.414774179458618164e-01 1.926753371953964233e-01 5.920578241348266602e-01 9.857454895973205566e-01 6.930367946624755859e-01 0.000000000000000000e+00 9.410386085510253906e-01 2.942894697189331055e-01 6.740644574165344238e-01 9.349877238273620605e-01 7.677846550941467285e-01 2.808543480932712555e-02
1.782499998807907104e-01 5.178333520889282227e-01 6.672499775886535645e-01 5.974999815225601196e-02 6.962500214576721191e-01 1.567675024271011353e-01 2.146895527839660645e-01 5.341306328773498535e-01 6.547622084617614746e-01 1.802781671285629272e-01 6.749822497367858887e-01 1.232958808541297913e-01
5.967500209808349609e-01 5.328333377838134766e-01 5.092499852180480957e-01 5.947499871253967285e-01 3.992500007152557373e-01 3.740724921226501465e-01 6.683498024940490723e-01 5.471788644790649414e-01 4.596221446990966797e-01 4.919575452804565430e-01 3.978998661041259766e-01 2.776640653610229492e-01
6.755622625350952148e-01 8.391544818878173828e-01 6.568212509155273438e-01 5.302487611770629883e-01 4.117851555347442627e-01 0.000000000000000000e+00 6.891007423400878906e-01 8.922176361083984375e-01 3.124167323112487793e-01 7.048713564872741699e-01 4.563858807086944580e-01 5.581926088780164719e-03
3.957361578941345215e-01 4.737283289432525635e-02 1.352940034121274948e-02 9.590797424316406250e-01 3.863187432289123535e-01 0.000000000000000000e+00 4.373140931129455566e-01 2.301712632179260254e-01 3.232426941394805908e-01 6.013818383216857910e-01 4.100185334682464600e-01 7.938168942928314209e-02
7.037500143051147461e-01 2.081666737794876099e-01 5.124999955296516418e-02 8.377500176429748535e-01 9.057499766349792480e-01 5.740525126457214355e-01 6.354861259460449219e-01 2.482568174600601196e-01 2.277175039052963257e-01 7.455250620841979980e-01 8.717379570007324219e-01 4.719053208827972412e-01
8.997499942779541016e-01 3.171666562557220459e-01 7.972499728202819824e-01 1.452499926090240479e-01 7.557500004768371582e-01 8.012574911117553711e-01 8.797512650489807129e-01 3.439547419548034668e-01 6.759860515594482422e-01 2.234451919794082642e-01 7.241950035095214844e-01 7.061135768890380859e-01
2.263634502887725830e-01 8.586783409118652344e-01 4.007301628589630127e-01 3.392794430255889893e-01 5.733811259269714355e-01 0.000000000000000000e+00 1.990940123796463013e-01 8.183965682983398438e-01 3.687881827354431152e-01 3.875723779201507568e-01 5.752650499343872070e-01 3.567127743735909462e-03
6.597499847412109375e-01 2.834999859333038330e-01 8.867499828338623047e-01 8.802499771118164062e-01 9.377499818801879883e-01 3.235825002193450928e-01 7.225852608680725098e-01 2.359092980623245239e-01 8.145876526832580566e-01 8.658178448677062988e-01 9.288817048072814941e-01 1.939287632703781128e-01
9.358225464820861816e-01 4.993511736392974854e-01 1.733384430408477783e-01 6.900889873504638672e-01 5.496165752410888672e-01 0.000000000000000000e+00 8.914939761161804199e-01 7.131242752075195312e-01 3.179297745227813721e-01 6.960790157318115234e-01 5.251463055610656738e-01 3.864986449480056763e-02
3.842499852180480957e-01 7.928333282470703125e-01 6.317499876022338867e-01 7.692499756813049316e-01 8.192499876022338867e-01 7.433425188064575195e-01 3.959587216377258301e-01 7.509683370590209961e-01 6.960948109626770020e-01 7.868927717208862305e-01 8.452066779136657715e-01 6.544247865676879883e-01
7.334149908274412155e-03 2.485386729240417480e-01 2.631715238094329834e-01 8.559389114379882812e-01 8.016552925109863281e-01 0.000000000000000000e+00 8.367166668176651001e-02 4.438795447349548340e-01 6.277651190757751465e-01 5.680468082427978516e-01 8.020940423011779785e-01 7.754177600145339966e-02
8.162500262260437012e-01 6.061666607856750488e-01 4.707500040531158447e-01 2.437500059604644775e-01 1.947499960660934448e-01 3.300175070762634277e-01 8.566945195198059082e-01 5.443202257156372070e-01 2.947900593280792236e-01 3.303373157978057861e-01 2.064095735549926758e-01 2.910793423652648926e-01
5.593683719635009766e-01 7.055149972438812256e-02 6.432448625564575195e-01 7.936303615570068359e-01 3.557067811489105225e-01 0.000000000000000000e+00 6.291145086288452148e-01 2.614149749279022217e-01 6.513958573341369629e-01 7.023438811302185059e-01 3.480702638626098633e-01 4.441691562533378601e-02
2.219385504722595215e-01 3.722808361053466797e-01 5.948340296745300293e-01 5.391247272491455078e-01 9.159309267997741699e-01 0.000000000000000000e+00 2.315372675657272339e-01 2.719558477401733398e-01 5.987360477447509766e-01 5.342442989349365234e-01 8.905448913574218750e-01 4.136984702199697495e-03
8.162500262260437012e-01 6.061666607856750488e-01 4.707500040531158447e-01 2.437500059604644775e-01 1.947499960660934448e-01 3.300175070762634277e-01 8.566945195198059082e-01 5.443202257156372070e-01 2.947900593280792236e-01 3.303373157978057861e-01 2.064095735549926758e-01 2.910793423652648926e-01
8.725000172853469849e-02 5.738333463668823242e-01 8.117499947547912598e-01 8.967499732971191406e-01 4.697499871253967285e-01 8.616474866867065430e-01 6.971681863069534302e-02 5.328512787818908691e-01 8.002980947494506836e-01 8.130698204040527344e-01 4.723584353923797607e-01 7.466103434562683105e-01
5.259301662445068359e-01 7.937790155410766602e-01 4.315250087529420853e-03 5.767177343368530273e-01 6.950347870588302612e-02 0.000000000000000000e+00 4.701371788978576660e-01 8.961135745048522949e-01 1.231216937303543091e-01 4.258309304714202881e-01 6.070604547858238220e-02 5.117935361340641975e-04
8.379166126251220703e-01 6.553233414888381958e-02 2.018457464873790741e-02 2.756375074386596680e-01 6.137347221374511719e-01 0.000000000000000000e+00 7.193539738655090332e-01 2.172255963087081909e-01 4.317207932472229004e-01 2.119134664535522461e-01 5.950044393539428711e-01 2.129071392118930817e-02
2.257624715566635132e-01 9.712499566376209259e-03 5.480284690856933594e-01 8.567779660224914551e-01 9.252411127090454102e-01 0.000000000000000000e+00 3.704445958137512207e-01 2.598982751369476318e-01 4.934248924255371094e-01 6.636446714401245117e-01 8.902115821838378906e-01 4.516967013478279114e-02
4.039419591426849365e-01 8.480750024318695068e-02 6.638957858085632324e-01 4.836719930171966553e-01 8.769996166229248047e-01 0.000000000000000000e+00 5.816861987113952637e-01 2.684199213981628418e-01 4.587827622890472412e-01 3.564642071723937988e-01 8.817837238311767578e-01 5.343440920114517212e-02
3.262365460395812988e-01 7.401034832000732422e-01 7.043677568435668945e-01 8.369240760803222656e-01 3.483874797821044922e-01 0.000000000000000000e+00 3.025163710117340088e-01 6.650385856628417969e-01 7.548297643661499023e-01 8.318225145339965820e-01 3.475144803524017334e-01 4.871678724884986877e-02
6.820532083511352539e-01 9.846616387367248535e-01 8.647182583808898926e-01 2.522060275077819824e-01 9.729104638099670410e-01 0.000000000000000000e+00 7.224691510200500488e-01 7.803442478179931641e-01 5.397441387176513672e-01 1.800707280635833740e-01 9.304355978965759277e-01 1.464003510773181915e-02
1.782499998807907104e-01 5.178333520889282227e-01 6.672499775886535645e-01 5.974999815225601196e-02 6.962500214576721191e-01 1.567675024271011353e-01 2.146895527839660645e-01 5.341306328773498535e-01 6.547622084617614746e-01 1.802781671285629272e-01 6.749822497367858887e-01 1.232958808541297913e-01
7.152500152587890625e-01 2.968333363533020020e-01 3.749999916180968285e-03 2.847500145435333252e-01 3.277499973773956299e-01 7.621524930000305176e-01 6.541913747787475586e-01 2.999218404293060303e-01 1.462169289588928223e-01 1.577225327491760254e-01 3.047644495964050293e-01 5.280188918113708496e-01
3.044593930244445801e-01 7.061233520507812500e-01 5.048558115959167480e-01 9.641940593719482422e-01 1.542669981718063354e-01 0.000000000000000000e+00 3.133427798748016357e-01 7.469953298568725586e-01 6.140218973159790039e-01 8.062248229980468750e-01 8.453265577554702759e-02 1.888046390376985073e-03
5.237500071525573730e-01 5.421666502952575684e-01 4.572499990463256836e-01 7.225000113248825073e-02 6.075000017881393433e-02 4.884175062179565430e-01 4.890669882297515869e-01 3.985364139080047607e-01 3.072285652160644531e-01 1.242118701338768005e-01 8.207210153341293335e-02 3.231406211853027344e-01
9.192500114440917969e-01 4.514999985694885254e-01 6.262500286102294922e-01 7.275000214576721191e-02 7.157499790191650391e-01 9.665874838829040527e-01 8.761587142944335938e-01 4.858245551586151123e-01 5.285284519195556641e-01 2.066991627216339111e-01 6.949606537818908691e-01 7.222883701324462891e-01
6.424999982118606567e-02 3.221666812896728516e-01 1.432500034570693970e-01 9.674999862909317017e-02 7.162500023841857910e-01 4.161475002765655518e-01 1.210595890879631042e-01 4.424796402454376221e-01 2.638651728630065918e-01 2.743750810623168945e-01 7.136036157608032227e-01 4.073184728622436523e-01
6.664533615112304688e-01 6.055076718330383301e-01 6.866016387939453125e-01 5.690432786941528320e-01 8.742089271545410156e-01 0.000000000000000000e+00 7.052553892135620117e-01 4.032236337661743164e-01 5.679910182952880859e-01 4.502885937690734863e-01 9.073706269264221191e-01 6.023872643709182739e-02
7.922499775886535645e-01 2.451666593551635742e-01 2.677499949932098389e-01 3.075000084936618805e-02 9.747499823570251465e-01 6.052374839782714844e-01 7.255282402038574219e-01 3.660066127777099609e-01 3.179636895656585693e-01 1.736249029636383057e-01 9.085191488265991211e-01 4.455337822437286377e-01
2.379783540964126587e-01 1.753599941730499268e-01 2.792842686176300049e-01 3.164400113746523857e-03 1.492885947227478027e-01 0.000000000000000000e+00 1.839969307184219360e-01 1.827769279479980469e-01 4.105331599712371826e-01 2.244240231812000275e-02 1.206504851579666138e-01 1.972580701112747192e-02
6.677500009536743164e-01 6.388333439826965332e-01 2.257499992847442627e-01 1.757500022649765015e-01 1.952500045299530029e-01 1.676574945449829102e-01 6.494434475898742676e-01 6.535607576370239258e-01 2.175569981336593628e-01 2.256407141685485840e-01 2.024095356464385986e-01 7.159143686294555664e-02
8.785096406936645508e-01 9.726383537054061890e-02 6.412742137908935547e-01 5.867290496826171875e-01 3.897567689418792725e-01 0.000000000000000000e+00 8.223586082458496094e-01 2.967283725738525391e-01 7.258291840553283691e-01 8.103504180908203125e-01 4.477976262569427490e-01 1.096389740705490112e-01
8.697500228881835938e-01 5.304999947547912598e-01 9.707499742507934570e-01 6.927499771118164062e-01 5.352500081062316895e-01 6.816250085830688477e-02 9.266922473907470703e-01 4.098426103591918945e-01 7.233157753944396973e-01 7.948690652847290039e-01 5.570636987686157227e-01 1.527786701917648315e-01
8.725000172853469849e-02 5.738333463668823242e-01 8.117499947547912598e-01 8.967499732971191406e-01 4.697499871253967285e-01 8.616474866867065430e-01 6.971681863069534302e-02 5.328512787818908691e-01 8.002980947494506836e-01 8.130698204040527344e-01 4.723584353923797607e-01 7.466103434562683105e-01
7.170094251632690430e-01 3.087610006332397461e-01 5.909007787704467773e-01 7.091606855392456055e-01 7.575578689575195312e-01 0.000000000000000000e+00 6.932289004325866699e-01 1.379973143339157104e-01 6.485494375228881836e-01 6.495518088340759277e-01 8.069689869880676270e-01 4.710764158517122269e-03
5.478864908218383789e-02 4.886809885501861572e-01 9.755693078041076660e-01 7.467260956764221191e-01 4.751343131065368652e-01 0.000000000000000000e+00 2.635336481034755707e-02 3.873593807220458984e-01 9.059271216392517090e-01 8.178996443748474121e-01 4.812063872814178467e-01 6.338573247194290161e-02
1.492500007152557373e-01 5.341666936874389648e-01 2.392500042915344238e-01 5.562499761581420898e-01 3.927499949932098389e-01 8.977825045585632324e-01 1.626140475273132324e-01 5.363134145736694336e-01 1.767286211252212524e-01 4.760640263557434082e-01 4.041700065135955811e-01 9.130917787551879883e-01
9.202227592468261719e-01 3.655688464641571045e-01 5.650969743728637695e-01 3.665153384208679199e-01 2.911033332347869873e-01 0.000000000000000000e+00 9.502984881401062012e-01 6.854010224342346191e-01 3.268340229988098145e-01 5.684685111045837402e-01 3.260115087032318115e-01 3.004102967679500580e-02
1.617500036954879761e-01 3.955000042915344238e-01 7.982500195503234863e-01 6.612499952316284180e-01 5.727499723434448242e-01 7.512624859809875488e-01 1.457496434450149536e-01 3.834128975868225098e-01 7.057313323020935059e-01 7.600603103637695312e-01 5.684037208557128906e-01 6.536480784416198730e-01
3.097499907016754150e-01 5.391666889190673828e-01 8.897500038146972656e-01 1.025000028312206268e-02 7.647500038146972656e-01 5.785074830055236816e-01 2.797596752643585205e-01 5.522536635398864746e-01 7.616786360740661621e-01 1.841848790645599365e-01 7.677739262580871582e-01 4.684820771217346191e-01
1.832499951124191284e-01 1.901666671037673950e-01 9.902499914169311523e-01 3.447499871253967285e-01 4.292500019073486328e-01 1.518175005912780762e-01 1.838018596172332764e-01 2.543080151081085205e-01 8.746118545532226562e-01 3.211737573146820068e-01 3.773142099380493164e-01 3.137346729636192322e-02
8.942499756813049316e-01 6.038333177566528320e-01 5.497499704360961914e-01 4.132499992847442627e-01 4.922499954700469971e-01 4.413925111293792725e-01 9.062815308570861816e-01 5.985388159751892090e-01 4.945496916770935059e-01 4.055340588092803955e-01 5.140224099159240723e-01 2.472470551729202271e-01
9.180852770805358887e-01 2.394414991140365601e-01 4.231017231941223145e-01 1.375752687454223633e-01 9.433704018592834473e-01 0.000000000000000000e+00 8.267840743064880371e-01 4.250399172306060791e-01 5.776328444480895996e-01 3.115140497684478760e-01 9.020311236381530762e-01 1.153336018323898315e-01
3.617500066757202148e-01 1.958333402872085571e-01 1.767500042915344238e-01 4.187499880790710449e-01 8.402500152587890625e-01 6.616675257682800293e-01 3.344670832157135010e-01 3.700972795486450195e-01 3.054978847503662109e-01 5.340691208839416504e-01 7.879229784011840820e-01 7.605220675468444824e-01
9.867194294929504395e-01 4.810321629047393799e-01 7.402859330177307129e-01 1.550721824169158936e-01 9.099890291690826416e-02 0.000000000000000000e+00 8.303062319755554199e-01 6.281281113624572754e-01 5.160201787948608398e-01 5.663468837738037109e-01 8.319385349750518799e-02 1.328195910900831223e-02
5.554996132850646973e-01 8.603335022926330566e-01 4.002852141857147217e-01 5.490880012512207031e-01 9.598886370658874512e-01 0.000000000000000000e+00 5.861824154853820801e-01 7.828777432441711426e-01 4.064956307411193848e-01 3.763043880462646484e-01 9.152558445930480957e-01 2.787964604794979095e-02
5.967500209808349609e-01 5.328333377838134766e-01 5.092499852180480957e-01 5.947499871253967285e-01 3.992500007152557373e-01 3.740724921226501465e-01 6.683498024940490723e-01 5.471788644790649414e-01 4.596221446990966797e-01 4.919575452804565430e-01 3.978998661041259766e-01 2.776640653610229492e-01
6.927499771118164062e-01 6.318333148956298828e-01 3.787499964237213135e-01 6.617500185966491699e-01 3.747499883174896240e-01 4.196124970912933350e-01 7.183616757392883301e-01 6.623769402503967285e-01 4.437746405601501465e-01 5.965687036514282227e-01 3.746386766433715820e-01 2.530626356601715088e-01
5.117142796516418457e-01 9.694378376007080078e-01 5.297704339027404785e-01 3.098536431789398193e-01 2.778385579586029053e-01 0.000000000000000000e+00 4.642058312892913818e-01 8.703311085700988770e-01 2.943040430545806885e-01 4.301514923572540283e-01 2.603618502616882324e-01 7.233007345348596573e-03
6.192339658737182617e-01 8.701081871986389160e-01 3.138433694839477539e-01 7.600952982902526855e-01 8.252922892570495605e-01 0.000000000000000000e+00 5.692061781883239746e-01 7.855501174926757812e-01 2.016783356666564941e-01 8.580167293548583984e-01 8.291126489639282227e-01 3.394785150885581970e-02
3.842499852180480957e-01 7.928333282470703125e-01 6.317499876022338867e-01 7.692499756813049316e-01 8.192499876022338867e-01 7.433425188064575195e-01 3.959587216377258301e-01 7.509683370590209961e-01 6.960948109626770020e-01 7.868927717208862305e-01 8.452066779136657715e-01 6.544247865676879883e-01
1.117499992251396179e-01 3.808333277702331543e-01 1.052500009536743164e-01 5.272499918937683105e-01 7.074999809265136719e-02 1.810224950313568115e-01 1.374514698982238770e-01 3.049782514572143555e-01 1.307238787412643433e-01 3.671231567859649658e-01 6.749560683965682983e-02 4.282730445265769958e-02
5.411283969879150391e-01 9.812133014202117920e-02 3.634599149227142334e-01 3.207432329654693604e-01 7.892357110977172852e-01 0.000000000000000000e+00 4.782589375972747803e-01 2.218874096870422363e-01 6.039855480194091797e-01 3.263919353485107422e-01 8.077455759048461914e-01 1.927074231207370758e-02
8.725000172853469849e-02 5.738333463668823242e-01 8.117499947547912598e-01 8.967499732971191406e-01 4.697499871253967285e-01 8.616474866867065430e-01 6.971681863069534302e-02 5.328512787818908691e-01 8.002980947494506836e-01 8.130698204040527344e-01 4.723584353923797607e-01 7.466103434562683105e-01
1.832499951124191284e-01 1.901666671037673950e-01 9.902499914169311523e-01 3.447499871253967285e-01 4.292500019073486328e-01 1.518175005912780762e-01 1.838018596172332764e-01 2.543080151081085205e-01 8.746118545532226562e-01 3.211737573146820068e-01 3.773142099380493164e-01 3.137346729636192322e-02
3.904136419296264648e-01 1.687979996204376221e-01 6.164934635162353516e-01 3.129923939704895020e-01 1.402392983436584473e-01 0.000000000000000000e+00 3.774123191833496094e-01 2.712196409702301025e-01 3.870015740394592285e-01 4.733074605464935303e-01 1.098661646246910095e-01 3.417465835809707642e-02
5.857499837875366211e-01 5.264999866485595703e-01 9.624999761581420898e-02 1.667499989271163940e-01 6.437500119209289551e-01 8.067024946212768555e-01 5.412366390228271484e-01 4.918991029262542725e-01 1.743465662002563477e-01 1.693001091480255127e-01 6.637507677078247070e-01 7.326713800430297852e-01
2.367500066757202148e-01 5.378333330154418945e-01 3.197500109672546387e-01 2.102500051259994507e-01 3.602499961853027344e-01 9.784675240516662598e-01 2.054831534624099731e-01 5.117511749267578125e-01 3.015227019786834717e-01 2.668662369251251221e-01 3.590816855430603027e-01 9.188682436943054199e-01
7.262499928474426270e-01 3.008333444595336914e-01 2.924999967217445374e-02 6.517500281333923340e-01 3.974999859929084778e-02 5.527675151824951172e-01 7.346823215484619141e-01 3.809643387794494629e-01 1.819541305303573608e-01 4.037063121795654297e-01 5.656735971570014954e-02 1.523489207029342651e-01
9.367499947547912598e-01 3.151666522026062012e-01 9.037500023841857910e-01 7.222499847412109375e-01 3.497500121593475342e-01 3.810024857521057129e-01 9.141893386840820312e-01 2.901584804058074951e-01 8.347706794738769531e-01 7.820861935615539551e-01 3.438428044319152832e-01 2.177401930093765259e-01
3.424999862909317017e-02 4.754999876022338867e-01 7.697499990463256836e-01 2.577500045299530029e-01 8.107500076293945312e-01 5.834575295448303223e-01 8.356444537639617920e-02 4.301866888999938965e-01 6.136820316314697266e-01 3.982145488262176514e-01 8.148924708366394043e-01 2.169696241617202759e-01
1.508824992924928665e-03 7.002783417701721191e-01 5.976430773735046387e-01 6.044479012489318848e-01 3.526723086833953857e-01 0.000000000000000000e+00 5.433618091046810150e-03 8.116764426231384277e-01 7.814158201217651367e-01 7.202568054199218750e-01 3.510915637016296387e-01 1.739465398713946342e-03
4.384744912385940552e-02 2.842566668987274170e-01 4.268227219581604004e-01 5.953324437141418457e-01 4.344050884246826172e-01 0.000000000000000000e+00 5.815163627266883850e-02 3.354098200798034668e-01 7.126099467277526855e-01 4.497335255146026611e-01 4.549258053302764893e-01 1.563697680830955505e-02
3.424999862909317017e-02 4.754999876022338867e-01 7.697499990463256836e-01 2.577500045299530029e-01 8.107500076293945312e-01 5.834575295448303223e-01 8.356444537639617920e-02 4.301866888999938965e-01 6.136820316314697266e-01 3.982145488262176514e-01 8.148924708366394043e-01 2.169696241617202759e-01
9.367499947547912598e-01 3.151666522026062012e-01 9.037500023841857910e-01 7.222499847412109375e-01 3.497500121593475342e-01 3.810024857521057129e-01 9.141893386840820312e-01 2.901584804058074951e-01 8.347706794738769531e-01 7.820861935615539551e-01 3.438428044319152832e-01 2.177401930093765259e-01
1.617500036954879761e-01 3.955000042915344238e-01 7.982500195503234863e-01 6.612499952316284180e-01 5.727499723434448242e-01 7.512624859809875488e-01 1.457496434450149536e-01 3.834128975868225098e-01 7.057313323020935059e-01 7.600603103637695312e-01 5.684037208557128906e-01 6.536480784416198730e-01
9.992499947547912598e-01 2.108333259820938110e-01 4.542500078678131104e-01 9.667500257492065430e-01 7.722499966621398926e-01 5.196024775505065918e-01 9.223154187202453613e-01 2.564811706542968750e-01 5.987123847007751465e-01 8.427808880805969238e-01 7.871670126914978027e-01 4.329144656658172607e-01
1.562500000000000000e-01 2.598333358764648438e-01 1.867499947547912598e-01 7.337499856948852539e-01 2.272499948740005493e-01 8.548749983310699463e-02 1.908328831195831299e-01 3.057480454444885254e-01 2.888657748699188232e-01 6.043159961700439453e-01 1.759670525789260864e-01 7.442537695169448853e-02
2.542499899864196777e-01 5.245000123977661133e-01 5.952500104904174805e-01 8.477500081062316895e-01 5.725000053644180298e-02 4.290175139904022217e-01 2.796181440353393555e-01 3.487046658992767334e-01 5.345471501350402832e-01 6.200589537620544434e-01 7.793282717466354370e-02 1.164388433098793030e-01
6.927499771118164062e-01 6.318333148956298828e-01 3.787499964237213135e-01 6.617500185966491699e-01 3.747499883174896240e-01 4.196124970912933350e-01 7.183616757392883301e-01 6.623769402503967285e-01 4.437746405601501465e-01 5.965687036514282227e-01 3.746386766433715820e-01 2.530626356601715088e-01
2.492603808641433716e-01 2.122720032930374146e-01 4.074852466583251953e-01 1.224884986877441406e-01 6.186734437942504883e-01 0.000000000000000000e+00 2.539780139923095703e-01 2.036348283290863037e-01 2.994610071182250977e-01 1.413164585828781128e-01 6.352361440658569336e-01 9.317421354353427887e-03
1.775000058114528656e-02 2.228333353996276855e-01 6.617500185966491699e-01 5.175000056624412537e-02 1.687500029802322388e-01 7.329475283622741699e-01 1.164602115750312805e-02 1.966850906610488892e-01 7.496017217636108398e-01 9.930365532636642456e-02 9.483741223812103271e-02 8.197031617164611816e-01
4.174999892711639404e-02 7.754999995231628418e-01 2.872500121593475342e-01 9.377499818801879883e-01 2.587499916553497314e-01 1.557774990797042847e-01 4.794418439269065857e-02 7.814667820930480957e-01 2.885009646415710449e-01 9.363148808479309082e-01 3.210478425025939941e-01 1.854025013744831085e-02
1.492500007152557373e-01 5.341666936874389648e-01 2.392500042915344238e-01 5.562499761581420898e-01 3.927499949932098389e-01 8.977825045585632324e-01 1.626140475273132324e-01 5.363134145736694336e-01 1.767286211252212524e-01 4.760640263557434082e-01 4.041700065135955811e-01 9.130917787551879883e-01
9.087476730346679688e-01 6.571664810180664062e-01 1.150479242205619812e-01 9.249930977821350098e-01 8.929375410079956055e-01 0.000000000000000000e+00 8.909828662872314453e-01 7.283884882926940918e-01 3.017043769359588623e-01 8.134559988975524902e-01 8.986362814903259277e-01 1.079028770327568054e-01
3.402499854564666748e-01 7.441666722297668457e-01 1.987500041723251343e-01 1.917500048875808716e-01 2.012500017881393433e-01 2.968524992465972900e-01 3.497060835361480713e-01 7.057420611381530762e-01 1.933300048112869263e-01 2.413241267204284668e-01 2.323625087738037109e-01 2.430465221405029297e-01
9.942499995231628418e-01 2.911666631698608398e-01 8.725000172853469849e-02 9.897500276565551758e-01 3.057500123977661133e-01 6.082075238227844238e-01 9.414109587669372559e-01 4.025142490863800049e-01 2.164048403501510620e-01 7.851244211196899414e-01 2.673292756080627441e-01 3.990326523780822754e-01
1.617500036954879761e-01 3.955000042915344238e-01 7.982500195503234863e-01 6.612499952316284180e-01 5.727499723434448242e-01 7.512624859809875488e-01 1.457496434450149536e-01 3.834128975868225098e-01 7.057313323020935059e-01 7.600603103637695312e-01 5.684037208557128906e-01 6.536480784416198730e-01
8.425000309944152832e-02 3.655000030994415283e-01 1.875000074505805969e-02 4.672499895095825195e-01 2.232500016689300537e-01 3.839724957942962646e-01 1.254950463771820068e-01 4.707156121730804443e-01 1.461561024188995361e-01 5.108930468559265137e-01 1.654895097017288208e-01 4.226414561271667480e-01
7.725663185119628906e-01 1.538449972867965698e-01 2.931919395923614502e-01 5.974439382553100586e-01 8.192507177591323853e-02 0.000000000000000000e+00 7.331538796424865723e-01 4.086807370185852051e-01 3.958007395267486572e-01 5.230323076248168945e-01 6.761154532432556152e-02 7.681742310523986816e-03
4.321062564849853516e-02 9.275056719779968262e-01 9.519277811050415039e-01 6.778772473335266113e-01 6.853951811790466309e-01 0.000000000000000000e+00 2.573003433644771576e-02 7.213990092277526855e-01 6.198964118957519531e-01 5.399788618087768555e-01 7.323753237724304199e-01 2.599716745316982269e-02
7.964700460433959961e-01 1.805018335580825806e-01 3.344194963574409485e-02 6.494277715682983398e-01 9.344481229782104492e-01 0.000000000000000000e+00 7.895780801773071289e-01 3.560831248760223389e-01 3.476870656013488770e-01 3.626586496829986572e-01 9.122198820114135742e-01 2.001053467392921448e-02
7.137500047683715820e-01 4.058333337306976318e-01 9.047499895095825195e-01 5.977500081062316895e-01 2.067500054836273193e-01 6.522625088691711426e-01 8.337953090667724609e-01 3.071324229240417480e-01 6.377042531967163086e-01 4.850305914878845215e-01 2.022569775581359863e-01 3.650021553039550781e-01
4.059399943798780441e-03 2.573159933090209961e-01 4.676587283611297607e-01 2.006423771381378174e-01 8.127120733261108398e-01 0.000000000000000000e+00 7.273256778717041016e-02 3.116407394409179688e-01 4.932538866996765137e-01 2.142899483442306519e-01 8.353375196456909180e-01 6.980312056839466095e-03
3.262365460395812988e-01 7.401034832000732422e-01 7.043677568435668945e-01 8.369240760803222656e-01 3.483874797821044922e-01 0.000000000000000000e+00 3.025163710117340088e-01 6.650385856628417969e-01 7.548297643661499023e-01 8.318225145339965820e-01 3.475144803524017334e-01 4.871678724884986877e-02
8.189046978950500488e-01 1.570623368024826050e-01 5.896124243736267090e-01 7.050543427467346191e-01 8.886267542839050293e-01 0.000000000000000000e+00 8.860949873924255371e-01 2.978968918323516846e-01 5.840472579002380371e-01 7.430007457733154297e-01 8.907083272933959961e-01 4.627947136759757996e-02
5.397499799728393555e-01 4.061666727066040039e-01 6.297500133514404297e-01 3.267500102519989014e-01 3.487499952316284180e-01 6.667750328779220581e-02 5.547677278518676758e-01 3.269937336444854736e-01 6.685476899147033691e-01 2.605756223201751709e-01 3.334589898586273193e-01 6.717278063297271729e-02
3.097499907016754150e-01 5.391666889190673828e-01 8.897500038146972656e-01 1.025000028312206268e-02 7.647500038146972656e-01 5.785074830055236816e-01 2.797596752643585205e-01 5.522536635398864746e-01 7.616786360740661621e-01 1.841848790645599365e-01 7.677739262580871582e-01 4.684820771217346191e-01
1.883883178234100342e-01 6.092464923858642578e-01 4.385839402675628662e-01 8.355630040168762207e-01 2.372871786355972290e-01 0.000000000000000000e+00 1.669844388961791992e-01 7.278541326522827148e-01 7.474576234817504883e-01 7.896108627319335938e-01 1.933652609586715698e-01 3.734943270683288574e-02
1.488208472728729248e-01 8.027989864349365234e-01 3.692497611045837402e-01 1.290072053670883179e-01 8.280524611473083496e-01 0.000000000000000000e+00 1.148658394813537598e-01 7.443663477897644043e-01 2.645560503005981445e-01 2.619800269603729248e-01 8.326461911201477051e-01 1.941744820214807987e-03
5.182499885559082031e-01 2.278333306312561035e-01 1.567499935626983643e-01 8.647500276565551758e-01 6.932500004768371582e-01 1.503324955701828003e-01 5.204784274101257324e-01 2.038137167692184448e-01 2.499581575393676758e-01 7.957379221916198730e-01 6.689437627792358398e-01 6.630528718233108521e-02
4.926214814186096191e-01 1.681416630744934082e-01 9.889731407165527344e-01 5.678075179457664490e-02 8.373938202857971191e-01 0.000000000000000000e+00 5.388839840888977051e-01 3.212890625000000000e-01 6.963993310928344727e-01 2.367819845676422119e-01 8.521448969841003418e-01 3.039603121578693390e-02
6.227499842643737793e-01 5.504999756813049316e-01 9.182500243186950684e-01 2.882499992847442627e-01 4.312500059604644775e-01 7.106724977493286133e-01 6.326172351837158203e-01 4.776231944561004639e-01 7.852850556373596191e-01 2.678577005863189697e-01 4.155861437320709229e-01 7.053943276405334473e-01
4.032500088214874268e-01 2.255000025033950806e-01 6.592500209808349609e-01 9.312499761581420898e-01 5.867499709129333496e-01 1.047924980521202087e-01 4.290815591812133789e-01 2.875525653362274170e-01 7.322131991386413574e-01 8.492546677589416504e-01 5.699702501296997070e-01 7.799675315618515015e-02
9.992499947547912598e-01 2.108333259820938110e-01 4.542500078678131104e-01 9.667500257492065430e-01 7.722499966621398926e-01 5.196024775505065918e-01 9.223154187202453613e-01 2.564811706542968750e-01 5.987123847007751465e-01 8.427808880805969238e-01 7.871670126914978027e-01 4.329144656658172607e-01
9.009368419647216797e-01 6.819628477096557617e-01 6.743131875991821289e-01 4.584649205207824707e-01 1.629077941179275513e-01 0.000000000000000000e+00 8.019908666610717773e-01 6.412826180458068848e-01 5.613020658493041992e-01 6.612724065780639648e-01 1.274685412645339966e-01 1.184497494250535965e-02
7.737500071525573730e-01 4.474999904632568359e-01 6.207500100135803223e-01 8.602499961853027344e-01 5.787500143051147461e-01 4.166424870491027832e-01 8.212025761604309082e-01 5.331145524978637695e-01 5.686525106430053711e-01 7.992262244224548340e-01 5.833021402359008789e-01 3.156673312187194824e-01
8.105162978172302246e-01 8.657500147819519043e-01 4.837487339973449707e-01 3.585310280323028564e-01 7.220298647880554199e-01 0.000000000000000000e+00 8.483126163482666016e-01 7.757756114006042480e-01 4.231896698474884033e-01 3.305293321609497070e-01 7.177593111991882324e-01 2.045493200421333313e-02
4.143097698688507080e-01 3.658391535282135010e-01 7.623326778411865234e-01 9.378862977027893066e-01 8.974674940109252930e-01 0.000000000000000000e+00 4.458111822605133057e-01 1.797585338354110718e-01 6.500126123428344727e-01 8.156810402870178223e-01 8.960483074188232422e-01 3.684782888740301132e-03
2.517499923706054688e-01 6.198333501815795898e-01 4.977500140666961670e-01 7.227500081062316895e-01 5.952500104904174805e-01 5.230674743652343750e-01 2.734706699848175049e-01 6.606373786926269531e-01 6.196810007095336914e-01 7.288031578063964844e-01 6.133211851119995117e-01 5.258328914642333984e-01
5.397499799728393555e-01 4.061666727066040039e-01 6.297500133514404297e-01 3.267500102519989014e-01 3.487499952316284180e-01 6.667750328779220581e-02 5.547677278518676758e-01 3.269937336444854736e-01 6.685476899147033691e-01 2.605756223201751709e-01 3.334589898586273193e-01 6.717278063297271729e-02
5.397499799728393555e-01 4.061666727066040039e-01 6.297500133514404297e-01 3.267500102519989014e-01 3.487499952316284180e-01 6.667750328779220581e-02 5.547677278518676758e-01 3.269937336444854736e-01 6.685476899147033691e-01 2.605756223201751709e-01 3.334589898586273193e-01 6.717278063297271729e-02
6.410224735736846924e-02 6.366235017776489258e-01 8.296120166778564453e-01 7.072929143905639648e-01 3.087641298770904541e-01 0.000000000000000000e+00 1.883361861109733582e-02 6.583018898963928223e-01 9.424383640289306641e-01 7.914205193519592285e-01 2.549579739570617676e-01 3.111598268151283264e-02
2.485440522432327271e-01 4.290833324193954468e-02 2.725380361080169678e-01 9.414276480674743652e-01 7.287734746932983398e-01 0.000000000000000000e+00 3.121427893638610840e-01 1.677437573671340942e-01 4.990204870700836182e-01 7.193567752838134766e-01 7.932453155517578125e-01 1.874956116080284119e-02
9.477499723434448242e-01 2.308333367109298706e-01 1.042499989271163940e-01 3.242500126361846924e-01 1.475000008940696716e-02 7.334424853324890137e-01 8.549132347106933594e-01 3.116813600063323975e-01 1.299418509006500244e-01 2.731801867485046387e-01 4.971813410520553589e-02 4.366028606891632080e-01
5.967500209808349609e-01 5.328333377838134766e-01 5.092499852180480957e-01 5.947499871253967285e-01 3.992500007152557373e-01 3.740724921226501465e-01 6.683498024940490723e-01 5.471788644790649414e-01 4.596221446990966797e-01 4.919575452804565430e-01 3.978998661041259766e-01 2.776640653610229492e-01
4.351801872253417969e-01 8.258398175239562988e-01 4.795275162905454636e-03 4.533871710300445557e-01 5.826061367988586426e-01 0.000000000000000000e+00 4.068470001220703125e-01 9.657937288284301758e-01 6.956560164690017700e-02 5.049328207969665527e-01 5.670560598373413086e-01 2.267988631501793861e-03
3.957499861717224121e-01 2.851666808128356934e-01 4.972499907016754150e-01 6.037499904632568359e-01 7.942500114440917969e-01 1.310275048017501831e-01 4.272012710571289062e-01 3.406921029090881348e-01 5.254444479942321777e-01 7.043980360031127930e-01 7.699790596961975098e-01 9.754656255245208740e-02
5.475172996520996094e-01 1.094561666250228882e-01 1.490398794412612915e-01 5.596988797187805176e-01 3.820832446217536926e-02 0.000000000000000000e+00 4.150536060333251953e-01 2.123554199934005737e-01 4.630063474178314209e-01 4.448562860488891602e-01 4.763438180088996887e-02 1.832353882491588593e-02
2.320932447910308838e-01 5.787788629531860352e-01 4.717463552951812744e-01 5.210282802581787109e-01 7.655609250068664551e-01 0.000000000000000000e+00 2.045406550168991089e-01 7.107239961624145508e-01 7.300519943237304688e-01 5.580390095710754395e-01 7.983444333076477051e-01 3.067026846110820770e-02
9.585135579109191895e-01 8.589776754379272461e-01 9.835363030433654785e-01 6.763657331466674805e-01 5.999417901039123535e-01 0.000000000000000000e+00 9.696671366691589355e-01 7.648873329162597656e-01 6.785071492195129395e-01 8.707648515701293945e-01 6.085419058799743652e-01 1.596275530755519867e-02
7.152500152587890625e-01 2.968333363533020020e-01 3.749999916180968285e-03 2.847500145435333252e-01 3.277499973773956299e-01 7.621524930000305176e-01 6.541913747787475586e-01 2.999218404293060303e-01 1.462169289588928223e-01 1.577225327491760254e-01 3.047644495964050293e-01 5.280188918113708496e-01
8.281154632568359375e-01 6.533380150794982910e-01 4.902095198631286621e-01 2.763429880142211914e-01 7.002606391906738281e-01 0.000000000000000000e+00 8.073587417602539062e-01 6.201999783515930176e-01 3.249421417713165283e-01 3.357702493667602539e-01 7.202549576759338379e-01 5.343249067664146423e-02
4.379580318927764893e-01 8.777679800987243652e-01 4.589239880442619324e-02 2.553937733173370361e-01 5.623791813850402832e-01 0.000000000000000000e+00 4.122149944305419922e-01 9.500887393951416016e-01 1.069665402173995972e-01 2.424200922250747681e-01 5.552271008491516113e-01 6.918450817465782166e-03
7.203670740127563477e-01 7.525596618652343750e-01 4.173942506313323975e-01 3.036204911768436432e-02 8.825812935829162598e-01 0.000000000000000000e+00 6.521597504615783691e-01 7.228012681007385254e-01 3.042284548282623291e-01 1.781425476074218750e-01 8.872802257537841797e-01 5.140832625329494476e-03
4.891641438007354736e-01 4.566740095615386963e-01 1.110294759273529053e-01 1.771728545427322388e-01 5.581558346748352051e-01 0.000000000000000000e+00 4.758686721324920654e-01 6.144288778305053711e-01 1.984322220087051392e-01 1.428698450326919556e-01 5.082048773765563965e-01 4.478622600436210632e-02
1.617500036954879761e-01 3.955000042915344238e-01 7.982500195503234863e-01 6.612499952316284180e-01 5.727499723434448242e-01 7.512624859809875488e-01 1.457496434450149536e-01 3.834128975868225098e-01 7.057313323020935059e-01 7.600603103637695312e-01 5.684037208557128906e-01 6.536480784416198730e-01
7.737500071525573730e-01 4.474999904632568359e-01 6.207500100135803223e-01 8.602499961853027344e-01 5.787500143051147461e-01 4.166424870491027832e-01 8.212025761604309082e-01 5.331145524978637695e-01 5.686525106430053711e-01 7.992262244224548340e-01 5.833021402359008789e-01 3.156673312187194824e-01
8.697500228881835938e-01 5.304999947547912598e-01 9.707499742507934570e-01 6.927499771118164062e-01 5.352500081062316895e-01 6.816250085830688477e-02 9.266922473907470703e-01 4.098426103591918945e-01 7.233157753944396973e-01 7.948690652847290039e-01 5.570636987686157227e-01 1.527786701917648315e-01
3.887591063976287842e-01 5.021616816520690918e-02 9.356908202171325684e-01 2.604702115058898926e-01 8.571042418479919434e-01 0.000000000000000000e+00 4.620000123977661133e-01 1.672788411378860474e-01 6.703175306320190430e-01 3.536487221717834473e-01 8.648567795753479004e-01 6.966031622141599655e-03
4.377500116825103760e-01 3.538333475589752197e-01 5.725000053644180298e-02 3.642500042915344238e-01 2.675000019371509552e-02 4.453524947166442871e-01 4.228012263774871826e-01 3.488244414329528809e-01 1.627362221479415894e-01 2.708706855773925781e-01 5.706942453980445862e-02 2.257147580385208130e-01
9.684153795242309570e-01 4.805845022201538086e-01 2.790098488330841064e-01 8.128200769424438477e-01 8.706594705581665039e-01 0.000000000000000000e+00 8.574692606925964355e-01 5.559879541397094727e-01 4.288377165794372559e-01 8.853025436401367188e-01 8.705058693885803223e-01 9.802719205617904663e-02
4.649969935417175293e-02 3.675756752490997314e-01 5.006108283996582031e-01 5.769520401954650879e-01 1.514603495597839355e-01 0.000000000000000000e+00 1.993365213274955750e-02 4.212912321090698242e-01 8.947184085845947266e-01 4.758841693401336670e-01 1.278026252985000610e-01 1.051371172070503235e-02
9.685105085372924805e-02 8.645210266113281250e-01 4.161625504493713379e-01 2.879180908203125000e-01 9.989785552024841309e-01 0.000000000000000000e+00 9.242587536573410034e-02 7.719926238059997559e-01 3.752072751522064209e-01 1.436240077018737793e-01 9.646378159523010254e-01 1.361979055218398571e-03
2.262337952852249146e-01 7.522816658020019531e-01 2.240040004253387451e-01 6.642978787422180176e-01 3.074498772621154785e-01 0.000000000000000000e+00 2.207915633916854858e-01 8.392859697341918945e-01 3.770196139812469482e-01 5.520457029342651367e-01 2.867982089519500732e-01 1.548303477466106415e-02
9.250000119209289551e-03 6.671666502952575684e-01 8.472499847412109375e-01 4.362500011920928955e-01 1.627500057220458984e-01 2.226025015115737915e-01 2.230679802596569061e-02 6.313010454177856445e-01 7.849996089935302734e-01 4.628594815731048584e-01 2.421301901340484619e-01 1.142090335488319397e-01
1.832499951124191284e-01 1.901666671037673950e-01 9.902499914169311523e-01 3.447499871253967285e-01 4.292500019073486328e-01 1.518175005912780762e-01 1.838018596172332764e-01 2.543080151081085205e-01 8.746118545532226562e-01 3.211737573146820068e-01 3.773142099380493164e-01 3.137346729636192322e-02
9.869201779365539551e-01 9.056841731071472168e-01 5.983942151069641113e-01 5.878008604049682617e-01 5.379130840301513672e-01 0.000000000000000000e+00 9.166024327278137207e-01 8.905580639839172363e-01 4.634624421596527100e-01 8.072375655174255371e-01 5.350118875503540039e-01 8.791690692305564880e-03
1.629325449466705322e-01 9.735666513442993164e-01 9.607072472572326660e-01 1.877198219299316406e-01 5.843223333358764648e-01 0.000000000000000000e+00 1.255461424589157104e-01 6.542071700096130371e-01 5.639308094978332520e-01 1.151313483715057373e-01 6.038959622383117676e-01 1.364863812923431396e-01
1.075368002057075500e-01 9.815878272056579590e-01 4.070358276367187500e-01 7.206264138221740723e-01 3.871181309223175049e-01 0.000000000000000000e+00 4.198369011282920837e-02 9.150173068046569824e-01 2.399554699659347534e-01 8.940293192863464355e-01 3.610463440418243408e-01 1.237945689354091883e-04
2.522499859333038330e-01 2.831666767597198486e-01 6.997500061988830566e-01 4.477500021457672119e-01 3.902499973773956299e-01 6.982975006103515625e-01 2.282789647579193115e-01 3.233025670051574707e-01 6.884487867355346680e-01 4.704490900039672852e-01 3.516274094581604004e-01 6.606702804565429688e-01
7.925000041723251343e-02 4.868333339691162109e-01 4.742499887943267822e-01 2.274999953806400299e-02 9.662500023841857910e-01 8.477874994277954102e-01 1.085383668541908264e-01 4.740700125694274902e-01 5.079020261764526367e-01 1.458095312118530273e-01 9.780873060226440430e-01 6.030818819999694824e-01
8.226411938667297363e-01 1.631158292293548584e-01 8.986985087394714355e-01 3.407916724681854248e-01 5.286825895309448242e-01 0.000000000000000000e+00 6.111570000648498535e-01 1.769575923681259155e-01 8.459933996200561523e-01 7.552380561828613281e-01 5.690687894821166992e-01 1.009544543921947479e-02
5.773434042930603027e-01 7.319161891937255859e-01 1.772577315568923950e-01 5.880763530731201172e-01 3.834265768527984619e-01 0.000000000000000000e+00 5.756130814552307129e-01 7.778433561325073242e-01 2.492342293262481689e-01 5.137837529182434082e-01 3.578847348690032959e-01 9.801511466503143311e-02
4.032500088214874268e-01 2.255000025033950806e-01 6.592500209808349609e-01 9.312499761581420898e-01 5.867499709129333496e-01 1.047924980521202087e-01 4.290815591812133789e-01 2.875525653362274170e-01 7.322131991386413574e-01 8.492546677589416504e-01 5.699702501296997070e-01 7.799675315618515015e-02
5.967500209808349609e-01 5.328333377838134766e-01 5.092499852180480957e-01 5.947499871253967285e-01 3.992500007152557373e-01 3.740724921226501465e-01 6.683498024940490723e-01 5.471788644790649414e-01 4.596221446990966797e-01 4.919575452804565430e-01 3.978998661041259766e-01 2.776640653610229492e-01
1.143483966588973999e-01 7.616121768951416016e-01 2.443037927150726318e-01 5.447492003440856934e-01 5.162500739097595215e-01 0.000000000000000000e+00 8.134236186742782593e-02 7.671355605125427246e-01 1.925542801618576050e-01 5.691996216773986816e-01 5.050414204597473145e-01 4.112972877919673920e-03
2.181751281023025513e-01 1.517388373613357544e-01 8.444740772247314453e-01 2.273895293474197388e-01 6.376864314079284668e-01 0.000000000000000000e+00 1.799106001853942871e-01 1.462574899196624756e-01 6.386936902999877930e-01 5.261682868003845215e-01 6.316027641296386719e-01 4.488109610974788666e-03
9.809564352035522461e-01 7.652944922447204590e-01 5.086681246757507324e-01 6.332961916923522949e-01 9.473838806152343750e-01 0.000000000000000000e+00 9.356678128242492676e-01 5.158545970916748047e-01 4.553054571151733398e-01 6.553920507431030273e-01 9.138338565826416016e-01 2.906664274632930756e-02
1.701233685016632080e-01 7.450246810913085938e-01 8.079172372817993164e-01 4.952960610389709473e-01 1.695314794778823853e-01 0.000000000000000000e+00 1.062356904149055481e-01 5.176329612731933594e-01 5.116815567016601562e-01 4.306509792804718018e-01 1.469874978065490723e-01 6.820078007876873016e-03
1.451802533119916916e-02 2.677173316478729248e-01 3.355947136878967285e-01 4.824381172657012939e-01 3.407058715820312500e-01 0.000000000000000000e+00 3.930140659213066101e-02 4.052923023700714111e-01 5.590680241584777832e-01 4.254942834377288818e-01 3.017951548099517822e-01 1.354552246630191803e-02
1.299390494823455811e-01 6.816676855087280273e-01 7.936831116676330566e-01 4.727561473846435547e-01 9.189565181732177734e-01 0.000000000000000000e+00 1.032715141773223877e-01 5.639885067939758301e-01 6.634435653686523438e-01 5.416064858436584473e-01 8.899278044700622559e-01 1.083047222346067429e-02
9.367499947547912598e-01 3.151666522026062012e-01 9.037500023841857910e-01 7.222499847412109375e-01 3.497500121593475342e-01 3.810024857521057129e-01 9.141893386840820312e-01 2.901584804058074951e-01 8.347706794738769531e-01 7.820861935615539551e-01 3.438428044319152832e-01 2.177401930093765259e-01
2.134562283754348755e-01 6.996970176696777344e-01 1.115439534187316895e-01 8.413418531417846680e-01 2.941971421241760254e-01 0.000000000000000000e+00 2.205332815647125244e-01 8.344409465789794922e-01 1.735083907842636108e-01 7.630322575569152832e-01 2.775853276252746582e-01 1.332586817443370819e-02
7.737500071525573730e-01 4.474999904632568359e-01 6.207500100135803223e-01 8.602499961853027344e-01 5.787500143051147461e-01 4.166424870491027832e-01 8.212025761604309082e-01 5.331145524978637695e-01 5.686525106430053711e-01 7.992262244224548340e-01 5.833021402359008789e-01 3.156673312187194824e-01
2.172500044107437134e-01 6.765000224113464355e-01 9.674999862909317017e-02 9.392499923706054688e-01 9.047499895095825195e-01 6.864175200462341309e-01 2.341804057359695435e-01 7.656709551811218262e-01 1.845850348472595215e-01 8.746242523193359375e-01 9.500287175178527832e-01 7.473583817481994629e-01
8.337983489036560059e-01 3.777321577072143555e-01 7.002155780792236328e-01 9.167574048042297363e-01 8.239523172378540039e-01 0.000000000000000000e+00 8.848781585693359375e-01 2.541832327842712402e-01 7.359200716018676758e-01 8.491986989974975586e-01 8.866418600082397461e-01 2.038675397634506226e-01
3.701446950435638428e-01 6.427615284919738770e-01 7.392830848693847656e-01 2.274356037378311157e-01 3.362912237644195557e-01 0.000000000000000000e+00 3.444217443466186523e-01 6.377282142639160156e-01 6.024835705757141113e-01 2.698504030704498291e-01 3.443014919757843018e-01 1.054429039359092712e-01
8.177499771118164062e-01 5.158333182334899902e-01 9.177500009536743164e-01 6.962500214576721191e-01 9.737499952316284180e-01 9.705474972724914551e-01 7.971533536911010742e-01 3.954880237579345703e-01 7.455834150314331055e-01 8.295435905456542969e-01 9.071828126907348633e-01 7.121468782424926758e-01
4.372856020927429199e-01 4.947033226490020752e-01 7.294743657112121582e-01 8.613739609718322754e-01 7.290660142898559570e-01 0.000000000000000000e+00 4.580994844436645508e-01 5.291872024536132812e-01 7.946742177009582520e-01 8.118408918380737305e-01 8.087424039840698242e-01 1.175186112523078918e-01
7.152500152587890625e-01 2.968333363533020020e-01 3.749999916180968285e-03 2.847500145435333252e-01 3.277499973773956299e-01 7.621524930000305176e-01 6.541913747787475586e-01 2.999218404293060303e-01 1.462169289588928223e-01 1.577225327491760254e-01 3.047644495964050293e-01 5.280188918113708496e-01
1.701233685016632080e-01 7.450246810913085938e-01 8.079172372817993164e-01 4.952960610389709473e-01 1.695314794778823853e-01 0.000000000000000000e+00 1.062356904149055481e-01 5.176329612731933594e-01 5.116815567016601562e-01 4.306509792804718018e-01 1.469874978065490723e-01 6.820078007876873016e-03
5.967500209808349609e-01 5.328333377838134766e-01 5.092499852180480957e-01 5.947499871253967285e-01 3.992500007152557373e-01 3.740724921226501465e-01 6.683498024940490723e-01 5.471788644790649414e-01 4.596221446990966797e-01 4.919575452804565430e-01 3.978998661041259766e-01 2.776640653610229492e-01
2.953494787216186523e-01 9.729636907577514648e-01 5.268294215202331543e-01 8.780496120452880859e-01 5.697163343429565430e-01 0.000000000000000000e+00 2.836229503154754639e-01 8.711983561515808105e-01 4.689489603042602539e-01 8.890318274497985840e-01 5.362423658370971680e-01 5.771287251263856888e-03
6.132500171661376953e-01 4.048333466053009033e-01 4.632500112056732178e-01 7.622500061988830566e-01 1.612499952316284180e-01 7.913575172424316406e-01 6.489024758338928223e-01 4.394290745258331299e-01 4.083365499973297119e-01 6.192743778228759766e-01 1.596156656742095947e-01 6.100485324859619141e-01
7.262499928474426270e-01 3.008333444595336914e-01 2.924999967217445374e-02 6.517500281333923340e-01 3.974999859929084778e-02 5.527675151824951172e-01 7.346823215484619141e-01 3.809643387794494629e-01 1.819541305303573608e-01 4.037063121795654297e-01 5.656735971570014954e-02 1.523489207029342651e-01
7.067499756813049316e-01 2.685000002384185791e-01 5.397499799728393555e-01 7.762500047683715820e-01 7.002500295639038086e-01 1.295424997806549072e-01 7.592611312866210938e-01 2.683881819248199463e-01 5.454901456832885742e-01 7.047705650329589844e-01 6.843457818031311035e-01 7.403218746185302734e-02
5.707499980926513672e-01 2.768333256244659424e-01 2.472500056028366089e-01 4.202499985694885254e-01 6.162499785423278809e-01 6.865750253200531006e-02 5.587694644927978516e-01 3.317956328392028809e-01 3.363763391971588135e-01 4.074818193912506104e-01 5.878831148147583008e-01 9.238212555646896362e-02
6.527527421712875366e-02 4.734271764755249023e-01 4.939569234848022461e-01 4.091233015060424805e-01 5.722143054008483887e-01 0.000000000000000000e+00 6.733434647321701050e-02 4.963279962539672852e-01 5.495244860649108887e-01 3.853614032268524170e-01 6.142227053642272949e-01 4.884622246026992798e-02
6.177499890327453613e-01 6.188333630561828613e-01 4.407500028610229492e-01 3.187499940395355225e-01 5.037500262260437012e-01 1.216225028038024902e-01 6.318250298500061035e-01 6.239581108093261719e-01 4.407620131969451904e-01 3.608322143554687500e-01 5.048271417617797852e-01 1.244315877556800842e-01
1.775000058114528656e-02 2.228333353996276855e-01 6.617500185966491699e-01 5.175000056624412537e-02 1.687500029802322388e-01 7.329475283622741699e-01 1.164602115750312805e-02 1.966850906610488892e-01 7.496017217636108398e-01 9.930365532636642456e-02 9.483741223812103271e-02 8.197031617164611816e-01
4.377500116825103760e-01 3.538333475589752197e-01 5.725000053644180298e-02 3.642500042915344238e-01 2.675000019371509552e-02 4.453524947166442871e-01 4.228012263774871826e-01 3.488244414329528809e-01 1.627362221479415894e-01 2.708706855773925781e-01 5.706942453980445862e-02 2.257147580385208130e-01
2.470038682222366333e-01 8.690166473388671875e-02 8.011362552642822266e-01 2.169584929943084717e-01 7.490733265876770020e-01 0.000000000000000000e+00 2.829828858375549316e-01 1.311850249767303467e-01 6.009891033172607422e-01 2.146119773387908936e-01 7.873402237892150879e-01 4.903513472527265549e-03
5.117142796516418457e-01 9.694378376007080078e-01 5.297704339027404785e-01 3.098536431789398193e-01 2.778385579586029053e-01 0.000000000000000000e+00 4.642058312892913818e-01 8.703311085700988770e-01 2.943040430545806885e-01 4.301514923572540283e-01 2.603618502616882324e-01 7.233007345348596573e-03
3.478617072105407715e-01 4.151481688022613525e-01 5.758785009384155273e-01 7.916718125343322754e-01 2.545940876007080078e-01 0.000000000000000000e+00 3.353139460086822510e-01 3.422792553901672363e-01 6.239075660705566406e-01 6.857485771179199219e-01 2.144491821527481079e-01 9.684557467699050903e-02
1.448133289813995361e-01 1.741359978914260864e-01 4.960601031780242920e-01 7.966004014015197754e-01 5.916779041290283203e-01 0.000000000000000000e+00 2.067824900150299072e-01 1.649306267499923706e-01 5.433344841003417969e-01 5.770069956779479980e-01 5.896279811859130859e-01 1.923441328108310699e-02
8.162500262260437012e-01 6.061666607856750488e-01 4.707500040531158447e-01 2.437500059604644775e-01 1.947499960660934448e-01 3.300175070762634277e-01 8.566945195198059082e-01 5.443202257156372070e-01 2.947900593280792236e-01 3.303373157978057861e-01 2.064095735549926758e-01 2.910793423652648926e-01
9.992499947547912598e-01 2.108333259820938110e-01 4.542500078678131104e-01 9.667500257492065430e-01 7.722499966621398926e-01 5.196024775505065918e-01 9.223154187202453613e-01 2.564811706542968750e-01 5.987123847007751465e-01 8.427808880805969238e-01 7.871670126914978027e-01 4.329144656658172607e-01
8.183181881904602051e-01 2.457469999790191650e-01 4.828578233718872070e-01 7.487013936042785645e-01 6.662327051162719727e-01 0.000000000000000000e+00 8.814488649368286133e-01 3.249173462390899658e-01 5.085114836692810059e-01 6.523352265357971191e-01 7.746152877807617188e-01 1.402349174022674561e-01
7.906055450439453125e-01 4.366328418254852295e-01 5.793678760528564453e-01 1.937684565782546997e-01 9.248460531234741211e-01 0.000000000000000000e+00 8.443265557289123535e-01 6.357471942901611328e-01 4.348427057266235352e-01 3.215271532535552979e-01 8.894420266151428223e-01 7.055736333131790161e-02
8.827728629112243652e-01 2.728124856948852539e-01 6.880812048912048340e-01 7.788395285606384277e-01 3.960258066654205322e-01 0.000000000000000000e+00 8.312816619873046875e-01 2.588391602039337158e-01 8.722547888755798340e-01 8.349927663803100586e-01 4.572054445743560791e-01 5.867027118802070618e-02
8.641554713249206543e-01 6.736373305320739746e-01 4.929205775260925293e-01 1.569706797599792480e-01 9.215198159217834473e-01 0.000000000000000000e+00 9.044507741928100586e-01 5.496551990509033203e-01 2.862063050270080566e-01 1.866784989833831787e-01 9.011311531066894531e-01 7.031492888927459717e-02
5.707499980926513672e-01 2.768333256244659424e-01 2.472500056028366089e-01 4.202499985694885254e-01 6.162499785423278809e-01 6.865750253200531006e-02 5.587694644927978516e-01 3.317956328392028809e-01 3.363763391971588135e-01 4.074818193912506104e-01 5.878831148147583008e-01 9.238212555646896362e-02
5.707499980926513672e-01 2.768333256244659424e-01 2.472500056028366089e-01 4.202499985694885254e-01 6.162499785423278809e-01 6.865750253200531006e-02 5.587694644927978516e-01 3.317956328392028809e-01 3.363763391971588135e-01 4.074818193912506104e-01 5.878831148147583008e-01 9.238212555646896362e-02
5.237500071525573730e-01 5.421666502952575684e-01 4.572499990463256836e-01 7.225000113248825073e-02 6.075000017881393433e-02 4.884175062179565430e-01 4.890669882297515869e-01 3.985364139080047607e-01 3.072285652160644531e-01 1.242118701338768005e-01 8.207210153341293335e-02 3.231406211853027344e-01
1.594885438680648804e-01 1.989078372716903687e-01 6.286816000938415527e-01 1.163334771990776062e-01 2.556040585041046143e-01 0.000000000000000000e+00 9.616761654615402222e-02 2.223347425460815430e-01 7.623412609100341797e-01 1.172506660223007202e-01 2.534745931625366211e-01 2.634465880692005157e-02
3.402499854564666748e-01 7.441666722297668457e-01 1.987500041723251343e-01 1.917500048875808716e-01 2.012500017881393433e-01 2.968524992465972900e-01 3.497060835361480713e-01 7.057420611381530762e-01 1.933300048112869263e-01 2.413241267204284668e-01 2.323625087738037109e-01 2.430465221405029297e-01
2.087499946355819702e-01 8.308333158493041992e-01 8.952500224113464355e-01 2.347500026226043701e-01 1.957499980926513672e-01 4.715875089168548584e-01 2.121057957410812378e-01 7.402299046516418457e-01 8.259010910987854004e-01 2.078222781419754028e-01 2.304909676313400269e-01 5.363792777061462402e-01
2.371441274881362915e-01 7.108625173568725586e-01 9.535995721817016602e-01 8.573537468910217285e-01 7.598479986190795898e-01 0.000000000000000000e+00 1.945047527551651001e-01 5.886895060539245605e-01 6.933870315551757812e-01 8.644112348556518555e-01 7.687073349952697754e-01 7.432000339031219482e-02
4.267837107181549072e-01 7.929601669311523438e-01 6.708065271377563477e-01 9.776384830474853516e-01 9.087230265140533447e-02 0.000000000000000000e+00 4.187409877777099609e-01 6.566209197044372559e-01 5.574753880500793457e-01 8.817580938339233398e-01 5.743537843227386475e-02 3.132113022729754448e-03
8.892148137092590332e-01 3.009250015020370483e-02 1.126458719372749329e-01 8.900738954544067383e-01 6.322636008262634277e-01 0.000000000000000000e+00 9.067487120628356934e-01 4.196695983409881592e-01 3.914932906627655029e-01 7.243708968162536621e-01 6.944419741630554199e-01 4.697075486183166504e-02
8.470542430877685547e-01 5.603143572807312012e-01 2.989039942622184753e-02 1.839319989085197449e-02 7.052729725837707520e-01 0.000000000000000000e+00 8.606583476066589355e-01 5.411244630813598633e-01 1.012789979577064514e-01 7.709158211946487427e-02 7.322313785552978516e-01 1.501457113772630692e-02
2.562499940395355225e-01 6.324999928474426270e-01 7.047500014305114746e-01 3.497500121593475342e-01 2.192499935626983643e-01 1.760724931955337524e-01 3.001985549926757812e-01 6.035028696060180664e-01 6.835567355155944824e-01 2.711639702320098877e-01 2.010476589202880859e-01 1.981575042009353638e-01
6.227499842643737793e-01 5.504999756813049316e-01 9.182500243186950684e-01 2.882499992847442627e-01 4.312500059604644775e-01 7.106724977493286133e-01 6.326172351837158203e-01 4.776231944561004639e-01 7.852850556373596191e-01 2.678577005863189697e-01 4.155861437320709229e-01 7.053943276405334473e-01
4.192500114440917969e-01 8.331666588783264160e-01 2.402500063180923462e-01 3.272500038146972656e-01 2.727499902248382568e-01 9.462925195693969727e-01 3.952226936817169189e-01 7.542932033538818359e-01 2.329878956079483032e-01 2.467043548822402954e-01 2.636478543281555176e-01 9.050428867340087891e-01
2.562499940395355225e-01 6.324999928474426270e-01 7.047500014305114746e-01 3.497500121593475342e-01 2.192499935626983643e-01 1.760724931955337524e-01 3.001985549926757812e-01 6.035028696060180664e-01 6.835567355155944824e-01 2.711639702320098877e-01 2.010476589202880859e-01 1.981575042009353638e-01
2.207115292549133301e-01 9.964705109596252441e-01 5.678983330726623535e-01 8.343319892883300781e-01 3.142842352390289307e-01 0.000000000000000000e+00 1.448725759983062744e-01 9.298411011695861816e-01 5.670481920242309570e-01 8.896253108978271484e-01 2.960927486419677734e-01 7.490818970836699009e-04
1.018431484699249268e-01 6.617899984121322632e-02 5.955444574356079102e-01 7.399506568908691406e-01 5.869356393814086914e-01 0.000000000000000000e+00 1.343422383069992065e-01 1.509559750556945801e-01 5.774074792861938477e-01 7.268758416175842285e-01 6.118450164794921875e-01 1.406048703938722610e-02
4.261144399642944336e-01 8.864438533782958984e-01 1.701519042253494263e-01 3.121904134750366211e-01 8.482031226158142090e-01 0.000000000000000000e+00 4.593769013881683350e-01 9.207226037979125977e-01 2.603104114532470703e-01 1.554439365863800049e-01 8.696379661560058594e-01 4.381773062050342560e-03
1.062500029802322388e-01 4.724999964237213135e-01 6.117500066757202148e-01 7.057499885559082031e-01 7.172499895095825195e-01 2.339874953031539917e-01 1.291974186897277832e-01 4.779061377048492432e-01 6.930762529373168945e-01 7.421114444732666016e-01 7.067098617553710938e-01 1.608108729124069214e-01
1.492500007152557373e-01 5.341666936874389648e-01 2.392500042915344238e-01 5.562499761581420898e-01 3.927499949932098389e-01 8.977825045585632324e-01 1.626140475273132324e-01 5.363134145736694336e-01 1.767286211252212524e-01 4.760640263557434082e-01 4.041700065135955811e-01 9.130917787551879883e-01
5.610477924346923828e-01 2.168978303670883179e-01 5.868996977806091309e-01 5.372099280357360840e-01 3.418274922296404839e-03 0.000000000000000000e+00 5.401663184165954590e-01 2.070314586162567139e-01 5.111345052719116211e-01 4.938555061817169189e-01 3.300207480788230896e-02 5.888815037906169891e-03
9.942499995231628418e-01 2.911666631698608398e-01 8.725000172853469849e-02 9.897500276565551758e-01 3.057500123977661133e-01 6.082075238227844238e-01 9.414109587669372559e-01 4.025142490863800049e-01 2.164048403501510620e-01 7.851244211196899414e-01 2.673292756080627441e-01 3.990326523780822754e-01
1.782499998807907104e-01 5.178333520889282227e-01 6.672499775886535645e-01 5.974999815225601196e-02 6.962500214576721191e-01 1.567675024271011353e-01 2.146895527839660645e-01 5.341306328773498535e-01 6.547622084617614746e-01 1.802781671285629272e-01 6.749822497367858887e-01 1.232958808541297913e-01
8.697500228881835938e-01 5.304999947547912598e-01 9.707499742507934570e-01 6.927499771118164062e-01 5.352500081062316895e-01 6.816250085830688477e-02 9.266922473907470703e-01 4.098426103591918945e-01 7.233157753944396973e-01 7.948690652847290039e-01 5.570636987686157227e-01 1.527786701917648315e-01
6.927499771118164062e-01 6.318333148956298828e-01 3.787499964237213135e-01 6.617500185966491699e-01 3.747499883174896240e-01 4.196124970912933350e-01 7.183616757392883301e-01 6.623769402503967285e-01 4.437746405601501465e-01 5.965687036514282227e-01 3.746386766433715820e-01 2.530626356601715088e-01
9.544151425361633301e-01 2.193515002727508545e-01 1.835678070783615112e-01 2.082073688507080078e-01 5.119031071662902832e-01 0.000000000000000000e+00 7.258884310722351074e-01 2.320635169744491577e-01 4.996422827243804932e-01 2.752638459205627441e-01 5.320575237274169922e-01 2.158772572875022888e-02
4.109432995319366455e-01 2.776598334312438965e-01 9.219954609870910645e-01 9.357504248619079590e-01 3.655820786952972412e-01 0.000000000000000000e+00 4.256262481212615967e-01 2.098118811845779419e-01 7.733916044235229492e-01 8.308002948760986328e-01 3.707278072834014893e-01 1.930243894457817078e-02
3.853854238986968994e-01 9.545858502388000488e-01 3.962436318397521973e-01 1.486985683441162109e-01 1.154614239931106567e-01 0.000000000000000000e+00 3.129267692565917969e-01 8.802745342254638672e-01 1.426632404327392578e-01 2.278490215539932251e-01 9.509787708520889282e-02 7.214919663965702057e-03
6.095002591609954834e-02 6.871406435966491699e-01 7.021182775497436523e-01 2.425664216279983521e-01 8.213670253753662109e-01 0.000000000000000000e+00 7.179962098598480225e-02 5.614841580390930176e-01 5.113503932952880859e-01 2.842130661010742188e-01 8.697214126586914062e-01 2.798869647085666656e-02
5.129042267799377441e-01 5.788040161132812500e-01 4.938124865293502808e-02 2.871260046958923340e-02 9.412861466407775879e-01 0.000000000000000000e+00 5.214866399765014648e-01 5.781963467597961426e-01 1.484271585941314697e-01 5.459889397025108337e-02 9.183888435363769531e-01 5.549119319766759872e-03
3.097499907016754150e-01 5.391666889190673828e-01 8.897500038146972656e-01 1.025000028312206268e-02 7.647500038146972656e-01 5.785074830055236816e-01 2.797596752643585205e-01 5.522536635398864746e-01 7.616786360740661621e-01 1.841848790645599365e-01 7.677739262580871582e-01 4.684820771217346191e-01
1.462226063013076782e-01 9.966698288917541504e-01 9.438182711601257324e-01 5.439404249191284180e-01 6.476616263389587402e-01 0.000000000000000000e+00 1.138530150055885315e-01 6.973380446434020996e-01 4.985736906528472900e-01 4.193786978721618652e-01 6.525141596794128418e-01 3.312269225716590881e-02
4.422500133514404297e-01 1.764999926090240479e-01 4.402500092983245850e-01 1.772499978542327881e-01 7.625000178813934326e-02 4.319874942302703857e-01 4.427373409271240234e-01 2.065603882074356079e-01 3.994782567024230957e-01 1.290728598833084106e-01 6.386136263608932495e-02 2.987467348575592041e-01
4.143097698688507080e-01 3.658391535282135010e-01 7.623326778411865234e-01 9.378862977027893066e-01 8.974674940109252930e-01 0.000000000000000000e+00 4.458111822605133057e-01 1.797585338354110718e-01 6.500126123428344727e-01 8.156810402870178223e-01 8.960483074188232422e-01 3.684782888740301132e-03
1.782499998807907104e-01 5.178333520889282227e-01 6.672499775886535645e-01 5.974999815225601196e-02 6.962500214576721191e-01 1.567675024271011353e-01 2.146895527839660645e-01 5.341306328773498535e-01 6.547622084617614746e-01 1.802781671285629272e-01 6.749822497367858887e-01 1.232958808541297913e-01
2.172500044107437134e-01 6.765000224113464355e-01 9.674999862909317017e-02 9.392499923706054688e-01 9.047499895095825195e-01 6.864175200462341309e-01 2.341804057359695435e-01 7.656709551811218262e-01 1.845850348472595215e-01 8.746242523193359375e-01 9.500287175178527832e-01 7.473583817481994629e-01
1.626933217048645020e-01 8.644516766071319580e-02 3.399476706981658936e-01 6.192290782928466797e-01 5.149336457252502441e-01 0.000000000000000000e+00 1.643560379743576050e-01 1.742182970046997070e-01 5.247787237167358398e-01 5.443318486213684082e-01 5.368357896804809570e-01 2.432060241699218750e-02
8.474999666213989258e-02 4.178333282470703125e-01 2.502500116825103760e-01 3.462499976158142090e-01 1.792500019073486328e-01 8.796250075101852417e-02 9.955704212188720703e-02 4.406472146511077881e-01 3.233667612075805664e-01 3.178928494453430176e-01 1.916274428367614746e-01 3.296422585844993591e-02
7.152500152587890625e-01 2.968333363533020020e-01 3.749999916180968285e-03 2.847500145435333252e-01 3.277499973773956299e-01 7.621524930000305176e-01 6.541913747787475586e-01 2.999218404293060303e-01 1.462169289588928223e-01 1.577225327491760254e-01 3.047644495964050293e-01 5.280188918113708496e-01
7.813518047332763672e-01 4.855533242225646973e-01 3.571285009384155273e-01 4.475407302379608154e-01 1.328869462013244629e-01 0.000000000000000000e+00 6.938894987106323242e-01 3.961156606674194336e-01 2.853813171386718750e-01 5.460176467895507812e-01 1.045303344726562500e-01 1.225353479385375977e-01
6.177499890327453613e-01 6.188333630561828613e-01 4.407500028610229492e-01 3.187499940395355225e-01 5.037500262260437012e-01 1.216225028038024902e-01 6.318250298500061035e-01 6.239581108093261719e-01 4.407620131969451904e-01 3.608322143554687500e-01 5.048271417617797852e-01 1.244315877556800842e-01
5.967500209808349609e-01 5.328333377838134766e-01 5.092499852180480957e-01 5.947499871253967285e-01 3.992500007152557373e-01 3.740724921226501465e-01 6.683498024940490723e-01 5.471788644790649414e-01 4.596221446990966797e-01 4.919575452804565430e-01 3.978998661041259766e-01 2.776640653610229492e-01
5.137500166893005371e-01 6.348333358764648438e-01 5.807499885559082031e-01 9.202499985694885254e-01 1.557500064373016357e-01 5.626674890518188477e-01 5.356470942497253418e-01 4.142276942729949951e-01 4.804705381393432617e-01 7.311025857925415039e-01 1.457594037055969238e-01 2.729307711124420166e-01
4.015962183475494385e-01 8.281001448631286621e-01 3.060136139392852783e-01 6.292647719383239746e-01 6.326493024826049805e-01 0.000000000000000000e+00 3.872642219066619873e-01 8.558610081672668457e-01 2.996931672096252441e-01 6.161395311355590820e-01 6.425881385803222656e-01 3.477394953370094299e-02
9.250000119209289551e-03 6.671666502952575684e-01 8.472499847412109375e-01 4.362500011920928955e-01 1.627500057220458984e-01 2.226025015115737915e-01 2.230679802596569061e-02 6.313010454177856445e-01 7.849996089935302734e-01 4.628594815731048584e-01 2.421301901340484619e-01 1.142090335488319397e-01
8.425000309944152832e-02 3.655000030994415283e-01 1.875000074505805969e-02 4.672499895095825195e-01 2.232500016689300537e-01 3.839724957942962646e-01 1.254950463771820068e-01 4.707156121730804443e-01 1.461561024188995361e-01 5.108930468559265137e-01 1.654895097017288208e-01 4.226414561271667480e-01
2.907499969005584717e-01 4.438333213329315186e-01 6.312500238418579102e-01 9.792500138282775879e-01 9.562500119209289551e-01 8.215525150299072266e-01 2.643409967422485352e-01 4.937187731266021729e-01 7.101580500602722168e-01 9.051572084426879883e-01 8.989719152450561523e-01 7.889633774757385254e-01
6.155995130538940430e-01 9.140566587448120117e-01 4.084809124469757080e-01 1.099495030939579010e-02 8.720395565032958984e-01 0.000000000000000000e+00 5.203253030776977539e-01 8.550669550895690918e-01 3.112417757511138916e-01 2.036424577236175537e-01 8.742996454238891602e-01 1.097201462835073471e-02
6.227499842643737793e-01 5.504999756813049316e-01 9.182500243186950684e-01 2.882499992847442627e-01 4.312500059604644775e-01 7.106724977493286133e-01 6.326172351837158203e-01 4.776231944561004639e-01 7.852850556373596191e-01 2.678577005863189697e-01 4.155861437320709229e-01 7.053943276405334473e-01
6.177499890327453613e-01 6.188333630561828613e-01 4.407500028610229492e-01 3.187499940395355225e-01 5.037500262260437012e-01 1.216225028038024902e-01 6.318250298500061035e-01 6.239581108093261719e-01 4.407620131969451904e-01 3.608322143554687500e-01 5.048271417617797852e-01 1.244315877556800842e-01
5.147500038146972656e-01 7.461666464805603027e-01 4.427500069141387939e-01 2.087499946355819702e-01 4.997499883174896240e-01 3.527874946594238281e-01 5.358195304870605469e-01 7.064645290374755859e-01 3.593215644359588623e-01 2.817735970020294189e-01 5.017871260643005371e-01 3.523149192333221436e-01
1.107572242617607117e-01 9.203566610813140869e-02 6.390078067779541016e-01 1.879055202007293701e-01 9.643592238426208496e-01 0.000000000000000000e+00 1.793252527713775635e-01 1.054656952619552612e-01 5.368626713752746582e-01 1.358146965503692627e-01 9.595446586608886719e-01 2.970262663438916206e-03
3.567500114440917969e-01 3.388333320617675781e-01 5.867499709129333496e-01 6.472499966621398926e-01 5.577499866485595703e-01 3.404124975204467773e-01 4.042490422725677490e-01 2.541686296463012695e-01 5.501491427421569824e-01 6.303076148033142090e-01 5.408894419670104980e-01 2.123390585184097290e-01
8.006605505943298340e-01 5.399303436279296875e-01 7.496126294136047363e-01 8.960939645767211914e-01 6.116230040788650513e-02 0.000000000000000000e+00 8.486604690551757812e-01 4.287325143814086914e-01 7.021386623382568359e-01 7.692310810089111328e-01 4.873655736446380615e-02 8.743294165469706059e-05
9.477499723434448242e-01 2.308333367109298706e-01 1.042499989271163940e-01 3.242500126361846924e-01 1.475000008940696716e-02 7.334424853324890137e-01 8.549132347106933594e-01 3.116813600063323975e-01 1.299418509006500244e-01 2.731801867485046387e-01 4.971813410520553589e-02 4.366028606891632080e-01
4.058565795421600342e-01 6.376486420631408691e-01 3.037046194076538086e-01 1.859079748392105103e-01 7.615097612142562866e-02 0.000000000000000000e+00 3.861710429191589355e-01 5.986868143081665039e-01 3.047559261322021484e-01 9.863247722387313843e-02 5.677548050880432129e-02 1.028830558061599731e-02
7.925000041723251343e-02 4.868333339691162109e-01 4.742499887943267822e-01 2.274999953806400299e-02 9.662500023841857910e-01 8.477874994277954102e-01 1.085383668541908264e-01 4.740700125694274902e-01 5.079020261764526367e-01 1.458095312118530273e-01 9.780873060226440430e-01 6.030818819999694824e-01
5.130482316017150879e-01 2.597103416919708252e-01 7.844447344541549683e-02 1.795064955949783325e-01 7.187582850456237793e-01 0.000000000000000000e+00 4.793646931648254395e-01 2.393244653940200806e-01 2.899413406848907471e-01 5.682904273271560669e-02 7.333343625068664551e-01 1.015510968863964081e-02
1.197500005364418030e-01 7.655000090599060059e-01 3.937500119209289551e-01 4.627499878406524658e-01 2.425000071525573730e-02 7.378975152969360352e-01 9.874311089515686035e-02 6.400468349456787109e-01 2.904174327850341797e-01 4.327516257762908936e-01 1.112948581576347351e-01 8.423762321472167969e-01
7.753055095672607422e-01 6.614631414413452148e-01 3.979968726634979248e-01 6.711735725402832031e-01 8.655117750167846680e-01 0.000000000000000000e+00 8.343356847763061523e-01 6.891481876373291016e-01 4.488417804241180420e-01 4.728794991970062256e-01 8.621150851249694824e-01 7.032935321331024170e-02
3.762499988079071045e-01 2.175000011920928955e-01 1.457500010728836060e-01 2.972500026226043701e-01 3.892500102519989014e-01 4.686174988746643066e-01 4.069389700889587402e-01 2.654993534088134766e-01 1.682487577199935913e-01 3.295743763446807861e-01 3.579448461532592773e-01 4.681175351142883301e-01
6.539419293403625488e-01 6.584303379058837891e-01 3.991156220436096191e-01 5.951512455940246582e-01 7.420397400856018066e-01 0.000000000000000000e+00 6.473285555839538574e-01 6.208283901214599609e-01 4.152614772319793701e-01 5.513235330581665039e-01 7.493836283683776855e-01 1.154425367712974548e-01
8.425000309944152832e-02 3.655000030994415283e-01 1.875000074505805969e-02 4.672499895095825195e-01 2.232500016689300537e-01 3.839724957942962646e-01 1.254950463771820068e-01 4.707156121730804443e-01 1.461561024188995361e-01 5.108930468559265137e-01 1.654895097017288208e-01 4.226414561271667480e-01
8.728334307670593262e-01 2.670069932937622070e-01 7.435386776924133301e-01 6.185823678970336914e-01 8.514900207519531250e-01 0.000000000000000000e+00 8.543527126312255859e-01 3.758868277072906494e-01 7.628217935562133789e-01 8.302387595176696777e-01 9.015225768089294434e-01 4.089639484882354736e-01
5.147500038146972656e-01 7.461666464805603027e-01 4.427500069141387939e-01 2.087499946355819702e-01 4.997499883174896240e-01 3.527874946594238281e-01 5.358195304870605469e-01 7.064645290374755859e-01 3.593215644359588623e-01 2.817735970020294189e-01 5.017871260643005371e-01 3.523149192333221436e-01
7.464845180511474609e-01 5.823670029640197754e-01 7.161922454833984375e-01 4.873159229755401611e-01 6.918076276779174805e-01 0.000000000000000000e+00 7.053801417350769043e-01 3.540360331535339355e-01 3.550223708152770996e-01 7.054129838943481445e-01 7.605892419815063477e-01 5.841481685638427734e-02
4.822269827127456665e-02 2.479416728019714355e-01 3.332311213016510010e-01 6.076749563217163086e-01 7.387629747390747070e-01 0.000000000000000000e+00 1.413885504007339478e-01 4.709493815898895264e-01 6.722266077995300293e-01 3.045432269573211670e-01 7.497606873512268066e-01 1.780625283718109131e-01
4.029775038361549377e-03 5.499309897422790527e-01 1.905322223901748657e-01 8.950912952423095703e-01 2.677210569381713867e-01 0.000000000000000000e+00 1.091545261442661285e-02 8.605154752731323242e-01 5.221915245056152344e-01 8.993459343910217285e-01 2.126057893037796021e-01 7.536170887760818005e-04
3.400432467460632324e-01 4.255091547966003418e-01 1.347775310277938843e-01 3.251140713691711426e-01 5.471009016036987305e-01 0.000000000000000000e+00 3.984496295452117920e-01 5.461856722831726074e-01 2.493924945592880249e-01 1.605356633663177490e-01 5.665456652641296387e-01 1.355939209461212158e-01
5.542409420013427734e-01 9.019395112991333008e-01 9.221420288085937500e-01 7.337188124656677246e-01 4.230919480323791504e-01 0.000000000000000000e+00 5.666540861129760742e-01 8.816968798637390137e-01 6.523595452308654785e-01 8.419911265373229980e-01 4.100807905197143555e-01 2.382638398557901382e-03
4.092455506324768066e-01 1.290646642446517944e-01 9.809300303459167480e-03 4.173750579357147217e-01 6.520703434944152832e-01 0.000000000000000000e+00 5.114207863807678223e-01 2.502134442329406738e-01 1.823027133941650391e-01 1.015942990779876709e-01 6.846442818641662598e-01 3.796700015664100647e-02
4.029775038361549377e-03 5.499309897422790527e-01 1.905322223901748657e-01 8.950912952423095703e-01 2.677210569381713867e-01 0.000000000000000000e+00 1.091545261442661285e-02 8.605154752731323242e-01 5.221915245056152344e-01 8.993459343910217285e-01 2.126057893037796021e-01 7.536170887760818005e-04
2.367500066757202148e-01 5.378333330154418945e-01 3.197500109672546387e-01 2.102500051259994507e-01 3.602499961853027344e-01 9.784675240516662598e-01 2.054831534624099731e-01 5.117511749267578125e-01 3.015227019786834717e-01 2.668662369251251221e-01 3.590816855430603027e-01 9.188682436943054199e-01
7.705590128898620605e-01 3.973131775856018066e-01 3.222055435180664062e-01 6.207823157310485840e-01 1.766988933086395264e-01 0.000000000000000000e+00 7.593753337860107422e-01 4.598582983016967773e-01 3.434981405735015869e-01 6.088936924934387207e-01 1.329749673604965210e-01 1.124409288167953491e-01
9.607499837875366211e-01 1.688333302736282349e-01 9.202499985694885254e-01 7.357500195503234863e-01 8.472499847412109375e-01 3.547675013542175293e-01 9.248445034027099609e-01 1.825667619705200195e-01 8.260179758071899414e-01 8.428460955619812012e-01 8.566735982894897461e-01 1.691915988922119141e-01
8.889430761337280273e-01 1.651574969291687012e-01 4.375827684998512268e-02 2.345418781042098999e-01 8.570867776870727539e-02 0.000000000000000000e+00 7.440398335456848145e-01 3.256550729274749756e-01 3.166786432266235352e-01 3.124243319034576416e-01 7.123465836048126221e-02 1.471622139215469360e-01
4.821956753730773926e-01 4.515101611614227295e-01 1.545401066541671753e-01 6.256832480430603027e-01 9.306961297988891602e-01 0.000000000000000000e+00 4.874593615531921387e-01 6.289550662040710449e-01 5.749832391738891602e-01 3.129281401634216309e-01 9.037699103355407715e-01 5.225991085171699524e-02
3.424999862909317017e-02 4.754999876022338867e-01 7.697499990463256836e-01 2.577500045299530029e-01 8.107500076293945312e-01 5.834575295448303223e-01 8.356444537639617920e-02 4.301866888999938965e-01 6.136820316314697266e-01 3.982145488262176514e-01 8.148924708366394043e-01 2.169696241617202759e-01
9.327499866485595703e-01 1.961666643619537354e-01 5.502499938011169434e-01 5.617499947547912598e-01 1.867499947547912598e-01 6.260275244712829590e-01 9.484103322029113770e-01 4.059474766254425049e-01 5.309191346168518066e-01 5.691103339195251465e-01 1.644845157861709595e-01 5.642002820968627930e-01
6.287500262260437012e-01 3.498333394527435303e-01 2.857500016689300537e-01 3.732500076293945312e-01 4.812499880790710449e-01 6.388974785804748535e-01 5.969012379646301270e-01 4.289678931236267090e-01 3.044248521327972412e-01 4.092275798320770264e-01 4.644019603729248047e-01 5.867336392402648926e-01
9.336859583854675293e-01 1.212859973311424255e-01 8.150290250778198242e-01 8.057019114494323730e-01 2.176311463117599487e-01 0.000000000000000000e+00 8.956598639488220215e-01 2.049288600683212280e-01 9.028386473655700684e-01 8.466963171958923340e-01 1.969213932752609253e-01 9.243784472346305847e-03
8.311135768890380859e-01 7.564338445663452148e-01 4.961643218994140625e-01 4.560894966125488281e-01 9.441298246383666992e-01 0.000000000000000000e+00 8.194769620895385742e-01 5.403603911399841309e-01 4.058793187141418457e-01 5.024901032447814941e-01 9.143860936164855957e-01 2.991350740194320679e-02
9.140678644180297852e-01 9.511330127716064453e-01 6.816827058792114258e-01 3.926156759262084961e-01 3.718931078910827637e-01 0.000000000000000000e+00 9.153962731361389160e-01 7.731562852859497070e-01 4.648222029209136963e-01 5.829128623008728027e-01 3.657869994640350342e-01 1.137515529990196228e-02
6.862499713897705078e-01 1.848333328962326050e-01 1.072499975562095642e-01 1.247500032186508179e-01 1.492500007152557373e-01 7.700725197792053223e-01 5.618769526481628418e-01 2.707544863224029541e-01 2.630050182342529297e-01 1.552154719829559326e-01 1.252505779266357422e-01 5.490638017654418945e-01
1.617500036954879761e-01 3.955000042915344238e-01 7.982500195503234863e-01 6.612499952316284180e-01 5.727499723434448242e-01 7.512624859809875488e-01 1.457496434450149536e-01 3.834128975868225098e-01 7.057313323020935059e-01 7.600603103637695312e-01 5.684037208557128906e-01 6.536480784416198730e-01
9.432244300842285156e-01 6.209775209426879883e-01 4.252146482467651367e-01 1.917057484388351440e-02 2.403779774904251099e-01 0.000000000000000000e+00 8.173012137413024902e-01 6.273561120033264160e-01 2.637868523597717285e-01 3.378825187683105469e-01 2.112890779972076416e-01 4.470541328191757202e-02
2.544330060482025146e-02 5.197003483772277832e-01 2.350323796272277832e-01 5.688580125570297241e-02 5.452772378921508789e-01 0.000000000000000000e+00 4.821493849158287048e-02 5.307447314262390137e-01 3.775214552879333496e-01 1.383641064167022705e-01 6.347174048423767090e-01 2.099462039768695831e-02
9.465052187442779541e-02 4.589625000953674316e-01 2.768287658691406250e-01 5.443560481071472168e-01 6.657872796058654785e-01 0.000000000000000000e+00 1.006202176213264465e-01 6.290839314460754395e-01 5.095803141593933105e-01 5.558264851570129395e-01 6.839090585708618164e-01 1.352287828922271729e-02
8.002499938011169434e-01 3.785000145435333252e-01 3.072499930858612061e-01 7.832499742507934570e-01 1.722500026226043701e-01 9.418374896049499512e-01 7.414882183074951172e-01 4.492624104022979736e-01 3.867117166519165039e-01 5.976169705390930176e-01 1.457416713237762451e-01 4.231911599636077881e-01
4.174999892711639404e-02 7.754999995231628418e-01 2.872500121593475342e-01 9.377499818801879883e-01 2.587499916553497314e-01 1.557774990797042847e-01 4.794418439269065857e-02 7.814667820930480957e-01 2.885009646415710449e-01 9.363148808479309082e-01 3.210478425025939941e-01 1.854025013744831085e-02
7.067499756813049316e-01 2.685000002384185791e-01 5.397499799728393555e-01 7.762500047683715820e-01 7.002500295639038086e-01 1.295424997806549072e-01 7.592611312866210938e-01 2.683881819248199463e-01 5.454901456832885742e-01 7.047705650329589844e-01 6.843457818031311035e-01 7.403218746185302734e-02
6.862499713897705078e-01 1.848333328962326050e-01 1.072499975562095642e-01 1.247500032186508179e-01 1.492500007152557373e-01 7.700725197792053223e-01 5.618769526481628418e-01 2.707544863224029541e-01 2.630050182342529297e-01 1.552154719829559326e-01 1.252505779266357422e-01 5.490638017654418945e-01
3.186372518539428711e-01 2.657299935817718506e-01 3.058153390884399414e-01 3.193354606628417969e-01 9.838957190513610840e-01 0.000000000000000000e+00 3.357121050357818604e-01 2.965731322765350342e-01 4.503983557224273682e-01 1.808695346117019653e-01 9.533610939979553223e-01 3.824152797460556030e-02
4.410265088081359863e-01 4.445918202400207520e-01 6.159507632255554199e-01 2.992744930088520050e-02 5.177029371261596680e-01 0.000000000000000000e+00 4.013158380985260010e-01 3.638775646686553955e-01 3.086754679679870605e-01 3.226574957370758057e-01 5.024852156639099121e-01 7.007028907537460327e-02
8.624999970197677612e-02 7.328333258628845215e-01 8.352500200271606445e-01 5.232499837875366211e-01 8.042500019073486328e-01 1.424124985933303833e-01 1.141059324145317078e-01 6.917752623558044434e-01 8.442556858062744141e-01 5.200463533401489258e-01 8.486922383308410645e-01 7.417214661836624146e-02
5.647554993629455566e-02 8.230205178260803223e-01 1.155360043048858643e-02 2.796781957149505615e-01 9.580357074737548828e-01 0.000000000000000000e+00 1.382458657026290894e-01 9.665808081626892090e-01 4.550273343920707703e-02 1.171669512987136841e-01 9.757996201515197754e-01 7.754191756248474121e-06
9.992499947547912598e-01 2.108333259820938110e-01 4.542500078678131104e-01 9.667500257492065430e-01 7.722499966621398926e-01 5.196024775505065918e-01 9.223154187202453613e-01 2.564811706542968750e-01 5.987123847007751465e-01 8.427808880805969238e-01 7.871670126914978027e-01 4.329144656658172607e-01
3.934780135750770569e-02 9.572846889495849609e-01 1.633909195661544800e-01 7.524203062057495117e-01 2.860488593578338623e-01 0.000000000000000000e+00 1.143748871982097626e-02 9.804922342300415039e-01 4.182670731097459793e-03 8.905748724937438965e-01 2.828334569931030273e-01 3.662908554247223947e-08
8.219090700149536133e-01 5.075433254241943359e-01 7.901386022567749023e-01 5.852057337760925293e-01 8.226886987686157227e-01 0.000000000000000000e+00 7.898316979408264160e-01 3.900238573551177979e-01 5.869778990745544434e-01 8.392991423606872559e-01 8.391852974891662598e-01 3.213744610548019409e-02
5.992500185966491699e-01 7.551666498184204102e-01 8.052499890327453613e-01 4.177500009536743164e-01 7.957500219345092773e-01 1.696375012397766113e-01 5.907052159309387207e-01 7.752657532691955566e-01 7.274079918861389160e-01 5.148072242736816406e-01 7.982749938964843750e-01 1.020927950739860535e-01
8.624660968780517578e-01 2.584648430347442627e-01 1.001755222678184509e-01 2.783907949924468994e-01 3.945050239562988281e-01 0.000000000000000000e+00 7.297757267951965332e-01 3.198565840721130371e-01 4.913129210472106934e-01 2.963398694992065430e-01 3.982804417610168457e-01 3.598746657371520996e-02
9.197499752044677734e-01 7.251666784286499023e-01 5.852500200271606445e-01 9.272500276565551758e-01 1.032499969005584717e-01 7.730425000190734863e-01 9.452699422836303711e-01 6.859599947929382324e-01 5.712392330169677734e-01 7.304747700691223145e-01 1.034531071782112122e-01 4.061600565910339355e-01
8.931031227111816406e-01 1.903319954872131348e-01 4.897669255733489990e-01 7.112867236137390137e-01 9.114015102386474609e-01 0.000000000000000000e+00 9.012535810470581055e-01 3.113345205783843994e-01 5.383179187774658203e-01 7.451322674751281738e-01 8.942723274230957031e-01 7.505261898040771484e-02
3.992500007152557373e-01 4.884999990463256836e-01 2.152500003576278687e-01 9.512500166893005371e-01 1.624999940395355225e-02 1.448875069618225098e-01 4.286036193370819092e-01 4.356583356857299805e-01 2.578125000000000000e-01 7.075694203376770020e-01 3.929311782121658325e-02 2.689886651933193207e-02
8.725000172853469849e-02 5.738333463668823242e-01 8.117499947547912598e-01 8.967499732971191406e-01 4.697499871253967285e-01 8.616474866867065430e-01 6.971681863069534302e-02 5.328512787818908691e-01 8.002980947494506836e-01 8.130698204040527344e-01 4.723584353923797607e-01 7.466103434562683105e-01
3.110774457454681396e-01 2.799483239650726318e-01 1.195172965526580811e-01 7.361651659011840820e-01 7.854291200637817383e-01 0.000000000000000000e+00 4.375068247318267822e-01 4.953876435756683350e-01 3.862982988357543945e-01 3.473678231239318848e-01 8.326186537742614746e-01 1.863877028226852417e-01
3.481698632240295410e-01 1.001556664705276489e-01 8.267007768154144287e-02 8.355787992477416992e-01 7.874544262886047363e-01 0.000000000000000000e+00 4.435888826847076416e-01 2.561461329460144043e-01 4.757671952247619629e-01 3.377325236797332764e-01 8.394104242324829102e-01 3.103270940482616425e-02
1.617500036954879761e-01 3.955000042915344238e-01 7.982500195503234863e-01 6.612499952316284180e-01 5.727499723434448242e-01 7.512624859809875488e-01 1.457496434450149536e-01 3.834128975868225098e-01 7.057313323020935059e-01 7.600603103637695312e-01 5.684037208557128906e-01 6.536480784416198730e-01
7.358422130346298218e-02 4.168791770935058594e-01 6.926004886627197266e-01 1.707233190536499023e-01 3.622278869152069092e-01 0.000000000000000000e+00 5.437565594911575317e-02 3.461773395538330078e-01 6.729966402053833008e-01 2.210572063922882080e-01 3.950475752353668213e-01 7.003059145063161850e-03
1.410933732986450195e-01 8.972766995429992676e-02 2.542624771595001221e-01 8.673640489578247070e-01 9.529482722282409668e-01 0.000000000000000000e+00 2.005062848329544067e-01 1.981894224882125854e-01 6.590441465377807617e-01 6.124685406684875488e-01 9.233509302139282227e-01 1.117251347750425339e-02
6.872500181198120117e-01 1.895000040531158447e-01 7.222499847412109375e-01 8.382499814033508301e-01 9.427499771118164062e-01 2.389374971389770508e-01 7.579750418663024902e-01 2.102215886116027832e-01 7.064021825790405273e-01 7.537704706192016602e-01 8.747138977050781250e-01 3.778615593910217285e-02
6.339268088340759277e-01 7.627993226051330566e-01 3.885212242603302002e-01 4.981596171855926514e-01 5.936215519905090332e-01 0.000000000000000000e+00 6.014522314071655273e-01 6.209891438484191895e-01 3.404486179351806641e-01 5.655407309532165527e-01 6.094362735748291016e-01 9.085915237665176392e-02
5.208318233489990234e-01 1.993296593427658081e-01 2.436734288930892944e-01 8.349086642265319824e-01 1.654038429260253906e-01 0.000000000000000000e+00 5.750303268432617188e-01 3.162897527217864990e-01 4.119079411029815674e-01 5.899447798728942871e-01 1.177482530474662781e-01 1.890241727232933044e-02
1.775000058114528656e-02 2.228333353996276855e-01 6.617500185966491699e-01 5.175000056624412537e-02 1.687500029802322388e-01 7.329475283622741699e-01 1.164602115750312805e-02 1.966850906610488892e-01 7.496017217636108398e-01 9.930365532636642456e-02 9.483741223812103271e-02 8.197031617164611816e-01
1.502500027418136597e-01 6.945000290870666504e-01 7.067499756813049316e-01 2.177499979734420776e-01 9.425000101327896118e-02 7.354224920272827148e-01 1.312279254198074341e-01 6.689800024032592773e-01 6.716676950454711914e-01 1.893942058086395264e-01 1.194252297282218933e-01 8.317698836326599121e-01
7.929078340530395508e-01 7.424801588058471680e-01 3.593440949916839600e-01 1.305046975612640381e-01 4.886119961738586426e-01 0.000000000000000000e+00 7.981826663017272949e-01 7.236951589584350586e-01 2.349512130022048950e-01 3.087446987628936768e-01 4.708241522312164307e-01 4.243973270058631897e-02
4.567193686962127686e-01 8.852186799049377441e-01 7.052542269229888916e-02 5.187199711799621582e-01 4.079001843929290771e-01 0.000000000000000000e+00 4.349845647811889648e-01 9.628300666809082031e-01 5.528238415718078613e-02 5.455290675163269043e-01 3.822610080242156982e-01 1.035121851600706577e-03
7.629153728485107422e-01 4.095410108566284180e-01 4.738632589578628540e-02 8.701633810997009277e-01 4.850849974900484085e-03 0.000000000000000000e+00 7.189988493919372559e-01 6.717711091041564941e-01 3.966648280620574951e-01 5.723674297332763672e-01 3.294129669666290283e-02 1.644588628550991416e-04
7.925000041723251343e-02 4.868333339691162109e-01 4.742499887943267822e-01 2.274999953806400299e-02 9.662500023841857910e-01 8.477874994277954102e-01 1.085383668541908264e-01 4.740700125694274902e-01 5.079020261764526367e-01 1.458095312118530273e-01 9.780873060226440430e-01 6.030818819999694824e-01
5.992500185966491699e-01 7.551666498184204102e-01 8.052499890327453613e-01 4.177500009536743164e-01 7.957500219345092773e-01 1.696375012397766113e-01 5.907052159309387207e-01 7.752657532691955566e-01 7.274079918861389160e-01 5.148072242736816406e-01 7.982749938964843750e-01 1.020927950739860535e-01
5.205155611038208008e-01 5.988386869430541992e-01 3.241222500801086426e-01 2.790701985359191895e-01 8.631881475448608398e-01 0.000000000000000000e+00 6.286983489990234375e-01 4.926182031631469727e-01 4.345232248306274414e-01 5.783146619796752930e-02 8.980596065521240234e-01 3.453990444540977478e-02
6.424999982118606567e-02 3.221666812896728516e-01 1.432500034570693970e-01 9.674999862909317017e-02 7.162500023841857910e-01 4.161475002765655518e-01 1.210595890879631042e-01 4.424796402454376221e-01 2.638651728630065918e-01 2.743750810623168945e-01 7.136036157608032227e-01 4.073184728622436523e-01
7.037500143051147461e-01 2.081666737794876099e-01 5.124999955296516418e-02 8.377500176429748535e-01 9.057499766349792480e-01 5.740525126457214355e-01 6.354861259460449219e-01 2.482568174600601196e-01 2.277175039052963257e-01 7.455250620841979980e-01 8.717379570007324219e-01 4.719053208827972412e-01
5.251175165176391602e-01 1.990288347005844116e-01 3.066509962081909180e-01 2.147978544235229492e-01 3.066003918647766113e-01 0.000000000000000000e+00 4.743368923664093018e-01 1.902267187833786011e-01 3.523691296577453613e-01 2.615760266780853271e-01 3.361996710300445557e-01 5.500978603959083557e-02
9.992499947547912598e-01 2.108333259820938110e-01 4.542500078678131104e-01 9.667500257492065430e-01 7.722499966621398926e-01 5.196024775505065918e-01 9.223154187202453613e-01 2.564811706542968750e-01 5.987123847007751465e-01 8.427808880805969238e-01 7.871670126914978027e-01 4.329144656658172607e-01
8.882735967636108398e-01 3.978766500949859619e-02 6.814581155776977539e-01 8.146852254867553711e-02 2.043937295675277710e-01 0.000000000000000000e+00 8.169316649436950684e-01 3.193116784095764160e-01 4.549274444580078125e-01 5.304860472679138184e-01 1.675037592649459839e-01 2.142203003168106079e-01
6.671879291534423828e-01 2.318110018968582153e-01 6.519143581390380859e-01 8.056336641311645508e-01 3.975026309490203857e-01 0.000000000000000000e+00 6.957949995994567871e-01 2.733753919601440430e-01 6.264737844467163086e-01 7.498123645782470703e-01 3.922954201698303223e-01 1.629973389208316803e-02
1.562500000000000000e-01 2.598333358764648438e-01 1.867499947547912598e-01 7.337499856948852539e-01 2.272499948740005493e-01 8.548749983310699463e-02 1.908328831195831299e-01 3.057480454444885254e-01 2.888657748699188232e-01 6.043159961700439453e-01 1.759670525789260864e-01 7.442537695169448853e-02
3.557499945163726807e-01 4.548333287239074707e-01 2.712500095367431641e-01 3.907499909400939941e-01 8.172500133514404297e-01 1.033075004816055298e-01 3.871379792690277100e-01 4.502590894699096680e-01 3.226689696311950684e-01 3.826805055141448975e-01 7.797114849090576172e-01 1.558926105499267578e-01
7.925000041723251343e-02 4.868333339691162109e-01 4.742499887943267822e-01 2.274999953806400299e-02 9.662500023841857910e-01 8.477874994277954102e-01 1.085383668541908264e-01 4.740700125694274902e-01 5.079020261764526367e-01 1.458095312118530273e-01 9.780873060226440430e-01 6.030818819999694824e-01
8.477500081062316895e-01 6.428333520889282227e-01 2.902500033378601074e-01 9.562500119209289551e-01 7.402499914169311523e-01 1.780524998903274536e-01 8.576188087463378906e-01 7.023671269416809082e-01 3.344515860080718994e-01 8.654039502143859863e-01 7.628373503684997559e-01 6.170364841818809509e-02
9.563465714454650879e-01 7.183286547660827637e-01 4.411964416503906250e-01 8.952241539955139160e-01 1.808703541755676270e-01 0.000000000000000000e+00 9.334001541137695312e-01 8.577018380165100098e-01 6.560091972351074219e-01 8.457190990447998047e-01 1.131958812475204468e-01 9.545166976749897003e-04
5.224094912409782410e-02 9.425108432769775391e-01 5.922244191169738770e-01 8.600274324417114258e-01 7.683230191469192505e-02 0.000000000000000000e+00 4.993889480829238892e-03 9.101673364639282227e-01 4.961442649364471436e-01 9.485486745834350586e-01 8.152890950441360474e-02 7.565509440610185266e-05
1.747519820928573608e-01 4.113861620426177979e-01 9.999929666519165039e-01 1.354720443487167358e-01 2.627305984497070312e-01 0.000000000000000000e+00 1.043206825852394104e-01 2.078269720077514648e-01 6.827926635742187500e-01 1.482896804809570312e-01 2.591094076633453369e-01 4.646512214094400406e-03
4.147500097751617432e-01 2.754999995231628418e-01 9.357500076293945312e-01 5.447499752044677734e-01 4.547500014305114746e-01 2.800225019454956055e-01 4.639310836791992188e-01 2.656679451465606689e-01 8.264940381050109863e-01 4.965436160564422607e-01 4.545021057128906250e-01 1.082459017634391785e-01
6.177499890327453613e-01 6.188333630561828613e-01 4.407500028610229492e-01 3.187499940395355225e-01 5.037500262260437012e-01 1.216225028038024902e-01 6.318250298500061035e-01 6.239581108093261719e-01 4.407620131969451904e-01 3.608322143554687500e-01 5.048271417617797852e-01 1.244315877556800842e-01
4.982500076293945312e-01 3.598333299160003662e-01 6.932500004768371582e-01 8.737499713897705078e-01 3.422499895095825195e-01 8.552125096321105957e-01 5.442555546760559082e-01 3.682297170162200928e-01 6.243611574172973633e-01 7.205952405929565430e-01 3.086028993129730225e-01 6.082612872123718262e-01
4.603296518325805664e-01 2.658689916133880615e-01 3.644340112805366516e-02 1.285337954759597778e-01 5.707914233207702637e-01 0.000000000000000000e+00 3.996017575263977051e-01 1.734791398048400879e-01 1.688009351491928101e-01 4.658774659037590027e-02 5.745747089385986328e-01 4.903490189462900162e-03
5.922499895095825195e-01 3.555000126361846924e-01 8.552500009536743164e-01 7.402499914169311523e-01 2.752499878406524658e-01 4.394125044345855713e-01 6.743943691253662109e-01 3.299357891082763672e-01 6.823282837867736816e-01 6.999777555465698242e-01 2.467079460620880127e-01 2.713340818881988525e-01
3.514902591705322266e-01 5.282038450241088867e-01 4.427138864994049072e-01 2.031717300415039062e-01 9.533013701438903809e-01 0.000000000000000000e+00 4.092007875442504883e-01 6.638100147247314453e-01 5.999081730842590332e-01 9.620816260576248169e-02 9.365031719207763672e-01 4.888933151960372925e-03
2.152500003576278687e-01 8.138333559036254883e-01 9.817500114440917969e-01 6.437500119209289551e-01 5.357499718666076660e-01 7.557175159454345703e-01 1.954002529382705688e-01 7.583081722259521484e-01 8.311895728111267090e-01 6.941542029380798340e-01 5.542740225791931152e-01 7.565921545028686523e-01
6.872500181198120117e-01 1.895000040531158447e-01 7.222499847412109375e-01 8.382499814033508301e-01 9.427499771118164062e-01 2.389374971389770508e-01 7.579750418663024902e-01 2.102215886116027832e-01 7.064021825790405273e-01 7.537704706192016602e-01 8.747138977050781250e-01 3.778615593910217285e-02
1.586422473192214966e-01 5.389561653137207031e-01 9.613280296325683594e-01 7.443649172782897949e-01 1.527983546257019043e-01 0.000000000000000000e+00 6.543249636888504028e-02 4.222403168678283691e-01 8.571614623069763184e-01 7.480201125144958496e-01 1.268209964036941528e-01 3.911940008401870728e-02
7.737500071525573730e-01 4.474999904632568359e-01 6.207500100135803223e-01 8.602499961853027344e-01 5.787500143051147461e-01 4.166424870491027832e-01 8.212025761604309082e-01 5.331145524978637695e-01 5.686525106430053711e-01 7.992262244224548340e-01 5.833021402359008789e-01 3.156673312187194824e-01
8.577499985694885254e-01 2.168333381414413452e-01 2.547500133514404297e-01 3.422499895095825195e-01 2.307499945163726807e-01 5.324724912643432617e-01 7.979202866554260254e-01 3.204142153263092041e-01 3.099684417247772217e-01 3.281001150608062744e-01 1.930059641599655151e-01 3.382112085819244385e-01
3.164082765579223633e-01 3.811011612415313721e-01 4.877522587776184082e-01 7.449702173471450806e-02 6.252295374870300293e-01 0.000000000000000000e+00 2.761392593383789062e-01 2.618165612220764160e-01 4.198440611362457275e-01 1.550002992153167725e-01 6.785812377929687500e-01 1.838958449661731720e-02
4.962500035762786865e-01 5.658333301544189453e-01 8.657500147819519043e-01 8.772500157356262207e-01 2.282499969005584717e-01 8.131374716758728027e-01 4.983427822589874268e-01 4.895193874835968018e-01 6.918647289276123047e-01 8.054840564727783203e-01 2.153428345918655396e-01 6.611287593841552734e-01
4.448175430297851562e-01 1.372028291225433350e-01 4.836336076259613037e-01 9.447606801986694336e-01 7.061145305633544922e-01 0.000000000000000000e+00 4.510662853717803955e-01 1.886943280696868896e-01 7.273921966552734375e-01 8.448214530944824219e-01 7.920880913734436035e-01 6.750967353582382202e-02
9.371743202209472656e-01 1.411593407392501831e-01 1.647354066371917725e-01 1.026594266295433044e-01 7.906585931777954102e-01 0.000000000000000000e+00 7.833285927772521973e-01 2.032831162214279175e-01 3.518746197223663330e-01 1.511124819517135620e-01 8.108570575714111328e-01 5.201969761401414871e-03
1.925300061702728271e-02 1.544934958219528198e-01 7.509841322898864746e-01 1.386875063180923462e-01 4.355928301811218262e-01 0.000000000000000000e+00 7.788008451461791992e-02 1.939619630575180054e-01 4.382061362266540527e-01 1.184578388929367065e-01 4.859089553356170654e-01 4.767374321818351746e-02
8.371962904930114746e-01 7.151970267295837402e-01 8.557171821594238281e-01 1.381438821554183960e-01 9.931120276451110840e-01 0.000000000000000000e+00 8.091446161270141602e-01 7.027699351310729980e-01 5.333124995231628418e-01 4.537216424942016602e-01 9.270371198654174805e-01 6.452203541994094849e-02
4.093851447105407715e-01 9.473299980163574219e-02 7.217432260513305664e-01 9.335811734199523926e-01 9.700036048889160156e-01 0.000000000000000000e+00 4.990752041339874268e-01 1.580393463373184204e-01 6.194522976875305176e-01 8.482177257537841797e-01 9.284288287162780762e-01 1.504517346620559692e-02
3.557499945163726807e-01 4.548333287239074707e-01 2.712500095367431641e-01 3.907499909400939941e-01 8.172500133514404297e-01 1.033075004816055298e-01 3.871379792690277100e-01 4.502590894699096680e-01 3.226689696311950684e-01 3.826805055141448975e-01 7.797114849090576172e-01 1.558926105499267578e-01
8.286790847778320312e-01 5.796900019049644470e-02 4.715147614479064941e-01 9.476334452629089355e-01 7.747316360473632812e-01 0.000000000000000000e+00 7.998786568641662598e-01 1.726793199777603149e-01 8.413626551628112793e-01 7.864831686019897461e-01 8.279756307601928711e-01 5.688783712685108185e-03
3.957499861717224121e-01 2.851666808128356934e-01 4.972499907016754150e-01 6.037499904632568359e-01 7.942500114440917969e-01 1.310275048017501831e-01 4.272012710571289062e-01 3.406921029090881348e-01 5.254444479942321777e-01 7.043980360031127930e-01 7.699790596961975098e-01 9.754656255245208740e-02
8.997499942779541016e-01 3.171666562557220459e-01 7.972499728202819824e-01 1.452499926090240479e-01 7.557500004768371582e-01 8.012574911117553711e-01 8.797512650489807129e-01 3.439547419548034668e-01 6.759860515594482422e-01 2.234451919794082642e-01 7.241950035095214844e-01 7.061135768890380859e-01
4.377500116825103760e-01 3.538333475589752197e-01 5.725000053644180298e-02 3.642500042915344238e-01 2.675000019371509552e-02 4.453524947166442871e-01 4.228012263774871826e-01 3.488244414329528809e-01 1.627362221479415894e-01 2.708706855773925781e-01 5.706942453980445862e-02 2.257147580385208130e-01
8.942499756813049316e-01 6.038333177566528320e-01 5.497499704360961914e-01 4.132499992847442627e-01 4.922499954700469971e-01 4.413925111293792725e-01 9.062815308570861816e-01 5.985388159751892090e-01 4.945496916770935059e-01 4.055340588092803955e-01 5.140224099159240723e-01 2.472470551729202271e-01
6.337707489728927612e-02 1.044816710054874420e-02 8.643751144409179688e-01 9.160760641098022461e-01 9.571183919906616211e-01 0.000000000000000000e+00 2.072895169258117676e-01 1.678951829671859741e-01 4.680886268615722656e-01 7.127586603164672852e-01 9.455862641334533691e-01 7.327677309513092041e-02
9.242500066757202148e-01 5.005000233650207520e-01 6.162499785423278809e-01 5.257499814033508301e-01 7.982500195503234863e-01 2.864575088024139404e-01 8.935670256614685059e-01 3.764602541923522949e-01 5.643697977066040039e-01 5.581012368202209473e-01 8.121701478958129883e-01 1.614132821559906006e-01
8.012499809265136719e-01 2.465000003576278687e-01 1.237500011920928955e-01 8.877500295639038086e-01 9.302499890327453613e-01 4.512925148010253906e-01 7.787053585052490234e-01 3.860737085342407227e-01 2.319295704364776611e-01 8.541110157966613770e-01 8.840080499649047852e-01 4.387909471988677979e-01
9.942499995231628418e-01 2.911666631698608398e-01 8.725000172853469849e-02 9.897500276565551758e-01 3.057500123977661133e-01 6.082075238227844238e-01 9.414109587669372559e-01 4.025142490863800049e-01 2.164048403501510620e-01 7.851244211196899414e-01 2.673292756080627441e-01 3.990326523780822754e-01
8.425000309944152832e-02 3.655000030994415283e-01 1.875000074505805969e-02 4.672499895095825195e-01 2.232500016689300537e-01 3.839724957942962646e-01 1.254950463771820068e-01 4.707156121730804443e-01 1.461561024188995361e-01 5.108930468559265137e-01 1.654895097017288208e-01 4.226414561271667480e-01
8.358655571937561035e-01 5.758491754531860352e-01 5.992009043693542480e-01 5.105095505714416504e-01 7.577171325683593750e-01 0.000000000000000000e+00 8.533746600151062012e-01 4.660131037235260010e-01 5.681698322296142578e-01 5.221426486968994141e-01 7.769135236740112305e-01 1.320174038410186768e-01
3.762499988079071045e-01 2.175000011920928955e-01 1.457500010728836060e-01 2.972500026226043701e-01 3.892500102519989014e-01 4.686174988746643066e-01 4.069389700889587402e-01 2.654993534088134766e-01 1.682487577199935913e-01 3.295743763446807861e-01 3.579448461532592773e-01 4.681175351142883301e-01
4.147500097751617432e-01 2.754999995231628418e-01 9.357500076293945312e-01 5.447499752044677734e-01 4.547500014305114746e-01 2.800225019454956055e-01 4.639310836791992188e-01 2.656679451465606689e-01 8.264940381050109863e-01 4.965436160564422607e-01 4.545021057128906250e-01 1.082459017634391785e-01
9.783800244331359863e-01 1.931201666593551636e-01 4.277235269546508789e-01 4.687355086207389832e-02 4.717236757278442383e-01 0.000000000000000000e+00 8.359202146530151367e-01 3.579783141613006592e-01 4.171600341796875000e-01 3.397380411624908447e-01 5.114642381668090820e-01 1.199655309319496155e-01
9.197499752044677734e-01 7.251666784286499023e-01 5.852500200271606445e-01 9.272500276565551758e-01 1.032499969005584717e-01 7.730425000190734863e-01 9.452699422836303711e-01 6.859599947929382324e-01 5.712392330169677734e-01 7.304747700691223145e-01 1.034531071782112122e-01 4.061600565910339355e-01
7.737500071525573730e-01 4.474999904632568359e-01 6.207500100135803223e-01 8.602499961853027344e-01 5.787500143051147461e-01 4.166424870491027832e-01 8.212025761604309082e-01 5.331145524978637695e-01 5.686525106430053711e-01 7.992262244224548340e-01 5.833021402359008789e-01 3.156673312187194824e-01
6.872500181198120117e-01 1.895000040531158447e-01 7.222499847412109375e-01 8.382499814033508301e-01 9.427499771118164062e-01 2.389374971389770508e-01 7.579750418663024902e-01 2.102215886116027832e-01 7.064021825790405273e-01 7.537704706192016602e-01 8.747138977050781250e-01 3.778615593910217285e-02
2.181751281023025513e-01 1.517388373613357544e-01 8.444740772247314453e-01 2.273895293474197388e-01 6.376864314079284668e-01 0.000000000000000000e+00 1.799106001853942871e-01 1.462574899196624756e-01 6.386936902999877930e-01 5.261682868003845215e-01 6.316027641296386719e-01 4.488109610974788666e-03
4.377500116825103760e-01 3.538333475589752197e-01 5.725000053644180298e-02 3.642500042915344238e-01 2.675000019371509552e-02 4.453524947166442871e-01 4.228012263774871826e-01 3.488244414329528809e-01 1.627362221479415894e-01 2.708706855773925781e-01 5.706942453980445862e-02 2.257147580385208130e-01
3.858622536063194275e-02 5.210751891136169434e-01 6.239086389541625977e-01 4.247768521308898926e-01 2.650919929146766663e-02 0.000000000000000000e+00 9.818927384912967682e-03 4.865883588790893555e-01 8.997902870178222656e-01 2.754861414432525635e-01 3.431952372193336487e-02 9.436721913516521454e-03
2.562499940395355225e-01 6.324999928474426270e-01 7.047500014305114746e-01 3.497500121593475342e-01 2.192499935626983643e-01 1.760724931955337524e-01 3.001985549926757812e-01 6.035028696060180664e-01 6.835567355155944824e-01 2.711639702320098877e-01 2.010476589202880859e-01 1.981575042009353638e-01
7.067499756813049316e-01 2.685000002384185791e-01 5.397499799728393555e-01 7.762500047683715820e-01 7.002500295639038086e-01 1.295424997806549072e-01 7.592611312866210938e-01 2.683881819248199463e-01 5.454901456832885742e-01 7.047705650329589844e-01 6.843457818031311035e-01 7.403218746185302734e-02
3.842499852180480957e-01 7.928333282470703125e-01 6.317499876022338867e-01 7.692499756813049316e-01 8.192499876022338867e-01 7.433425188064575195e-01 3.959587216377258301e-01 7.509683370590209961e-01 6.960948109626770020e-01 7.868927717208862305e-01 8.452066779136657715e-01 6.544247865676879883e-01
2.732145190238952637e-01 5.470899865031242371e-02 3.665995299816131592e-01 2.556996941566467285e-01 9.240424633026123047e-01 0.000000000000000000e+00 3.475267887115478516e-01 2.280503064393997192e-01 4.121831953525543213e-01 1.248320043087005615e-01 9.097561836242675781e-01 9.584420360624790192e-03
1.768187433481216431e-02 5.756905078887939453e-01 3.936410248279571533e-01 1.558362692594528198e-01 2.465308755636215210e-01 0.000000000000000000e+00 1.719689369201660156e-02 6.682624816894531250e-01 5.219966173171997070e-01 2.930999696254730225e-01 2.102050632238388062e-01 3.276272444054484367e-03
2.087499946355819702e-01 8.308333158493041992e-01 8.952500224113464355e-01 2.347500026226043701e-01 1.957499980926513672e-01 4.715875089168548584e-01 2.121057957410812378e-01 7.402299046516418457e-01 8.259010910987854004e-01 2.078222781419754028e-01 2.304909676313400269e-01 5.363792777061462402e-01
9.327499866485595703e-01 1.961666643619537354e-01 5.502499938011169434e-01 5.617499947547912598e-01 1.867499947547912598e-01 6.260275244712829590e-01 9.484103322029113770e-01 4.059474766254425049e-01 5.309191346168518066e-01 5.691103339195251465e-01 1.644845157861709595e-01 5.642002820968627930e-01
1.117499992251396179e-01 3.808333277702331543e-01 1.052500009536743164e-01 5.272499918937683105e-01 7.074999809265136719e-02 1.810224950313568115e-01 1.374514698982238770e-01 3.049782514572143555e-01 1.307238787412643433e-01 3.671231567859649658e-01 6.749560683965682983e-02 4.282730445265769958e-02
5.567499995231628418e-01 4.368333220481872559e-01 8.874999731779098511e-02 9.472500085830688477e-01 8.372499942779541016e-01 5.433624982833862305e-01 5.597423315048217773e-01 4.975108504295349121e-01 1.386526077985763550e-01 9.138104319572448730e-01 8.403158187866210938e-01 5.001618862152099609e-01
6.927499771118164062e-01 6.318333148956298828e-01 3.787499964237213135e-01 6.617500185966491699e-01 3.747499883174896240e-01 4.196124970912933350e-01 7.183616757392883301e-01 6.623769402503967285e-01 4.437746405601501465e-01 5.965687036514282227e-01 3.746386766433715820e-01 2.530626356601715088e-01
3.567500114440917969e-01 3.388333320617675781e-01 5.867499709129333496e-01 6.472499966621398926e-01 5.577499866485595703e-01 3.404124975204467773e-01 4.042490422725677490e-01 2.541686296463012695e-01 5.501491427421569824e-01 6.303076148033142090e-01 5.408894419670104980e-01 2.123390585184097290e-01
1.303765028715133667e-01 6.308588385581970215e-01 2.236914038658142090e-01 8.677648305892944336e-01 8.659299015998840332e-01 0.000000000000000000e+00 1.100741028785705566e-01 7.880676388740539551e-01 5.140004158020019531e-01 8.283774256706237793e-01 8.287061452865600586e-01 2.283859252929687500e-02
5.510343313217163086e-01 5.150920152664184570e-01 5.282002687454223633e-01 6.846172809600830078e-01 6.758956313133239746e-01 0.000000000000000000e+00 4.596849083900451660e-01 5.177668929100036621e-01 7.959892749786376953e-01 7.551240921020507812e-01 7.520642280578613281e-01 1.856795251369476318e-01
7.924897670745849609e-01 1.760728359222412109e-01 5.513269305229187012e-01 2.168472707271575928e-01 8.321473598480224609e-01 0.000000000000000000e+00 7.817102074623107910e-01 2.813236713409423828e-01 5.629735589027404785e-01 2.663301825523376465e-01 8.608044385910034180e-01 4.825993627309799194e-02
6.272938847541809082e-01 2.957478463649749756e-01 3.745872378349304199e-01 7.152234315872192383e-01 1.206270977854728699e-01 0.000000000000000000e+00 6.692934632301330566e-01 4.218823909759521484e-01 4.171757400035858154e-01 5.280914902687072754e-01 8.470131456851959229e-02 1.503545674495398998e-03
5.967500209808349609e-01 5.328333377838134766e-01 5.092499852180480957e-01 5.947499871253967285e-01 3.992500007152557373e-01 3.740724921226501465e-01 6.683498024940490723e-01 5.471788644790649414e-01 4.596221446990966797e-01 4.919575452804565430e-01 3.978998661041259766e-01 2.776640653610229492e-01
9.771104902029037476e-02 1.550586670637130737e-01 6.279242634773254395e-01 4.888980388641357422e-01 6.024596095085144043e-01 0.000000000000000000e+00 1.271617561578750610e-01 1.592916101217269897e-01 5.663036108016967773e-01 5.903893709182739258e-01 6.388892531394958496e-01 1.987001299858093262e-02
5.967500209808349609e-01 5.328333377838134766e-01 5.092499852180480957e-01 5.947499871253967285e-01 3.992500007152557373e-01 3.740724921226501465e-01 6.683498024940490723e-01 5.471788644790649414e-01 4.596221446990966797e-01 4.919575452804565430e-01 3.978998661041259766e-01 2.776640653610229492e-01
8.725000172853469849e-02 5.738333463668823242e-01 8.117499947547912598e-01 8.967499732971191406e-01 4.697499871253967285e-01 8.616474866867065430e-01 6.971681863069534302e-02 5.328512787818908691e-01 8.002980947494506836e-01 8.130698204040527344e-01 4.723584353923797607e-01 7.466103434562683105e-01
4.377500116825103760e-01 3.538333475589752197e-01 5.725000053644180298e-02 3.642500042915344238e-01 2.675000019371509552e-02 4.453524947166442871e-01 4.228012263774871826e-01 3.488244414329528809e-01 1.627362221479415894e-01 2.708706855773925781e-01 5.706942453980445862e-02 2.257147580385208130e-01
1.062500029802322388e-01 4.724999964237213135e-01 6.117500066757202148e-01 7.057499885559082031e-01 7.172499895095825195e-01 2.339874953031539917e-01 1.291974186897277832e-01 4.779061377048492432e-01 6.930762529373168945e-01 7.421114444732666016e-01 7.067098617553710938e-01 1.608108729124069214e-01
2.367500066757202148e-01 5.378333330154418945e-01 3.197500109672546387e-01 2.102500051259994507e-01 3.602499961853027344e-01 9.784675240516662598e-01 2.054831534624099731e-01 5.117511749267578125e-01 3.015227019786834717e-01 2.668662369251251221e-01 3.590816855430603027e-01 9.188682436943054199e-01
1.274587493389844894e-02 3.940636813640594482e-01 9.401587843894958496e-01 3.254528641700744629e-01 4.632971584796905518e-01 0.000000000000000000e+00 2.572919800877571106e-02 1.830650269985198975e-01 8.209425210952758789e-01 2.217034995555877686e-01 5.196239352226257324e-01 1.573455519974231720e-02
5.651347637176513672e-01 9.321648478507995605e-01 6.625972390174865723e-01 4.687701761722564697e-01 4.617397487163543701e-01 0.000000000000000000e+00 5.897757411003112793e-01 6.879805922508239746e-01 2.348449230194091797e-01 5.597955584526062012e-01 4.549185931682586670e-01 1.224933788180351257e-01
6.227499842643737793e-01 5.504999756813049316e-01 9.182500243186950684e-01 2.882499992847442627e-01 4.312500059604644775e-01 7.106724977493286133e-01 6.326172351837158203e-01 4.776231944561004639e-01 7.852850556373596191e-01 2.678577005863189697e-01 4.155861437320709229e-01 7.053943276405334473e-01
2.890748381614685059e-01 1.714843362569808960e-01 8.002722263336181641e-01 3.826674222946166992e-01 2.275328040122985840e-01 0.000000000000000000e+00 2.671878635883331299e-01 1.821135133504867554e-01 5.622749924659729004e-01 5.240225195884704590e-01 1.826881468296051025e-01 2.282579988241195679e-02
6.132500171661376953e-01 4.048333466053009033e-01 4.632500112056732178e-01 7.622500061988830566e-01 1.612499952316284180e-01 7.913575172424316406e-01 6.489024758338928223e-01 4.394290745258331299e-01 4.083365499973297119e-01 6.192743778228759766e-01 1.596156656742095947e-01 6.100485324859619141e-01
5.500932410359382629e-02 5.703258514404296875e-01 3.565797805786132812e-01 6.889134645462036133e-02 4.371176064014434814e-01 0.000000000000000000e+00 4.053497686982154846e-02 6.121366620063781738e-01 4.097555279731750488e-01 2.281980514526367188e-01 4.742485582828521729e-01 1.246079150587320328e-02
7.833586335182189941e-01 3.056366741657257080e-02 9.701004028320312500e-01 9.401511549949645996e-01 2.714531719684600830e-01 0.000000000000000000e+00 8.593459725379943848e-01 1.606403142213821411e-01 9.284133315086364746e-01 8.793550729751586914e-01 2.559579610824584961e-01 2.834929386153817177e-03
8.470857739448547363e-01 2.593991756439208984e-01 2.532981932163238525e-01 8.234341740608215332e-01 1.251295506954193115e-01 0.000000000000000000e+00 7.960597872734069824e-01 4.053566455841064453e-01 5.245317220687866211e-01 6.740983724594116211e-01 7.982932031154632568e-02 2.330779097974300385e-02
1.562500000000000000e-01 2.598333358764648438e-01 1.867499947547912598e-01 7.337499856948852539e-01 2.272499948740005493e-01 8.548749983310699463e-02 1.908328831195831299e-01 3.057480454444885254e-01 2.888657748699188232e-01 6.043159961700439453e-01 1.759670525789260864e-01 7.442537695169448853e-02
5.999917536973953247e-02 6.345800161361694336e-01 4.338474944233894348e-03 7.855248451232910156e-01 2.804297804832458496e-01 0.000000000000000000e+00 5.651075392961502075e-02 9.417542219161987305e-01 3.498394414782524109e-02 8.069303035736083984e-01 2.522175014019012451e-01 8.887075819075107574e-05
6.895761489868164062e-01 9.384868144989013672e-01 4.995488524436950684e-01 4.091519862413406372e-02 9.884790778160095215e-01 0.000000000000000000e+00 6.344663500785827637e-01 7.367036938667297363e-01 3.115740716457366943e-01 2.002916336059570312e-01 9.274203777313232422e-01 1.931725628674030304e-02
6.677500009536743164e-01 6.388333439826965332e-01 2.257499992847442627e-01 1.757500022649765015e-01 1.952500045299530029e-01 1.676574945449829102e-01 6.494434475898742676e-01 6.535607576370239258e-01 2.175569981336593628e-01 2.256407141685485840e-01 2.024095356464385986e-01 7.159143686294555664e-02
3.044593930244445801e-01 7.061233520507812500e-01 5.048558115959167480e-01 9.641940593719482422e-01 1.542669981718063354e-01 0.000000000000000000e+00 3.133427798748016357e-01 7.469953298568725586e-01 6.140218973159790039e-01 8.062248229980468750e-01 8.453265577554702759e-02 1.888046390376985073e-03
4.261144399642944336e-01 8.864438533782958984e-01 1.701519042253494263e-01 3.121904134750366211e-01 8.482031226158142090e-01 0.000000000000000000e+00 4.593769013881683350e-01 9.207226037979125977e-01 2.603104114532470703e-01 1.554439365863800049e-01 8.696379661560058594e-01 4.381773062050342560e-03
3.119276463985443115e-01 1.107908338308334351e-01 9.734142571687698364e-02 8.830412477254867554e-02 5.616884231567382812e-01 0.000000000000000000e+00 3.076213002204895020e-01 1.805021911859512329e-01 1.679354012012481689e-01 5.491599440574645996e-02 5.673776268959045410e-01 4.203684628009796143e-03
4.304271042346954346e-01 7.384985089302062988e-01 7.922080755233764648e-01 4.227548837661743164e-01 5.063464045524597168e-01 0.000000000000000000e+00 4.230054616928100586e-01 6.734712123870849609e-01 5.805071592330932617e-01 5.241308808326721191e-01 4.876695573329925537e-01 1.377108842134475708e-01
5.536188483238220215e-01 6.989408135414123535e-01 9.398707747459411621e-02 7.113327980041503906e-01 1.112342029809951782e-01 0.000000000000000000e+00 5.206561088562011719e-01 8.688250184059143066e-01 1.848285943269729614e-01 5.546870231628417969e-01 8.475245535373687744e-02 1.352568622678518295e-03
4.422500133514404297e-01 1.764999926090240479e-01 4.402500092983245850e-01 1.772499978542327881e-01 7.625000178813934326e-02 4.319874942302703857e-01 4.427373409271240234e-01 2.065603882074356079e-01 3.994782567024230957e-01 1.290728598833084106e-01 6.386136263608932495e-02 2.987467348575592041e-01
9.367499947547912598e-01 3.151666522026062012e-01 9.037500023841857910e-01 7.222499847412109375e-01 3.497500121593475342e-01 3.810024857521057129e-01 9.141893386840820312e-01 2.901584804058074951e-01 8.347706794738769531e-01 7.820861935615539551e-01 3.438428044319152832e-01 2.177401930093765259e-01
9.062422513961791992e-01 2.057521641254425049e-01 6.028380990028381348e-01 2.467454969882965088e-01 9.656763672828674316e-01 0.000000000000000000e+00 8.117393851280212402e-01 1.903407424688339233e-01 5.451011657714843750e-01 4.416738450527191162e-01 9.235816597938537598e-01 5.414194893091917038e-03
6.755622625350952148e-01 8.391544818878173828e-01 6.568212509155273438e-01 5.302487611770629883e-01 4.117851555347442627e-01 0.000000000000000000e+00 6.891007423400878906e-01 8.922176361083984375e-01 3.124167323112487793e-01 7.048713564872741699e-01 4.563858807086944580e-01 5.581926088780164719e-03
9.893684834241867065e-02 5.308316946029663086e-01 6.624969840049743652e-01 1.356620788574218750e-01 1.257986277341842651e-01 0.000000000000000000e+00 3.394577279686927795e-02 4.225082993507385254e-01 5.279644131660461426e-01 1.815948486328125000e-01 1.259714066982269287e-01 9.207416325807571411e-03
9.242500066757202148e-01 5.005000233650207520e-01 6.162499785423278809e-01 5.257499814033508301e-01 7.982500195503234863e-01 2.864575088024139404e-01 8.935670256614685059e-01 3.764602541923522949e-01 5.643697977066040039e-01 5.581012368202209473e-01 8.121701478958129883e-01 1.614132821559906006e-01
7.523800134658813477e-01 6.215171813964843750e-01 7.547479271888732910e-01 2.499856948852539062e-01 4.806305095553398132e-02 0.000000000000000000e+00 6.393334269523620605e-01 4.566572308540344238e-01 4.988195300102233887e-01 4.386735260486602783e-01 5.107018351554870605e-02 9.120300412178039551e-03
6.177499890327453613e-01 6.188333630561828613e-01 4.407500028610229492e-01 3.187499940395355225e-01 5.037500262260437012e-01 1.216225028038024902e-01 6.318250298500061035e-01 6.239581108093261719e-01 4.407620131969451904e-01 3.608322143554687500e-01 5.048271417617797852e-01 1.244315877556800842e-01
8.219090700149536133e-01 5.075433254241943359e-01 7.901386022567749023e-01 5.852057337760925293e-01 8.226886987686157227e-01 0.000000000000000000e+00 7.898316979408264160e-01 3.900238573551177979e-01 5.869778990745544434e-01 8.392991423606872559e-01 8.391852974891662598e-01 3.213744610548019409e-02
5.848588347434997559e-01 9.288539886474609375e-01 4.582310020923614502e-01 4.855186045169830322e-01 3.495477512478828430e-02 0.000000000000000000e+00 5.355783700942993164e-01 7.277258634567260742e-01 2.410498410463333130e-01 4.654589891433715820e-01 4.773259907960891724e-02 1.080070273019373417e-03
7.288105487823486328e-01 1.162466686218976974e-02 4.152130186557769775e-01 3.290868103504180908e-01 7.456296086311340332e-01 0.000000000000000000e+00 6.507740020751953125e-01 2.113088220357894897e-01 4.053208231925964355e-01 6.285026073455810547e-01 7.920018434524536133e-01 1.627901010215282440e-02
9.525000303983688354e-02 5.774999856948852539e-01 1.882500052452087402e-01 4.282500147819519043e-01 5.407500267028808594e-01 2.409175038337707520e-01 1.419037878513336182e-01 5.682940483093261719e-01 2.468069791793823242e-01 4.748067855834960938e-01 5.773960947990417480e-01 7.254760712385177612e-02
4.984765052795410156e-01 4.178638458251953125e-01 3.826225399971008301e-01 5.989232063293457031e-01 8.346287608146667480e-01 0.000000000000000000e+00 4.779356420040130615e-01 6.529453992843627930e-01 6.749748587608337402e-01 5.354875326156616211e-01 8.491487503051757812e-01 7.952146977186203003e-02
2.172500044107437134e-01 6.765000224113464355e-01 9.674999862909317017e-02 9.392499923706054688e-01 9.047499895095825195e-01 6.864175200462341309e-01 2.341804057359695435e-01 7.656709551811218262e-01 1.845850348472595215e-01 8.746242523193359375e-01 9.500287175178527832e-01 7.473583817481994629e-01
3.842499852180480957e-01 7.928333282470703125e-01 6.317499876022338867e-01 7.692499756813049316e-01 8.192499876022338867e-01 7.433425188064575195e-01 3.959587216377258301e-01 7.509683370590209961e-01 6.960948109626770020e-01 7.868927717208862305e-01 8.452066779136657715e-01 6.544247865676879883e-01
4.691538512706756592e-01 8.211609721183776855e-01 3.683013319969177246e-01 1.132580265402793884e-01 1.890592724084854126e-01 0.000000000000000000e+00 4.038935005664825439e-01 7.929512262344360352e-01 2.154988050460815430e-01 1.953889131546020508e-01 1.239636465907096863e-01 6.267734337598085403e-03
2.907499969005584717e-01 4.438333213329315186e-01 6.312500238418579102e-01 9.792500138282775879e-01 9.562500119209289551e-01 8.215525150299072266e-01 2.643409967422485352e-01 4.937187731266021729e-01 7.101580500602722168e-01 9.051572084426879883e-01 8.989719152450561523e-01 7.889633774757385254e-01
2.470038682222366333e-01 8.690166473388671875e-02 8.011362552642822266e-01 2.169584929943084717e-01 7.490733265876770020e-01 0.000000000000000000e+00 2.829828858375549316e-01 1.311850249767303467e-01 6.009891033172607422e-01 2.146119773387908936e-01 7.873402237892150879e-01 4.903513472527265549e-03
9.477499723434448242e-01 2.308333367109298706e-01 1.042499989271163940e-01 3.242500126361846924e-01 1.475000008940696716e-02 7.334424853324890137e-01 8.549132347106933594e-01 3.116813600063323975e-01 1.299418509006500244e-01 2.731801867485046387e-01 4.971813410520553589e-02 4.366028606891632080e-01
2.172500044107437134e-01 6.765000224113464355e-01 9.674999862909317017e-02 9.392499923706054688e-01 9.047499895095825195e-01 6.864175200462341309e-01 2.341804057359695435e-01 7.656709551811218262e-01 1.845850348472595215e-01 8.746242523193359375e-01 9.500287175178527832e-01 7.473583817481994629e-01
9.553678035736083984e-01 2.099118381738662720e-01 6.107803583145141602e-01 7.590013146400451660e-01 8.793964982032775879e-02 0.000000000000000000e+00 9.153655171394348145e-01 4.512144923210144043e-01 7.941640615463256836e-01 7.651880383491516113e-01 8.177108317613601685e-02 5.905494326725602150e-04
3.514902591705322266e-01 5.282038450241088867e-01 4.427138864994049072e-01 2.031717300415039062e-01 9.533013701438903809e-01 0.000000000000000000e+00 4.092007875442504883e-01 6.638100147247314453e-01 5.999081730842590332e-01 9.620816260576248169e-02 9.365031719207763672e-01 4.888933151960372925e-03
1.782499998807907104e-01 5.178333520889282227e-01 6.672499775886535645e-01 5.974999815225601196e-02 6.962500214576721191e-01 1.567675024271011353e-01 2.146895527839660645e-01 5.341306328773498535e-01 6.547622084617614746e-01 1.802781671285629272e-01 6.749822497367858887e-01 1.232958808541297913e-01
4.466455876827239990e-01 7.716566920280456543e-01 5.494669675827026367e-01 1.305665969848632812e-01 1.618549972772598267e-01 0.000000000000000000e+00 4.189670085906982422e-01 6.242190599441528320e-01 5.115228891372680664e-01 1.158483698964118958e-01 1.173923015594482422e-01 1.220038905739784241e-01
4.962500035762786865e-01 5.658333301544189453e-01 8.657500147819519043e-01 8.772500157356262207e-01 2.282499969005584717e-01 8.131374716758728027e-01 4.983427822589874268e-01 4.895193874835968018e-01 6.918647289276123047e-01 8.054840564727783203e-01 2.153428345918655396e-01 6.611287593841552734e-01
5.013344287872314453e-01 3.405955135822296143e-01 7.864717841148376465e-01 5.830609798431396484e-01 2.137912064790725708e-01 0.000000000000000000e+00 6.325775980949401855e-01 2.847867906093597412e-01 5.242856144905090332e-01 4.598547518253326416e-01 1.914357692003250122e-01 3.315000608563423157e-02
5.999917536973953247e-02 6.345800161361694336e-01 4.338474944233894348e-03 7.855248451232910156e-01 2.804297804832458496e-01 0.000000000000000000e+00 5.651075392961502075e-02 9.417542219161987305e-01 3.498394414782524109e-02 8.069303035736083984e-01 2.522175014019012451e-01 8.887075819075107574e-05
5.996387600898742676e-01 6.753241419792175293e-01 9.980756044387817383e-01 6.684342622756958008e-01 4.809776842594146729e-01 0.000000000000000000e+00 6.188964247703552246e-01 6.234235167503356934e-01 6.111108064651489258e-01 8.087693452835083008e-01 4.672558009624481201e-01 2.385245077311992645e-02
5.137500166893005371e-01 6.348333358764648438e-01 5.807499885559082031e-01 9.202499985694885254e-01 1.557500064373016357e-01 5.626674890518188477e-01 5.356470942497253418e-01 4.142276942729949951e-01 4.804705381393432617e-01 7.311025857925415039e-01 1.457594037055969238e-01 2.729307711124420166e-01
8.162500262260437012e-01 6.061666607856750488e-01 4.707500040531158447e-01 2.437500059604644775e-01 1.947499960660934448e-01 3.300175070762634277e-01 8.566945195198059082e-01 5.443202257156372070e-01 2.947900593280792236e-01 3.303373157978057861e-01 2.064095735549926758e-01 2.910793423652648926e-01
3.167499899864196777e-01 7.714999914169311523e-01 3.377499878406524658e-01 3.597500026226043701e-01 8.707500100135803223e-01 7.374024987220764160e-01 3.047513961791992188e-01 6.633037328720092773e-01 3.482656478881835938e-01 2.937095761299133301e-01 9.078745841979980469e-01 6.988598704338073730e-01
7.131741046905517578e-01 6.034594774246215820e-01 4.043507575988769531e-02 5.819245055317878723e-02 6.998219490051269531e-01 0.000000000000000000e+00 7.850249409675598145e-01 4.938365519046783447e-01 9.925042092800140381e-02 7.749821990728378296e-02 7.003777027130126953e-01 9.489240124821662903e-03
3.537615835666656494e-01 1.507861614227294922e-01 3.348904848098754883e-02 5.344497561454772949e-01 1.647895425558090210e-01 0.000000000000000000e+00 3.477872312068939209e-01 2.109766304492950439e-01 3.186214864253997803e-01 2.260095328092575073e-01 1.403824836015701294e-01 4.209634289145469666e-02
2.837708890438079834e-01 2.108128368854522705e-01 6.924021244049072266e-01 8.359114527702331543e-01 3.807201981544494629e-01 0.000000000000000000e+00 3.269458115100860596e-01 2.212922424077987671e-01 6.097264885902404785e-01 7.330678701400756836e-01 4.071181714534759521e-01 2.692887932062149048e-02
3.557499945163726807e-01 4.548333287239074707e-01 2.712500095367431641e-01 3.907499909400939941e-01 8.172500133514404297e-01 1.033075004816055298e-01 3.871379792690277100e-01 4.502590894699096680e-01 3.226689696311950684e-01 3.826805055141448975e-01 7.797114849090576172e-01 1.558926105499267578e-01
9.992499947547912598e-01 2.108333259820938110e-01 4.542500078678131104e-01 9.667500257492065430e-01 7.722499966621398926e-01 5.196024775505065918e-01 9.223154187202453613e-01 2.564811706542968750e-01 5.987123847007751465e-01 8.427808880805969238e-01 7.871670126914978027e-01 4.329144656658172607e-01
5.842836499214172363e-01 8.573818206787109375e-01 2.398272454738616943e-01 3.723081648349761963e-01 3.775004148483276367e-01 0.000000000000000000e+00 5.067632198333740234e-01 8.528113365173339844e-01 1.533355265855789185e-01 4.557684063911437988e-01 3.674958944320678711e-01 1.990498602390289307e-02
5.492442473769187927e-02 2.668494880199432373e-01 2.655048370361328125e-01 2.307020425796508789e-01 1.528068929910659790e-01 0.000000000000000000e+00 6.524781882762908936e-02 3.891960084438323975e-01 4.028580188751220703e-01 8.488795906305313110e-02 1.436147540807723999e-01 8.510269969701766968e-02
2.993555366992950439e-01 3.238463401794433594e-01 7.650522589683532715e-01 1.858577504754066467e-02 2.799444198608398438e-01 0.000000000000000000e+00 2.095418274402618408e-01 2.557049095630645752e-01 6.722420454025268555e-01 1.048569008708000183e-01 2.756724059581756592e-01 1.577323861420154572e-02
6.227499842643737793e-01 5.504999756813049316e-01 9.182500243186950684e-01 2.882499992847442627e-01 4.312500059604644775e-01 7.106724977493286133e-01 6.326172351837158203e-01 4.776231944561004639e-01 7.852850556373596191e-01 2.678577005863189697e-01 4.155861437320709229e-01 7.053943276405334473e-01
7.262499928474426270e-01 3.008333444595336914e-01 2.924999967217445374e-02 6.517500281333923340e-01 3.974999859929084778e-02 5.527675151824951172e-01 7.346823215484619141e-01 3.809643387794494629e-01 1.819541305303573608e-01 4.037063121795654297e-01 5.656735971570014954e-02 1.523489207029342651e-01
5.397499799728393555e-01 4.061666727066040039e-01 6.297500133514404297e-01 3.267500102519989014e-01 3.487499952316284180e-01 6.667750328779220581e-02 5.547677278518676758e-01 3.269937336444854736e-01 6.685476899147033691e-01 2.605756223201751709e-01 3.334589898586273193e-01 6.717278063297271729e-02
7.428006529808044434e-01 9.944371581077575684e-01 9.199095964431762695e-01 5.694582685828208923e-02 8.747206330299377441e-01 0.000000000000000000e+00 8.074236512184143066e-01 8.606513738632202148e-01 3.288832902908325195e-01 3.451829552650451660e-01 8.628188371658325195e-01 1.405208185315132141e-02
3.402499854564666748e-01 7.441666722297668457e-01 1.987500041723251343e-01 1.917500048875808716e-01 2.012500017881393433e-01 2.968524992465972900e-01 3.497060835361480713e-01 7.057420611381530762e-01 1.933300048112869263e-01 2.413241267204284668e-01 2.323625087738037109e-01 2.430465221405029297e-01
3.666537702083587646e-01 1.357586681842803955e-01 7.143138051033020020e-01 5.796802639961242676e-01 4.404078423976898193e-01 0.000000000000000000e+00 3.654190599918365479e-01 2.158756405115127563e-01 5.464514493942260742e-01 7.655740976333618164e-01 4.542458057403564453e-01 1.575574278831481934e-01
1.547141224145889282e-01 2.553929984569549561e-01 5.201292634010314941e-01 3.775221705436706543e-01 2.677429616451263428e-01 0.000000000000000000e+00 1.316392272710800171e-01 3.357810676097869873e-01 5.882508158683776855e-01 2.204848676919937134e-01 2.858764827251434326e-01 3.097392059862613678e-02
5.992500185966491699e-01 7.551666498184204102e-01 8.052499890327453613e-01 4.177500009536743164e-01 7.957500219345092773e-01 1.696375012397766113e-01 5.907052159309387207e-01 7.752657532691955566e-01 7.274079918861389160e-01 5.148072242736816406e-01 7.982749938964843750e-01 1.020927950739860535e-01
6.316579580307006836e-01 8.092305064201354980e-01 6.297260522842407227e-01 4.210196435451507568e-01 3.996888995170593262e-01 0.000000000000000000e+00 6.334117650985717773e-01 5.706735849380493164e-01 4.554720818996429443e-01 3.597194552421569824e-01 4.335009753704071045e-01 2.938750088214874268e-01
6.862499713897705078e-01 1.848333328962326050e-01 1.072499975562095642e-01 1.247500032186508179e-01 1.492500007152557373e-01 7.700725197792053223e-01 5.618769526481628418e-01 2.707544863224029541e-01 2.630050182342529297e-01 1.552154719829559326e-01 1.252505779266357422e-01 5.490638017654418945e-01
2.225000038743019104e-02 6.468333601951599121e-01 7.072499990463256836e-01 3.307499885559082031e-01 7.882500290870666504e-01 4.399074912071228027e-01 7.194460183382034302e-02 5.629594326019287109e-01 5.618740320205688477e-01 4.012655913829803467e-01 9.145940542221069336e-01 3.661334514617919922e-01
7.790245413780212402e-01 5.331755280494689941e-01 2.257725037634372711e-02 2.612915039062500000e-01 3.960325121879577637e-01 0.000000000000000000e+00 7.846214771270751953e-01 6.687719225883483887e-01 2.524575889110565186e-01 1.763274073600769043e-01 3.925069272518157959e-01 1.154069527983665466e-01
2.225000038743019104e-02 6.468333601951599121e-01 7.072499990463256836e-01 3.307499885559082031e-01 7.882500290870666504e-01 4.399074912071228027e-01 7.194460183382034302e-02 5.629594326019287109e-01 5.618740320205688477e-01 4.012655913829803467e-01 9.145940542221069336e-01 3.661334514617919922e-01
9.367499947547912598e-01 3.151666522026062012e-01 9.037500023841857910e-01 7.222499847412109375e-01 3.497500121593475342e-01 3.810024857521057129e-01 9.141893386840820312e-01 2.901584804058074951e-01 8.347706794738769531e-01 7.820861935615539551e-01 3.438428044319152832e-01 2.177401930093765259e-01
2.522499859333038330e-01 2.831666767597198486e-01 6.997500061988830566e-01 4.477500021457672119e-01 3.902499973773956299e-01 6.982975006103515625e-01 2.282789647579193115e-01 3.233025670051574707e-01 6.884487867355346680e-01 4.704490900039672852e-01 3.516274094581604004e-01 6.606702804565429688e-01
9.337645769119262695e-01 6.797103285789489746e-01 8.904324769973754883e-01 6.263984441757202148e-01 1.148178279399871826e-01 0.000000000000000000e+00 8.684446215629577637e-01 6.185531020164489746e-01 7.354018688201904297e-01 7.474460601806640625e-01 7.025747001171112061e-02 8.265503856819123030e-05
4.977431595325469971e-01 7.610865235328674316e-01 3.032848834991455078e-01 3.583537936210632324e-01 5.015600323677062988e-01 0.000000000000000000e+00 4.731129705905914307e-01 7.723717689514160156e-01 2.416158318519592285e-01 3.878622055053710938e-01 5.003082752227783203e-01 6.325406581163406372e-02
4.962500035762786865e-01 5.658333301544189453e-01 8.657500147819519043e-01 8.772500157356262207e-01 2.282499969005584717e-01 8.131374716758728027e-01 4.983427822589874268e-01 4.895193874835968018e-01 6.918647289276123047e-01 8.054840564727783203e-01 2.153428345918655396e-01 6.611287593841552734e-01
6.227499842643737793e-01 5.504999756813049316e-01 9.182500243186950684e-01 2.882499992847442627e-01 4.312500059604644775e-01 7.106724977493286133e-01 6.326172351837158203e-01 4.776231944561004639e-01 7.852850556373596191e-01 2.678577005863189697e-01 4.155861437320709229e-01 7.053943276405334473e-01
5.237500071525573730e-01 5.421666502952575684e-01 4.572499990463256836e-01 7.225000113248825073e-02 6.075000017881393433e-02 4.884175062179565430e-01 4.890669882297515869e-01 3.985364139080047607e-01 3.072285652160644531e-01 1.242118701338768005e-01 8.207210153341293335e-02 3.231406211853027344e-01
5.950897932052612305e-01 3.158299997448921204e-02 6.409777998924255371e-01 3.713436722755432129e-01 1.335462927818298340e-01 0.000000000000000000e+00 5.948958396911621094e-01 2.556157708168029785e-01 5.644003748893737793e-01 4.990222454071044922e-01 9.709858894348144531e-02 2.431415580213069916e-02
9.670816063880920410e-01 1.286914944648742676e-01 2.543755471706390381e-01 4.803877472877502441e-01 5.946154594421386719e-01 0.000000000000000000e+00 9.009703397750854492e-01 3.229649662971496582e-01 4.330290257930755615e-01 4.652625322341918945e-01 6.324225068092346191e-01 4.772572964429855347e-02
9.992499947547912598e-01 2.108333259820938110e-01 4.542500078678131104e-01 9.667500257492065430e-01 7.722499966621398926e-01 5.196024775505065918e-01 9.223154187202453613e-01 2.564811706542968750e-01 5.987123847007751465e-01 8.427808880805969238e-01 7.871670126914978027e-01 4.329144656658172607e-01
6.403613686561584473e-01 1.973699964582920074e-02 5.188882350921630859e-01 6.455374360084533691e-01 8.379185795783996582e-01 0.000000000000000000e+00 5.944800376892089844e-01 1.189558953046798706e-01 6.317853927612304688e-01 6.743570566177368164e-01 8.892650604248046875e-01 1.273435191251337528e-03
7.601605355739593506e-02 1.433841735124588013e-01 8.749628663063049316e-01 1.066580489277839661e-01 4.126370847225189209e-01 0.000000000000000000e+00 1.116055846214294434e-01 2.067136764526367188e-01 6.087911128997802734e-01 9.741158783435821533e-02 4.147348403930664062e-01 4.646744206547737122e-02
5.237500071525573730e-01 5.421666502952575684e-01 4.572499990463256836e-01 7.225000113248825073e-02 6.075000017881393433e-02 4.884175062179565430e-01 4.890669882297515869e-01 3.985364139080047607e-01 3.072285652160644531e-01 1.242118701338768005e-01 8.207210153341293335e-02 3.231406211853027344e-01
4.961704313755035400e-01 7.311576604843139648e-01 6.811375617980957031e-01 5.376135110855102539e-01 2.675344645977020264e-01 0.000000000000000000e+00 4.364019036293029785e-01 3.483213484287261963e-01 3.892884850502014160e-01 6.513785123825073242e-01 2.468482404947280884e-01 1.509954407811164856e-02
3.857499957084655762e-01 8.264999985694885254e-01 8.447499871253967285e-01 1.167500019073486328e-01 1.217499971389770508e-01 5.389075279235839844e-01 4.195250570774078369e-01 6.905431747436523438e-01 6.297923922538757324e-01 1.310259997844696045e-01 1.483514606952667236e-01 2.275192141532897949e-01
9.568915963172912598e-01 9.894183278083801270e-01 3.005649149417877197e-01 4.932888448238372803e-01 9.698824286460876465e-01 0.000000000000000000e+00 8.949846625328063965e-01 3.671187162399291992e-01 3.267557024955749512e-01 3.979540169239044189e-01 9.139003157615661621e-01 4.506871569901704788e-03
1.062500029802322388e-01 4.724999964237213135e-01 6.117500066757202148e-01 7.057499885559082031e-01 7.172499895095825195e-01 2.339874953031539917e-01 1.291974186897277832e-01 4.779061377048492432e-01 6.930762529373168945e-01 7.421114444732666016e-01 7.067098617553710938e-01 1.608108729124069214e-01
8.474999666213989258e-02 4.178333282470703125e-01 2.502500116825103760e-01 3.462499976158142090e-01 1.792500019073486328e-01 8.796250075101852417e-02 9.955704212188720703e-02 4.406472146511077881e-01 3.233667612075805664e-01 3.178928494453430176e-01 1.916274428367614746e-01 3.296422585844993591e-02
6.379461884498596191e-01 3.256931602954864502e-01 1.875686496496200562e-01 9.714244008064270020e-01 2.279327437281608582e-02 0.000000000000000000e+00 6.790810823440551758e-01 4.681048691272735596e-01 3.925380110740661621e-01 6.111114025115966797e-01 3.369424492120742798e-02 6.986687076278030872e-04
1.617500036954879761e-01 3.955000042915344238e-01 7.982500195503234863e-01 6.612499952316284180e-01 5.727499723434448242e-01 7.512624859809875488e-01 1.457496434450149536e-01 3.834128975868225098e-01 7.057313323020935059e-01 7.600603103637695312e-01 5.684037208557128906e-01 6.536480784416198730e-01
7.223249077796936035e-01 7.778800129890441895e-01 7.413027286529541016e-01 2.406362295150756836e-01 2.221591472625732422e-01 0.000000000000000000e+00 7.043914794921875000e-01 5.798934102058410645e-01 2.926946580410003662e-01 4.998124241828918457e-01 1.779582649469375610e-01 6.793993711471557617e-02
9.197499752044677734e-01 7.251666784286499023e-01 5.852500200271606445e-01 9.272500276565551758e-01 1.032499969005584717e-01 7.730425000190734863e-01 9.452699422836303711e-01 6.859599947929382324e-01 5.712392330169677734e-01 7.304747700691223145e-01 1.034531071782112122e-01 4.061600565910339355e-01
5.536188483238220215e-01 6.989408135414123535e-01 9.398707747459411621e-02 7.113327980041503906e-01 1.112342029809951782e-01 0.000000000000000000e+00 5.206561088562011719e-01 8.688250184059143066e-01 1.848285943269729614e-01 5.546870231628417969e-01 8.475245535373687744e-02 1.352568622678518295e-03
5.567499995231628418e-01 4.368333220481872559e-01 8.874999731779098511e-02 9.472500085830688477e-01 8.372499942779541016e-01 5.433624982833862305e-01 5.597423315048217773e-01 4.975108504295349121e-01 1.386526077985763550e-01 9.138104319572448730e-01 8.403158187866210938e-01 5.001618862152099609e-01
8.624999970197677612e-02 7.328333258628845215e-01 8.352500200271606445e-01 5.232499837875366211e-01 8.042500019073486328e-01 1.424124985933303833e-01 1.141059324145317078e-01 6.917752623558044434e-01 8.442556858062744141e-01 5.200463533401489258e-01 8.486922383308410645e-01 7.417214661836624146e-02
1.649951934814453125e-01 1.237694993615150452e-01 1.010697521269321442e-02 8.778287172317504883e-01 3.214444965124130249e-02 0.000000000000000000e+00 2.447398155927658081e-01 2.889216840267181396e-01 2.488812953233718872e-01 4.004097282886505127e-01 3.963872790336608887e-02 8.843136951327323914e-03
9.367499947547912598e-01 3.151666522026062012e-01 9.037500023841857910e-01 7.222499847412109375e-01 3.497500121593475342e-01 3.810024857521057129e-01 9.141893386840820312e-01 2.901584804058074951e-01 8.347706794738769531e-01 7.820861935615539551e-01 3.438428044319152832e-01 2.177401930093765259e-01
5.102174282073974609e-01 4.591606557369232178e-01 5.990625023841857910e-01 8.088579177856445312e-01 2.852167189121246338e-01 0.000000000000000000e+00 5.072993040084838867e-01 4.814947843551635742e-01 6.157438158988952637e-01 7.694184780120849609e-01 2.586596012115478516e-01 7.028638571500778198e-02
1.617500036954879761e-01 3.955000042915344238e-01 7.982500195503234863e-01 6.612499952316284180e-01 5.727499723434448242e-01 7.512624859809875488e-01 1.457496434450149536e-01 3.834128975868225098e-01 7.057313323020935059e-01 7.600603103637695312e-01 5.684037208557128906e-01 6.536480784416198730e-01
9.327499866485595703e-01 1.961666643619537354e-01 5.502499938011169434e-01 5.617499947547912598e-01 1.867499947547912598e-01 6.260275244712829590e-01 9.484103322029113770e-01 4.059474766254425049e-01 5.309191346168518066e-01 5.691103339195251465e-01 1.644845157861709595e-01 5.642002820968627930e-01
1.775000058114528656e-02 2.228333353996276855e-01 6.617500185966491699e-01 5.175000056624412537e-02 1.687500029802322388e-01 7.329475283622741699e-01 1.164602115750312805e-02 1.966850906610488892e-01 7.496017217636108398e-01 9.930365532636642456e-02 9.483741223812103271e-02 8.197031617164611816e-01
9.463987946510314941e-01 4.192140102386474609e-01 8.789544105529785156e-01 7.108148932456970215e-01 5.765891671180725098e-01 0.000000000000000000e+00 9.379563331604003906e-01 5.131100416183471680e-01 7.945489883422851562e-01 8.817018866539001465e-01 5.998125076293945312e-01 3.309752326458692551e-03
7.925000041723251343e-02 4.868333339691162109e-01 4.742499887943267822e-01 2.274999953806400299e-02 9.662500023841857910e-01 8.477874994277954102e-01 1.085383668541908264e-01 4.740700125694274902e-01 5.079020261764526367e-01 1.458095312118530273e-01 9.780873060226440430e-01 6.030818819999694824e-01
5.967500209808349609e-01 5.328333377838134766e-01 5.092499852180480957e-01 5.947499871253967285e-01 3.992500007152557373e-01 3.740724921226501465e-01 6.683498024940490723e-01 5.471788644790649414e-01 4.596221446990966797e-01 4.919575452804565430e-01 3.978998661041259766e-01 2.776640653610229492e-01
7.037500143051147461e-01 2.081666737794876099e-01 5.124999955296516418e-02 8.377500176429748535e-01 9.057499766349792480e-01 5.740525126457214355e-01 6.354861259460449219e-01 2.482568174600601196e-01 2.277175039052963257e-01 7.455250620841979980e-01 8.717379570007324219e-01 4.719053208827972412e-01
3.003137409687042236e-01 1.158450022339820862e-01 4.064113199710845947e-01 9.603799581527709961e-01 9.213927388191223145e-01 0.000000000000000000e+00 3.235493302345275879e-01 2.088017165660858154e-01 5.676393508911132812e-01 8.157710433006286621e-01 9.092747569084167480e-01 3.445914760231971741e-02
1.492500007152557373e-01 5.341666936874389648e-01 2.392500042915344238e-01 5.562499761581420898e-01 3.927499949932098389e-01 8.977825045585632324e-01 1.626140475273132324e-01 5.363134145736694336e-01 1.767286211252212524e-01 4.760640263557434082e-01 4.041700065135955811e-01 9.130917787551879883e-01
6.927499771118164062e-01 6.318333148956298828e-01 3.787499964237213135e-01 6.617500185966491699e-01 3.747499883174896240e-01 4.196124970912933350e-01 7.183616757392883301e-01 6.623769402503967285e-01 4.437746405601501465e-01 5.965687036514282227e-01 3.746386766433715820e-01 2.530626356601715088e-01
1.775000058114528656e-02 2.228333353996276855e-01 6.617500185966491699e-01 5.175000056624412537e-02 1.687500029802322388e-01 7.329475283622741699e-01 1.164602115750312805e-02 1.966850906610488892e-01 7.496017217636108398e-01 9.930365532636642456e-02 9.483741223812103271e-02 8.197031617164611816e-01
6.202499866485595703e-01 6.754999756813049316e-01 3.052499890327453613e-01 7.287499904632568359e-01 2.812500000000000000e-01 8.958024978637695312e-01 6.377052068710327148e-01 5.962965488433837891e-01 3.170824944972991943e-01 5.369142293930053711e-01 3.098404407501220703e-01 7.095737457275390625e-01
4.147224724292755127e-01 2.856186628341674805e-01 4.318113029003143311e-01 6.716065406799316406e-01 5.983480066061019897e-02 0.000000000000000000e+00 3.683646023273468018e-01 3.377971947193145752e-01 3.771737515926361084e-01 7.039301395416259766e-01 4.621836915612220764e-02 3.237801603972911835e-03
1.775000058114528656e-02 2.228333353996276855e-01 6.617500185966491699e-01 5.175000056624412537e-02 1.687500029802322388e-01 7.329475283622741699e-01 1.164602115750312805e-02 1.966850906610488892e-01 7.496017217636108398e-01 9.930365532636642456e-02 9.483741223812103271e-02 8.197031617164611816e-01
4.962500035762786865e-01 5.658333301544189453e-01 8.657500147819519043e-01 8.772500157356262207e-01 2.282499969005584717e-01 8.131374716758728027e-01 4.983427822589874268e-01 4.895193874835968018e-01 6.918647289276123047e-01 8.054840564727783203e-01 2.153428345918655396e-01 6.611287593841552734e-01
9.242500066757202148e-01 5.005000233650207520e-01 6.162499785423278809e-01 5.257499814033508301e-01 7.982500195503234863e-01 2.864575088024139404e-01 8.935670256614685059e-01 3.764602541923522949e-01 5.643697977066040039e-01 5.581012368202209473e-01 8.121701478958129883e-01 1.614132821559906006e-01
8.997499942779541016e-01 3.171666562557220459e-01 7.972499728202819824e-01 1.452499926090240479e-01 7.557500004768371582e-01 8.012574911117553711e-01 8.797512650489807129e-01 3.439547419548034668e-01 6.759860515594482422e-01 2.234451919794082642e-01 7.241950035095214844e-01 7.061135768890380859e-01
4.166699051856994629e-01 5.138791799545288086e-01 9.957537055015563965e-01 2.803955376148223877e-01 2.616328895092010498e-01 0.000000000000000000e+00 3.914162814617156982e-01 4.903627336025238037e-01 7.026610970497131348e-01 5.053164362907409668e-01 2.478584051132202148e-01 1.759548187255859375e-01
5.648339390754699707e-01 5.234591960906982422e-01 4.378195405006408691e-01 6.077617406845092773e-01 1.365213245153427124e-01 0.000000000000000000e+00 5.045826435089111328e-01 4.160447120666503906e-01 4.212475717067718506e-01 6.242168545722961426e-01 1.084929853677749634e-01 1.481671910732984543e-02
9.197499752044677734e-01 7.251666784286499023e-01 5.852500200271606445e-01 9.272500276565551758e-01 1.032499969005584717e-01 7.730425000190734863e-01 9.452699422836303711e-01 6.859599947929382324e-01 5.712392330169677734e-01 7.304747700691223145e-01 1.034531071782112122e-01 4.061600565910339355e-01
8.624999970197677612e-02 7.328333258628845215e-01 8.352500200271606445e-01 5.232499837875366211e-01 8.042500019073486328e-01 1.424124985933303833e-01 1.141059324145317078e-01 6.917752623558044434e-01 8.442556858062744141e-01 5.200463533401489258e-01 8.486922383308410645e-01 7.417214661836624146e-02
1.492500007152557373e-01 5.341666936874389648e-01 2.392500042915344238e-01 5.562499761581420898e-01 3.927499949932098389e-01 8.977825045585632324e-01 1.626140475273132324e-01 5.363134145736694336e-01 1.767286211252212524e-01 4.760640263557434082e-01 4.041700065135955811e-01 9.130917787551879883e-01
5.137500166893005371e-01 6.348333358764648438e-01 5.807499885559082031e-01 9.202499985694885254e-01 1.557500064373016357e-01 5.626674890518188477e-01 5.356470942497253418e-01 4.142276942729949951e-01 4.804705381393432617e-01 7.311025857925415039e-01 1.457594037055969238e-01 2.729307711124420166e-01
3.617500066757202148e-01 1.958333402872085571e-01 1.767500042915344238e-01 4.187499880790710449e-01 8.402500152587890625e-01 6.616675257682800293e-01 3.344670832157135010e-01 3.700972795486450195e-01 3.054978847503662109e-01 5.340691208839416504e-01 7.879229784011840820e-01 7.605220675468444824e-01
5.013344287872314453e-01 3.405955135822296143e-01 7.864717841148376465e-01 5.830609798431396484e-01 2.137912064790725708e-01 0.000000000000000000e+00 6.325775980949401855e-01 2.847867906093597412e-01 5.242856144905090332e-01 4.598547518253326416e-01 1.914357692003250122e-01 3.315000608563423157e-02
1.707496792078018188e-01 6.640641689300537109e-01 3.884390890598297119e-01 1.454552561044692993e-01 7.576799988746643066e-01 0.000000000000000000e+00 1.581879258155822754e-01 6.291853189468383789e-01 3.696136474609375000e-01 2.525555193424224854e-01 7.920040488243103027e-01 3.841692954301834106e-02
5.857499837875366211e-01 5.264999866485595703e-01 9.624999761581420898e-02 1.667499989271163940e-01 6.437500119209289551e-01 8.067024946212768555e-01 5.412366390228271484e-01 4.918991029262542725e-01 1.743465662002563477e-01 1.693001091480255127e-01 6.637507677078247070e-01 7.326713800430297852e-01
7.613371610641479492e-01 8.223701715469360352e-01 6.236938238143920898e-01 7.359269261360168457e-01 9.926301240921020508e-01 0.000000000000000000e+00 8.057159185409545898e-01 6.852248907089233398e-01 4.318735301494598389e-01 7.534896135330200195e-01 9.378177523612976074e-01 4.761166125535964966e-02
3.292300179600715637e-02 4.593923389911651611e-01 1.882393062114715576e-01 5.839516520500183105e-01 1.872269213199615479e-01 0.000000000000000000e+00 3.224506229162216187e-02 6.345475316047668457e-01 4.301620721817016602e-01 5.085577368736267090e-01 1.549594104290008545e-01 2.017418481409549713e-02
2.944093644618988037e-01 4.874331653118133545e-01 7.399325370788574219e-01 9.920770525932312012e-01 4.383839368820190430e-01 0.000000000000000000e+00 2.601384520530700684e-01 4.349229633808135986e-01 7.890587449073791504e-01 9.113065004348754883e-01 4.251592457294464111e-01 4.013912379741668701e-02
2.795558571815490723e-01 8.148844838142395020e-01 8.343811631202697754e-01 8.281974196434020996e-01 7.140637040138244629e-01 0.000000000000000000e+00 2.950234115123748779e-01 7.996126413345336914e-01 7.076001763343811035e-01 8.376851081848144531e-01 7.181206345558166504e-01 2.316416241228580475e-02
5.803592205047607422e-01 3.129394948482513428e-01 1.947191804647445679e-01 1.433691978454589844e-01 1.835574805736541748e-01 0.000000000000000000e+00 4.339577555656433105e-01 2.645577490329742432e-01 3.996966481208801270e-01 1.890217363834381104e-01 1.769926398992538452e-01 2.556698620319366455e-01
1.967500001192092896e-01 5.351666808128356934e-01 5.907499790191650391e-01 6.075000017881393433e-02 9.127500057220458984e-01 9.522324800491333008e-01 1.906359344720840454e-01 5.182660222053527832e-01 5.629590749740600586e-01 2.298820912837982178e-01 9.412299990653991699e-01 8.444763422012329102e-01
2.152500003576278687e-01 8.138333559036254883e-01 9.817500114440917969e-01 6.437500119209289551e-01 5.357499718666076660e-01 7.557175159454345703e-01 1.954002529382705688e-01 7.583081722259521484e-01 8.311895728111267090e-01 6.941542029380798340e-01 5.542740225791931152e-01 7.565921545028686523e-01
5.102174282073974609e-01 4.591606557369232178e-01 5.990625023841857910e-01 8.088579177856445312e-01 2.852167189121246338e-01 0.000000000000000000e+00 5.072993040084838867e-01 4.814947843551635742e-01 6.157438158988952637e-01 7.694184780120849609e-01 2.586596012115478516e-01 7.028638571500778198e-02
6.424999982118606567e-02 3.221666812896728516e-01 1.432500034570693970e-01 9.674999862909317017e-02 7.162500023841857910e-01 4.161475002765655518e-01 1.210595890879631042e-01 4.424796402454376221e-01 2.638651728630065918e-01 2.743750810623168945e-01 7.136036157608032227e-01 4.073184728622436523e-01
9.353270530700683594e-01 2.221715003252029419e-01 6.366930603981018066e-01 8.624889254570007324e-01 8.094975352287292480e-01 0.000000000000000000e+00 9.236228466033935547e-01 3.657914698123931885e-01 7.697027325630187988e-01 9.142019152641296387e-01 8.690538406372070312e-01 6.092325598001480103e-02
4.962500035762786865e-01 5.658333301544189453e-01 8.657500147819519043e-01 8.772500157356262207e-01 2.282499969005584717e-01 8.131374716758728027e-01 4.983427822589874268e-01 4.895193874835968018e-01 6.918647289276123047e-01 8.054840564727783203e-01 2.153428345918655396e-01 6.611287593841552734e-01
6.132500171661376953e-01 4.048333466053009033e-01 4.632500112056732178e-01 7.622500061988830566e-01 1.612499952316284180e-01 7.913575172424316406e-01 6.489024758338928223e-01 4.394290745258331299e-01 4.083365499973297119e-01 6.192743778228759766e-01 1.596156656742095947e-01 6.100485324859619141e-01
9.992499947547912598e-01 2.108333259820938110e-01 4.542500078678131104e-01 9.667500257492065430e-01 7.722499966621398926e-01 5.196024775505065918e-01 9.223154187202453613e-01 2.564811706542968750e-01 5.987123847007751465e-01 8.427808880805969238e-01 7.871670126914978027e-01 4.329144656658172607e-01
2.466608285903930664e-01 2.818638384342193604e-01 3.621786236763000488e-01 9.652235507965087891e-01 5.130279064178466797e-01 0.000000000000000000e+00 2.269222587347030640e-01 4.182651937007904053e-01 8.088124394416809082e-01 8.376027345657348633e-01 5.705277919769287109e-01 2.708747088909149170e-01
8.029548525810241699e-01 1.512118279933929443e-01 7.539251446723937988e-01 5.471847057342529297e-01 7.245408296585083008e-01 0.000000000000000000e+00 8.042930364608764648e-01 1.750310361385345459e-01 7.371109127998352051e-01 7.299406528472900391e-01 8.110401034355163574e-01 1.763377152383327484e-02
6.192339658737182617e-01 8.701081871986389160e-01 3.138433694839477539e-01 7.600952982902526855e-01 8.252922892570495605e-01 0.000000000000000000e+00 5.692061781883239746e-01 7.855501174926757812e-01 2.016783356666564941e-01 8.580167293548583984e-01 8.291126489639282227e-01 3.394785150885581970e-02
2.426707446575164795e-01 8.435131907463073730e-01 9.908583760261535645e-01 8.401430249214172363e-01 1.547044813632965088e-01 0.000000000000000000e+00 2.511788904666900635e-01 6.907051205635070801e-01 6.415138244628906250e-01 8.263391256332397461e-01 7.426498085260391235e-02 2.463837852701544762e-03
8.482427597045898438e-01 8.130509853363037109e-01 3.257624804973602295e-01 2.256877534091472626e-02 6.750705093145370483e-02 0.000000000000000000e+00 7.168935537338256836e-01 6.261702775955200195e-01 1.911856681108474731e-01 3.077237010002136230e-01 7.208529859781265259e-02 4.353779926896095276e-02
8.474999666213989258e-02 4.178333282470703125e-01 2.502500116825103760e-01 3.462499976158142090e-01 1.792500019073486328e-01 8.796250075101852417e-02 9.955704212188720703e-02 4.406472146511077881e-01 3.233667612075805664e-01 3.178928494453430176e-01 1.916274428367614746e-01 3.296422585844993591e-02
1.775000058114528656e-02 2.228333353996276855e-01 6.617500185966491699e-01 5.175000056624412537e-02 1.687500029802322388e-01 7.329475283622741699e-01 1.164602115750312805e-02 1.966850906610488892e-01 7.496017217636108398e-01 9.930365532636642456e-02 9.483741223812103271e-02 8.197031617164611816e-01
7.067499756813049316e-01 2.685000002384185791e-01 5.397499799728393555e-01 7.762500047683715820e-01 7.002500295639038086e-01 1.295424997806549072e-01 7.592611312866210938e-01 2.683881819248199463e-01 5.454901456832885742e-01 7.047705650329589844e-01 6.843457818031311035e-01 7.403218746185302734e-02
9.525000303983688354e-02 5.774999856948852539e-01 1.882500052452087402e-01 4.282500147819519043e-01 5.407500267028808594e-01 2.409175038337707520e-01 1.419037878513336182e-01 5.682940483093261719e-01 2.468069791793823242e-01 4.748067855834960938e-01 5.773960947990417480e-01 7.254760712385177612e-02
1.572911292314529419e-01 8.533578515052795410e-01 8.324467539787292480e-01 5.355871319770812988e-01 5.547543168067932129e-01 0.000000000000000000e+00 9.744162857532501221e-02 7.418153285980224609e-01 7.482724785804748535e-01 6.000007390975952148e-01 5.790575146675109863e-01 6.548807024955749512e-02
4.554020762443542480e-01 9.852771759033203125e-01 8.518209457397460938e-01 7.181584835052490234e-02 8.061150908470153809e-01 0.000000000000000000e+00 4.289620220661163330e-01 7.402219772338867188e-01 3.687961101531982422e-01 2.137785255908966064e-01 8.042460680007934570e-01 2.721886336803436279e-02
9.123310446739196777e-01 3.153278231620788574e-01 5.919589996337890625e-01 5.330110788345336914e-01 1.345559209585189819e-01 0.000000000000000000e+00 8.169393539428710938e-01 3.330999612808227539e-01 6.312614679336547852e-01 6.206851601600646973e-01 1.161247417330741882e-01 5.296066403388977051e-02
4.377500116825103760e-01 3.538333475589752197e-01 5.725000053644180298e-02 3.642500042915344238e-01 2.675000019371509552e-02 4.453524947166442871e-01 4.228012263774871826e-01 3.488244414329528809e-01 1.627362221479415894e-01 2.708706855773925781e-01 5.706942453980445862e-02 2.257147580385208130e-01
3.097499907016754150e-01 5.391666889190673828e-01 8.897500038146972656e-01 1.025000028312206268e-02 7.647500038146972656e-01 5.785074830055236816e-01 2.797596752643585205e-01 5.522536635398864746e-01 7.616786360740661621e-01 1.841848790645599365e-01 7.677739262580871582e-01 4.684820771217346191e-01
7.494186758995056152e-01 8.666601777076721191e-01 7.952404022216796875e-01 7.168938517570495605e-01 7.675775289535522461e-01 0.000000000000000000e+00 8.469158411026000977e-01 7.298907637596130371e-01 4.502837657928466797e-01 8.080198168754577637e-01 8.100223541259765625e-01 6.954852025955915451e-03
2.367500066757202148e-01 5.378333330154418945e-01 3.197500109672546387e-01 2.102500051259994507e-01 3.602499961853027344e-01 9.784675240516662598e-01 2.054831534624099731e-01 5.117511749267578125e-01 3.015227019786834717e-01 2.668662369251251221e-01 3.590816855430603027e-01 9.188682436943054199e-01
4.187349677085876465e-01 8.485144972801208496e-01 2.420874238014221191e-01 1.749000698328018188e-01 6.150363683700561523e-01 0.000000000000000000e+00 3.842167854309082031e-01 8.932905793190002441e-01 1.743430793285369873e-01 2.362094968557357788e-01 6.091881394386291504e-01 1.488347724080085754e-02
8.060894608497619629e-01 8.182638287544250488e-01 4.723494872450828552e-02 4.263957440853118896e-01 7.033039331436157227e-01 0.000000000000000000e+00 8.567197322845458984e-01 6.939815282821655273e-01 2.773985564708709717e-01 1.761121004819869995e-01 6.987199187278747559e-01 5.364809930324554443e-02
8.002499938011169434e-01 3.785000145435333252e-01 3.072499930858612061e-01 7.832499742507934570e-01 1.722500026226043701e-01 9.418374896049499512e-01 7.414882183074951172e-01 4.492624104022979736e-01 3.867117166519165039e-01 5.976169705390930176e-01 1.457416713237762451e-01 4.231911599636077881e-01
4.962500035762786865e-01 5.658333301544189453e-01 8.657500147819519043e-01 8.772500157356262207e-01 2.282499969005584717e-01 8.131374716758728027e-01 4.983427822589874268e-01 4.895193874835968018e-01 6.918647289276123047e-01 8.054840564727783203e-01 2.153428345918655396e-01 6.611287593841552734e-01
7.316631078720092773e-01 3.215826749801635742e-01 8.003796935081481934e-01 9.469936490058898926e-01 1.788385510444641113e-01 0.000000000000000000e+00 8.511524796485900879e-01 2.818650305271148682e-01 7.420074343681335449e-01 7.781698107719421387e-01 1.388291567564010620e-01 9.851819835603237152e-03
8.997499942779541016e-01 3.171666562557220459e-01 7.972499728202819824e-01 1.452499926090240479e-01 7.557500004768371582e-01 8.012574911117553711e-01 8.797512650489807129e-01 3.439547419548034668e-01 6.759860515594482422e-01 2.234451919794082642e-01 7.241950035095214844e-01 7.061135768890380859e-01
9.192500114440917969e-01 4.514999985694885254e-01 6.262500286102294922e-01 7.275000214576721191e-02 7.157499790191650391e-01 9.665874838829040527e-01 8.761587142944335938e-01 4.858245551586151123e-01 5.285284519195556641e-01 2.066991627216339111e-01 6.949606537818908691e-01 7.222883701324462891e-01
7.098399996757507324e-01 7.246901392936706543e-01 6.218391656875610352e-01 5.833673477172851562e-01 3.351609706878662109e-01 0.000000000000000000e+00 7.345021367073059082e-01 7.233625054359436035e-01 4.553704261779785156e-01 6.419351696968078613e-01 3.337387740612030029e-01 1.791997067630290985e-02
3.374935686588287354e-01 6.189603209495544434e-01 8.038272261619567871e-01 9.799036979675292969e-01 2.459049969911575317e-02 0.000000000000000000e+00 3.494747281074523926e-01 4.024161696434020996e-01 5.118440389633178711e-01 7.889659404754638672e-01 2.395962178707122803e-02 1.791398099157959223e-04
1.197500005364418030e-01 7.655000090599060059e-01 3.937500119209289551e-01 4.627499878406524658e-01 2.425000071525573730e-02 7.378975152969360352e-01 9.874311089515686035e-02 6.400468349456787109e-01 2.904174327850341797e-01 4.327516257762908936e-01 1.112948581576347351e-01 8.423762321472167969e-01
7.035160660743713379e-01 2.289765030145645142e-01 7.148101329803466797e-01 4.524998366832733154e-01 9.543728232383728027e-01 0.000000000000000000e+00 6.400103569030761719e-01 2.432606518268585205e-01 6.460856199264526367e-01 7.083162665367126465e-01 9.342295527458190918e-01 3.584629297256469727e-02
1.724999956786632538e-02 2.105000019073486328e-01 3.075000084936618805e-02 3.967500030994415283e-01 8.824999630451202393e-02 2.468574941158294678e-01 4.371126741170883179e-02 3.131747841835021973e-01 1.223028153181076050e-01 3.424339294433593750e-01 2.040428295731544495e-02 1.039625331759452820e-01
5.967500209808349609e-01 5.328333377838134766e-01 5.092499852180480957e-01 5.947499871253967285e-01 3.992500007152557373e-01 3.740724921226501465e-01 6.683498024940490723e-01 5.471788644790649414e-01 4.596221446990966797e-01 4.919575452804565430e-01 3.978998661041259766e-01 2.776640653610229492e-01
8.177499771118164062e-01 5.158333182334899902e-01 9.177500009536743164e-01 6.962500214576721191e-01 9.737499952316284180e-01 9.705474972724914551e-01 7.971533536911010742e-01 3.954880237579345703e-01 7.455834150314331055e-01 8.295435905456542969e-01 9.071828126907348633e-01 7.121468782424926758e-01
8.942499756813049316e-01 6.038333177566528320e-01 5.497499704360961914e-01 4.132499992847442627e-01 4.922499954700469971e-01 4.413925111293792725e-01 9.062815308570861816e-01 5.985388159751892090e-01 4.945496916770935059e-01 4.055340588092803955e-01 5.140224099159240723e-01 2.472470551729202271e-01
7.152500152587890625e-01 2.968333363533020020e-01 3.749999916180968285e-03 2.847500145435333252e-01 3.277499973773956299e-01 7.621524930000305176e-01 6.541913747787475586e-01 2.999218404293060303e-01 1.462169289588928223e-01 1.577225327491760254e-01 3.047644495964050293e-01 5.280188918113708496e-01
9.367499947547912598e-01 3.151666522026062012e-01 9.037500023841857910e-01 7.222499847412109375e-01 3.497500121593475342e-01 3.810024857521057129e-01 9.141893386840820312e-01 2.901584804058074951e-01 8.347706794738769531e-01 7.820861935615539551e-01 3.438428044319152832e-01 2.177401930093765259e-01
2.057433724403381348e-01 3.170324862003326416e-01 7.240092754364013672e-01 6.729903221130371094e-01 2.105089277029037476e-01 0.000000000000000000e+00 1.580363065004348755e-01 1.792579591274261475e-01 7.132908105850219727e-01 6.707507967948913574e-01 1.912858486175537109e-01 1.276622340083122253e-02
4.672599434852600098e-01 1.139379963278770447e-01 9.781801104545593262e-01 9.708573222160339355e-01 5.424579381942749023e-01 0.000000000000000000e+00 5.815325379371643066e-01 1.894335150718688965e-01 7.965392470359802246e-01 8.450616002082824707e-01 5.304905772209167480e-01 4.782671574503183365e-03
1.537048965692520142e-01 7.685126662254333496e-01 7.444655895233154297e-01 4.906361103057861328e-01 6.461761593818664551e-01 0.000000000000000000e+00 1.109056249260902405e-01 6.642630100250244141e-01 6.299747824668884277e-01 6.277294158935546875e-01 6.587188243865966797e-01 9.601007401943206787e-02
3.992500007152557373e-01 4.884999990463256836e-01 2.152500003576278687e-01 9.512500166893005371e-01 1.624999940395355225e-02 1.448875069618225098e-01 4.286036193370819092e-01 4.356583356857299805e-01 2.578125000000000000e-01 7.075694203376770020e-01 3.929311782121658325e-02 2.689886651933193207e-02
2.074813693761825562e-01 7.087320089340209961e-01 7.322341203689575195e-01 5.660782381892204285e-02 9.622425436973571777e-01 0.000000000000000000e+00 1.781241297721862793e-01 5.264124274253845215e-01 4.579677581787109375e-01 1.652738302946090698e-01 9.366520643234252930e-01 6.929843872785568237e-02
5.857499837875366211e-01 5.264999866485595703e-01 9.624999761581420898e-02 1.667499989271163940e-01 6.437500119209289551e-01 8.067024946212768555e-01 5.412366390228271484e-01 4.918991029262542725e-01 1.743465662002563477e-01 1.693001091480255127e-01 6.637507677078247070e-01 7.326713800430297852e-01
5.182499885559082031e-01 2.278333306312561035e-01 1.567499935626983643e-01 8.647500276565551758e-01 6.932500004768371582e-01 1.503324955701828003e-01 5.204784274101257324e-01 2.038137167692184448e-01 2.499581575393676758e-01 7.957379221916198730e-01 6.689437627792358398e-01 6.630528718233108521e-02
1.775000058114528656e-02 2.228333353996276855e-01 6.617500185966491699e-01 5.175000056624412537e-02 1.687500029802322388e-01 7.329475283622741699e-01 1.164602115750312805e-02 1.966850906610488892e-01 7.496017217636108398e-01 9.930365532636642456e-02 9.483741223812103271e-02 8.197031617164611816e-01
2.522499859333038330e-01 2.831666767597198486e-01 6.997500061988830566e-01 4.477500021457672119e-01 3.902499973773956299e-01 6.982975006103515625e-01 2.282789647579193115e-01 3.233025670051574707e-01 6.884487867355346680e-01 4.704490900039672852e-01 3.516274094581604004e-01 6.606702804565429688e-01
3.265016078948974609e-01 6.229666471481323242e-01 3.197262585163116455e-01 6.824185848236083984e-01 8.591272234916687012e-01 0.000000000000000000e+00 3.812989294528961182e-01 7.157956361770629883e-01 6.101660728454589844e-01 3.451784253120422363e-01 8.712716698646545410e-01 2.958004362881183624e-02
8.725000172853469849e-02 5.738333463668823242e-01 8.117499947547912598e-01 8.967499732971191406e-01 4.697499871253967285e-01 8.616474866867065430e-01 6.971681863069534302e-02 5.328512787818908691e-01 8.002980947494506836e-01 8.130698204040527344e-01 4.723584353923797607e-01 7.466103434562683105e-01
1.197500005364418030e-01 7.655000090599060059e-01 3.937500119209289551e-01 4.627499878406524658e-01 2.425000071525573730e-02 7.378975152969360352e-01 9.874311089515686035e-02 6.400468349456787109e-01 2.904174327850341797e-01 4.327516257762908936e-01 1.112948581576347351e-01 8.423762321472167969e-01
2.379783540964126587e-01 1.753599941730499268e-01 2.792842686176300049e-01 3.164400113746523857e-03 1.492885947227478027e-01 0.000000000000000000e+00 1.839969307184219360e-01 1.827769279479980469e-01 4.105331599712371826e-01 2.244240231812000275e-02 1.206504851579666138e-01 1.972580701112747192e-02
3.857499957084655762e-01 8.264999985694885254e-01 8.447499871253967285e-01 1.167500019073486328e-01 1.217499971389770508e-01 5.389075279235839844e-01 4.195250570774078369e-01 6.905431747436523438e-01 6.297923922538757324e-01 1.310259997844696045e-01 1.483514606952667236e-01 2.275192141532897949e-01
9.480449557304382324e-01 2.938518226146697998e-01 2.666711807250976562e-01 6.138614416122436523e-01 6.961896419525146484e-01 0.000000000000000000e+00 7.913809418678283691e-01 3.499965071678161621e-01 4.077531397342681885e-01 8.056014776229858398e-01 7.229685783386230469e-01 1.380373630672693253e-02
1.562500000000000000e-01 2.598333358764648438e-01 1.867499947547912598e-01 7.337499856948852539e-01 2.272499948740005493e-01 8.548749983310699463e-02 1.908328831195831299e-01 3.057480454444885254e-01 2.888657748699188232e-01 6.043159961700439453e-01 1.759670525789260864e-01 7.442537695169448853e-02
8.002499938011169434e-01 3.785000145435333252e-01 3.072499930858612061e-01 7.832499742507934570e-01 1.722500026226043701e-01 9.418374896049499512e-01 7.414882183074951172e-01 4.492624104022979736e-01 3.867117166519165039e-01 5.976169705390930176e-01 1.457416713237762451e-01 4.231911599636077881e-01
7.118524909019470215e-01 6.691366434097290039e-01 5.837149620056152344e-01 9.276290237903594971e-02 9.172500111162662506e-03 0.000000000000000000e+00 6.638317108154296875e-01 3.125875592231750488e-01 2.116114944219589233e-01 3.118261098861694336e-01 4.082222282886505127e-02 5.340606719255447388e-02
7.393709421157836914e-01 8.416316509246826172e-01 1.080334484577178955e-01 3.456016480922698975e-01 4.595905840396881104e-01 0.000000000000000000e+00 6.586083769798278809e-01 8.735005259513854980e-01 2.549418210983276367e-01 4.396128356456756592e-01 4.514545500278472900e-01 1.793792098760604858e-02
7.288105487823486328e-01 1.162466686218976974e-02 4.152130186557769775e-01 3.290868103504180908e-01 7.456296086311340332e-01 0.000000000000000000e+00 6.507740020751953125e-01 2.113088220357894897e-01 4.053208231925964355e-01 6.285026073455810547e-01 7.920018434524536133e-01 1.627901010215282440e-02
1.832499951124191284e-01 1.901666671037673950e-01 9.902499914169311523e-01 3.447499871253967285e-01 4.292500019073486328e-01 1.518175005912780762e-01 1.838018596172332764e-01 2.543080151081085205e-01 8.746118545532226562e-01 3.211737573146820068e-01 3.773142099380493164e-01 3.137346729636192322e-02
9.197499752044677734e-01 7.251666784286499023e-01 5.852500200271606445e-01 9.272500276565551758e-01 1.032499969005584717e-01 7.730425000190734863e-01 9.452699422836303711e-01 6.859599947929382324e-01 5.712392330169677734e-01 7.304747700691223145e-01 1.034531071782112122e-01 4.061600565910339355e-01
3.252917230129241943e-01 2.213613390922546387e-01 5.620582699775695801e-01 7.949171662330627441e-01 7.219073772430419922e-01 0.000000000000000000e+00 3.125085532665252686e-01 1.858945786952972412e-01 6.504888534545898438e-01 8.138590455055236816e-01 7.537681460380554199e-01 4.183849692344665527e-02
6.165496706962585449e-01 4.205201566219329834e-01 5.165416598320007324e-01 1.472177952527999878e-01 9.060559868812561035e-01 0.000000000000000000e+00 7.139850258827209473e-01 3.719699978828430176e-01 3.424272239208221436e-01 1.060725897550582886e-01 8.832865953445434570e-01 1.005688775330781937e-02
5.567499995231628418e-01 4.368333220481872559e-01 8.874999731779098511e-02 9.472500085830688477e-01 8.372499942779541016e-01 5.433624982833862305e-01 5.597423315048217773e-01 4.975108504295349121e-01 1.386526077985763550e-01 9.138104319572448730e-01 8.403158187866210938e-01 5.001618862152099609e-01
6.127166152000427246e-01 3.195113241672515869e-01 7.337418794631958008e-01 1.888047456741333008e-01 5.136580467224121094e-01 0.000000000000000000e+00 6.076154708862304688e-01 2.344373166561126709e-01 5.664638280868530273e-01 2.881042957305908203e-01 5.406656861305236816e-01 1.407564878463745117e-01
1.454870700836181641e-01 3.728145062923431396e-01 9.715700745582580566e-01 8.307722806930541992e-01 1.240803524851799011e-01 0.000000000000000000e+00 7.927370816469192505e-02 1.867579072713851929e-01 8.643881678581237793e-01 7.644705772399902344e-01 7.576930522918701172e-02 8.765473030507564545e-04
8.520540595054626465e-01 5.008838176727294922e-01 2.511154115200042725e-01 5.047351717948913574e-01 4.964781701564788818e-01 0.000000000000000000e+00 8.397839069366455078e-01 6.671826243400573730e-01 3.688036799430847168e-01 5.011670589447021484e-01 5.128844380378723145e-01 3.193369135260581970e-02
7.922499775886535645e-01 2.451666593551635742e-01 2.677499949932098389e-01 3.075000084936618805e-02 9.747499823570251465e-01 6.052374839782714844e-01 7.255282402038574219e-01 3.660066127777099609e-01 3.179636895656585693e-01 1.736249029636383057e-01 9.085191488265991211e-01 4.455337822437286377e-01
5.322978496551513672e-01 1.145549956709146500e-02 7.159326672554016113e-01 5.484650731086730957e-01 9.182065129280090332e-01 0.000000000000000000e+00 5.575771331787109375e-01 1.437276154756546021e-01 6.822016239166259766e-01 6.227455735206604004e-01 9.121057391166687012e-01 2.131090033799409866e-03
4.339999941294081509e-05 9.529544711112976074e-01 7.549248933792114258e-01 7.989383339881896973e-01 7.536559104919433594e-01 0.000000000000000000e+00 4.522916674613952637e-02 7.409682869911193848e-01 4.170720279216766357e-01 9.402999654412269592e-03 9.601214528083801270e-01 1.327033487541484646e-06
4.440009593963623047e-01 7.886375188827514648e-01 3.082623481750488281e-01 2.077065706253051758e-01 8.468438386917114258e-01 0.000000000000000000e+00 4.589816629886627197e-01 7.723661661148071289e-01 2.670366764068603516e-01 1.518419831991195679e-01 8.509392142295837402e-01 1.073366869240999222e-02
3.537615835666656494e-01 1.507861614227294922e-01 3.348904848098754883e-02 5.344497561454772949e-01 1.647895425558090210e-01 0.000000000000000000e+00 3.477872312068939209e-01 2.109766304492950439e-01 3.186214864253997803e-01 2.260095328092575073e-01 1.403824836015701294e-01 4.209634289145469666e-02
2.456464469432830811e-01 8.078948259353637695e-01 8.854010105133056641e-01 4.839529395103454590e-01 3.457745611667633057e-01 0.000000000000000000e+00 2.197564840316772461e-01 6.198827624320983887e-01 4.411220848560333252e-01 4.975735247135162354e-01 4.040190279483795166e-01 1.714560016989707947e-02
2.927685379981994629e-01 3.080894947052001953e-01 6.561275720596313477e-01 4.585202336311340332e-01 9.822869896888732910e-01 0.000000000000000000e+00 2.611248493194580078e-01 2.275046557188034058e-01 6.800256371498107910e-01 5.239545106887817383e-01 9.216241240501403809e-01 9.184198454022407532e-03
9.327499866485595703e-01 1.961666643619537354e-01 5.502499938011169434e-01 5.617499947547912598e-01 1.867499947547912598e-01 6.260275244712829590e-01 9.484103322029113770e-01 4.059474766254425049e-01 5.309191346168518066e-01 5.691103339195251465e-01 1.644845157861709595e-01 5.642002820968627930e-01
7.965747117996215820e-01 9.178649634122848511e-02 6.983842849731445312e-01 1.343820691108703613e-01 6.935388445854187012e-01 0.000000000000000000e+00 7.739402055740356445e-01 2.011268287897109985e-01 4.678398072719573975e-01 3.685922324657440186e-01 7.192103862762451172e-01 1.058172620832920074e-02
1.832499951124191284e-01 1.901666671037673950e-01 9.902499914169311523e-01 3.447499871253967285e-01 4.292500019073486328e-01 1.518175005912780762e-01 1.838018596172332764e-01 2.543080151081085205e-01 8.746118545532226562e-01 3.211737573146820068e-01 3.773142099380493164e-01 3.137346729636192322e-02
2.795558571815490723e-01 8.148844838142395020e-01 8.343811631202697754e-01 8.281974196434020996e-01 7.140637040138244629e-01 0.000000000000000000e+00 2.950234115123748779e-01 7.996126413345336914e-01 7.076001763343811035e-01 8.376851081848144531e-01 7.181206345558166504e-01 2.316416241228580475e-02
2.328847050666809082e-01 7.041414976119995117e-01 8.652940392494201660e-01 6.785266995429992676e-01 8.841844797134399414e-01 0.000000000000000000e+00 1.989824622869491577e-01 6.857619881629943848e-01 8.550193905830383301e-01 8.009977340698242188e-01 8.612694740295410156e-01 6.728936731815338135e-02
2.379783540964126587e-01 1.753599941730499268e-01 2.792842686176300049e-01 3.164400113746523857e-03 1.492885947227478027e-01 0.000000000000000000e+00 1.839969307184219360e-01 1.827769279479980469e-01 4.105331599712371826e-01 2.244240231812000275e-02 1.206504851579666138e-01 1.972580701112747192e-02
5.102174282073974609e-01 4.591606557369232178e-01 5.990625023841857910e-01 8.088579177856445312e-01 2.852167189121246338e-01 0.000000000000000000e+00 5.072993040084838867e-01 4.814947843551635742e-01 6.157438158988952637e-01 7.694184780120849609e-01 2.586596012115478516e-01 7.028638571500778198e-02
4.887422025203704834e-01 9.504593610763549805e-01 4.026072025299072266e-01 3.760915696620941162e-01 7.983440756797790527e-01 0.000000000000000000e+00 4.459922611713409424e-01 8.936545848846435547e-01 2.989152371883392334e-01 4.568532109260559082e-01 8.120211958885192871e-01 2.254797890782356262e-02
2.522499859333038330e-01 2.831666767597198486e-01 6.997500061988830566e-01 4.477500021457672119e-01 3.902499973773956299e-01 6.982975006103515625e-01 2.282789647579193115e-01 3.233025670051574707e-01 6.884487867355346680e-01 4.704490900039672852e-01 3.516274094581604004e-01 6.606702804565429688e-01
6.177499890327453613e-01 6.188333630561828613e-01 4.407500028610229492e-01 3.187499940395355225e-01 5.037500262260437012e-01 1.216225028038024902e-01 6.318250298500061035e-01 6.239581108093261719e-01 4.407620131969451904e-01 3.608322143554687500e-01 5.048271417617797852e-01 1.244315877556800842e-01
1.868869066238403320e-01 7.849299907684326172e-01 5.242999792098999023e-01 6.190943121910095215e-01 6.148437857627868652e-01 0.000000000000000000e+00 1.583226025104522705e-01 7.302712202072143555e-01 4.340344071388244629e-01 6.376541256904602051e-01 6.159170866012573242e-01 1.275420933961868286e-02
6.941919922828674316e-01 9.057465195655822754e-01 3.434619903564453125e-01 7.511897087097167969e-01 1.784314960241317749e-01 0.000000000000000000e+00 6.769127249717712402e-01 9.215480685234069824e-01 3.301824927330017090e-01 7.204260826110839844e-01 1.419644057750701904e-01 3.040170704480260611e-04
8.477500081062316895e-01 6.428333520889282227e-01 2.902500033378601074e-01 9.562500119209289551e-01 7.402499914169311523e-01 1.780524998903274536e-01 8.576188087463378906e-01 7.023671269416809082e-01 3.344515860080718994e-01 8.654039502143859863e-01 7.628373503684997559e-01 6.170364841818809509e-02
3.110774457454681396e-01 2.799483239650726318e-01 1.195172965526580811e-01 7.361651659011840820e-01 7.854291200637817383e-01 0.000000000000000000e+00 4.375068247318267822e-01 4.953876435756683350e-01 3.862982988357543945e-01 3.473678231239318848e-01 8.326186537742614746e-01 1.863877028226852417e-01
8.121626973152160645e-01 7.401148080825805664e-01 5.280246734619140625e-01 1.450711190700531006e-01 1.495299953967332840e-02 0.000000000000000000e+00 6.781099438667297363e-01 7.161043882369995117e-01 3.044372797012329102e-01 4.151894152164459229e-01 4.260688275098800659e-02 8.315195445902645588e-04
4.087901413440704346e-01 6.745143532752990723e-01 1.103819236159324646e-01 9.164243936538696289e-01 6.593865752220153809e-01 0.000000000000000000e+00 4.803630709648132324e-01 8.570321798324584961e-01 2.402791380882263184e-01 6.957197189331054688e-01 6.330125927925109863e-01 2.100305072963237762e-02
7.964083552360534668e-01 6.501876711845397949e-01 5.063409805297851562e-01 2.988130748271942139e-01 6.068399548530578613e-01 0.000000000000000000e+00 8.659401535987854004e-01 4.679510295391082764e-01 3.246788680553436279e-01 2.056506425142288208e-01 6.004791855812072754e-01 4.600171744823455811e-02
3.762499988079071045e-01 2.175000011920928955e-01 1.457500010728836060e-01 2.972500026226043701e-01 3.892500102519989014e-01 4.686174988746643066e-01 4.069389700889587402e-01 2.654993534088134766e-01 1.682487577199935913e-01 3.295743763446807861e-01 3.579448461532592773e-01 4.681175351142883301e-01
5.182499885559082031e-01 2.278333306312561035e-01 1.567499935626983643e-01 8.647500276565551758e-01 6.932500004768371582e-01 1.503324955701828003e-01 5.204784274101257324e-01 2.038137167692184448e-01 2.499581575393676758e-01 7.957379221916198730e-01 6.689437627792358398e-01 6.630528718233108521e-02
3.531215488910675049e-01 7.964873313903808594e-01 9.166837930679321289e-01 4.627950489521026611e-01 6.212345957756042480e-01 0.000000000000000000e+00 3.920871019363403320e-01 6.814459562301635742e-01 5.272769927978515625e-01 3.595091402530670166e-01 6.723553538322448730e-01 3.131838887929916382e-02
2.087499946355819702e-01 8.308333158493041992e-01 8.952500224113464355e-01 2.347500026226043701e-01 1.957499980926513672e-01 4.715875089168548584e-01 2.121057957410812378e-01 7.402299046516418457e-01 8.259010910987854004e-01 2.078222781419754028e-01 2.304909676313400269e-01 5.363792777061462402e-01
1.976153701543807983e-01 7.370020151138305664e-01 7.172565460205078125e-01 8.976055979728698730e-01 2.238094061613082886e-01 0.000000000000000000e+00 1.634071916341781616e-01 7.296405434608459473e-01 8.056863546371459961e-01 8.656781315803527832e-01 1.831757575273513794e-01 1.084720864892005920e-01
3.482316434383392334e-01 5.698875188827514648e-01 6.102592945098876953e-01 2.493836432695388794e-01 7.420767545700073242e-01 0.000000000000000000e+00 3.221810460090637207e-01 6.750445365905761719e-01 6.637583971023559570e-01 2.765862345695495605e-01 7.801126837730407715e-01 6.940533872693777084e-03
6.424999982118606567e-02 3.221666812896728516e-01 1.432500034570693970e-01 9.674999862909317017e-02 7.162500023841857910e-01 4.161475002765655518e-01 1.210595890879631042e-01 4.424796402454376221e-01 2.638651728630065918e-01 2.743750810623168945e-01 7.136036157608032227e-01 4.073184728622436523e-01
9.197499752044677734e-01 7.251666784286499023e-01 5.852500200271606445e-01 9.272500276565551758e-01 1.032499969005584717e-01 7.730425000190734863e-01 9.452699422836303711e-01 6.859599947929382324e-01 5.712392330169677734e-01 7.304747700691223145e-01 1.034531071782112122e-01 4.061600565910339355e-01
4.058565795421600342e-01 6.376486420631408691e-01 3.037046194076538086e-01 1.859079748392105103e-01 7.615097612142562866e-02 0.000000000000000000e+00 3.861710429191589355e-01 5.986868143081665039e-01 3.047559261322021484e-01 9.863247722387313843e-02 5.677548050880432129e-02 1.028830558061599731e-02
7.462194561958312988e-01 7.152683138847351074e-01 3.234974145889282227e-01 1.640222407877445221e-02 2.025509476661682129e-01 0.000000000000000000e+00 5.663449168205261230e-01 4.898672401905059814e-01 3.243465721607208252e-01 2.214757353067398071e-01 1.563990712165832520e-01 1.318127512931823730e-01
3.992500007152557373e-01 4.884999990463256836e-01 2.152500003576278687e-01 9.512500166893005371e-01 1.624999940395355225e-02 1.448875069618225098e-01 4.286036193370819092e-01 4.356583356857299805e-01 2.578125000000000000e-01 7.075694203376770020e-01 3.929311782121658325e-02 2.689886651933193207e-02
8.474999666213989258e-02 4.178333282470703125e-01 2.502500116825103760e-01 3.462499976158142090e-01 1.792500019073486328e-01 8.796250075101852417e-02 9.955704212188720703e-02 4.406472146511077881e-01 3.233667612075805664e-01 3.178928494453430176e-01 1.916274428367614746e-01 3.296422585844993591e-02
2.836351990699768066e-01 9.232331514358520508e-01 3.578579425811767578e-01 3.454668521881103516e-01 1.226103231310844421e-01 0.000000000000000000e+00 2.316914051771163940e-01 8.598093390464782715e-01 3.555993735790252686e-01 2.703899741172790527e-01 9.199403971433639526e-02 1.978210359811782837e-02
8.177499771118164062e-01 5.158333182334899902e-01 9.177500009536743164e-01 6.962500214576721191e-01 9.737499952316284180e-01 9.705474972724914551e-01 7.971533536911010742e-01 3.954880237579345703e-01 7.455834150314331055e-01 8.295435905456542969e-01 9.071828126907348633e-01 7.121468782424926758e-01
7.262499928474426270e-01 3.008333444595336914e-01 2.924999967217445374e-02 6.517500281333923340e-01 3.974999859929084778e-02 5.527675151824951172e-01 7.346823215484619141e-01 3.809643387794494629e-01 1.819541305303573608e-01 4.037063121795654297e-01 5.656735971570014954e-02 1.523489207029342651e-01
5.567499995231628418e-01 4.368333220481872559e-01 8.874999731779098511e-02 9.472500085830688477e-01 8.372499942779541016e-01 5.433624982833862305e-01 5.597423315048217773e-01 4.975108504295349121e-01 1.386526077985763550e-01 9.138104319572448730e-01 8.403158187866210938e-01 5.001618862152099609e-01
8.012499809265136719e-01 2.465000003576278687e-01 1.237500011920928955e-01 8.877500295639038086e-01 9.302499890327453613e-01 4.512925148010253906e-01 7.787053585052490234e-01 3.860737085342407227e-01 2.319295704364776611e-01 8.541110157966613770e-01 8.840080499649047852e-01 4.387909471988677979e-01
2.087499946355819702e-01 8.308333158493041992e-01 8.952500224113464355e-01 2.347500026226043701e-01 1.957499980926513672e-01 4.715875089168548584e-01 2.121057957410812378e-01 7.402299046516418457e-01 8.259010910987854004e-01 2.078222781419754028e-01 2.304909676313400269e-01 5.363792777061462402e-01
5.147500038146972656e-01 7.461666464805603027e-01 4.427500069141387939e-01 2.087499946355819702e-01 4.997499883174896240e-01 3.527874946594238281e-01 5.358195304870605469e-01 7.064645290374755859e-01 3.593215644359588623e-01 2.817735970020294189e-01 5.017871260643005371e-01 3.523149192333221436e-01
6.110392212867736816e-01 2.457990050315856934e-01 7.080356478691101074e-01 9.125527143478393555e-01 5.699502676725387573e-02 0.000000000000000000e+00 7.111242413520812988e-01 2.676369249820709229e-01 6.978638768196105957e-01 7.051809430122375488e-01 6.188257783651351929e-02 6.054508034139871597e-03
8.777843713760375977e-01 7.214850187301635742e-01 6.759686470031738281e-01 7.876136302947998047e-01 8.507311940193176270e-01 0.000000000000000000e+00 9.156470298767089844e-01 7.315930724143981934e-01 4.769260287284851074e-01 8.958455324172973633e-01 8.669376969337463379e-01 3.930572792887687683e-02
3.567500114440917969e-01 3.388333320617675781e-01 5.867499709129333496e-01 6.472499966621398926e-01 5.577499866485595703e-01 3.404124975204467773e-01 4.042490422725677490e-01 2.541686296463012695e-01 5.501491427421569824e-01 6.303076148033142090e-01 5.408894419670104980e-01 2.123390585184097290e-01
5.967500209808349609e-01 5.328333377838134766e-01 5.092499852180480957e-01 5.947499871253967285e-01 3.992500007152557373e-01 3.740724921226501465e-01 6.683498024940490723e-01 5.471788644790649414e-01 4.596221446990966797e-01 4.919575452804565430e-01 3.978998661041259766e-01 2.776640653610229492e-01
3.097499907016754150e-01 5.391666889190673828e-01 8.897500038146972656e-01 1.025000028312206268e-02 7.647500038146972656e-01 5.785074830055236816e-01 2.797596752643585205e-01 5.522536635398864746e-01 7.616786360740661621e-01 1.841848790645599365e-01 7.677739262580871582e-01 4.684820771217346191e-01
5.466465950012207031e-01 7.092813253402709961e-01 1.403210461139678955e-01 2.321489006280899048e-01 4.876793324947357178e-01 0.000000000000000000e+00 5.353667736053466797e-01 8.637761473655700684e-01 1.288149356842041016e-01 2.277603745460510254e-01 4.666982591152191162e-01 3.556714951992034912e-02
8.146756887435913086e-01 8.151928186416625977e-01 1.095200031995773315e-01 8.154487609863281250e-01 1.468622982501983643e-01 0.000000000000000000e+00 8.278558850288391113e-01 9.188348054885864258e-01 2.774650454521179199e-01 7.335651516914367676e-01 1.024799197912216187e-01 1.526885171188041568e-04
2.225000038743019104e-02 6.468333601951599121e-01 7.072499990463256836e-01 3.307499885559082031e-01 7.882500290870666504e-01 4.399074912071228027e-01 7.194460183382034302e-02 5.629594326019287109e-01 5.618740320205688477e-01 4.012655913829803467e-01 9.145940542221069336e-01 3.661334514617919922e-01
3.424999862909317017e-02 4.754999876022338867e-01 7.697499990463256836e-01 2.577500045299530029e-01 8.107500076293945312e-01 5.834575295448303223e-01 8.356444537639617920e-02 4.301866888999938965e-01 6.136820316314697266e-01 3.982145488262176514e-01 8.148924708366394043e-01 2.169696241617202759e-01
1.992499977350234985e-01 3.591666519641876221e-01 9.657499790191650391e-01 3.250000067055225372e-03 8.375000208616256714e-02 1.830025017261505127e-01 1.198280826210975647e-01 3.278651833534240723e-01 9.213910698890686035e-01 7.081744074821472168e-02 7.625118643045425415e-02 7.829589396715164185e-02
7.134825587272644043e-01 9.487211704254150391e-01 8.274381160736083984e-01 9.275305867195129395e-01 9.057633280754089355e-01 0.000000000000000000e+00 7.521842122077941895e-01 7.317363619804382324e-01 4.696600735187530518e-01 9.225189685821533203e-01 9.028592705726623535e-01 4.477074742317199707e-02
8.725000172853469849e-02 5.738333463668823242e-01 8.117499947547912598e-01 8.967499732971191406e-01 4.697499871253967285e-01 8.616474866867065430e-01 6.971681863069534302e-02 5.328512787818908691e-01 8.002980947494506836e-01 8.130698204040527344e-01 4.723584353923797607e-01 7.466103434562683105e-01
6.743448376655578613e-01 4.630076587200164795e-01 6.289622783660888672e-01 8.444319963455200195e-01 8.257501721382141113e-01 0.000000000000000000e+00 7.576631307601928711e-01 2.988328337669372559e-01 5.352541804313659668e-01 7.877168655395507812e-01 8.565170168876647949e-01 1.405335962772369385e-01
3.375231623649597168e-01 3.257303237915039062e-01 5.418908596038818359e-01 1.743626445531845093e-01 5.734734535217285156e-01 0.000000000000000000e+00 3.208080828189849854e-01 1.762861162424087524e-01 4.990300238132476807e-01 1.034983545541763306e-01 5.977501273155212402e-01 8.321029134094715118e-03
4.192500114440917969e-01 8.331666588783264160e-01 2.402500063180923462e-01 3.272500038146972656e-01 2.727499902248382568e-01 9.462925195693969727e-01 3.952226936817169189e-01 7.542932033538818359e-01 2.329878956079483032e-01 2.467043548822402954e-01 2.636478543281555176e-01 9.050428867340087891e-01
9.477499723434448242e-01 2.308333367109298706e-01 1.042499989271163940e-01 3.242500126361846924e-01 1.475000008940696716e-02 7.334424853324890137e-01 8.549132347106933594e-01 3.116813600063323975e-01 1.299418509006500244e-01 2.731801867485046387e-01 4.971813410520553589e-02 4.366028606891632080e-01
8.120066523551940918e-01 9.686499834060668945e-02 1.009737774729728699e-01 6.563627719879150391e-02 7.639284729957580566e-01 0.000000000000000000e+00 6.039192080497741699e-01 2.716319262981414795e-01 5.203983187675476074e-01 1.523635983467102051e-01 7.886168956756591797e-01 4.739950224757194519e-02
9.192500114440917969e-01 4.514999985694885254e-01 6.262500286102294922e-01 7.275000214576721191e-02 7.157499790191650391e-01 9.665874838829040527e-01 8.761587142944335938e-01 4.858245551586151123e-01 5.285284519195556641e-01 2.066991627216339111e-01 6.949606537818908691e-01 7.222883701324462891e-01
5.137500166893005371e-01 6.348333358764648438e-01 5.807499885559082031e-01 9.202499985694885254e-01 1.557500064373016357e-01 5.626674890518188477e-01 5.356470942497253418e-01 4.142276942729949951e-01 4.804705381393432617e-01 7.311025857925415039e-01 1.457594037055969238e-01 2.729307711124420166e-01
6.872500181198120117e-01 1.895000040531158447e-01 7.222499847412109375e-01 8.382499814033508301e-01 9.427499771118164062e-01 2.389374971389770508e-01 7.579750418663024902e-01 2.102215886116027832e-01 7.064021825790405273e-01 7.537704706192016602e-01 8.747138977050781250e-01 3.778615593910217285e-02
4.962500035762786865e-01 5.658333301544189453e-01 8.657500147819519043e-01 8.772500157356262207e-01 2.282499969005584717e-01 8.131374716758728027e-01 4.983427822589874268e-01 4.895193874835968018e-01 6.918647289276123047e-01 8.054840564727783203e-01 2.153428345918655396e-01 6.611287593841552734e-01
4.422500133514404297e-01 1.764999926090240479e-01 4.402500092983245850e-01 1.772499978542327881e-01 7.625000178813934326e-02 4.319874942302703857e-01 4.427373409271240234e-01 2.065603882074356079e-01 3.994782567024230957e-01 1.290728598833084106e-01 6.386136263608932495e-02 2.987467348575592041e-01
1.856343299150466919e-01 6.472690105438232422e-01 7.827227711677551270e-01 9.216087311506271362e-02 7.028238177299499512e-01 0.000000000000000000e+00 1.357422322034835815e-01 5.976415276527404785e-01 6.404502391815185547e-01 2.409634888172149658e-01 7.252243161201477051e-01 1.219061762094497681e-02
3.944233655929565430e-01 9.078196883201599121e-01 5.336274858564138412e-03 3.425675332546234131e-01 6.301826238632202148e-01 0.000000000000000000e+00 4.549455940723419189e-01 9.795545339584350586e-01 5.785146728157997131e-02 3.034085631370544434e-01 6.216213107109069824e-01 1.560531789436936378e-03
2.111275047063827515e-01 5.085374712944030762e-01 5.145501494407653809e-01 8.055545091629028320e-01 9.772666692733764648e-01 0.000000000000000000e+00 2.170349210500717163e-01 6.354478597640991211e-01 8.608061075210571289e-01 7.844976186752319336e-01 9.108955860137939453e-01 1.011543255299329758e-02
5.773434042930603027e-01 7.319161891937255859e-01 1.772577315568923950e-01 5.880763530731201172e-01 3.834265768527984619e-01 0.000000000000000000e+00 5.756130814552307129e-01 7.778433561325073242e-01 2.492342293262481689e-01 5.137837529182434082e-01 3.578847348690032959e-01 9.801511466503143311e-02
6.727500003762543201e-04 3.008881807327270508e-01 1.847850042395293713e-03 2.242622524499893188e-02 8.625592589378356934e-01 0.000000000000000000e+00 1.095800995826721191e-01 6.167319416999816895e-01 2.788272798061370850e-01 4.767464101314544678e-02 9.638154506683349609e-01 7.089587859809398651e-03
5.992500185966491699e-01 7.551666498184204102e-01 8.052499890327453613e-01 4.177500009536743164e-01 7.957500219345092773e-01 1.696375012397766113e-01 5.907052159309387207e-01 7.752657532691955566e-01 7.274079918861389160e-01 5.148072242736816406e-01 7.982749938964843750e-01 1.020927950739860535e-01
4.490514397621154785e-01 3.519166726619005203e-03 9.322242736816406250e-01 4.156785905361175537e-01 3.209452331066131592e-01 0.000000000000000000e+00 6.605300903320312500e-01 2.439260482788085938e-01 6.079074740409851074e-01 3.686898350715637207e-01 3.514181375503540039e-01 3.809002786874771118e-02
8.942499756813049316e-01 6.038333177566528320e-01 5.497499704360961914e-01 4.132499992847442627e-01 4.922499954700469971e-01 4.413925111293792725e-01 9.062815308570861816e-01 5.985388159751892090e-01 4.945496916770935059e-01 4.055340588092803955e-01 5.140224099159240723e-01 2.472470551729202271e-01
9.327499866485595703e-01 1.961666643619537354e-01 5.502499938011169434e-01 5.617499947547912598e-01 1.867499947547912598e-01 6.260275244712829590e-01 9.484103322029113770e-01 4.059474766254425049e-01 5.309191346168518066e-01 5.691103339195251465e-01 1.644845157861709595e-01 5.642002820968627930e-01
9.317849874496459961e-01 1.362946629524230957e-01 2.200233936309814453e-01 8.826972842216491699e-01 5.393868088722229004e-01 0.000000000000000000e+00 9.348077774047851562e-01 5.535436868667602539e-01 4.320867955684661865e-01 8.366947770118713379e-01 5.866076350212097168e-01 9.629840962588787079e-03
8.177499771118164062e-01 5.158333182334899902e-01 9.177500009536743164e-01 6.962500214576721191e-01 9.737499952316284180e-01 9.705474972724914551e-01 7.971533536911010742e-01 3.954880237579345703e-01 7.455834150314331055e-01 8.295435905456542969e-01 9.071828126907348633e-01 7.121468782424926758e-01
9.242500066757202148e-01 5.005000233650207520e-01 6.162499785423278809e-01 5.257499814033508301e-01 7.982500195503234863e-01 2.864575088024139404e-01 8.935670256614685059e-01 3.764602541923522949e-01 5.643697977066040039e-01 5.581012368202209473e-01 8.121701478958129883e-01 1.614132821559906006e-01
4.422500133514404297e-01 1.764999926090240479e-01 4.402500092983245850e-01 1.772499978542327881e-01 7.625000178813934326e-02 4.319874942302703857e-01 4.427373409271240234e-01 2.065603882074356079e-01 3.994782567024230957e-01 1.290728598833084106e-01 6.386136263608932495e-02 2.987467348575592041e-01
3.419293463230133057e-01 1.805741637945175171e-01 2.341684699058532715e-01 3.325681686401367188e-01 7.101426124572753906e-01 0.000000000000000000e+00 3.170562982559204102e-01 4.217192530632019043e-01 5.263388156890869141e-01 3.181323707103729248e-01 7.246559262275695801e-01 5.320578441023826599e-02
4.268882423639297485e-02 1.294848322868347168e-01 4.440383315086364746e-01 7.268168926239013672e-01 6.352671980857849121e-01 0.000000000000000000e+00 1.069701537489891052e-01 2.150570452213287354e-01 6.012083292007446289e-01 6.183772087097167969e-01 6.418403983116149902e-01 4.118482023477554321e-02
4.377500116825103760e-01 3.538333475589752197e-01 5.725000053644180298e-02 3.642500042915344238e-01 2.675000019371509552e-02 4.453524947166442871e-01 4.228012263774871826e-01 3.488244414329528809e-01 1.627362221479415894e-01 2.708706855773925781e-01 5.706942453980445862e-02 2.257147580385208130e-01
4.553713500499725342e-01 7.243009805679321289e-01 8.004795014858245850e-02 1.802461296319961548e-01 1.824810802936553955e-01 0.000000000000000000e+00 3.854088783264160156e-01 8.442322015762329102e-01 8.958132565021514893e-02 1.925523877143859863e-01 1.311724931001663208e-01 2.814480662345886230e-02
4.005122780799865723e-01 4.098660051822662354e-01 9.665255248546600342e-02 9.060249663889408112e-03 7.794153690338134766e-01 0.000000000000000000e+00 3.296759426593780518e-01 4.402365386486053467e-01 2.012364864349365234e-01 1.162361651659011841e-01 8.042132258415222168e-01 2.779540233314037323e-02
9.942499995231628418e-01 2.911666631698608398e-01 8.725000172853469849e-02 9.897500276565551758e-01 3.057500123977661133e-01 6.082075238227844238e-01 9.414109587669372559e-01 4.025142490863800049e-01 2.164048403501510620e-01 7.851244211196899414e-01 2.673292756080627441e-01 3.990326523780822754e-01
2.890748381614685059e-01 1.714843362569808960e-01 8.002722263336181641e-01 3.826674222946166992e-01 2.275328040122985840e-01 0.000000000000000000e+00 2.671878635883331299e-01 1.821135133504867554e-01 5.622749924659729004e-01 5.240225195884704590e-01 1.826881468296051025e-01 2.282579988241195679e-02
2.367500066757202148e-01 5.378333330154418945e-01 3.197500109672546387e-01 2.102500051259994507e-01 3.602499961853027344e-01 9.784675240516662598e-01 2.054831534624099731e-01 5.117511749267578125e-01 3.015227019786834717e-01 2.668662369251251221e-01 3.590816855430603027e-01 9.188682436943054199e-01
8.124446272850036621e-01 9.060766547918319702e-02 9.207218289375305176e-01 7.184882164001464844e-01 9.589533805847167969e-01 0.000000000000000000e+00 8.963765501976013184e-01 2.149865478277206421e-01 7.728698253631591797e-01 7.871810793876647949e-01 9.506818056106567383e-01 7.219953089952468872e-02
1.832499951124191284e-01 1.901666671037673950e-01 9.902499914169311523e-01 3.447499871253967285e-01 4.292500019073486328e-01 1.518175005912780762e-01 1.838018596172332764e-01 2.543080151081085205e-01 8.746118545532226562e-01 3.211737573146820068e-01 3.773142099380493164e-01 3.137346729636192322e-02
5.650260448455810547e-01 8.433888554573059082e-01 7.753085345029830933e-02 9.849763512611389160e-01 1.583356708288192749e-01 0.000000000000000000e+00 5.329850316047668457e-01 9.512256383895874023e-01 1.960942894220352173e-01 7.908384203910827637e-01 1.028637513518333435e-01 1.435890499124070629e-05
4.962500035762786865e-01 5.658333301544189453e-01 8.657500147819519043e-01 8.772500157356262207e-01 2.282499969005584717e-01 8.131374716758728027e-01 4.983427822589874268e-01 4.895193874835968018e-01 6.918647289276123047e-01 8.054840564727783203e-01 2.153428345918655396e-01 6.611287593841552734e-01
2.367500066757202148e-01 5.378333330154418945e-01 3.197500109672546387e-01 2.102500051259994507e-01 3.602499961853027344e-01 9.784675240516662598e-01 2.054831534624099731e-01 5.117511749267578125e-01 3.015227019786834717e-01 2.668662369251251221e-01 3.590816855430603027e-01 9.188682436943054199e-01
1.117499992251396179e-01 3.808333277702331543e-01 1.052500009536743164e-01 5.272499918937683105e-01 7.074999809265136719e-02 1.810224950313568115e-01 1.374514698982238770e-01 3.049782514572143555e-01 1.307238787412643433e-01 3.671231567859649658e-01 6.749560683965682983e-02 4.282730445265769958e-02
5.707499980926513672e-01 2.768333256244659424e-01 2.472500056028366089e-01 4.202499985694885254e-01 6.162499785423278809e-01 6.865750253200531006e-02 5.587694644927978516e-01 3.317956328392028809e-01 3.363763391971588135e-01 4.074818193912506104e-01 5.878831148147583008e-01 9.238212555646896362e-02
2.172500044107437134e-01 6.765000224113464355e-01 9.674999862909317017e-02 9.392499923706054688e-01 9.047499895095825195e-01 6.864175200462341309e-01 2.341804057359695435e-01 7.656709551811218262e-01 1.845850348472595215e-01 8.746242523193359375e-01 9.500287175178527832e-01 7.473583817481994629e-01
6.862499713897705078e-01 1.848333328962326050e-01 1.072499975562095642e-01 1.247500032186508179e-01 1.492500007152557373e-01 7.700725197792053223e-01 5.618769526481628418e-01 2.707544863224029541e-01 2.630050182342529297e-01 1.552154719829559326e-01 1.252505779266357422e-01 5.490638017654418945e-01
8.636893630027770996e-01 6.388808488845825195e-01 5.482948422431945801e-01 5.587828755378723145e-01 8.633661270141601562e-01 0.000000000000000000e+00 8.659538030624389648e-01 5.302618145942687988e-01 5.889332294464111328e-01 4.251665771007537842e-01 8.769944310188293457e-01 1.815785467624664307e-01
9.525000303983688354e-02 5.774999856948852539e-01 1.882500052452087402e-01 4.282500147819519043e-01 5.407500267028808594e-01 2.409175038337707520e-01 1.419037878513336182e-01 5.682940483093261719e-01 2.468069791793823242e-01 4.748067855834960938e-01 5.773960947990417480e-01 7.254760712385177612e-02
1.062500029802322388e-01 4.724999964237213135e-01 6.117500066757202148e-01 7.057499885559082031e-01 7.172499895095825195e-01 2.339874953031539917e-01 1.291974186897277832e-01 4.779061377048492432e-01 6.930762529373168945e-01 7.421114444732666016e-01 7.067098617553710938e-01 1.608108729124069214e-01
8.085581064224243164e-01 6.106528043746948242e-01 9.024677276611328125e-01 7.971588373184204102e-01 7.310138344764709473e-01 0.000000000000000000e+00 8.154363036155700684e-01 3.660516440868377686e-01 7.233552336692810059e-01 8.615604043006896973e-01 7.749614119529724121e-01 2.568196132779121399e-02
9.947550892829895020e-01 2.314333245158195496e-02 2.378972470760345459e-01 9.270197749137878418e-01 9.649623036384582520e-01 0.000000000000000000e+00 8.762667775154113770e-01 1.540677547454833984e-01 6.600182056427001953e-01 7.981755733489990234e-01 9.196798801422119141e-01 7.455288898199796677e-03
5.922499895095825195e-01 3.555000126361846924e-01 8.552500009536743164e-01 7.402499914169311523e-01 2.752499878406524658e-01 4.394125044345855713e-01 6.743943691253662109e-01 3.299357891082763672e-01 6.823282837867736816e-01 6.999777555465698242e-01 2.467079460620880127e-01 2.713340818881988525e-01
6.910432577133178711e-01 6.911781430244445801e-01 1.498954296112060547e-01 3.604017794132232666e-01 4.049657285213470459e-01 0.000000000000000000e+00 5.646407604217529297e-01 8.630167841911315918e-01 2.284945696592330933e-01 4.518871009349822998e-01 4.001129865646362305e-01 7.172303739935159683e-03
9.242500066757202148e-01 5.005000233650207520e-01 6.162499785423278809e-01 5.257499814033508301e-01 7.982500195503234863e-01 2.864575088024139404e-01 8.935670256614685059e-01 3.764602541923522949e-01 5.643697977066040039e-01 5.581012368202209473e-01 8.121701478958129883e-01 1.614132821559906006e-01
9.327499866485595703e-01 1.961666643619537354e-01 5.502499938011169434e-01 5.617499947547912598e-01 1.867499947547912598e-01 6.260275244712829590e-01 9.484103322029113770e-01 4.059474766254425049e-01 5.309191346168518066e-01 5.691103339195251465e-01 1.644845157861709595e-01 5.642002820968627930e-01
3.617500066757202148e-01 1.958333402872085571e-01 1.767500042915344238e-01 4.187499880790710449e-01 8.402500152587890625e-01 6.616675257682800293e-01 3.344670832157135010e-01 3.700972795486450195e-01 3.054978847503662109e-01 5.340691208839416504e-01 7.879229784011840820e-01 7.605220675468444824e-01
8.425000309944152832e-02 3.655000030994415283e-01 1.875000074505805969e-02 4.672499895095825195e-01 2.232500016689300537e-01 3.839724957942962646e-01 1.254950463771820068e-01 4.707156121730804443e-01 1.461561024188995361e-01 5.108930468559265137e-01 1.654895097017288208e-01 4.226414561271667480e-01
4.917164146900177002e-01 1.538729965686798096e-01 2.477837502956390381e-01 1.046407744288444519e-01 1.561722010374069214e-01 0.000000000000000000e+00 3.612686693668365479e-01 1.839530020952224731e-01 4.373623430728912354e-01 2.003807425498962402e-01 1.363066285848617554e-01 1.061006411910057068e-01
4.161837399005889893e-01 2.554411590099334717e-01 2.967902719974517822e-01 2.131748944520950317e-01 8.772553801536560059e-01 0.000000000000000000e+00 3.971596062183380127e-01 3.255791962146759033e-01 4.448231160640716553e-01 1.455611139535903931e-01 8.849644660949707031e-01 9.890871588140726089e-04
8.725000172853469849e-02 5.738333463668823242e-01 8.117499947547912598e-01 8.967499732971191406e-01 4.697499871253967285e-01 8.616474866867065430e-01 6.971681863069534302e-02 5.328512787818908691e-01 8.002980947494506836e-01 8.130698204040527344e-01 4.723584353923797607e-01 7.466103434562683105e-01
9.546023607254028320e-01 3.145194947719573975e-01 9.666330814361572266e-01 8.392641544342041016e-01 8.429495096206665039e-01 0.000000000000000000e+00 8.816843628883361816e-01 1.109170988202095032e-01 9.233989119529724121e-01 9.005111455917358398e-01 9.083455204963684082e-01 5.493532400578260422e-03
1.117499992251396179e-01 3.808333277702331543e-01 1.052500009536743164e-01 5.272499918937683105e-01 7.074999809265136719e-02 1.810224950313568115e-01 1.374514698982238770e-01 3.049782514572143555e-01 1.307238787412643433e-01 3.671231567859649658e-01 6.749560683965682983e-02 4.282730445265769958e-02
6.677500009536743164e-01 6.388333439826965332e-01 2.257499992847442627e-01 1.757500022649765015e-01 1.952500045299530029e-01 1.676574945449829102e-01 6.494434475898742676e-01 6.535607576370239258e-01 2.175569981336593628e-01 2.256407141685485840e-01 2.024095356464385986e-01 7.159143686294555664e-02
3.857499957084655762e-01 8.264999985694885254e-01 8.447499871253967285e-01 1.167500019073486328e-01 1.217499971389770508e-01 5.389075279235839844e-01 4.195250570774078369e-01 6.905431747436523438e-01 6.297923922538757324e-01 1.310259997844696045e-01 1.483514606952667236e-01 2.275192141532897949e-01
5.707499980926513672e-01 2.768333256244659424e-01 2.472500056028366089e-01 4.202499985694885254e-01 6.162499785423278809e-01 6.865750253200531006e-02 5.587694644927978516e-01 3.317956328392028809e-01 3.363763391971588135e-01 4.074818193912506104e-01 5.878831148147583008e-01 9.238212555646896362e-02
7.737500071525573730e-01 4.474999904632568359e-01 6.207500100135803223e-01 8.602499961853027344e-01 5.787500143051147461e-01 4.166424870491027832e-01 8.212025761604309082e-01 5.331145524978637695e-01 5.686525106430053711e-01 7.992262244224548340e-01 5.833021402359008789e-01 3.156673312187194824e-01
2.731627821922302246e-01 6.133019924163818359e-01 5.430802106857299805e-01 3.422549068927764893e-01 2.680090069770812988e-01 0.000000000000000000e+00 2.337494641542434692e-01 6.735382080078125000e-01 7.400876283645629883e-01 2.171601504087448120e-01 2.089498192071914673e-01 9.304279834032058716e-02
7.098399996757507324e-01 7.246901392936706543e-01 6.218391656875610352e-01 5.833673477172851562e-01 3.351609706878662109e-01 0.000000000000000000e+00 7.345021367073059082e-01 7.233625054359436035e-01 4.553704261779785156e-01 6.419351696968078613e-01 3.337387740612030029e-01 1.791997067630290985e-02
5.801064968109130859e-01 7.461875081062316895e-01 5.749394297599792480e-01 5.399239063262939453e-01 2.215734720230102539e-01 0.000000000000000000e+00 5.175814628601074219e-01 6.174746751785278320e-01 4.517212510108947754e-01 5.612781047821044922e-01 1.814705431461334229e-01 6.051960866898298264e-03
8.997499942779541016e-01 3.171666562557220459e-01 7.972499728202819824e-01 1.452499926090240479e-01 7.557500004768371582e-01 8.012574911117553711e-01 8.797512650489807129e-01 3.439547419548034668e-01 6.759860515594482422e-01 2.234451919794082642e-01 7.241950035095214844e-01 7.061135768890380859e-01
1.967500001192092896e-01 5.351666808128356934e-01 5.907499790191650391e-01 6.075000017881393433e-02 9.127500057220458984e-01 9.522324800491333008e-01 1.906359344720840454e-01 5.182660222053527832e-01 5.629590749740600586e-01 2.298820912837982178e-01 9.412299990653991699e-01 8.444763422012329102e-01
5.753400325775146484e-01 9.747760295867919922e-01 2.034065574407577515e-01 5.647836327552795410e-01 3.590864837169647217e-01 0.000000000000000000e+00 5.784854888916015625e-01 9.028986096382141113e-01 2.022591233253479004e-01 4.140686392784118652e-01 3.495414555072784424e-01 3.650869475677609444e-03
5.397499799728393555e-01 4.061666727066040039e-01 6.297500133514404297e-01 3.267500102519989014e-01 3.487499952316284180e-01 6.667750328779220581e-02 5.547677278518676758e-01 3.269937336444854736e-01 6.685476899147033691e-01 2.605756223201751709e-01 3.334589898586273193e-01 6.717278063297271729e-02
5.782233476638793945e-01 1.905086636543273926e-01 8.013196587562561035e-01 3.529058098793029785e-01 5.858244895935058594e-01 0.000000000000000000e+00 7.533611059188842773e-01 1.913283765316009521e-01 4.432790875434875488e-01 3.020837903022766113e-01 6.207073330879211426e-01 1.172902062535285950e-02
8.206180334091186523e-01 3.217741549015045166e-01 2.701013982295989990e-01 8.320565223693847656e-01 8.757120966911315918e-01 0.000000000000000000e+00 8.096268177032470703e-01 2.040998488664627075e-01 5.152528882026672363e-01 6.004666686058044434e-01 8.903332948684692383e-01 5.687036551535129547e-03
1.800756454467773438e-01 4.658383429050445557e-01 5.092836618423461914e-01 5.884780287742614746e-01 9.392117708921432495e-02 0.000000000000000000e+00 1.139709204435348511e-01 3.158667981624603271e-01 4.561648666858673096e-01 4.341595172882080078e-01 8.137363195419311523e-02 1.811398006975650787e-02
7.925000041723251343e-02 4.868333339691162109e-01 4.742499887943267822e-01 2.274999953806400299e-02 9.662500023841857910e-01 8.477874994277954102e-01 1.085383668541908264e-01 4.740700125694274902e-01 5.079020261764526367e-01 1.458095312118530273e-01 9.780873060226440430e-01 6.030818819999694824e-01
8.905158042907714844e-01 3.270936608314514160e-01 9.093118906021118164e-01 9.300377964973449707e-01 8.199785947799682617e-01 0.000000000000000000e+00 8.954505920410156250e-01 2.330939620733261108e-01 8.965259790420532227e-01 9.351235628128051758e-01 8.811848163604736328e-01 6.059175729751586914e-02
9.593167155981063843e-02 8.410415053367614746e-01 5.944337323307991028e-02 5.192199945449829102e-01 6.996707320213317871e-01 0.000000000000000000e+00 1.139145568013191223e-01 9.401346445083618164e-01 1.492580678313970566e-02 5.610595345497131348e-01 7.517164945602416992e-01 1.037677939166314900e-04
9.544151425361633301e-01 2.193515002727508545e-01 1.835678070783615112e-01 2.082073688507080078e-01 5.119031071662902832e-01 0.000000000000000000e+00 7.258884310722351074e-01 2.320635169744491577e-01 4.996422827243804932e-01 2.752638459205627441e-01 5.320575237274169922e-01 2.158772572875022888e-02
1.492500007152557373e-01 5.341666936874389648e-01 2.392500042915344238e-01 5.562499761581420898e-01 3.927499949932098389e-01 8.977825045585632324e-01 1.626140475273132324e-01 5.363134145736694336e-01 1.767286211252212524e-01 4.760640263557434082e-01 4.041700065135955811e-01 9.130917787551879883e-01
6.287500262260437012e-01 3.498333394527435303e-01 2.857500016689300537e-01 3.732500076293945312e-01 4.812499880790710449e-01 6.388974785804748535e-01 5.969012379646301270e-01 4.289678931236267090e-01 3.044248521327972412e-01 4.092275798320770264e-01 4.644019603729248047e-01 5.867336392402648926e-01
7.404195070266723633e-01 4.214388430118560791e-01 6.029757857322692871e-01 7.553784251213073730e-01 7.928851842880249023e-01 0.000000000000000000e+00 7.300336360931396484e-01 4.116118252277374268e-01 6.825851798057556152e-01 8.052025437355041504e-01 8.660063147544860840e-01 1.034213975071907043e-01
4.982500076293945312e-01 3.598333299160003662e-01 6.932500004768371582e-01 8.737499713897705078e-01 3.422499895095825195e-01 8.552125096321105957e-01 5.442555546760559082e-01 3.682297170162200928e-01 6.243611574172973633e-01 7.205952405929565430e-01 3.086028993129730225e-01 6.082612872123718262e-01
9.780678153038024902e-01 6.063601374626159668e-01 7.439049892127513885e-03 5.984240770339965820e-01 5.563495159149169922e-01 0.000000000000000000e+00 7.788273692131042480e-01 6.610404253005981445e-01 3.311415910720825195e-01 6.213925480842590332e-01 5.747631788253784180e-01 1.038280203938484192e-01
6.132500171661376953e-01 4.048333466053009033e-01 4.632500112056732178e-01 7.622500061988830566e-01 1.612499952316284180e-01 7.913575172424316406e-01 6.489024758338928223e-01 4.394290745258331299e-01 4.083365499973297119e-01 6.192743778228759766e-01 1.596156656742095947e-01 6.100485324859619141e-01
6.279945373535156250e-01 1.521668285131454468e-01 6.928932666778564453e-02 2.459076195955276489e-01 1.891373693943023682e-01 0.000000000000000000e+00 6.166207790374755859e-01 3.852038681507110596e-01 1.911361664533615112e-01 2.781992256641387939e-01 1.563466787338256836e-01 4.299165681004524231e-02
9.477499723434448242e-01 2.308333367109298706e-01 1.042499989271163940e-01 3.242500126361846924e-01 1.475000008940696716e-02 7.334424853324890137e-01 8.549132347106933594e-01 3.116813600063323975e-01 1.299418509006500244e-01 2.731801867485046387e-01 4.971813410520553589e-02 4.366028606891632080e-01
4.564839974045753479e-02 8.947119712829589844e-01 8.388800024986267090e-01 1.912475824356079102e-01 2.527554333209991455e-01 0.000000000000000000e+00 1.547759119421243668e-02 7.239435911178588867e-01 4.783461391925811768e-01 3.144271075725555420e-01 1.959412395954132080e-01 5.272724851965904236e-02
7.647975683212280273e-01 9.026586413383483887e-01 3.210135102272033691e-01 5.718205124139785767e-02 6.737741231918334961e-01 0.000000000000000000e+00 7.496217489242553711e-01 8.742690682411193848e-01 1.736555695533752441e-01 1.395507603883743286e-01 6.684435009956359863e-01 2.226223237812519073e-02
3.627759516239166260e-01 3.934253454208374023e-01 9.887663722038269043e-01 2.260797470808029175e-01 6.655945777893066406e-01 0.000000000000000000e+00 3.304270505905151367e-01 2.075849622488021851e-01 5.843659043312072754e-01 4.292369186878204346e-01 6.760734915733337402e-01 3.528726100921630859e-02
4.377500116825103760e-01 3.538333475589752197e-01 5.725000053644180298e-02 3.642500042915344238e-01 2.675000019371509552e-02 4.453524947166442871e-01 4.228012263774871826e-01 3.488244414329528809e-01 1.627362221479415894e-01 2.708706855773925781e-01 5.706942453980445862e-02 2.257147580385208130e-01
6.927499771118164062e-01 6.318333148956298828e-01 3.787499964237213135e-01 6.617500185966491699e-01 3.747499883174896240e-01 4.196124970912933350e-01 7.183616757392883301e-01 6.623769402503967285e-01 4.437746405601501465e-01 5.965687036514282227e-01 3.746386766433715820e-01 2.530626356601715088e-01
8.937899470329284668e-01 7.539954781532287598e-01 9.195522218942642212e-02 5.554978847503662109e-01 3.482151627540588379e-01 0.000000000000000000e+00 8.457625508308410645e-01 9.205062985420227051e-01 1.984769701957702637e-01 6.617377996444702148e-01 3.365350663661956787e-01 1.897177309729158878e-03
7.737500071525573730e-01 4.474999904632568359e-01 6.207500100135803223e-01 8.602499961853027344e-01 5.787500143051147461e-01 4.166424870491027832e-01 8.212025761604309082e-01 5.331145524978637695e-01 5.686525106430053711e-01 7.992262244224548340e-01 5.833021402359008789e-01 3.156673312187194824e-01
8.838497400283813477e-01 2.722083404660224915e-02 8.504245281219482422e-01 1.337267756462097168e-01 2.209233492612838745e-01 0.000000000000000000e+00 7.379266619682312012e-01 2.727415561676025391e-01 6.801716685295104980e-01 6.107566952705383301e-01 1.951890438795089722e-01 1.742580682039260864e-01
2.367500066757202148e-01 5.378333330154418945e-01 3.197500109672546387e-01 2.102500051259994507e-01 3.602499961853027344e-01 9.784675240516662598e-01 2.054831534624099731e-01 5.117511749267578125e-01 3.015227019786834717e-01 2.668662369251251221e-01 3.590816855430603027e-01 9.188682436943054199e-01
5.236236453056335449e-01 7.473919987678527832e-01 3.135306835174560547e-01 7.138540744781494141e-01 2.514461874961853027e-01 0.000000000000000000e+00 4.456351697444915771e-01 6.750171184539794922e-01 3.035137057304382324e-01 6.916369795799255371e-01 2.095835208892822266e-01 2.856567874550819397e-02
1.999174207448959351e-01 9.136916399002075195e-01 5.269144773483276367e-01 1.636413037776947021e-01 8.132306337356567383e-01 0.000000000000000000e+00 1.646764278411865234e-01 6.265063285827636719e-01 4.151489734649658203e-01 1.858567595481872559e-01 8.593780398368835449e-01 5.239989235997200012e-02
9.685450196266174316e-01 3.759810030460357666e-01 9.623929858207702637e-02 1.748133003711700439e-01 1.024792529642581940e-02 0.000000000000000000e+00 7.282694578170776367e-01 4.311771690845489502e-01 3.277250528335571289e-01 3.091270327568054199e-01 3.979892283678054810e-02 2.683330141007900238e-02
7.737500071525573730e-01 4.474999904632568359e-01 6.207500100135803223e-01 8.602499961853027344e-01 5.787500143051147461e-01 4.166424870491027832e-01 8.212025761604309082e-01 5.331145524978637695e-01 5.686525106430053711e-01 7.992262244224548340e-01 5.833021402359008789e-01 3.156673312187194824e-01
8.922974765300750732e-02 2.850345075130462646e-01 5.364387482404708862e-02 7.765941023826599121e-01 6.037123203277587891e-01 0.000000000000000000e+00 1.595820188522338867e-01 5.563388466835021973e-01 4.030369520187377930e-01 5.007861852645874023e-01 5.905233025550842285e-01 4.104797914624214172e-02
4.127610921859741211e-01 5.888776779174804688e-01 1.393345743417739868e-01 9.980369210243225098e-01 7.978793382644653320e-01 0.000000000000000000e+00 4.443782269954681396e-01 7.588076591491699219e-01 3.935935795307159424e-01 8.080256581306457520e-01 7.810730934143066406e-01 6.953981518745422363e-02
6.677500009536743164e-01 6.388333439826965332e-01 2.257499992847442627e-01 1.757500022649765015e-01 1.952500045299530029e-01 1.676574945449829102e-01 6.494434475898742676e-01 6.535607576370239258e-01 2.175569981336593628e-01 2.256407141685485840e-01 2.024095356464385986e-01 7.159143686294555664e-02
4.512539803981781006e-01 9.110638499259948730e-01 3.679053485393524170e-01 2.475255280733108521e-01 1.587272435426712036e-02 0.000000000000000000e+00 4.002684950828552246e-01 7.323234081268310547e-01 1.249027550220489502e-01 2.574780881404876709e-01 3.405983373522758484e-02 2.450366504490375519e-03
5.707499980926513672e-01 2.768333256244659424e-01 2.472500056028366089e-01 4.202499985694885254e-01 6.162499785423278809e-01 6.865750253200531006e-02 5.587694644927978516e-01 3.317956328392028809e-01 3.363763391971588135e-01 4.074818193912506104e-01 5.878831148147583008e-01 9.238212555646896362e-02
6.177499890327453613e-01 6.188333630561828613e-01 4.407500028610229492e-01 3.187499940395355225e-01 5.037500262260437012e-01 1.216225028038024902e-01 6.318250298500061035e-01 6.239581108093261719e-01 4.407620131969451904e-01 3.608322143554687500e-01 5.048271417617797852e-01 1.244315877556800842e-01
4.872974753379821777e-01 4.386324882507324219e-01 3.080493509769439697e-01 5.264741182327270508e-01 4.296357929706573486e-01 0.000000000000000000e+00 5.417456030845642090e-01 7.452532052993774414e-01 4.712113440036773682e-01 4.369119405746459961e-01 4.201559126377105713e-01 8.999724686145782471e-02
9.601789712905883789e-01 6.856380105018615723e-01 6.662641167640686035e-01 5.321452617645263672e-01 7.812798619270324707e-01 0.000000000000000000e+00 9.582928419113159180e-01 7.769840359687805176e-01 4.054155051708221436e-01 7.395901679992675781e-01 8.196529746055603027e-01 1.911232993006706238e-02
3.762499988079071045e-01 2.175000011920928955e-01 1.457500010728836060e-01 2.972500026226043701e-01 3.892500102519989014e-01 4.686174988746643066e-01 4.069389700889587402e-01 2.654993534088134766e-01 1.682487577199935913e-01 3.295743763446807861e-01 3.579448461532592773e-01 4.681175351142883301e-01
2.457814216613769531e-01 9.671666622161865234e-01 3.474017977714538574e-01 9.990605115890502930e-01 2.430075034499168396e-02 0.000000000000000000e+00 1.677535027265548706e-01 9.678540825843811035e-01 3.799005448818206787e-01 8.976610898971557617e-01 3.288029879331588745e-02 2.737929025897756219e-05
5.992500185966491699e-01 7.551666498184204102e-01 8.052499890327453613e-01 4.177500009536743164e-01 7.957500219345092773e-01 1.696375012397766113e-01 5.907052159309387207e-01 7.752657532691955566e-01 7.274079918861389160e-01 5.148072242736816406e-01 7.982749938964843750e-01 1.020927950739860535e-01
9.711554646492004395e-02 7.267490029335021973e-01 2.556103765964508057e-01 5.079212412238121033e-02 6.155964732170104980e-01 0.000000000000000000e+00 7.631693780422210693e-02 7.300993800163269043e-01 1.922299265861511230e-01 2.033073008060455322e-01 7.053708434104919434e-01 3.944085910916328430e-03
3.402499854564666748e-01 7.441666722297668457e-01 1.987500041723251343e-01 1.917500048875808716e-01 2.012500017881393433e-01 2.968524992465972900e-01 3.497060835361480713e-01 7.057420611381530762e-01 1.933300048112869263e-01 2.413241267204284668e-01 2.323625087738037109e-01 2.430465221405029297e-01
4.377500116825103760e-01 3.538333475589752197e-01 5.725000053644180298e-02 3.642500042915344238e-01 2.675000019371509552e-02 4.453524947166442871e-01 4.228012263774871826e-01 3.488244414329528809e-01 1.627362221479415894e-01 2.708706855773925781e-01 5.706942453980445862e-02 2.257147580385208130e-01
7.230463027954101562e-01 1.620195060968399048e-01 8.528301119804382324e-01 3.240043222904205322e-01 7.179196476936340332e-01 0.000000000000000000e+00 6.518561840057373047e-01 2.235891819000244141e-01 7.064898610115051270e-01 5.868688225746154785e-01 7.721144556999206543e-01 4.944606218487024307e-03
7.922499775886535645e-01 2.451666593551635742e-01 2.677499949932098389e-01 3.075000084936618805e-02 9.747499823570251465e-01 6.052374839782714844e-01 7.255282402038574219e-01 3.660066127777099609e-01 3.179636895656585693e-01 1.736249029636383057e-01 9.085191488265991211e-01 4.455337822437286377e-01
3.957499861717224121e-01 2.851666808128356934e-01 4.972499907016754150e-01 6.037499904632568359e-01 7.942500114440917969e-01 1.310275048017501831e-01 4.272012710571289062e-01 3.406921029090881348e-01 5.254444479942321777e-01 7.043980360031127930e-01 7.699790596961975098e-01 9.754656255245208740e-02
9.197499752044677734e-01 7.251666784286499023e-01 5.852500200271606445e-01 9.272500276565551758e-01 1.032499969005584717e-01 7.730425000190734863e-01 9.452699422836303711e-01 6.859599947929382324e-01 5.712392330169677734e-01 7.304747700691223145e-01 1.034531071782112122e-01 4.061600565910339355e-01
7.152500152587890625e-01 2.968333363533020020e-01 3.749999916180968285e-03 2.847500145435333252e-01 3.277499973773956299e-01 7.621524930000305176e-01 6.541913747787475586e-01 2.999218404293060303e-01 1.462169289588928223e-01 1.577225327491760254e-01 3.047644495964050293e-01 5.280188918113708496e-01
9.238578081130981445e-01 5.215256810188293457e-01 3.278059363365173340e-01 6.507167816162109375e-01 7.929535210132598877e-02 0.000000000000000000e+00 8.801454305648803711e-01 5.585182309150695801e-01 3.974481821060180664e-01 5.956236124038696289e-01 6.215137615799903870e-02 1.736911945044994354e-02
4.040013253688812256e-01 6.169753074645996094e-01 1.284977197647094727e-01 5.700383186340332031e-01 5.817441344261169434e-01 0.000000000000000000e+00 4.514910578727722168e-01 6.577466726303100586e-01 2.467502653598785400e-01 3.431815505027770996e-01 5.882781744003295898e-01 1.035153865814208984e-01
4.147500097751617432e-01 2.754999995231628418e-01 9.357500076293945312e-01 5.447499752044677734e-01 4.547500014305114746e-01 2.800225019454956055e-01 4.639310836791992188e-01 2.656679451465606689e-01 8.264940381050109863e-01 4.965436160564422607e-01 4.545021057128906250e-01 1.082459017634391785e-01
7.262499928474426270e-01 3.008333444595336914e-01 2.924999967217445374e-02 6.517500281333923340e-01 3.974999859929084778e-02 5.527675151824951172e-01 7.346823215484619141e-01 3.809643387794494629e-01 1.819541305303573608e-01 4.037063121795654297e-01 5.656735971570014954e-02 1.523489207029342651e-01
8.697500228881835938e-01 5.304999947547912598e-01 9.707499742507934570e-01 6.927499771118164062e-01 5.352500081062316895e-01 6.816250085830688477e-02 9.266922473907470703e-01 4.098426103591918945e-01 7.233157753944396973e-01 7.948690652847290039e-01 5.570636987686157227e-01 1.527786701917648315e-01
6.862499713897705078e-01 1.848333328962326050e-01 1.072499975562095642e-01 1.247500032186508179e-01 1.492500007152557373e-01 7.700725197792053223e-01 5.618769526481628418e-01 2.707544863224029541e-01 2.630050182342529297e-01 1.552154719829559326e-01 1.252505779266357422e-01 5.490638017654418945e-01
4.790818989276885986e-01 1.033753305673599243e-01 2.320527732372283936e-01 5.092140436172485352e-01 1.400135457515716553e-01 0.000000000000000000e+00 3.760829269886016846e-01 2.195263653993606567e-01 4.820517003536224365e-01 3.442586362361907959e-01 8.439839631319046021e-02 1.858928613364696503e-02
2.350813299417495728e-01 6.610134840011596680e-01 4.875078499317169189e-01 1.169505715370178223e-01 7.806209921836853027e-01 0.000000000000000000e+00 2.138482034206390381e-01 6.732996702194213867e-01 5.362017750740051270e-01 1.331396698951721191e-01 8.117814660072326660e-01 9.340169839560985565e-03
8.425000309944152832e-02 3.655000030994415283e-01 1.875000074505805969e-02 4.672499895095825195e-01 2.232500016689300537e-01 3.839724957942962646e-01 1.254950463771820068e-01 4.707156121730804443e-01 1.461561024188995361e-01 5.108930468559265137e-01 1.654895097017288208e-01 4.226414561271667480e-01
2.641765773296356201e-01 7.116767019033432007e-02 2.263942807912826538e-01 1.907666474580764771e-01 3.137709796428680420e-01 0.000000000000000000e+00 2.861485481262207031e-01 1.453979015350341797e-01 1.596154719591140747e-01 1.029328107833862305e-01 3.253300786018371582e-01 3.862512856721878052e-02
5.883016586303710938e-01 9.667096734046936035e-01 3.530501723289489746e-01 3.901208043098449707e-01 6.900089383125305176e-01 0.000000000000000000e+00 5.496150255203247070e-01 9.335520267486572266e-01 2.365704923868179321e-01 4.924288392066955566e-01 6.476995348930358887e-01 5.024088080972433090e-03
5.078848004341125488e-01 6.420828104019165039e-01 3.396093845367431641e-01 8.745614290237426758e-01 8.469990491867065430e-01 0.000000000000000000e+00 5.270786881446838379e-01 7.332972884178161621e-01 4.477081894874572754e-01 8.114598393440246582e-01 8.831959366798400879e-01 5.955468490719795227e-02
7.415388822555541992e-01 9.491593241691589355e-01 1.610819995403289795e-01 1.048060730099678040e-01 1.807884573936462402e-01 0.000000000000000000e+00 7.136868238449096680e-01 8.103834390640258789e-01 1.477780342102050781e-01 1.548541635274887085e-01 1.548697054386138916e-01 1.445909310132265091e-02
1.967500001192092896e-01 5.351666808128356934e-01 5.907499790191650391e-01 6.075000017881393433e-02 9.127500057220458984e-01 9.522324800491333008e-01 1.906359344720840454e-01 5.182660222053527832e-01 5.629590749740600586e-01 2.298820912837982178e-01 9.412299990653991699e-01 8.444763422012329102e-01
4.085108935832977295e-01 5.053573250770568848e-01 4.547305032610893250e-02 2.081873565912246704e-01 1.128010973334312439e-01 0.000000000000000000e+00 3.663171231746673584e-01 7.191928625106811523e-01 1.081774011254310608e-01 1.811530888080596924e-01 1.052211076021194458e-01 3.638346120715141296e-02
9.195662140846252441e-01 7.437999825924634933e-03 2.569214403629302979e-01 8.022786974906921387e-01 8.337591290473937988e-01 0.000000000000000000e+00 8.507931828498840332e-01 1.323596090078353882e-01 6.156204342842102051e-01 7.065679430961608887e-01 8.702887296676635742e-01 1.408966816961765289e-02
9.926410913467407227e-01 6.557058095932006836e-01 4.572641849517822266e-01 8.862359523773193359e-01 9.313251376152038574e-01 0.000000000000000000e+00 9.598262906074523926e-01 5.527300238609313965e-01 5.207176208496093750e-01 7.626638412475585938e-01 9.193028211593627930e-01 2.537590451538562775e-02
5.147500038146972656e-01 7.461666464805603027e-01 4.427500069141387939e-01 2.087499946355819702e-01 4.997499883174896240e-01 3.527874946594238281e-01 5.358195304870605469e-01 7.064645290374755859e-01 3.593215644359588623e-01 2.817735970020294189e-01 5.017871260643005371e-01 3.523149192333221436e-01
7.860157638788223267e-02 6.536551713943481445e-01 1.047253534197807312e-01 2.925580143928527832e-01 4.441018104553222656e-01 0.000000000000000000e+00 7.868094742298126221e-02 8.584429025650024414e-01 1.202284619212150574e-01 3.563902974128723145e-01 4.410828948020935059e-01 5.250598187558352947e-04
9.242500066757202148e-01 5.005000233650207520e-01 6.162499785423278809e-01 5.257499814033508301e-01 7.982500195503234863e-01 2.864575088024139404e-01 8.935670256614685059e-01 3.764602541923522949e-01 5.643697977066040039e-01 5.581012368202209473e-01 8.121701478958129883e-01 1.614132821559906006e-01
5.458362102508544922e-01 7.640216946601867676e-01 1.971745193004608154e-01 3.059287965297698975e-01 5.554005503654479980e-01 0.000000000000000000e+00 5.218104720115661621e-01 7.673722505569458008e-01 2.207086533308029175e-01 3.675691187381744385e-01 5.339595675468444824e-01 1.067464798688888550e-01
2.241049893200397491e-03 1.070993319153785706e-01 7.056998014450073242e-01 3.450172245502471924e-01 6.061912328004837036e-02 0.000000000000000000e+00 2.765254862606525421e-02 9.532166272401809692e-02 6.055952310562133789e-01 5.353267118334770203e-02 7.352766394615173340e-02 8.248109370470046997e-02
7.996359467506408691e-01 7.243283390998840332e-01 3.754637539386749268e-01 6.723511815071105957e-01 1.160426214337348938e-01 0.000000000000000000e+00 7.779599428176879883e-01 7.174190878868103027e-01 4.056380689144134521e-01 5.747191905975341797e-01 9.236169606447219849e-02 1.178328529931604862e-03
6.177499890327453613e-01 6.188333630561828613e-01 4.407500028610229492e-01 3.187499940395355225e-01 5.037500262260437012e-01 1.216225028038024902e-01 6.318250298500061035e-01 6.239581108093261719e-01 4.407620131969451904e-01 3.608322143554687500e-01 5.048271417617797852e-01 1.244315877556800842e-01
3.938923478126525879e-01 3.382116556167602539e-01 7.515630722045898438e-01 6.192626953125000000e-01 7.399378418922424316e-01 0.000000000000000000e+00 4.173215031623840332e-01 3.704239130020141602e-01 7.769941687583923340e-01 5.621528625488281250e-01 7.776062488555908203e-01 1.405696477741003036e-02
3.762499988079071045e-01 2.175000011920928955e-01 1.457500010728836060e-01 2.972500026226043701e-01 3.892500102519989014e-01 4.686174988746643066e-01 4.069389700889587402e-01 2.654993534088134766e-01 1.682487577199935913e-01 3.295743763446807861e-01 3.579448461532592773e-01 4.681175351142883301e-01
2.874537110328674316e-01 5.757691860198974609e-01 6.644427180290222168e-01 4.446263611316680908e-01 6.055549383163452148e-01 0.000000000000000000e+00 3.035064637660980225e-01 3.684763014316558838e-01 4.849980771541595459e-01 3.101109862327575684e-01 6.295426487922668457e-01 6.521817296743392944e-02
7.552381157875061035e-01 9.286648631095886230e-01 5.080722570419311523e-01 8.803173303604125977e-01 1.157872006297111511e-01 0.000000000000000000e+00 8.269438147544860840e-01 9.163267016410827637e-01 5.158825516700744629e-01 7.445403337478637695e-01 8.409721404314041138e-02 1.691339275566861033e-04
4.147500097751617432e-01 2.754999995231628418e-01 9.357500076293945312e-01 5.447499752044677734e-01 4.547500014305114746e-01 2.800225019454956055e-01 4.639310836791992188e-01 2.656679451465606689e-01 8.264940381050109863e-01 4.965436160564422607e-01 4.545021057128906250e-01 1.082459017634391785e-01
6.287500262260437012e-01 3.498333394527435303e-01 2.857500016689300537e-01 3.732500076293945312e-01 4.812499880790710449e-01 6.388974785804748535e-01 5.969012379646301270e-01 4.289678931236267090e-01 3.044248521327972412e-01 4.092275798320770264e-01 4.644019603729248047e-01 5.867336392402648926e-01
6.177499890327453613e-01 6.188333630561828613e-01 4.407500028610229492e-01 3.187499940395355225e-01 5.037500262260437012e-01 1.216225028038024902e-01 6.318250298500061035e-01 6.239581108093261719e-01 4.407620131969451904e-01 3.608322143554687500e-01 5.048271417617797852e-01 1.244315877556800842e-01
4.174999892711639404e-02 7.754999995231628418e-01 2.872500121593475342e-01 9.377499818801879883e-01 2.587499916553497314e-01 1.557774990797042847e-01 4.794418439269065857e-02 7.814667820930480957e-01 2.885009646415710449e-01 9.363148808479309082e-01 3.210478425025939941e-01 1.854025013744831085e-02
1.747519820928573608e-01 4.113861620426177979e-01 9.999929666519165039e-01 1.354720443487167358e-01 2.627305984497070312e-01 0.000000000000000000e+00 1.043206825852394104e-01 2.078269720077514648e-01 6.827926635742187500e-01 1.482896804809570312e-01 2.591094076633453369e-01 4.646512214094400406e-03
9.259425401687622070e-01 1.882011592388153076e-01 1.955255568027496338e-01 3.869735896587371826e-01 8.652570247650146484e-01 0.000000000000000000e+00 7.703643441200256348e-01 1.991751492023468018e-01 4.303719997406005859e-01 3.695147037506103516e-01 8.657889962196350098e-01 2.534753177314996719e-03
5.922499895095825195e-01 3.555000126361846924e-01 8.552500009536743164e-01 7.402499914169311523e-01 2.752499878406524658e-01 4.394125044345855713e-01 6.743943691253662109e-01 3.299357891082763672e-01 6.823282837867736816e-01 6.999777555465698242e-01 2.467079460620880127e-01 2.713340818881988525e-01
7.925000041723251343e-02 4.868333339691162109e-01 4.742499887943267822e-01 2.274999953806400299e-02 9.662500023841857910e-01 8.477874994277954102e-01 1.085383668541908264e-01 4.740700125694274902e-01 5.079020261764526367e-01 1.458095312118530273e-01 9.780873060226440430e-01 6.030818819999694824e-01
5.228049159049987793e-01 2.051334977149963379e-01 9.120671153068542480e-01 9.370580911636352539e-01 9.510552287101745605e-01 0.000000000000000000e+00 6.790004372596740723e-01 2.244172245264053345e-01 7.283582091331481934e-01 8.641660809516906738e-01 9.409291148185729980e-01 2.631234005093574524e-02
2.859016358852386475e-01 8.684024810791015625e-01 2.540186643600463867e-01 8.160679340362548828e-01 5.788215994834899902e-01 0.000000000000000000e+00 2.773251533508300781e-01 9.172800779342651367e-01 2.389417439699172974e-01 8.487772345542907715e-01 5.386658906936645508e-01 3.886489896103739738e-03
6.677500009536743164e-01 6.388333439826965332e-01 2.257499992847442627e-01 1.757500022649765015e-01 1.952500045299530029e-01 1.676574945449829102e-01 6.494434475898742676e-01 6.535607576370239258e-01 2.175569981336593628e-01 2.256407141685485840e-01 2.024095356464385986e-01 7.159143686294555664e-02
1.724999956786632538e-02 2.105000019073486328e-01 3.075000084936618805e-02 3.967500030994415283e-01 8.824999630451202393e-02 2.468574941158294678e-01 4.371126741170883179e-02 3.131747841835021973e-01 1.223028153181076050e-01 3.424339294433593750e-01 2.040428295731544495e-02 1.039625331759452820e-01
1.617500036954879761e-01 3.955000042915344238e-01 7.982500195503234863e-01 6.612499952316284180e-01 5.727499723434448242e-01 7.512624859809875488e-01 1.457496434450149536e-01 3.834128975868225098e-01 7.057313323020935059e-01 7.600603103637695312e-01 5.684037208557128906e-01 6.536480784416198730e-01
6.677500009536743164e-01 6.388333439826965332e-01 2.257499992847442627e-01 1.757500022649765015e-01 1.952500045299530029e-01 1.676574945449829102e-01 6.494434475898742676e-01 6.535607576370239258e-01 2.175569981336593628e-01 2.256407141685485840e-01 2.024095356464385986e-01 7.159143686294555664e-02
6.396850943565368652e-01 4.645018279552459717e-01 1.002124976366758347e-02 7.266016006469726562e-01 3.680779635906219482e-01 0.000000000000000000e+00 6.638851165771484375e-01 8.431243300437927246e-01 2.867682576179504395e-01 5.815029740333557129e-01 3.330235779285430908e-01 2.537739928811788559e-03
1.562500000000000000e-01 2.598333358764648438e-01 1.867499947547912598e-01 7.337499856948852539e-01 2.272499948740005493e-01 8.548749983310699463e-02 1.908328831195831299e-01 3.057480454444885254e-01 2.888657748699188232e-01 6.043159961700439453e-01 1.759670525789260864e-01 7.442537695169448853e-02
4.962500035762786865e-01 5.658333301544189453e-01 8.657500147819519043e-01 8.772500157356262207e-01 2.282499969005584717e-01 8.131374716758728027e-01 4.983427822589874268e-01 4.895193874835968018e-01 6.918647289276123047e-01 8.054840564727783203e-01 2.153428345918655396e-01 6.611287593841552734e-01
1.251623183488845825e-01 6.208923459053039551e-01 5.682724118232727051e-01 6.317824721336364746e-01 7.633735537528991699e-01 0.000000000000000000e+00 1.305704116821289062e-01 6.340426802635192871e-01 6.174204945564270020e-01 5.431144237518310547e-01 7.312126159667968750e-01 5.509457364678382874e-02
1.775000058114528656e-02 2.228333353996276855e-01 6.617500185966491699e-01 5.175000056624412537e-02 1.687500029802322388e-01 7.329475283622741699e-01 1.164602115750312805e-02 1.966850906610488892e-01 7.496017217636108398e-01 9.930365532636642456e-02 9.483741223812103271e-02 8.197031617164611816e-01
2.542499899864196777e-01 5.245000123977661133e-01 5.952500104904174805e-01 8.477500081062316895e-01 5.725000053644180298e-02 4.290175139904022217e-01 2.796181440353393555e-01 3.487046658992767334e-01 5.345471501350402832e-01 6.200589537620544434e-01 7.793282717466354370e-02 1.164388433098793030e-01
7.738391160964965820e-01 9.136353135108947754e-01 2.358244210481643677e-01 9.918235540390014648e-01 2.781532704830169678e-01 0.000000000000000000e+00 8.296938538551330566e-01 9.462584853172302246e-01 3.081764280796051025e-01 8.347938656806945801e-01 2.240448594093322754e-01 5.359486094675958157e-04
9.197499752044677734e-01 7.251666784286499023e-01 5.852500200271606445e-01 9.272500276565551758e-01 1.032499969005584717e-01 7.730425000190734863e-01 9.452699422836303711e-01 6.859599947929382324e-01 5.712392330169677734e-01 7.304747700691223145e-01 1.034531071782112122e-01 4.061600565910339355e-01
8.186942934989929199e-01 5.527529716491699219e-01 3.132797405123710632e-02 5.061126351356506348e-01 1.376676261425018311e-01 0.000000000000000000e+00 6.270515322685241699e-01 5.700470805168151855e-01 3.490708768367767334e-01 4.512663483619689941e-01 1.036462038755416870e-01 4.610449541360139847e-03
2.650649985298514366e-03 5.296151638031005859e-01 5.629196166992187500e-01 9.125346541404724121e-01 5.682928562164306641e-01 0.000000000000000000e+00 1.258733030408620834e-02 6.524194478988647461e-01 9.519956707954406738e-01 8.247451186180114746e-01 5.870534181594848633e-01 4.828738514333963394e-03
8.697500228881835938e-01 5.304999947547912598e-01 9.707499742507934570e-01 6.927499771118164062e-01 5.352500081062316895e-01 6.816250085830688477e-02 9.266922473907470703e-01 4.098426103591918945e-01 7.233157753944396973e-01 7.948690652847290039e-01 5.570636987686157227e-01 1.527786701917648315e-01
2.367500066757202148e-01 5.378333330154418945e-01 3.197500109672546387e-01 2.102500051259994507e-01 3.602499961853027344e-01 9.784675240516662598e-01 2.054831534624099731e-01 5.117511749267578125e-01 3.015227019786834717e-01 2.668662369251251221e-01 3.590816855430603027e-01 9.188682436943054199e-01
6.177499890327453613e-01 6.188333630561828613e-01 4.407500028610229492e-01 3.187499940395355225e-01 5.037500262260437012e-01 1.216225028038024902e-01 6.318250298500061035e-01 6.239581108093261719e-01 4.407620131969451904e-01 3.608322143554687500e-01 5.048271417617797852e-01 1.244315877556800842e-01
2.517499923706054688e-01 6.198333501815795898e-01 4.977500140666961670e-01 7.227500081062316895e-01 5.952500104904174805e-01 5.230674743652343750e-01 2.734706699848175049e-01 6.606373786926269531e-01 6.196810007095336914e-01 7.288031578063964844e-01 6.133211851119995117e-01 5.258328914642333984e-01
1.967500001192092896e-01 5.351666808128356934e-01 5.907499790191650391e-01 6.075000017881393433e-02 9.127500057220458984e-01 9.522324800491333008e-01 1.906359344720840454e-01 5.182660222053527832e-01 5.629590749740600586e-01 2.298820912837982178e-01 9.412299990653991699e-01 8.444763422012329102e-01
5.782233476638793945e-01 1.905086636543273926e-01 8.013196587562561035e-01 3.529058098793029785e-01 5.858244895935058594e-01 0.000000000000000000e+00 7.533611059188842773e-01 1.913283765316009521e-01 4.432790875434875488e-01 3.020837903022766113e-01 6.207073330879211426e-01 1.172902062535285950e-02
7.004494071006774902e-01 7.129078507423400879e-01 5.063797831535339355e-01 5.209463238716125488e-01 8.542301058769226074e-01 0.000000000000000000e+00 6.621955037117004395e-01 7.704004049301147461e-01 6.544904708862304688e-01 4.611548483371734619e-01 8.648427724838256836e-01 2.787182293832302094e-02
1.832499951124191284e-01 1.901666671037673950e-01 9.902499914169311523e-01 3.447499871253967285e-01 4.292500019073486328e-01 1.518175005912780762e-01 1.838018596172332764e-01 2.543080151081085205e-01 8.746118545532226562e-01 3.211737573146820068e-01 3.773142099380493164e-01 3.137346729636192322e-02
2.909005880355834961e-01 4.377458393573760986e-01 7.917073965072631836e-01 7.933382391929626465e-01 4.878639578819274902e-01 0.000000000000000000e+00 3.233373165130615234e-01 2.274862378835678101e-01 5.789397954940795898e-01 6.867089867591857910e-01 5.152150988578796387e-01 1.284800320863723755e-01
8.392297029495239258e-01 9.600081443786621094e-01 7.593227028846740723e-01 1.455826461315155029e-01 7.811545729637145996e-01 0.000000000000000000e+00 8.235175013542175293e-01 7.720472216606140137e-01 5.223491787910461426e-01 2.970421314239501953e-01 7.885645627975463867e-01 4.973637685179710388e-02
9.725373387336730957e-01 1.009194999933242798e-01 3.468529880046844482e-01 6.130784749984741211e-01 2.963030040264129639e-01 0.000000000000000000e+00 8.236881494522094727e-01 2.263455837965011597e-01 7.099236845970153809e-01 6.489257216453552246e-01 2.892739474773406982e-01 2.852204442024230957e-02
1.117499992251396179e-01 3.808333277702331543e-01 1.052500009536743164e-01 5.272499918937683105e-01 7.074999809265136719e-02 1.810224950313568115e-01 1.374514698982238770e-01 3.049782514572143555e-01 1.307238787412643433e-01 3.671231567859649658e-01 6.749560683965682983e-02 4.282730445265769958e-02
9.717920422554016113e-01 5.202004909515380859e-01 4.862121939659118652e-01 1.766722798347473145e-01 8.326051235198974609e-01 0.000000000000000000e+00 9.385477900505065918e-01 5.731999278068542480e-01 4.037193357944488525e-01 1.581674814224243164e-01 8.282514810562133789e-01 1.137697696685791016e-01
1.832499951124191284e-01 1.901666671037673950e-01 9.902499914169311523e-01 3.447499871253967285e-01 4.292500019073486328e-01 1.518175005912780762e-01 1.838018596172332764e-01 2.543080151081085205e-01 8.746118545532226562e-01 3.211737573146820068e-01 3.773142099380493164e-01 3.137346729636192322e-02
7.095109820365905762e-01 4.368541538715362549e-01 5.292974710464477539e-01 7.499099373817443848e-01 1.141008213162422180e-01 0.000000000000000000e+00 7.796634435653686523e-01 3.442372679710388184e-01 5.372758507728576660e-01 5.472351312637329102e-01 9.233742207288742065e-02 3.271730989217758179e-02
4.504493772983551025e-01 4.580983519554138184e-02 3.065715432167053223e-01 4.017107486724853516e-01 5.306938886642456055e-01 0.000000000000000000e+00 4.128722548484802246e-01 1.836842447519302368e-01 6.045451164245605469e-01 3.443078100681304932e-01 5.464236140251159668e-01 3.163116425275802612e-02
8.474999666213989258e-02 4.178333282470703125e-01 2.502500116825103760e-01 3.462499976158142090e-01 1.792500019073486328e-01 8.796250075101852417e-02 9.955704212188720703e-02 4.406472146511077881e-01 3.233667612075805664e-01 3.178928494453430176e-01 1.916274428367614746e-01 3.296422585844993591e-02
1.775000058114528656e-02 2.228333353996276855e-01 6.617500185966491699e-01 5.175000056624412537e-02 1.687500029802322388e-01 7.329475283622741699e-01 1.164602115750312805e-02 1.966850906610488892e-01 7.496017217636108398e-01 9.930365532636642456e-02 9.483741223812103271e-02 8.197031617164611816e-01
1.967500001192092896e-01 5.351666808128356934e-01 5.907499790191650391e-01 6.075000017881393433e-02 9.127500057220458984e-01 9.522324800491333008e-01 1.906359344720840454e-01 5.182660222053527832e-01 5.629590749740600586e-01 2.298820912837982178e-01 9.412299990653991699e-01 8.444763422012329102e-01
5.211221575736999512e-01 3.864515125751495361e-01 3.659152388572692871e-01 6.955223083496093750e-01 1.256756931543350220e-01 0.000000000000000000e+00 4.641596972942352295e-01 3.738163113594055176e-01 3.860437273979187012e-01 6.422773599624633789e-01 7.999307662248611450e-02 3.617766080424189568e-03
3.567500114440917969e-01 3.388333320617675781e-01 5.867499709129333496e-01 6.472499966621398926e-01 5.577499866485595703e-01 3.404124975204467773e-01 4.042490422725677490e-01 2.541686296463012695e-01 5.501491427421569824e-01 6.303076148033142090e-01 5.408894419670104980e-01 2.123390585184097290e-01
2.696113884449005127e-01 1.812923401594161987e-01 9.711723327636718750e-01 4.126658737659454346e-01 8.014550805091857910e-01 0.000000000000000000e+00 2.987739145755767822e-01 2.233694642782211304e-01 7.845640778541564941e-01 4.813063740730285645e-01 8.051826953887939453e-01 2.096512168645858765e-02
6.862499713897705078e-01 1.848333328962326050e-01 1.072499975562095642e-01 1.247500032186508179e-01 1.492500007152557373e-01 7.700725197792053223e-01 5.618769526481628418e-01 2.707544863224029541e-01 2.630050182342529297e-01 1.552154719829559326e-01 1.252505779266357422e-01 5.490638017654418945e-01
8.435936570167541504e-01 4.428183436393737793e-01 2.371170520782470703e-01 9.750361442565917969e-01 7.472357153892517090e-01 0.000000000000000000e+00 8.497995734214782715e-01 7.417277693748474121e-01 4.554889202117919922e-01 8.560632467269897461e-01 7.651813626289367676e-01 2.640004456043243408e-02
1.967500001192092896e-01 5.351666808128356934e-01 5.907499790191650391e-01 6.075000017881393433e-02 9.127500057220458984e-01 9.522324800491333008e-01 1.906359344720840454e-01 5.182660222053527832e-01 5.629590749740600586e-01 2.298820912837982178e-01 9.412299990653991699e-01 8.444763422012329102e-01
5.857499837875366211e-01 5.264999866485595703e-01 9.624999761581420898e-02 1.667499989271163940e-01 6.437500119209289551e-01 8.067024946212768555e-01 5.412366390228271484e-01 4.918991029262542725e-01 1.743465662002563477e-01 1.693001091480255127e-01 6.637507677078247070e-01 7.326713800430297852e-01
7.101679444313049316e-01 3.261539936065673828e-01 6.643974781036376953e-01 3.188491165637969971e-01 2.256499677896499634e-01 0.000000000000000000e+00 7.055584788322448730e-01 3.603509068489074707e-01 5.753850936889648438e-01 4.594842493534088135e-01 1.936224997043609619e-01 1.449443548917770386e-01
4.672599434852600098e-01 1.139379963278770447e-01 9.781801104545593262e-01 9.708573222160339355e-01 5.424579381942749023e-01 0.000000000000000000e+00 5.815325379371643066e-01 1.894335150718688965e-01 7.965392470359802246e-01 8.450616002082824707e-01 5.304905772209167480e-01 4.782671574503183365e-03
2.152500003576278687e-01 8.138333559036254883e-01 9.817500114440917969e-01 6.437500119209289551e-01 5.357499718666076660e-01 7.557175159454345703e-01 1.954002529382705688e-01 7.583081722259521484e-01 8.311895728111267090e-01 6.941542029380798340e-01 5.542740225791931152e-01 7.565921545028686523e-01
6.177499890327453613e-01 6.188333630561828613e-01 4.407500028610229492e-01 3.187499940395355225e-01 5.037500262260437012e-01 1.216225028038024902e-01 6.318250298500061035e-01 6.239581108093261719e-01 4.407620131969451904e-01 3.608322143554687500e-01 5.048271417617797852e-01 1.244315877556800842e-01
9.893684834241867065e-02 5.308316946029663086e-01 6.624969840049743652e-01 1.356620788574218750e-01 1.257986277341842651e-01 0.000000000000000000e+00 3.394577279686927795e-02 4.225082993507385254e-01 5.279644131660461426e-01 1.815948486328125000e-01 1.259714066982269287e-01 9.207416325807571411e-03
3.857499957084655762e-01 8.264999985694885254e-01 8.447499871253967285e-01 1.167500019073486328e-01 1.217499971389770508e-01 5.389075279235839844e-01 4.195250570774078369e-01 6.905431747436523438e-01 6.297923922538757324e-01 1.310259997844696045e-01 1.483514606952667236e-01 2.275192141532897949e-01
8.577499985694885254e-01 2.168333381414413452e-01 2.547500133514404297e-01 3.422499895095825195e-01 2.307499945163726807e-01 5.324724912643432617e-01 7.979202866554260254e-01 3.204142153263092041e-01 3.099684417247772217e-01 3.281001150608062744e-01 1.930059641599655151e-01 3.382112085819244385e-01
3.857499957084655762e-01 8.264999985694885254e-01 8.447499871253967285e-01 1.167500019073486328e-01 1.217499971389770508e-01 5.389075279235839844e-01 4.195250570774078369e-01 6.905431747436523438e-01 6.297923922538757324e-01 1.310259997844696045e-01 1.483514606952667236e-01 2.275192141532897949e-01
1.117499992251396179e-01 3.808333277702331543e-01 1.052500009536743164e-01 5.272499918937683105e-01 7.074999809265136719e-02 1.810224950313568115e-01 1.374514698982238770e-01 3.049782514572143555e-01 1.307238787412643433e-01 3.671231567859649658e-01 6.749560683965682983e-02 4.282730445265769958e-02
9.867194294929504395e-01 4.810321629047393799e-01 7.402859330177307129e-01 1.550721824169158936e-01 9.099890291690826416e-02 0.000000000000000000e+00 8.303062319755554199e-01 6.281281113624572754e-01 5.160201787948608398e-01 5.663468837738037109e-01 8.319385349750518799e-02 1.328195910900831223e-02
5.360412001609802246e-01 3.525163233280181885e-01 2.054563462734222412e-01 7.159094810485839844e-01 5.933346152305603027e-01 0.000000000000000000e+00 5.685124993324279785e-01 5.656624436378479004e-01 4.799638092517852783e-01 4.451014399528503418e-01 5.954281091690063477e-01 2.027591019868850708e-01
3.402499854564666748e-01 7.441666722297668457e-01 1.987500041723251343e-01 1.917500048875808716e-01 2.012500017881393433e-01 2.968524992465972900e-01 3.497060835361480713e-01 7.057420611381530762e-01 1.933300048112869263e-01 2.413241267204284668e-01 2.323625087738037109e-01 2.430465221405029297e-01
9.250000119209289551e-03 6.671666502952575684e-01 8.472499847412109375e-01 4.362500011920928955e-01 1.627500057220458984e-01 2.226025015115737915e-01 2.230679802596569061e-02 6.313010454177856445e-01 7.849996089935302734e-01 4.628594815731048584e-01 2.421301901340484619e-01 1.142090335488319397e-01
7.377263903617858887e-01 2.159750089049339294e-02 3.189847171306610107e-01 8.487699627876281738e-01 8.681755065917968750e-01 0.000000000000000000e+00 7.556041479110717773e-01 2.034831196069717407e-01 7.301024198532104492e-01 6.207061409950256348e-01 9.106863737106323242e-01 1.008090749382972717e-01
7.925000041723251343e-02 4.868333339691162109e-01 4.742499887943267822e-01 2.274999953806400299e-02 9.662500023841857910e-01 8.477874994277954102e-01 1.085383668541908264e-01 4.740700125694274902e-01 5.079020261764526367e-01 1.458095312118530273e-01 9.780873060226440430e-01 6.030818819999694824e-01
9.547500014305114746e-01 3.425000011920928955e-01 2.362499982118606567e-01 2.532500028610229492e-01 3.957499861717224121e-01 4.588750004768371582e-02 9.229391813278198242e-01 4.709245860576629639e-01 2.723128795623779297e-01 2.711418569087982178e-01 3.858843147754669189e-01 5.475147813558578491e-02
7.564752101898193359e-01 2.247551679611206055e-01 8.532490730285644531e-01 6.086776256561279297e-01 9.618927836418151855e-01 0.000000000000000000e+00 8.213818073272705078e-01 2.204003334045410156e-01 7.287534475326538086e-01 6.506839990615844727e-01 9.256079196929931641e-01 8.382352441549301147e-02
8.725000172853469849e-02 5.738333463668823242e-01 8.117499947547912598e-01 8.967499732971191406e-01 4.697499871253967285e-01 8.616474866867065430e-01 6.971681863069534302e-02 5.328512787818908691e-01 8.002980947494506836e-01 8.130698204040527344e-01 4.723584353923797607e-01 7.466103434562683105e-01
9.599268436431884766e-01 7.125000120140612125e-04 3.197563290596008301e-01 4.396232664585113525e-01 2.690774202346801758e-01 0.000000000000000000e+00 8.740236163139343262e-01 3.209760487079620361e-01 6.509395837783813477e-01 4.750403165817260742e-01 2.679889798164367676e-01 7.093610614538192749e-02
8.012499809265136719e-01 2.465000003576278687e-01 1.237500011920928955e-01 8.877500295639038086e-01 9.302499890327453613e-01 4.512925148010253906e-01 7.787053585052490234e-01 3.860737085342407227e-01 2.319295704364776611e-01 8.541110157966613770e-01 8.840080499649047852e-01 4.387909471988677979e-01
3.402499854564666748e-01 7.441666722297668457e-01 1.987500041723251343e-01 1.917500048875808716e-01 2.012500017881393433e-01 2.968524992465972900e-01 3.497060835361480713e-01 7.057420611381530762e-01 1.933300048112869263e-01 2.413241267204284668e-01 2.323625087738037109e-01 2.430465221405029297e-01
2.522499859333038330e-01 2.831666767597198486e-01 6.997500061988830566e-01 4.477500021457672119e-01 3.902499973773956299e-01 6.982975006103515625e-01 2.282789647579193115e-01 3.233025670051574707e-01 6.884487867355346680e-01 4.704490900039672852e-01 3.516274094581604004e-01 6.606702804565429688e-01
8.997499942779541016e-01 3.171666562557220459e-01 7.972499728202819824e-01 1.452499926090240479e-01 7.557500004768371582e-01 8.012574911117553711e-01 8.797512650489807129e-01 3.439547419548034668e-01 6.759860515594482422e-01 2.234451919794082642e-01 7.241950035095214844e-01 7.061135768890380859e-01
6.872500181198120117e-01 1.895000040531158447e-01 7.222499847412109375e-01 8.382499814033508301e-01 9.427499771118164062e-01 2.389374971389770508e-01 7.579750418663024902e-01 2.102215886116027832e-01 7.064021825790405273e-01 7.537704706192016602e-01 8.747138977050781250e-01 3.778615593910217285e-02
1.370311975479125977e-01 8.346083164215087891e-01 8.656070828437805176e-01 8.499958515167236328e-01 4.424049854278564453e-01 0.000000000000000000e+00 7.911086082458496094e-02 7.961120605468750000e-01 8.266793489456176758e-01 8.649600148200988770e-01 4.659991264343261719e-01 2.604328282177448273e-02
3.402499854564666748e-01 7.441666722297668457e-01 1.987500041723251343e-01 1.917500048875808716e-01 2.012500017881393433e-01 2.968524992465972900e-01 3.497060835361480713e-01 7.057420611381530762e-01 1.933300048112869263e-01 2.413241267204284668e-01 2.323625087738037109e-01 2.430465221405029297e-01
8.177499771118164062e-01 5.158333182334899902e-01 9.177500009536743164e-01 6.962500214576721191e-01 9.737499952316284180e-01 9.705474972724914551e-01 7.971533536911010742e-01 3.954880237579345703e-01 7.455834150314331055e-01 8.295435905456542969e-01 9.071828126907348633e-01 7.121468782424926758e-01
1.772302538156509399e-01 6.445993185043334961e-01 4.917372763156890869e-01 2.078817486763000488e-01 3.069553375244140625e-01 0.000000000000000000e+00 1.380480080842971802e-01 5.266762375831604004e-01 3.641399741172790527e-01 2.044795751571655273e-01 3.291305005550384521e-01 2.280710451304912567e-02
6.862499713897705078e-01 1.848333328962326050e-01 1.072499975562095642e-01 1.247500032186508179e-01 1.492500007152557373e-01 7.700725197792053223e-01 5.618769526481628418e-01 2.707544863224029541e-01 2.630050182342529297e-01 1.552154719829559326e-01 1.252505779266357422e-01 5.490638017654418945e-01
9.250000119209289551e-03 6.671666502952575684e-01 8.472499847412109375e-01 4.362500011920928955e-01 1.627500057220458984e-01 2.226025015115737915e-01 2.230679802596569061e-02 6.313010454177856445e-01 7.849996089935302734e-01 4.628594815731048584e-01 2.421301901340484619e-01 1.142090335488319397e-01
9.942499995231628418e-01 2.911666631698608398e-01 8.725000172853469849e-02 9.897500276565551758e-01 3.057500123977661133e-01 6.082075238227844238e-01 9.414109587669372559e-01 4.025142490863800049e-01 2.164048403501510620e-01 7.851244211196899414e-01 2.673292756080627441e-01 3.990326523780822754e-01
6.862499713897705078e-01 1.848333328962326050e-01 1.072499975562095642e-01 1.247500032186508179e-01 1.492500007152557373e-01 7.700725197792053223e-01 5.618769526481628418e-01 2.707544863224029541e-01 2.630050182342529297e-01 1.552154719829559326e-01 1.252505779266357422e-01 5.490638017654418945e-01
8.875057697296142578e-01 9.342371821403503418e-01 4.110736846923828125e-01 4.650854468345642090e-01 4.324819445610046387e-01 0.000000000000000000e+00 9.160879254341125488e-01 7.647646069526672363e-01 3.663153946399688721e-01 3.499538004398345947e-01 4.548015296459197998e-01 5.186214298009872437e-02
5.567499995231628418e-01 4.368333220481872559e-01 8.874999731779098511e-02 9.472500085830688477e-01 8.372499942779541016e-01 5.433624982833862305e-01 5.597423315048217773e-01 4.975108504295349121e-01 1.386526077985763550e-01 9.138104319572448730e-01 8.403158187866210938e-01 5.001618862152099609e-01
8.477500081062316895e-01 6.428333520889282227e-01 2.902500033378601074e-01 9.562500119209289551e-01 7.402499914169311523e-01 1.780524998903274536e-01 8.576188087463378906e-01 7.023671269416809082e-01 3.344515860080718994e-01 8.654039502143859863e-01 7.628373503684997559e-01 6.170364841818809509e-02
9.670816063880920410e-01 1.286914944648742676e-01 2.543755471706390381e-01 4.803877472877502441e-01 5.946154594421386719e-01 0.000000000000000000e+00 9.009703397750854492e-01 3.229649662971496582e-01 4.330290257930755615e-01 4.652625322341918945e-01 6.324225068092346191e-01 4.772572964429855347e-02
9.537202715873718262e-01 5.919823050498962402e-01 8.348011970520019531e-01 8.046356439590454102e-01 6.225014850497245789e-02 0.000000000000000000e+00 9.290853142738342285e-01 7.829653620719909668e-01 8.090739846229553223e-01 8.462538719177246094e-01 5.826623737812042236e-02 3.725627902895212173e-05
2.225000038743019104e-02 6.468333601951599121e-01 7.072499990463256836e-01 3.307499885559082031e-01 7.882500290870666504e-01 4.399074912071228027e-01 7.194460183382034302e-02 5.629594326019287109e-01 5.618740320205688477e-01 4.012655913829803467e-01 9.145940542221069336e-01 3.661334514617919922e-01
2.161384224891662598e-01 5.637411475181579590e-01 2.359308302402496338e-01 4.314034581184387207e-01 3.154720962047576904e-01 0.000000000000000000e+00 2.400254756212234497e-01 7.429400086402893066e-01 3.920010626316070557e-01 3.475708961486816406e-01 2.908157110214233398e-01 1.162559464573860168e-01
4.951258897781372070e-01 9.404306411743164062e-01 3.408182859420776367e-01 8.247721791267395020e-01 4.359397664666175842e-02 0.000000000000000000e+00 4.903228580951690674e-01 9.013262391090393066e-01 2.164009660482406616e-01 8.019741773605346680e-01 3.037957660853862762e-02 1.015791713143698871e-04
1.832499951124191284e-01 1.901666671037673950e-01 9.902499914169311523e-01 3.447499871253967285e-01 4.292500019073486328e-01 1.518175005912780762e-01 1.838018596172332764e-01 2.543080151081085205e-01 8.746118545532226562e-01 3.211737573146820068e-01 3.773142099380493164e-01 3.137346729636192322e-02
8.477500081062316895e-01 6.428333520889282227e-01 2.902500033378601074e-01 9.562500119209289551e-01 7.402499914169311523e-01 1.780524998903274536e-01 8.576188087463378906e-01 7.023671269416809082e-01 3.344515860080718994e-01 8.654039502143859863e-01 7.628373503684997559e-01 6.170364841818809509e-02
6.755622625350952148e-01 8.391544818878173828e-01 6.568212509155273438e-01 5.302487611770629883e-01 4.117851555347442627e-01 0.000000000000000000e+00 6.891007423400878906e-01 8.922176361083984375e-01 3.124167323112487793e-01 7.048713564872741699e-01 4.563858807086944580e-01 5.581926088780164719e-03
4.936168491840362549e-01 6.614379882812500000e-01 6.841269880533218384e-02 1.637219786643981934e-01 9.319115877151489258e-01 0.000000000000000000e+00 4.909899234771728516e-01 8.449844121932983398e-01 1.801790446043014526e-01 1.535874307155609131e-01 9.033828377723693848e-01 8.329619653522968292e-03
7.137500047683715820e-01 4.058333337306976318e-01 9.047499895095825195e-01 5.977500081062316895e-01 2.067500054836273193e-01 6.522625088691711426e-01 8.337953090667724609e-01 3.071324229240417480e-01 6.377042531967163086e-01 4.850305914878845215e-01 2.022569775581359863e-01 3.650021553039550781e-01
1.688352972269058228e-01 1.114671677350997925e-01 5.282322764396667480e-01 4.432798624038696289e-01 1.954801231622695923e-01 0.000000000000000000e+00 8.294613659381866455e-02 1.591357290744781494e-01 7.127256989479064941e-01 3.413003981113433838e-01 2.100493460893630981e-01 2.161718904972076416e-02
8.617690801620483398e-01 6.530621647834777832e-01 8.708069324493408203e-01 1.428274810314178467e-01 2.425880730152130127e-01 0.000000000000000000e+00 7.757120728492736816e-01 5.345247983932495117e-01 4.164389669895172119e-01 5.893164873123168945e-01 2.036540508270263672e-01 1.364154219627380371e-01
1.617500036954879761e-01 3.955000042915344238e-01 7.982500195503234863e-01 6.612499952316284180e-01 5.727499723434448242e-01 7.512624859809875488e-01 1.457496434450149536e-01 3.834128975868225098e-01 7.057313323020935059e-01 7.600603103637695312e-01 5.684037208557128906e-01 6.536480784416198730e-01
2.907499969005584717e-01 4.438333213329315186e-01 6.312500238418579102e-01 9.792500138282775879e-01 9.562500119209289551e-01 8.215525150299072266e-01 2.643409967422485352e-01 4.937187731266021729e-01 7.101580500602722168e-01 9.051572084426879883e-01 8.989719152450561523e-01 7.889633774757385254e-01
1.617500036954879761e-01 3.955000042915344238e-01 7.982500195503234863e-01 6.612499952316284180e-01 5.727499723434448242e-01 7.512624859809875488e-01 1.457496434450149536e-01 3.834128975868225098e-01 7.057313323020935059e-01 7.600603103637695312e-01 5.684037208557128906e-01 6.536480784416198730e-01
2.522499859333038330e-01 2.831666767597198486e-01 6.997500061988830566e-01 4.477500021457672119e-01 3.902499973773956299e-01 6.982975006103515625e-01 2.282789647579193115e-01 3.233025670051574707e-01 6.884487867355346680e-01 4.704490900039672852e-01 3.516274094581604004e-01 6.606702804565429688e-01
9.992499947547912598e-01 2.108333259820938110e-01 4.542500078678131104e-01 9.667500257492065430e-01 7.722499966621398926e-01 5.196024775505065918e-01 9.223154187202453613e-01 2.564811706542968750e-01 5.987123847007751465e-01 8.427808880805969238e-01 7.871670126914978027e-01 4.329144656658172607e-01
1.405021548271179199e-01 5.727176666259765625e-01 3.251011967658996582e-01 7.108905911445617676e-01 1.983931809663772583e-01 0.000000000000000000e+00 1.158006936311721802e-01 5.590941309928894043e-01 3.297419548034667969e-01 5.503026843070983887e-01 1.897191107273101807e-01 2.907429635524749756e-02
1.197500005364418030e-01 7.655000090599060059e-01 3.937500119209289551e-01 4.627499878406524658e-01 2.425000071525573730e-02 7.378975152969360352e-01 9.874311089515686035e-02 6.400468349456787109e-01 2.904174327850341797e-01 4.327516257762908936e-01 1.112948581576347351e-01 8.423762321472167969e-01
6.887352466583251953e-01 6.398318409919738770e-01 3.628045320510864258e-01 2.418807297945022583e-01 3.284509479999542236e-01 0.000000000000000000e+00 5.342650413513183594e-01 6.947104930877685547e-01 3.914414048194885254e-01 4.976796805858612061e-01 3.122999966144561768e-01 7.309576869010925293e-02
3.175474405288696289e-01 9.195416420698165894e-02 4.269298911094665527e-01 3.991314172744750977e-01 3.241155445575714111e-01 0.000000000000000000e+00 3.088126480579376221e-01 2.185385227203369141e-01 6.481005549430847168e-01 1.775016486644744873e-01 3.259425163269042969e-01 4.217547923326492310e-02
9.928889274597167969e-01 2.782063186168670654e-01 1.467955708503723145e-01 9.190775156021118164e-01 8.076618313789367676e-01 0.000000000000000000e+00 9.068849682807922363e-01 3.454180955886840820e-01 5.334763526916503906e-01 7.774055004119873047e-01 8.481152653694152832e-01 2.102728933095932007e-02
6.134019494056701660e-01 5.395166575908660889e-03 1.151166260242462158e-01 5.860083103179931641e-01 6.382559984922409058e-02 0.000000000000000000e+00 6.044220924377441406e-01 2.733235359191894531e-01 3.678020238876342773e-01 4.255931675434112549e-01 4.686052352190017700e-02 4.263604059815406799e-03
9.226083755493164062e-01 6.873431801795959473e-01 5.745037794113159180e-01 2.621428370475769043e-01 4.738468229770660400e-01 0.000000000000000000e+00 8.636217713356018066e-01 5.117372870445251465e-01 3.812414109706878662e-01 4.810331463813781738e-01 4.863105416297912598e-01 9.044916182756423950e-02
3.666234612464904785e-01 4.045678377151489258e-01 4.714917838573455811e-01 6.567987799644470215e-01 5.637823343276977539e-01 0.000000000000000000e+00 3.680030703544616699e-01 4.663548469543457031e-01 7.100935578346252441e-01 6.124043464660644531e-01 5.726239681243896484e-01 1.080884039402008057e-01
8.448429703712463379e-01 1.091929972171783447e-01 2.497130073606967926e-02 1.562728285789489746e-01 7.722362875938415527e-01 0.000000000000000000e+00 8.330489397048950195e-01 2.177115082740783691e-01 2.269411236047744751e-01 1.018667221069335938e-01 7.981786131858825684e-01 1.991773396730422974e-02
1.617500036954879761e-01 3.955000042915344238e-01 7.982500195503234863e-01 6.612499952316284180e-01 5.727499723434448242e-01 7.512624859809875488e-01 1.457496434450149536e-01 3.834128975868225098e-01 7.057313323020935059e-01 7.600603103637695312e-01 5.684037208557128906e-01 6.536480784416198730e-01
9.966300129890441895e-01 6.885374784469604492e-01 3.632844090461730957e-01 1.594967544078826904e-01 2.452704757452011108e-01 0.000000000000000000e+00 8.636487126350402832e-01 5.871700048446655273e-01 4.904955029487609863e-01 3.076680302619934082e-01 2.544500529766082764e-01 8.871268481016159058e-02
1.868869066238403320e-01 7.849299907684326172e-01 5.242999792098999023e-01 6.190943121910095215e-01 6.148437857627868652e-01 0.000000000000000000e+00 1.583226025104522705e-01 7.302712202072143555e-01 4.340344071388244629e-01 6.376541256904602051e-01 6.159170866012573242e-01 1.275420933961868286e-02
8.162500262260437012e-01 6.061666607856750488e-01 4.707500040531158447e-01 2.437500059604644775e-01 1.947499960660934448e-01 3.300175070762634277e-01 8.566945195198059082e-01 5.443202257156372070e-01 2.947900593280792236e-01 3.303373157978057861e-01 2.064095735549926758e-01 2.910793423652648926e-01
8.110523223876953125e-01 2.506333403289318085e-02 8.194037079811096191e-01 5.249916911125183105e-01 3.969953060150146484e-01 0.000000000000000000e+00 7.608652710914611816e-01 1.964209973812103271e-01 8.609074354171752930e-01 7.691595554351806641e-01 4.489202499389648438e-01 5.211722105741500854e-02
7.137500047683715820e-01 4.058333337306976318e-01 9.047499895095825195e-01 5.977500081062316895e-01 2.067500054836273193e-01 6.522625088691711426e-01 8.337953090667724609e-01 3.071324229240417480e-01 6.377042531967163086e-01 4.850305914878845215e-01 2.022569775581359863e-01 3.650021553039550781e-01
9.802351593971252441e-01 7.449243068695068359e-01 2.009769529104232788e-01 8.579041361808776855e-01 8.340368270874023438e-01 0.000000000000000000e+00 9.190579652786254883e-01 6.571621894836425781e-01 4.817924499511718750e-01 6.685717105865478516e-01 8.603954911231994629e-01 3.804426267743110657e-02
7.737500071525573730e-01 4.474999904632568359e-01 6.207500100135803223e-01 8.602499961853027344e-01 5.787500143051147461e-01 4.166424870491027832e-01 8.212025761604309082e-01 5.331145524978637695e-01 5.686525106430053711e-01 7.992262244224548340e-01 5.833021402359008789e-01 3.156673312187194824e-01
5.794378519058227539e-01 5.647023320198059082e-01 7.657095789909362793e-01 2.262655086815357208e-02 1.873476803302764893e-01 0.000000000000000000e+00 4.957225918769836426e-01 5.370208024978637695e-01 6.107757687568664551e-01 1.971382945775985718e-01 1.341810375452041626e-01 1.424537152051925659e-01
9.547500014305114746e-01 3.425000011920928955e-01 2.362499982118606567e-01 2.532500028610229492e-01 3.957499861717224121e-01 4.588750004768371582e-02 9.229391813278198242e-01 4.709245860576629639e-01 2.723128795623779297e-01 2.711418569087982178e-01 3.858843147754669189e-01 5.475147813558578491e-02
3.567500114440917969e-01 3.388333320617675781e-01 5.867499709129333496e-01 6.472499966621398926e-01 5.577499866485595703e-01 3.404124975204467773e-01 4.042490422725677490e-01 2.541686296463012695e-01 5.501491427421569824e-01 6.303076148033142090e-01 5.408894419670104980e-01 2.123390585184097290e-01
6.872500181198120117e-01 1.895000040531158447e-01 7.222499847412109375e-01 8.382499814033508301e-01 9.427499771118164062e-01 2.389374971389770508e-01 7.579750418663024902e-01 2.102215886116027832e-01 7.064021825790405273e-01 7.537704706192016602e-01 8.747138977050781250e-01 3.778615593910217285e-02
5.955964922904968262e-01 7.144474983215332031e-01 3.952144682407379150e-01 5.865917205810546875e-01 2.424183040857315063e-01 0.000000000000000000e+00 5.595451593399047852e-01 7.967082262039184570e-01 3.157863020896911621e-01 6.625934839248657227e-01 2.115764319896697998e-01 6.457246374338865280e-03
2.528347671031951904e-01 1.101523339748382568e-01 7.323028445243835449e-01 4.558890461921691895e-01 1.008365023881196976e-02 0.000000000000000000e+00 1.749806702136993408e-01 1.935994923114776611e-01 6.456729769706726074e-01 4.186102449893951416e-01 3.269764780998229980e-02 2.269023843109607697e-02
6.597499847412109375e-01 2.834999859333038330e-01 8.867499828338623047e-01 8.802499771118164062e-01 9.377499818801879883e-01 3.235825002193450928e-01 7.225852608680725098e-01 2.359092980623245239e-01 8.145876526832580566e-01 8.658178448677062988e-01 9.288817048072814941e-01 1.939287632703781128e-01
1.946928203105926514e-01 1.708016693592071533e-01 5.251904129981994629e-01 4.770300090312957764e-01 5.595501661300659180e-01 0.000000000000000000e+00 2.228676378726959229e-01 2.295139878988265991e-01 6.630987524986267090e-01 2.283568084239959717e-01 5.655001401901245117e-01 1.292853895574808121e-02
8.012499809265136719e-01 2.465000003576278687e-01 1.237500011920928955e-01 8.877500295639038086e-01 9.302499890327453613e-01 4.512925148010253906e-01 7.787053585052490234e-01 3.860737085342407227e-01 2.319295704364776611e-01 8.541110157966613770e-01 8.840080499649047852e-01 4.387909471988677979e-01
8.652131557464599609e-01 4.198608398437500000e-01 3.630490005016326904e-01 1.993656456470489502e-01 2.023401558399200439e-01 0.000000000000000000e+00 7.122966647148132324e-01 4.210784137248992920e-01 3.817637562751770020e-01 4.546736180782318115e-01 1.682962477207183838e-01 1.410015076398849487e-01
1.062500029802322388e-01 4.724999964237213135e-01 6.117500066757202148e-01 7.057499885559082031e-01 7.172499895095825195e-01 2.339874953031539917e-01 1.291974186897277832e-01 4.779061377048492432e-01 6.930762529373168945e-01 7.421114444732666016e-01 7.067098617553710938e-01 1.608108729124069214e-01
1.117499992251396179e-01 3.808333277702331543e-01 1.052500009536743164e-01 5.272499918937683105e-01 7.074999809265136719e-02 1.810224950313568115e-01 1.374514698982238770e-01 3.049782514572143555e-01 1.307238787412643433e-01 3.671231567859649658e-01 6.749560683965682983e-02 4.282730445265769958e-02
5.922499895095825195e-01 3.555000126361846924e-01 8.552500009536743164e-01 7.402499914169311523e-01 2.752499878406524658e-01 4.394125044345855713e-01 6.743943691253662109e-01 3.299357891082763672e-01 6.823282837867736816e-01 6.999777555465698242e-01 2.467079460620880127e-01 2.713340818881988525e-01
2.172500044107437134e-01 6.765000224113464355e-01 9.674999862909317017e-02 9.392499923706054688e-01 9.047499895095825195e-01 6.864175200462341309e-01 2.341804057359695435e-01 7.656709551811218262e-01 1.845850348472595215e-01 8.746242523193359375e-01 9.500287175178527832e-01 7.473583817481994629e-01
5.397499799728393555e-01 4.061666727066040039e-01 6.297500133514404297e-01 3.267500102519989014e-01 3.487499952316284180e-01 6.667750328779220581e-02 5.547677278518676758e-01 3.269937336444854736e-01 6.685476899147033691e-01 2.605756223201751709e-01 3.334589898586273193e-01 6.717278063297271729e-02
3.051744699478149414e-01 3.425598442554473877e-01 8.810350894927978516e-01 2.973378598690032959e-01 7.524267435073852539e-01 0.000000000000000000e+00 3.352177441120147705e-01 1.661675721406936646e-01 6.354830861091613770e-01 2.700360715389251709e-01 7.821471095085144043e-01 6.457812152802944183e-03
9.334855675697326660e-01 2.513466775417327881e-01 5.171882510185241699e-01 8.093262314796447754e-01 5.720566511154174805e-01 0.000000000000000000e+00 8.674566149711608887e-01 1.629976332187652588e-01 7.070816755294799805e-01 7.696908116340637207e-01 6.055546402931213379e-01 1.388369593769311905e-02
5.237500071525573730e-01 5.421666502952575684e-01 4.572499990463256836e-01 7.225000113248825073e-02 6.075000017881393433e-02 4.884175062179565430e-01 4.890669882297515869e-01 3.985364139080047607e-01 3.072285652160644531e-01 1.242118701338768005e-01 8.207210153341293335e-02 3.231406211853027344e-01
4.183486104011535645e-01 9.357301592826843262e-01 4.602433443069458008e-01 6.157137453556060791e-02 9.575512409210205078e-01 0.000000000000000000e+00 3.759230375289916992e-01 7.999925017356872559e-01 3.183324635028839111e-01 1.739855110645294189e-01 9.327788352966308594e-01 7.116093765944242477e-03
2.225000038743019104e-02 6.468333601951599121e-01 7.072499990463256836e-01 3.307499885559082031e-01 7.882500290870666504e-01 4.399074912071228027e-01 7.194460183382034302e-02 5.629594326019287109e-01 5.618740320205688477e-01 4.012655913829803467e-01 9.145940542221069336e-01 3.661334514617919922e-01
1.328454017639160156e-01 2.249190062284469604e-01 9.795255661010742188e-01 9.016315937042236328e-01 3.640976250171661377e-01 0.000000000000000000e+00 1.169375106692314148e-01 3.542834222316741943e-01 7.391232848167419434e-01 8.162096738815307617e-01 3.240778744220733643e-01 1.740606734529137611e-03
5.153792500495910645e-01 3.174043297767639160e-01 4.323063790798187256e-01 2.982871532440185547e-01 5.458680987358093262e-01 0.000000000000000000e+00 5.908587574958801270e-01 4.005975723266601562e-01 4.340472817420959473e-01 1.879209280014038086e-01 5.554183125495910645e-01 8.358577638864517212e-02
4.015962183475494385e-01 8.281001448631286621e-01 3.060136139392852783e-01 6.292647719383239746e-01 6.326493024826049805e-01 0.000000000000000000e+00 3.872642219066619873e-01 8.558610081672668457e-01 2.996931672096252441e-01 6.161395311355590820e-01 6.425881385803222656e-01 3.477394953370094299e-02
1.508824992924928665e-03 7.002783417701721191e-01 5.976430773735046387e-01 6.044479012489318848e-01 3.526723086833953857e-01 0.000000000000000000e+00 5.433618091046810150e-03 8.116764426231384277e-01 7.814158201217651367e-01 7.202568054199218750e-01 3.510915637016296387e-01 1.739465398713946342e-03
9.327499866485595703e-01 1.961666643619537354e-01 5.502499938011169434e-01 5.617499947547912598e-01 1.867499947547912598e-01 6.260275244712829590e-01 9.484103322029113770e-01 4.059474766254425049e-01 5.309191346168518066e-01 5.691103339195251465e-01 1.644845157861709595e-01 5.642002820968627930e-01
5.967500209808349609e-01 5.328333377838134766e-01 5.092499852180480957e-01 5.947499871253967285e-01 3.992500007152557373e-01 3.740724921226501465e-01 6.683498024940490723e-01 5.471788644790649414e-01 4.596221446990966797e-01 4.919575452804565430e-01 3.978998661041259766e-01 2.776640653610229492e-01
8.474999666213989258e-02 4.178333282470703125e-01 2.502500116825103760e-01 3.462499976158142090e-01 1.792500019073486328e-01 8.796250075101852417e-02 9.955704212188720703e-02 4.406472146511077881e-01 3.233667612075805664e-01 3.178928494453430176e-01 1.916274428367614746e-01 3.296422585844993591e-02
9.432244300842285156e-01 6.209775209426879883e-01 4.252146482467651367e-01 1.917057484388351440e-02 2.403779774904251099e-01 0.000000000000000000e+00 8.173012137413024902e-01 6.273561120033264160e-01 2.637868523597717285e-01 3.378825187683105469e-01 2.112890779972076416e-01 4.470541328191757202e-02
5.113714933395385742e-02 2.904475033283233643e-01 7.556889057159423828e-01 4.977490603923797607e-01 4.603542387485504150e-01 0.000000000000000000e+00 5.562404543161392212e-02 1.469189226627349854e-01 6.943130493164062500e-01 5.732369422912597656e-01 4.853064715862274170e-01 6.726986728608608246e-03
6.227499842643737793e-01 5.504999756813049316e-01 9.182500243186950684e-01 2.882499992847442627e-01 4.312500059604644775e-01 7.106724977493286133e-01 6.326172351837158203e-01 4.776231944561004639e-01 7.852850556373596191e-01 2.678577005863189697e-01 4.155861437320709229e-01 7.053943276405334473e-01
7.737500071525573730e-01 4.474999904632568359e-01 6.207500100135803223e-01 8.602499961853027344e-01 5.787500143051147461e-01 4.166424870491027832e-01 8.212025761604309082e-01 5.331145524978637695e-01 5.686525106430053711e-01 7.992262244224548340e-01 5.833021402359008789e-01 3.156673312187194824e-01
1.562500000000000000e-01 2.598333358764648438e-01 1.867499947547912598e-01 7.337499856948852539e-01 2.272499948740005493e-01 8.548749983310699463e-02 1.908328831195831299e-01 3.057480454444885254e-01 2.888657748699188232e-01 6.043159961700439453e-01 1.759670525789260864e-01 7.442537695169448853e-02
9.449469447135925293e-01 4.096516594290733337e-02 4.261588156223297119e-01 1.576581448316574097e-01 2.996355593204498291e-01 0.000000000000000000e+00 7.791181802749633789e-01 2.356189042329788208e-01 6.793577671051025391e-01 3.830566108226776123e-01 3.109950423240661621e-01 4.343796893954277039e-02
9.607499837875366211e-01 1.688333302736282349e-01 9.202499985694885254e-01 7.357500195503234863e-01 8.472499847412109375e-01 3.547675013542175293e-01 9.248445034027099609e-01 1.825667619705200195e-01 8.260179758071899414e-01 8.428460955619812012e-01 8.566735982894897461e-01 1.691915988922119141e-01
9.197499752044677734e-01 7.251666784286499023e-01 5.852500200271606445e-01 9.272500276565551758e-01 1.032499969005584717e-01 7.730425000190734863e-01 9.452699422836303711e-01 6.859599947929382324e-01 5.712392330169677734e-01 7.304747700691223145e-01 1.034531071782112122e-01 4.061600565910339355e-01
1.575250774621963501e-01 7.389019727706909180e-01 9.960511326789855957e-01 8.033517003059387207e-01 9.225896000862121582e-01 0.000000000000000000e+00 1.306376904249191284e-01 7.508871555328369141e-01 8.651044964790344238e-01 7.431991696357727051e-01 8.537330031394958496e-01 1.024347394704818726e-01
2.952146232128143311e-01 5.197598338127136230e-01 9.490714073181152344e-01 3.463131785392761230e-01 1.857649534940719604e-01 0.000000000000000000e+00 2.542120516300201416e-01 2.058231681585311890e-01 5.555382966995239258e-01 3.401078283786773682e-01 1.684666574001312256e-01 1.088858675211668015e-02
6.202499866485595703e-01 6.754999756813049316e-01 3.052499890327453613e-01 7.287499904632568359e-01 2.812500000000000000e-01 8.958024978637695312e-01 6.377052068710327148e-01 5.962965488433837891e-01 3.170824944972991943e-01 5.369142293930053711e-01 3.098404407501220703e-01 7.095737457275390625e-01
4.226357340812683105e-01 1.372483372688293457e-01 1.062117964029312134e-01 6.853446960449218750e-01 2.557699978351593018e-01 0.000000000000000000e+00 4.629578888416290283e-01 2.699150145053863525e-01 3.797650337219238281e-01 4.149697721004486084e-01 2.150872796773910522e-01 3.774000331759452820e-02
3.992500007152557373e-01 4.884999990463256836e-01 2.152500003576278687e-01 9.512500166893005371e-01 1.624999940395355225e-02 1.448875069618225098e-01 4.286036193370819092e-01 4.356583356857299805e-01 2.578125000000000000e-01 7.075694203376770020e-01 3.929311782121658325e-02 2.689886651933193207e-02
2.562499940395355225e-01 6.324999928474426270e-01 7.047500014305114746e-01 3.497500121593475342e-01 2.192499935626983643e-01 1.760724931955337524e-01 3.001985549926757812e-01 6.035028696060180664e-01 6.835567355155944824e-01 2.711639702320098877e-01 2.010476589202880859e-01 1.981575042009353638e-01
6.872500181198120117e-01 1.895000040531158447e-01 7.222499847412109375e-01 8.382499814033508301e-01 9.427499771118164062e-01 2.389374971389770508e-01 7.579750418663024902e-01 2.102215886116027832e-01 7.064021825790405273e-01 7.537704706192016602e-01 8.747138977050781250e-01 3.778615593910217285e-02
1.341286003589630127e-01 6.846383213996887207e-02 4.802974164485931396e-01 3.261169195175170898e-01 5.755195617675781250e-01 0.000000000000000000e+00 1.307862997055053711e-01 1.121250391006469727e-01 5.854092836380004883e-01 2.019172310829162598e-01 5.697087049484252930e-01 1.426098984666168690e-03
7.067499756813049316e-01 2.685000002384185791e-01 5.397499799728393555e-01 7.762500047683715820e-01 7.002500295639038086e-01 1.295424997806549072e-01 7.592611312866210938e-01 2.683881819248199463e-01 5.454901456832885742e-01 7.047705650329589844e-01 6.843457818031311035e-01 7.403218746185302734e-02
3.557499945163726807e-01 4.548333287239074707e-01 2.712500095367431641e-01 3.907499909400939941e-01 8.172500133514404297e-01 1.033075004816055298e-01 3.871379792690277100e-01 4.502590894699096680e-01 3.226689696311950684e-01 3.826805055141448975e-01 7.797114849090576172e-01 1.558926105499267578e-01
9.525000303983688354e-02 5.774999856948852539e-01 1.882500052452087402e-01 4.282500147819519043e-01 5.407500267028808594e-01 2.409175038337707520e-01 1.419037878513336182e-01 5.682940483093261719e-01 2.468069791793823242e-01 4.748067855834960938e-01 5.773960947990417480e-01 7.254760712385177612e-02
