5.437499880790710449e-01 4.833333194255828857e-01 4.277499914169311523e-01 4.059999883174896240e-01 5.849999785423278809e-01 6.825000047683715820e-01 5.438189506530761719e-01 4.833920598030090332e-01 4.276450276374816895e-01 4.057072699069976807e-01 5.852171182632446289e-01 6.822081804275512695e-01
5.437499880790710449e-01 4.833333194255828857e-01 4.277499914169311523e-01 4.059999883174896240e-01 5.849999785423278809e-01 8.649999648332595825e-02 5.469313263893127441e-01 4.815588593482971191e-01 4.217920899391174316e-01 4.003283977508544922e-01 5.922188162803649902e-01 4.675916582345962524e-02
5.437499880790710449e-01 4.833333194255828857e-01 4.277499914169311523e-01 4.059999883174896240e-01 5.849999785423278809e-01 2.985000014305114746e-01 5.434360504150390625e-01 4.833153188228607178e-01 4.295150339603424072e-01 4.070928096771240234e-01 5.822573900222778320e-01 3.420124053955078125e-01
5.437499880790710449e-01 4.833333194255828857e-01 4.277499914169311523e-01 4.059999883174896240e-01 5.849999785423278809e-01 9.495000243186950684e-01 5.430505871772766113e-01 4.838468730449676514e-01 4.276930391788482666e-01 4.061500132083892822e-01 5.854439139366149902e-01 9.143763780593872070e-01
5.437499880790710449e-01 4.833333194255828857e-01 4.277499914169311523e-01 4.059999883174896240e-01 5.849999785423278809e-01 7.705000042915344238e-01 5.434008240699768066e-01 4.834702908992767334e-01 4.277121126651763916e-01 4.060214459896087646e-01 5.850785374641418457e-01 7.735027074813842773e-01
5.437499880790710449e-01 4.833333194255828857e-01 4.277499914169311523e-01 4.059999883174896240e-01 5.849999785423278809e-01 4.855000078678131104e-01 5.444092154502868652e-01 4.830457866191864014e-01 4.258516430854797363e-01 4.045533835887908936e-01 5.873897671699523926e-01 6.077580451965332031e-01
5.437499880790710449e-01 4.833333194255828857e-01 4.277499914169311523e-01 4.059999883174896240e-01 5.849999785423278809e-01 3.824999928474426270e-01 5.440757274627685547e-01 4.829669892787933350e-01 4.274753034114837646e-01 4.051848948001861572e-01 5.849498510360717773e-01 3.582682907581329346e-01
5.437499880790710449e-01 4.833333194255828857e-01 4.277499914169311523e-01 4.059999883174896240e-01 5.849999785423278809e-01 8.604999780654907227e-01 5.429262518882751465e-01 4.837100505828857422e-01 4.287114143371582031e-01 4.070160090923309326e-01 5.837579965591430664e-01 8.432972431182861328e-01
5.437499880790710449e-01 4.833333194255828857e-01 4.277499914169311523e-01 4.059999883174896240e-01 5.849999785423278809e-01 6.255000233650207520e-01 5.434455871582031250e-01 4.834898114204406738e-01 4.283699691295623779e-01 4.065087735652923584e-01 5.838831067085266113e-01 6.237454414367675781e-01
5.437499880790710449e-01 4.833333194255828857e-01 4.277499914169311523e-01 4.059999883174896240e-01 5.849999785423278809e-01 3.995000123977661133e-01 5.435238480567932129e-01 4.832631945610046387e-01 4.287981092929840088e-01 4.066626131534576416e-01 5.833618044853210449e-01 4.250144958496093750e-01
5.437499880790710449e-01 4.833333194255828857e-01 4.277499914169311523e-01 4.059999883174896240e-01 5.849999785423278809e-01 7.555000185966491699e-01 5.454410910606384277e-01 4.831070601940155029e-01 4.223971962928771973e-01 4.014903903007507324e-01 5.926945805549621582e-01 8.297211527824401855e-01
5.437499880790710449e-01 4.833333194255828857e-01 4.277499914169311523e-01 4.059999883174896240e-01 5.849999785423278809e-01 2.644999921321868896e-01 5.442895293235778809e-01 4.829958379268646240e-01 4.271193742752075195e-01 4.049118161201477051e-01 5.856319069862365723e-01 3.083129227161407471e-01
5.437499880790710449e-01 4.833333194255828857e-01 4.277499914169311523e-01 4.059999883174896240e-01 5.849999785423278809e-01 3.515000045299530029e-01 5.430580377578735352e-01 4.834483265876770020e-01 4.303669631481170654e-01 4.078638553619384766e-01 5.811008810997009277e-01 3.870021700859069824e-01
5.437499880790710449e-01 4.833333194255828857e-01 4.277499914169311523e-01 4.059999883174896240e-01 5.849999785423278809e-01 9.915000200271606445e-01 5.424656867980957031e-01 4.840539097785949707e-01 4.293210208415985107e-01 4.074677526950836182e-01 5.830866694450378418e-01 9.315547943115234375e-01
5.437499880790710449e-01 4.833333194255828857e-01 4.277499914169311523e-01 4.059999883174896240e-01 5.849999785423278809e-01 5.950000137090682983e-02 5.468649864196777344e-01 4.815506637096405029e-01 4.220301508903503418e-01 4.005767107009887695e-01 5.922553539276123047e-01 5.566045269370079041e-02
5.437499880790710449e-01 4.833333194255828857e-01 4.277499914169311523e-01 4.059999883174896240e-01 5.849999785423278809e-01 5.554999709129333496e-01 5.437793731689453125e-01 4.832973778247833252e-01 4.278667271137237549e-01 4.061018824577331543e-01 5.844508409500122070e-01 5.788561105728149414e-01
5.437499880790710449e-01 4.833333194255828857e-01 4.277499914169311523e-01 4.059999883174896240e-01 5.849999785423278809e-01 6.575000286102294922e-01 5.435754656791687012e-01 4.833671152591705322e-01 4.276695251464843750e-01 4.060910940170288086e-01 5.849701166152954102e-01 7.064130306243896484e-01
5.437499880790710449e-01 4.833333194255828857e-01 4.277499914169311523e-01 4.059999883174896240e-01 5.849999785423278809e-01 1.764999926090240479e-01 5.441998839378356934e-01 4.827969074249267578e-01 4.281443655490875244e-01 4.058570861816406250e-01 5.840672254562377930e-01 1.961484402418136597e-01
5.437499880790710449e-01 4.833333194255828857e-01 4.277499914169311523e-01 4.059999883174896240e-01 5.849999785423278809e-01 4.034999907016754150e-01 5.434336662292480469e-01 4.833111166954040527e-01 4.289882481098175049e-01 4.070698022842407227e-01 5.830485224723815918e-01 4.772281646728515625e-01
5.437499880790710449e-01 4.833333194255828857e-01 4.277499914169311523e-01 4.059999883174896240e-01 5.849999785423278809e-01 9.574999809265136719e-01 5.422994494438171387e-01 4.840989410877227783e-01 4.293398559093475342e-01 4.073968827724456787e-01 5.833451151847839355e-01 9.473843574523925781e-01
5.437499880790710449e-01 4.833333194255828857e-01 4.277499914169311523e-01 4.059999883174896240e-01 5.849999785423278809e-01 5.964999794960021973e-01 5.433074831962585449e-01 4.835214614868164062e-01 4.289318919181823730e-01 4.069497287273406982e-01 5.831380486488342285e-01 6.035773158073425293e-01
5.437499880790710449e-01 4.833333194255828857e-01 4.277499914169311523e-01 4.059999883174896240e-01 5.849999785423278809e-01 9.585000276565551758e-01 5.423813462257385254e-01 4.841702580451965332e-01 4.286133646965026855e-01 4.069590568542480469e-01 5.843912363052368164e-01 9.677262306213378906e-01
5.437499880790710449e-01 4.833333194255828857e-01 4.277499914169311523e-01 4.059999883174896240e-01 5.849999785423278809e-01 2.345000058412551880e-01 5.440267324447631836e-01 4.830892384052276611e-01 4.277453124523162842e-01 4.057002067565917969e-01 5.846515893936157227e-01 3.616712689399719238e-01
5.437499880790710449e-01 4.833333194255828857e-01 4.277499914169311523e-01 4.059999883174896240e-01 5.849999785423278809e-01 9.785000085830688477e-01 5.424158573150634766e-01 4.840068817138671875e-01 4.292442500591278076e-01 4.071981608867645264e-01 5.838238596916198730e-01 9.347737431526184082e-01
5.437499880790710449e-01 4.833333194255828857e-01 4.277499914169311523e-01 4.059999883174896240e-01 5.849999785423278809e-01 1.714999973773956299e-01 5.444118380546569824e-01 4.830328822135925293e-01 4.265770018100738525e-01 4.042460322380065918e-01 5.866574048995971680e-01 2.467151433229446411e-01
5.437499880790710449e-01 4.833333194255828857e-01 4.277499914169311523e-01 4.059999883174896240e-01 5.849999785423278809e-01 8.054999709129333496e-01 5.430331230163574219e-01 4.835865199565887451e-01 4.291403889656066895e-01 4.073708653450012207e-01 5.829561352729797363e-01 7.126401066780090332e-01
5.437499880790710449e-01 4.833333194255828857e-01 4.277499914169311523e-01 4.059999883174896240e-01 5.849999785423278809e-01 1.624999940395355225e-01 5.453653931617736816e-01 4.825797080993652344e-01 4.250511825084686279e-01 4.027594625949859619e-01 5.886567234992980957e-01 1.333101391792297363e-01
5.437499880790710449e-01 4.833333194255828857e-01 4.277499914169311523e-01 4.059999883174896240e-01 5.849999785423278809e-01 6.445000171661376953e-01 5.435407757759094238e-01 4.834043085575103760e-01 4.281498491764068604e-01 4.063676297664642334e-01 5.842707157135009766e-01 6.243886351585388184e-01
5.437499880790710449e-01 4.833333194255828857e-01 4.277499914169311523e-01 4.059999883174896240e-01 5.849999785423278809e-01 7.245000004768371582e-01 5.434945821762084961e-01 4.834041595458984375e-01 4.281943440437316895e-01 4.064177870750427246e-01 5.843904018402099609e-01 7.552729845046997070e-01
5.437499880790710449e-01 4.833333194255828857e-01 4.277499914169311523e-01 4.059999883174896240e-01 5.849999785423278809e-01 8.224999904632568359e-01 5.424560904502868652e-01 4.839029610157012939e-01 4.297956526279449463e-01 4.079440832138061523e-01 5.823152661323547363e-01 9.003385305404663086e-01
5.437499880790710449e-01 4.833333194255828857e-01 4.277499914169311523e-01 4.059999883174896240e-01 5.849999785423278809e-01 3.274999856948852539e-01 5.441539883613586426e-01 4.831388294696807861e-01 4.271361529827117920e-01 4.049796760082244873e-01 5.857008695602416992e-01 3.714243769645690918e-01
5.437499880790710449e-01 4.833333194255828857e-01 4.277499914169311523e-01 4.059999883174896240e-01 5.849999785423278809e-01 6.595000028610229492e-01 5.434001088142395020e-01 4.833655357360839844e-01 4.288060367107391357e-01 4.068774282932281494e-01 5.833066701889038086e-01 6.028919219970703125e-01
5.437499880790710449e-01 4.833333194255828857e-01 4.277499914169311523e-01 4.059999883174896240e-01 5.849999785423278809e-01 9.849999845027923584e-02 5.454978346824645996e-01 4.824065566062927246e-01 4.247629940509796143e-01 4.027169942855834961e-01 5.889842510223388672e-01 1.203125119209289551e-01
5.437499880790710449e-01 4.833333194255828857e-01 4.277499914169311523e-01 4.059999883174896240e-01 5.849999785423278809e-01 2.134999930858612061e-01 5.443280935287475586e-01 4.829764962196350098e-01 4.271638691425323486e-01 4.048360586166381836e-01 5.857321619987487793e-01 2.274421304464340210e-01
5.437499880790710449e-01 4.833333194255828857e-01 4.277499914169311523e-01 4.059999883174896240e-01 5.849999785423278809e-01 7.185000181198120117e-01 5.430150032043457031e-01 4.836669862270355225e-01 4.289023578166961670e-01 4.071670174598693848e-01 5.832893252372741699e-01 7.644232511520385742e-01
5.437499880790710449e-01 4.833333194255828857e-01 4.277499914169311523e-01 4.059999883174896240e-01 5.849999785423278809e-01 3.285000026226043701e-01 5.433598756790161133e-01 4.833596348762512207e-01 4.290163516998291016e-01 4.070776998996734619e-01 5.829424262046813965e-01 4.576932787895202637e-01
5.437499880790710449e-01 4.833333194255828857e-01 4.277499914169311523e-01 4.059999883174896240e-01 5.849999785423278809e-01 4.684999883174896240e-01 5.431700348854064941e-01 4.833549559116363525e-01 4.298922717571258545e-01 4.074051976203918457e-01 5.815122723579406738e-01 4.554374814033508301e-01
5.437499880790710449e-01 4.833333194255828857e-01 4.277499914169311523e-01 4.059999883174896240e-01 5.849999785423278809e-01 5.954999923706054688e-01 5.429177880287170410e-01 4.835914671421051025e-01 4.295884072780609131e-01 4.077448844909667969e-01 5.823727846145629883e-01 6.652384996414184570e-01
5.437499880790710449e-01 4.833333194255828857e-01 4.277499914169311523e-01 4.059999883174896240e-01 5.849999785423278809e-01 5.264999866485595703e-01 5.434978008270263672e-01 4.833866655826568604e-01 4.282823204994201660e-01 4.064520895481109619e-01 5.841577649116516113e-01 5.512413382530212402e-01
5.437499880790710449e-01 4.833333194255828857e-01 4.277499914169311523e-01 4.059999883174896240e-01 5.849999785423278809e-01 9.045000076293945312e-01 5.429274439811706543e-01 4.837584793567657471e-01 4.284359514713287354e-01 4.069168865680694580e-01 5.843555927276611328e-01 9.093828201293945312e-01
5.437499880790710449e-01 4.833333194255828857e-01 4.277499914169311523e-01 4.059999883174896240e-01 5.849999785423278809e-01 1.124999970197677612e-01 5.449826717376708984e-01 4.821618795394897461e-01 4.270066022872924805e-01 4.052725136280059814e-01 5.849321484565734863e-01 6.341814994812011719e-02
5.437499880790710449e-01 4.833333194255828857e-01 4.277499914169311523e-01 4.059999883174896240e-01 5.849999785423278809e-01 8.905000090599060059e-01 5.428775548934936523e-01 4.837577939033508301e-01 4.288151860237121582e-01 4.071978628635406494e-01 5.836473703384399414e-01 8.754523396492004395e-01
5.437499880790710449e-01 4.833333194255828857e-01 4.277499914169311523e-01 4.059999883174896240e-01 5.849999785423278809e-01 8.464999794960021973e-01 5.424110889434814453e-01 4.839982390403747559e-01 4.292250573635101318e-01 4.073339700698852539e-01 5.833744406700134277e-01 9.220068454742431641e-01
5.437499880790710449e-01 4.833333194255828857e-01 4.277499914169311523e-01 4.059999883174896240e-01 5.849999785423278809e-01 5.504999756813049316e-01 5.435816645622253418e-01 4.833422005176544189e-01 4.280393719673156738e-01 4.063962996006011963e-01 5.843082070350646973e-01 6.028602719306945801e-01
5.437499880790710449e-01 4.833333194255828857e-01 4.277499914169311523e-01 4.059999883174896240e-01 5.849999785423278809e-01 4.584999978542327881e-01 5.437184572219848633e-01 4.833736717700958252e-01 4.285305142402648926e-01 4.061096906661987305e-01 5.836617946624755859e-01 4.142238497734069824e-01
5.437499880790710449e-01 4.833333194255828857e-01 4.277499914169311523e-01 4.059999883174896240e-01 5.849999785423278809e-01 6.165000200271606445e-01 5.431600809097290039e-01 4.835349023342132568e-01 4.288429021835327148e-01 4.071608483791351318e-01 5.834519863128662109e-01 7.340472936630249023e-01
5.437499880790710449e-01 4.833333194255828857e-01 4.277499914169311523e-01 4.059999883174896240e-01 5.849999785423278809e-01 3.384999930858612061e-01 5.439754128456115723e-01 4.829604625701904297e-01 4.282532632350921631e-01 4.061784148216247559e-01 5.838316082954406738e-01 2.464421838521957397e-01
5.437499880790710449e-01 4.833333194255828857e-01 4.277499914169311523e-01 4.059999883174896240e-01 5.849999785423278809e-01 5.845000147819519043e-01 5.434566736221313477e-01 4.833626449108123779e-01 4.286241233348846436e-01 4.067068696022033691e-01 5.836005806922912598e-01 5.232849121093750000e-01
5.437499880790710449e-01 4.833333194255828857e-01 4.277499914169311523e-01 4.059999883174896240e-01 5.849999785423278809e-01 9.235000014305114746e-01 5.421564579010009766e-01 4.840278923511505127e-01 4.305095672607421875e-01 4.084175527095794678e-01 5.814991593360900879e-01 9.076619148254394531e-01
5.437499880790710449e-01 4.833333194255828857e-01 4.277499914169311523e-01 4.059999883174896240e-01 5.849999785423278809e-01 8.495000004768371582e-01 5.430424809455871582e-01 4.837030172348022461e-01 4.281690716743469238e-01 4.066362380981445312e-01 5.846526026725769043e-01 8.945212960243225098e-01
5.437499880790710449e-01 4.833333194255828857e-01 4.277499914169311523e-01 4.059999883174896240e-01 5.849999785423278809e-01 3.034999966621398926e-01 5.432055592536926270e-01 4.833809137344360352e-01 4.299364089965820312e-01 4.076874554157257080e-01 5.816681981086730957e-01 3.837589919567108154e-01
5.437499880790710449e-01 4.833333194255828857e-01 4.277499914169311523e-01 4.059999883174896240e-01 5.849999785423278809e-01 1.134999990463256836e-01 5.454113483428955078e-01 4.820941686630249023e-01 4.255988597869873047e-01 4.040685892105102539e-01 5.874328613281250000e-01 8.885201811790466309e-02
5.437499880790710449e-01 4.833333194255828857e-01 4.277499914169311523e-01 4.059999883174896240e-01 5.849999785423278809e-01 7.124999761581420898e-01 5.433386564254760742e-01 4.834711253643035889e-01 4.281529784202575684e-01 4.064877629280090332e-01 5.844044685363769531e-01 7.599973678588867188e-01
5.437499880790710449e-01 4.833333194255828857e-01 4.277499914169311523e-01 4.059999883174896240e-01 5.849999785423278809e-01 6.535000205039978027e-01 5.438151359558105469e-01 4.832356870174407959e-01 4.270120859146118164e-01 4.056229293346405029e-01 5.856802463531494141e-01 6.616178750991821289e-01
5.437499880790710449e-01 4.833333194255828857e-01 4.277499914169311523e-01 4.059999883174896240e-01 5.849999785423278809e-01 2.624999880790710449e-01 5.440940260887145996e-01 4.830970764160156250e-01 4.283319115638732910e-01 4.055784046649932861e-01 5.837833881378173828e-01 1.884818971157073975e-01
5.437499880790710449e-01 4.833333194255828857e-01 4.277499914169311523e-01 4.059999883174896240e-01 5.849999785423278809e-01 9.645000100135803223e-01 5.419791936874389648e-01 4.843768179416656494e-01 4.297783970832824707e-01 4.076099693775177002e-01 5.832855701446533203e-01 9.733492732048034668e-01
5.437499880790710449e-01 4.833333194255828857e-01 4.277499914169311523e-01 4.059999883174896240e-01 5.849999785423278809e-01 9.624999761581420898e-01 5.424515604972839355e-01 4.840513467788696289e-01 4.288776218891143799e-01 4.069643616676330566e-01 5.840076804161071777e-01 9.486247301101684570e-01
5.437499880790710449e-01 4.833333194255828857e-01 4.277499914169311523e-01 4.059999883174896240e-01 5.849999785423278809e-01 7.835000157356262207e-01 5.440790057182312012e-01 4.833516180515289307e-01 4.258586466312408447e-01 4.045726656913757324e-01 5.875008702278137207e-01 7.926704883575439453e-01
5.437499880790710449e-01 4.833333194255828857e-01 4.277499914169311523e-01 4.059999883174896240e-01 5.849999785423278809e-01 8.694999814033508301e-01 5.424627661705017090e-01 4.840993881225585938e-01 4.292274415493011475e-01 4.073390364646911621e-01 5.833794474601745605e-01 9.398406744003295898e-01
5.437499880790710449e-01 4.833333194255828857e-01 4.277499914169311523e-01 4.059999883174896240e-01 5.849999785423278809e-01 4.444999992847442627e-01 5.438895821571350098e-01 4.831123352050781250e-01 4.278419017791748047e-01 4.061818718910217285e-01 5.844864249229431152e-01 4.350948929786682129e-01
5.437499880790710449e-01 4.833333194255828857e-01 4.277499914169311523e-01 4.059999883174896240e-01 5.849999785423278809e-01 4.634999930858612061e-01 5.436971187591552734e-01 4.833074510097503662e-01 4.281535148620605469e-01 4.062157571315765381e-01 5.841305851936340332e-01 4.340392053127288818e-01
5.437499880790710449e-01 4.833333194255828857e-01 4.277499914169311523e-01 4.059999883174896240e-01 5.849999785423278809e-01 9.284999966621398926e-01 5.422272086143493652e-01 4.841644465923309326e-01 4.297009408473968506e-01 4.075381159782409668e-01 5.832477211952209473e-01 9.499338269233703613e-01
5.437499880790710449e-01 4.833333194255828857e-01 4.277499914169311523e-01 4.059999883174896240e-01 5.849999785423278809e-01 7.164999842643737793e-01 5.434877872467041016e-01 4.833625257015228271e-01 4.280142188072204590e-01 4.064707756042480469e-01 5.846049189567565918e-01 7.453799247741699219e-01
5.437499880790710449e-01 4.833333194255828857e-01 4.277499914169311523e-01 4.059999883174896240e-01 5.849999785423278809e-01 4.844999909400939941e-01 5.431908965110778809e-01 4.835724234580993652e-01 4.298191368579864502e-01 4.073907136917114258e-01 5.818268060684204102e-01 4.868762493133544922e-01
5.437499880790710449e-01 4.833333194255828857e-01 4.277499914169311523e-01 4.059999883174896240e-01 5.849999785423278809e-01 6.449999660253524780e-02 5.448475480079650879e-01 4.824113249778747559e-01 4.272030293941497803e-01 4.053246974945068359e-01 5.846750736236572266e-01 8.594869077205657959e-02
5.437499880790710449e-01 4.833333194255828857e-01 4.277499914169311523e-01 4.059999883174896240e-01 5.849999785423278809e-01 7.095000147819519043e-01 5.429310798645019531e-01 4.836685359477996826e-01 4.294822514057159424e-01 4.077000617980957031e-01 5.823351144790649414e-01 6.849120259284973145e-01
5.437499880790710449e-01 4.833333194255828857e-01 4.277499914169311523e-01 4.059999883174896240e-01 5.849999785423278809e-01 2.714999914169311523e-01 5.437748432159423828e-01 4.831723868846893311e-01 4.285164177417755127e-01 4.061049520969390869e-01 5.837264657020568848e-01 2.737858593463897705e-01
5.437499880790710449e-01 4.833333194255828857e-01 4.277499914169311523e-01 4.059999883174896240e-01 5.849999785423278809e-01 2.894999980926513672e-01 5.440763235092163086e-01 4.828950762748718262e-01 4.279228150844573975e-01 4.060256779193878174e-01 5.843669772148132324e-01 2.565531730651855469e-01
5.437499880790710449e-01 4.833333194255828857e-01 4.277499914169311523e-01 4.059999883174896240e-01 5.849999785423278809e-01 4.084999859333038330e-01 5.438928008079528809e-01 4.830886423587799072e-01 4.280873537063598633e-01 4.059783220291137695e-01 5.842124223709106445e-01 3.482802212238311768e-01
5.437499880790710449e-01 4.833333194255828857e-01 4.277499914169311523e-01 4.059999883174896240e-01 5.849999785423278809e-01 9.685000181198120117e-01 5.425904989242553711e-01 4.840841889381408691e-01 4.290395081043243408e-01 4.071279764175415039e-01 5.836216211318969727e-01 9.315387606620788574e-01
5.437499880790710449e-01 4.833333194255828857e-01 4.277499914169311523e-01 4.059999883174896240e-01 5.849999785423278809e-01 5.684999823570251465e-01 5.436774492263793945e-01 4.832497239112854004e-01 4.280699193477630615e-01 4.063124656677246094e-01 5.842006206512451172e-01 5.337200164794921875e-01
5.437499880790710449e-01 4.833333194255828857e-01 4.277499914169311523e-01 4.059999883174896240e-01 5.849999785423278809e-01 3.984999954700469971e-01 5.438369512557983398e-01 4.832540452480316162e-01 4.279128015041351318e-01 4.058490693569183350e-01 5.845596194267272949e-01 4.018933475017547607e-01
5.437499880790710449e-01 4.833333194255828857e-01 4.277499914169311523e-01 4.059999883174896240e-01 5.849999785423278809e-01 4.014999866485595703e-01 5.433641672134399414e-01 4.832703173160552979e-01 4.292669594287872314e-01 4.072146117687225342e-01 5.824703574180603027e-01 4.356878399848937988e-01
5.437499880790710449e-01 4.833333194255828857e-01 4.277499914169311523e-01 4.059999883174896240e-01 5.849999785423278809e-01 4.384999871253967285e-01 5.436441302299499512e-01 4.831816852092742920e-01 4.282089471817016602e-01 4.064812958240509033e-01 5.840751528739929199e-01 4.554282128810882568e-01
5.437499880790710449e-01 4.833333194255828857e-01 4.277499914169311523e-01 4.059999883174896240e-01 5.849999785423278809e-01 4.749999940395355225e-02 5.458077192306518555e-01 4.820952713489532471e-01 4.248470366001129150e-01 4.029368162155151367e-01 5.883326530456542969e-01 5.393509566783905029e-02
5.437499880790710449e-01 4.833333194255828857e-01 4.277499914169311523e-01 4.059999883174896240e-01 5.849999785423278809e-01 6.225000023841857910e-01 5.433984398841857910e-01 4.834052026271820068e-01 4.284722208976745605e-01 4.067351520061492920e-01 5.836319327354431152e-01 5.980927348136901855e-01
5.437499880790710449e-01 4.833333194255828857e-01 4.277499914169311523e-01 4.059999883174896240e-01 5.849999785423278809e-01 6.644999980926513672e-01 5.434595942497253418e-01 4.833545088768005371e-01 4.280699789524078369e-01 4.065341651439666748e-01 5.844274163246154785e-01 7.043948173522949219e-01
5.437499880790710449e-01 4.833333194255828857e-01 4.277499914169311523e-01 4.059999883174896240e-01 5.849999785423278809e-01 6.215000152587890625e-01 5.437920093536376953e-01 4.833008348941802979e-01 4.271665513515472412e-01 4.057856202125549316e-01 5.854052901268005371e-01 6.772252321243286133e-01
5.437499880790710449e-01 4.833333194255828857e-01 4.277499914169311523e-01 4.059999883174896240e-01 5.849999785423278809e-01 4.984999895095825195e-01 5.432887077331542969e-01 4.831968843936920166e-01 4.295228123664855957e-01 4.070742428302764893e-01 5.818974375724792480e-01 4.668744504451751709e-01
5.437499880790710449e-01 4.833333194255828857e-01 4.277499914169311523e-01 4.059999883174896240e-01 5.849999785423278809e-01 7.014999985694885254e-01 5.429671406745910645e-01 4.836061298847198486e-01 4.295392334461212158e-01 4.076402187347412109e-01 5.825278759002685547e-01 7.348669171333312988e-01
5.437499880790710449e-01 4.833333194255828857e-01 4.277499914169311523e-01 4.059999883174896240e-01 5.849999785423278809e-01 3.745000064373016357e-01 5.439481139183044434e-01 4.830288887023925781e-01 4.278270602226257324e-01 4.055873751640319824e-01 5.845112204551696777e-01 3.126668035984039307e-01
5.437499880790710449e-01 4.833333194255828857e-01 4.277499914169311523e-01 4.059999883174896240e-01 5.849999785423278809e-01 6.685000061988830566e-01 5.434122681617736816e-01 4.835339486598968506e-01 4.282284379005432129e-01 4.065507054328918457e-01 5.841652154922485352e-01 6.748173832893371582e-01
5.437499880790710449e-01 4.833333194255828857e-01 4.277499914169311523e-01 4.059999883174896240e-01 5.849999785423278809e-01 1.094999983906745911e-01 5.465936660766601562e-01 4.818781316280364990e-01 4.226735830307006836e-01 4.009299278259277344e-01 5.914078354835510254e-01 3.313557803630828857e-02
5.437499880790710449e-01 4.833333194255828857e-01 4.277499914169311523e-01 4.059999883174896240e-01 5.849999785423278809e-01 7.684999704360961914e-01 5.430207848548889160e-01 4.837286174297332764e-01 4.287007153034210205e-01 4.070215821266174316e-01 5.837388038635253906e-01 8.188724517822265625e-01
5.437499880790710449e-01 4.833333194255828857e-01 4.277499914169311523e-01 4.059999883174896240e-01 5.849999785423278809e-01 2.050000056624412537e-02 5.467509031295776367e-01 4.818009734153747559e-01 4.224268496036529541e-01 4.007417261600494385e-01 5.917725563049316406e-01 5.309500545263290405e-02
5.437499880790710449e-01 4.833333194255828857e-01 4.277499914169311523e-01 4.059999883174896240e-01 5.849999785423278809e-01 5.044999718666076660e-01 5.436692833900451660e-01 4.832145273685455322e-01 4.280537962913513184e-01 4.064013361930847168e-01 5.842496752738952637e-01 5.430181026458740234e-01
5.437499880790710449e-01 4.833333194255828857e-01 4.277499914169311523e-01 4.059999883174896240e-01 5.849999785423278809e-01 3.375000059604644775e-01 5.444563031196594238e-01 4.831494688987731934e-01 4.261279404163360596e-01 4.036376774311065674e-01 5.875017046928405762e-01 3.449069559574127197e-01
5.437499880790710449e-01 4.833333194255828857e-01 4.277499914169311523e-01 4.059999883174896240e-01 5.849999785423278809e-01 5.874999761581420898e-01 5.433695912361145020e-01 4.834118485450744629e-01 4.288246929645538330e-01 4.068782925605773926e-01 5.832083225250244141e-01 5.133910179138183594e-01
5.437499880790710449e-01 4.833333194255828857e-01 4.277499914169311523e-01 4.059999883174896240e-01 5.849999785423278809e-01 2.314999997615814209e-01 5.440456271171569824e-01 4.829887151718139648e-01 4.279820322990417480e-01 4.059878289699554443e-01 5.843662619590759277e-01 2.709924280643463135e-01
5.437499880790710449e-01 4.833333194255828857e-01 4.277499914169311523e-01 4.059999883174896240e-01 5.849999785423278809e-01 7.954999804496765137e-01 5.433113574981689453e-01 4.835794270038604736e-01 4.283159077167510986e-01 4.066314399242401123e-01 5.842042565345764160e-01 7.273879051208496094e-01
5.437499880790710449e-01 4.833333194255828857e-01 4.277499914169311523e-01 4.059999883174896240e-01 5.849999785423278809e-01 9.984999895095825195e-01 5.421345233917236328e-01 4.841579496860504150e-01 4.295471012592315674e-01 4.075739383697509766e-01 5.831994414329528809e-01 9.527788758277893066e-01
5.437499880790710449e-01 4.833333194255828857e-01 4.277499914169311523e-01 4.059999883174896240e-01 5.849999785423278809e-01 3.064999878406524658e-01 5.446546673774719238e-01 4.827511310577392578e-01 4.267142415046691895e-01 4.048582315444946289e-01 5.858151912689208984e-01 2.458218932151794434e-01
5.437499880790710449e-01 4.833333194255828857e-01 4.277499914169311523e-01 4.059999883174896240e-01 5.849999785423278809e-01 6.365000009536743164e-01 5.437023043632507324e-01 4.832203090190887451e-01 4.278155863285064697e-01 4.062719941139221191e-01 5.845742225646972656e-01 5.873854756355285645e-01
5.437499880790710449e-01 4.833333194255828857e-01 4.277499914169311523e-01 4.059999883174896240e-01 5.849999785423278809e-01 9.614999890327453613e-01 5.424321293830871582e-01 4.841443896293640137e-01 4.285207092761993408e-01 4.065578877925872803e-01 5.851593613624572754e-01 9.777916073799133301e-01
5.437499880790710449e-01 4.833333194255828857e-01 4.277499914169311523e-01 4.059999883174896240e-01 5.849999785423278809e-01 3.634999990463256836e-01 5.450745820999145508e-01 4.830988645553588867e-01 4.252495169639587402e-01 4.027815759181976318e-01 5.879737734794616699e-01 3.827052414417266846e-01
5.437499880790710449e-01 4.833333194255828857e-01 4.277499914169311523e-01 4.059999883174896240e-01 5.849999785423278809e-01 1.350000035017728806e-02 5.457497239112854004e-01 4.818859100341796875e-01 4.251968860626220703e-01 4.037976861000061035e-01 5.872585773468017578e-01 5.289928987622261047e-02
5.437499880790710449e-01 4.833333194255828857e-01 4.277499914169311523e-01 4.059999883174896240e-01 5.849999785423278809e-01 3.795000016689300537e-01 5.434431433677673340e-01 4.834200441837310791e-01 4.285260736942291260e-01 4.066016376018524170e-01 5.837458968162536621e-01 5.163366198539733887e-01
5.437499880790710449e-01 4.833333194255828857e-01 4.277499914169311523e-01 4.059999883174896240e-01 5.849999785423278809e-01 8.205000162124633789e-01 5.422228574752807617e-01 4.839774072170257568e-01 4.304897785186767578e-01 4.083976149559020996e-01 5.815130472183227539e-01 8.710916042327880859e-01
5.437499880790710449e-01 4.833333194255828857e-01 4.277499914169311523e-01 4.059999883174896240e-01 5.849999785423278809e-01 7.494999766349792480e-01 5.432342290878295898e-01 4.834974408149719238e-01 4.285594820976257324e-01 4.068025648593902588e-01 5.837544202804565430e-01 7.153071761131286621e-01
5.437499880790710449e-01 4.833333194255828857e-01 4.277499914169311523e-01 4.059999883174896240e-01 5.849999785423278809e-01 7.774999737739562988e-01 5.432515144348144531e-01 4.835157096385955811e-01 4.286940395832061768e-01 4.068884551525115967e-01 5.836582779884338379e-01 7.527278065681457520e-01
5.437499880790710449e-01 4.833333194255828857e-01 4.277499914169311523e-01 4.059999883174896240e-01 5.849999785423278809e-01 2.294999957084655762e-01 5.441195964813232422e-01 4.829402267932891846e-01 4.279267489910125732e-01 4.058109521865844727e-01 5.844153761863708496e-01 2.445659488439559937e-01
5.437499880790710449e-01 4.833333194255828857e-01 4.277499914169311523e-01 4.059999883174896240e-01 5.849999785423278809e-01 5.164999961853027344e-01 5.436472892761230469e-01 4.833516180515289307e-01 4.280418455600738525e-01 4.061886370182037354e-01 5.843690037727355957e-01 4.739864170551300049e-01
5.437499880790710449e-01 4.833333194255828857e-01 4.277499914169311523e-01 4.059999883174896240e-01 5.849999785423278809e-01 8.314999938011169434e-01 5.430012941360473633e-01 4.836875200271606445e-01 4.287386536598205566e-01 4.070521593093872070e-01 5.838675498962402344e-01 8.474038839340209961e-01
5.437499880790710449e-01 4.833333194255828857e-01 4.277499914169311523e-01 4.059999883174896240e-01 5.849999785423278809e-01 8.734999895095825195e-01 5.420887470245361328e-01 4.843002259731292725e-01 4.296366870403289795e-01 4.076750874519348145e-01 5.831993222236633301e-01 9.598438143730163574e-01
5.437499880790710449e-01 4.833333194255828857e-01 4.277499914169311523e-01 4.059999883174896240e-01 5.849999785423278809e-01 5.849999934434890747e-02 5.448306202888488770e-01 4.823742508888244629e-01 4.267675876617431641e-01 4.052504301071166992e-01 5.857270359992980957e-01 1.367423981428146362e-01
5.437499880790710449e-01 4.833333194255828857e-01 4.277499914169311523e-01 4.059999883174896240e-01 5.849999785423278809e-01 3.564999997615814209e-01 5.440103411674499512e-01 4.832024872303009033e-01 4.273604154586791992e-01 4.055294096469879150e-01 5.856170654296875000e-01 4.751501083374023438e-01
5.437499880790710449e-01 4.833333194255828857e-01 4.277499914169311523e-01 4.059999883174896240e-01 5.849999785423278809e-01 4.575000107288360596e-01 5.433899164199829102e-01 4.833253324031829834e-01 4.292999207973480225e-01 4.071371853351593018e-01 5.823767185211181641e-01 5.158089995384216309e-01
5.437499880790710449e-01 4.833333194255828857e-01 4.277499914169311523e-01 4.059999883174896240e-01 5.849999785423278809e-01 4.824999868869781494e-01 5.435314774513244629e-01 4.833899438381195068e-01 4.283634424209594727e-01 4.064741134643554688e-01 5.837703347206115723e-01 5.188208222389221191e-01
5.437499880790710449e-01 4.833333194255828857e-01 4.277499914169311523e-01 4.059999883174896240e-01 5.849999785423278809e-01 6.664999723434448242e-01 5.431086421012878418e-01 4.835227429866790771e-01 4.290032088756561279e-01 4.072817564010620117e-01 5.831608772277832031e-01 6.905261278152465820e-01
5.437499880790710449e-01 4.833333194255828857e-01 4.277499914169311523e-01 4.059999883174896240e-01 5.849999785423278809e-01 5.764999985694885254e-01 5.432189106941223145e-01 4.835582971572875977e-01 4.288665652275085449e-01 4.068802595138549805e-01 5.833212733268737793e-01 5.952723026275634766e-01
5.437499880790710449e-01 4.833333194255828857e-01 4.277499914169311523e-01 4.059999883174896240e-01 5.849999785423278809e-01 2.425000071525573730e-01 5.443896055221557617e-01 4.828455448150634766e-01 4.273698627948760986e-01 4.051680862903594971e-01 5.853018164634704590e-01 1.983538419008255005e-01
5.437499880790710449e-01 4.833333194255828857e-01 4.277499914169311523e-01 4.059999883174896240e-01 5.849999785423278809e-01 2.754999995231628418e-01 5.441193580627441406e-01 4.830359518527984619e-01 4.277678132057189941e-01 4.055692851543426514e-01 5.847238302230834961e-01 2.858109474182128906e-01
5.437499880790710449e-01 4.833333194255828857e-01 4.277499914169311523e-01 4.059999883174896240e-01 5.849999785423278809e-01 6.654999852180480957e-01 5.432854294776916504e-01 4.834821224212646484e-01 4.284875094890594482e-01 4.068960547447204590e-01 5.837658047676086426e-01 7.153220772743225098e-01
5.437499880790710449e-01 4.833333194255828857e-01 4.277499914169311523e-01 4.059999883174896240e-01 5.849999785423278809e-01 8.615000247955322266e-01 5.436313748359680176e-01 4.834021031856536865e-01 4.275546967983245850e-01 4.060992598533630371e-01 5.853419899940490723e-01 7.859192490577697754e-01
5.437499880790710449e-01 4.833333194255828857e-01 4.277499914169311523e-01 4.059999883174896240e-01 5.849999785423278809e-01 6.995000243186950684e-01 5.435355901718139648e-01 4.833116233348846436e-01 4.279746711254119873e-01 4.064918160438537598e-01 5.844556093215942383e-01 7.257882356643676758e-01
5.437499880790710449e-01 4.833333194255828857e-01 4.277499914169311523e-01 4.059999883174896240e-01 5.849999785423278809e-01 6.234999895095825195e-01 5.430375337600708008e-01 4.835743606090545654e-01 4.290743470191955566e-01 4.073843657970428467e-01 5.831851959228515625e-01 7.664363980293273926e-01
5.437499880790710449e-01 4.833333194255828857e-01 4.277499914169311523e-01 4.059999883174896240e-01 5.849999785423278809e-01 8.449999988079071045e-02 5.445615053176879883e-01 4.824565947055816650e-01 4.274225234985351562e-01 4.055708348751068115e-01 5.845785737037658691e-01 1.240827143192291260e-01
5.437499880790710449e-01 4.833333194255828857e-01 4.277499914169311523e-01 4.059999883174896240e-01 5.849999785423278809e-01 3.885000050067901611e-01 5.441913008689880371e-01 4.830625951290130615e-01 4.274049103260040283e-01 4.051810801029205322e-01 5.849464535713195801e-01 3.357485532760620117e-01
5.437499880790710449e-01 4.833333194255828857e-01 4.277499914169311523e-01 4.059999883174896240e-01 5.849999785423278809e-01 8.544999957084655762e-01 5.428303480148315430e-01 4.838362634181976318e-01 4.286867678165435791e-01 4.069613516330718994e-01 5.839030146598815918e-01 8.823716044425964355e-01
5.437499880790710449e-01 4.833333194255828857e-01 4.277499914169311523e-01 4.059999883174896240e-01 5.849999785423278809e-01 9.955000281333923340e-01 5.424866080284118652e-01 4.841262698173522949e-01 4.282686710357666016e-01 4.064838588237762451e-01 5.853364467620849609e-01 9.836488962173461914e-01
5.437499880790710449e-01 4.833333194255828857e-01 4.277499914169311523e-01 4.059999883174896240e-01 5.849999785423278809e-01 9.325000047683715820e-01 5.428913235664367676e-01 4.838416278362274170e-01 4.279926121234893799e-01 4.064025580883026123e-01 5.850484967231750488e-01 9.286091327667236328e-01
5.437499880790710449e-01 4.833333194255828857e-01 4.277499914169311523e-01 4.059999883174896240e-01 5.849999785423278809e-01 4.144999980926513672e-01 5.433579087257385254e-01 4.833437800407409668e-01 4.292256832122802734e-01 4.069656133651733398e-01 5.826029181480407715e-01 4.297084808349609375e-01
5.437499880790710449e-01 4.833333194255828857e-01 4.277499914169311523e-01 4.059999883174896240e-01 5.849999785423278809e-01 1.735000014305114746e-01 5.445895791053771973e-01 4.826952815055847168e-01 4.269277751445770264e-01 4.049743413925170898e-01 5.856686234474182129e-01 2.116933912038803101e-01
5.437499880790710449e-01 4.833333194255828857e-01 4.277499914169311523e-01 4.059999883174896240e-01 5.849999785423278809e-01 7.814999818801879883e-01 5.433611869812011719e-01 4.833604693412780762e-01 4.287713468074798584e-01 4.070432484149932861e-01 5.833482146263122559e-01 6.651930212974548340e-01
5.437499880790710449e-01 4.833333194255828857e-01 4.277499914169311523e-01 4.059999883174896240e-01 5.849999785423278809e-01 3.445000052452087402e-01 5.434833765029907227e-01 4.833132922649383545e-01 4.289555251598358154e-01 4.067134559154510498e-01 5.830456018447875977e-01 4.024733603000640869e-01
5.437499880790710449e-01 4.833333194255828857e-01 4.277499914169311523e-01 4.059999883174896240e-01 5.849999785423278809e-01 8.725000023841857910e-01 5.435117483139038086e-01 4.836518168449401855e-01 4.264442920684814453e-01 4.051553606986999512e-01 5.869510769844055176e-01 8.996754288673400879e-01
5.437499880790710449e-01 4.833333194255828857e-01 4.277499914169311523e-01 4.059999883174896240e-01 5.849999785423278809e-01 2.449999935925006866e-02 5.449842810630798340e-01 4.823006093502044678e-01 4.263286590576171875e-01 4.044577777385711670e-01 5.861457586288452148e-01 9.618430584669113159e-02
5.437499880790710449e-01 4.833333194255828857e-01 4.277499914169311523e-01 4.059999883174896240e-01 5.849999785423278809e-01 1.164999976754188538e-01 5.449709892272949219e-01 4.825873374938964844e-01 4.265290796756744385e-01 4.047055244445800781e-01 5.853883624076843262e-01 1.385973989963531494e-01
5.437499880790710449e-01 4.833333194255828857e-01 4.277499914169311523e-01 4.059999883174896240e-01 5.849999785423278809e-01 1.005000025033950806e-01 5.449358224868774414e-01 4.824854731559753418e-01 4.267465472221374512e-01 4.046860635280609131e-01 5.856918692588806152e-01 1.031599566340446472e-01
5.437499880790710449e-01 4.833333194255828857e-01 4.277499914169311523e-01 4.059999883174896240e-01 5.849999785423278809e-01 1.794999986886978149e-01 5.456781983375549316e-01 4.820193648338317871e-01 4.251154661178588867e-01 4.036489129066467285e-01 5.876097679138183594e-01 6.964641064405441284e-02
5.437499880790710449e-01 4.833333194255828857e-01 4.277499914169311523e-01 4.059999883174896240e-01 5.849999785423278809e-01 8.594999909400939941e-01 5.433499217033386230e-01 4.836249351501464844e-01 4.273471832275390625e-01 4.059469997882843018e-01 5.860399603843688965e-01 8.508375883102416992e-01
5.437499880790710449e-01 4.833333194255828857e-01 4.277499914169311523e-01 4.059999883174896240e-01 5.849999785423278809e-01 2.915000021457672119e-01 5.432570576667785645e-01 4.834852218627929688e-01 4.298801720142364502e-01 4.073607027530670166e-01 5.816650390625000000e-01 3.440129160881042480e-01
5.437499880790710449e-01 4.833333194255828857e-01 4.277499914169311523e-01 4.059999883174896240e-01 5.849999785423278809e-01 4.954999983310699463e-01 5.433802008628845215e-01 4.833881556987762451e-01 4.289316534996032715e-01 4.069460332393646240e-01 5.830941200256347656e-01 5.129468441009521484e-01
5.437499880790710449e-01 4.833333194255828857e-01 4.277499914169311523e-01 4.059999883174896240e-01 5.849999785423278809e-01 6.934999823570251465e-01 5.433848500251770020e-01 4.834302961826324463e-01 4.284457564353942871e-01 4.066727757453918457e-01 5.838283300399780273e-01 6.258668303489685059e-01
5.437499880790710449e-01 4.833333194255828857e-01 4.277499914169311523e-01 4.059999883174896240e-01 5.849999785423278809e-01 6.414999961853027344e-01 5.435442924499511719e-01 4.833751320838928223e-01 4.278306066989898682e-01 4.062142074108123779e-01 5.846295952796936035e-01 6.859335303306579590e-01
5.437499880790710449e-01 4.833333194255828857e-01 4.277499914169311523e-01 4.059999883174896240e-01 5.849999785423278809e-01 7.055000066757202148e-01 5.435821413993835449e-01 4.833393692970275879e-01 4.274456501007080078e-01 4.059686362743377686e-01 5.852157473564147949e-01 7.334531545639038086e-01
5.437499880790710449e-01 4.833333194255828857e-01 4.277499914169311523e-01 4.059999883174896240e-01 5.849999785423278809e-01 2.675000131130218506e-01 5.447228550910949707e-01 4.827133417129516602e-01 4.267989993095397949e-01 4.045840203762054443e-01 5.859965682029724121e-01 1.744095534086227417e-01
5.437499880790710449e-01 4.833333194255828857e-01 4.277499914169311523e-01 4.059999883174896240e-01 5.849999785423278809e-01 1.375000029802322388e-01 5.454946756362915039e-01 4.822723269462585449e-01 4.251464009284973145e-01 4.032701551914215088e-01 5.881863236427307129e-01 1.206390559673309326e-01
5.437499880790710449e-01 4.833333194255828857e-01 4.277499914169311523e-01 4.059999883174896240e-01 5.849999785423278809e-01 8.634999990463256836e-01 5.429113507270812988e-01 4.836635291576385498e-01 4.292593300342559814e-01 4.073511362075805664e-01 5.831065177917480469e-01 8.007074594497680664e-01
5.437499880790710449e-01 4.833333194255828857e-01 4.277499914169311523e-01 4.059999883174896240e-01 5.849999785423278809e-01 8.805000185966491699e-01 5.429019927978515625e-01 4.836542606353759766e-01 4.291889071464538574e-01 4.072153270244598389e-01 5.831797719001770020e-01 8.273002505302429199e-01
5.437499880790710449e-01 4.833333194255828857e-01 4.277499914169311523e-01 4.059999883174896240e-01 5.849999785423278809e-01 5.995000004768371582e-01 5.433287024497985840e-01 4.833520054817199707e-01 4.292316436767578125e-01 4.073087275028228760e-01 5.823550820350646973e-01 5.812296867370605469e-01
5.437499880790710449e-01 4.833333194255828857e-01 4.277499914169311523e-01 4.059999883174896240e-01 5.849999785423278809e-01 8.424999713897705078e-01 5.433419942855834961e-01 4.837871491909027100e-01 4.275929927825927734e-01 4.059534072875976562e-01 5.855087041854858398e-01 8.582915067672729492e-01
5.437499880790710449e-01 4.833333194255828857e-01 4.277499914169311523e-01 4.059999883174896240e-01 5.849999785423278809e-01 8.744999766349792480e-01 5.436532497406005859e-01 4.835226833820343018e-01 4.264186918735504150e-01 4.050714373588562012e-01 5.869143605232238770e-01 8.665887117385864258e-01
5.437499880790710449e-01 4.833333194255828857e-01 4.277499914169311523e-01 4.059999883174896240e-01 5.849999785423278809e-01 6.865000128746032715e-01 5.431561470031738281e-01 4.834923148155212402e-01 4.289877414703369141e-01 4.071790874004364014e-01 5.832669138908386230e-01 6.996634006500244141e-01
5.437499880790710449e-01 4.833333194255828857e-01 4.277499914169311523e-01 4.059999883174896240e-01 5.849999785423278809e-01 9.944999814033508301e-01 5.428393483161926270e-01 4.839468598365783691e-01 4.274643659591674805e-01 4.059404432773590088e-01 5.857883691787719727e-01 9.549893140792846680e-01
5.437499880790710449e-01 4.833333194255828857e-01 4.277499914169311523e-01 4.059999883174896240e-01 5.849999785423278809e-01 2.615000009536743164e-01 5.441070199012756348e-01 4.830011725425720215e-01 4.277210831642150879e-01 4.055560529232025146e-01 5.847802758216857910e-01 2.644321024417877197e-01
5.437499880790710449e-01 4.833333194255828857e-01 4.277499914169311523e-01 4.059999883174896240e-01 5.849999785423278809e-01 2.405000030994415283e-01 5.440103411674499512e-01 4.830963611602783203e-01 4.276846349239349365e-01 4.054198861122131348e-01 5.849552154541015625e-01 3.056977689266204834e-01
5.437499880790710449e-01 4.833333194255828857e-01 4.277499914169311523e-01 4.059999883174896240e-01 5.849999785423278809e-01 5.245000123977661133e-01 5.432645082473754883e-01 4.834308326244354248e-01 4.292327761650085449e-01 4.071761071681976318e-01 5.826804637908935547e-01 5.246313810348510742e-01
5.437499880790710449e-01 4.833333194255828857e-01 4.277499914169311523e-01 4.059999883174896240e-01 5.849999785423278809e-01 6.094999909400939941e-01 5.434561967849731445e-01 4.834287762641906738e-01 4.284341037273406982e-01 4.065277874469757080e-01 5.838633775711059570e-01 5.227979421615600586e-01
5.437499880790710449e-01 4.833333194255828857e-01 4.277499914169311523e-01 4.059999883174896240e-01 5.849999785423278809e-01 8.625000119209289551e-01 5.427228212356567383e-01 4.838611483573913574e-01 4.287526905536651611e-01 4.071322679519653320e-01 5.837231874465942383e-01 9.032980203628540039e-01
5.437499880790710449e-01 4.833333194255828857e-01 4.277499914169311523e-01 4.059999883174896240e-01 5.849999785423278809e-01 3.075000047683715820e-01 5.447171330451965332e-01 4.828348159790039062e-01 4.264405667781829834e-01 4.041419625282287598e-01 5.866407752037048340e-01 2.193271070718765259e-01
5.437499880790710449e-01 4.833333194255828857e-01 4.277499914169311523e-01 4.059999883174896240e-01 5.849999785423278809e-01 6.524999737739562988e-01 5.436117649078369141e-01 4.833294451236724854e-01 4.276748895645141602e-01 4.061417579650878906e-01 5.850064754486083984e-01 6.759985685348510742e-01
5.437499880790710449e-01 4.833333194255828857e-01 4.277499914169311523e-01 4.059999883174896240e-01 5.849999785423278809e-01 2.845000028610229492e-01 5.442749261856079102e-01 4.830290973186492920e-01 4.275938570499420166e-01 4.047853350639343262e-01 5.851910114288330078e-01 2.642672955989837646e-01
5.437499880790710449e-01 4.833333194255828857e-01 4.277499914169311523e-01 4.059999883174896240e-01 5.849999785423278809e-01 7.515000104904174805e-01 5.433654785156250000e-01 4.834283888339996338e-01 4.279273152351379395e-01 4.064089655876159668e-01 5.845459103584289551e-01 7.224094271659851074e-01
5.437499880790710449e-01 4.833333194255828857e-01 4.277499914169311523e-01 4.059999883174896240e-01 5.849999785423278809e-01 9.875000119209289551e-01 5.418929457664489746e-01 4.842123985290527344e-01 4.307448565959930420e-01 4.084827303886413574e-01 5.815171003341674805e-01 9.372592568397521973e-01
5.437499880790710449e-01 4.833333194255828857e-01 4.277499914169311523e-01 4.059999883174896240e-01 5.849999785423278809e-01 1.535000056028366089e-01 5.448238849639892578e-01 4.826968908309936523e-01 4.264404773712158203e-01 4.041481912136077881e-01 5.865842103958129883e-01 1.734465360641479492e-01
5.437499880790710449e-01 4.833333194255828857e-01 4.277499914169311523e-01 4.059999883174896240e-01 5.849999785423278809e-01 5.835000276565551758e-01 5.435248613357543945e-01 4.833219945430755615e-01 4.290809333324432373e-01 4.070126116275787354e-01 5.824237465858459473e-01 5.422085523605346680e-01
5.437499880790710449e-01 4.833333194255828857e-01 4.277499914169311523e-01 4.059999883174896240e-01 5.849999785423278809e-01 8.264999985694885254e-01 5.432615280151367188e-01 4.834812283515930176e-01 4.284852445125579834e-01 4.067171812057495117e-01 5.838853716850280762e-01 7.230504751205444336e-01
5.437499880790710449e-01 4.833333194255828857e-01 4.277499914169311523e-01 4.059999883174896240e-01 5.849999785423278809e-01 7.499999832361936569e-03 5.464994311332702637e-01 4.817899763584136963e-01 4.234014749526977539e-01 4.017234742641448975e-01 5.900505185127258301e-01 3.880752995610237122e-02
5.437499880790710449e-01 4.833333194255828857e-01 4.277499914169311523e-01 4.059999883174896240e-01 5.849999785423278809e-01 5.565000176429748535e-01 5.434700846672058105e-01 4.833867251873016357e-01 4.287604987621307373e-01 4.067154526710510254e-01 5.832580327987670898e-01 5.170056819915771484e-01
5.437499880790710449e-01 4.833333194255828857e-01 4.277499914169311523e-01 4.059999883174896240e-01 5.849999785423278809e-01 2.950000017881393433e-02 5.468083620071411133e-01 4.818282723426818848e-01 4.220885932445526123e-01 4.005820453166961670e-01 5.920630097389221191e-01 7.679741829633712769e-02
5.437499880790710449e-01 4.833333194255828857e-01 4.277499914169311523e-01 4.059999883174896240e-01 5.849999785423278809e-01 2.865000069141387939e-01 5.441735386848449707e-01 4.828456044197082520e-01 4.279119670391082764e-01 4.059871137142181396e-01 5.844080448150634766e-01 2.310377210378646851e-01
5.437499880790710449e-01 4.833333194255828857e-01 4.277499914169311523e-01 4.059999883174896240e-01 5.849999785423278809e-01 6.154999732971191406e-01 5.434037446975708008e-01 4.835600256919860840e-01 4.282862842082977295e-01 4.064892530441284180e-01 5.842347741127014160e-01 7.165536880493164062e-01
5.437499880790710449e-01 4.833333194255828857e-01 4.277499914169311523e-01 4.059999883174896240e-01 5.849999785423278809e-01 2.574999928474426270e-01 5.437964200973510742e-01 4.829215407371520996e-01 4.285548329353332520e-01 4.068777263164520264e-01 5.827190876007080078e-01 2.870186567306518555e-01
5.437499880790710449e-01 4.833333194255828857e-01 4.277499914169311523e-01 4.059999883174896240e-01 5.849999785423278809e-01 7.975000143051147461e-01 5.427043437957763672e-01 4.838858246803283691e-01 4.287804663181304932e-01 4.069130718708038330e-01 5.843714475631713867e-01 9.109084606170654297e-01
5.437499880790710449e-01 4.833333194255828857e-01 4.277499914169311523e-01 4.059999883174896240e-01 5.849999785423278809e-01 7.450000196695327759e-02 5.455043315887451172e-01 4.822620153427124023e-01 4.253343045711517334e-01 4.034812450408935547e-01 5.876952409744262695e-01 9.881649911403656006e-02
5.437499880790710449e-01 4.833333194255828857e-01 4.277499914169311523e-01 4.059999883174896240e-01 5.849999785423278809e-01 4.949999973177909851e-02 5.458970069885253906e-01 4.815838038921356201e-01 4.246845841407775879e-01 4.033339023590087891e-01 5.881204605102539062e-01 4.952049255371093750e-02
5.437499880790710449e-01 4.833333194255828857e-01 4.277499914169311523e-01 4.059999883174896240e-01 5.849999785423278809e-01 3.815000057220458984e-01 5.437328219413757324e-01 4.832324385643005371e-01 4.283257424831390381e-01 4.061303138732910156e-01 5.839568972587585449e-01 3.912857770919799805e-01
5.437499880790710449e-01 4.833333194255828857e-01 4.277499914169311523e-01 4.059999883174896240e-01 5.849999785423278809e-01 3.649999946355819702e-02 5.453025698661804199e-01 4.820626974105834961e-01 4.262676537036895752e-01 4.043173491954803467e-01 5.858337879180908203e-01 5.440483987331390381e-02
5.437499880790710449e-01 4.833333194255828857e-01 4.277499914169311523e-01 4.059999883174896240e-01 5.849999785423278809e-01 6.844999790191650391e-01 5.431768894195556641e-01 4.835440218448638916e-01 4.286287724971771240e-01 4.069196581840515137e-01 5.837292075157165527e-01 7.497037053108215332e-01
5.437499880790710449e-01 4.833333194255828857e-01 4.277499914169311523e-01 4.059999883174896240e-01 5.849999785423278809e-01 5.174999833106994629e-01 5.437773466110229492e-01 4.832676351070404053e-01 4.278393983840942383e-01 4.059897959232330322e-01 5.846373438835144043e-01 4.672005474567413330e-01
5.437499880790710449e-01 4.833333194255828857e-01 4.277499914169311523e-01 4.059999883174896240e-01 5.849999785423278809e-01 6.549999862909317017e-02 5.462937355041503906e-01 4.819407165050506592e-01 4.235340654850006104e-01 4.016576409339904785e-01 5.902574062347412109e-01 6.115069985389709473e-02
5.437499880790710449e-01 4.833333194255828857e-01 4.277499914169311523e-01 4.059999883174896240e-01 5.849999785423278809e-01 2.265000045299530029e-01 5.459886789321899414e-01 4.821122288703918457e-01 4.237945973873138428e-01 4.019533097743988037e-01 5.901292562484741211e-01 9.740104526281356812e-02
5.437499880790710449e-01 4.833333194255828857e-01 4.277499914169311523e-01 4.059999883174896240e-01 5.849999785423278809e-01 4.345000088214874268e-01 5.444025397300720215e-01 4.828657209873199463e-01 4.267207086086273193e-01 4.051486551761627197e-01 5.860896110534667969e-01 3.341471552848815918e-01
5.437499880790710449e-01 4.833333194255828857e-01 4.277499914169311523e-01 4.059999883174896240e-01 5.849999785423278809e-01 6.604999899864196777e-01 5.431029796600341797e-01 4.835309982299804688e-01 4.291709363460540771e-01 4.073396921157836914e-01 5.829632282257080078e-01 7.067556977272033691e-01
5.437499880790710449e-01 4.833333194255828857e-01 4.277499914169311523e-01 4.059999883174896240e-01 5.849999785423278809e-01 7.394999861717224121e-01 5.424051880836486816e-01 4.839487969875335693e-01 4.299156069755554199e-01 4.079864621162414551e-01 5.823807716369628906e-01 8.835144042968750000e-01
5.437499880790710449e-01 4.833333194255828857e-01 4.277499914169311523e-01 4.059999883174896240e-01 5.849999785423278809e-01 7.574999928474426270e-01 5.431715846061706543e-01 4.835741817951202393e-01 4.284168779850006104e-01 4.067613780498504639e-01 5.839720368385314941e-01 7.651603221893310547e-01
5.437499880790710449e-01 4.833333194255828857e-01 4.277499914169311523e-01 4.059999883174896240e-01 5.849999785423278809e-01 8.234999775886535645e-01 5.435795187950134277e-01 4.834132492542266846e-01 4.276185333728790283e-01 4.058800041675567627e-01 5.853769183158874512e-01 8.234229087829589844e-01
5.437499880790710449e-01 4.833333194255828857e-01 4.277499914169311523e-01 4.059999883174896240e-01 5.849999785423278809e-01 9.075000286102294922e-01 5.428730249404907227e-01 4.837632775306701660e-01 4.289548695087432861e-01 4.071707427501678467e-01 5.836393237113952637e-01 8.367863893508911133e-01
5.437499880790710449e-01 4.833333194255828857e-01 4.277499914169311523e-01 4.059999883174896240e-01 5.849999785423278809e-01 8.165000081062316895e-01 5.433800816535949707e-01 4.835276901721954346e-01 4.275185465812683105e-01 4.060870409011840820e-01 5.853618979454040527e-01 8.403999209403991699e-01
5.437499880790710449e-01 4.833333194255828857e-01 4.277499914169311523e-01 4.059999883174896240e-01 5.849999785423278809e-01 1.315000057220458984e-01 5.452677011489868164e-01 4.821977913379669189e-01 4.259702265262603760e-01 4.042753279209136963e-01 5.866701006889343262e-01 8.443925529718399048e-02
5.437499880790710449e-01 4.833333194255828857e-01 4.277499914169311523e-01 4.059999883174896240e-01 5.849999785423278809e-01 5.385000109672546387e-01 5.435232520103454590e-01 4.832535982131958008e-01 4.283944666385650635e-01 4.066777229309082031e-01 5.839495658874511719e-01 4.922883212566375732e-01
5.437499880790710449e-01 4.833333194255828857e-01 4.277499914169311523e-01 4.059999883174896240e-01 5.849999785423278809e-01 3.165000081062316895e-01 5.439593791961669922e-01 4.831660985946655273e-01 4.278545081615447998e-01 4.059229791164398193e-01 5.844426155090332031e-01 4.029979705810546875e-01
5.437499880790710449e-01 4.833333194255828857e-01 4.277499914169311523e-01 4.059999883174896240e-01 5.849999785423278809e-01 2.045000046491622925e-01 5.448670983314514160e-01 4.824238717555999756e-01 4.268768727779388428e-01 4.050065279006958008e-01 5.853659510612487793e-01 1.094242781400680542e-01
5.437499880790710449e-01 4.833333194255828857e-01 4.277499914169311523e-01 4.059999883174896240e-01 5.849999785423278809e-01 6.334999799728393555e-01 5.435422658920288086e-01 4.833534061908721924e-01 4.279544949531555176e-01 4.064173996448516846e-01 5.844381451606750488e-01 6.398145556449890137e-01
5.437499880790710449e-01 4.833333194255828857e-01 4.277499914169311523e-01 4.059999883174896240e-01 5.849999785423278809e-01 7.754999995231628418e-01 5.424711108207702637e-01 4.839504957199096680e-01 4.294950664043426514e-01 4.075357019901275635e-01 5.831168889999389648e-01 9.035866260528564453e-01
5.437499880790710449e-01 4.833333194255828857e-01 4.277499914169311523e-01 4.059999883174896240e-01 5.849999785423278809e-01 7.864999771118164062e-01 5.425412654876708984e-01 4.836831092834472656e-01 4.310951530933380127e-01 4.088238775730133057e-01 5.800707936286926270e-01 6.909534931182861328e-01
5.437499880790710449e-01 4.833333194255828857e-01 4.277499914169311523e-01 4.059999883174896240e-01 5.849999785423278809e-01 6.955000162124633789e-01 5.432581901550292969e-01 4.834814965724945068e-01 4.284713566303253174e-01 4.068423211574554443e-01 5.839176177978515625e-01 7.498115301132202148e-01
5.437499880790710449e-01 4.833333194255828857e-01 4.277499914169311523e-01 4.059999883174896240e-01 5.849999785423278809e-01 9.564999938011169434e-01 5.429188609123229980e-01 4.842506349086761475e-01 4.256384074687957764e-01 4.040587246417999268e-01 5.897981524467468262e-01 9.954103827476501465e-01
5.437499880790710449e-01 4.833333194255828857e-01 4.277499914169311523e-01 4.059999883174896240e-01 5.849999785423278809e-01 5.724999904632568359e-01 5.434739589691162109e-01 4.834614396095275879e-01 4.282315969467163086e-01 4.065084755420684814e-01 5.840530395507812500e-01 5.915708541870117188e-01
5.437499880790710449e-01 4.833333194255828857e-01 4.277499914169311523e-01 4.059999883174896240e-01 5.849999785423278809e-01 5.544999837875366211e-01 5.436247587203979492e-01 4.833951890468597412e-01 4.282820522785186768e-01 4.061563909053802490e-01 5.843586325645446777e-01 5.199031829833984375e-01
5.437499880790710449e-01 4.833333194255828857e-01 4.277499914169311523e-01 4.059999883174896240e-01 5.849999785423278809e-01 7.944999933242797852e-01 5.437832474708557129e-01 4.834344089031219482e-01 4.266266524791717529e-01 4.052684903144836426e-01 5.867389440536499023e-01 8.428488373756408691e-01
5.437499880790710449e-01 4.833333194255828857e-01 4.277499914169311523e-01 4.059999883174896240e-01 5.849999785423278809e-01 9.415000081062316895e-01 5.421646833419799805e-01 4.840480089187622070e-01 4.303163588047027588e-01 4.081770777702331543e-01 5.817831754684448242e-01 9.124164581298828125e-01
5.437499880790710449e-01 4.833333194255828857e-01 4.277499914169311523e-01 4.059999883174896240e-01 5.849999785423278809e-01 5.050000175833702087e-02 5.450166463851928711e-01 4.823297262191772461e-01 4.265604019165039062e-01 4.047830104827880859e-01 5.857107639312744141e-01 8.308502286672592163e-02
5.437499880790710449e-01 4.833333194255828857e-01 4.277499914169311523e-01 4.059999883174896240e-01 5.849999785423278809e-01 6.284999847412109375e-01 5.433917045593261719e-01 4.833507835865020752e-01 4.285538494586944580e-01 4.067809879779815674e-01 5.836336612701416016e-01 6.043388843536376953e-01
5.437499880790710449e-01 4.833333194255828857e-01 4.277499914169311523e-01 4.059999883174896240e-01 5.849999785423278809e-01 2.944999933242797852e-01 5.443495512008666992e-01 4.828663468360900879e-01 4.270232021808624268e-01 4.051767587661743164e-01 5.856995582580566406e-01 3.000771999359130859e-01
5.437499880790710449e-01 4.833333194255828857e-01 4.277499914169311523e-01 4.059999883174896240e-01 5.849999785423278809e-01 5.515000224113464355e-01 5.434814095497131348e-01 4.833209216594696045e-01 4.283085465431213379e-01 4.066467285156250000e-01 5.838929414749145508e-01 5.742485523223876953e-01
5.437499880790710449e-01 4.833333194255828857e-01 4.277499914169311523e-01 4.059999883174896240e-01 5.849999785423278809e-01 8.765000104904174805e-01 5.423371195793151855e-01 4.840475618839263916e-01 4.300191998481750488e-01 4.080347716808319092e-01 5.821522474288940430e-01 8.899902105331420898e-01
5.437499880790710449e-01 4.833333194255828857e-01 4.277499914169311523e-01 4.059999883174896240e-01 5.849999785423278809e-01 6.794999837875366211e-01 5.439868569374084473e-01 4.834084510803222656e-01 4.266402721405029297e-01 4.051079750061035156e-01 5.864266753196716309e-01 7.230676412582397461e-01
5.437499880790710449e-01 4.833333194255828857e-01 4.277499914169311523e-01 4.059999883174896240e-01 5.849999785423278809e-01 7.384999990463256836e-01 5.432568788528442383e-01 4.835008978843688965e-01 4.282673597335815430e-01 4.065333604812622070e-01 5.843126773834228516e-01 7.578417062759399414e-01
5.437499880790710449e-01 4.833333194255828857e-01 4.277499914169311523e-01 4.059999883174896240e-01 5.849999785423278809e-01 6.754999756813049316e-01 5.436227321624755859e-01 4.835406243801116943e-01 4.276577532291412354e-01 4.059623479843139648e-01 5.852314233779907227e-01 7.369347810745239258e-01
5.437499880790710449e-01 4.833333194255828857e-01 4.277499914169311523e-01 4.059999883174896240e-01 5.849999785423278809e-01 7.150000333786010742e-02 5.442908406257629395e-01 4.826224744319915771e-01 4.280579090118408203e-01 4.063744544982910156e-01 5.836006999015808105e-01 1.557703167200088501e-01
5.437499880790710449e-01 4.833333194255828857e-01 4.277499914169311523e-01 4.059999883174896240e-01 5.849999785423278809e-01 8.125000000000000000e-01 5.426606535911560059e-01 4.838322401046752930e-01 4.293613135814666748e-01 4.075732827186584473e-01 5.828015804290771484e-01 8.629202842712402344e-01
5.437499880790710449e-01 4.833333194255828857e-01 4.277499914169311523e-01 4.059999883174896240e-01 5.849999785423278809e-01 4.349999874830245972e-02 5.462819933891296387e-01 4.814879894256591797e-01 4.239657223224639893e-01 4.033288955688476562e-01 5.886797904968261719e-01 3.929343447089195251e-02
5.437499880790710449e-01 4.833333194255828857e-01 4.277499914169311523e-01 4.059999883174896240e-01 5.849999785423278809e-01 6.464999914169311523e-01 5.440176725387573242e-01 4.832142591476440430e-01 4.275672733783721924e-01 4.055691957473754883e-01 5.849307179450988770e-01 6.082612872123718262e-01
5.437499880790710449e-01 4.833333194255828857e-01 4.277499914169311523e-01 4.059999883174896240e-01 5.849999785423278809e-01 3.355000019073486328e-01 5.442852973937988281e-01 4.826714098453521729e-01 4.274716675281524658e-01 4.052859246730804443e-01 5.848096013069152832e-01 2.538241446018218994e-01
5.437499880790710449e-01 4.833333194255828857e-01 4.277499914169311523e-01 4.059999883174896240e-01 5.849999785423278809e-01 4.695000052452087402e-01 5.435836315155029297e-01 4.832328855991363525e-01 4.284473657608032227e-01 4.065989255905151367e-01 5.837672352790832520e-01 4.735633432865142822e-01
5.437499880790710449e-01 4.833333194255828857e-01 4.277499914169311523e-01 4.059999883174896240e-01 5.849999785423278809e-01 5.784999728202819824e-01 5.435969829559326172e-01 4.832220971584320068e-01 4.280649721622467041e-01 4.063982963562011719e-01 5.842133760452270508e-01 5.711435675621032715e-01
5.437499880790710449e-01 4.833333194255828857e-01 4.277499914169311523e-01 4.059999883174896240e-01 5.849999785423278809e-01 4.450000077486038208e-02 5.453189611434936523e-01 4.821494519710540771e-01 4.258735179901123047e-01 4.039988219738006592e-01 5.865209698677062988e-01 7.790963351726531982e-02
5.437499880790710449e-01 4.833333194255828857e-01 4.277499914169311523e-01 4.059999883174896240e-01 5.849999785423278809e-01 7.565000057220458984e-01 5.436500310897827148e-01 4.835228025913238525e-01 4.267212748527526855e-01 4.053962230682373047e-01 5.864026546478271484e-01 8.494716286659240723e-01
5.437499880790710449e-01 4.833333194255828857e-01 4.277499914169311523e-01 4.059999883174896240e-01 5.849999785423278809e-01 8.250000327825546265e-02 5.455502867698669434e-01 4.821055233478546143e-01 4.253065288066864014e-01 4.036031067371368408e-01 5.874091386795043945e-01 8.009891211986541748e-02
5.437499880790710449e-01 4.833333194255828857e-01 4.277499914169311523e-01 4.059999883174896240e-01 5.849999785423278809e-01 2.605000138282775879e-01 5.441760420799255371e-01 4.829501211643218994e-01 4.278718829154968262e-01 4.055394530296325684e-01 5.845438241958618164e-01 2.571159601211547852e-01
5.437499880790710449e-01 4.833333194255828857e-01 4.277499914169311523e-01 4.059999883174896240e-01 5.849999785423278809e-01 8.884999752044677734e-01 5.423548817634582520e-01 4.840475022792816162e-01 4.300143420696258545e-01 4.079385995864868164e-01 5.821953415870666504e-01 8.849470615386962891e-01
5.437499880790710449e-01 4.833333194255828857e-01 4.277499914169311523e-01 4.059999883174896240e-01 5.849999785423278809e-01 2.655000090599060059e-01 5.455381870269775391e-01 4.825742840766906738e-01 4.240339696407318115e-01 4.020076394081115723e-01 5.901667475700378418e-01 2.019257694482803345e-01
5.437499880790710449e-01 4.833333194255828857e-01 4.277499914169311523e-01 4.059999883174896240e-01 5.849999785423278809e-01 5.584999918937683105e-01 5.436429381370544434e-01 4.832941591739654541e-01 4.278322160243988037e-01 4.062483608722686768e-01 5.846080183982849121e-01 6.765916347503662109e-01
5.437499880790710449e-01 4.833333194255828857e-01 4.277499914169311523e-01 4.059999883174896240e-01 5.849999785423278809e-01 9.514999985694885254e-01 5.425530672073364258e-01 4.840984046459197998e-01 4.284074306488037109e-01 4.068135619163513184e-01 5.844423174858093262e-01 9.570125937461853027e-01
5.437499880790710449e-01 4.833333194255828857e-01 4.277499914169311523e-01 4.059999883174896240e-01 5.849999785423278809e-01 2.664999961853027344e-01 5.446260571479797363e-01 4.825631082057952881e-01 4.272603392601013184e-01 4.052167832851409912e-01 5.851946473121643066e-01 1.580906808376312256e-01
5.437499880790710449e-01 4.833333194255828857e-01 4.277499914169311523e-01 4.059999883174896240e-01 5.849999785423278809e-01 2.784999907016754150e-01 5.448121428489685059e-01 4.827396869659423828e-01 4.258359968662261963e-01 4.033772647380828857e-01 5.873712897300720215e-01 2.770121991634368896e-01
5.437499880790710449e-01 4.833333194255828857e-01 4.277499914169311523e-01 4.059999883174896240e-01 5.849999785423278809e-01 5.095000267028808594e-01 5.437166094779968262e-01 4.832286536693572998e-01 4.281119406223297119e-01 4.062399864196777344e-01 5.840876102447509766e-01 4.478944838047027588e-01
5.437499880790710449e-01 4.833333194255828857e-01 4.277499914169311523e-01 4.059999883174896240e-01 5.849999785423278809e-01 2.084999978542327881e-01 5.442833304405212402e-01 4.827571809291839600e-01 4.279930889606475830e-01 4.060255587100982666e-01 5.841371417045593262e-01 1.688947379589080811e-01
5.437499880790710449e-01 4.833333194255828857e-01 4.277499914169311523e-01 4.059999883174896240e-01 5.849999785423278809e-01 2.764999866485595703e-01 5.440803766250610352e-01 4.829550087451934814e-01 4.279295504093170166e-01 4.059520661830902100e-01 5.843775868415832520e-01 2.687091827392578125e-01
5.437499880790710449e-01 4.833333194255828857e-01 4.277499914169311523e-01 4.059999883174896240e-01 5.849999785423278809e-01 5.449999868869781494e-02 5.462456941604614258e-01 4.819378256797790527e-01 4.238271117210388184e-01 4.020662307739257812e-01 5.893585085868835449e-01 5.348950624465942383e-02
5.437499880790710449e-01 4.833333194255828857e-01 4.277499914169311523e-01 4.059999883174896240e-01 5.849999785423278809e-01 3.750000149011611938e-02 5.452604293823242188e-01 4.824367463588714600e-01 4.258988797664642334e-01 4.036725461483001709e-01 5.871427059173583984e-01 8.714341372251510620e-02
5.437499880790710449e-01 4.833333194255828857e-01 4.277499914169311523e-01 4.059999883174896240e-01 5.849999785423278809e-01 5.274999737739562988e-01 5.435671806335449219e-01 4.832825660705566406e-01 4.284115433692932129e-01 4.064346551895141602e-01 5.837119817733764648e-01 4.945306777954101562e-01
5.437499880790710449e-01 4.833333194255828857e-01 4.277499914169311523e-01 4.059999883174896240e-01 5.849999785423278809e-01 5.499999970197677612e-03 5.456134080886840820e-01 4.819329679012298584e-01 4.251258969306945801e-01 4.035302698612213135e-01 5.876004695892333984e-01 7.085257023572921753e-02
5.437499880790710449e-01 4.833333194255828857e-01 4.277499914169311523e-01 4.059999883174896240e-01 5.849999785423278809e-01 6.965000033378601074e-01 5.442119836807250977e-01 4.831906855106353760e-01 4.261788427829742432e-01 4.050039052963256836e-01 5.869668126106262207e-01 7.231510281562805176e-01
5.437499880790710449e-01 4.833333194255828857e-01 4.277499914169311523e-01 4.059999883174896240e-01 5.849999785423278809e-01 1.955000013113021851e-01 5.438336730003356934e-01 4.829071462154388428e-01 4.284773170948028564e-01 4.065283238887786865e-01 5.835582017898559570e-01 2.690626680850982666e-01
5.437499880790710449e-01 4.833333194255828857e-01 4.277499914169311523e-01 4.059999883174896240e-01 5.849999785423278809e-01 8.355000019073486328e-01 5.449771881103515625e-01 4.831351041793823242e-01 4.237064123153686523e-01 4.026072919368743896e-01 5.908769369125366211e-01 8.213461041450500488e-01
5.437499880790710449e-01 4.833333194255828857e-01 4.277499914169311523e-01 4.059999883174896240e-01 5.849999785423278809e-01 1.105000004172325134e-01 5.452068448066711426e-01 4.824348390102386475e-01 4.256700277328491211e-01 4.036672711372375488e-01 5.873976349830627441e-01 1.368992924690246582e-01
5.437499880790710449e-01 4.833333194255828857e-01 4.277499914169311523e-01 4.059999883174896240e-01 5.849999785423278809e-01 5.615000128746032715e-01 5.435826778411865234e-01 4.832405745983123779e-01 4.282209575176239014e-01 4.065570533275604248e-01 5.840396881103515625e-01 5.740566253662109375e-01
5.437499880790710449e-01 4.833333194255828857e-01 4.277499914169311523e-01 4.059999883174896240e-01 5.849999785423278809e-01 6.075000166893005371e-01 5.432087779045104980e-01 4.837165176868438721e-01 4.295041561126708984e-01 4.068590402603149414e-01 5.823966860771179199e-01 5.454709529876708984e-01
5.437499880790710449e-01 4.833333194255828857e-01 4.277499914169311523e-01 4.059999883174896240e-01 5.849999785423278809e-01 1.994999945163726807e-01 5.451766252517700195e-01 4.822196364402770996e-01 4.261055886745452881e-01 4.046033918857574463e-01 5.862709879875183105e-01 8.572112768888473511e-02
5.437499880790710449e-01 4.833333194255828857e-01 4.277499914169311523e-01 4.059999883174896240e-01 5.849999785423278809e-01 3.664999902248382568e-01 5.436784625053405762e-01 4.833323061466217041e-01 4.280944466590881348e-01 4.060708582401275635e-01 5.844839811325073242e-01 4.391146004199981689e-01
5.437499880790710449e-01 4.833333194255828857e-01 4.277499914169311523e-01 4.059999883174896240e-01 5.849999785423278809e-01 4.544999897480010986e-01 5.435510277748107910e-01 4.833914935588836670e-01 4.282574653625488281e-01 4.061461389064788818e-01 5.841487050056457520e-01 5.114589929580688477e-01
5.437499880790710449e-01 4.833333194255828857e-01 4.277499914169311523e-01 4.059999883174896240e-01 5.849999785423278809e-01 4.174999892711639404e-01 5.439645648002624512e-01 4.832167923450469971e-01 4.273205399513244629e-01 4.053695201873779297e-01 5.853958725929260254e-01 4.289101660251617432e-01
5.437499880790710449e-01 4.833333194255828857e-01 4.277499914169311523e-01 4.059999883174896240e-01 5.849999785423278809e-01 1.225000023841857910e-01 5.443531870841979980e-01 4.828092455863952637e-01 4.274426400661468506e-01 4.052846729755401611e-01 5.850732326507568359e-01 2.217240631580352783e-01
5.437499880790710449e-01 4.833333194255828857e-01 4.277499914169311523e-01 4.059999883174896240e-01 5.849999785423278809e-01 6.125000119209289551e-01 5.435469746589660645e-01 4.834606051445007324e-01 4.279513061046600342e-01 4.063412249088287354e-01 5.844523906707763672e-01 6.741125583648681641e-01
5.437499880790710449e-01 4.833333194255828857e-01 4.277499914169311523e-01 4.059999883174896240e-01 5.849999785423278809e-01 1.605000048875808716e-01 5.446477532386779785e-01 4.827590286731719971e-01 4.264900982379913330e-01 4.045653641223907471e-01 5.863555669784545898e-01 2.138376981019973755e-01
5.437499880790710449e-01 4.833333194255828857e-01 4.277499914169311523e-01 4.059999883174896240e-01 5.849999785423278809e-01 6.294999718666076660e-01 5.435435175895690918e-01 4.833919405937194824e-01 4.283208847045898438e-01 4.063862264156341553e-01 5.841730237007141113e-01 6.026470661163330078e-01
5.437499880790710449e-01 4.833333194255828857e-01 4.277499914169311523e-01 4.059999883174896240e-01 5.849999785423278809e-01 2.565000057220458984e-01 5.446580648422241211e-01 4.826880693435668945e-01 4.270206391811370850e-01 4.045677185058593750e-01 5.856831073760986328e-01 1.700914502143859863e-01
5.437499880790710449e-01 4.833333194255828857e-01 4.277499914169311523e-01 4.059999883174896240e-01 5.849999785423278809e-01 9.904999732971191406e-01 5.418595075607299805e-01 4.843735694885253906e-01 4.301528930664062500e-01 4.080114662647247314e-01 5.824414491653442383e-01 9.670962095260620117e-01
5.437499880790710449e-01 4.833333194255828857e-01 4.277499914169311523e-01 4.059999883174896240e-01 5.849999785423278809e-01 1.515000015497207642e-01 5.450269579887390137e-01 4.826534688472747803e-01 4.260766804218292236e-01 4.039267599582672119e-01 5.869365930557250977e-01 1.550222784280776978e-01
5.437499880790710449e-01 4.833333194255828857e-01 4.277499914169311523e-01 4.059999883174896240e-01 5.849999785423278809e-01 2.284999936819076538e-01 5.443044304847717285e-01 4.827345609664916992e-01 4.276212155818939209e-01 4.057507514953613281e-01 5.846686959266662598e-01 2.211866080760955811e-01
5.437499880790710449e-01 4.833333194255828857e-01 4.277499914169311523e-01 4.059999883174896240e-01 5.849999785423278809e-01 5.814999938011169434e-01 5.436395406723022461e-01 4.833831489086151123e-01 4.281414449214935303e-01 4.058735668659210205e-01 5.843538045883178711e-01 4.940520226955413818e-01
5.437499880790710449e-01 4.833333194255828857e-01 4.277499914169311523e-01 4.059999883174896240e-01 5.849999785423278809e-01 3.849999979138374329e-02 5.464690923690795898e-01 4.814940094947814941e-01 4.234349131584167480e-01 4.019177556037902832e-01 5.899630784988403320e-01 4.099224135279655457e-02
5.437499880790710449e-01 4.833333194255828857e-01 4.277499914169311523e-01 4.059999883174896240e-01 5.849999785423278809e-01 5.885000228881835938e-01 5.433928370475769043e-01 4.833538532257080078e-01 4.287129044532775879e-01 4.068437814712524414e-01 5.833567976951599121e-01 5.608333945274353027e-01
5.437499880790710449e-01 4.833333194255828857e-01 4.277499914169311523e-01 4.059999883174896240e-01 5.849999785423278809e-01 2.234999984502792358e-01 5.456116795539855957e-01 4.821450412273406982e-01 4.244053959846496582e-01 4.028982818126678467e-01 5.891047120094299316e-01 1.728497743606567383e-01
5.437499880790710449e-01 4.833333194255828857e-01 4.277499914169311523e-01 4.059999883174896240e-01 5.849999785423278809e-01 6.625000238418579102e-01 5.436573028564453125e-01 4.833921194076538086e-01 4.278710484504699707e-01 4.061906933784484863e-01 5.845274925231933594e-01 6.347095370292663574e-01
5.437499880790710449e-01 4.833333194255828857e-01 4.277499914169311523e-01 4.059999883174896240e-01 5.849999785423278809e-01 4.894999861717224121e-01 5.434030890464782715e-01 4.833487272262573242e-01 4.287232458591461182e-01 4.065538644790649414e-01 5.833430290222167969e-01 4.652676284313201904e-01
5.437499880790710449e-01 4.833333194255828857e-01 4.277499914169311523e-01 4.059999883174896240e-01 5.849999785423278809e-01 3.625000119209289551e-01 5.434539318084716797e-01 4.832151830196380615e-01 4.292774200439453125e-01 4.072812497615814209e-01 5.824033021926879883e-01 4.070121049880981445e-01
5.437499880790710449e-01 4.833333194255828857e-01 4.277499914169311523e-01 4.059999883174896240e-01 5.849999785423278809e-01 1.215000003576278687e-01 5.459313392639160156e-01 4.820947647094726562e-01 4.234985709190368652e-01 4.017960429191589355e-01 5.902835726737976074e-01 9.872718155384063721e-02
5.437499880790710449e-01 4.833333194255828857e-01 4.277499914169311523e-01 4.059999883174896240e-01 5.849999785423278809e-01 4.250000044703483582e-02 5.451600551605224609e-01 4.822354912757873535e-01 4.261262118816375732e-01 4.046442806720733643e-01 5.861935019493103027e-01 8.489566296339035034e-02
5.437499880790710449e-01 4.833333194255828857e-01 4.277499914169311523e-01 4.059999883174896240e-01 5.849999785423278809e-01 8.349999785423278809e-02 5.461062788963317871e-01 4.818113744258880615e-01 4.244759678840637207e-01 4.029970765113830566e-01 5.883477330207824707e-01 4.031563177704811096e-02
5.437499880790710449e-01 4.833333194255828857e-01 4.277499914169311523e-01 4.059999883174896240e-01 5.849999785423278809e-01 7.294999957084655762e-01 5.430200695991516113e-01 4.835684001445770264e-01 4.290828704833984375e-01 4.072083234786987305e-01 5.833434462547302246e-01 7.543634772300720215e-01
5.437499880790710449e-01 4.833333194255828857e-01 4.277499914169311523e-01 4.059999883174896240e-01 5.849999785423278809e-01 1.244999989867210388e-01 5.446020364761352539e-01 4.828364253044128418e-01 4.265866577625274658e-01 4.044083654880523682e-01 5.863479375839233398e-01 1.986988633871078491e-01
5.437499880790710449e-01 4.833333194255828857e-01 4.277499914169311523e-01 4.059999883174896240e-01 5.849999785423278809e-01 4.745000004768371582e-01 5.439469814300537109e-01 4.831276535987854004e-01 4.275216460227966309e-01 4.056113064289093018e-01 5.851996541023254395e-01 4.197015166282653809e-01
5.437499880790710449e-01 4.833333194255828857e-01 4.277499914169311523e-01 4.059999883174896240e-01 5.849999785423278809e-01 6.834999918937683105e-01 5.436875820159912109e-01 4.833609759807586670e-01 4.268988370895385742e-01 4.054836928844451904e-01 5.861551165580749512e-01 7.628827691078186035e-01
5.437499880790710449e-01 4.833333194255828857e-01 4.277499914169311523e-01 4.059999883174896240e-01 5.849999785423278809e-01 4.474999904632568359e-01 5.434888005256652832e-01 4.834003150463104248e-01 4.283690154552459717e-01 4.064083993434906006e-01 5.839131474494934082e-01 5.242185592651367188e-01
5.437499880790710449e-01 4.833333194255828857e-01 4.277499914169311523e-01 4.059999883174896240e-01 5.849999785423278809e-01 9.275000095367431641e-01 5.427888035774230957e-01 4.839211106300354004e-01 4.281524717807769775e-01 4.064366221427917480e-01 5.852236151695251465e-01 9.515780806541442871e-01
5.437499880790710449e-01 4.833333194255828857e-01 4.277499914169311523e-01 4.059999883174896240e-01 5.849999785423278809e-01 2.635000050067901611e-01 5.441010594367980957e-01 4.829300045967102051e-01 4.280652105808258057e-01 4.051712155342102051e-01 5.842722654342651367e-01 2.568753063678741455e-01
5.437499880790710449e-01 4.833333194255828857e-01 4.277499914169311523e-01 4.059999883174896240e-01 5.849999785423278809e-01 6.065000295639038086e-01 5.433334112167358398e-01 4.834497869014739990e-01 4.285345375537872314e-01 4.067899584770202637e-01 5.836862325668334961e-01 6.329899430274963379e-01
5.437499880790710449e-01 4.833333194255828857e-01 4.277499914169311523e-01 4.059999883174896240e-01 5.849999785423278809e-01 1.075000017881393433e-01 5.444558262825012207e-01 4.825821518898010254e-01 4.278636276721954346e-01 4.060058295726776123e-01 5.838643908500671387e-01 1.113527938723564148e-01
5.437499880790710449e-01 4.833333194255828857e-01 4.277499914169311523e-01 4.059999883174896240e-01 5.849999785423278809e-01 7.664999961853027344e-01 5.428187251091003418e-01 4.838283360004425049e-01 4.287968575954437256e-01 4.069963395595550537e-01 5.839545130729675293e-01 8.869765400886535645e-01
5.437499880790710449e-01 4.833333194255828857e-01 4.277499914169311523e-01 4.059999883174896240e-01 5.849999785423278809e-01 2.694999873638153076e-01 5.442574024200439453e-01 4.829124212265014648e-01 4.271057844161987305e-01 4.052917957305908203e-01 5.856055021286010742e-01 3.311925232410430908e-01
5.437499880790710449e-01 4.833333194255828857e-01 4.277499914169311523e-01 4.059999883174896240e-01 5.849999785423278809e-01 3.244999945163726807e-01 5.442297458648681641e-01 4.830594658851623535e-01 4.272474944591522217e-01 4.049680233001708984e-01 5.851414799690246582e-01 3.764565587043762207e-01
5.437499880790710449e-01 4.833333194255828857e-01 4.277499914169311523e-01 4.059999883174896240e-01 5.849999785423278809e-01 7.114999890327453613e-01 5.430417060852050781e-01 4.836043119430541992e-01 4.293126761913299561e-01 4.074834883213043213e-01 5.827566385269165039e-01 6.804336905479431152e-01
5.437499880790710449e-01 4.833333194255828857e-01 4.277499914169311523e-01 4.059999883174896240e-01 5.849999785423278809e-01 9.014999866485595703e-01 5.431306958198547363e-01 4.836451113224029541e-01 4.279307425022125244e-01 4.064115285873413086e-01 5.847814679145812988e-01 8.704050779342651367e-01
5.437499880790710449e-01 4.833333194255828857e-01 4.277499914169311523e-01 4.059999883174896240e-01 5.849999785423278809e-01 7.465000152587890625e-01 5.429875850677490234e-01 4.835900366306304932e-01 4.292586147785186768e-01 4.073261320590972900e-01 5.829755663871765137e-01 7.881446480751037598e-01
5.437499880790710449e-01 4.833333194255828857e-01 4.277499914169311523e-01 4.059999883174896240e-01 5.849999785423278809e-01 5.000000237487256527e-04 5.458408594131469727e-01 4.816584587097167969e-01 4.250977039337158203e-01 4.034008979797363281e-01 5.872604250907897949e-01 3.536914661526679993e-02
5.437499880790710449e-01 4.833333194255828857e-01 4.277499914169311523e-01 4.059999883174896240e-01 5.849999785423278809e-01 6.815000176429748535e-01 5.435959696769714355e-01 4.833510220050811768e-01 4.279161393642425537e-01 4.064332246780395508e-01 5.846394300460815430e-01 7.355719804763793945e-01
5.437499880790710449e-01 4.833333194255828857e-01 4.277499914169311523e-01 4.059999883174896240e-01 5.849999785423278809e-01 4.354999959468841553e-01 5.439064502716064453e-01 4.832510948181152344e-01 4.277148842811584473e-01 4.054846465587615967e-01 5.848355293273925781e-01 4.094319939613342285e-01
5.437499880790710449e-01 4.833333194255828857e-01 4.277499914169311523e-01 4.059999883174896240e-01 5.849999785423278809e-01 6.014999747276306152e-01 5.432547330856323242e-01 4.833155870437622070e-01 4.289177060127258301e-01 4.070318937301635742e-01 5.830584168434143066e-01 5.944470763206481934e-01
5.437499880790710449e-01 4.833333194255828857e-01 4.277499914169311523e-01 4.059999883174896240e-01 5.849999785423278809e-01 9.114999771118164062e-01 5.436327457427978516e-01 4.834677278995513916e-01 4.267342686653137207e-01 4.053555727005004883e-01 5.866869091987609863e-01 8.807790279388427734e-01
5.437499880790710449e-01 4.833333194255828857e-01 4.277499914169311523e-01 4.059999883174896240e-01 5.849999785423278809e-01 6.025000214576721191e-01 5.434808135032653809e-01 4.833886027336120605e-01 4.284062385559082031e-01 4.067737162113189697e-01 5.836660265922546387e-01 6.321843266487121582e-01
5.437499880790710449e-01 4.833333194255828857e-01 4.277499914169311523e-01 4.059999883174896240e-01 5.849999785423278809e-01 8.144999742507934570e-01 5.437970161437988281e-01 4.836368560791015625e-01 4.265269935131072998e-01 4.050297737121582031e-01 5.871540904045104980e-01 8.444209098815917969e-01
5.437499880790710449e-01 4.833333194255828857e-01 4.277499914169311523e-01 4.059999883174896240e-01 5.849999785423278809e-01 9.365000128746032715e-01 5.420137643814086914e-01 4.840497970581054688e-01 4.310561120510101318e-01 4.088671207427978516e-01 5.806797742843627930e-01 9.191271662712097168e-01
5.437499880790710449e-01 4.833333194255828857e-01 4.277499914169311523e-01 4.059999883174896240e-01 5.849999785423278809e-01 8.015000224113464355e-01 5.430027842521667480e-01 4.836580753326416016e-01 4.289760291576385498e-01 4.071203172206878662e-01 5.835029482841491699e-01 8.158326148986816406e-01
5.437499880790710449e-01 4.833333194255828857e-01 4.277499914169311523e-01 4.059999883174896240e-01 5.849999785423278809e-01 3.774999976158142090e-01 5.437214374542236328e-01 4.830790758132934570e-01 4.288067817687988281e-01 4.066057205200195312e-01 5.831929445266723633e-01 3.038485944271087646e-01
5.437499880790710449e-01 4.833333194255828857e-01 4.277499914169311523e-01 4.059999883174896240e-01 5.849999785423278809e-01 3.835000097751617432e-01 5.442634820938110352e-01 4.829515814781188965e-01 4.271614551544189453e-01 4.052234292030334473e-01 5.852820873260498047e-01 3.638702332973480225e-01
5.437499880790710449e-01 4.833333194255828857e-01 4.277499914169311523e-01 4.059999883174896240e-01 5.849999785423278809e-01 9.664999842643737793e-01 5.422720313072204590e-01 4.841818809509277344e-01 4.291073381900787354e-01 4.073441624641418457e-01 5.836735963821411133e-01 9.588940143585205078e-01
5.437499880790710449e-01 4.833333194255828857e-01 4.277499914169311523e-01 4.059999883174896240e-01 5.849999785423278809e-01 5.634999871253967285e-01 5.429936647415161133e-01 4.835695028305053711e-01 4.298849999904632568e-01 4.076017141342163086e-01 5.816775560379028320e-01 5.484756827354431152e-01
5.437499880790710449e-01 4.833333194255828857e-01 4.277499914169311523e-01 4.059999883174896240e-01 5.849999785423278809e-01 1.574999988079071045e-01 5.460710525512695312e-01 4.821347296237945557e-01 4.237026870250701904e-01 4.019256830215454102e-01 5.897928476333618164e-01 9.052578359842300415e-02
5.437499880790710449e-01 4.833333194255828857e-01 4.277499914169311523e-01 4.059999883174896240e-01 5.849999785423278809e-01 6.884999871253967285e-01 5.429992675781250000e-01 4.835636615753173828e-01 4.297122061252593994e-01 4.075620770454406738e-01 5.820257663726806641e-01 6.831094026565551758e-01
5.437499880790710449e-01 4.833333194255828857e-01 4.277499914169311523e-01 4.059999883174896240e-01 5.849999785423278809e-01 2.094999998807907104e-01 5.452331900596618652e-01 4.826140403747558594e-01 4.253509938716888428e-01 4.032429754734039307e-01 5.881615281105041504e-01 1.757493168115615845e-01
5.437499880790710449e-01 4.833333194255828857e-01 4.277499914169311523e-01 4.059999883174896240e-01 5.849999785423278809e-01 7.204999923706054688e-01 5.434196591377258301e-01 4.834620356559753418e-01 4.283630549907684326e-01 4.065344035625457764e-01 5.840991139411926270e-01 6.891906261444091797e-01
5.437499880790710449e-01 4.833333194255828857e-01 4.277499914169311523e-01 4.059999883174896240e-01 5.849999785423278809e-01 9.064999818801879883e-01 5.420683026313781738e-01 4.840554893016815186e-01 4.305759370326995850e-01 4.083561003208160400e-01 5.816404819488525391e-01 9.190874099731445312e-01
5.437499880790710449e-01 4.833333194255828857e-01 4.277499914169311523e-01 4.059999883174896240e-01 5.849999785423278809e-01 8.914999961853027344e-01 5.430192947387695312e-01 4.838362634181976318e-01 4.280331730842590332e-01 4.065181612968444824e-01 5.848227739334106445e-01 9.204028844833374023e-01
5.437499880790710449e-01 4.833333194255828857e-01 4.277499914169311523e-01 4.059999883174896240e-01 5.849999785423278809e-01 3.045000135898590088e-01 5.433170795440673828e-01 4.834156930446624756e-01 4.297159910202026367e-01 4.071273505687713623e-01 5.819716453552246094e-01 3.104146718978881836e-01
5.437499880790710449e-01 4.833333194255828857e-01 4.277499914169311523e-01 4.059999883174896240e-01 5.849999785423278809e-01 5.734999775886535645e-01 5.435115694999694824e-01 4.832465946674346924e-01 4.285797178745269775e-01 4.068554043769836426e-01 5.833616852760314941e-01 6.047796607017517090e-01
5.437499880790710449e-01 4.833333194255828857e-01 4.277499914169311523e-01 4.059999883174896240e-01 5.849999785423278809e-01 1.774999946355819702e-01 5.447660684585571289e-01 4.826822280883789062e-01 4.265177547931671143e-01 4.043270945549011230e-01 5.864254236221313477e-01 1.723043918609619141e-01
5.437499880790710449e-01 4.833333194255828857e-01 4.277499914169311523e-01 4.059999883174896240e-01 5.849999785423278809e-01 6.784999966621398926e-01 5.447143316268920898e-01 4.829570353031158447e-01 4.250440299510955811e-01 4.038621485233306885e-01 5.886404514312744141e-01 7.398275136947631836e-01
5.437499880790710449e-01 4.833333194255828857e-01 4.277499914169311523e-01 4.059999883174896240e-01 5.849999785423278809e-01 9.265000224113464355e-01 5.429583787918090820e-01 4.836924076080322266e-01 4.286441504955291748e-01 4.070024192333221436e-01 5.836659073829650879e-01 8.190016746520996094e-01
5.437499880790710449e-01 4.833333194255828857e-01 4.277499914169311523e-01 4.059999883174896240e-01 5.849999785423278809e-01 1.685000061988830566e-01 5.447500944137573242e-01 4.824603796005249023e-01 4.268240928649902344e-01 4.050218164920806885e-01 5.855759382247924805e-01 1.581415683031082153e-01
5.437499880790710449e-01 4.833333194255828857e-01 4.277499914169311523e-01 4.059999883174896240e-01 5.849999785423278809e-01 4.814999997615814209e-01 5.434178113937377930e-01 4.832882285118103027e-01 4.287069439888000488e-01 4.069262146949768066e-01 5.834691524505615234e-01 5.010996460914611816e-01
5.437499880790710449e-01 4.833333194255828857e-01 4.277499914169311523e-01 4.059999883174896240e-01 5.849999785423278809e-01 1.944999992847442627e-01 5.450868010520935059e-01 4.826987981796264648e-01 4.255618453025817871e-01 4.032204151153564453e-01 5.878899097442626953e-01 1.723644733428955078e-01
5.437499880790710449e-01 4.833333194255828857e-01 4.277499914169311523e-01 4.059999883174896240e-01 5.849999785423278809e-01 9.394999742507934570e-01 5.423104763031005859e-01 4.841013550758361816e-01 4.294725954532623291e-01 4.076572656631469727e-01 5.830485224723815918e-01 9.384468793869018555e-01
5.437499880790710449e-01 4.833333194255828857e-01 4.277499914169311523e-01 4.059999883174896240e-01 5.849999785423278809e-01 8.184999823570251465e-01 5.437418222427368164e-01 4.835792183876037598e-01 4.268644154071807861e-01 4.053355753421783447e-01 5.865543484687805176e-01 8.060593605041503906e-01
5.437499880790710449e-01 4.833333194255828857e-01 4.277499914169311523e-01 4.059999883174896240e-01 5.849999785423278809e-01 2.834999859333038330e-01 5.444412827491760254e-01 4.826833009719848633e-01 4.275918602943420410e-01 4.055346846580505371e-01 5.847702026367187500e-01 2.331086099147796631e-01
5.437499880790710449e-01 4.833333194255828857e-01 4.277499914169311523e-01 4.059999883174896240e-01 5.849999785423278809e-01 2.055000066757202148e-01 5.451524853706359863e-01 4.823619425296783447e-01 4.258399307727813721e-01 4.041642546653747559e-01 5.871888399124145508e-01 1.305394768714904785e-01
5.437499880790710449e-01 4.833333194255828857e-01 4.277499914169311523e-01 4.059999883174896240e-01 5.849999785423278809e-01 4.264999926090240479e-01 5.439310669898986816e-01 4.831492900848388672e-01 4.280514121055603027e-01 4.058892130851745605e-01 5.842559337615966797e-01 3.671442270278930664e-01
5.437499880790710449e-01 4.833333194255828857e-01 4.277499914169311523e-01 4.059999883174896240e-01 5.849999785423278809e-01 5.134999752044677734e-01 5.435035228729248047e-01 4.834170341491699219e-01 4.284409880638122559e-01 4.060738086700439453e-01 5.839817523956298828e-01 5.554345250129699707e-01
5.437499880790710449e-01 4.833333194255828857e-01 4.277499914169311523e-01 4.059999883174896240e-01 5.849999785423278809e-01 7.455000281333923340e-01 5.431576371192932129e-01 4.835167825222015381e-01 4.287634789943695068e-01 4.069759249687194824e-01 5.836021304130554199e-01 7.510321140289306641e-01
5.437499880790710449e-01 4.833333194255828857e-01 4.277499914169311523e-01 4.059999883174896240e-01 5.849999785423278809e-01 5.435000061988830566e-01 5.432246327400207520e-01 4.834221601486206055e-01 4.289942383766174316e-01 4.070744812488555908e-01 5.830487608909606934e-01 5.602284073829650879e-01
5.437499880790710449e-01 4.833333194255828857e-01 4.277499914169311523e-01 4.059999883174896240e-01 5.849999785423278809e-01 8.435000181198120117e-01 5.427536368370056152e-01 4.837614893913269043e-01 4.294144511222839355e-01 4.075536429882049561e-01 5.828143358230590820e-01 8.153275251388549805e-01
5.437499880790710449e-01 4.833333194255828857e-01 4.277499914169311523e-01 4.059999883174896240e-01 5.849999785423278809e-01 3.005000054836273193e-01 5.440794229507446289e-01 4.830503463745117188e-01 4.277672469615936279e-01 4.056113362312316895e-01 5.847248435020446777e-01 2.928563356399536133e-01
5.437499880790710449e-01 4.833333194255828857e-01 4.277499914169311523e-01 4.059999883174896240e-01 5.849999785423278809e-01 1.745000034570693970e-01 5.445692539215087891e-01 4.826489090919494629e-01 4.269852936267852783e-01 4.048944115638732910e-01 5.856553912162780762e-01 2.061858177185058594e-01
5.437499880790710449e-01 4.833333194255828857e-01 4.277499914169311523e-01 4.059999883174896240e-01 5.849999785423278809e-01 5.295000076293945312e-01 5.432953238487243652e-01 4.836252629756927490e-01 4.290289878845214844e-01 4.068110287189483643e-01 5.830910801887512207e-01 5.950840115547180176e-01
5.437499880790710449e-01 4.833333194255828857e-01 4.277499914169311523e-01 4.059999883174896240e-01 5.849999785423278809e-01 5.214999914169311523e-01 5.433161258697509766e-01 4.835717380046844482e-01 4.288850128650665283e-01 4.068414270877838135e-01 5.831297039985656738e-01 6.181026101112365723e-01
5.437499880790710449e-01 4.833333194255828857e-01 4.277499914169311523e-01 4.059999883174896240e-01 5.849999785423278809e-01 3.935000002384185791e-01 5.435610413551330566e-01 4.833345115184783936e-01 4.283615648746490479e-01 4.065106809139251709e-01 5.838556885719299316e-01 5.015208125114440918e-01
5.437499880790710449e-01 4.833333194255828857e-01 4.277499914169311523e-01 4.059999883174896240e-01 5.849999785423278809e-01 4.564999938011169434e-01 5.437243580818176270e-01 4.832944273948669434e-01 4.278781712055206299e-01 4.059044420719146729e-01 5.847584009170532227e-01 4.508983194828033447e-01
5.437499880790710449e-01 4.833333194255828857e-01 4.277499914169311523e-01 4.059999883174896240e-01 5.849999785423278809e-01 4.025000035762786865e-01 5.436226129531860352e-01 4.833853840827941895e-01 4.281928539276123047e-01 4.061797559261322021e-01 5.841975212097167969e-01 4.755454659461975098e-01
5.437499880790710449e-01 4.833333194255828857e-01 4.277499914169311523e-01 4.059999883174896240e-01 5.849999785423278809e-01 4.225000143051147461e-01 5.435150265693664551e-01 4.831836819648742676e-01 4.289144575595855713e-01 4.069655239582061768e-01 5.829371213912963867e-01 4.315380752086639404e-01
5.437499880790710449e-01 4.833333194255828857e-01 4.277499914169311523e-01 4.059999883174896240e-01 5.849999785423278809e-01 3.194999992847442627e-01 5.434873700141906738e-01 4.831361472606658936e-01 4.287126362323760986e-01 4.070924520492553711e-01 5.832251906394958496e-01 4.532302320003509521e-01
5.437499880790710449e-01 4.833333194255828857e-01 4.277499914169311523e-01 4.059999883174896240e-01 5.849999785423278809e-01 2.935000061988830566e-01 5.450073480606079102e-01 4.826902449131011963e-01 4.255918264389038086e-01 4.035082757472991943e-01 5.877691507339477539e-01 2.050749957561492920e-01
5.437499880790710449e-01 4.833333194255828857e-01 4.277499914169311523e-01 4.059999883174896240e-01 5.849999785423278809e-01 2.349999919533729553e-02 5.456350445747375488e-01 4.823860228061676025e-01 4.246406257152557373e-01 4.023435115814208984e-01 5.889941453933715820e-01 9.991829097270965576e-02
5.437499880790710449e-01 4.833333194255828857e-01 4.277499914169311523e-01 4.059999883174896240e-01 5.849999785423278809e-01 7.724999785423278809e-01 5.431686639785766602e-01 4.835372269153594971e-01 4.285545051097869873e-01 4.068872928619384766e-01 5.838860273361206055e-01 7.764880061149597168e-01
5.437499880790710449e-01 4.833333194255828857e-01 4.277499914169311523e-01 4.059999883174896240e-01 5.849999785423278809e-01 2.384999990463256836e-01 5.441544055938720703e-01 4.830317795276641846e-01 4.276759028434753418e-01 4.054439663887023926e-01 5.849297642707824707e-01 2.635375857353210449e-01
5.437499880790710449e-01 4.833333194255828857e-01 4.277499914169311523e-01 4.059999883174896240e-01 5.849999785423278809e-01 8.665000200271606445e-01 5.431571602821350098e-01 4.835715293884277344e-01 4.284903109073638916e-01 4.068234264850616455e-01 5.840257406234741211e-01 8.386749625205993652e-01
5.437499880790710449e-01 4.833333194255828857e-01 4.277499914169311523e-01 4.059999883174896240e-01 5.849999785423278809e-01 2.745000123977661133e-01 5.441272258758544922e-01 4.828543961048126221e-01 4.276297390460968018e-01 4.058528840541839600e-01 5.847877860069274902e-01 2.894370555877685547e-01
5.437499880790710449e-01 4.833333194255828857e-01 4.277499914169311523e-01 4.059999883174896240e-01 5.849999785423278809e-01 1.264999955892562866e-01 5.445166826248168945e-01 4.825081527233123779e-01 4.274919629096984863e-01 4.061003923416137695e-01 5.841799378395080566e-01 1.453833580017089844e-01
5.437499880790710449e-01 4.833333194255828857e-01 4.277499914169311523e-01 4.059999883174896240e-01 5.849999785423278809e-01 1.014999970793724060e-01 5.465683937072753906e-01 4.819116890430450439e-01 4.222537577152252197e-01 4.007804691791534424e-01 5.921329855918884277e-01 9.410899877548217773e-02
5.437499880790710449e-01 4.833333194255828857e-01 4.277499914169311523e-01 4.059999883174896240e-01 5.849999785423278809e-01 2.515000104904174805e-01 5.446187257766723633e-01 4.827855825424194336e-01 4.269136786460876465e-01 4.045751988887786865e-01 5.858762860298156738e-01 1.839105188846588135e-01
5.437499880790710449e-01 4.833333194255828857e-01 4.277499914169311523e-01 4.059999883174896240e-01 5.849999785423278809e-01 5.649999901652336121e-02 5.447371602058410645e-01 4.827245771884918213e-01 4.265447258949279785e-01 4.044745564460754395e-01 5.863561034202575684e-01 1.841267943382263184e-01
5.437499880790710449e-01 4.833333194255828857e-01 4.277499914169311523e-01 4.059999883174896240e-01 5.849999785423278809e-01 9.775000214576721191e-01 5.425240397453308105e-01 4.840256571769714355e-01 4.289484322071075439e-01 4.070500433444976807e-01 5.840407013893127441e-01 9.378517866134643555e-01
5.437499880790710449e-01 4.833333194255828857e-01 4.277499914169311523e-01 4.059999883174896240e-01 5.849999785423278809e-01 7.264999747276306152e-01 5.434801578521728516e-01 4.836042523384094238e-01 4.268866181373596191e-01 4.054957926273345947e-01 5.865826606750488281e-01 8.850449919700622559e-01
5.437499880790710449e-01 4.833333194255828857e-01 4.277499914169311523e-01 4.059999883174896240e-01 5.849999785423278809e-01 7.475000023841857910e-01 5.433691740036010742e-01 4.836408793926239014e-01 4.278131425380706787e-01 4.062556028366088867e-01 5.849555134773254395e-01 8.018203377723693848e-01
5.437499880790710449e-01 4.833333194255828857e-01 4.277499914169311523e-01 4.059999883174896240e-01 5.849999785423278809e-01 5.224999785423278809e-01 5.438041687011718750e-01 4.831980466842651367e-01 4.281888306140899658e-01 4.061280786991119385e-01 5.842785835266113281e-01 3.864730596542358398e-01
5.437499880790710449e-01 4.833333194255828857e-01 4.277499914169311523e-01 4.059999883174896240e-01 5.849999785423278809e-01 6.324999928474426270e-01 5.433367490768432617e-01 4.834495782852172852e-01 4.287086725234985352e-01 4.068501591682434082e-01 5.834465622901916504e-01 5.902084708213806152e-01
5.437499880790710449e-01 4.833333194255828857e-01 4.277499914169311523e-01 4.059999883174896240e-01 5.849999785423278809e-01 7.785000205039978027e-01 5.444719791412353516e-01 4.830921292304992676e-01 4.251462221145629883e-01 4.039911031723022461e-01 5.889042615890502930e-01 8.550536632537841797e-01
5.437499880790710449e-01 4.833333194255828857e-01 4.277499914169311523e-01 4.059999883174896240e-01 5.849999785423278809e-01 4.549999907612800598e-02 5.450606942176818848e-01 4.822914004325866699e-01 4.265176653861999512e-01 4.049444794654846191e-01 5.856603980064392090e-01 8.023555576801300049e-02
5.437499880790710449e-01 4.833333194255828857e-01 4.277499914169311523e-01 4.059999883174896240e-01 5.849999785423278809e-01 8.845000267028808594e-01 5.440928339958190918e-01 4.834477901458740234e-01 4.247371554374694824e-01 4.037882983684539795e-01 5.896434783935546875e-01 9.350953698158264160e-01
5.437499880790710449e-01 4.833333194255828857e-01 4.277499914169311523e-01 4.059999883174896240e-01 5.849999785423278809e-01 7.605000138282775879e-01 5.435556769371032715e-01 4.835613667964935303e-01 4.271399378776550293e-01 4.056517183780670166e-01 5.860472917556762695e-01 8.263769149780273438e-01
5.437499880790710449e-01 4.833333194255828857e-01 4.277499914169311523e-01 4.059999883174896240e-01 5.849999785423278809e-01 8.155000209808349609e-01 5.430486202239990234e-01 4.836327433586120605e-01 4.284291267395019531e-01 4.067041277885437012e-01 5.841669440269470215e-01 8.133177161216735840e-01
5.437499880790710449e-01 4.833333194255828857e-01 4.277499914169311523e-01 4.059999883174896240e-01 5.849999785423278809e-01 3.655000030994415283e-01 5.436551570892333984e-01 4.833293557167053223e-01 4.283980429172515869e-01 4.060827195644378662e-01 5.838336348533630371e-01 3.798170685768127441e-01
5.437499880790710449e-01 4.833333194255828857e-01 4.277499914169311523e-01 4.059999883174896240e-01 5.849999785423278809e-01 5.985000133514404297e-01 5.432922244071960449e-01 4.835186600685119629e-01 4.289104342460632324e-01 4.068947732448577881e-01 5.833125710487365723e-01 5.937461853027343750e-01
5.437499880790710449e-01 4.833333194255828857e-01 4.277499914169311523e-01 4.059999883174896240e-01 5.849999785423278809e-01 5.945000052452087402e-01 5.438115000724792480e-01 4.832907021045684814e-01 4.272597730159759521e-01 4.057216048240661621e-01 5.855122208595275879e-01 6.460022926330566406e-01
5.437499880790710449e-01 4.833333194255828857e-01 4.277499914169311523e-01 4.059999883174896240e-01 5.849999785423278809e-01 8.955000042915344238e-01 5.421140789985656738e-01 4.842611551284790039e-01 4.293149113655090332e-01 4.071591794490814209e-01 5.839747190475463867e-01 9.741492867469787598e-01
5.437499880790710449e-01 4.833333194255828857e-01 4.277499914169311523e-01 4.059999883174896240e-01 5.849999785423278809e-01 4.065000116825103760e-01 5.434455871582031250e-01 4.834293425083160400e-01 4.291751682758331299e-01 4.068695604801177979e-01 5.827555656433105469e-01 4.104860723018646240e-01
5.437499880790710449e-01 4.833333194255828857e-01 4.277499914169311523e-01 4.059999883174896240e-01 5.849999785423278809e-01 5.145000219345092773e-01 5.435230135917663574e-01 4.834250509738922119e-01 4.288817048072814941e-01 4.065299928188323975e-01 5.831522345542907715e-01 4.822556674480438232e-01
5.437499880790710449e-01 4.833333194255828857e-01 4.277499914169311523e-01 4.059999883174896240e-01 5.849999785423278809e-01 2.335000038146972656e-01 5.443236231803894043e-01 4.824689328670501709e-01 4.275620877742767334e-01 4.061647355556488037e-01 5.845788121223449707e-01 2.360861152410507202e-01
5.437499880790710449e-01 4.833333194255828857e-01 4.277499914169311523e-01 4.059999883174896240e-01 5.849999785423278809e-01 2.775000035762786865e-01 5.439894199371337891e-01 4.828688502311706543e-01 4.286546111106872559e-01 4.067046642303466797e-01 5.831506252288818359e-01 3.089805543422698975e-01
5.437499880790710449e-01 4.833333194255828857e-01 4.277499914169311523e-01 4.059999883174896240e-01 5.849999785423278809e-01 1.934999972581863403e-01 5.458481311798095703e-01 4.824507236480712891e-01 4.235584735870361328e-01 4.014255106449127197e-01 5.907162427902221680e-01 1.810812652111053467e-01
5.437499880790710449e-01 4.833333194255828857e-01 4.277499914169311523e-01 4.059999883174896240e-01 5.849999785423278809e-01 1.295000016689300537e-01 5.446458458900451660e-01 4.823886752128601074e-01 4.274991154670715332e-01 4.058400392532348633e-01 5.840295553207397461e-01 8.864208310842514038e-02
5.437499880790710449e-01 4.833333194255828857e-01 4.277499914169311523e-01 4.059999883174896240e-01 5.849999785423278809e-01 8.364999890327453613e-01 5.434234142303466797e-01 4.835880100727081299e-01 4.267047047615051270e-01 4.053750634193420410e-01 5.865609645843505859e-01 8.840700984001159668e-01
5.437499880790710449e-01 4.833333194255828857e-01 4.277499914169311523e-01 4.059999883174896240e-01 5.849999785423278809e-01 4.149999842047691345e-02 5.452721714973449707e-01 4.823553860187530518e-01 4.257579147815704346e-01 4.035541117191314697e-01 5.874162912368774414e-01 9.905472397804260254e-02
5.437499880790710449e-01 4.833333194255828857e-01 4.277499914169311523e-01 4.059999883174896240e-01 5.849999785423278809e-01 9.035000205039978027e-01 5.428805947303771973e-01 4.839771687984466553e-01 4.285261332988739014e-01 4.066960215568542480e-01 5.844138264656066895e-01 8.999623060226440430e-01
5.437499880790710449e-01 4.833333194255828857e-01 4.277499914169311523e-01 4.059999883174896240e-01 5.849999785423278809e-01 5.665000081062316895e-01 5.431592464447021484e-01 4.836198091506958008e-01 4.293578267097473145e-01 4.070627689361572266e-01 5.826439261436462402e-01 6.424916386604309082e-01
5.437499880790710449e-01 4.833333194255828857e-01 4.277499914169311523e-01 4.059999883174896240e-01 5.849999785423278809e-01 1.825000047683715820e-01 5.447538495063781738e-01 4.826072752475738525e-01 4.268550276756286621e-01 4.049379229545593262e-01 5.856984853744506836e-01 1.520568430423736572e-01
5.437499880790710449e-01 4.833333194255828857e-01 4.277499914169311523e-01 4.059999883174896240e-01 5.849999785423278809e-01 3.754999935626983643e-01 5.436376929283142090e-01 4.832963645458221436e-01 4.289237260818481445e-01 4.064919948577880859e-01 5.829612612724304199e-01 2.981380522251129150e-01
5.437499880790710449e-01 4.833333194255828857e-01 4.277499914169311523e-01 4.059999883174896240e-01 5.849999785423278809e-01 6.085000038146972656e-01 5.431551933288574219e-01 4.834512472152709961e-01 4.292041957378387451e-01 4.074437320232391357e-01 5.828044414520263672e-01 5.958388447761535645e-01
5.437499880790710449e-01 4.833333194255828857e-01 4.277499914169311523e-01 4.059999883174896240e-01 5.849999785423278809e-01 7.655000090599060059e-01 5.429970026016235352e-01 4.835456013679504395e-01 4.291736781597137451e-01 4.073161780834197998e-01 5.830909609794616699e-01 7.539573311805725098e-01
5.437499880790710449e-01 4.833333194255828857e-01 4.277499914169311523e-01 4.059999883174896240e-01 5.849999785423278809e-01 9.384999871253967285e-01 5.427661538124084473e-01 4.838096499443054199e-01 4.287801682949066162e-01 4.070655107498168945e-01 5.836598277091979980e-01 8.773831725120544434e-01
5.437499880790710449e-01 4.833333194255828857e-01 4.277499914169311523e-01 4.059999883174896240e-01 5.849999785423278809e-01 1.424999982118606567e-01 5.443950891494750977e-01 4.824792444705963135e-01 4.278456866741180420e-01 4.064883887767791748e-01 5.833400487899780273e-01 1.438427120447158813e-01
5.437499880790710449e-01 4.833333194255828857e-01 4.277499914169311523e-01 4.059999883174896240e-01 5.849999785423278809e-01 4.375000000000000000e-01 5.434774756431579590e-01 4.831559658050537109e-01 4.289954900741577148e-01 4.069549441337585449e-01 5.826278924942016602e-01 4.107849299907684326e-01
5.437499880790710449e-01 4.833333194255828857e-01 4.277499914169311523e-01 4.059999883174896240e-01 5.849999785423278809e-01 1.145000010728836060e-01 5.443686842918395996e-01 4.829313158988952637e-01 4.271592497825622559e-01 4.050256609916687012e-01 5.855674743652343750e-01 2.115118950605392456e-01
5.437499880790710449e-01 4.833333194255828857e-01 4.277499914169311523e-01 4.059999883174896240e-01 5.849999785423278809e-01 2.795000076293945312e-01 5.440679788589477539e-01 4.829727709293365479e-01 4.277428090572357178e-01 4.056955873966217041e-01 5.846593976020812988e-01 3.017046749591827393e-01
5.437499880790710449e-01 4.833333194255828857e-01 4.277499914169311523e-01 4.059999883174896240e-01 5.849999785423278809e-01 1.150000002235174179e-02 5.457558631896972656e-01 4.822352230548858643e-01 4.246733188629150391e-01 4.026606976985931396e-01 5.888286828994750977e-01 8.534312248229980469e-02
5.437499880790710449e-01 4.833333194255828857e-01 4.277499914169311523e-01 4.059999883174896240e-01 5.849999785423278809e-01 1.854999959468841553e-01 5.447740554809570312e-01 4.827604591846466064e-01 4.265374541282653809e-01 4.043138325214385986e-01 5.863980054855346680e-01 2.508746981620788574e-01
5.437499880790710449e-01 4.833333194255828857e-01 4.277499914169311523e-01 4.059999883174896240e-01 5.849999785423278809e-01 8.644999861717224121e-01 5.423739552497863770e-01 4.839838743209838867e-01 4.294516444206237793e-01 4.075670242309570312e-01 5.828571915626525879e-01 9.154605865478515625e-01
5.437499880790710449e-01 4.833333194255828857e-01 4.277499914169311523e-01 4.059999883174896240e-01 5.849999785423278809e-01 3.084999918937683105e-01 5.445010066032409668e-01 4.828429222106933594e-01 4.272468090057373047e-01 4.050349593162536621e-01 5.854158997535705566e-01 2.122548222541809082e-01
5.437499880790710449e-01 4.833333194255828857e-01 4.277499914169311523e-01 4.059999883174896240e-01 5.849999785423278809e-01 8.065000176429748535e-01 5.445725321769714355e-01 4.832255542278289795e-01 4.249648749828338623e-01 4.038193821907043457e-01 5.887786746025085449e-01 7.463053464889526367e-01
5.437499880790710449e-01 4.833333194255828857e-01 4.277499914169311523e-01 4.059999883174896240e-01 5.849999785423278809e-01 5.065000057220458984e-01 5.436487793922424316e-01 4.832158684730529785e-01 4.280909001827239990e-01 4.064451158046722412e-01 5.841165781021118164e-01 5.438272356986999512e-01
5.437499880790710449e-01 4.833333194255828857e-01 4.277499914169311523e-01 4.059999883174896240e-01 5.849999785423278809e-01 8.174999952316284180e-01 5.433639883995056152e-01 4.835518896579742432e-01 4.275650680065155029e-01 4.060997664928436279e-01 5.852559208869934082e-01 8.145483136177062988e-01
5.437499880790710449e-01 4.833333194255828857e-01 4.277499914169311523e-01 4.059999883174896240e-01 5.849999785423278809e-01 3.855000138282775879e-01 5.434808731079101562e-01 4.831099510192871094e-01 4.291749000549316406e-01 4.074282944202423096e-01 5.823045969009399414e-01 3.898932635784149170e-01
5.437499880790710449e-01 4.833333194255828857e-01 4.277499914169311523e-01 4.059999883174896240e-01 5.849999785423278809e-01 5.150000005960464478e-02 5.464767813682556152e-01 4.815027415752410889e-01 4.236630499362945557e-01 4.026476740837097168e-01 5.891901850700378418e-01 2.524220943450927734e-02
5.437499880790710449e-01 4.833333194255828857e-01 4.277499914169311523e-01 4.059999883174896240e-01 5.849999785423278809e-01 8.654999732971191406e-01 5.428841114044189453e-01 4.838833808898925781e-01 4.282957911491394043e-01 4.065214395523071289e-01 5.849868059158325195e-01 9.299134612083435059e-01
5.437499880790710449e-01 4.833333194255828857e-01 4.277499914169311523e-01 4.059999883174896240e-01 5.849999785423278809e-01 2.824999988079071045e-01 5.441513061523437500e-01 4.830537438392639160e-01 4.273644089698791504e-01 4.052469134330749512e-01 5.852628946304321289e-01 3.537080585956573486e-01
5.437499880790710449e-01 4.833333194255828857e-01 4.277499914169311523e-01 4.059999883174896240e-01 5.849999785423278809e-01 1.204999983310699463e-01 5.447590351104736328e-01 4.824966192245483398e-01 4.271650910377502441e-01 4.049847424030303955e-01 5.849127769470214844e-01 9.902866184711456299e-02
5.437499880790710449e-01 4.833333194255828857e-01 4.277499914169311523e-01 4.059999883174896240e-01 5.849999785423278809e-01 3.434999883174896240e-01 5.434878468513488770e-01 4.833451509475708008e-01 4.288985133171081543e-01 4.067464172840118408e-01 5.831565856933593750e-01 4.077414274215698242e-01
5.437499880790710449e-01 4.833333194255828857e-01 4.277499914169311523e-01 4.059999883174896240e-01 5.849999785423278809e-01 5.975000262260437012e-01 5.432907342910766602e-01 4.833901226520538330e-01 4.287483990192413330e-01 4.069698750972747803e-01 5.833996534347534180e-01 6.200305819511413574e-01
5.437499880790710449e-01 4.833333194255828857e-01 4.277499914169311523e-01 4.059999883174896240e-01 5.849999785423278809e-01 4.214999973773956299e-01 5.433381795883178711e-01 4.834825694561004639e-01 4.292218983173370361e-01 4.068357944488525391e-01 5.827677249908447266e-01 4.165199398994445801e-01
5.437499880790710449e-01 4.833333194255828857e-01 4.277499914169311523e-01 4.059999883174896240e-01 5.849999785423278809e-01 4.465000033378601074e-01 5.438526868820190430e-01 4.830694794654846191e-01 4.283019602298736572e-01 4.064408838748931885e-01 5.835080146789550781e-01 4.278217256069183350e-01
5.437499880790710449e-01 4.833333194255828857e-01 4.277499914169311523e-01 4.059999883174896240e-01 5.849999785423278809e-01 1.554999947547912598e-01 5.444914102554321289e-01 4.828603863716125488e-01 4.268445670604705811e-01 4.048644006252288818e-01 5.859092473983764648e-01 2.104381322860717773e-01
5.437499880790710449e-01 4.833333194255828857e-01 4.277499914169311523e-01 4.059999883174896240e-01 5.849999785423278809e-01 8.500000461935997009e-03 5.447964668273925781e-01 4.825841486454010010e-01 4.266752898693084717e-01 4.047202765941619873e-01 5.858579874038696289e-01 1.562392264604568481e-01
5.437499880790710449e-01 4.833333194255828857e-01 4.277499914169311523e-01 4.059999883174896240e-01 5.849999785423278809e-01 7.985000014305114746e-01 5.426464080810546875e-01 4.838185310363769531e-01 4.293963909149169922e-01 4.075663089752197266e-01 5.827915072441101074e-01 8.682348132133483887e-01
5.437499880790710449e-01 4.833333194255828857e-01 4.277499914169311523e-01 4.059999883174896240e-01 5.849999785423278809e-01 6.395000219345092773e-01 5.434989333152770996e-01 4.833687841892242432e-01 4.278684854507446289e-01 4.063159823417663574e-01 5.847393870353698730e-01 7.232705354690551758e-01
5.437499880790710449e-01 4.833333194255828857e-01 4.277499914169311523e-01 4.059999883174896240e-01 5.849999785423278809e-01 8.404999971389770508e-01 5.432848930358886719e-01 4.836204648017883301e-01 4.285898804664611816e-01 4.067588150501251221e-01 5.838862061500549316e-01 7.183786034584045410e-01
5.437499880790710449e-01 4.833333194255828857e-01 4.277499914169311523e-01 4.059999883174896240e-01 5.849999785423278809e-01 3.364999890327453613e-01 5.437597632408142090e-01 4.832096397876739502e-01 4.283102452754974365e-01 4.062565565109252930e-01 5.839226841926574707e-01 3.880434632301330566e-01
5.437499880790710449e-01 4.833333194255828857e-01 4.277499914169311523e-01 4.059999883174896240e-01 5.849999785423278809e-01 6.915000081062316895e-01 5.437133312225341797e-01 4.832465946674346924e-01 4.278302490711212158e-01 4.062421619892120361e-01 5.845481753349304199e-01 6.329352259635925293e-01
5.437499880790710449e-01 4.833333194255828857e-01 4.277499914169311523e-01 4.059999883174896240e-01 5.849999785423278809e-01 1.449999958276748657e-02 5.464558601379394531e-01 4.822159409523010254e-01 4.229262769222259521e-01 4.006437361240386963e-01 5.915299057960510254e-01 7.401104271411895752e-02
5.437499880790710449e-01 4.833333194255828857e-01 4.277499914169311523e-01 4.059999883174896240e-01 5.849999785423278809e-01 9.499999694526195526e-03 5.465255975723266602e-01 4.815519452095031738e-01 4.230954349040985107e-01 4.011688828468322754e-01 5.904506444931030273e-01 4.236999899148941040e-02
5.437499880790710449e-01 4.833333194255828857e-01 4.277499914169311523e-01 4.059999883174896240e-01 5.849999785423278809e-01 8.245000243186950684e-01 5.440140962600708008e-01 4.832635223865509033e-01 4.263717234134674072e-01 4.051236212253570557e-01 5.868343114852905273e-01 8.199343085289001465e-01
5.437499880790710449e-01 4.833333194255828857e-01 4.277499914169311523e-01 4.059999883174896240e-01 5.849999785423278809e-01 8.755000233650207520e-01 5.419695973396301270e-01 4.841343760490417480e-01 4.306300580501556396e-01 4.085310399532318115e-01 5.813577175140380859e-01 9.386025071144104004e-01
5.437499880790710449e-01 4.833333194255828857e-01 4.277499914169311523e-01 4.059999883174896240e-01 5.849999785423278809e-01 6.434999704360961914e-01 5.434930920600891113e-01 4.833779036998748779e-01 4.278546869754791260e-01 4.063330590724945068e-01 5.846980214118957520e-01 7.189217209815979004e-01
5.437499880790710449e-01 4.833333194255828857e-01 4.277499914169311523e-01 4.059999883174896240e-01 5.849999785423278809e-01 4.045000076293945312e-01 5.432948470115661621e-01 4.832361340522766113e-01 4.295030236244201660e-01 4.071433842182159424e-01 5.819751024246215820e-01 4.201303422451019287e-01
5.437499880790710449e-01 4.833333194255828857e-01 4.277499914169311523e-01 4.059999883174896240e-01 5.849999785423278809e-01 3.334999978542327881e-01 5.438683629035949707e-01 4.830631613731384277e-01 4.280388653278350830e-01 4.059534072875976562e-01 5.837709903717041016e-01 3.235115110874176025e-01
5.437499880790710449e-01 4.833333194255828857e-01 4.277499914169311523e-01 4.059999883174896240e-01 5.849999785423278809e-01 2.499999944120645523e-03 5.472514033317565918e-01 4.813003540039062500e-01 4.214384555816650391e-01 3.999798893928527832e-01 5.926039814949035645e-01 2.872226387262344360e-02
5.437499880790710449e-01 4.833333194255828857e-01 4.277499914169311523e-01 4.059999883174896240e-01 5.849999785423278809e-01 1.054999977350234985e-01 5.441729426383972168e-01 4.829684793949127197e-01 4.281720817089080811e-01 4.057997465133666992e-01 5.839813947677612305e-01 1.998237669467926025e-01
5.437499880790710449e-01 4.833333194255828857e-01 4.277499914169311523e-01 4.059999883174896240e-01 5.849999785423278809e-01 7.349999994039535522e-02 5.461972951889038086e-01 4.820224642753601074e-01 4.239368438720703125e-01 4.022323191165924072e-01 5.893939137458801270e-01 5.305027961730957031e-02
5.437499880790710449e-01 4.833333194255828857e-01 4.277499914169311523e-01 4.059999883174896240e-01 5.849999785423278809e-01 6.424999833106994629e-01 5.432871580123901367e-01 4.833862185478210449e-01 4.290506541728973389e-01 4.072268009185791016e-01 5.829807519912719727e-01 5.482389330863952637e-01
5.437499880790710449e-01 4.833333194255828857e-01 4.277499914169311523e-01 4.059999883174896240e-01 5.849999785423278809e-01 8.995000123977661133e-01 5.426436662673950195e-01 4.838367104530334473e-01 4.291480183601379395e-01 4.072367548942565918e-01 5.832152962684631348e-01 8.769073486328125000e-01
5.437499880790710449e-01 4.833333194255828857e-01 4.277499914169311523e-01 4.059999883174896240e-01 5.849999785423278809e-01 3.535000085830688477e-01 5.438277125358581543e-01 4.831267893314361572e-01 4.280183315277099609e-01 4.062177240848541260e-01 5.843046903610229492e-01 4.075474441051483154e-01
5.437499880790710449e-01 4.833333194255828857e-01 4.277499914169311523e-01 4.059999883174896240e-01 5.849999785423278809e-01 7.024999856948852539e-01 5.432794094085693359e-01 4.834445416927337646e-01 4.287207722663879395e-01 4.069488346576690674e-01 5.836650729179382324e-01 6.934798359870910645e-01
5.437499880790710449e-01 4.833333194255828857e-01 4.277499914169311523e-01 4.059999883174896240e-01 5.849999785423278809e-01 3.500000108033418655e-03 5.449062585830688477e-01 4.825792908668518066e-01 4.266777634620666504e-01 4.047223925590515137e-01 5.858368277549743652e-01 1.294521987438201904e-01
5.437499880790710449e-01 4.833333194255828857e-01 4.277499914169311523e-01 4.059999883174896240e-01 5.849999785423278809e-01 9.455000162124633789e-01 5.426530241966247559e-01 4.840267598628997803e-01 4.280815422534942627e-01 4.062162637710571289e-01 5.856859683990478516e-01 9.778943061828613281e-01
5.437499880790710449e-01 4.833333194255828857e-01 4.277499914169311523e-01 4.059999883174896240e-01 5.849999785423278809e-01 2.649999968707561493e-02 5.465120673179626465e-01 4.817330241203308105e-01 4.232502281665802002e-01 4.015846550464630127e-01 5.904098153114318848e-01 4.347630217671394348e-02
5.437499880790710449e-01 4.833333194255828857e-01 4.277499914169311523e-01 4.059999883174896240e-01 5.849999785423278809e-01 3.844999969005584717e-01 5.434845685958862305e-01 4.832352399826049805e-01 4.291320443153381348e-01 4.064380824565887451e-01 5.826689600944519043e-01 4.193108081817626953e-01
5.437499880790710449e-01 4.833333194255828857e-01 4.277499914169311523e-01 4.059999883174896240e-01 5.849999785423278809e-01 6.650000065565109253e-02 5.446476340293884277e-01 4.826774597167968750e-01 4.272863566875457764e-01 4.049783349037170410e-01 5.851129889488220215e-01 1.195398420095443726e-01
5.437499880790710449e-01 4.833333194255828857e-01 4.277499914169311523e-01 4.059999883174896240e-01 5.849999785423278809e-01 2.475000023841857910e-01 5.440966486930847168e-01 4.828574955463409424e-01 4.281556606292724609e-01 4.062203466892242432e-01 5.836012959480285645e-01 2.143004089593887329e-01
5.437499880790710449e-01 4.833333194255828857e-01 4.277499914169311523e-01 4.059999883174896240e-01 5.849999785423278809e-01 5.335000157356262207e-01 5.433809161186218262e-01 4.834218025207519531e-01 4.288862347602844238e-01 4.068272709846496582e-01 5.832315087318420410e-01 4.959069490432739258e-01
