4.552499949932098389e-01 6.648333072662353516e-01 4.847500026226043701e-01 4.682500064373016357e-01 3.077499866485595703e-01 9.642500281333923340e-01 4.761009812355041504e-01 5.757036805152893066e-01 2.911848127841949463e-01 4.571596086025238037e-01 3.079618215560913086e-01 5.771501064300537109e-01
5.677499771118164062e-01 6.464999914169311523e-01 8.917499780654907227e-01 5.957499742507934570e-01 8.792499899864196777e-01 9.912499785423278809e-01 5.728179216384887695e-01 3.128569424152374268e-01 6.900041103363037109e-01 4.166794717311859131e-01 8.895872235298156738e-01 5.265380144119262695e-01
9.307500123977661133e-01 1.784999966621398926e-01 7.687500119209289551e-01 4.872500002384185791e-01 1.802500039339065552e-01 5.824999883770942688e-02 9.273332953453063965e-01 2.417687028646469116e-01 8.424380421638488770e-01 5.293251276016235352e-01 1.411680728197097778e-01 4.455085992813110352e-01
6.292499899864196777e-01 6.614999771118164062e-01 8.237500190734863281e-01 5.192499756813049316e-01 8.692499995231628418e-01 8.632500171661376953e-01 6.097307205200195312e-01 5.781016349792480469e-01 5.343840122222900391e-01 6.400597691535949707e-01 8.492251634597778320e-01 4.906048476696014404e-01
9.382500052452087402e-01 3.701666593551635742e-01 8.425000309944152832e-02 3.137499988079071045e-01 5.662500262260437012e-01 3.982500135898590088e-01 8.638765215873718262e-01 5.054777860641479492e-01 2.122199535369873047e-01 3.016801774501800537e-01 4.998086094856262207e-01 5.310443639755249023e-01
8.357499837875366211e-01 3.558333218097686768e-01 9.227499961853027344e-01 1.012500002980232239e-01 9.032499790191650391e-01 6.692500114440917969e-01 8.899697065353393555e-01 3.690856397151947021e-01 6.684624552726745605e-01 2.220209985971450806e-01 8.716756105422973633e-01 3.531237244606018066e-01
4.322499930858612061e-01 7.965000271797180176e-01 6.624999642372131348e-02 8.012499809265136719e-01 6.442499756813049316e-01 3.912500143051147461e-01 4.366639554500579834e-01 7.656112313270568848e-01 2.049710229039192200e-02 9.477328658103942871e-01 5.920706391334533691e-01 5.351134538650512695e-01
1.427499949932098389e-01 7.565000057220458984e-01 9.112499952316284180e-01 5.287500023841857910e-01 3.517499864101409912e-01 1.517499983310699463e-01 1.468368023633956909e-01 6.314215064048767090e-01 7.107765078544616699e-01 5.217394232749938965e-01 4.051483571529388428e-01 2.737232744693756104e-01
4.792500138282775879e-01 6.405000090599060059e-01 1.872500032186508179e-01 1.952500045299530029e-01 3.782500028610229492e-01 6.927499771118164062e-01 5.063456892967224121e-01 5.848991274833679199e-01 1.468425393104553223e-01 1.269753724336624146e-01 3.746482729911804199e-01 5.890214443206787109e-01
2.767499983310699463e-01 5.111666917800903320e-01 4.132499992847442627e-01 4.782499969005584717e-01 7.862499952316284180e-01 7.657499909400939941e-01 2.762347459793090820e-01 4.078294336795806885e-01 4.167379438877105713e-01 5.044660568237304688e-01 8.021035790443420410e-01 6.852817535400390625e-01
6.157500147819519043e-01 6.211666464805603027e-01 8.262500166893005371e-01 9.172499775886535645e-01 8.902500271797180176e-01 4.982500076293945312e-01 6.534304618835449219e-01 5.478311181068420410e-01 6.835384964942932129e-01 8.092431426048278809e-01 8.911467194557189941e-01 4.671487510204315186e-01
9.337499737739562988e-01 8.121666908264160156e-01 7.317500114440917969e-01 5.362499952316284180e-01 1.392499953508377075e-01 6.967499852180480957e-01 9.308608770370483398e-01 5.908710956573486328e-01 5.490552186965942383e-01 6.043970584869384766e-01 1.309996992349624634e-01 5.024611353874206543e-01
3.637500107288360596e-01 7.268333435058593750e-01 5.992500185966491699e-01 3.872500061988830566e-01 2.772499918937683105e-01 1.342500001192092896e-01 3.696084022521972656e-01 5.953282117843627930e-01 5.755496025085449219e-01 3.519103527069091797e-01 2.951607704162597656e-01 3.086397349834442139e-01
3.442499935626983643e-01 5.715000033378601074e-01 1.202500015497207642e-01 7.237499952316284180e-01 7.457500100135803223e-01 8.237500190734863281e-01 3.454565405845642090e-01 6.451249718666076660e-01 1.868769526481628418e-01 5.079622268676757812e-01 7.231657505035400391e-01 5.692166686058044434e-01
2.397499978542327881e-01 7.335000038146972656e-01 8.772500157356262207e-01 8.722500205039978027e-01 4.102500081062316895e-01 7.424999773502349854e-02 2.694904506206512451e-01 6.781919598579406738e-01 7.358998656272888184e-01 8.678023815155029297e-01 4.165057241916656494e-01 2.658137083053588867e-01
9.207500219345092773e-01 2.824999988079071045e-01 5.357499718666076660e-01 1.787499934434890747e-01 8.802499771118164062e-01 2.887499928474426270e-01 8.932021260261535645e-01 4.482012987136840820e-01 5.437874197959899902e-01 3.019672036170959473e-01 8.421049118041992188e-01 3.985863924026489258e-01
8.787500262260437012e-01 3.704999983310699463e-01 3.812499940395355225e-01 5.602499842643737793e-01 2.302500009536743164e-01 3.222500085830688477e-01 9.490846395492553711e-01 5.090822577476501465e-01 6.164950132369995117e-01 3.118883371353149414e-01 2.019539028406143188e-01 3.636591136455535889e-01
3.567500114440917969e-01 3.388333320617675781e-01 5.867499709129333496e-01 6.472499966621398926e-01 5.577499866485595703e-01 3.337500095367431641e-01 3.930435776710510254e-01 3.277968168258666992e-01 6.428776979446411133e-01 5.811386108398437500e-01 5.453003048896789551e-01 5.583320260047912598e-01
9.537500143051147461e-01 7.204999923706054688e-01 4.224999994039535522e-02 6.667500138282775879e-01 5.482500195503234863e-01 8.187500238418579102e-01 8.975017666816711426e-01 7.201512455940246582e-01 7.373017817735671997e-02 5.581328868865966797e-01 5.440568923950195312e-01 6.026946306228637695e-01
4.892500042915344238e-01 2.871666550636291504e-01 4.727500081062316895e-01 5.672500133514404297e-01 1.777500063180923462e-01 3.607499897480010986e-01 4.898075163364410400e-01 2.885635495185852051e-01 6.964806914329528809e-01 3.524065315723419189e-01 1.741867661476135254e-01 5.016135573387145996e-01
5.852500200271606445e-01 4.721666574478149414e-01 3.382500112056732178e-01 9.082499742507934570e-01 3.137499988079071045e-01 8.272500038146972656e-01 5.985837578773498535e-01 5.261366963386535645e-01 3.639935255050659180e-01 7.790653705596923828e-01 3.136137425899505615e-01 5.914822220802307129e-01
7.217500209808349609e-01 7.341666817665100098e-01 3.774999827146530151e-02 1.972499936819076538e-01 6.592500209808349609e-01 3.307499885559082031e-01 6.701170802116394043e-01 5.879166722297668457e-01 2.252445966005325317e-01 1.480611413717269897e-01 6.415039896965026855e-01 4.927356839179992676e-01
2.877500057220458984e-01 4.161666631698608398e-01 2.617500126361846924e-01 7.312499880790710449e-01 7.597500085830688477e-01 8.182500004768371582e-01 3.105668127536773682e-01 3.992311656475067139e-01 2.571448385715484619e-01 6.367419362068176270e-01 7.296085357666015625e-01 7.034372091293334961e-01
3.624999895691871643e-02 5.375000238418579102e-01 3.442499935626983643e-01 6.332499980926513672e-01 2.702499926090240479e-01 9.352499842643737793e-01 3.175036981701850891e-02 5.504741072654724121e-01 1.218644976615905762e-01 5.174714326858520508e-01 3.647616803646087646e-01 7.977836132049560547e-01
5.962499976158142090e-01 2.611666619777679443e-01 5.987499952316284180e-01 8.437500000000000000e-01 2.802500128746032715e-01 2.407499998807907104e-01 6.087151765823364258e-01 2.995982468128204346e-01 7.657639384269714355e-01 6.979476809501647949e-01 3.012306392192840576e-01 5.144898891448974609e-01
1.557500064373016357e-01 3.908333480358123779e-01 6.727499961853027344e-01 3.132500052452087402e-01 9.125000238418579102e-02 7.957500219345092773e-01 1.286582797765731812e-01 4.105857312679290771e-01 6.404880881309509277e-01 3.293455541133880615e-01 5.865662544965744019e-02 5.521052479743957520e-01
6.502500176429748535e-01 2.594999969005584717e-01 5.025000125169754028e-02 2.252500057220458984e-01 4.857499897480010986e-01 1.017500013113021851e-01 8.771236538887023926e-01 4.778863191604614258e-01 8.615879714488983154e-02 7.553298026323318481e-02 4.440200626850128174e-01 4.828054606914520264e-01
4.662500023841857910e-01 8.255000114440917969e-01 4.507499933242797852e-01 3.022499978542327881e-01 9.967499971389770508e-01 8.417500257492065430e-01 3.915401995182037354e-01 6.922234892845153809e-01 2.362438291311264038e-01 3.656537830829620361e-01 9.534029960632324219e-01 4.904584586620330811e-01
8.452500104904174805e-01 2.454999983310699463e-01 2.442499995231628418e-01 1.192499995231628418e-01 4.574999958276748657e-02 2.087499946355819702e-01 7.595693469047546387e-01 3.115118443965911865e-01 4.379578530788421631e-01 1.712249219417572021e-01 4.432660713791847229e-02 4.716103076934814453e-01
8.017500042915344238e-01 7.528333067893981934e-01 4.142499864101409912e-01 5.592499971389770508e-01 4.627499878406524658e-01 2.422499954700469971e-01 8.485688567161560059e-01 5.634680390357971191e-01 4.950198233127593994e-01 4.609569013118743896e-01 4.771153628826141357e-01 4.691235423088073730e-01
4.567500054836273193e-01 5.538333058357238770e-01 9.075000137090682983e-02 9.107499718666076660e-01 9.077500104904174805e-01 4.024999961256980896e-02 5.371728539466857910e-01 6.960563659667968750e-01 9.614045172929763794e-02 9.071220755577087402e-01 8.810799717903137207e-01 5.396233797073364258e-01
1.947499960660934448e-01 7.584999799728393555e-01 9.287499785423278809e-01 6.047499775886535645e-01 2.922500073909759521e-01 3.567500114440917969e-01 1.895512640476226807e-01 6.383478045463562012e-01 6.545590758323669434e-01 7.312518954277038574e-01 3.332671821117401123e-01 3.817957937717437744e-01
8.582500219345092773e-01 6.691666841506958008e-01 8.287500143051147461e-01 7.352499961853027344e-01 5.747500061988830566e-01 6.747499704360961914e-01 8.812915682792663574e-01 6.032950282096862793e-01 6.563887000083923340e-01 8.437002897262573242e-01 5.334315299987792969e-01 4.891583621501922607e-01
9.117500185966491699e-01 7.888333201408386230e-01 7.822499871253967285e-01 1.947499960660934448e-01 5.327500104904174805e-01 4.112499952316284180e-01 9.274649620056152344e-01 5.257965922355651855e-01 4.963192939758300781e-01 2.915214896202087402e-01 5.251339077949523926e-01 3.971574902534484863e-01
6.367499828338623047e-01 6.761666536331176758e-01 2.302500009536743164e-01 8.637499809265136719e-01 9.117500185966491699e-01 2.247499972581863403e-01 6.493485569953918457e-01 6.129374504089355469e-01 3.119754791259765625e-01 8.105546236038208008e-01 9.246928095817565918e-01 5.518644452095031738e-01
6.992499828338623047e-01 6.108333468437194824e-01 7.625000178813934326e-02 7.202500104904174805e-01 8.817499876022338867e-01 6.742500066757202148e-01 6.280799508094787598e-01 6.165814399719238281e-01 1.922195106744766235e-01 7.606853842735290527e-01 8.598452210426330566e-01 6.074785590171813965e-01
7.927500009536743164e-01 5.414999723434448242e-01 5.167499780654907227e-01 2.072499990463256836e-01 9.287499785423278809e-01 9.387500286102294922e-01 7.581437826156616211e-01 6.359257102012634277e-01 2.852145731449127197e-01 2.652451097965240479e-01 8.867796063423156738e-01 4.246703982353210449e-01
8.752499818801879883e-01 8.161666393280029297e-01 7.367500066757202148e-01 1.007499992847442627e-01 7.847499847412109375e-01 9.797499775886535645e-01 7.195417881011962891e-01 5.199859738349914551e-01 4.177720248699188232e-01 3.175862431526184082e-01 7.887534499168395996e-01 4.884812235832214355e-01
5.002499818801879883e-01 7.991666793823242188e-01 9.232500195503234863e-01 6.902499794960021973e-01 9.267500042915344238e-01 2.132499963045120239e-01 5.361051559448242188e-01 6.374363899230957031e-01 6.948579549789428711e-01 7.758944630622863770e-01 9.542066454887390137e-01 3.301682174205780029e-01
2.632499933242797852e-01 4.671666622161865234e-01 8.892499804496765137e-01 1.017500013113021851e-01 3.817499876022338867e-01 1.577499955892562866e-01 2.975073456764221191e-01 4.234428703784942627e-01 6.745567321777343750e-01 1.445084512233734131e-01 3.928338587284088135e-01 2.485251575708389282e-01
2.577500045299530029e-01 4.521666765213012695e-01 5.962499976158142090e-01 1.282500028610229492e-01 2.532500028610229492e-01 1.097500026226043701e-01 2.884442508220672607e-01 4.221343100070953369e-01 6.787190437316894531e-01 1.048372313380241394e-01 2.715205848217010498e-01 2.291192114353179932e-01
1.237500011920928955e-01 7.368333339691162109e-01 6.374999880790710449e-02 7.507500052452087402e-01 7.612500190734863281e-01 3.972499966621398926e-01 1.014720275998115540e-01 8.142644762992858887e-01 3.483891114592552185e-02 8.021667003631591797e-01 8.980603814125061035e-01 4.376600682735443115e-01
5.562499761581420898e-01 3.861666619777679443e-01 6.532499790191650391e-01 4.712499976158142090e-01 6.737499833106994629e-01 8.522499799728393555e-01 5.117146968841552734e-01 3.766111433506011963e-01 5.385406613349914551e-01 4.576193690299987793e-01 6.516083478927612305e-01 5.289138555526733398e-01
2.807500064373016357e-01 5.118333101272583008e-01 4.022499918937683105e-01 6.687499880790710449e-01 3.742499947547912598e-01 7.925000041723251343e-02 2.764664292335510254e-01 6.815289855003356934e-01 7.008085250854492188e-01 5.852125883102416992e-01 3.185593783855438232e-01 1.627753823995590210e-01
4.287500083446502686e-01 4.918333292007446289e-01 2.675000019371509552e-02 8.817499876022338867e-01 6.937500238418579102e-01 6.092500090599060059e-01 4.526206254959106445e-01 6.017574071884155273e-01 1.420464813709259033e-01 7.391371726989746094e-01 6.294680237770080566e-01 6.035858392715454102e-01
9.775000065565109253e-02 6.798333525657653809e-01 4.282500147819519043e-01 3.347499966621398926e-01 5.637500286102294922e-01 9.172499775886535645e-01 8.905749768018722534e-02 6.100950241088867188e-01 4.631024897098541260e-01 2.905842959880828857e-01 6.225407123565673828e-01 6.057780385017395020e-01
7.947499752044677734e-01 7.195000052452087402e-01 5.592499971389770508e-01 6.557499766349792480e-01 4.012500047683715820e-01 8.342499732971191406e-01 8.119000196456909180e-01 5.740023255348205566e-01 4.367699921131134033e-01 6.610969901084899902e-01 4.131923019886016846e-01 5.511078238487243652e-01
3.112500011920928955e-01 5.205000042915344238e-01 2.492499947547912598e-01 9.862499833106994629e-01 3.867500126361846924e-01 9.247499704360961914e-01 2.488753348588943481e-01 3.418541550636291504e-01 2.163926512002944946e-01 9.150215983390808105e-01 4.761151373386383057e-01 6.830130219459533691e-01
8.192499876022338867e-01 3.518333435058593750e-01 1.007499992847442627e-01 4.224999994039535522e-02 3.357500135898590088e-01 3.562499880790710449e-01 8.709102869033813477e-01 3.897603750228881836e-01 6.481950730085372925e-02 9.303864836692810059e-02 3.522868752479553223e-01 5.318685173988342285e-01
6.750000175088644028e-03 2.214999943971633911e-01 5.342500209808349609e-01 7.457500100135803223e-01 7.887499928474426270e-01 9.652500152587890625e-01 1.058220490813255310e-02 3.555377721786499023e-01 7.533155083656311035e-01 7.226793766021728516e-01 6.837188005447387695e-01 8.310952186584472656e-01
1.412499994039535522e-01 2.971666753292083740e-01 1.982499957084655762e-01 3.312500119209289551e-01 6.902499794960021973e-01 8.425000309944152832e-02 2.328234612941741943e-01 5.291160345077514648e-01 4.934081733226776123e-01 1.929739564657211304e-01 5.810151696205139160e-01 4.837103784084320068e-01
1.182499974966049194e-01 4.945000112056732178e-01 4.967499971389770508e-01 1.957499980926513672e-01 7.124999910593032837e-02 8.082500100135803223e-01 6.561661511659622192e-02 3.213523030281066895e-01 4.473023414611816406e-01 1.755741983652114868e-01 8.208251744508743286e-02 7.338371276855468750e-01
5.787500143051147461e-01 7.881666421890258789e-01 6.217499971389770508e-01 9.682499766349792480e-01 1.482499986886978149e-01 5.977500081062316895e-01 6.022298932075500488e-01 6.085646748542785645e-01 4.348542094230651855e-01 9.016942977905273438e-01 1.550308465957641602e-01 5.694654583930969238e-01
9.047499895095825195e-01 7.634999752044677734e-01 6.992499828338623047e-01 7.522500157356262207e-01 3.474999964237213135e-02 1.717499941587448120e-01 9.349532127380371094e-01 6.263535618782043457e-01 7.050519585609436035e-01 7.991318106651306152e-01 3.859492018818855286e-02 4.952276051044464111e-01
8.527500033378601074e-01 4.531666636466979980e-01 4.247500002384185791e-01 2.927500009536743164e-01 7.522500157356262207e-01 6.802499890327453613e-01 8.463862538337707520e-01 5.190633535385131836e-01 4.704101681709289551e-01 2.232515960931777954e-01 7.191169261932373047e-01 4.217302501201629639e-01
5.057500004768371582e-01 8.028333187103271484e-01 3.047499954700469971e-01 2.612499892711639404e-01 7.177500128746032715e-01 4.224999994039535522e-02 5.461073517799377441e-01 6.314533352851867676e-01 3.001793622970581055e-01 2.923309206962585449e-01 7.193923592567443848e-01 4.776644706726074219e-01
2.622500061988830566e-01 5.155000090599060059e-01 5.022500157356262207e-01 3.862499892711639404e-01 9.242500066757202148e-01 2.647500038146972656e-01 2.432407587766647339e-01 5.508666038513183594e-01 6.727111935615539551e-01 5.012332797050476074e-01 9.222398400306701660e-01 4.317992925643920898e-01
1.312499940395355225e-01 4.614999890327453613e-01 3.462499976158142090e-01 1.777500063180923462e-01 3.612500131130218506e-01 6.447499990463256836e-01 1.503487229347229004e-01 3.720659613609313965e-01 3.803701996803283691e-01 1.232001259922981262e-01 3.975755274295806885e-01 7.264150381088256836e-01
7.987499833106994629e-01 6.281666755676269531e-01 2.624999918043613434e-02 3.527500033378601074e-01 9.547500014305114746e-01 2.902500033378601074e-01 7.385192513465881348e-01 5.061356425285339355e-01 2.619771659374237061e-01 3.365270197391510010e-01 9.488022923469543457e-01 5.512008070945739746e-01
2.467499971389770508e-01 5.404999852180480957e-01 7.572500109672546387e-01 7.272499799728393555e-01 9.002500176429748535e-01 4.582499861717224121e-01 2.989601790904998779e-01 4.610700607299804688e-01 6.908391714096069336e-01 6.055098772048950195e-01 8.986107707023620605e-01 4.931567311286926270e-01
9.447500109672546387e-01 5.218333601951599121e-01 4.867500066757202148e-01 9.137499928474426270e-01 7.532500028610229492e-01 9.175000339746475220e-02 9.569736719131469727e-01 5.448270440101623535e-01 6.934544444084167480e-01 7.916571497917175293e-01 7.284733057022094727e-01 4.394105672836303711e-01
9.022499918937683105e-01 2.164999991655349731e-01 8.612499833106994629e-01 5.582500100135803223e-01 6.122499704360961914e-01 6.552500128746032715e-01 8.313674926757812500e-01 3.234368264675140381e-01 8.717992305755615234e-01 6.979348659515380859e-01 5.798128843307495117e-01 3.704517781734466553e-01
2.249999903142452240e-03 8.108333349227905273e-01 5.837500095367431641e-01 6.642500162124633789e-01 3.667500019073486328e-01 2.162500023841857910e-01 2.121859416365623474e-02 7.359005212783813477e-01 5.741751194000244141e-01 7.418151497840881348e-01 4.591542184352874756e-01 3.347454071044921875e-01
6.224999949336051941e-02 6.654999852180480957e-01 9.787499904632568359e-01 5.274999886751174927e-02 9.932500123977661133e-01 3.297500014305114746e-01 7.094526290893554688e-02 5.846394300460815430e-01 7.428987622261047363e-01 2.081528455018997192e-01 9.906659722328186035e-01 6.933837532997131348e-01
6.562500000000000000e-01 5.845000147819519043e-01 1.837500035762786865e-01 4.322499930858612061e-01 2.592499852180480957e-01 2.777499854564666748e-01 6.578997969627380371e-01 5.808511376380920410e-01 3.559429943561553955e-01 3.818839192390441895e-01 2.721918821334838867e-01 5.055775642395019531e-01
3.862499892711639404e-01 7.598333358764648438e-01 9.562500119209289551e-01 3.562499880790710449e-01 5.775000154972076416e-02 8.227499723434448242e-01 4.105541408061981201e-01 5.773836374282836914e-01 6.051865220069885254e-01 3.030350208282470703e-01 6.624756008386611938e-02 4.359370768070220947e-01
6.767500042915344238e-01 4.984999895095825195e-01 2.377499938011169434e-01 2.527500092983245850e-01 8.547499775886535645e-01 1.827500015497207642e-01 7.688373327255249023e-01 6.111804842948913574e-01 3.067501485347747803e-01 1.870587766170501709e-01 7.846562266349792480e-01 4.269240200519561768e-01
4.702500104904174805e-01 2.578333318233489990e-01 5.175000056624412537e-02 4.572499990463256836e-01 8.624999970197677612e-02 3.692499995231628418e-01 5.018578767776489258e-01 4.286151528358459473e-01 1.729107499122619629e-01 5.083063244819641113e-01 5.204547941684722900e-02 6.179663538932800293e-01
2.052499949932098389e-01 7.875000238418579102e-01 4.552499949932098389e-01 5.925000086426734924e-02 9.542499780654907227e-01 8.627499938011169434e-01 1.909963041543960571e-01 7.127000689506530762e-01 3.529549837112426758e-01 1.698087900876998901e-01 9.886198043823242188e-01 6.707921028137207031e-01
5.237500071525573730e-01 5.421666502952575684e-01 4.572499990463256836e-01 7.225000113248825073e-02 6.075000017881393433e-02 4.832499921321868896e-01 4.973848760128021240e-01 5.291699171066284180e-01 4.513447284698486328e-01 9.345276653766632080e-02 4.782225936651229858e-02 4.567796289920806885e-01
9.375000000000000000e-02 5.335000157356262207e-01 1.672500073909759521e-01 3.592500090599060059e-01 1.112499982118606567e-01 5.722500085830688477e-01 8.035816997289657593e-02 4.158649444580078125e-01 9.327275305986404419e-02 5.015440583229064941e-01 1.685199141502380371e-01 8.230075240135192871e-01
4.097500145435333252e-01 5.591666698455810547e-01 9.687500000000000000e-01 6.697499752044677734e-01 6.892499923706054688e-01 6.067500114440917969e-01 4.471770226955413818e-01 3.837507963180541992e-01 5.744460225105285645e-01 7.971943020820617676e-01 7.092010974884033203e-01 5.712647438049316406e-01
2.512499988079071045e-01 5.551666617393493652e-01 2.782500088214874268e-01 6.302499771118164062e-01 2.342499941587448120e-01 2.025000005960464478e-02 2.887005209922790527e-01 6.828715801239013672e-01 5.980290770530700684e-01 5.028629302978515625e-01 2.225073277950286865e-01 2.483653724193572998e-01
7.282500267028808594e-01 3.461666703224182129e-01 7.247499823570251465e-01 6.277499794960021973e-01 3.857499957084655762e-01 2.572500109672546387e-01 7.701614499092102051e-01 4.186363816261291504e-01 7.851576805114746094e-01 5.722737312316894531e-01 3.903890550136566162e-01 3.883422017097473145e-01
3.277499973773956299e-01 7.845000028610229492e-01 3.562499880790710449e-01 7.802500128746032715e-01 2.642500102519989014e-01 4.797500073909759521e-01 3.315565288066864014e-01 7.355251312255859375e-01 3.580734431743621826e-01 8.254886269569396973e-01 2.796604633331298828e-01 3.689012229442596436e-01
4.607500135898590088e-01 2.031666636466979980e-01 5.312500000000000000e-01 5.042499899864196777e-01 5.112500190734863281e-01 8.750000037252902985e-03 5.107272863388061523e-01 3.504103422164916992e-01 7.222571372985839844e-01 3.251892626285552979e-01 4.838129281997680664e-01 3.283469676971435547e-01
2.732500135898590088e-01 6.215000152587890625e-01 2.217500060796737671e-01 8.912500143051147461e-01 7.947499752044677734e-01 2.242500036954879761e-01 2.913028597831726074e-01 7.084446549415588379e-01 4.053600430488586426e-01 9.256631731986999512e-01 7.626504898071289062e-01 3.881987333297729492e-01
8.827499747276306152e-01 3.191666603088378906e-01 5.775000154972076416e-02 8.174999803304672241e-02 2.362499982118606567e-01 2.107499986886978149e-01 8.223233222961425781e-01 4.340606331825256348e-01 1.923696845769882202e-01 2.173219025135040283e-01 2.112329155206680298e-01 5.186832547187805176e-01
3.557499945163726807e-01 4.548333287239074707e-01 2.712500095367431641e-01 3.907499909400939941e-01 8.172500133514404297e-01 9.425000101327896118e-02 4.037602245807647705e-01 5.230185985565185547e-01 4.583192467689514160e-01 2.760045230388641357e-01 7.829087972640991211e-01 4.771148860454559326e-01
2.567499876022338867e-01 6.265000104904174805e-01 6.792500019073486328e-01 7.072499990463256836e-01 5.997499823570251465e-01 4.932500123977661133e-01 2.846970856189727783e-01 5.231395959854125977e-01 6.567164063453674316e-01 6.140676140785217285e-01 6.484135389328002930e-01 4.814862906932830811e-01
7.602499723434448242e-01 8.261666893959045410e-01 3.887499868869781494e-01 2.824999950826168060e-02 8.132500052452087402e-01 6.932500004768371582e-01 7.171958088874816895e-01 7.000740170478820801e-01 1.487074345350265503e-01 2.114741206169128418e-01 7.862910032272338867e-01 4.846833646297454834e-01
8.237500190734863281e-01 4.404999911785125732e-01 8.577499985694885254e-01 7.474999874830245972e-02 5.802500247955322266e-01 8.117499947547912598e-01 7.718327045440673828e-01 4.078712165355682373e-01 5.712454915046691895e-01 2.377274334430694580e-01 5.733304619789123535e-01 4.273532629013061523e-01
7.897499799728393555e-01 7.731666564941406250e-01 4.692499935626983643e-01 7.182499766349792480e-01 8.772500157356262207e-01 5.402500033378601074e-01 6.584692597389221191e-01 5.840039849281311035e-01 4.133243560791015625e-01 8.753387928009033203e-01 8.938803076744079590e-01 5.599054694175720215e-01
1.797499954700469971e-01 1.811666637659072876e-01 4.637500047683715820e-01 5.062500238418579102e-01 5.507500171661376953e-01 7.052500247955322266e-01 1.640686094760894775e-01 3.492660522460937500e-01 7.035993337631225586e-01 4.320424199104309082e-01 5.216186046600341797e-01 6.131997108459472656e-01
3.737500011920928955e-01 5.354999899864196777e-01 9.574999660253524780e-02 6.307500004768371582e-01 7.547500133514404297e-01 7.102500200271606445e-01 3.004302084445953369e-01 5.202778577804565430e-01 1.178826689720153809e-01 7.831491231918334961e-01 7.579620480537414551e-01 6.932991743087768555e-01
9.007499814033508301e-01 5.748333334922790527e-01 8.717499971389770508e-01 2.122499942779541016e-01 6.575000286102294922e-02 8.622499704360961914e-01 9.097367525100708008e-01 5.428627133369445801e-01 6.100247502326965332e-01 3.690320551395416260e-01 5.330447480082511902e-02 4.969534575939178467e-01
9.224999696016311646e-02 4.855000078678131104e-01 8.932499885559082031e-01 6.157500147819519043e-01 5.692499876022338867e-01 5.322499871253967285e-01 7.430129498243331909e-02 4.606015384197235107e-01 7.724847197532653809e-01 6.525965332984924316e-01 5.580624341964721680e-01 4.614746570587158203e-01
8.692499995231628418e-01 3.874999880790710449e-01 1.387500017881393433e-01 9.647499918937683105e-01 6.352499723434448242e-01 3.907499909400939941e-01 8.022550940513610840e-01 5.702034235000610352e-01 3.549567759037017822e-01 8.872648477554321289e-01 5.899593830108642578e-01 5.611182451248168945e-01
8.482499718666076660e-01 4.081666767597198486e-01 4.017499983310699463e-01 1.902499943971633911e-01 5.942500233650207520e-01 7.217500209808349609e-01 7.417890429496765137e-01 5.269520878791809082e-01 4.476023018360137939e-01 2.573936581611633301e-01 5.739182829856872559e-01 4.359442293643951416e-01
1.452499926090240479e-01 2.664999961853027344e-01 8.852499723434448242e-01 9.242500066757202148e-01 4.837499856948852539e-01 8.582500219345092773e-01 1.322972178459167480e-01 2.590219080448150635e-01 7.867602705955505371e-01 8.365606665611267090e-01 4.768708944320678711e-01 7.248969078063964844e-01
1.502500027418136597e-01 6.945000290870666504e-01 7.067499756813049316e-01 2.177499979734420776e-01 9.425000101327896118e-02 7.327499985694885254e-01 1.241083741188049316e-01 5.908030271530151367e-01 5.562493801116943359e-01 3.000342845916748047e-01 1.274753808975219727e-01 4.705959558486938477e-01
5.432500243186950684e-01 4.318333268165588379e-01 2.807500064373016357e-01 1.127500012516975403e-01 6.707500219345092773e-01 2.037499994039535522e-01 5.407588481903076172e-01 4.553705155849456787e-01 4.435496628284454346e-01 1.494696587324142456e-01 6.599096655845642090e-01 4.391198158264160156e-01
1.927500069141387939e-01 5.621666908264160156e-01 7.267500162124633789e-01 2.092500030994415283e-01 5.602499842643737793e-01 9.112499952316284180e-01 2.012867629528045654e-01 4.151031970977783203e-01 4.806962311267852783e-01 1.591514497995376587e-01 5.906350612640380859e-01 6.248602867126464844e-01
6.642500162124633789e-01 5.674999952316284180e-01 7.007499933242797852e-01 8.927500247955322266e-01 6.727499961853027344e-01 2.322500050067901611e-01 6.936547756195068359e-01 5.579869747161865234e-01 6.348505616188049316e-01 8.703626990318298340e-01 6.549730300903320312e-01 4.995504021644592285e-01
7.625000178813934326e-02 2.504999935626983643e-01 3.582499921321868896e-01 7.662500143051147461e-01 4.947499930858612061e-01 9.507499933242797852e-01 3.664190694689750671e-02 3.086742162704467773e-01 4.821971356868743896e-01 6.334407925605773926e-01 4.896515309810638428e-01 8.497137427330017090e-01
4.897499978542327881e-01 4.411666691303253174e-01 3.387500047683715820e-01 2.047500014305114746e-01 2.967500090599060059e-01 3.522500097751617432e-01 5.010151863098144531e-01 4.960301518440246582e-01 3.831652700901031494e-01 1.559555828571319580e-01 2.771211862564086914e-01 4.461484551429748535e-01
9.662500023841857910e-01 2.314999997615814209e-01 1.092500016093254089e-01 8.524999767541885376e-02 3.177500069141387939e-01 6.677500009536743164e-01 8.153877258300781250e-01 4.488605856895446777e-01 2.588488459587097168e-01 2.173127532005310059e-01 2.949775457382202148e-01 4.980078637599945068e-01
9.552500247955322266e-01 4.008333384990692139e-01 1.312499940395355225e-01 6.224999949336051941e-02 2.252500057220458984e-01 5.632500052452087402e-01 9.159889221191406250e-01 6.201132535934448242e-01 1.686913222074508667e-01 1.013289019465446472e-01 2.064726948738098145e-01 3.248500823974609375e-01
2.425000071525573730e-02 2.515000104904174805e-01 9.927499890327453613e-01 6.622499823570251465e-01 9.875000268220901489e-02 3.292500078678131104e-01 8.124807476997375488e-02 2.518476843833923340e-01 8.439025878906250000e-01 4.508200585842132568e-01 4.110257327556610107e-02 5.278888940811157227e-01
5.262500047683715820e-01 5.015000104904174805e-01 6.562500000000000000e-01 6.352499723434448242e-01 8.162500262260437012e-01 5.217499732971191406e-01 4.639723002910614014e-01 5.722853541374206543e-01 6.945463418960571289e-01 7.318118810653686523e-01 7.885453104972839355e-01 3.925252258777618408e-01
2.127500027418136597e-01 5.241666436195373535e-01 2.587499916553497314e-01 5.942500233650207520e-01 6.532499790191650391e-01 2.442499995231628418e-01 2.637656331062316895e-01 6.190567016601562500e-01 4.912992119789123535e-01 5.478999614715576172e-01 6.163288354873657227e-01 4.329500794410705566e-01
2.022500038146972656e-01 6.651666760444641113e-01 1.002499982714653015e-01 7.500000065192580223e-04 5.077499747276306152e-01 9.707499742507934570e-01 1.440357565879821777e-01 6.540228128433227539e-01 1.035348623991012573e-01 7.716607302427291870e-02 5.176626443862915039e-01 8.263605833053588867e-01
7.267500162124633789e-01 2.821666598320007324e-01 6.902499794960021973e-01 5.822499990463256836e-01 1.282500028610229492e-01 8.527500033378601074e-01 6.856250762939453125e-01 3.430445492267608643e-01 6.307074427604675293e-01 6.581209301948547363e-01 1.128388270735740662e-01 5.925695896148681641e-01
3.542500138282775879e-01 1.735000014305114746e-01 5.082499980926513672e-01 9.997500181198120117e-01 7.067499756813049316e-01 5.902500152587890625e-01 3.878214657306671143e-01 4.098419845104217529e-01 7.192251086235046387e-01 9.200590252876281738e-01 6.508541107177734375e-01 5.583277940750122070e-01
5.077499747276306152e-01 6.328333616256713867e-01 3.024999983608722687e-02 4.827499985694885254e-01 5.552499890327453613e-01 7.617499828338623047e-01 4.049488306045532227e-01 7.999832630157470703e-01 1.374467276036739349e-02 7.045826911926269531e-01 4.903860688209533691e-01 6.525207161903381348e-01
9.747499823570251465e-01 4.361666738986968994e-01 2.997500002384185791e-01 2.022500038146972656e-01 6.912500262260437012e-01 3.897500038146972656e-01 8.924872279167175293e-01 5.509189963340759277e-01 4.735354185104370117e-01 2.534706592559814453e-01 6.712176203727722168e-01 3.967873454093933105e-01
8.567500114440917969e-01 6.978333592414855957e-01 5.562499761581420898e-01 3.017500042915344238e-01 1.562500000000000000e-01 1.132500022649765015e-01 8.829134106636047363e-01 5.154214501380920410e-01 5.094615221023559570e-01 2.723519504070281982e-01 1.601564586162567139e-01 4.064730107784271240e-01
3.477500081062316895e-01 6.518333554267883301e-01 3.987500071525573730e-01 1.737499982118606567e-01 4.597499966621398926e-01 3.107500076293945312e-01 3.360410034656524658e-01 6.449812054634094238e-01 3.414750099182128906e-01 2.594398856163024902e-01 4.449463486671447754e-01 4.464848935604095459e-01
7.567499876022338867e-01 6.125000119209289551e-01 3.307499885559082031e-01 4.250000230967998505e-03 6.467499732971191406e-01 1.002499982714653015e-01 7.464624643325805664e-01 5.310183763504028320e-01 2.947012186050415039e-01 1.403914093971252441e-01 6.219364404678344727e-01 4.560785889625549316e-01
7.642499804496765137e-01 7.544999718666076660e-01 7.727500200271606445e-01 1.072499975562095642e-01 1.617500036954879761e-01 3.802500069141387939e-01 7.445948719978332520e-01 5.740206241607666016e-01 5.286739468574523926e-01 2.198587357997894287e-01 1.517355442047119141e-01 3.605588972568511963e-01
3.677499890327453613e-01 7.095000147819519043e-01 5.487499833106994629e-01 8.607500195503234863e-01 5.312500000000000000e-01 1.567499935626983643e-01 3.500240445137023926e-01 6.994057297706604004e-01 5.230594277381896973e-01 8.794187903404235840e-01 4.849489331245422363e-01 3.716938495635986328e-01
1.775000058114528656e-02 2.228333353996276855e-01 6.617500185966491699e-01 5.175000056624412537e-02 1.687500029802322388e-01 7.302500009536743164e-01 9.096591733396053314e-03 2.366821020841598511e-01 7.987979054450988770e-01 1.837166696786880493e-01 5.527557060122489929e-02 7.544943094253540039e-01
2.242500036954879761e-01 6.538333296775817871e-01 3.797500133514404297e-01 2.172500044107437134e-01 3.674999997019767761e-02 5.907499790191650391e-01 2.306796461343765259e-01 5.505433678627014160e-01 4.264521896839141846e-01 2.046846300363540649e-01 5.307367071509361267e-02 5.364412665367126465e-01
5.707499980926513672e-01 2.768333256244659424e-01 2.472500056028366089e-01 4.202499985694885254e-01 6.162499785423278809e-01 5.925000086426734924e-02 5.975959300994873047e-01 4.779643118381500244e-01 5.038905739784240723e-01 3.353246152400970459e-01 5.626978278160095215e-01 4.487030804157257080e-01
4.275000095367431641e-02 6.234999895095825195e-01 1.077499985694885254e-01 3.097499907016754150e-01 1.212500035762786865e-01 3.742499947547912598e-01 4.547103494405746460e-02 7.158169150352478027e-01 1.128132119774818420e-01 5.168570876121520996e-01 1.379513293504714966e-01 5.184173583984375000e-01
2.322500050067901611e-01 3.678333461284637451e-01 9.122499823570251465e-01 2.307499945163726807e-01 7.152500152587890625e-01 6.197500228881835938e-01 2.276121675968170166e-01 3.209495842456817627e-01 7.649163603782653809e-01 3.074156641960144043e-01 7.634792923927307129e-01 4.887522757053375244e-01
1.224999967962503433e-02 2.841666638851165771e-01 3.437500000000000000e-01 3.812499940395355225e-01 6.197500228881835938e-01 8.892499804496765137e-01 3.544278815388679504e-02 4.672596454620361328e-01 4.027802646160125732e-01 2.719503045082092285e-01 4.779370725154876709e-01 8.148673772811889648e-01
5.592499971389770508e-01 6.044999957084655762e-01 2.897500097751617432e-01 3.042500019073486328e-01 2.622500061988830566e-01 3.942500054836273193e-01 6.631752252578735352e-01 3.904533684253692627e-01 2.076374888420104980e-01 1.399874836206436157e-01 2.940354645252227783e-01 5.617969632148742676e-01
1.687500029802322388e-01 6.371666789054870605e-01 9.317499995231628418e-01 7.975000143051147461e-02 8.197500109672546387e-01 5.082499980926513672e-01 1.661141514778137207e-01 4.508661329746246338e-01 6.347768306732177734e-01 1.407710760831832886e-01 8.305082321166992188e-01 6.155663728713989258e-01
1.037499979138374329e-01 7.421666383743286133e-01 4.077500104904174805e-01 5.967500209808349609e-01 3.442499935626983643e-01 6.022499799728393555e-01 9.917112439870834351e-02 5.969175696372985840e-01 2.994067966938018799e-01 5.359866023063659668e-01 4.043433666229248047e-01 5.667486190795898438e-01
3.942500054836273193e-01 4.301666617393493652e-01 9.092500209808349609e-01 6.527500152587890625e-01 9.592499732971191406e-01 5.947499871253967285e-01 4.295226335525512695e-01 4.128284454345703125e-01 7.595843076705932617e-01 5.767126679420471191e-01 9.441062808036804199e-01 4.030558168888092041e-01
1.932500004768371582e-01 2.705000042915344238e-01 9.974999725818634033e-02 8.302500247955322266e-01 7.582499980926513672e-01 7.007499933242797852e-01 1.758025437593460083e-01 4.079203903675079346e-01 3.263782560825347900e-01 6.986068487167358398e-01 6.457277536392211914e-01 7.071486711502075195e-01
4.797500073909759521e-01 4.174999892711639404e-01 1.122500002384185791e-01 5.427500009536743164e-01 2.037499994039535522e-01 1.975000090897083282e-02 5.718505978584289551e-01 5.626408457756042480e-01 4.101675152778625488e-01 2.643829286098480225e-01 1.743546873331069946e-01 4.822443723678588867e-01
5.124999955296516418e-02 5.634999871253967285e-01 5.147500038146972656e-01 8.092499971389770508e-01 5.812500119209289551e-01 2.417500019073486328e-01 7.260438054800033569e-02 6.768004298210144043e-01 7.140702605247497559e-01 8.243337869644165039e-01 5.437508821487426758e-01 3.167624473571777344e-01
9.597499966621398926e-01 6.361666917800903320e-01 8.997499942779541016e-01 5.357499718666076660e-01 7.342500090599060059e-01 8.352500200271606445e-01 9.647447466850280762e-01 6.198420524597167969e-01 6.347238421440124512e-01 7.273670434951782227e-01 7.263691425323486328e-01 4.308275580406188965e-01
1.682499945163726807e-01 2.694999873638153076e-01 4.367499947547912598e-01 6.525000184774398804e-02 9.517499804496765137e-01 9.102500081062316895e-01 1.073399111628532410e-01 3.203406035900115967e-01 6.122424602508544922e-01 9.481360763311386108e-02 9.466119408607482910e-01 8.186708092689514160e-01
5.627499818801879883e-01 5.051666498184204102e-01 5.977500081062316895e-01 3.012500107288360596e-01 8.322499990463256836e-01 9.347500205039978027e-01 5.819179415702819824e-01 5.222861170768737793e-01 5.479499697685241699e-01 1.954707354307174683e-01 7.920138835906982422e-01 3.821568191051483154e-01
2.797499895095825195e-01 3.865000009536743164e-01 2.817499935626983643e-01 9.787499904632568359e-01 9.692500233650207520e-01 6.142500042915344238e-01 2.835818827152252197e-01 4.992481470108032227e-01 4.834544062614440918e-01 9.069162607192993164e-01 9.576265811920166016e-01 6.901834607124328613e-01
6.432499885559082031e-01 2.624999880790710449e-01 9.482499957084655762e-01 1.177499964833259583e-01 9.762499928474426270e-01 5.877500176429748535e-01 6.885520219802856445e-01 3.766793012619018555e-01 6.401996016502380371e-01 3.718521296977996826e-01 9.299162626266479492e-01 4.669481515884399414e-01
9.617499709129333496e-01 7.431666851043701172e-01 2.425000071525573730e-02 2.342499941587448120e-01 7.397500276565551758e-01 4.250000230967998505e-03 8.930027484893798828e-01 6.690435409545898438e-01 1.252894401550292969e-01 2.580453455448150635e-01 7.425908446311950684e-01 4.822052717208862305e-01
8.817499876022338867e-01 3.815000057220458984e-01 6.762499809265136719e-01 3.952499926090240479e-01 4.937500059604644775e-01 8.492500185966491699e-01 7.911335825920104980e-01 3.283680975437164307e-01 6.693084836006164551e-01 4.364528059959411621e-01 5.035657286643981934e-01 5.112892389297485352e-01
1.017500013113021851e-01 8.181666731834411621e-01 4.687500000000000000e-01 5.482500195503234863e-01 1.012500002980232239e-01 6.250000093132257462e-03 9.863916039466857910e-02 7.819138765335083008e-01 4.298925101757049561e-01 5.314020514488220215e-01 1.172945275902748108e-01 1.615412980318069458e-01
6.007500290870666504e-01 3.495000004768371582e-01 1.025000028312206268e-02 9.032499790191650391e-01 3.749999916180968285e-03 8.775000274181365967e-02 7.752825617790222168e-01 4.756329357624053955e-01 1.837209165096282959e-01 5.870746970176696777e-01 2.339301072061061859e-02 5.854042172431945801e-01
4.932500123977661133e-01 3.671666681766510010e-01 6.807500123977661133e-01 8.202499747276306152e-01 8.842499852180480957e-01 2.642500102519989014e-01 4.823200106620788574e-01 3.825457096099853516e-01 7.690724134445190430e-01 7.987516522407531738e-01 8.806310892105102539e-01 4.669987559318542480e-01
9.492499828338623047e-01 6.595000028610229492e-01 1.172500029206275940e-01 5.874999985098838806e-02 9.147499799728393555e-01 8.062499761581420898e-01 7.593026757240295410e-01 6.656790971755981445e-01 1.584577411413192749e-01 2.621426582336425781e-01 8.990496397018432617e-01 4.983882009983062744e-01
5.375000089406967163e-02 8.001666665077209473e-01 1.227499991655349731e-01 1.702499985694885254e-01 5.272499918937683105e-01 1.822499930858612061e-01 4.720687493681907654e-02 8.049720525741577148e-01 3.058334439992904663e-02 5.966931581497192383e-01 5.385894775390625000e-01 5.124337077140808105e-01
6.975000351667404175e-02 5.615000128746032715e-01 2.967500090599060059e-01 2.367500066757202148e-01 8.442500233650207520e-01 9.987499713897705078e-01 1.649559941142797470e-03 7.665051221847534180e-01 8.961181342601776123e-02 1.652748882770538330e-01 8.292032480239868164e-01 9.632592797279357910e-01
8.997499942779541016e-01 3.171666562557220459e-01 7.972499728202819824e-01 1.452499926090240479e-01 7.557500004768371582e-01 7.992500066757202148e-01 9.025682210922241211e-01 4.519529342651367188e-01 6.060549616813659668e-01 2.120233774185180664e-01 7.318010926246643066e-01 3.806524276733398438e-01
4.107500016689300537e-01 7.344999909400939941e-01 3.725000098347663879e-02 5.962499976158142090e-01 4.852499961853027344e-01 4.702500104904174805e-01 4.260666370391845703e-01 7.044587135314941406e-01 6.672912836074829102e-02 6.420884132385253906e-01 4.564363360404968262e-01 6.381856799125671387e-01
8.112499713897705078e-01 8.208333253860473633e-01 9.667500257492065430e-01 5.537499785423278809e-01 1.972499936819076538e-01 7.592499852180480957e-01 8.873612880706787109e-01 5.549759864807128906e-01 5.968080759048461914e-01 6.142240762710571289e-01 2.073948234319686890e-01 5.101493597030639648e-01
8.842499852180480957e-01 7.045000195503234863e-01 8.142499923706054688e-01 3.224999830126762390e-02 5.877500176429748535e-01 4.677500128746032715e-01 9.066475033760070801e-01 5.653182864189147949e-01 3.678356409072875977e-01 2.469894737005233765e-01 5.836372971534729004e-01 4.130492508411407471e-01
8.832499980926513672e-01 7.811666727066040039e-01 3.737500011920928955e-01 7.082499861717224121e-01 6.507499814033508301e-01 9.932500123977661133e-01 8.696743845939636230e-01 6.295964121818542480e-01 3.212028145790100098e-01 5.394809246063232422e-01 6.580284833908081055e-01 5.083300471305847168e-01
2.624999918043613434e-02 8.188333511352539062e-01 2.157499939203262329e-01 1.927500069141387939e-01 2.912499904632568359e-01 8.572499752044677734e-01 1.820212602615356445e-02 7.447137832641601562e-01 4.403200745582580566e-02 6.735221296548843384e-02 3.203144669532775879e-01 9.275870919227600098e-01
1.367499977350234985e-01 4.555000066757202148e-01 8.877500295639038086e-01 5.542500019073486328e-01 9.877499938011169434e-01 1.652500033378601074e-01 1.370751261711120605e-01 3.918682038784027100e-01 8.513445854187011719e-01 6.929712295532226562e-01 9.759234786033630371e-01 3.450076878070831299e-01
7.517499923706054688e-01 7.031666636466979980e-01 4.112499952316284180e-01 6.602500081062316895e-01 1.117499992251396179e-01 2.282499969005584717e-01 8.409368395805358887e-01 5.992715358734130859e-01 4.611099362373352051e-01 6.268900036811828613e-01 9.943968057632446289e-02 5.311819911003112793e-01
5.242499709129333496e-01 2.788333296775817871e-01 6.982499957084655762e-01 4.675000160932540894e-02 2.517499923706054688e-01 3.207499980926513672e-01 6.169983148574829102e-01 3.040836751461029053e-01 6.190260648727416992e-01 5.623216927051544189e-02 2.406831234693527222e-01 3.002569377422332764e-01
4.827499985694885254e-01 3.375000059604644775e-01 7.252500057220458984e-01 4.317499995231628418e-01 7.187500000000000000e-01 4.252499938011169434e-01 4.115506112575531006e-01 4.623945355415344238e-01 7.265681028366088867e-01 5.941604375839233398e-01 7.163476943969726562e-01 3.302123844623565674e-01
1.162500008940696716e-01 2.265000045299530029e-01 5.997499823570251465e-01 5.702499747276306152e-01 4.582499861717224121e-01 4.477500021457672119e-01 1.325199753046035767e-01 3.304521143436431885e-01 7.165140509605407715e-01 5.070048570632934570e-01 4.220333397388458252e-01 6.404136419296264648e-01
4.222500026226043701e-01 3.244999945163726807e-01 6.075000017881393433e-02 5.477499961853027344e-01 8.737499713897705078e-01 9.267500042915344238e-01 3.485998213291168213e-01 5.930706858634948730e-01 2.338061183691024780e-01 5.576825141906738281e-01 8.221548795700073242e-01 5.818496346473693848e-01
9.697499871253967285e-01 7.738333344459533691e-01 6.475000083446502686e-02 7.412499785423278809e-01 2.867499887943267822e-01 3.542500138282775879e-01 9.502367973327636719e-01 7.531437873840332031e-01 1.679409742355346680e-01 8.079837560653686523e-01 3.114623427391052246e-01 5.147100090980529785e-01
9.342499971389770508e-01 1.801666617393493652e-01 8.762500286102294922e-01 8.807500004768371582e-01 2.357500046491622925e-01 2.797499895095825195e-01 8.975071310997009277e-01 2.379201650619506836e-01 9.195852875709533691e-01 9.094538092613220215e-01 2.433902025222778320e-01 5.180212259292602539e-01
1.307500004768371582e-01 8.071666955947875977e-01 7.237499952316284180e-01 7.372499704360961914e-01 7.877500057220458984e-01 8.597499728202819824e-01 7.874199748039245605e-02 6.444092988967895508e-01 3.758769333362579346e-01 7.730772495269775391e-01 9.626742601394653320e-01 5.659904479980468750e-01
1.867499947547912598e-01 4.348333477973937988e-01 8.267499804496765137e-01 2.675000019371509552e-02 4.552499949932098389e-01 6.227499842643737793e-01 2.060670256614685059e-01 3.315328657627105713e-01 5.730801224708557129e-01 1.902234256267547607e-01 4.832435250282287598e-01 6.167981028556823730e-01
5.172500014305114746e-01 3.561666607856750488e-01 2.382500022649765015e-01 2.702499926090240479e-01 8.937500119209289551e-01 5.527499914169311523e-01 4.791756570339202881e-01 6.312305331230163574e-01 3.366024494171142578e-01 3.827144503593444824e-01 8.560948371887207031e-01 4.506587982177734375e-01
9.182500243186950684e-01 4.941666722297668457e-01 7.342500090599060059e-01 5.867499709129333496e-01 7.817500233650207520e-01 3.125000000000000000e-02 9.019913673400878906e-01 5.172159671783447266e-01 7.679653167724609375e-01 6.910644769668579102e-01 7.581944465637207031e-01 4.322323501110076904e-01
2.157499939203262329e-01 7.301666736602783203e-01 7.987499833106994629e-01 8.272500038146972656e-01 1.667499989271163940e-01 8.612499833106994629e-01 2.017813920974731445e-01 6.070981621742248535e-01 6.487666964530944824e-01 8.595455288887023926e-01 2.224727272987365723e-01 4.930063188076019287e-01
5.742499828338623047e-01 7.325000166893005371e-01 6.472499966621398926e-01 3.417499959468841553e-01 5.237500071525573730e-01 1.072499975562095642e-01 5.478280782699584961e-01 6.509641408920288086e-01 6.176074147224426270e-01 4.455865919589996338e-01 4.939619600772857666e-01 2.651248872280120850e-01
3.232499957084655762e-01 5.721666812896728516e-01 7.772499918937683105e-01 4.377500116825103760e-01 1.582500040531158447e-01 1.562500000000000000e-01 3.961922526359558105e-01 4.737599194049835205e-01 6.317422389984130859e-01 4.300247430801391602e-01 1.756152212619781494e-01 4.448517262935638428e-01
4.152500033378601074e-01 2.141666710376739502e-01 4.667499959468841553e-01 3.325000032782554626e-02 9.372500181198120117e-01 5.807499885559082031e-01 4.673011004924774170e-01 3.556855022907257080e-01 3.199647963047027588e-01 2.943621575832366943e-01 9.289472103118896484e-01 6.803609132766723633e-01
7.522500157356262207e-01 4.995000064373016357e-01 6.202499866485595703e-01 7.827500104904174805e-01 7.337499856948852539e-01 9.832500219345092773e-01 7.623028159141540527e-01 4.170987308025360107e-01 4.375750720500946045e-01 7.035806775093078613e-01 7.261156439781188965e-01 5.338420867919921875e-01
1.075000036507844925e-02 6.581666469573974609e-01 7.397500276565551758e-01 4.897499978542327881e-01 5.807499885559082031e-01 1.067499965429306030e-01 2.659780532121658325e-02 6.677033305168151855e-01 7.632232308387756348e-01 6.153849363327026367e-01 5.077874064445495605e-01 3.061933219432830811e-01
1.924999989569187164e-02 3.268333375453948975e-01 5.737500190734863281e-01 8.172500133514404297e-01 8.232499957084655762e-01 3.697499930858612061e-01 2.040411159396171570e-02 4.853147864341735840e-01 8.012779951095581055e-01 9.099881052970886230e-01 7.522227168083190918e-01 4.801975786685943604e-01
3.197500109672546387e-01 1.981666684150695801e-01 5.657500028610229492e-01 4.097500145435333252e-01 3.282499909400939941e-01 5.017499923706054688e-01 3.132487535476684570e-01 2.523984014987945557e-01 7.365080714225769043e-01 3.569929599761962891e-01 3.389886021614074707e-01 5.139840245246887207e-01
3.412500023841857910e-01 8.268333077430725098e-01 6.417499780654907227e-01 6.652500033378601074e-01 6.312500238418579102e-01 9.857500195503234863e-01 3.320192992687225342e-01 5.605075955390930176e-01 3.675909340381622314e-01 7.110477685928344727e-01 6.663359999656677246e-01 5.298420190811157227e-01
1.857499927282333374e-01 2.951666712760925293e-01 6.642500162124633789e-01 8.977500200271606445e-01 4.057500064373016357e-01 4.507499933242797852e-01 2.059577256441116333e-01 3.550945818424224854e-01 7.586671113967895508e-01 8.385711312294006348e-01 4.076824188232421875e-01 5.796608328819274902e-01
1.575000025331974030e-02 3.408333361148834229e-01 1.267500072717666626e-01 3.542500138282775879e-01 1.732500046491622925e-01 4.817500114440917969e-01 3.527642786502838135e-02 4.802447557449340820e-01 2.002115249633789062e-01 4.210091829299926758e-01 7.804001867771148682e-02 7.090256214141845703e-01
8.425000309944152832e-02 3.655000030994415283e-01 1.875000074505805969e-02 4.672499895095825195e-01 2.232500016689300537e-01 3.777500092983245850e-01 1.184842512011528015e-01 5.257876515388488770e-01 9.154129028320312500e-02 6.560179591178894043e-01 1.724515706300735474e-01 6.873123645782470703e-01
5.917500257492065430e-01 1.758333295583724976e-01 6.002500057220458984e-01 5.777500271797180176e-01 7.247499823570251465e-01 8.412500023841857910e-01 5.409114360809326172e-01 3.099576532840728760e-01 5.674853920936584473e-01 6.384743452072143555e-01 6.821599602699279785e-01 5.674908161163330078e-01
9.477499723434448242e-01 2.308333367109298706e-01 1.042499989271163940e-01 3.242500126361846924e-01 1.475000008940696716e-02 7.307500243186950684e-01 8.774476051330566406e-01 4.175205826759338379e-01 2.367307245731353760e-01 1.949813961982727051e-01 2.821118757128715515e-02 5.066422820091247559e-01
6.322500109672546387e-01 2.701666653156280518e-01 3.392499983310699463e-01 9.592499732971191406e-01 2.924999967217445374e-02 1.957499980926513672e-01 6.589011549949645996e-01 2.569794356822967529e-01 5.274791717529296875e-01 7.996883988380432129e-01 4.573936760425567627e-02 6.510887742042541504e-01
7.462499737739562988e-01 4.435000121593475342e-01 5.262500047683715820e-01 9.722499847412109375e-01 5.317500233650207520e-01 2.937499880790710449e-01 6.637849807739257812e-01 5.132536292076110840e-01 6.785582304000854492e-01 8.798938393592834473e-01 5.279080271720886230e-01 4.966998100280761719e-01
1.842499971389770508e-01 4.391666650772094727e-01 8.392500281333923340e-01 9.077500104904174805e-01 8.607500195503234863e-01 3.817499876022338867e-01 2.416621148586273193e-01 4.259217977523803711e-01 8.000884056091308594e-01 9.280229210853576660e-01 8.771883845329284668e-01 5.065491795539855957e-01
3.125000000000000000e-02 5.835000276565551758e-01 1.975000090897083282e-02 2.512499988079071045e-01 9.212499856948852539e-01 1.852499991655349731e-01 1.374059449881315231e-02 8.110709190368652344e-01 1.466174423694610596e-01 6.668536067008972168e-01 9.287592172622680664e-01 7.111162543296813965e-01
3.657500147819519043e-01 5.261666774749755859e-01 8.902500271797180176e-01 4.082500040531158447e-01 2.187500000000000000e-01 7.074999809265136719e-02 4.137291312217712402e-01 3.781910836696624756e-01 7.508772611618041992e-01 3.144703209400177002e-01 2.572744190692901611e-01 2.859423756599426270e-01
8.902500271797180176e-01 6.924999952316284180e-01 8.592500090599060059e-01 8.282499909400939941e-01 5.377500057220458984e-01 6.762499809265136719e-01 9.360303878784179688e-01 5.695330500602722168e-01 7.090548276901245117e-01 8.598056435585021973e-01 5.386455059051513672e-01 4.826372563838958740e-01
8.872500061988830566e-01 2.374999970197677612e-01 8.677499890327453613e-01 6.627500057220458984e-01 5.437499880790710449e-01 2.832500040531158447e-01 9.377951025962829590e-01 3.472637832164764404e-01 8.548612594604492188e-01 6.548969745635986328e-01 5.268937349319458008e-01 4.050088524818420410e-01
2.462500035762786865e-01 6.855000257492065430e-01 1.637499928474426270e-01 3.232499957084655762e-01 7.977499961853027344e-01 2.225000038743019104e-02 3.479132652282714844e-01 6.629569530487060547e-01 2.634843587875366211e-01 1.718336492776870728e-01 7.484348416328430176e-01 4.605727195739746094e-01
5.072500109672546387e-01 3.944999873638153076e-01 5.302500128746032715e-01 1.322499960660934448e-01 4.517500102519989014e-01 3.597500026226043701e-01 5.874664783477783203e-01 3.682491183280944824e-01 4.459870457649230957e-01 1.960069239139556885e-01 4.460262358188629150e-01 4.968026280403137207e-01
7.757499814033508301e-01 3.631666600704193115e-01 3.557499945163726807e-01 7.024999707937240601e-02 2.542499899864196777e-01 7.777500152587890625e-01 6.010706424713134766e-01 5.415492653846740723e-01 4.543715715408325195e-01 1.744229644536972046e-01 2.454460561275482178e-01 3.910631537437438965e-01
4.162499904632568359e-01 3.471666574478149414e-01 4.787499904632568359e-01 3.037500083446502686e-01 8.972499966621398926e-01 8.075000345706939697e-02 3.832567930221557617e-01 5.497072339057922363e-01 7.144755125045776367e-01 3.030640780925750732e-01 7.904630899429321289e-01 2.282439023256301880e-01
5.612499713897705078e-01 1.878333389759063721e-01 2.047500014305114746e-01 1.357499957084655762e-01 8.412500023841857910e-01 4.027499854564666748e-01 5.681900382041931152e-01 3.904237151145935059e-01 3.674512505531311035e-01 1.597552150487899780e-01 7.965241074562072754e-01 5.295351147651672363e-01
8.397499918937683105e-01 5.968333482742309570e-01 7.477499842643737793e-01 8.187500238418579102e-01 4.672499895095825195e-01 2.582499980926513672e-01 9.155969023704528809e-01 5.467537641525268555e-01 7.304591536521911621e-01 7.593268156051635742e-01 4.617504775524139404e-01 4.715551733970642090e-01
4.742499887943267822e-01 6.148333549499511719e-01 1.157499998807907104e-01 8.657500147819519043e-01 6.967499852180480957e-01 6.842499971389770508e-01 5.013674497604370117e-01 6.096693277359008789e-01 1.022909358143806458e-01 8.553268909454345703e-01 6.819762587547302246e-01 6.169399619102478027e-01
3.432500064373016357e-01 2.918333411216735840e-01 5.727499723434448242e-01 3.192499876022338867e-01 2.327499985694885254e-01 7.242500185966491699e-01 3.132976293563842773e-01 3.337395191192626953e-01 6.760241389274597168e-01 2.637977004051208496e-01 2.364888042211532593e-01 4.486549198627471924e-01
4.337500035762786865e-01 7.318333387374877930e-01 2.762500047683715820e-01 8.732500076293945312e-01 4.047499895095825195e-01 2.467499971389770508e-01 4.829985201358795166e-01 6.880859136581420898e-01 3.230425119400024414e-01 8.192656040191650391e-01 3.939059972763061523e-01 4.595544636249542236e-01
6.447499990463256836e-01 5.805000066757202148e-01 2.747499942779541016e-01 9.387500286102294922e-01 9.922500252723693848e-01 1.062500029802322388e-01 6.661171913146972656e-01 5.700638294219970703e-01 6.443498134613037109e-01 6.993885040283203125e-01 9.756959080696105957e-01 4.148650467395782471e-01
9.467499852180480957e-01 7.978333234786987305e-01 7.852500081062316895e-01 7.397500276565551758e-01 9.037500023841857910e-01 9.572499990463256836e-01 8.782106041908264160e-01 6.962813138961791992e-01 4.092605113983154297e-01 9.583485722541809082e-01 9.422988295555114746e-01 5.315150618553161621e-01
7.112500071525573730e-01 4.501666724681854248e-01 6.052500009536743164e-01 9.977499842643737793e-01 4.267500042915344238e-01 3.667500019073486328e-01 7.762337923049926758e-01 4.428060352802276611e-01 6.969637274742126465e-01 8.557348847389221191e-01 4.484491944313049316e-01 5.436785817146301270e-01
5.132499933242797852e-01 3.454999923706054688e-01 2.057500034570693970e-01 3.287500143051147461e-01 8.527500033378601074e-01 4.017499983310699463e-01 5.634706020355224609e-01 4.757381975650787354e-01 2.882294952869415283e-01 3.463734984397888184e-01 8.167585730552673340e-01 5.430519580841064453e-01
4.174999892711639404e-02 7.754999995231628418e-01 2.872500121593475342e-01 9.377499818801879883e-01 2.587499916553497314e-01 1.472499966621398926e-01 3.658968955278396606e-02 7.371678352355957031e-01 1.949939727783203125e-01 9.292100071907043457e-01 2.858359813690185547e-01 3.068817257881164551e-01
9.502500295639038086e-01 4.421666562557220459e-01 6.302499771118164062e-01 3.707500100135803223e-01 3.777500092983245850e-01 6.525000184774398804e-02 9.214641451835632324e-01 4.481349587440490723e-01 7.888367176055908203e-01 3.210473358631134033e-01 3.559142947196960449e-01 2.750396430492401123e-01
3.274999931454658508e-02 7.211666703224182129e-01 6.397500038146972656e-01 8.517500162124633789e-01 4.125000163912773132e-02 6.925000250339508057e-02 2.566256746649742126e-02 7.230748534202575684e-01 6.488379240036010742e-01 6.415786743164062500e-01 7.461579144001007080e-02 1.866608858108520508e-01
6.617500185966491699e-01 2.601666748523712158e-01 5.052499771118164062e-01 2.247499972581863403e-01 5.792499780654907227e-01 4.542500078678131104e-01 6.272713541984558105e-01 3.506883978843688965e-01 4.676359891891479492e-01 4.100651741027832031e-01 5.394759178161621094e-01 5.545613765716552734e-01
2.047500014305114746e-01 5.271666646003723145e-01 3.424999862909317017e-02 9.224999696016311646e-02 7.692499756813049316e-01 5.057500004768371582e-01 1.850420832633972168e-01 6.423914432525634766e-01 1.262552291154861450e-01 3.213005363941192627e-01 8.032060861587524414e-01 7.379638552665710449e-01
3.127500116825103760e-01 1.685000061988830566e-01 5.747500061988830566e-01 5.372499823570251465e-01 1.272500008344650269e-01 3.422499895095825195e-01 3.494485914707183838e-01 2.099567353725433350e-01 8.149679899215698242e-01 3.910209238529205322e-01 9.761013835668563843e-02 4.626080989837646484e-01
4.472500085830688477e-01 7.331666946411132812e-01 1.197500005364418030e-01 2.517499923706054688e-01 8.957499861717224121e-01 1.087500005960464478e-01 4.367964565753936768e-01 6.417249441146850586e-01 1.814057826995849609e-01 3.410976231098175049e-01 9.144946336746215820e-01 5.499435067176818848e-01
9.602500200271606445e-01 7.935000061988830566e-01 1.842499971389770508e-01 6.024999916553497314e-02 7.774999737739562988e-02 7.724999636411666870e-02 8.989410996437072754e-01 6.578622460365295410e-01 1.786089390516281128e-01 1.824990808963775635e-01 6.600733101367950439e-02 4.082596302032470703e-01
9.742500185966491699e-01 6.601666808128356934e-01 5.172500014305114746e-01 6.822500228881835938e-01 6.787499785423278809e-01 8.927500247955322266e-01 8.842012882232666016e-01 5.478877425193786621e-01 6.461537480354309082e-01 5.625831484794616699e-01 6.799841523170471191e-01 4.599004387855529785e-01
3.037500083446502686e-01 3.718333244323730469e-01 9.832500219345092773e-01 3.687500059604644775e-01 6.817499995231628418e-01 1.112499982118606567e-01 3.321242630481719971e-01 3.152911961078643799e-01 8.120350837707519531e-01 3.798875212669372559e-01 7.097399830818176270e-01 2.732234895229339600e-01
6.147500276565551758e-01 4.921666681766510010e-01 2.172500044107437134e-01 1.132500022649765015e-01 1.352500021457672119e-01 8.787500262260437012e-01 6.122866272926330566e-01 4.951959252357482910e-01 8.288489282131195068e-02 7.000105828046798706e-02 1.195304244756698608e-01 6.219208240509033203e-01
5.925000086426734924e-02 8.115000128746032715e-01 7.077500224113464355e-01 8.952500224113464355e-01 3.112500011920928955e-01 3.227500021457672119e-01 5.575347319245338440e-02 6.811741590499877930e-01 6.040664315223693848e-01 9.316298961639404297e-01 4.007194936275482178e-01 4.277751743793487549e-01
4.142499864101409912e-01 7.235000133514404297e-01 6.424999982118606567e-02 3.487499952316284180e-01 5.492500066757202148e-01 7.275000214576721191e-02 4.648222327232360840e-01 8.122110366821289062e-01 5.381179600954055786e-02 4.500464200973510742e-01 4.531382620334625244e-01 3.714036643505096436e-01
7.592499852180480957e-01 3.434999883174896240e-01 5.742499828338623047e-01 6.724999845027923584e-02 8.222500085830688477e-01 7.392500042915344238e-01 6.826483607292175293e-01 5.033696889877319336e-01 5.745310187339782715e-01 2.252651154994964600e-01 7.667745351791381836e-01 3.775722086429595947e-01
4.377500116825103760e-01 3.538333475589752197e-01 5.725000053644180298e-02 3.642500042915344238e-01 2.675000019371509552e-02 4.397499859333038330e-01 4.957984387874603271e-01 4.683680236339569092e-01 1.120390594005584717e-01 3.275722861289978027e-01 2.399477735161781311e-02 6.462907195091247559e-01
5.622500181198120117e-01 5.718333125114440918e-01 8.507500290870666504e-01 9.232500195503234863e-01 7.182499766349792480e-01 7.377499938011169434e-01 5.422355532646179199e-01 5.301977992057800293e-01 7.330896258354187012e-01 9.140775799751281738e-01 7.079976797103881836e-01 4.730669260025024414e-01
9.557499885559082031e-01 7.058333158493041992e-01 2.092500030994415283e-01 6.217499971389770508e-01 7.147499918937683105e-01 7.562500238418579102e-01 8.998044729232788086e-01 7.563306093215942383e-01 5.924195796251296997e-02 7.719177603721618652e-01 6.669573187828063965e-01 5.916647315025329590e-01
9.532499909400939941e-01 6.151666641235351562e-01 5.117499828338623047e-01 1.197500005364418030e-01 9.772499799728393555e-01 5.225000157952308655e-02 8.171409368515014648e-01 5.495594739913940430e-01 6.554257869720458984e-01 2.390928715467453003e-01 9.191215038299560547e-01 2.995597720146179199e-01
8.497499823570251465e-01 4.695000052452087402e-01 5.162500143051147461e-01 5.907499790191650391e-01 8.357499837875366211e-01 4.852499961853027344e-01 7.283710837364196777e-01 5.566740632057189941e-01 6.697737574577331543e-01 6.458224058151245117e-01 7.990564703941345215e-01 4.521546363830566406e-01
8.522499799728393555e-01 1.924999952316284180e-01 4.157499969005584717e-01 3.125000000000000000e-02 4.407500028610229492e-01 2.917500138282775879e-01 8.481547832489013672e-01 3.173231184482574463e-01 3.855319917201995850e-01 1.985475122928619385e-01 4.194913208484649658e-01 4.514090716838836670e-01
5.327500104904174805e-01 5.068333148956298828e-01 4.417499899864196777e-01 1.537500023841857910e-01 2.507500052452087402e-01 8.027499914169311523e-01 5.641971826553344727e-01 4.632571637630462646e-01 2.847324013710021973e-01 1.861537843942642212e-01 2.548157572746276855e-01 5.516286492347717285e-01
1.597499996423721313e-01 2.758333384990692139e-01 2.612499892711639404e-01 7.782499790191650391e-01 6.602500081062316895e-01 3.822500109672546387e-01 1.820060163736343384e-01 3.642048537731170654e-01 4.997435212135314941e-01 7.849339246749877930e-01 5.861302614212036133e-01 6.934128999710083008e-01
7.437499761581420898e-01 4.158333241939544678e-01 4.322499930858612061e-01 2.952499985694885254e-01 3.127500116825103760e-01 6.702499985694885254e-01 6.862010359764099121e-01 4.175736308097839355e-01 4.986011981964111328e-01 2.019865661859512329e-01 3.318455219268798828e-01 4.297066628932952881e-01
2.652499973773956299e-01 5.981666445732116699e-01 9.352499842643737793e-01 7.987499833106994629e-01 5.277500152587890625e-01 2.202499955892562866e-01 2.731271684169769287e-01 4.709360003471374512e-01 7.827212214469909668e-01 7.956114411354064941e-01 5.438696742057800293e-01 2.689983248710632324e-01
9.232500195503234863e-01 2.728333473205566406e-01 2.137500047683715820e-01 5.667499899864196777e-01 4.237500131130218506e-01 1.477500051259994507e-01 9.298887252807617188e-01 5.832927227020263672e-01 5.452919602394104004e-01 4.844907820224761963e-01 3.905010223388671875e-01 4.142462611198425293e-01
3.992500007152557373e-01 4.884999990463256836e-01 2.152500003576278687e-01 9.512500166893005371e-01 1.624999940395355225e-02 1.362500041723251343e-01 4.584283530712127686e-01 5.202550292015075684e-01 4.289981722831726074e-01 7.563846707344055176e-01 2.981208637356758118e-02 5.423856377601623535e-01
5.567499995231628418e-01 4.368333220481872559e-01 8.874999731779098511e-02 9.472500085830688477e-01 8.372499942779541016e-01 5.387499928474426270e-01 5.224761366844177246e-01 5.757633447647094727e-01 1.984949707984924316e-01 9.227778315544128418e-01 8.024866580963134766e-01 6.084614992141723633e-01
5.607500076293945312e-01 6.931666731834411621e-01 1.252499967813491821e-01 2.607499957084655762e-01 8.687499761581420898e-01 5.257499814033508301e-01 5.094757080078125000e-01 6.719895601272583008e-01 1.166071295738220215e-01 3.204296827316284180e-01 8.417416810989379883e-01 5.807231664657592773e-01
8.124999701976776123e-02 5.078333616256713867e-01 9.925000369548797607e-02 7.467499971389770508e-01 9.217500090599060059e-01 5.457500219345092773e-01 9.163498878479003906e-02 7.010760307312011719e-01 2.305628806352615356e-01 4.868917763233184814e-01 9.173319339752197266e-01 5.742334723472595215e-01
3.512499928474426270e-01 6.698333621025085449e-01 7.882500290870666504e-01 3.832499980926513672e-01 7.572500109672546387e-01 4.092499911785125732e-01 3.796316981315612793e-01 4.514014422893524170e-01 5.065935850143432617e-01 5.589711070060729980e-01 8.083968758583068848e-01 5.483558177947998047e-01
9.857500195503234863e-01 2.245000004768371582e-01 9.777500033378601074e-01 8.872500061988830566e-01 2.742500007152557373e-01 8.327500224113464355e-01 9.510666131973266602e-01 2.654840350151062012e-01 8.966623544692993164e-01 9.009788632392883301e-01 3.098187744617462158e-01 5.316122174263000488e-01
5.017499923706054688e-01 3.621666729450225830e-01 2.072499990463256836e-01 9.537500143051147461e-01 6.222500205039978027e-01 6.347500085830688477e-01 5.034646987915039062e-01 6.047918200492858887e-01 2.900764048099517822e-01 8.975341320037841797e-01 5.571513175964355469e-01 5.360624194145202637e-01
9.667500257492065430e-01 4.011666774749755859e-01 5.797500014305114746e-01 5.487499833106994629e-01 7.925000041723251343e-02 9.582499861717224121e-01 8.649203181266784668e-01 4.707697331905364990e-01 6.631882190704345703e-01 5.632468461990356445e-01 6.345001608133316040e-02 5.801373124122619629e-01
8.075000345706939697e-02 5.701666474342346191e-01 4.097500145435333252e-01 5.432500243186950684e-01 4.907500147819519043e-01 9.067500233650207520e-01 4.844072088599205017e-02 4.073964655399322510e-01 2.991088330745697021e-01 5.834563970565795898e-01 6.229737997055053711e-01 8.511200547218322754e-01
9.462500214576721191e-01 4.634999930858612061e-01 7.512500286102294922e-01 7.387499809265136719e-01 7.747499942779541016e-01 7.732499837875366211e-01 9.165589809417724609e-01 4.579910933971405029e-01 6.879293322563171387e-01 7.562419772148132324e-01 7.769960165023803711e-01 4.966440498828887939e-01
5.424999818205833435e-02 6.138333082199096680e-01 5.375000089406967163e-02 8.257499933242797852e-01 1.077499985694885254e-01 3.622500002384185791e-01 5.119749158620834351e-02 6.610748767852783203e-01 6.895464658737182617e-02 7.856362462043762207e-01 1.064278557896614075e-01 4.112559556961059570e-01
1.522500067949295044e-01 2.961666584014892578e-01 3.942500054836273193e-01 6.842499971389770508e-01 9.732499718666076660e-01 6.167500019073486328e-01 1.777258962392807007e-01 4.572728276252746582e-01 6.571798920631408691e-01 5.784000158309936523e-01 9.117078781127929688e-01 5.978810191154479980e-01
1.887499988079071045e-01 4.181666672229766846e-01 9.272500276565551758e-01 8.942499756813049316e-01 8.777499794960021973e-01 6.502500176429748535e-01 1.899275779724121094e-01 4.037079215049743652e-01 7.945341467857360840e-01 9.222980737686157227e-01 8.733534812927246094e-01 5.617220997810363770e-01
6.092500090599060059e-01 5.058333277702331543e-01 9.972500205039978027e-01 6.042500138282775879e-01 2.857500016689300537e-01 5.922499895095825195e-01 6.114326119422912598e-01 3.640258908271789551e-01 6.415246725082397461e-01 7.282811999320983887e-01 3.279572129249572754e-01 5.588795542716979980e-01
8.427500128746032715e-01 2.588333189487457275e-01 5.822499990463256836e-01 9.307500123977661133e-01 5.742499828338623047e-01 2.812500000000000000e-01 9.107845425605773926e-01 3.767034709453582764e-01 7.953338027000427246e-01 6.872068643569946289e-01 5.563495755195617676e-01 4.701275527477264404e-01
2.907499969005584717e-01 4.438333213329315186e-01 6.312500238418579102e-01 9.792500138282775879e-01 9.562500119209289551e-01 8.197500109672546387e-01 2.884455025196075439e-01 5.010871887207031250e-01 7.177312970161437988e-01 8.739016056060791016e-01 9.307792782783508301e-01 4.797509312629699707e-01
2.377499938011169434e-01 7.981666922569274902e-01 8.322499990463256836e-01 5.657500028610229492e-01 5.322499871253967285e-01 1.742500066757202148e-01 2.504605054855346680e-01 6.429859399795532227e-01 6.030946969985961914e-01 5.103229284286499023e-01 5.662165284156799316e-01 3.708833158016204834e-01
8.862500190734863281e-01 5.771666765213012695e-01 8.827499747276306152e-01 3.167499899864196777e-01 1.502500027418136597e-01 3.402499854564666748e-01 9.282613992691040039e-01 4.359631836414337158e-01 6.623141765594482422e-01 3.848229348659515381e-01 1.317239552736282349e-01 4.664292037487030029e-01
3.024999983608722687e-02 5.581666827201843262e-01 4.037500023841857910e-01 2.807500064373016357e-01 1.572500020265579224e-01 6.602500081062316895e-01 1.837543770670890808e-02 5.841823220252990723e-01 4.885856509208679199e-01 3.583084046840667725e-01 1.382614076137542725e-01 6.496987938880920410e-01
2.927500009536743164e-01 3.828333318233489990e-01 8.802499771118164062e-01 7.447500228881835938e-01 9.925000369548797607e-02 9.617499709129333496e-01 2.732330560684204102e-01 2.824884653091430664e-01 6.522272825241088867e-01 7.373895049095153809e-01 1.097307652235031128e-01 6.259106993675231934e-01
7.827500104904174805e-01 8.195000290870666504e-01 8.922500014305114746e-01 2.967500090599060059e-01 9.637500047683715820e-01 1.602499932050704956e-01 8.049423098564147949e-01 6.979420185089111328e-01 5.825684666633605957e-01 5.660152435302734375e-01 9.495105743408203125e-01 3.146334886550903320e-01
2.087499946355819702e-01 8.308333158493041992e-01 8.952500224113464355e-01 2.347500026226043701e-01 1.957499980926513672e-01 4.662500023841857910e-01 2.096357494592666626e-01 6.511720418930053711e-01 6.282725334167480469e-01 4.055273830890655518e-01 2.437364161014556885e-01 2.363329231739044189e-01
4.862500131130218506e-01 4.321666657924652100e-01 3.282499909400939941e-01 2.017499953508377075e-01 7.500000065192580223e-04 8.457499742507934570e-01 4.091959297657012939e-01 4.560833573341369629e-01 4.303387105464935303e-01 1.382886469364166260e-01 2.243249304592609406e-02 5.200220942497253418e-01
5.247499942779541016e-01 7.885000109672546387e-01 4.502499997615814209e-01 6.267499923706054688e-01 5.452499985694885254e-01 2.924999967217445374e-02 6.341277956962585449e-01 5.464003086090087891e-01 5.146244168281555176e-01 3.067632317543029785e-01 5.613636374473571777e-01 3.857459127902984619e-01
6.482499837875366211e-01 2.964999973773956299e-01 9.752500057220458984e-01 7.027500271797180176e-01 3.002499938011169434e-01 4.657500088214874268e-01 8.758780956268310547e-01 3.167033493518829346e-01 7.230967879295349121e-01 6.055978536605834961e-01 3.110375702381134033e-01 5.443277955055236816e-01
5.542500019073486328e-01 2.275000065565109253e-01 5.597500205039978027e-01 3.257499933242797852e-01 1.787499934434890747e-01 5.912500023841857910e-01 4.760811924934387207e-01 4.220252633094787598e-01 7.115557193756103516e-01 3.136792778968811035e-01 1.547889411449432373e-01 3.819523155689239502e-01
7.257500290870666504e-01 7.801666855812072754e-01 8.212500214576721191e-01 3.202500045299530029e-01 3.552500009536743164e-01 1.952500045299530029e-01 8.091438412666320801e-01 6.087285876274108887e-01 4.877657592296600342e-01 5.545316934585571289e-01 3.852505087852478027e-01 4.729306697845458984e-01
9.712499976158142090e-01 5.385000109672546387e-01 2.287500053644180298e-01 9.412500262260437012e-01 3.537499904632568359e-01 1.872500032186508179e-01 8.594051599502563477e-01 5.606185793876647949e-01 5.891140103340148926e-01 8.911456465721130371e-01 3.776780962944030762e-01 5.374004840850830078e-01
9.992499947547912598e-01 2.108333259820938110e-01 4.542500078678131104e-01 9.667500257492065430e-01 7.722499966621398926e-01 5.147500038146972656e-01 9.229149222373962402e-01 3.667114377021789551e-01 8.108607530593872070e-01 7.566844224929809570e-01 7.322968244552612305e-01 4.695868790149688721e-01
2.042499929666519165e-01 4.491666555404663086e-01 3.362500071525573730e-01 1.612499952316284180e-01 2.957499921321868896e-01 2.675000019371509552e-02 2.503182590007781982e-01 5.404109358787536621e-01 5.609716773033142090e-01 9.753863513469696045e-02 2.732853293418884277e-01 2.614646852016448975e-01
3.782500028610229492e-01 5.821666717529296875e-01 6.237499713897705078e-01 5.177500247955322266e-01 6.227499842643737793e-01 5.797500014305114746e-01 3.751711547374725342e-01 4.772402942180633545e-01 5.287935733795166016e-01 5.205570459365844727e-01 6.294396519660949707e-01 5.114841461181640625e-01
3.932499885559082031e-01 1.748333275318145752e-01 2.552500069141387939e-01 5.167499780654907227e-01 2.125000022351741791e-02 4.032500088214874268e-01 4.718305766582489014e-01 2.121385931968688965e-01 3.343618512153625488e-01 3.815152049064636230e-01 2.956316433846950531e-02 6.162184476852416992e-01
7.497500181198120117e-01 4.871666729450225830e-01 9.224999696016311646e-02 6.152499914169311523e-01 9.367499947547912598e-01 6.422500014305114746e-01 6.391815543174743652e-01 6.524602174758911133e-01 2.520667016506195068e-01 6.353330612182617188e-01 8.704654574394226074e-01 5.121630430221557617e-01
2.837499976158142090e-01 5.971666574478149414e-01 4.527499973773956299e-01 2.322500050067901611e-01 4.557499885559082031e-01 6.807500123977661133e-01 3.283717334270477295e-01 3.685823976993560791e-01 2.717353105545043945e-01 2.685189843177795410e-01 4.910609722137451172e-01 6.565678715705871582e-01
2.742500007152557373e-01 2.431666702032089233e-01 6.825000047683715820e-02 1.872500032186508179e-01 7.892500162124633789e-01 7.912499904632568359e-01 2.482462972402572632e-01 5.345877408981323242e-01 2.708101570606231689e-01 1.329771876335144043e-01 6.968761682510375977e-01 6.723094582557678223e-01
6.152499914169311523e-01 3.511666655540466309e-01 6.457499861717224121e-01 9.567499756813049316e-01 9.567499756813049316e-01 3.552500009536743164e-01 5.960306525230407715e-01 5.416727662086486816e-01 7.584403157234191895e-01 9.415021538734436035e-01 9.460294842720031738e-01 4.655222296714782715e-01
3.212499916553497314e-01 2.481666654348373413e-01 5.812500119209289551e-01 6.937500238418579102e-01 8.477500081062316895e-01 5.474999919533729553e-02 3.546273708343505859e-01 3.803376257419586182e-01 7.799190878868103027e-01 5.623561143875122070e-01 8.154928684234619141e-01 3.422590494155883789e-01
5.297499895095825195e-01 1.941666603088378906e-01 3.262499868869781494e-01 4.742499887943267822e-01 2.225000038743019104e-02 8.652499914169311523e-01 4.772117137908935547e-01 2.557365000247955322e-01 4.419856667518615723e-01 3.899643719196319580e-01 3.473241254687309265e-02 5.925694704055786133e-01
2.547500133514404297e-01 5.388333201408386230e-01 4.877499938011169434e-01 4.432500004768371582e-01 8.302500247955322266e-01 3.037500083446502686e-01 2.668678164482116699e-01 5.445391535758972168e-01 6.380914449691772461e-01 4.773435294628143311e-01 8.126192688941955566e-01 4.569040238857269287e-01
1.357499957084655762e-01 3.641666769981384277e-01 5.647500157356262207e-01 7.972499728202819824e-01 3.962500095367431641e-01 7.817500233650207520e-01 1.162367239594459534e-01 3.744727075099945068e-01 6.568688750267028809e-01 6.716207265853881836e-01 4.231943190097808838e-01 6.903845071792602539e-01
1.477500051259994507e-01 2.991666793823242188e-01 5.892500281333923340e-01 2.057500034570693970e-01 9.587500095367431641e-01 9.207500219345092773e-01 1.153890416026115417e-01 3.682015538215637207e-01 7.112410664558410645e-01 1.642573475837707520e-01 9.672867059707641602e-01 7.467894554138183594e-01
8.002499938011169434e-01 3.785000145435333252e-01 3.072499930858612061e-01 7.832499742507934570e-01 1.722500026226043701e-01 9.412500262260437012e-01 6.880475878715515137e-01 4.798026084899902344e-01 3.893471062183380127e-01 7.660605907440185547e-01 1.598386019468307495e-01 6.025047302246093750e-01
7.325000315904617310e-02 2.294999957084655762e-01 7.382500171661376953e-01 9.972500205039978027e-01 3.072499930858612061e-01 4.275000095367431641e-02 1.289332211017608643e-01 3.418070971965789795e-01 8.241038322448730469e-01 7.168722748756408691e-01 2.693403959274291992e-01 3.454454541206359863e-01
9.827499985694885254e-01 8.245000243186950684e-01 8.750000037252902985e-03 2.474999986588954926e-02 7.249999791383743286e-03 4.947499930858612061e-01 9.322067499160766602e-01 7.934474945068359375e-01 1.095836237072944641e-02 1.155198737978935242e-01 2.490590140223503113e-02 5.920624136924743652e-01
1.337500065565109253e-01 4.288333356380462646e-01 3.857499957084655762e-01 7.822499871253967285e-01 8.142499923706054688e-01 9.512500166893005371e-01 8.082694560289382935e-02 3.836577236652374268e-01 3.584435284137725830e-01 8.627825975418090820e-01 8.539579510688781738e-01 8.589180111885070801e-01
5.837500095367431641e-01 1.714999973773956299e-01 4.292500019073486328e-01 8.375000208616256714e-02 4.607500135898590088e-01 4.627499878406524658e-01 5.868366360664367676e-01 2.634935081005096436e-01 5.273004174232482910e-01 1.366384476423263550e-01 4.403381049633026123e-01 4.910791516304016113e-01
2.332500070333480835e-01 7.258333563804626465e-01 2.374999970197677612e-02 3.087500035762786865e-01 7.622500061988830566e-01 2.892499864101409912e-01 2.548348903656005859e-01 6.710654497146606445e-01 1.178932711482048035e-01 4.554906785488128662e-01 8.604958057403564453e-01 6.083006858825683594e-01
6.082500219345092773e-01 6.965000033378601074e-01 7.902500033378601074e-01 3.372499942779541016e-01 8.077499866485595703e-01 6.712499856948852539e-01 5.991320013999938965e-01 5.938401818275451660e-01 4.285424649715423584e-01 5.860652923583984375e-01 7.833974957466125488e-01 5.033309459686279297e-01
3.974999859929084778e-02 5.148333311080932617e-01 7.187500000000000000e-01 9.775000065565109253e-02 3.725000098347663879e-02 6.152499914169311523e-01 2.413698658347129822e-02 4.766525924205780029e-01 6.805875301361083984e-01 2.280543297529220581e-01 3.790756314992904663e-02 5.368982553482055664e-01
8.487499952316284180e-01 3.878333270549774170e-01 9.875000268220901489e-02 4.887500107288360596e-01 6.972500085830688477e-01 5.592499971389770508e-01 8.019657731056213379e-01 4.883202910423278809e-01 1.797003149986267090e-01 5.424364209175109863e-01 6.584398150444030762e-01 5.819598436355590820e-01
7.132499814033508301e-01 4.661666750907897949e-01 6.692500114440917969e-01 2.097499966621398926e-01 8.052499890327453613e-01 4.377500116825103760e-01 6.450214385986328125e-01 4.625566899776458740e-01 6.241408586502075195e-01 2.966635823249816895e-01 7.874593734741210938e-01 4.013917744159698486e-01
4.637500047683715820e-01 5.904999971389770508e-01 6.774999946355819702e-02 1.824999973177909851e-02 2.937499880790710449e-01 4.502499997615814209e-01 5.552987456321716309e-01 6.635473370552062988e-01 8.850002288818359375e-02 1.127083450555801392e-01 3.031484782695770264e-01 6.050468683242797852e-01
6.577500104904174805e-01 7.835000157356262207e-01 2.452500015497207642e-01 7.557500004768371582e-01 2.927500009536743164e-01 5.512499809265136719e-01 6.521764993667602539e-01 7.661727666854858398e-01 1.928203999996185303e-01 7.879814505577087402e-01 2.749117016792297363e-01 4.679760932922363281e-01
7.072499990463256836e-01 8.221666812896728516e-01 7.432500123977661133e-01 7.677500247955322266e-01 4.347499907016754150e-01 2.775000035762786865e-02 7.528312802314758301e-01 5.657467246055603027e-01 5.847522020339965820e-01 7.730472683906555176e-01 4.446391165256500244e-01 5.118342041969299316e-01
9.327499866485595703e-01 1.961666643619537354e-01 5.502499938011169434e-01 5.617499947547912598e-01 1.867499947547912598e-01 6.222500205039978027e-01 8.733490705490112305e-01 4.269718229770660400e-01 7.353177666664123535e-01 5.402452945709228516e-01 1.339304894208908081e-01 5.213136076927185059e-01
1.962500065565109253e-01 5.468333363533020020e-01 8.182500004768371582e-01 3.692499995231628418e-01 9.175000339746475220e-02 3.507499992847442627e-01 2.068326622247695923e-01 4.134852290153503418e-01 7.101733088493347168e-01 4.812750220298767090e-01 1.072655916213989258e-01 4.457161426544189453e-01
2.792499959468841553e-01 5.214999914169311523e-01 9.197499752044677734e-01 6.877499818801879883e-01 9.687500000000000000e-01 2.927500009536743164e-01 2.819569110870361328e-01 4.638595283031463623e-01 7.595217227935791016e-01 8.495955467224121094e-01 9.685983657836914062e-01 4.445686340332031250e-01
7.997499704360961914e-01 4.998333454132080078e-01 6.337500214576721191e-01 4.532499909400939941e-01 6.102499961853027344e-01 2.374999970197677612e-02 8.567736148834228516e-01 4.203454852104187012e-01 7.158359289169311523e-01 3.074610531330108643e-01 5.597130656242370605e-01 3.410891294479370117e-01
4.917500019073486328e-01 2.671666741371154785e-01 3.182500004768371582e-01 1.622499972581863403e-01 6.897500157356262207e-01 4.532499909400939941e-01 5.362789034843444824e-01 3.420062661170959473e-01 2.839989960193634033e-01 2.443101853132247925e-01 6.628956794738769531e-01 5.773109197616577148e-01
9.692500233650207520e-01 2.498333305120468140e-01 1.067499965429306030e-01 2.112500071525573730e-01 8.012499809265136719e-01 3.767499923706054688e-01 8.608029484748840332e-01 5.247371196746826172e-01 2.858567535877227783e-01 2.145560085773468018e-01 7.564421296119689941e-01 4.770874679088592529e-01
6.727499961853027344e-01 7.841666936874389648e-01 9.342499971389770508e-01 9.927499890327453613e-01 5.242499709129333496e-01 2.472500056028366089e-01 8.942069411277770996e-01 5.821402668952941895e-01 6.271060705184936523e-01 8.677509427070617676e-01 5.328546762466430664e-01 5.133137106895446777e-01
6.527500152587890625e-01 6.498333215713500977e-01 6.232500076293945312e-01 1.032499969005584717e-01 5.682500004768371582e-01 9.375000000000000000e-02 6.869296431541442871e-01 5.955927371978759766e-01 4.474311470985412598e-01 1.948244720697402954e-01 5.270068645477294922e-01 3.292560875415802002e-01
7.925000041723251343e-02 4.868333339691162109e-01 4.742499887943267822e-01 2.274999953806400299e-02 9.662500023841857910e-01 8.462499976158142090e-01 7.293093949556350708e-02 6.320433020591735840e-01 7.418735027313232422e-01 2.957156300544738770e-01 9.791983366012573242e-01 6.449754834175109863e-01
7.342500090599060059e-01 3.885000050067901611e-01 7.412499785423278809e-01 7.682499885559082031e-01 2.177499979734420776e-01 6.002500057220458984e-01 7.138085961341857910e-01 3.208159208297729492e-01 8.156871795654296875e-01 6.532667875289916992e-01 2.212821990251541138e-01 4.745396375656127930e-01
7.242500185966491699e-01 4.485000073909759521e-01 4.377500116825103760e-01 5.527499914169311523e-01 6.417499780654907227e-01 2.327499985694885254e-01 8.500998616218566895e-01 4.423615336418151855e-01 4.760597944259643555e-01 4.098706245422363281e-01 6.250683665275573730e-01 4.872947633266448975e-01
1.222499981522560120e-01 5.288333296775817871e-01 8.637499809265136719e-01 8.027499914169311523e-01 1.922499984502792358e-01 6.642500162124633789e-01 1.072484329342842102e-01 4.939960539340972900e-01 7.184373140335083008e-01 7.758455872535705566e-01 2.314261198043823242e-01 5.274857282638549805e-01
9.642500281333923340e-01 6.988333463668823242e-01 1.907500028610229492e-01 4.592500030994415283e-01 1.387500017881393433e-01 9.977499842643737793e-01 9.207661747932434082e-01 6.203162074089050293e-01 1.226095780730247498e-01 4.906317591667175293e-01 1.337240785360336304e-01 5.657120943069458008e-01
2.417500019073486328e-01 2.541666626930236816e-01 2.197500020265579224e-01 6.497499942779541016e-01 5.417500138282775879e-01 9.632499814033508301e-01 2.011578232049942017e-01 2.573111653327941895e-01 2.212621867656707764e-01 5.762597322463989258e-01 5.524322390556335449e-01 8.228783607482910156e-01
4.532499909400939941e-01 3.951666653156280518e-01 5.674999952316284180e-02 6.477500200271606445e-01 3.342500030994415283e-01 6.727499961853027344e-01 4.722485542297363281e-01 4.552198648452758789e-01 1.134609729051589966e-01 6.736567616462707520e-01 3.290435671806335449e-01 6.775237321853637695e-01
3.467499911785125732e-01 2.558333277702331543e-01 4.862500131130218506e-01 1.142499968409538269e-01 5.487499833106994629e-01 4.877499938011169434e-01 4.170390665531158447e-01 2.715262472629547119e-01 3.629528880119323730e-01 1.794180274009704590e-01 5.000031590461730957e-01 6.388580203056335449e-01
9.772499799728393555e-01 4.104999899864196777e-01 2.517499923706054688e-01 1.775000058114528656e-02 5.477499961853027344e-01 9.682499766349792480e-01 8.512700200080871582e-01 6.707353591918945312e-01 1.576293259859085083e-01 1.822616904973983765e-01 4.883313179016113281e-01 4.369138479232788086e-01
8.025000244379043579e-02 7.105000019073486328e-01 5.027499794960021973e-01 4.447500109672546387e-01 8.574999868869781494e-02 2.097499966621398926e-01 7.294248789548873901e-02 6.985121369361877441e-01 5.474411845207214355e-01 5.166565775871276855e-01 1.227633208036422729e-01 2.747103571891784668e-01
9.612500071525573730e-01 3.688333332538604736e-01 4.597499966621398926e-01 1.277499943971633911e-01 8.727499842643737793e-01 2.274999953806400299e-02 9.076446294784545898e-01 5.436717867851257324e-01 6.343415975570678711e-01 2.099400907754898071e-01 7.841464877128601074e-01 2.843088507652282715e-01
1.167500019073486328e-01 3.364999890327453613e-01 7.632499933242797852e-01 8.127499818801879883e-01 9.007499814033508301e-01 9.952499866485595703e-01 5.134226754307746887e-02 3.516622483730316162e-01 8.014019727706909180e-01 8.319659829139709473e-01 8.661589026451110840e-01 6.608026623725891113e-01
8.132500052452087402e-01 7.961666584014892578e-01 7.524999976158142090e-02 8.182500004768371582e-01 2.102500051259994507e-01 7.062500119209289551e-01 8.260965943336486816e-01 8.228794932365417480e-01 3.602823987603187561e-02 8.419589400291442871e-01 2.213574498891830444e-01 5.990902781486511230e-01
4.432500004768371582e-01 1.788333356380462646e-01 5.237500071525573730e-01 4.167500138282775879e-01 3.802500069141387939e-01 1.177499964833259583e-01 4.389460682868957520e-01 3.375077545642852783e-01 7.907953262329101562e-01 3.296012580394744873e-01 3.853778839111328125e-01 2.341925650835037231e-01
4.747500121593475342e-01 8.228333592414855957e-01 9.747499823570251465e-01 6.947500109672546387e-01 1.677500009536743164e-01 5.052499771118164062e-01 5.012652873992919922e-01 5.851912498474121094e-01 5.500915646553039551e-01 8.055428862571716309e-01 2.147260010242462158e-01 5.325520038604736328e-01
9.767500162124633789e-01 7.228333353996276855e-01 6.857500076293945312e-01 4.077500104904174805e-01 4.682500064373016357e-01 3.497500121593475342e-01 9.422965049743652344e-01 6.109123826026916504e-01 6.223306655883789062e-01 5.636536478996276855e-01 4.509364366531372070e-01 4.077894091606140137e-01
9.125000238418579102e-02 4.034999907016754150e-01 8.432499766349792480e-01 5.577499866485595703e-01 3.997499942779541016e-01 1.752499938011169434e-01 1.023066937923431396e-01 4.276529550552368164e-01 8.141279220581054688e-01 4.982767105102539062e-01 4.003081619739532471e-01 2.293536961078643799e-01
5.842499732971191406e-01 7.365000247955322266e-01 9.962499737739562988e-01 4.324999824166297913e-02 8.542500138282775879e-01 4.907500147819519043e-01 4.863598346710205078e-01 7.266613841056823730e-01 6.179507374763488770e-01 5.344375967979431152e-01 7.848864197731018066e-01 2.037836164236068726e-01
8.572499752044677734e-01 2.101666629314422607e-01 2.132499963045120239e-01 6.057500243186950684e-01 6.582499742507934570e-01 2.737500071525573730e-01 7.923723459243774414e-01 3.077252507209777832e-01 5.524606704711914062e-01 4.866899847984313965e-01 6.567755341529846191e-01 5.112543106079101562e-01
6.602500081062316895e-01 6.441666483879089355e-01 5.187500119209289551e-01 7.787500023841857910e-01 5.247499942779541016e-01 6.674999743700027466e-02 7.582967281341552734e-01 5.897653698921203613e-01 5.301295518875122070e-01 6.850915551185607910e-01 5.128566026687622070e-01 5.079552531242370605e-01
1.087500005960464478e-01 4.938333332538604736e-01 3.852500021457672119e-01 5.732499957084655762e-01 3.132500052452087402e-01 4.087499976158142090e-01 1.100561544299125671e-01 5.752944946289062500e-01 5.649713873863220215e-01 6.135447025299072266e-01 2.881130278110504150e-01 5.206423997879028320e-01
1.612499952316284180e-01 5.575000047683715820e-01 7.357500195503234863e-01 9.762499928474426270e-01 4.097500145435333252e-01 1.532499939203262329e-01 1.720317155122756958e-01 6.055969595909118652e-01 8.226249217987060547e-01 8.979552388191223145e-01 4.274425506591796875e-01 2.062621712684631348e-01
4.832499921321868896e-01 5.691666603088378906e-01 5.682500004768371582e-01 9.227499961853027344e-01 1.147499978542327881e-01 5.852500200271606445e-01 4.677435457706451416e-01 5.920020341873168945e-01 6.078931689262390137e-01 8.955627083778381348e-01 1.129009798169136047e-01 5.467035770416259766e-01
7.837499976158142090e-01 7.494999766349792480e-01 1.832499951124191284e-01 3.292500078678131104e-01 4.112499952316284180e-01 5.887500047683715820e-01 6.987460851669311523e-01 6.185151338577270508e-01 1.631565093994140625e-01 4.730962514877319336e-01 3.942402899265289307e-01 6.291040778160095215e-01
4.937500059604644775e-01 2.018333375453948975e-01 4.262500107288360596e-01 6.787499785423278809e-01 9.667500257492065430e-01 2.772499918937683105e-01 4.908374249935150146e-01 3.773727416992187500e-01 6.528062820434570312e-01 7.546008825302124023e-01 9.426981806755065918e-01 5.713852643966674805e-01
5.802500247955322266e-01 2.501666545867919922e-01 4.724999889731407166e-02 3.677499890327453613e-01 6.427500247955322266e-01 2.027499973773956299e-01 6.284220218658447266e-01 4.073705971240997314e-01 3.484369218349456787e-01 1.856729388236999512e-01 5.969932675361633301e-01 5.366887450218200684e-01
3.577499985694885254e-01 3.285000026226043701e-01 8.012499809265136719e-01 7.707499861717224121e-01 8.227499723434448242e-01 7.017499804496765137e-01 3.728291094303131104e-01 3.051806688308715820e-01 7.296352386474609375e-01 9.008898735046386719e-01 8.364002704620361328e-01 6.501438021659851074e-01
4.872500002384185791e-01 5.408333539962768555e-01 1.847500056028366089e-01 6.925000250339508057e-02 5.067499876022338867e-01 4.637500047683715820e-01 5.024862289428710938e-01 6.140889525413513184e-01 1.924982219934463501e-01 1.373775005340576172e-01 4.490717947483062744e-01 5.103080868721008301e-01
8.307499885559082031e-01 5.364999771118164062e-01 4.102500081062316895e-01 8.467500209808349609e-01 1.477500051259994507e-01 1.217499971389770508e-01 8.709068894386291504e-01 5.567166209220886230e-01 6.725846529006958008e-01 6.684843897819519043e-01 1.286054700613021851e-01 5.151241421699523926e-01
5.827500224113464355e-01 7.998333573341369629e-01 2.162500023841857910e-01 9.652500152587890625e-01 7.524999976158142090e-02 6.427500247955322266e-01 5.608631372451782227e-01 7.185139060020446777e-01 7.729777693748474121e-02 9.301854968070983887e-01 6.587602198123931885e-02 5.528813004493713379e-01
9.352499842643737793e-01 1.841666698455810547e-01 5.267500281333923340e-01 6.717500090599060059e-01 9.072499871253967285e-01 5.227500200271606445e-01 9.200863838195800781e-01 4.385296702384948730e-01 5.934506058692932129e-01 7.686129808425903320e-01 8.827258944511413574e-01 4.916591644287109375e-01
6.977499723434448242e-01 4.891666769981384277e-01 4.747500121593475342e-01 4.724999889731407166e-02 1.672500073909759521e-01 1.142499968409538269e-01 7.319308519363403320e-01 4.762701988220214844e-01 4.738487601280212402e-01 6.662716716527938843e-02 1.469089835882186890e-01 3.026886880397796631e-01
6.162499785423278809e-01 4.631666541099548340e-01 3.122499883174896240e-01 8.702499866485595703e-01 9.724999964237213135e-02 3.347499966621398926e-01 6.272204518318176270e-01 5.667288303375244141e-01 4.973649978637695312e-01 8.404541611671447754e-01 8.171334862709045410e-02 5.611451268196105957e-01
5.067499876022338867e-01 2.224999964237213135e-01 5.367500185966491699e-01 4.927499890327453613e-01 3.797500133514404297e-01 9.224999696016311646e-02 5.657634735107421875e-01 4.069373309612274170e-01 6.405864357948303223e-01 4.427887499332427979e-01 3.648079931735992432e-01 4.262473881244659424e-01
5.967500209808349609e-01 5.328333377838134766e-01 5.092499852180480957e-01 5.947499871253967285e-01 3.992500007152557373e-01 3.677499890327453613e-01 7.083249092102050781e-01 5.550123453140258789e-01 4.487034678459167480e-01 5.119848251342773438e-01 3.790587782859802246e-01 5.114608407020568848e-01
3.687500059604644775e-01 5.048333406448364258e-01 9.027500152587890625e-01 1.287499964237213135e-01 2.612499892711639404e-01 9.025000035762786865e-02 4.092187583446502686e-01 3.922258019447326660e-01 7.020218968391418457e-01 1.850061118602752686e-01 2.917701303958892822e-01 2.715417444705963135e-01
7.142500281333923340e-01 5.818333625793457031e-01 6.167500019073486328e-01 7.892500162124633789e-01 7.312499880790710449e-01 9.592499732971191406e-01 6.751149296760559082e-01 5.180592536926269531e-01 6.204333901405334473e-01 5.699799656867980957e-01 7.318798899650573730e-01 4.686852991580963135e-01
5.757499933242797852e-01 3.855000138282775879e-01 2.102500051259994507e-01 1.750000054016709328e-03 5.102499723434448242e-01 5.327500104904174805e-01 5.548878312110900879e-01 4.777038693428039551e-01 2.369146049022674561e-01 1.728970855474472046e-01 4.537805914878845215e-01 5.627565383911132812e-01
8.402500152587890625e-01 8.034999966621398926e-01 6.132500171661376953e-01 8.217499852180480957e-01 5.297499895095825195e-01 7.167500257492065430e-01 8.326575756072998047e-01 6.662511229515075684e-01 4.574479758739471436e-01 8.807644248008728027e-01 5.071517825126647949e-01 5.047636628150939941e-01
3.187499940395355225e-01 4.541666805744171143e-01 9.552500247955322266e-01 2.757500112056732178e-01 9.750000201165676117e-03 8.037499785423278809e-01 2.905065417289733887e-01 3.143258094787597656e-01 7.575462460517883301e-01 3.869403302669525146e-01 3.788732364773750305e-02 4.612388908863067627e-01
5.102499723434448242e-01 7.908333539962768555e-01 4.362500011920928955e-01 2.602500021457672119e-01 6.752499938011169434e-01 5.332499742507934570e-01 5.590941309928894043e-01 6.679997444152832031e-01 1.835981011390686035e-01 3.572570085525512695e-01 6.789422035217285156e-01 5.361578464508056641e-01
6.387500166893005371e-01 3.328333199024200439e-01 4.912500083446502686e-01 8.292499780654907227e-01 2.567499876022338867e-01 4.422500133514404297e-01 6.411901116371154785e-01 3.699137866497039795e-01 6.226065158843994141e-01 7.441116571426391602e-01 2.656373381614685059e-01 5.821957588195800781e-01
3.767499923706054688e-01 1.728333383798599243e-01 3.175000101327896118e-02 1.227499991655349731e-01 7.672500014305114746e-01 6.622499823570251465e-01 3.736501038074493408e-01 3.680241405963897705e-01 1.545252948999404907e-01 1.229795441031455994e-01 7.014042139053344727e-01 7.450280785560607910e-01
7.327499985694885254e-01 3.001666665077209473e-01 2.912499904632568359e-01 7.177500128746032715e-01 2.497500032186508179e-01 8.357499837875366211e-01 7.743131518363952637e-01 2.807807028293609619e-01 2.314448058605194092e-01 6.452847123146057129e-01 2.566822469234466553e-01 6.065639853477478027e-01
8.867499828338623047e-01 4.718333184719085693e-01 5.874999985098838806e-02 5.022500157356262207e-01 1.517499983310699463e-01 8.877500295639038086e-01 8.291028141975402832e-01 4.749825596809387207e-01 1.025237590074539185e-01 3.520865738391876221e-01 1.353143453598022461e-01 6.413497924804687500e-01
4.672499895095825195e-01 3.338333368301391602e-01 8.252500295639038086e-01 2.947500050067901611e-01 9.297500252723693848e-01 5.077499747276306152e-01 4.552139937877655029e-01 3.711526989936828613e-01 7.001891136169433594e-01 3.516616225242614746e-01 8.927640318870544434e-01 4.844202697277069092e-01
9.297500252723693848e-01 2.395000010728836060e-01 6.717500090599060059e-01 7.472500205039978027e-01 5.977500081062316895e-01 5.892500281333923340e-01 8.900826573371887207e-01 3.553704619407653809e-01 8.250879645347595215e-01 7.034042477607727051e-01 5.734362602233886719e-01 4.455949366092681885e-01
4.692499935626983643e-01 6.818333268165588379e-01 6.462500095367431641e-01 8.224999904632568359e-02 9.477499723434448242e-01 9.077500104904174805e-01 3.925401568412780762e-01 5.518803000450134277e-01 5.218762755393981934e-01 1.656007915735244751e-01 9.265001416206359863e-01 4.609929621219635010e-01
1.402499973773956299e-01 2.381666600704193115e-01 7.627500295639038086e-01 6.825000047683715820e-02 5.722500085830688477e-01 9.332500100135803223e-01 1.042947918176651001e-01 2.572080790996551514e-01 7.219542264938354492e-01 9.231279790401458740e-02 5.707995295524597168e-01 7.157120108604431152e-01
9.512500166893005371e-01 3.938333392143249512e-01 3.792499899864196777e-01 4.292500019073486328e-01 7.667499780654907227e-01 4.774999991059303284e-02 8.813907504081726074e-01 3.749706745147705078e-01 7.509273290634155273e-01 2.446992099285125732e-01 7.193762660026550293e-01 3.111487030982971191e-01
2.875000052154064178e-02 7.418333292007446289e-01 7.242500185966491699e-01 9.182500243186950684e-01 6.027500033378601074e-01 7.877500057220458984e-01 3.061982430517673492e-02 7.014185190200805664e-01 6.236541271209716797e-01 6.044694185256958008e-01 7.868704795837402344e-01 5.016195774078369141e-01
7.767500281333923340e-01 7.561666369438171387e-01 8.737499713897705078e-01 2.575000002980232239e-02 6.597499847412109375e-01 3.247500061988830566e-01 8.574329018592834473e-01 4.365690648555755615e-01 2.419295758008956909e-01 2.560300230979919434e-01 7.060675621032714844e-01 5.019449591636657715e-01
3.922500014305114746e-01 1.724999994039535522e-01 9.582499861717224121e-01 7.497500181198120117e-01 6.547499895095825195e-01 9.717500209808349609e-01 3.839928805828094482e-01 1.948038786649703979e-01 8.581415414810180664e-01 7.145355343818664551e-01 6.390016674995422363e-01 5.289142727851867676e-01
6.087499856948852539e-01 3.051666617393493652e-01 2.532500028610229492e-01 4.112499952316284180e-01 7.357500195503234863e-01 2.957499921321868896e-01 7.166789174079895020e-01 4.788357615470886230e-01 2.991944551467895508e-01 3.518680632114410400e-01 7.024988532066345215e-01 5.524296164512634277e-01
7.447500228881835938e-01 5.211666822433471680e-01 3.624999895691871643e-02 1.832499951124191284e-01 9.457499980926513672e-01 1.867499947547912598e-01 7.773828506469726562e-01 6.284145712852478027e-01 1.841022968292236328e-01 2.423920780420303345e-01 9.169654250144958496e-01 4.791755378246307373e-01
2.327499985694885254e-01 2.955000102519989014e-01 8.157500028610229492e-01 6.882500052452087402e-01 5.307499766349792480e-01 2.617500126361846924e-01 2.881277203559875488e-01 2.426561117172241211e-01 7.806829810142517090e-01 6.463724374771118164e-01 5.108534693717956543e-01 6.102818250656127930e-01
3.682500123977661133e-01 2.428333312273025513e-01 6.062499880790710449e-01 5.812500119209289551e-01 7.232499718666076660e-01 5.762500166893005371e-01 3.799998760223388672e-01 3.652078509330749512e-01 6.829226016998291016e-01 5.159932374954223633e-01 6.991065144538879395e-01 5.139970183372497559e-01
1.722500026226043701e-01 7.701666951179504395e-01 9.132500290870666504e-01 3.727500140666961670e-01 3.792499899864196777e-01 1.607500016689300537e-01 2.078054696321487427e-01 5.694490671157836914e-01 6.195713281631469727e-01 2.610566318035125732e-01 4.058131873607635498e-01 3.260800540447235107e-01
2.657499909400939941e-01 3.774999976158142090e-01 6.007500290870666504e-01 1.857499927282333374e-01 5.522500276565551758e-01 3.017500042915344238e-01 2.603978216648101807e-01 4.592648148536682129e-01 7.076671719551086426e-01 3.185326755046844482e-01 5.539082288742065430e-01 3.117258846759796143e-01
7.912499904632568359e-01 5.731666684150695801e-01 8.382499814033508301e-01 2.912499904632568359e-01 4.092499911785125732e-01 9.767500162124633789e-01 8.131181597709655762e-01 3.710036575794219971e-01 5.321934819221496582e-01 2.722890079021453857e-01 4.311221241950988770e-01 4.705373346805572510e-01
5.187500119209289551e-01 2.405000030994415283e-01 1.472499966621398926e-01 6.897500157356262207e-01 6.852499842643737793e-01 4.317499995231628418e-01 4.786911010742187500e-01 4.477957487106323242e-01 4.136064052581787109e-01 6.439831256866455078e-01 6.222358942031860352e-01 5.417456030845642090e-01
1.967500001192092896e-01 5.351666808128356934e-01 5.907499790191650391e-01 6.075000017881393433e-02 9.127500057220458984e-01 9.517499804496765137e-01 1.741970628499984741e-01 4.865302145481109619e-01 4.668309092521667480e-01 1.450349241495132446e-01 9.760358929634094238e-01 7.810851931571960449e-01
2.997500002384185791e-01 6.585000157356262207e-01 7.017499804496765137e-01 6.112499833106994629e-01 3.812499940395355225e-01 1.437499970197677612e-01 2.919960021972656250e-01 6.658332347869873047e-01 7.303316593170166016e-01 7.462941408157348633e-01 3.802896142005920410e-01 2.036802768707275391e-01
8.092499971389770508e-01 6.231666803359985352e-01 7.122499942779541016e-01 1.807499974966049194e-01 8.092499971389770508e-01 7.122499942779541016e-01 8.758328557014465332e-01 5.563799738883972168e-01 2.406574487686157227e-01 4.087338447570800781e-01 7.931384444236755371e-01 4.879133403301239014e-01
1.177499964833259583e-01 6.875000000000000000e-01 4.317499995231628418e-01 2.477499991655349731e-01 8.487499952316284180e-01 7.312499880790710449e-01 1.466301530599594116e-01 6.681584119796752930e-01 5.566607713699340820e-01 3.728421926498413086e-01 8.947880268096923828e-01 4.864700138568878174e-01
7.577499747276306152e-01 7.705000042915344238e-01 1.282500028610229492e-01 3.982500135898590088e-01 7.487499713897705078e-01 9.750000201165676117e-03 8.606871366500854492e-01 6.774732470512390137e-01 1.565925478935241699e-01 2.229429334402084351e-01 7.363744974136352539e-01 4.466637670993804932e-01
5.525000020861625671e-02 6.391666531562805176e-01 8.207499980926513672e-01 3.437500000000000000e-01 4.152500033378601074e-01 2.717500030994415283e-01 5.312846973538398743e-02 4.990926682949066162e-01 6.935321688652038574e-01 3.928927481174468994e-01 4.525378942489624023e-01 6.022890210151672363e-01
2.077499926090240479e-01 4.305000007152557373e-01 7.377499938011169434e-01 5.252500176429748535e-01 9.707499742507934570e-01 9.187499880790710449e-01 1.584628671407699585e-01 3.761479854583740234e-01 6.665441989898681641e-01 5.965568423271179199e-01 9.851179122924804688e-01 7.219274640083312988e-01
6.372500061988830566e-01 7.391666769981384277e-01 5.817499756813049316e-01 6.377500295639038086e-01 6.782500147819519043e-01 3.152500092983245850e-01 5.919052362442016602e-01 6.803608536720275879e-01 4.978462755680084229e-01 7.566369175910949707e-01 6.403368711471557617e-01 4.036738872528076172e-01
6.342499852180480957e-01 4.295000135898590088e-01 5.232499837875366211e-01 4.042499959468841553e-01 3.822500109672546387e-01 9.537500143051147461e-01 5.974088907241821289e-01 4.887673854827880859e-01 4.467461705207824707e-01 4.058383107185363770e-01 3.531138598918914795e-01 5.042413473129272461e-01
5.502499938011169434e-01 2.035000026226043701e-01 8.232499957084655762e-01 4.174999892711639404e-02 2.032500058412551880e-01 9.307500123977661133e-01 5.359864234924316406e-01 3.004778623580932617e-01 6.479906439781188965e-01 1.303785741329193115e-01 1.876820474863052368e-01 4.195054173469543457e-01
5.012500286102294922e-01 7.578333616256713867e-01 2.367500066757202148e-01 6.125000119209289551e-02 3.622500002384185791e-01 3.162499964237213135e-01 5.259935259819030762e-01 6.078425049781799316e-01 2.025436609983444214e-01 1.915192604064941406e-01 3.674916326999664307e-01 5.277577638626098633e-01
5.702499747276306152e-01 3.691666722297668457e-01 1.522500067949295044e-01 6.737499833106994629e-01 5.332499742507934570e-01 1.737499982118606567e-01 6.304636597633361816e-01 4.196927845478057861e-01 3.243908882141113281e-01 6.745492219924926758e-01 4.853362441062927246e-01 5.848863124847412109e-01
6.722499728202819824e-01 4.814999997615814209e-01 9.057499766349792480e-01 1.317500025033950806e-01 1.692499965429306030e-01 4.382500052452087402e-01 6.807193756103515625e-01 3.470088541507720947e-01 6.882316470146179199e-01 2.261230796575546265e-01 1.640269458293914795e-01 4.015514850616455078e-01
1.750000054016709328e-03 4.084999859333038330e-01 2.192499935626983643e-01 5.857499837875366211e-01 1.982499957084655762e-01 2.447499930858612061e-01 2.175451815128326416e-02 5.874053835868835449e-01 4.358038902282714844e-01 6.626157760620117188e-01 8.929282426834106445e-02 5.153240561485290527e-01
3.532499969005584717e-01 6.891666650772094727e-01 3.427500128746032715e-01 6.137499809265136719e-01 3.175000101327896118e-02 5.827500224113464355e-01 3.186412155628204346e-01 5.129457712173461914e-01 1.959504485130310059e-01 5.918277502059936523e-01 4.869028553366661072e-02 5.445792675018310547e-01
6.075000017881393433e-02 1.908333301544189453e-01 2.627499997615814209e-01 1.117499992251396179e-01 8.874999731779098511e-02 7.127500176429748535e-01 2.424894273281097412e-02 1.928596645593643188e-01 3.785511553287506104e-01 1.465048342943191528e-01 1.895452104508876801e-02 8.336810469627380371e-01
6.427500247955322266e-01 4.071666598320007324e-01 8.342499732971191406e-01 9.527500271797180176e-01 2.217500060796737671e-01 4.802500009536743164e-01 6.999835968017578125e-01 3.079718351364135742e-01 7.803977131843566895e-01 8.066037297248840332e-01 2.461523413658142090e-01 5.537528395652770996e-01
5.182499885559082031e-01 2.278333306312561035e-01 1.567499935626983643e-01 8.647500276565551758e-01 6.932500004768371582e-01 1.417499929666519165e-01 5.625907182693481445e-01 2.652443945407867432e-01 3.081992566585540771e-01 7.572733759880065918e-01 6.590469479560852051e-01 6.352264881134033203e-01
1.117499992251396179e-01 3.808333277702331543e-01 1.052500009536743164e-01 5.272499918937683105e-01 7.074999809265136719e-02 1.727499961853027344e-01 2.171448022127151489e-01 4.920772314071655273e-01 2.798261344432830811e-01 5.097243189811706543e-01 2.588109113276004791e-02 5.296569466590881348e-01
8.332499861717224121e-01 3.888333439826965332e-01 5.274999886751174927e-02 4.912500083446502686e-01 2.452500015497207642e-01 1.102500036358833313e-01 8.175395131111145020e-01 5.074461698532104492e-01 3.853342533111572266e-01 2.966541349887847900e-01 2.430666089057922363e-01 4.583944678306579590e-01
6.927499771118164062e-01 6.318333148956298828e-01 3.787499964237213135e-01 6.617500185966491699e-01 3.747499883174896240e-01 4.137499928474426270e-01 7.460114955902099609e-01 6.693816781044006348e-01 4.694980382919311523e-01 6.525065898895263672e-01 3.533794581890106201e-01 4.592761993408203125e-01
9.542499780654907227e-01 1.975000053644180298e-01 8.327500224113464355e-01 2.062499970197677612e-01 6.447499990463256836e-01 7.537500262260437012e-01 7.819579839706420898e-01 2.626939713954925537e-01 7.938339114189147949e-01 5.050460696220397949e-01 6.305135488510131836e-01 4.734516143798828125e-01
1.267500072717666626e-01 6.718333363533020020e-01 6.102499961853027344e-01 3.717499971389770508e-01 6.797500252723693848e-01 6.902499794960021973e-01 1.341458708047866821e-01 5.640168190002441406e-01 5.545288324356079102e-01 4.788571596145629883e-01 7.175012230873107910e-01 5.662004947662353516e-01
3.457500040531158447e-01 5.668333172798156738e-01 6.922500133514404297e-01 2.012500017881393433e-01 8.762500286102294922e-01 2.972500026226043701e-01 3.925730586051940918e-01 5.521978139877319336e-01 5.304728746414184570e-01 2.052383720874786377e-01 8.362405300140380859e-01 4.206102192401885986e-01
4.447500109672546387e-01 5.625000000000000000e-01 8.557500243186950684e-01 8.752499818801879883e-01 4.275000095367431641e-02 5.152500271797180176e-01 4.382686913013458252e-01 3.597480952739715576e-01 6.833026409149169922e-01 8.659022450447082520e-01 7.829120010137557983e-02 6.048364043235778809e-01
1.697500050067901611e-01 1.948333382606506348e-01 3.250000067055225372e-03 4.982500076293945312e-01 2.477499991655349731e-01 1.972499936819076538e-01 2.848105728626251221e-01 5.164893865585327148e-01 2.818979620933532715e-01 4.010525345802307129e-01 1.309121996164321899e-01 6.007672548294067383e-01
2.142499983310699463e-01 2.341666668653488159e-01 5.922499895095825195e-01 3.032500147819519043e-01 3.117499947547912598e-01 7.737500071525573730e-01 1.715190261602401733e-01 2.765372395515441895e-01 7.140178084373474121e-01 3.023425042629241943e-01 3.093957304954528809e-01 5.867880582809448242e-01
5.417500138282775879e-01 1.761666685342788696e-01 7.097499966621398926e-01 5.952500104904174805e-01 1.167500019073486328e-01 6.475000083446502686e-02 6.829923987388610840e-01 2.439604997634887695e-01 7.908250093460083008e-01 2.868219912052154541e-01 8.685955405235290527e-02 4.250108897686004639e-01
9.832500219345092773e-01 6.011666655540466309e-01 3.592500090599060059e-01 3.397499918937683105e-01 3.447499871253967285e-01 1.322499960660934448e-01 9.293325543403625488e-01 5.518196821212768555e-01 5.016829967498779297e-01 3.048931956291198730e-01 3.579813241958618164e-01 3.501146435737609863e-01
5.657500028610229492e-01 7.931666374206542969e-01 3.767499923706054688e-01 8.007500171661376953e-01 9.102500081062316895e-01 7.847499847412109375e-01 4.511896371841430664e-01 6.605156064033508301e-01 3.911389410495758057e-01 7.821860909461975098e-01 9.172928333282470703e-01 4.722401797771453857e-01
7.022500038146972656e-01 6.004999876022338867e-01 5.382500290870666504e-01 3.502500057220458984e-01 1.507499963045120239e-01 7.477499842643737793e-01 6.616399884223937988e-01 5.121840834617614746e-01 3.347283899784088135e-01 4.759294688701629639e-01 1.569007486104965210e-01 5.868991613388061523e-01
8.457499742507934570e-01 4.128333330154418945e-01 1.117499992251396179e-01 6.592500209808349609e-01 3.332499861717224121e-01 7.257500290870666504e-01 7.652605175971984863e-01 4.954298436641693115e-01 2.977841198444366455e-01 6.574959158897399902e-01 3.308966457843780518e-01 6.030500531196594238e-01
5.652499794960021973e-01 6.051666736602783203e-01 2.692500054836273193e-01 4.037500023841857910e-01 1.512500047683715820e-01 5.232499837875366211e-01 5.586143136024475098e-01 6.255366802215576172e-01 2.623288035392761230e-01 5.542727708816528320e-01 1.484711021184921265e-01 5.831688642501831055e-01
7.374999672174453735e-02 6.474999785423278809e-01 8.862500190734863281e-01 7.747499942779541016e-01 4.287500083446502686e-01 3.797500133514404297e-01 5.829460173845291138e-02 5.571394562721252441e-01 7.204547524452209473e-01 7.993104457855224609e-01 4.636329710483551025e-01 5.330044031143188477e-01
9.250000119209289551e-03 6.671666502952575684e-01 8.472499847412109375e-01 4.362500011920928955e-01 1.627500057220458984e-01 2.147500067949295044e-01 1.690570823848247528e-02 6.531759500503540039e-01 7.725822925567626953e-01 5.061697363853454590e-01 2.134738266468048096e-01 2.683027088642120361e-01
4.022499918937683105e-01 2.058333307504653931e-01 7.767500281333923340e-01 3.127500116825103760e-01 6.012499928474426270e-01 7.097499966621398926e-01 4.237647652626037598e-01 2.647020518779754639e-01 7.581766247749328613e-01 2.954538464546203613e-01 5.467609763145446777e-01 3.994263708591461182e-01
2.682499885559082031e-01 6.144999861717224121e-01 6.832500100135803223e-01 5.902500152587890625e-01 2.842499911785125732e-01 2.822499871253967285e-01 2.455877959728240967e-01 6.218129992485046387e-01 6.891916394233703613e-01 7.695429325103759766e-01 2.968246042728424072e-01 3.293446600437164307e-01
6.842499971389770508e-01 2.198333293199539185e-01 5.412499904632568359e-01 3.177500069141387939e-01 4.387499988079071045e-01 1.007499992847442627e-01 8.822343349456787109e-01 2.659920752048492432e-01 4.286434948444366455e-01 1.609093546867370605e-01 4.159854650497436523e-01 3.960887193679809570e-01
8.775000274181365967e-02 6.345000267028808594e-01 8.122500181198120117e-01 8.487499952316284180e-01 5.107499957084655762e-01 7.672500014305114746e-01 8.526891469955444336e-02 5.074215531349182129e-01 6.551169157028198242e-01 6.080626845359802246e-01 5.480035543441772461e-01 5.846000313758850098e-01
3.177500069141387939e-01 6.374999880790710449e-01 8.277500271797180176e-01 9.867500066757202148e-01 5.547500252723693848e-01 4.432500004768371582e-01 3.140195012092590332e-01 5.463819503784179688e-01 7.615614533424377441e-01 9.233033657073974609e-01 5.477458238601684570e-01 3.554270863533020020e-01
3.622500002384185791e-01 7.098333239555358887e-01 4.332500100135803223e-01 2.467499971389770508e-01 4.412499964237213135e-01 2.575000002980232239e-02 3.741832971572875977e-01 6.944869756698608398e-01 4.035875797271728516e-01 3.516009747982025146e-01 4.294216632843017578e-01 3.399563431739807129e-01
5.807499885559082031e-01 3.148333430290222168e-01 5.957499742507934570e-01 1.624999940395355225e-02 9.624999761581420898e-02 6.322500109672546387e-01 5.202812552452087402e-01 3.603630065917968750e-01 6.370378732681274414e-01 9.042001515626907349e-02 7.185161113739013672e-02 3.987452387809753418e-01
4.232499897480010986e-01 5.768333077430725098e-01 6.837499737739562988e-01 1.002499982714653015e-01 7.512500286102294922e-01 6.597499847412109375e-01 4.296753704547882080e-01 4.694435000419616699e-01 5.048325657844543457e-01 1.272060275077819824e-01 7.578551769256591797e-01 4.243717789649963379e-01
9.137499928474426270e-01 6.528333425521850586e-01 9.847499728202819824e-01 8.587499856948852539e-01 7.642499804496765137e-01 1.775000058114528656e-02 9.612232446670532227e-01 4.566577374935150146e-01 8.336079120635986328e-01 8.660190701484680176e-01 7.559889554977416992e-01 4.619788229465484619e-01
6.137499809265136719e-01 3.255000114440917969e-01 3.467499911785125732e-01 9.642500281333923340e-01 1.977500021457672119e-01 7.897499799728393555e-01 5.982549786567687988e-01 4.873939156532287598e-01 4.256486594676971436e-01 8.749255537986755371e-01 1.850931793451309204e-01 6.070037484169006348e-01
9.387500286102294922e-01 4.758333265781402588e-01 6.122499704360961914e-01 8.422499895095825195e-01 4.357500076293945312e-01 7.012500166893005371e-01 9.699810147285461426e-01 5.949921011924743652e-01 6.681041717529296875e-01 8.274533748626708984e-01 4.408851861953735352e-01 4.637380540370941162e-01
5.032500028610229492e-01 4.888333380222320557e-01 8.847500085830688477e-01 5.552499890327453613e-01 1.842499971389770508e-01 9.687500000000000000e-01 4.402004778385162354e-01 4.591173231601715088e-01 6.961801052093505859e-01 6.485702991485595703e-01 2.184026390314102173e-01 4.276742935180664062e-01
3.977499902248382568e-01 4.135000109672546387e-01 7.582499980926513672e-01 6.402500271797180176e-01 6.412500143051147461e-01 7.252500057220458984e-01 4.002967774868011475e-01 3.478556871414184570e-01 6.996600627899169922e-01 6.568328738212585449e-01 6.644660830497741699e-01 5.288087725639343262e-01
2.967500090599060059e-01 7.678333520889282227e-01 5.277500152587890625e-01 8.107500076293945312e-01 8.812500238418579102e-01 1.997500061988830566e-01 3.069594204425811768e-01 6.463982462882995605e-01 5.390748381614685059e-01 8.535304069519042969e-01 9.028961658477783203e-01 4.664055109024047852e-01
2.852500081062316895e-01 2.038333266973495483e-01 5.427500009536743164e-01 2.192499935626983643e-01 6.687499880790710449e-01 1.527500003576278687e-01 3.144272565841674805e-01 2.677992880344390869e-01 7.499550580978393555e-01 2.277086526155471802e-01 6.694509983062744141e-01 4.503720998764038086e-01
4.357500076293945312e-01 4.465000033378601074e-01 2.697499990463256836e-01 9.877499938011169434e-01 3.762499988079071045e-01 1.507499963045120239e-01 5.465099811553955078e-01 4.890908300876617432e-01 4.586583375930786133e-01 7.594774365425109863e-01 3.547331690788269043e-01 5.711367130279541016e-01
2.152500003576278687e-01 8.138333559036254883e-01 9.817500114440917969e-01 6.437500119209289551e-01 5.357499718666076660e-01 7.532500028610229492e-01 2.128327339887619019e-01 5.931354165077209473e-01 5.991334915161132812e-01 7.763063311576843262e-01 5.650772452354431152e-01 5.036346912384033203e-01
4.147500097751617432e-01 2.754999995231628418e-01 9.357500076293945312e-01 5.447499752044677734e-01 4.547500014305114746e-01 2.727499902248382568e-01 4.954622685909271240e-01 2.208104431629180908e-01 8.456233143806457520e-01 4.195706248283386230e-01 4.692994654178619385e-01 3.519364893436431885e-01
7.887499928474426270e-01 2.154999971389770508e-01 1.717499941587448120e-01 6.975000351667404175e-02 8.097500205039978027e-01 5.882499814033508301e-01 7.313409447669982910e-01 3.686175644397735596e-01 2.984851300716400146e-01 1.081627085804939270e-01 7.370079159736633301e-01 5.267411470413208008e-01
9.842500090599060059e-01 2.268333286046981812e-01 7.442499995231628418e-01 7.167500257492065430e-01 1.425000000745058060e-02 8.682500123977661133e-01 9.054914116859436035e-01 3.496854901313781738e-01 8.161391615867614746e-01 7.270131707191467285e-01 3.257882595062255859e-02 6.102495193481445312e-01
8.197500109672546387e-01 4.441666603088378906e-01 8.132500052452087402e-01 5.742499828338623047e-01 3.652499914169311523e-01 4.247500002384185791e-01 8.804250359535217285e-01 4.189819097518920898e-01 7.785731554031372070e-01 5.569716691970825195e-01 3.973036706447601318e-01 4.497242867946624756e-01
9.317499995231628418e-01 4.221666753292083740e-01 9.857500195503234863e-01 7.962499856948852539e-01 7.422500252723693848e-01 5.202500224113464355e-01 9.429672360420227051e-01 2.647134661674499512e-01 8.498575091361999512e-01 7.895854711532592773e-01 7.672656774520874023e-01 4.686878025531768799e-01
4.227499961853027344e-01 6.938333511352539062e-01 1.537500023841857910e-01 8.232499957084655762e-01 1.857499927282333374e-01 5.847499966621398926e-01 4.217391610145568848e-01 6.983474493026733398e-01 4.980137571692466736e-02 8.837664127349853516e-01 1.879260838031768799e-01 5.734645128250122070e-01
2.867499887943267822e-01 8.008333444595336914e-01 2.842499911785125732e-01 7.307500243186950684e-01 8.417500257492065430e-01 3.302499949932098389e-01 2.616029679775238037e-01 6.931309700012207031e-01 2.296222001314163208e-01 8.486465215682983398e-01 9.289193153381347656e-01 4.594166874885559082e-01
6.907500028610229492e-01 5.065000057220458984e-01 3.142499923706054688e-01 3.782500028610229492e-01 2.847500145435333252e-01 6.372500061988830566e-01 6.725391745567321777e-01 5.056198835372924805e-01 3.286859393119812012e-01 3.154605627059936523e-01 2.852928340435028076e-01 5.337049365043640137e-01
6.677500009536743164e-01 6.388333439826965332e-01 2.257499992847442627e-01 1.757500022649765015e-01 1.952500045299530029e-01 1.592500060796737671e-01 7.032504081726074219e-01 6.662719845771789551e-01 2.212442904710769653e-01 1.940065622329711914e-01 2.057605683803558350e-01 4.084036946296691895e-01
9.527500271797180176e-01 6.635000109672546387e-01 5.974999815225601196e-02 8.717499971389770508e-01 8.657500147819519043e-01 5.957499742507934570e-01 8.628536462783813477e-01 6.192508339881896973e-01 1.870401352643966675e-01 7.731289267539978027e-01 8.651197552680969238e-01 5.791794657707214355e-01
6.052500009536743164e-01 3.131666779518127441e-01 4.125000163912773132e-02 9.632499814033508301e-01 2.747499942779541016e-01 8.097500205039978027e-01 6.059542894363403320e-01 4.366991519927978516e-01 1.109882369637489319e-01 8.292569518089294434e-01 2.681179642677307129e-01 6.766942143440246582e-01
6.142500042915344238e-01 5.461666584014892578e-01 6.724999845027923584e-02 5.647500157356262207e-01 9.997500181198120117e-01 7.812500000000000000e-01 4.647973179817199707e-01 6.398795843124389648e-01 1.347659230232238770e-01 7.060132622718811035e-01 9.717487096786499023e-01 6.144819855690002441e-01
2.225000038743019104e-02 6.468333601951599121e-01 7.072499990463256836e-01 3.307499885559082031e-01 7.882500290870666504e-01 4.342499971389770508e-01 2.885014005005359650e-02 6.562283039093017578e-01 7.444227933883666992e-01 5.596668124198913574e-01 9.124712944030761719e-01 5.376627445220947266e-01
4.282500147819519043e-01 3.445000052452087402e-01 5.507500171661376953e-01 2.802500128746032715e-01 4.942499995231628418e-01 1.247500032186508179e-01 4.883920252323150635e-01 4.194748699665069580e-01 5.791414380073547363e-01 2.786693572998046875e-01 4.632156789302825928e-01 4.001147150993347168e-01
8.325000107288360596e-02 4.014999866485595703e-01 8.817499876022338867e-01 6.597499847412109375e-01 2.552500069141387939e-01 1.257500052452087402e-01 9.164895117282867432e-02 3.763263821601867676e-01 8.171745538711547852e-01 5.492658019065856934e-01 2.767261266708374023e-01 2.387134134769439697e-01
7.042499780654907227e-01 3.005000054836273193e-01 2.732500135898590088e-01 6.082500219345092773e-01 9.787499904632568359e-01 9.362499713897705078e-01 5.515245795249938965e-01 5.687473416328430176e-01 5.335572957992553711e-01 5.071761012077331543e-01 9.058058261871337891e-01 4.715831577777862549e-01
8.007500171661376953e-01 4.535000026226043701e-01 2.824999950826168060e-02 9.222499728202819824e-01 7.952499985694885254e-01 6.532499790191650391e-01 6.817942857742309570e-01 5.729819536209106445e-01 1.427311748266220093e-01 9.102451205253601074e-01 7.605305910110473633e-01 6.224254965782165527e-01
4.017499983310699463e-01 3.614999949932098389e-01 4.652499854564666748e-01 2.457499951124191284e-01 9.222499728202819824e-01 2.842499911785125732e-01 4.168328344821929932e-01 4.772621691226959229e-01 5.795229077339172363e-01 2.566102445125579834e-01 8.829328417778015137e-01 4.741085767745971680e-01
5.457500219345092773e-01 3.891666531562805176e-01 3.707500100135803223e-01 5.607500076293945312e-01 1.662500053644180298e-01 9.292500019073486328e-01 4.805288314819335938e-01 4.598223865032196045e-01 4.736763238906860352e-01 4.658772349357604980e-01 1.571676880121231079e-01 5.675479769706726074e-01
1.675000041723251343e-02 2.898333370685577393e-01 4.042499959468841553e-01 2.775000035762786865e-02 2.492499947547912598e-01 5.624999850988388062e-02 5.681517720222473145e-02 4.503247141838073730e-01 7.309954166412353516e-01 1.225260496139526367e-01 1.646713912487030029e-01 3.423619866371154785e-01
8.882499933242797852e-01 8.318333625793457031e-01 9.997500181198120117e-01 9.287499785423278809e-01 6.017500162124633789e-01 4.522500038146972656e-01 9.402641654014587402e-01 6.360940337181091309e-01 7.604346871376037598e-01 9.525835514068603516e-01 6.056842207908630371e-01 4.765235483646392822e-01
3.597500026226043701e-01 2.475000023841857910e-01 2.432499974966049194e-01 5.347499847412109375e-01 3.062500059604644775e-01 3.502500057220458984e-01 3.614015877246856689e-01 4.949644505977630615e-01 4.705026745796203613e-01 6.336348652839660645e-01 2.711065411567687988e-01 5.566146969795227051e-01
7.047500014305114746e-01 2.928333282470703125e-01 1.174999959766864777e-02 2.552500069141387939e-01 1.172500029206275940e-01 7.827500104904174805e-01 7.349509000778198242e-01 3.439406454563140869e-01 3.730366006493568420e-02 1.200778782367706299e-01 9.476628899574279785e-02 7.133202552795410156e-01
3.812499940395355225e-01 2.801666557788848877e-01 1.212500035762786865e-01 2.462500035762786865e-01 3.407500088214874268e-01 7.662500143051147461e-01 4.130813479423522949e-01 4.170707762241363525e-01 1.864064335823059082e-01 2.033704072237014771e-01 3.101701736450195312e-01 6.390604376792907715e-01
3.562499880790710449e-01 5.121666789054870605e-01 9.477499723434448242e-01 3.207499980926513672e-01 8.747500181198120117e-01 3.732500076293945312e-01 3.284819126129150391e-01 5.291193723678588867e-01 7.439240217208862305e-01 4.186865687370300293e-01 8.290663957595825195e-01 2.581385970115661621e-01
8.772500157356262207e-01 2.208333313465118408e-01 2.672500014305114746e-01 1.457500010728836060e-01 7.042499780654907227e-01 9.747499823570251465e-01 7.381037473678588867e-01 4.234963953495025635e-01 4.404570162296295166e-01 1.639557331800460815e-01 6.624774932861328125e-01 4.670852422714233398e-01
6.207500100135803223e-01 3.398333191871643066e-01 2.272499948740005493e-01 5.117499828338623047e-01 8.087499737739562988e-01 3.867500126361846924e-01 6.856791973114013672e-01 3.734567165374755859e-01 2.614672183990478516e-01 4.953811466693878174e-01 7.700244784355163574e-01 5.692112445831298828e-01
8.137500286102294922e-01 4.774999916553497314e-01 7.637500166893005371e-01 2.542499899864196777e-01 4.892500042915344238e-01 8.042500019073486328e-01 7.957963347434997559e-01 3.819123506546020508e-01 4.952815771102905273e-01 4.109050333499908447e-01 4.874315857887268066e-01 5.318039655685424805e-01
1.462499946355819702e-01 1.838333308696746826e-01 9.887499809265136719e-01 6.677500009536743164e-01 1.224999967962503433e-02 9.622499942779541016e-01 1.699450612068176270e-01 1.890728175640106201e-01 6.039533615112304688e-01 6.429172754287719727e-01 2.365346066653728485e-02 6.817257404327392578e-01
1.287499964237213135e-01 7.501666545867919922e-01 9.207500219345092773e-01 4.922499954700469971e-01 3.462499976158142090e-01 2.022500038146972656e-01 1.157411485910415649e-01 7.279686331748962402e-01 7.438791394233703613e-01 5.959901809692382812e-01 3.266898989677429199e-01 1.073739081621170044e-01
5.467500090599060059e-01 5.885000228881835938e-01 1.452499926090240479e-01 2.737500071525573730e-01 9.852499961853027344e-01 1.125000044703483582e-02 6.448742151260375977e-01 6.537178158760070801e-01 3.474959135055541992e-01 1.390331834554672241e-01 9.275297522544860840e-01 3.797332346439361572e-01
2.072499990463256836e-01 2.894999980926513672e-01 9.637500047683715820e-01 1.992499977350234985e-01 4.207499921321868896e-01 4.492500126361846924e-01 2.078584879636764526e-01 2.946700155735015869e-01 8.033013939857482910e-01 3.418295681476593018e-01 4.311345815658569336e-01 3.411038815975189209e-01
4.612500071525573730e-01 5.251666903495788574e-01 8.797500133514404297e-01 7.867500185966491699e-01 6.872500181198120117e-01 9.525000303983688354e-02 4.911594092845916748e-01 4.640500247478485107e-01 7.288833856582641602e-01 8.324424028396606445e-01 6.843920350074768066e-01 4.416102766990661621e-01
3.117499947547912598e-01 5.734999775886535645e-01 4.892500042915344238e-01 6.372500061988830566e-01 2.652499973773956299e-01 3.752500116825103760e-01 3.190989792346954346e-01 5.824629664421081543e-01 5.591856837272644043e-01 6.680262684822082520e-01 2.740217745304107666e-01 4.676420390605926514e-01
2.517499923706054688e-01 6.198333501815795898e-01 4.977500140666961670e-01 7.227500081062316895e-01 5.952500104904174805e-01 5.182499885559082031e-01 2.771580219268798828e-01 5.105448961257934570e-01 4.425443112850189209e-01 8.290244936943054199e-01 6.135354042053222656e-01 5.728542804718017578e-01
7.067499756813049316e-01 2.685000002384185791e-01 5.397499799728393555e-01 7.762500047683715820e-01 7.002500295639038086e-01 1.207500025629997253e-01 7.673094868659973145e-01 3.708126544952392578e-01 7.289841771125793457e-01 5.474923849105834961e-01 6.797992587089538574e-01 4.761991500854492188e-01
4.467499852180480957e-01 2.358333319425582886e-01 1.957499980926513672e-01 5.187500119209289551e-01 6.922500133514404297e-01 8.962500095367431641e-01 4.403060972690582275e-01 2.564522325992584229e-01 1.623940020799636841e-01 5.310845375061035156e-01 6.703568696975708008e-01 7.773944139480590820e-01
1.667499989271163940e-01 3.058333396911621094e-01 2.737500071525573730e-01 8.237500190734863281e-01 6.537500023841857910e-01 5.142499804496765137e-01 1.955623775720596313e-01 3.896875679492950439e-01 4.970833659172058105e-01 7.044320702552795410e-01 5.705511569976806641e-01 6.496959924697875977e-01
1.262499988079071045e-01 7.378333210945129395e-01 3.882499933242797852e-01 5.025000125169754028e-02 3.697499930858612061e-01 8.467500209808349609e-01 7.268073409795761108e-02 6.188557147979736328e-01 3.251647949218750000e-01 2.890804708003997803e-01 4.612532556056976318e-01 6.796298027038574219e-01
4.882499873638153076e-01 5.348333120346069336e-01 6.622499823570251465e-01 4.122500121593475342e-01 3.807500004768371582e-01 1.025000028312206268e-02 5.147521495819091797e-01 4.232507348060607910e-01 6.680030226707458496e-01 2.317580580711364746e-01 3.900295197963714600e-01 2.864265441894531250e-01
2.607499957084655762e-01 3.608333468437194824e-01 9.957500100135803223e-01 7.667499780654907227e-01 4.282500147819519043e-01 1.707500070333480835e-01 3.269954919815063477e-01 2.091014385223388672e-01 8.797995448112487793e-01 5.927200913429260254e-01 4.587682187557220459e-01 3.261091113090515137e-01
6.712499856948852539e-01 1.844999939203262329e-01 6.842499971389770508e-01 5.262500047683715820e-01 8.137500286102294922e-01 5.317500233650207520e-01 5.779599547386169434e-01 3.155223429203033447e-01 7.684409022331237793e-01 6.281245946884155273e-01 7.933450937271118164e-01 4.617986679077148438e-01
3.897500038146972656e-01 7.645000219345092773e-01 2.977499961853027344e-01 9.697499871253967285e-01 2.027499973773956299e-01 3.512499928474426270e-01 4.430482387542724609e-01 7.156605720520019531e-01 2.660955786705017090e-01 9.014736413955688477e-01 2.137354165315628052e-01 4.675685465335845947e-01
4.982500076293945312e-01 3.598333299160003662e-01 6.932500004768371582e-01 8.737499713897705078e-01 3.422499895095825195e-01 8.537499904632568359e-01 4.945190548896789551e-01 3.789959251880645752e-01 6.499409675598144531e-01 7.582435011863708496e-01 3.780935704708099365e-01 5.388224124908447266e-01
7.182499766349792480e-01 6.291666626930236816e-01 3.925000131130218506e-02 5.322499871253967285e-01 5.922499895095825195e-01 1.157499998807907104e-01 8.551485538482666016e-01 8.130551576614379883e-01 2.994563244283199310e-02 5.609660148620605469e-01 5.554186701774597168e-01 5.515036582946777344e-01
7.077500224113464355e-01 5.975000262260437012e-01 1.382499933242797852e-01 3.572500050067901611e-01 9.067500233650207520e-01 4.172500073909759521e-01 7.210747003555297852e-01 6.367143988609313965e-01 2.153103351593017578e-01 3.607873022556304932e-01 8.807222247123718262e-01 4.930724501609802246e-01
9.972500205039978027e-01 4.148333370685577393e-01 4.582499861717224121e-01 3.007499873638153076e-01 2.467499971389770508e-01 1.374999992549419403e-02 9.490334391593933105e-01 5.527679324150085449e-01 5.848256945610046387e-01 3.441818952560424805e-01 2.197408378124237061e-01 3.753403425216674805e-01
7.812500000000000000e-01 1.751666665077209473e-01 3.517499864101409912e-01 4.552499949932098389e-01 5.249999929219484329e-03 9.752500057220458984e-01 7.570355534553527832e-01 3.239542543888092041e-01 5.249406099319458008e-01 2.266746759414672852e-01 2.418568916618824005e-02 5.152878761291503906e-01
2.137500047683715820e-01 4.708333313465118408e-01 4.347499907016754150e-01 3.002499938011169434e-01 1.107499971985816956e-01 1.107499971985816956e-01 2.605998516082763672e-01 5.413421988487243652e-01 6.263753771781921387e-01 2.501505911350250244e-01 7.741486281156539917e-02 3.871049582958221436e-01
3.887499868869781494e-01 5.494999885559082031e-01 2.447499930858612061e-01 8.117499947547912598e-01 7.482500076293945312e-01 7.932500243186950684e-01 3.510615825653076172e-01 5.164515376091003418e-01 1.906134933233261108e-01 8.719516396522521973e-01 7.326065301895141602e-01 6.283991932868957520e-01
6.972500085830688477e-01 7.688333392143249512e-01 5.637500286102294922e-01 8.472499847412109375e-01 2.392500042915344238e-01 7.517499923706054688e-01 6.837648749351501465e-01 6.237151622772216797e-01 4.767379164695739746e-01 8.242755532264709473e-01 2.709373533725738525e-01 5.377178192138671875e-01
2.612499892711639404e-01 3.605000078678131104e-01 5.347499847412109375e-01 1.077499985694885254e-01 9.912499785423278809e-01 1.692499965429306030e-01 3.507363200187683105e-01 4.147644937038421631e-01 5.897481441497802734e-01 1.410348266363143921e-01 9.425694346427917480e-01 5.634902119636535645e-01
4.787499904632568359e-01 5.248333215713500977e-01 6.927499771118164062e-01 8.577499985694885254e-01 1.987500041723251343e-01 1.787499934434890747e-01 4.780501425266265869e-01 3.861063420772552490e-01 7.453314661979675293e-01 7.446099519729614258e-01 2.516607940196990967e-01 4.644373655319213867e-01
6.307500004768371582e-01 5.088333487510681152e-01 6.697499752044677734e-01 6.702499985694885254e-01 6.762499809265136719e-01 4.177500009536743164e-01 6.058776974678039551e-01 5.804971456527709961e-01 6.701099872589111328e-01 7.113033533096313477e-01 6.589255928993225098e-01 4.313964843750000000e-01
1.587499976158142090e-01 2.731666564941406250e-01 7.717499732971191406e-01 4.307500123977661133e-01 9.324999898672103882e-02 3.062500059604644775e-01 1.749053299427032471e-01 2.100510746240615845e-01 6.972841024398803711e-01 3.675040602684020996e-01 6.897094845771789551e-02 5.967316627502441406e-01
2.427500039339065552e-01 4.268333315849304199e-01 3.875000029802322388e-02 9.357500076293945312e-01 1.632499992847442627e-01 2.612499892711639404e-01 3.646716177463531494e-01 5.093166828155517578e-01 1.708175987005233765e-01 7.556135058403015137e-01 1.190628185868263245e-01 5.721810460090637207e-01
6.317499876022338867e-01 2.221666723489761353e-01 8.312500119209289551e-01 5.097500085830688477e-01 2.987500131130218506e-01 4.237500131130218506e-01 7.379486560821533203e-01 2.798693180084228516e-01 7.239679098129272461e-01 4.446373283863067627e-01 3.037405014038085938e-01 5.019996762275695801e-01
3.422499895095825195e-01 3.251666724681854248e-01 7.467499971389770508e-01 2.352499961853027344e-01 7.024999707937240601e-02 5.337499976158142090e-01 3.488475084304809570e-01 2.574808895587921143e-01 7.540879845619201660e-01 1.795757561922073364e-01 6.370397657155990601e-02 4.486640989780426025e-01
7.232499718666076660e-01 4.351666569709777832e-01 1.682499945163726807e-01 6.122499704360961914e-01 1.682499945163726807e-01 6.467499732971191406e-01 7.750315070152282715e-01 4.548637866973876953e-01 1.174390986561775208e-01 5.453576445579528809e-01 1.440299153327941895e-01 6.834110617637634277e-01
9.647499918937683105e-01 6.161666512489318848e-01 9.427499771118164062e-01 5.332499742507934570e-01 3.987500071525573730e-01 6.672499775886535645e-01 9.580010771751403809e-01 4.667437374591827393e-01 7.906805276870727539e-01 5.528105497360229492e-01 4.072346687316894531e-01 4.024466574192047119e-01
3.674999997019767761e-02 5.678333044052124023e-01 1.857499927282333374e-01 1.057500019669532776e-01 9.407500028610229492e-01 1.272500008344650269e-01 9.249854087829589844e-02 6.907467246055603027e-01 2.998325824737548828e-01 3.181207478046417236e-01 9.121196269989013672e-01 6.116531491279602051e-01
7.842500209808349609e-01 3.568333387374877930e-01 4.524999856948852539e-02 2.975000068545341492e-02 4.657500088214874268e-01 7.462499737739562988e-01 6.783881187438964844e-01 5.144302845001220703e-01 1.106539964675903320e-01 6.000246852636337280e-02 4.242535829544067383e-01 5.446630120277404785e-01
3.647499978542327881e-01 6.514999866485595703e-01 3.402499854564666748e-01 4.852499961853027344e-01 9.167500138282775879e-01 3.592500090599060059e-01 3.284246921539306641e-01 6.309490799903869629e-01 4.475545585155487061e-01 5.989322662353515625e-01 9.241714477539062500e-01 4.412986040115356445e-01
5.997499823570251465e-01 5.824999809265136719e-01 6.157500147819519043e-01 8.157500028610229492e-01 9.557499885559082031e-01 7.182499766349792480e-01 5.605077743530273438e-01 5.869707465171813965e-01 6.450184583663940430e-01 8.550997376441955566e-01 9.446251988410949707e-01 4.947986304759979248e-01
9.367499947547912598e-01 3.151666522026062012e-01 9.037500023841857910e-01 7.222499847412109375e-01 3.497500121593475342e-01 3.747499883174896240e-01 9.073377847671508789e-01 2.642310559749603271e-01 8.716332316398620605e-01 8.188791871070861816e-01 4.101333320140838623e-01 4.996672570705413818e-01
8.127499818801879883e-01 7.038333415985107422e-01 7.482500076293945312e-01 4.147500097751617432e-01 4.224999994039535522e-02 4.537500143051147461e-01 8.819716572761535645e-01 5.972176194190979004e-01 5.431109666824340820e-01 4.781989455223083496e-01 4.375698417425155640e-02 4.926029145717620850e-01
2.582499980926513672e-01 2.811666727066040039e-01 6.527500152587890625e-01 6.912500262260437012e-01 7.352499961853027344e-01 5.472499728202819824e-01 2.583155333995819092e-01 3.336504697799682617e-01 7.850529551506042480e-01 7.079451680183410645e-01 7.243017554283142090e-01 4.780561923980712891e-01
8.512499928474426270e-01 5.891666412353515625e-01 6.172500252723693848e-01 8.712499737739562988e-01 1.997500061988830566e-01 6.472499966621398926e-01 9.037720561027526855e-01 5.839385390281677246e-01 7.040897607803344727e-01 7.601647377014160156e-01 1.792901307344436646e-01 4.884613156318664551e-01
9.092500209808349609e-01 3.158333301544189453e-01 1.597499996423721313e-01 9.952499866485595703e-01 3.287500143051147461e-01 9.727500081062316895e-01 7.776146531105041504e-01 5.768457055091857910e-01 5.093620419502258301e-01 7.629049420356750488e-01 3.225995004177093506e-01 5.400971770286560059e-01
8.347499966621398926e-01 7.968333363533020020e-01 8.072500228881835938e-01 6.250000093132257462e-03 3.562499880790710449e-01 9.232500195503234863e-01 8.883705735206604004e-01 5.223855376243591309e-01 3.467430770397186279e-01 1.304408907890319824e-01 3.653415441513061523e-01 3.388548493385314941e-01
2.347500026226043701e-01 3.428333401679992676e-01 1.952500045299530029e-01 5.297499895095825195e-01 2.775000035762786865e-02 5.617499947547912598e-01 2.421329766511917114e-01 3.279103040695190430e-01 1.618559062480926514e-01 6.565003991127014160e-01 2.308822050690650940e-02 5.720007419586181641e-01
4.777500033378601074e-01 7.691666483879089355e-01 3.147499859333038330e-01 7.012500166893005371e-01 3.322499990463256836e-01 9.672499895095825195e-01 4.641347825527191162e-01 6.472321748733520508e-01 1.483064740896224976e-01 6.936600804328918457e-01 3.543671071529388428e-01 6.170626878738403320e-01
3.102500140666961670e-01 5.695000290870666504e-01 8.467500209808349609e-01 5.327500104904174805e-01 8.102499842643737793e-01 4.882499873638153076e-01 2.944560348987579346e-01 5.054863691329956055e-01 7.468644976615905762e-01 5.732538104057312012e-01 8.200005292892456055e-01 3.086627721786499023e-01
4.812499880790710449e-01 5.928333401679992676e-01 4.327499866485595703e-01 9.892500042915344238e-01 2.212499976158142090e-01 4.727500081062316895e-01 5.011581778526306152e-01 5.776055455207824707e-01 5.451950430870056152e-01 8.397600054740905762e-01 2.337737232446670532e-01 5.408956408500671387e-01
6.324999779462814331e-02 2.371666729450225830e-01 7.647500038146972656e-01 5.797500014305114746e-01 6.942499876022338867e-01 5.237500071525573730e-01 3.869001567363739014e-02 3.025068044662475586e-01 8.344035148620605469e-01 6.551299095153808594e-01 6.311064958572387695e-01 5.924780964851379395e-01
8.877500295639038086e-01 2.181666642427444458e-01 7.127500176429748535e-01 7.687500119209289551e-01 5.947499871253967285e-01 5.952500104904174805e-01 8.733886480331420898e-01 3.239113092422485352e-01 8.297075629234313965e-01 7.108120918273925781e-01 5.824754238128662109e-01 4.517490565776824951e-01
2.147500067949295044e-01 4.704999923706054688e-01 1.337500065565109253e-01 8.507500290870666504e-01 8.032500147819519043e-01 7.717499732971191406e-01 2.203236073255538940e-01 4.918214082717895508e-01 2.797350585460662842e-01 7.662985920906066895e-01 8.222330212593078613e-01 6.931028366088867188e-01
4.422500133514404297e-01 1.764999926090240479e-01 4.402500092983245850e-01 1.772499978542327881e-01 7.625000178813934326e-02 4.262500107288360596e-01 4.325182139873504639e-01 2.538073658943176270e-01 6.979708075523376465e-01 8.523637056350708008e-02 4.872775077819824219e-02 4.173014461994171143e-01
6.582499742507934570e-01 6.788333058357238770e-01 7.487499713897705078e-01 5.725000053644180298e-02 9.375000000000000000e-02 4.322499930858612061e-01 6.575428247451782227e-01 4.231537580490112305e-01 5.392889380455017090e-01 9.156377613544464111e-02 9.513731300830841064e-02 3.688694536685943604e-01
8.852499723434448242e-01 1.771666705608367920e-01 3.447499871253967285e-01 9.947500228881835938e-01 3.352499902248382568e-01 2.525000087916851044e-02 9.078902602195739746e-01 2.678287625312805176e-01 8.116309046745300293e-01 7.034190893173217773e-01 3.426895439624786377e-01 5.146480202674865723e-01
6.742500066757202148e-01 7.944999933242797852e-01 3.917500078678131104e-01 6.132500171661376953e-01 2.817499935626983643e-01 8.257499933242797852e-01 5.734888315200805664e-01 7.023492455482482910e-01 2.663186490535736084e-01 8.276082873344421387e-01 2.840062677860260010e-01 5.152569413185119629e-01
7.697499990463256836e-01 5.128333568572998047e-01 4.762499928474426270e-01 4.275000095367431641e-02 2.572500109672546387e-01 3.632499873638153076e-01 7.303515076637268066e-01 5.093922019004821777e-01 3.876960873603820801e-01 1.887751668691635132e-01 2.641313672065734863e-01 4.231995940208435059e-01
3.777500092983245850e-01 2.574999928474426270e-01 4.837499856948852539e-01 7.672500014305114746e-01 7.874999940395355225e-02 9.587500095367431641e-01 3.656169176101684570e-01 3.418628275394439697e-01 5.746538639068603516e-01 6.968588829040527344e-01 7.005640119314193726e-02 6.025444865226745605e-01
5.527499914169311523e-01 6.205000281333923340e-01 9.877499938011169434e-01 3.482500016689300537e-01 3.567500114440917969e-01 5.597500205039978027e-01 5.557551980018615723e-01 4.457080662250518799e-01 7.049769163131713867e-01 2.951997518539428711e-01 3.731698095798492432e-01 2.607171237468719482e-01
5.624999850988388062e-02 2.121666669845581055e-01 9.237499833106994629e-01 2.132499963045120239e-01 2.662500143051147461e-01 8.725000172853469849e-02 8.961500227451324463e-02 2.073258161544799805e-01 8.724299669265747070e-01 1.157518103718757629e-01 2.137812077999114990e-01 4.339487254619598389e-01
7.302500009536743164e-01 7.411666512489318848e-01 5.732499957084655762e-01 5.112500190734863281e-01 9.142500162124633789e-01 6.052500009536743164e-01 6.497431993484497070e-01 6.436282992362976074e-01 4.686605632305145264e-01 6.119104623794555664e-01 9.044110774993896484e-01 4.559657573699951172e-01
6.517500281333923340e-01 2.351666688919067383e-01 8.627499938011169434e-01 3.602499961853027344e-01 7.552499771118164062e-01 8.624999970197677612e-02 7.495559453964233398e-01 2.827388644218444824e-01 7.496717572212219238e-01 3.305236697196960449e-01 7.580105066299438477e-01 4.423141479492187500e-01
7.102500200271606445e-01 5.995000004768371582e-01 4.062500000000000000e-01 4.367499947547912598e-01 7.472500205039978027e-01 7.337499856948852539e-01 6.322432756423950195e-01 6.817336678504943848e-01 2.738636136054992676e-01 5.715675950050354004e-01 6.802495121955871582e-01 4.646782577037811279e-01
5.857499837875366211e-01 5.264999866485595703e-01 9.624999761581420898e-02 1.667499989271163940e-01 6.437500119209289551e-01 8.047500252723693848e-01 5.717155337333679199e-01 4.249355792999267578e-01 1.652980595827102661e-01 1.152692511677742004e-01 6.388121843338012695e-01 6.093239784240722656e-01
4.652499854564666748e-01 7.718333601951599121e-01 7.642499804496765137e-01 4.962500035762786865e-01 2.997500002384185791e-01 6.324999779462814331e-02 4.380836486816406250e-01 6.825816035270690918e-01 6.648324131965637207e-01 6.149006485939025879e-01 2.986281514167785645e-01 2.373582571744918823e-01
3.427500128746032715e-01 2.638333439826965332e-01 9.542499780654907227e-01 1.397500038146972656e-01 2.174999937415122986e-02 2.507500052452087402e-01 4.889485239982604980e-01 2.643762826919555664e-01 7.045502066612243652e-01 9.150215238332748413e-02 2.368387579917907715e-02 4.072280228137969971e-01
8.507500290870666504e-01 7.785000205039978027e-01 1.737499982118606567e-01 4.417499899864196777e-01 1.142499968409538269e-01 8.297500014305114746e-01 8.128859400749206543e-01 6.713094711303710938e-01 1.350738406181335449e-01 4.508872330188751221e-01 1.178991273045539856e-01 5.983397364616394043e-01
4.092499911785125732e-01 4.065000116825103760e-01 4.917500019073486328e-01 4.347499907016754150e-01 8.017500042915344238e-01 2.222499996423721313e-01 3.616133034229278564e-01 5.865360498428344727e-01 6.405274868011474609e-01 3.450185954570770264e-01 7.462285161018371582e-01 3.091609477996826172e-01
9.157500267028808594e-01 3.728333413600921631e-01 5.482500195503234863e-01 9.407500028610229492e-01 3.007499873638153076e-01 1.907500028610229492e-01 9.778075218200683594e-01 5.068111419677734375e-01 7.983292937278747559e-01 6.797464489936828613e-01 3.044600784778594971e-01 4.458123147487640381e-01
2.387499958276748657e-01 5.828333497047424316e-01 3.172500133514404297e-01 5.642499923706054688e-01 2.522499859333038330e-01 3.712500035762786865e-01 2.441869527101516724e-01 6.888952255249023438e-01 5.638719797134399414e-01 6.572904586791992188e-01 2.361453175544738770e-01 3.279278278350830078e-01
8.777499794960021973e-01 4.665000140666961670e-01 8.137500286102294922e-01 7.487499713897705078e-01 5.057500004768371582e-01 6.837499737739562988e-01 9.066374897956848145e-01 4.178160429000854492e-01 7.379260659217834473e-01 7.090206742286682129e-01 5.188579559326171875e-01 5.098317265510559082e-01
5.362499952316284180e-01 5.565000176429748535e-01 3.474999964237213135e-02 7.842500209808349609e-01 6.327499747276306152e-01 9.250000119209289551e-03 5.726111531257629395e-01 7.036382555961608887e-01 1.932984590530395508e-01 7.076999545097351074e-01 5.532103776931762695e-01 4.675861597061157227e-01
6.557499766349792480e-01 3.031666576862335205e-01 8.272500038146972656e-01 2.447499930858612061e-01 3.577499985694885254e-01 2.302500009536743164e-01 6.020614504814147949e-01 4.149734079837799072e-01 7.506681680679321289e-01 4.192814826965332031e-01 3.616260588169097900e-01 2.959749102592468262e-01
9.882500171661376953e-01 3.091666698455810547e-01 8.524999767541885376e-02 2.242500036954879761e-01 9.902499914169311523e-01 4.682500064373016357e-01 8.498862981796264648e-01 5.205113887786865234e-01 2.557798326015472412e-01 3.452036082744598389e-01 9.471027851104736328e-01 4.834278225898742676e-01
6.287500262260437012e-01 3.498333394527435303e-01 2.857500016689300537e-01 3.732500076293945312e-01 4.812499880790710449e-01 6.352499723434448242e-01 5.775840282440185547e-01 5.323039889335632324e-01 4.206522405147552490e-01 4.445140659809112549e-01 4.274221360683441162e-01 5.064827203750610352e-01
5.397499799728393555e-01 4.061666727066040039e-01 6.297500133514404297e-01 3.267500102519989014e-01 3.487499952316284180e-01 5.725000053644180298e-02 5.020393729209899902e-01 3.375113010406494141e-01 7.467116117477416992e-01 2.464413195848464966e-01 3.751573264598846436e-01 2.925200760364532471e-01
4.267500042915344238e-01 6.014999747276306152e-01 8.512499928474426270e-01 7.774999737739562988e-02 2.597500085830688477e-01 3.737500011920928955e-01 4.927022159099578857e-01 4.216443598270416260e-01 4.669066965579986572e-01 2.116485685110092163e-01 2.907121479511260986e-01 4.727969765663146973e-01
3.537499904632568359e-01 4.298333227634429932e-01 9.447500109672546387e-01 2.277500033378601074e-01 9.157500267028808594e-01 4.197500050067901611e-01 3.260502219200134277e-01 4.585458338260650635e-01 7.571758627891540527e-01 3.349493145942687988e-01 8.826670646667480469e-01 2.936037480831146240e-01
6.172500252723693848e-01 6.048333048820495605e-01 5.582500100135803223e-01 1.242500022053718567e-01 9.122499823570251465e-01 7.887499928474426270e-01 4.966494441032409668e-01 5.651670694351196289e-01 5.048724412918090820e-01 2.350046634674072266e-01 8.766856789588928223e-01 4.064317345619201660e-01
1.352500021457672119e-01 4.971666634082794189e-01 8.082500100135803223e-01 5.727499723434448242e-01 2.737500071525573730e-01 1.287499964237213135e-01 1.514979302883148193e-01 5.010058283805847168e-01 7.610932588577270508e-01 5.699732899665832520e-01 2.998471856117248535e-01 2.484086155891418457e-01
3.237499892711639404e-01 1.671666651964187622e-01 4.517500102519989014e-01 5.127500295639038086e-01 5.192499756813049316e-01 6.462500095367431641e-01 3.293480575084686279e-01 2.589466571807861328e-01 5.847898721694946289e-01 4.024358689785003662e-01 4.842787086963653564e-01 6.277555823326110840e-01
4.032500088214874268e-01 2.255000025033950806e-01 6.592500209808349609e-01 9.312499761581420898e-01 5.867499709129333496e-01 9.574999660253524780e-02 4.498540759086608887e-01 3.580213189125061035e-01 7.890690565109252930e-01 8.244078755378723145e-01 5.796065330505371094e-01 4.033463895320892334e-01
1.782499998807907104e-01 5.178333520889282227e-01 6.672499775886535645e-01 5.974999815225601196e-02 6.962500214576721191e-01 1.482499986886978149e-01 2.436980903148651123e-01 4.423721134662628174e-01 6.031408309936523438e-01 1.134518831968307495e-01 6.854687929153442383e-01 4.778011739253997803e-01
7.249999791383743286e-03 5.961666703224182129e-01 8.457499742507934570e-01 3.867500126361846924e-01 4.352500140666961670e-01 6.575000286102294922e-02 2.459017001092433929e-02 5.895351171493530273e-01 7.796049118041992188e-01 4.261935055255889893e-01 4.106058180332183838e-01 3.389971852302551270e-01
6.107500195503234863e-01 8.118333220481872559e-01 5.537499785423278809e-01 1.437499970197677612e-01 7.262499928474426270e-01 7.087500095367431641e-01 5.443068146705627441e-01 6.523778438568115234e-01 4.662323892116546631e-01 2.414257973432540894e-01 6.829720139503479004e-01 3.279758989810943604e-01
5.392500162124633789e-01 2.001666724681854248e-01 2.325000055134296417e-02 7.482500076293945312e-01 6.422500014305114746e-01 8.147500157356262207e-01 5.604858398437500000e-01 3.353093862533569336e-01 1.111554801464080811e-01 6.078432798385620117e-01 6.193672418594360352e-01 6.968054175376892090e-01
9.322500228881835938e-01 6.085000038146972656e-01 8.602499961853027344e-01 9.147499799728393555e-01 2.832500040531158447e-01 8.952500224113464355e-01 9.664863944053649902e-01 5.031382441520690918e-01 7.007330656051635742e-01 8.740596175193786621e-01 3.281057476997375488e-01 5.493128299713134766e-01
8.807500004768371582e-01 6.701666712760925293e-01 2.332500070333480835e-01 4.192500114440917969e-01 3.012500107288360596e-01 3.224999830126762390e-02 9.351509809494018555e-01 6.840888261795043945e-01 2.994001507759094238e-01 3.661278784275054932e-01 3.139223754405975342e-01 3.534589111804962158e-01
4.367499947547912598e-01 7.664999961853027344e-01 5.317500233650207520e-01 4.612500071525573730e-01 8.642500042915344238e-01 5.247499942779541016e-01 4.460476338863372803e-01 6.022056937217712402e-01 3.681229352951049805e-01 4.871859848499298096e-01 8.856201171875000000e-01 4.883418977260589600e-01
8.182500004768371582e-01 2.461666613817214966e-01 2.182500064373016357e-01 4.512499868869781494e-01 4.487499892711639404e-01 3.457500040531158447e-01 8.093681335449218750e-01 4.306811392307281494e-01 5.450944304466247559e-01 2.685757577419281006e-01 4.399057328701019287e-01 4.252652227878570557e-01
2.922500073909759521e-01 2.118333280086517334e-01 1.612499952316284180e-01 5.674999952316284180e-02 2.822499871253967285e-01 2.125000022351741791e-02 3.869687616825103760e-01 5.038642287254333496e-01 4.254621863365173340e-01 5.035516247153282166e-02 2.354159057140350342e-01 3.498563468456268311e-01
6.787499785423278809e-01 3.515000045299530029e-01 6.407499909400939941e-01 2.712500095367431641e-01 5.042499899864196777e-01 1.372500061988830566e-01 6.888107061386108398e-01 4.302503466606140137e-01 6.641135215759277344e-01 2.631191015243530273e-01 4.854284822940826416e-01 3.258044719696044922e-01
1.097500026226043701e-01 2.434999942779541016e-01 4.857499897480010986e-01 7.927500009536743164e-01 4.897499978542327881e-01 2.192499935626983643e-01 1.732878088951110840e-01 3.836870491504669189e-01 7.206758260726928711e-01 6.462569236755371094e-01 4.237733483314514160e-01 5.213569402694702148e-01
3.062500059604644775e-01 7.774999737739562988e-01 8.462499976158142090e-01 6.257500052452087402e-01 5.012500286102294922e-01 4.312500059604644775e-01 3.271531462669372559e-01 5.399512648582458496e-01 4.663327038288116455e-01 8.237733840942382812e-01 5.508808493614196777e-01 5.369399785995483398e-01
9.152500033378601074e-01 1.854999959468841553e-01 3.202500045299530029e-01 1.937499940395355225e-01 9.577500224113464355e-01 7.632499933242797852e-01 7.374133467674255371e-01 4.149542152881622314e-01 5.572544932365417480e-01 2.228171676397323608e-01 9.040479063987731934e-01 4.434222877025604248e-01
7.772499918937683105e-01 4.004999995231628418e-01 1.152499988675117493e-01 2.632499933242797852e-01 3.877499997615814209e-01 8.177499771118164062e-01 6.001889705657958984e-01 6.049689054489135742e-01 3.276084959506988525e-01 2.829595506191253662e-01 3.563661873340606689e-01 4.467893540859222412e-01
6.177499890327453613e-01 6.188333630561828613e-01 4.407500028610229492e-01 3.187499940395355225e-01 5.037500262260437012e-01 1.127500012516975403e-01 6.947438120841979980e-01 5.767530202865600586e-01 4.163602292537689209e-01 2.469816356897354126e-01 4.813310205936431885e-01 3.960533440113067627e-01
1.002499982714653015e-01 5.921666622161865234e-01 9.897500276565551758e-01 9.132500290870666504e-01 1.322499960660934448e-01 8.727499842643737793e-01 7.743757963180541992e-02 5.611647963523864746e-01 6.898849010467529297e-01 8.173225522041320801e-01 1.469298899173736572e-01 5.512802600860595703e-01
9.402499794960021973e-01 5.188333392143249512e-01 9.487500190734863281e-01 4.777500033378601074e-01 2.077499926090240479e-01 7.452499866485595703e-01 9.097629785537719727e-01 5.596779584884643555e-01 7.283303141593933105e-01 6.696096062660217285e-01 1.992527246475219727e-01 4.966537058353424072e-01
8.977500200271606445e-01 5.648333430290222168e-01 4.902499914169311523e-01 8.275000005960464478e-02 2.402500063180923462e-01 4.277499914169311523e-01 9.300623536109924316e-01 4.952916502952575684e-01 3.448415100574493408e-01 1.447337418794631958e-01 2.602395713329315186e-01 3.258324265480041504e-01
9.572499990463256836e-01 2.585000097751617432e-01 7.447500228881835938e-01 9.007499814033508301e-01 1.324999984353780746e-02 6.362500190734863281e-01 8.549431562423706055e-01 2.811324596405029297e-01 8.708826303482055664e-01 9.094746112823486328e-01 4.258009418845176697e-02 6.374163031578063965e-01
1.282500028610229492e-01 2.711666524410247803e-01 1.292500048875808716e-01 4.867500066757202148e-01 2.427500039339065552e-01 5.177500247955322266e-01 1.560819298028945923e-01 2.919678688049316406e-01 2.216847538948059082e-01 4.311577975749969482e-01 2.261806577444076538e-01 7.463927865028381348e-01
1.907500028610229492e-01 3.168333470821380615e-01 4.087499976158142090e-01 6.582499742507934570e-01 3.202500045299530029e-01 7.142500281333923340e-01 1.647361218929290771e-01 2.852880954742431641e-01 4.595067501068115234e-01 6.053552627563476562e-01 3.699356019496917725e-01 6.937039494514465332e-01
8.177499771118164062e-01 5.158333182334899902e-01 9.177500009536743164e-01 6.962500214576721191e-01 9.737499952316284180e-01 9.702500104904174805e-01 8.169009685516357422e-01 5.241270661354064941e-01 7.639895677566528320e-01 6.777836084365844727e-01 9.504336118698120117e-01 3.963868618011474609e-01
1.497499942779541016e-01 6.631666421890258789e-01 7.742499709129333496e-01 8.707500100135803223e-01 9.797499775886535645e-01 8.497499823570251465e-01 1.616111546754837036e-01 6.260513067245483398e-01 5.866490006446838379e-01 5.991982817649841309e-01 9.735093116760253906e-01 5.237562656402587891e-01
7.877500057220458984e-01 2.938333451747894287e-01 5.392500162124633789e-01 9.187499880790710449e-01 2.862499952316284180e-01 2.547500133514404297e-01 8.952428102493286133e-01 3.439604938030242920e-01 7.205185294151306152e-01 7.041571736335754395e-01 2.990212738513946533e-01 5.666867494583129883e-01
1.362500041723251343e-01 2.808333337306976318e-01 6.487500071525573730e-01 8.325000107288360596e-02 8.572499752044677734e-01 4.837499856948852539e-01 1.242775321006774902e-01 3.565202653408050537e-01 6.735848784446716309e-01 2.374547272920608521e-01 8.546031117439270020e-01 7.022761702537536621e-01
4.407500028610229492e-01 3.228333294391632080e-01 4.772500097751617432e-01 2.472500056028366089e-01 7.737500071525573730e-01 1.302500069141387939e-01 4.172976315021514893e-01 4.392259120941162109e-01 6.538164615631103516e-01 2.263376712799072266e-01 7.569369077682495117e-01 3.770706653594970703e-01
8.412500023841857910e-01 4.334999918937683105e-01 2.297500073909759521e-01 5.312500000000000000e-01 6.257500052452087402e-01 6.652500033378601074e-01 6.969123482704162598e-01 6.848850846290588379e-01 1.940752565860748291e-01 7.875276207923889160e-01 5.572640895843505859e-01 5.038027167320251465e-01
6.125000119209289551e-02 5.948333144187927246e-01 6.412500143051147461e-01 8.322499990463256836e-01 8.932499885559082031e-01 5.572500228881835938e-01 4.836697503924369812e-02 6.666086912155151367e-01 6.645732522010803223e-01 8.101049661636352539e-01 9.781825542449951172e-01 3.881100714206695557e-01
6.672499775886535645e-01 7.091666460037231445e-01 4.477500021457672119e-01 7.922499775886535645e-01 6.062499880790710449e-01 8.722500205039978027e-01 6.160525083541870117e-01 5.900282263755798340e-01 2.478853315114974976e-01 8.494411110877990723e-01 5.826355814933776855e-01 5.713030099868774414e-01
6.902499794960021973e-01 5.784999728202819824e-01 4.602499902248382568e-01 6.632500290870666504e-01 5.674999952316284180e-02 3.137499988079071045e-01 7.695930600166320801e-01 5.632956624031066895e-01 6.232473254203796387e-01 4.877213239669799805e-01 4.802360013127326965e-02 4.896404445171356201e-01
7.992500066757202148e-01 5.228333473205566406e-01 8.062499761581420898e-01 8.147500157356262207e-01 7.022500038146972656e-01 3.612500131130218506e-01 7.960206270217895508e-01 5.103226304054260254e-01 7.206746935844421387e-01 8.645028471946716309e-01 6.711897850036621094e-01 4.842095375061035156e-01
9.257500171661376953e-01 6.524999737739562988e-01 5.782499909400939941e-01 4.917500019073486328e-01 8.022500276565551758e-01 2.637499868869781494e-01 8.978410363197326660e-01 3.515106439590454102e-01 5.985901951789855957e-01 5.220470428466796875e-01 8.147060871124267578e-01 4.203476309776306152e-01
2.675000019371509552e-02 5.781666636466979980e-01 6.322500109672546387e-01 4.537500143051147461e-01 7.562500238418579102e-01 4.757499992847442627e-01 2.246765047311782837e-02 6.603307127952575684e-01 7.073388695716857910e-01 7.447363734245300293e-01 7.991599440574645996e-01 3.700464367866516113e-01
6.242499947547912598e-01 3.345000147819519043e-01 4.177500009536743164e-01 6.487500071525573730e-01 5.632500052452087402e-01 7.767500281333923340e-01 5.821823477745056152e-01 3.462625145912170410e-01 4.716769158840179443e-01 6.305286288261413574e-01 5.392629504203796387e-01 5.697194337844848633e-01
2.412499934434890747e-01 8.075000047683715820e-01 1.317500025033950806e-01 6.747499704360961914e-01 2.237499952316284180e-01 4.972499907016754150e-01 2.798115909099578857e-01 6.754665970802307129e-01 5.695718526840209961e-02 7.286733984947204590e-01 2.862746119499206543e-01 6.384530663490295410e-01
8.502500057220458984e-01 5.028333067893981934e-01 4.672499895095825195e-01 1.312499940395355225e-01 2.707499861717224121e-01 6.075000017881393433e-02 8.820483684539794922e-01 4.561919867992401123e-01 4.968124628067016602e-01 1.191280707716941833e-01 2.648348212242126465e-01 2.823247611522674561e-01
3.357500135898590088e-01 4.711666703224182129e-01 3.697499930858612061e-01 4.387499988079071045e-01 4.867500066757202148e-01 1.075000036507844925e-02 3.106274306774139404e-01 6.225430369377136230e-01 6.388618946075439453e-01 4.608998000621795654e-01 4.435614645481109619e-01 2.658388316631317139e-01
5.974999815225601196e-02 7.795000076293945312e-01 9.072499871253967285e-01 7.122499942779541016e-01 5.772500038146972656e-01 1.892500072717666626e-01 5.855668708682060242e-02 6.559373140335083008e-01 6.008372306823730469e-01 6.418606638908386230e-01 6.042245030403137207e-01 4.052804112434387207e-01
7.647500038146972656e-01 3.181666731834411621e-01 9.032499790191650391e-01 3.277499973773956299e-01 2.607499957084655762e-01 1.687500029802322388e-01 8.795873522758483887e-01 3.661909401416778564e-01 7.290809154510498047e-01 3.510817885398864746e-01 2.573113739490509033e-01 3.880623579025268555e-01
8.462499976158142090e-01 5.641666650772094727e-01 9.392499923706054688e-01 9.117500185966491699e-01 5.627499818801879883e-01 9.262499809265136719e-01 9.429917931556701660e-01 4.846967458724975586e-01 7.379598617553710938e-01 8.167136311531066895e-01 5.536019206047058105e-01 5.138112306594848633e-01
3.377499878406524658e-01 3.161666691303253174e-01 6.292499899864196777e-01 8.542500138282775879e-01 1.362500041723251343e-01 3.424999862909317017e-02 3.911571800708770752e-01 2.641610205173492432e-01 7.713294625282287598e-01 7.575970292091369629e-01 1.494712829589843750e-01 5.422567725181579590e-01
2.687500119209289551e-01 6.104999780654907227e-01 4.147500097751617432e-01 2.887499928474426270e-01 8.177499771118164062e-01 2.337500005960464478e-01 2.744014859199523926e-01 6.835085749626159668e-01 4.920502305030822754e-01 3.146061003208160400e-01 7.457005381584167480e-01 2.812017202377319336e-01
1.652500033378601074e-01 3.958333432674407959e-01 4.257499873638153076e-01 2.025000005960464478e-02 6.032500267028808594e-01 2.862499952316284180e-01 2.070391178131103516e-01 3.917388617992401123e-01 4.950962662696838379e-01 1.247738525271415710e-01 5.333185195922851562e-01 6.159309148788452148e-01
9.687500000000000000e-01 2.088333368301391602e-01 9.102500081062316895e-01 3.274999931454658508e-02 3.942500054836273193e-01 3.467499911785125732e-01 9.439551234245300293e-01 4.637242257595062256e-01 7.343423366546630859e-01 2.560912966728210449e-01 3.449664413928985596e-01 2.497215420007705688e-01
1.537500023841857910e-01 4.538333415985107422e-01 1.917500048875808716e-01 3.297500014305114746e-01 5.517500042915344238e-01 8.797500133514404297e-01 1.082602664828300476e-01 3.839748501777648926e-01 2.709894478321075439e-01 1.442286223173141479e-01 5.673108696937561035e-01 8.324180245399475098e-01
7.677500247955322266e-01 5.671666860580444336e-01 8.242499828338623047e-01 2.222499996423721313e-01 9.674999862909317017e-02 3.987500071525573730e-01 7.808421850204467773e-01 3.821020126342773438e-01 6.555505990982055664e-01 2.550738453865051270e-01 8.969295024871826172e-02 4.369096755981445312e-01
2.307499945163726807e-01 5.914999842643737793e-01 2.087499946355819702e-01 6.362500190734863281e-01 1.122500002384185791e-01 9.372500181198120117e-01 1.977204531431198120e-01 4.934931695461273193e-01 1.154157891869544983e-01 5.616348385810852051e-01 1.281458586454391479e-01 6.815780997276306152e-01
2.749999985098838806e-03 6.738333106040954590e-01 1.607500016689300537e-01 7.175000011920928955e-02 3.662500083446502686e-01 3.762499988079071045e-01 2.646584622561931610e-02 7.157388925552368164e-01 1.488567888736724854e-01 3.776440620422363281e-01 3.139908313751220703e-01 6.685848832130432129e-01
8.217499852180480957e-01 1.721666604280471802e-01 3.132500052452087402e-01 1.042499989271163940e-01 6.587499976158142090e-01 4.902499914169311523e-01 7.939884066581726074e-01 4.487008154392242432e-01 4.485769569873809814e-01 1.862784326076507568e-01 6.314182281494140625e-01 4.436967372894287109e-01
6.747499704360961914e-01 1.868333369493484497e-01 5.947499871253967285e-01 5.837500095367431641e-01 6.747499704360961914e-01 3.172500133514404297e-01 6.160095930099487305e-01 2.879877984523773193e-01 8.030816912651062012e-01 5.292795896530151367e-01 6.435081958770751953e-01 4.023223519325256348e-01
4.842500090599060059e-01 6.704999804496765137e-01 6.742500066757202148e-01 6.002500057220458984e-01 8.775000274181365967e-02 7.647500038146972656e-01 4.854950010776519775e-01 6.130799055099487305e-01 5.622630715370178223e-01 5.815910100936889648e-01 8.761387318372726440e-02 4.896950721740722656e-01
2.502500116825103760e-01 7.404999732971191406e-01 6.182500123977661133e-01 9.127500057220458984e-01 9.602500200271606445e-01 2.457499951124191284e-01 2.269868999719619751e-01 6.849241852760314941e-01 6.921395659446716309e-01 9.429016113281250000e-01 9.892004728317260742e-01 2.804195880889892578e-01
1.232500001788139343e-01 7.595000267028808594e-01 6.575000286102294922e-02 8.552500009536743164e-01 1.717499941587448120e-01 8.922500014305114746e-01 5.810818448662757874e-02 8.202543258666992188e-01 6.382348947227001190e-03 6.523348689079284668e-01 2.354079782962799072e-01 7.204896807670593262e-01
3.307499885559082031e-01 5.988333225250244141e-01 7.872499823570251465e-01 4.877499938011169434e-01 4.327499866485595703e-01 1.967500001192092896e-01 3.219527304172515869e-01 6.187217235565185547e-01 7.299513220787048340e-01 5.879260301589965820e-01 4.155147671699523926e-01 1.843826323747634888e-01
9.357500076293945312e-01 4.765000045299530029e-01 3.117499947547912598e-01 8.922500014305114746e-01 2.267500013113021851e-01 6.452500224113464355e-01 8.813220858573913574e-01 5.360492467880249023e-01 4.508801400661468506e-01 8.749964833259582520e-01 2.229339331388473511e-01 5.917072296142578125e-01
6.187499761581420898e-01 3.134999871253967285e-01 3.682500123977661133e-01 7.577499747276306152e-01 1.407500058412551880e-01 9.552500247955322266e-01 5.872507691383361816e-01 3.649929463863372803e-01 4.757618308067321777e-01 6.802309155464172363e-01 1.404456645250320435e-01 6.065132617950439453e-01
5.167499780654907227e-01 5.808333158493041992e-01 3.827500045299530029e-01 9.507499933242797852e-01 9.847499728202819824e-01 9.847499728202819824e-01 4.818052947521209717e-01 5.920713543891906738e-01 3.042882084846496582e-01 9.036515355110168457e-01 9.774137735366821289e-01 6.334791183471679688e-01
9.112499952316284180e-01 2.748333215713500977e-01 8.147500157356262207e-01 7.077500224113464355e-01 8.597499728202819824e-01 8.862500190734863281e-01 9.162459373474121094e-01 4.896659255027770996e-01 7.464060187339782715e-01 7.101746201515197754e-01 8.137513399124145508e-01 4.667883217334747314e-01
6.397500038146972656e-01 7.154999971389770508e-01 5.697500109672546387e-01 5.147500038146972656e-01 6.047499775886535645e-01 2.947500050067901611e-01 7.039362192153930664e-01 5.474839806556701660e-01 4.323227703571319580e-01 5.101479291915893555e-01 6.227175593376159668e-01 5.136861801147460938e-01
8.577499985694885254e-01 2.168333381414413452e-01 2.547500133514404297e-01 3.422499895095825195e-01 2.307499945163726807e-01 5.277500152587890625e-01 7.606531381607055664e-01 2.864002287387847900e-01 4.159365296363830566e-01 3.178205490112304688e-01 2.247957140207290649e-01 5.398660898208618164e-01
7.177500128746032715e-01 4.388333261013031006e-01 6.875000149011611938e-02 9.827499985694885254e-01 7.297499775886535645e-01 9.462500214576721191e-01 5.853723883628845215e-01 4.977044761180877686e-01 1.026275753974914551e-01 9.025331735610961914e-01 7.368952631950378418e-01 6.946605443954467773e-01
9.547500014305114746e-01 3.425000011920928955e-01 2.362499982118606567e-01 2.532500028610229492e-01 3.957499861717224121e-01 3.624999895691871643e-02 9.223754405975341797e-01 5.639749169349670410e-01 5.001143813133239746e-01 1.914063543081283569e-01 3.651205003261566162e-01 2.662522196769714355e-01
7.347499728202819824e-01 5.608333349227905273e-01 5.287500023841857910e-01 1.337500065565109253e-01 9.347500205039978027e-01 9.624999761581420898e-02 7.127830386161804199e-01 4.078109562397003174e-01 6.173266768455505371e-01 1.524752825498580933e-01 9.224497675895690918e-01 3.987089395523071289e-01
6.337500214576721191e-01 6.301666498184204102e-01 6.382499933242797852e-01 8.627499938011169434e-01 3.917500078678131104e-01 7.047500014305114746e-01 5.969427824020385742e-01 5.799112915992736816e-01 6.178833246231079102e-01 7.878436446189880371e-01 3.988115191459655762e-01 4.817137718200683594e-01
6.707500219345092773e-01 2.608333230018615723e-01 1.392499953508377075e-01 1.887499988079071045e-01 5.372499823570251465e-01 5.507500171661376953e-01 6.169934868812561035e-01 5.217955112457275391e-01 3.223316371440887451e-01 2.530753314495086670e-01 4.698433578014373779e-01 5.035791397094726562e-01
8.552500009536743164e-01 6.041666865348815918e-01 1.862500011920928955e-01 1.202500015497207642e-01 2.367500066757202148e-01 6.587499976158142090e-01 7.958198189735412598e-01 5.774821043014526367e-01 1.162726432085037231e-01 1.876496523618698120e-01 2.420625537633895874e-01 5.630493164062500000e-01
3.317500054836273193e-01 5.008333325386047363e-01 6.567500233650207520e-01 4.667499959468841553e-01 1.037499979138374329e-01 6.857500076293945312e-01 3.693184256553649902e-01 4.662981629371643066e-01 5.477889776229858398e-01 5.060169696807861328e-01 9.036827087402343750e-02 5.439765453338623047e-01
7.397500276565551758e-01 4.931666553020477295e-01 9.327499866485595703e-01 3.432500064373016357e-01 1.125000044703483582e-02 7.752500176429748535e-01 8.210660219192504883e-01 3.951888680458068848e-01 6.350173950195312500e-01 3.266692459583282471e-01 3.588484600186347961e-02 5.281596183776855469e-01
3.797500133514404297e-01 6.408333182334899902e-01 4.002499878406524658e-01 4.522500038146972656e-01 4.062500000000000000e-01 2.552500069141387939e-01 3.276863992214202881e-01 6.701348423957824707e-01 5.817319154739379883e-01 5.469446182250976562e-01 4.015878438949584961e-01 3.241613507270812988e-01
2.602500021457672119e-01 8.248333334922790527e-01 9.827499985694885254e-01 5.387499928474426270e-01 6.292499899864196777e-01 9.282500147819519043e-01 2.863555550575256348e-01 4.515942633152008057e-01 5.973836183547973633e-01 3.074165284633636475e-01 7.193498611450195312e-01 5.228303074836730957e-01
6.352499723434448242e-01 4.131666719913482666e-01 1.125000044703483582e-02 4.127500057220458984e-01 6.712499856948852539e-01 4.052500128746032715e-01 7.014067769050598145e-01 3.587524592876434326e-01 1.542879641056060791e-01 3.379199206829071045e-01 6.670020222663879395e-01 6.145911216735839844e-01
8.057500123977661133e-01 3.421666622161865234e-01 8.972499966621398926e-01 5.132499933242797852e-01 6.702499985694885254e-01 3.672499954700469971e-01 8.774081468582153320e-01 3.666771650314331055e-01 6.976010203361511230e-01 5.282014012336730957e-01 6.489710807800292969e-01 4.755242466926574707e-01
9.025000035762786865e-02 4.544999897480010986e-01 3.272500038146972656e-01 4.997499883174896240e-01 5.750000011175870895e-03 9.107499718666076660e-01 4.817068204283714294e-02 3.911487162113189697e-01 1.787944883108139038e-01 3.278591334819793701e-01 1.827484741806983948e-02 6.946888566017150879e-01
1.174999959766864777e-02 6.548333168029785156e-01 4.792500138282775879e-01 2.497500032186508179e-01 9.417499899864196777e-01 7.207499742507934570e-01 2.000365871936082840e-03 7.605584859848022461e-01 1.008118912577629089e-01 9.857451915740966797e-02 9.446993470191955566e-01 9.711104035377502441e-01
2.957499921321868896e-01 5.298333168029785156e-01 4.382500052452087402e-01 7.052500247955322266e-01 5.052499771118164062e-01 3.447499871253967285e-01 2.940070927143096924e-01 5.885825753211975098e-01 5.508583188056945801e-01 7.075971961021423340e-01 4.787465333938598633e-01 4.685859084129333496e-01
5.117499828338623047e-01 5.755000114440917969e-01 6.097499728202819824e-01 5.417500138282775879e-01 9.177500009536743164e-01 1.292500048875808716e-01 5.075529813766479492e-01 5.985389947891235352e-01 7.172272205352783203e-01 5.628627538681030273e-01 9.165575504302978516e-01 2.897764742374420166e-01
7.097499966621398926e-01 4.041666686534881592e-01 3.632499873638153076e-01 4.832499921321868896e-01 7.717499732971191406e-01 5.962499976158142090e-01 6.026076078414916992e-01 6.266736984252929688e-01 5.252748131752014160e-01 6.073853969573974609e-01 7.128516435623168945e-01 4.415530860424041748e-01
2.572500109672546387e-01 7.511666417121887207e-01 4.625000059604644775e-02 6.097499728202819824e-01 7.842500209808349609e-01 8.882499933242797852e-01 1.955858767032623291e-01 7.605832219123840332e-01 3.120769746601581573e-02 3.193215727806091309e-01 8.094080090522766113e-01 7.475304603576660156e-01
8.942499756813049316e-01 6.038333177566528320e-01 5.497499704360961914e-01 4.132499992847442627e-01 4.922499954700469971e-01 4.357500076293945312e-01 9.167225360870361328e-01 5.647407770156860352e-01 5.934665203094482422e-01 2.974320948123931885e-01 4.563845992088317871e-01 3.036004900932312012e-01
5.822499990463256836e-01 5.134999752044677734e-01 1.772499978542327881e-01 9.292500019073486328e-01 6.907500028610229492e-01 9.027500152587890625e-01 5.222792029380798340e-01 7.106196880340576172e-01 1.837601959705352783e-01 7.510222792625427246e-01 5.870374441146850586e-01 4.531221091747283936e-01
5.937500000000000000e-01 8.218333125114440918e-01 3.597500026226043701e-01 2.357500046491622925e-01 8.282499909400939941e-01 3.827500045299530029e-01 6.129940748214721680e-01 6.165347695350646973e-01 1.855819672346115112e-01 3.747328519821166992e-01 8.391258716583251953e-01 5.663903951644897461e-01
2.177499979734420776e-01 5.908333063125610352e-01 6.402500271797180176e-01 4.027499854564666748e-01 6.997500061988830566e-01 8.102499842643737793e-01 2.445480376482009888e-01 4.955820441246032715e-01 5.294220447540283203e-01 2.462182343006134033e-01 7.225995659828186035e-01 5.503930449485778809e-01
3.407500088214874268e-01 5.584999918937683105e-01 4.767499864101409912e-01 7.362499833106994629e-01 2.942500114440917969e-01 6.267499923706054688e-01 3.417949378490447998e-01 5.206072926521301270e-01 4.770398139953613281e-01 7.285164594650268555e-01 3.002054691314697266e-01 5.528561472892761230e-01
4.752500057220458984e-01 2.231666594743728638e-01 3.992500007152557373e-01 4.737499952316284180e-01 1.027500033378601074e-01 7.742499709129333496e-01 4.562591910362243652e-01 3.369877636432647705e-01 5.480925440788269043e-01 3.182786107063293457e-01 8.096428960561752319e-02 5.577439069747924805e-01
8.257499933242797852e-01 5.055000185966491699e-01 4.187499880790710449e-01 7.722499966621398926e-01 5.257499814033508301e-01 9.392499923706054688e-01 8.279145956039428711e-01 4.856724739074707031e-01 3.512149155139923096e-01 7.582185864448547363e-01 5.100433230400085449e-01 5.412274599075317383e-01
8.624999970197677612e-02 7.328333258628845215e-01 8.352500200271606445e-01 5.232499837875366211e-01 8.042500019073486328e-01 1.337500065565109253e-01 9.984822571277618408e-02 6.112923026084899902e-01 6.726946234703063965e-01 4.579219520092010498e-01 7.972701191902160645e-01 4.668090343475341797e-01
5.202500224113464355e-01 4.861666560173034668e-01 6.152499914169311523e-01 3.662500083446502686e-01 3.774999827146530151e-02 7.192500233650207520e-01 5.205383896827697754e-01 4.949151575565338135e-01 4.702028632164001465e-01 3.930254876613616943e-01 4.269316047430038452e-02 5.325908064842224121e-01
7.382500171661376953e-01 3.524999916553497314e-01 5.037500262260437012e-01 6.012499928474426270e-01 5.862500071525573730e-01 1.237500011920928955e-01 7.507184743881225586e-01 4.005049467086791992e-01 6.624858379364013672e-01 6.191979646682739258e-01 5.535112619400024414e-01 5.184741616249084473e-01
2.992500066757202148e-01 2.028333395719528198e-01 1.262499988079071045e-01 8.822500109672546387e-01 3.982500135898590088e-01 2.474999986588954926e-02 4.156115651130676270e-01 3.513041138648986816e-01 5.617963075637817383e-01 4.227881133556365967e-01 3.417157530784606934e-01 5.436283349990844727e-01
8.632500171661376953e-01 4.165000021457672119e-01 4.027499854564666748e-01 8.617500066757202148e-01 4.562500119209289551e-01 8.847500085830688477e-01 8.678507208824157715e-01 5.996745824813842773e-01 6.083178520202636719e-01 7.185631990432739258e-01 4.372834265232086182e-01 4.827033579349517822e-01
5.007500052452087402e-01 3.741666674613952637e-01 7.292500138282775879e-01 7.117499709129333496e-01 9.312499761581420898e-01 2.352499961853027344e-01 5.393782258033752441e-01 3.194553852081298828e-01 7.796331644058227539e-01 6.467978358268737793e-01 9.096370935440063477e-01 4.722524583339691162e-01
5.897499918937683105e-01 5.361666679382324219e-01 4.647499918937683105e-01 6.992499828338623047e-01 1.992499977350234985e-01 8.232499957084655762e-01 5.578833222389221191e-01 6.342212557792663574e-01 5.819213390350341797e-01 6.345843076705932617e-01 1.921588629484176636e-01 4.458861649036407471e-01
4.172500073909759521e-01 1.711666733026504517e-01 4.412499964237213135e-01 2.187500000000000000e-01 1.757500022649765015e-01 5.157499909400939941e-01 4.367510676383972168e-01 3.211365342140197754e-01 5.162562727928161621e-01 3.081364333629608154e-01 1.521521955728530884e-01 5.838747024536132812e-01
7.032499909400939941e-01 2.941666543483734131e-01 4.832499921321868896e-01 4.547500014305114746e-01 4.492500126361846924e-01 3.375000134110450745e-02 8.170337677001953125e-01 3.598757982254028320e-01 6.330077052116394043e-01 2.302536964416503906e-01 4.323946237564086914e-01 3.832651972770690918e-01
9.167500138282775879e-01 7.381666898727416992e-01 4.127500057220458984e-01 2.827500104904174805e-01 3.047499954700469971e-01 4.157499969005584717e-01 8.719114661216735840e-01 6.734594702720642090e-01 3.206335604190826416e-01 5.109825730323791504e-01 3.203380405902862549e-01 4.422241449356079102e-01
4.057500064373016357e-01 4.914999902248382568e-01 3.107500076293945312e-01 2.522499859333038330e-01 5.597500205039978027e-01 5.312500000000000000e-01 4.066647887229919434e-01 5.468803644180297852e-01 3.161159455776214600e-01 1.979202628135681152e-01 5.349193811416625977e-01 4.973778724670410156e-01
7.907500267028808594e-01 6.424999833106994629e-01 2.307499945163726807e-01 4.062500000000000000e-01 4.042499959468841553e-01 7.522500157356262207e-01 7.087651491165161133e-01 5.880138278007507324e-01 2.257968634366989136e-01 4.306989610195159912e-01 3.739669919013977051e-01 5.782233476638793945e-01
7.557500004768371582e-01 6.971666812896728516e-01 2.222499996423721313e-01 1.592500060796737671e-01 2.975000068545341492e-02 8.337500095367431641e-01 7.065679430961608887e-01 6.824644804000854492e-01 1.011516675353050232e-01 1.907336711883544922e-01 3.643982484936714172e-02 6.180641055107116699e-01
9.197499752044677734e-01 7.251666784286499023e-01 5.852500200271606445e-01 9.272500276565551758e-01 1.032499969005584717e-01 7.707499861717224121e-01 9.127424359321594238e-01 5.768248438835144043e-01 6.192882061004638672e-01 8.948311209678649902e-01 9.434939920902252197e-02 5.526708960533142090e-01
7.007499933242797852e-01 2.828333377838134766e-01 3.007499873638153076e-01 1.912499964237213135e-01 1.642500013113021851e-01 4.825000092387199402e-02 7.582603096961975098e-01 3.541975617408752441e-01 4.009048342704772949e-01 1.237304210662841797e-01 1.350944787263870239e-01 4.256871938705444336e-01
3.582499921321868896e-01 3.034999966621398926e-01 9.617499709129333496e-01 3.632499873638153076e-01 4.802500009536743164e-01 9.892500042915344238e-01 3.144487440586090088e-01 2.528273463249206543e-01 7.565686106681823730e-01 4.664719104766845703e-01 4.883655309677124023e-01 5.216913223266601562e-01
5.572500228881835938e-01 6.501666903495788574e-01 5.007500052452087402e-01 8.547499775886535645e-01 7.812500000000000000e-01 9.452499747276306152e-01 5.025103688240051270e-01 5.519671440124511719e-01 3.026851713657379150e-01 9.471827745437622070e-01 7.998137474060058594e-01 6.150083541870117188e-01
7.057499885559082031e-01 2.648333311080932617e-01 4.827499985694885254e-01 6.237499713897705078e-01 1.552499979734420776e-01 9.407500028610229492e-01 6.478632688522338867e-01 3.156088888645172119e-01 6.512657999992370605e-01 3.952842950820922852e-01 1.436398923397064209e-01 5.226170420646667480e-01
6.982499957084655762e-01 2.421666681766510010e-01 7.787500023841857910e-01 9.352499842643737793e-01 9.092500209808349609e-01 4.517500102519989014e-01 6.292511820793151855e-01 2.721183001995086670e-01 9.031682014465332031e-01 8.936933279037475586e-01 8.981232047080993652e-01 3.558350503444671631e-01
3.837499916553497314e-01 7.721666693687438965e-01 7.087500095367431641e-01 6.542500257492065430e-01 7.972499728202819824e-01 1.387500017881393433e-01 3.791554570198059082e-01 6.474496722221374512e-01 5.931091308593750000e-01 8.048639893531799316e-01 8.005821108818054199e-01 4.344186782836914062e-01
3.007499873638153076e-01 8.191666603088378906e-01 1.677500009536743164e-01 3.774999827146530151e-02 4.822500050067901611e-01 3.837499916553497314e-01 3.552560210227966309e-01 6.866042613983154297e-01 1.532412767410278320e-01 1.501597613096237183e-01 5.391721129417419434e-01 5.577957034111022949e-01
2.207500040531158447e-01 3.308333456516265869e-01 9.322500228881835938e-01 4.067499935626983643e-01 2.022500038146972656e-01 5.917500257492065430e-01 2.454170435667037964e-01 2.841262519359588623e-01 7.696475386619567871e-01 3.752613365650177002e-01 2.058276981115341187e-01 4.773756861686706543e-01
5.357499718666076660e-01 8.038333058357238770e-01 6.667500138282775879e-01 1.652500033378601074e-01 6.457499861717224121e-01 4.842500090599060059e-01 4.772027730941772461e-01 6.465855240821838379e-01 4.969442188739776611e-01 3.195505738258361816e-01 6.632009148597717285e-01 3.556496202945709229e-01
7.797499895095825195e-01 4.241666793823242188e-01 3.452500104904174805e-01 4.247500002384185791e-01 8.124999701976776123e-02 1.924999989569187164e-02 8.055018782615661621e-01 5.287428498268127441e-01 5.674221515655517578e-01 3.344240784645080566e-01 5.921087414026260376e-02 4.962801337242126465e-01
9.002500176429748535e-01 4.108333289623260498e-01 2.167499959468841553e-01 6.967499852180480957e-01 1.177499964833259583e-01 7.002500295639038086e-01 8.702932000160217285e-01 6.237007379531860352e-01 3.122560977935791016e-01 7.499842643737792969e-01 8.567231148481369019e-02 5.574826002120971680e-01
5.157499909400939941e-01 3.185000121593475342e-01 1.762499958276748657e-01 8.572499752044677734e-01 8.157500028610229492e-01 4.975000023841857910e-02 6.307082176208496094e-01 5.479493737220764160e-01 3.657303452491760254e-01 7.283410429954528809e-01 7.436320781707763672e-01 5.310378670692443848e-01
1.882500052452087402e-01 2.858333289623260498e-01 4.172500073909759521e-01 7.749999873340129852e-03 6.087499856948852539e-01 3.575000166893005371e-02 2.719748914241790771e-01 4.091005325317382812e-01 5.740845203399658203e-01 8.814737200736999512e-02 4.824349582195281982e-01 3.972806632518768311e-01
1.822499930858612061e-01 7.611666917800903320e-01 1.437499970197677612e-01 4.237500131130218506e-01 3.525000065565109253e-02 7.837499976158142090e-01 1.433982402086257935e-01 6.367536783218383789e-01 4.024500772356987000e-02 4.248931109905242920e-01 1.288592517375946045e-01 8.133010268211364746e-01
3.152500092983245850e-01 2.888333201408386230e-01 4.202499985694885254e-01 4.157499969005584717e-01 4.987500011920928955e-01 7.175000011920928955e-02 3.105252981185913086e-01 4.106575548648834229e-01 7.556777596473693848e-01 3.595685362815856934e-01 4.834733605384826660e-01 2.016169130802154541e-01
4.002499878406524658e-01 7.508333325386047363e-01 6.352499723434448242e-01 7.017499804496765137e-01 9.027500152587890625e-01 8.282499909400939941e-01 4.039807915687561035e-01 5.367660522460937500e-01 3.879173994064331055e-01 6.963336467742919922e-01 9.208746552467346191e-01 5.834679007530212402e-01
2.474999986588954926e-02 5.814999938011169434e-01 5.249999929219484329e-03 2.547500133514404297e-01 5.712500214576721191e-01 8.577499985694885254e-01 1.780894990588421933e-06 8.937560319900512695e-01 3.619203141624893760e-07 1.648084030358987206e-10 9.995929598808288574e-01 1.000000000000000000e+00
9.187499880790710449e-01 3.695000112056732178e-01 2.067500054836273193e-01 7.575000077486038208e-02 4.687500000000000000e-01 9.487500190734863281e-01 8.839426636695861816e-01 5.659855008125305176e-01 1.513957381248474121e-01 8.779749274253845215e-02 4.366153180599212646e-01 4.000052511692047119e-01
1.152499988675117493e-01 6.201666593551635742e-01 2.342499941587448120e-01 6.475000083446502686e-02 4.577499926090240479e-01 2.692500054836273193e-01 1.568376719951629639e-01 6.108476519584655762e-01 2.914704084396362305e-01 2.005836665630340576e-01 4.641461968421936035e-01 6.185595989227294922e-01
8.172500133514404297e-01 7.851666808128356934e-01 9.432500004768371582e-01 6.750000175088644028e-03 6.277499794960021973e-01 8.142499923706054688e-01 7.947604656219482422e-01 4.964318573474884033e-01 4.603101909160614014e-01 3.075061142444610596e-01 6.562139391899108887e-01 4.760655462741851807e-01
6.102499961853027344e-01 2.361666709184646606e-01 8.672500252723693848e-01 9.525000303983688354e-02 6.250000093132257462e-03 1.167500019073486328e-01 6.606390476226806641e-01 2.163079679012298584e-01 7.684605717658996582e-01 1.671155691146850586e-01 2.813455834984779358e-02 4.039670228958129883e-01
8.432499766349792480e-01 4.271666705608367920e-01 7.702500224113464355e-01 4.757499992847442627e-01 6.242499947547912598e-01 6.797500252723693848e-01 7.669963240623474121e-01 3.475994467735290527e-01 7.449456453323364258e-01 5.078448653221130371e-01 6.215211153030395508e-01 4.596058428287506104e-01
6.374999880790710449e-02 5.481666922569274902e-01 8.572499752044677734e-01 9.777500033378601074e-01 8.697500228881835938e-01 2.182500064373016357e-01 4.363479837775230408e-02 6.041572093963623047e-01 8.074054121971130371e-01 9.358201026916503906e-01 8.949703574180603027e-01 2.361089140176773071e-01
4.522500038146972656e-01 6.075000166893005371e-01 1.687500029802322388e-01 1.525000017136335373e-02 9.712499976158142090e-01 3.007499873638153076e-01 4.628249108791351318e-01 6.533723473548889160e-01 2.342548668384552002e-01 1.790418624877929688e-01 9.158691763877868652e-01 5.340130925178527832e-01
6.032500267028808594e-01 6.588333249092102051e-01 1.902499943971633911e-01 8.662499785423278809e-01 9.622499942779541016e-01 2.212499976158142090e-01 5.844152569770812988e-01 6.076668500900268555e-01 2.799514532089233398e-01 8.711334466934204102e-01 9.664254784584045410e-01 6.079088449478149414e-01
9.437500238418579102e-01 3.798333406448364258e-01 1.447499990463256836e-01 1.212500035762786865e-01 1.317500025033950806e-01 7.249999791383743286e-03 9.117624759674072266e-01 5.516073703765869141e-01 3.552198112010955811e-01 1.207516565918922424e-01 8.812472969293594360e-02 3.297909498214721680e-01
1.332499980926513672e-01 2.068333327770233154e-01 5.352500081062316895e-01 4.125000163912773132e-02 2.692500054836273193e-01 6.987500190734863281e-01 1.142937093973159790e-01 2.594969570636749268e-01 5.687138438224792480e-01 1.175789907574653625e-01 2.584227323532104492e-01 7.089660167694091797e-01
8.937500119209289551e-01 3.264999985694885254e-01 5.622500181198120117e-01 7.332500219345092773e-01 4.975000023841857910e-02 6.512500047683715820e-01 8.655538558959960938e-01 4.147560894489288330e-01 7.223038077354431152e-01 6.416934728622436523e-01 5.008991807699203491e-02 5.975497961044311523e-01
6.912500262260437012e-01 3.811666667461395264e-01 3.967500030994415283e-01 3.375000134110450745e-02 1.332499980926513672e-01 6.177499890327453613e-01 6.663926243782043457e-01 4.013658165931701660e-01 4.137496054172515869e-01 7.428612560033798218e-02 1.101145371794700623e-01 4.047247171401977539e-01
4.125000163912773132e-02 1.965000033378601074e-01 3.257499933242797852e-01 2.152500003576278687e-01 6.742500066757202148e-01 9.182500243186950684e-01 3.664812073111534119e-02 3.744697570800781250e-01 4.749268889427185059e-01 1.722775548696517944e-01 4.966681599617004395e-01 8.342869281768798828e-01
8.597499728202819824e-01 1.991666704416275024e-01 8.732500076293945312e-01 3.407500088214874268e-01 6.552500128746032715e-01 9.002500176429748535e-01 9.176191091537475586e-01 4.281626939773559570e-01 6.500333547592163086e-01 3.873613774776458740e-01 6.163362860679626465e-01 4.384604692459106445e-01
5.175000056624412537e-02 4.691666662693023682e-01 6.607499718666076660e-01 4.374999925494194031e-02 2.782500088214874268e-01 4.467499852180480957e-01 4.289853572845458984e-02 4.239406287670135498e-01 7.146741151809692383e-01 1.460069566965103149e-01 3.605940937995910645e-01 6.937376856803894043e-01
6.507499814033508301e-01 7.198333144187927246e-01 8.017500042915344238e-01 7.724999636411666870e-02 2.257499992847442627e-01 9.757500290870666504e-01 6.306629180908203125e-01 6.328194737434387207e-01 3.874520361423492432e-01 1.712430566549301147e-01 2.445391416549682617e-01 3.411726355552673340e-01
2.892499864101409912e-01 6.461666822433471680e-01 4.032500088214874268e-01 9.982500076293945312e-01 2.982499897480010986e-01 8.687499761581420898e-01 2.747426629066467285e-01 6.547942161560058594e-01 3.482245802879333496e-01 9.018274545669555664e-01 3.031425476074218750e-01 4.707617461681365967e-01
7.572500109672546387e-01 4.801666736602783203e-01 1.947499960660934448e-01 9.747499823570251465e-01 6.167500019073486328e-01 6.292499899864196777e-01 7.174274325370788574e-01 5.624598860740661621e-01 2.435141652822494507e-01 8.944008350372314453e-01 5.957483053207397461e-01 5.832417607307434082e-01
7.482500076293945312e-01 5.475000143051147461e-01 6.737499833106994629e-01 7.257500290870666504e-01 7.497500181198120117e-01 6.782500147819519043e-01 6.686872243881225586e-01 5.558090209960937500e-01 6.829843521118164062e-01 7.670421600341796875e-01 7.390928268432617188e-01 4.546092450618743896e-01
9.872499704360961914e-01 4.818333387374877930e-01 2.082500010728836060e-01 9.852499961853027344e-01 3.052499890327453613e-01 2.462500035762786865e-01 9.829702377319335938e-01 7.725878357887268066e-01 4.602662324905395508e-01 8.790175914764404297e-01 2.831723093986511230e-01 3.962438106536865234e-01
4.477500021457672119e-01 7.591666579246520996e-01 2.657499909400939941e-01 2.142499983310699463e-01 6.982499957084655762e-01 1.277499943971633911e-01 4.123253822326660156e-01 6.793616414070129395e-01 2.183158844709396362e-01 4.722770750522613525e-01 6.754135489463806152e-01 4.517656266689300537e-01
5.537499785423278809e-01 3.684999942779541016e-01 8.027499914169311523e-01 3.652499914169311523e-01 3.827500045299530029e-01 4.942499995231628418e-01 5.276603698730468750e-01 3.089544773101806641e-01 6.390047669410705566e-01 4.896375834941864014e-01 4.091034829616546631e-01 5.291614532470703125e-01
8.337500095367431641e-01 3.274999856948852539e-01 2.097499966621398926e-01 3.252499997615814209e-01 3.592500090599060059e-01 1.027500033378601074e-01 7.724747657775878906e-01 5.135026574134826660e-01 4.985965788364410400e-01 2.803810834884643555e-01 3.612783849239349365e-01 4.007328450679779053e-01
9.397500157356262207e-01 6.438333392143249512e-01 5.912500023841857910e-01 3.247500061988830566e-01 5.752500295639038086e-01 5.012500286102294922e-01 9.350523352622985840e-01 4.905391037464141846e-01 5.008811354637145996e-01 3.849626183509826660e-01 5.607371330261230469e-01 4.404110610485076904e-01
3.257499933242797852e-01 5.041666626930236816e-01 2.427500039339065552e-01 5.750000011175870895e-03 2.127500027418136597e-01 4.425000026822090149e-02 3.501270711421966553e-01 5.857712626457214355e-01 3.719687461853027344e-01 5.868035927414894104e-02 1.947271823883056641e-01 3.761170804500579834e-01
1.662500053644180298e-01 1.701666712760925293e-01 4.975000023841857910e-02 3.067499995231628418e-01 6.232500076293945312e-01 6.737499833106994629e-01 1.401023566722869873e-01 2.930957674980163574e-01 1.781850904226303101e-01 2.362423837184906006e-01 5.913779139518737793e-01 8.775957822799682617e-01
7.807499766349792480e-01 4.928333461284637451e-01 9.567499756813049316e-01 5.027499794960021973e-01 5.497499704360961914e-01 4.872500002384185791e-01 7.818838953971862793e-01 3.744300007820129395e-01 7.575929164886474609e-01 6.100044250488281250e-01 5.517486929893493652e-01 4.571805894374847412e-01
8.742499947547912598e-01 7.121666669845581055e-01 7.372499704360961914e-01 9.025000035762786865e-02 8.467500209808349609e-01 3.075000084936618805e-02 9.064819812774658203e-01 3.572008907794952393e-01 6.577770113945007324e-01 1.587895303964614868e-01 8.500315546989440918e-01 3.271258175373077393e-01
9.792500138282775879e-01 2.138333320617675781e-01 2.775000035762786865e-02 8.262500166893005371e-01 7.302500009536743164e-01 2.907499969005584717e-01 9.149495363235473633e-01 4.900189042091369629e-01 3.224193751811981201e-01 7.967942953109741211e-01 7.050378322601318359e-01 4.656976461410522461e-01
3.297500014305114746e-01 1.944999992847442627e-01 3.892500102519989014e-01 1.517499983310699463e-01 9.132500290870666504e-01 6.287500262260437012e-01 3.357210755348205566e-01 2.776499390602111816e-01 4.621909260749816895e-01 1.988733857870101929e-01 9.038457870483398438e-01 7.301303744316101074e-01
7.287499904632568359e-01 2.151666730642318726e-01 2.252500057220458984e-01 1.997500061988830566e-01 8.352500200271606445e-01 9.152500033378601074e-01 5.949485301971435547e-01 3.403679132461547852e-01 3.994264900684356689e-01 1.663952916860580444e-01 7.958986759185791016e-01 5.317753553390502930e-01
7.332500219345092773e-01 1.805000007152557373e-01 8.192499876022338867e-01 3.107500076293945312e-01 8.882499933242797852e-01 6.947500109672546387e-01 6.773734092712402344e-01 3.393370509147644043e-01 7.866767644882202148e-01 3.045203089714050293e-01 8.365083932876586914e-01 3.077415823936462402e-01
7.917500138282775879e-01 7.515000104904174805e-01 2.767499983310699463e-01 1.374999992549419403e-02 4.702500104904174805e-01 4.207499921321868896e-01 8.327095508575439453e-01 6.126601696014404297e-01 1.377677768468856812e-01 1.717163622379302979e-01 4.468280076980590820e-01 5.046222805976867676e-01
2.197500020265579224e-01 8.058333396911621094e-01 8.257499933242797852e-01 1.467500030994415283e-01 1.357499957084655762e-01 1.152499988675117493e-01 2.220960259437561035e-01 6.463295221328735352e-01 6.355469226837158203e-01 1.995459347963333130e-01 1.782684624195098877e-01 1.863513886928558350e-01
3.762499988079071045e-01 2.175000011920928955e-01 1.457500010728836060e-01 2.972500026226043701e-01 3.892500102519989014e-01 4.632500112056732178e-01 4.139358997344970703e-01 3.424372673034667969e-01 2.424392104148864746e-01 2.568694353103637695e-01 3.500124812126159668e-01 6.245267987251281738e-01
5.222499966621398926e-01 7.151666879653930664e-01 3.742499947547912598e-01 2.624999918043613434e-02 7.724999636411666870e-02 6.777499914169311523e-01 5.037692785263061523e-01 6.343731284141540527e-01 1.736973971128463745e-01 6.972408294677734375e-02 6.550440192222595215e-02 5.303275585174560547e-01
5.487499833106994629e-01 2.878333330154418945e-01 6.092500090599060059e-01 2.312500029802322388e-01 4.362500011920928955e-01 8.737499713897705078e-01 4.951108694076538086e-01 4.022162556648254395e-01 5.464555025100708008e-01 3.331478536128997803e-01 4.412260055541992188e-01 4.775756001472473145e-01
7.367500066757202148e-01 5.911666750907897949e-01 4.927499890327453613e-01 7.022500038146972656e-01 8.652499914169311523e-01 6.327499747276306152e-01 7.007451653480529785e-01 5.967156887054443359e-01 6.072977185249328613e-01 6.409696340560913086e-01 8.296993970870971680e-01 4.503498077392578125e-01
7.675000280141830444e-02 7.951666712760925293e-01 4.232499897480010986e-01 4.197500050067901611e-01 5.575000122189521790e-02 6.897500157356262207e-01 6.003944948315620422e-02 6.048569679260253906e-01 2.744948565959930420e-01 3.179424405097961426e-01 1.568931043148040771e-01 6.789470314979553223e-01
4.347499907016754150e-01 1.755000054836273193e-01 4.942499995231628418e-01 4.087499976158142090e-01 4.077500104904174805e-01 2.325000055134296417e-02 4.688494205474853516e-01 2.519370317459106445e-01 8.075981140136718750e-01 2.082648277282714844e-01 3.920436203479766846e-01 2.969011366367340088e-01
3.857499957084655762e-01 8.264999985694885254e-01 8.447499871253967285e-01 1.167500019073486328e-01 1.217499971389770508e-01 5.342500209808349609e-01 4.107637703418731689e-01 6.021101474761962891e-01 4.610592424869537354e-01 3.192874491214752197e-01 1.588342785835266113e-01 4.702571034431457520e-01
3.047499954700469971e-01 6.608333587646484375e-01 5.127500295639038086e-01 5.507500171661376953e-01 8.492500185966491699e-01 5.242499709129333496e-01 2.932147383689880371e-01 5.561941862106323242e-01 4.273034632205963135e-01 6.013122200965881348e-01 8.318453431129455566e-01 5.345524549484252930e-01
7.337499856948852539e-01 7.444999814033508301e-01 9.422500133514404297e-01 4.707500040531158447e-01 2.474999986588954926e-02 4.212499856948852539e-01 8.528931736946105957e-01 5.584668517112731934e-01 5.948804616928100586e-01 4.925124645233154297e-01 3.791479766368865967e-02 4.994743764400482178e-01
6.812499761581420898e-01 7.394999861717224121e-01 8.667500019073486328e-01 5.225000157952308655e-02 6.642500162124633789e-01 3.557499945163726807e-01 7.675371766090393066e-01 5.024211406707763672e-01 4.754377305507659912e-01 1.754090040922164917e-01 6.677183508872985840e-01 3.957971930503845215e-01
1.297499984502792358e-01 8.101666569709777832e-01 8.037499785423278809e-01 8.412500023841857910e-01 6.525000184774398804e-02 8.432499766349792480e-01 9.411967545747756958e-02 6.165143847465515137e-01 5.819112658500671387e-01 7.773299217224121094e-01 1.831820905208587646e-01 5.446572899818420410e-01
3.847500085830688477e-01 4.154999852180480957e-01 5.722500085830688477e-01 5.002499818801879883e-01 7.502499818801879883e-01 3.977499902248382568e-01 3.691998720169067383e-01 4.259112477302551270e-01 6.220977306365966797e-01 6.186315417289733887e-01 7.586992383003234863e-01 5.215116739273071289e-01
3.327499926090240479e-01 5.258333086967468262e-01 8.402500152587890625e-01 5.872499942779541016e-01 3.925000131130218506e-02 8.437500000000000000e-01 3.408074975013732910e-01 4.107155799865722656e-01 5.645471811294555664e-01 6.834557652473449707e-01 5.920811742544174194e-02 5.755558013916015625e-01
5.847499966621398926e-01 7.804999947547912598e-01 9.377499818801879883e-01 4.677500128746032715e-01 5.817499756813049316e-01 2.174999937415122986e-02 6.633315682411193848e-01 6.569280624389648438e-01 6.023958325386047363e-01 5.708120465278625488e-01 5.953537225723266602e-01 3.691892027854919434e-01
8.377500176429748535e-01 7.304999828338623047e-01 8.007500171661376953e-01 3.725000098347663879e-02 3.237499892711639404e-01 1.352500021457672119e-01 9.102228283882141113e-01 5.434865355491638184e-01 4.572347998619079590e-01 1.506505608558654785e-01 3.566477894783020020e-01 2.750347852706909180e-01
5.452499985694885254e-01 3.055000007152557373e-01 9.522500038146972656e-01 7.967500090599060059e-01 7.602499723434448242e-01 7.032499909400939941e-01 5.516324043273925781e-01 3.166489303112030029e-01 7.753981351852416992e-01 8.486361503601074219e-01 7.626442909240722656e-01 5.192707180976867676e-01
4.767499864101409912e-01 2.368333339691162109e-01 6.817499995231628418e-01 8.312500119209289551e-01 8.297500014305114746e-01 4.462499916553497314e-01 4.354530572891235352e-01 3.195460736751556396e-01 8.357875347137451172e-01 8.803697228431701660e-01 8.272851109504699707e-01 4.059406220912933350e-01
1.447499990463256836e-01 2.284999936819076538e-01 8.547499775886535645e-01 2.425000071525573730e-02 8.425000309944152832e-02 1.792500019073486328e-01 2.314417958259582520e-01 2.639619112014770508e-01 7.217271327972412109e-01 2.987362630665302277e-02 3.126111999154090881e-02 4.136156141757965088e-01
6.567500233650207520e-01 6.668333411216735840e-01 1.217499971389770508e-01 8.567500114440917969e-01 1.202500015497207642e-01 8.427500128746032715e-01 5.992528200149536133e-01 6.483659744262695312e-01 1.149537190794944763e-01 8.397659063339233398e-01 1.173875331878662109e-01 6.143719553947448730e-01
2.032500058412551880e-01 7.434999942779541016e-01 2.917500138282775879e-01 8.075000345706939697e-02 6.952499747276306152e-01 5.162500143051147461e-01 2.008449584245681763e-01 6.897287964820861816e-01 2.440100312232971191e-01 2.496994733810424805e-01 6.453471183776855469e-01 4.745076894760131836e-01
9.287499785423278809e-01 2.508333325386047363e-01 1.517499983310699463e-01 6.767500042915344238e-01 4.252499938011169434e-01 8.317499756813049316e-01 7.676131129264831543e-01 4.105424880981445312e-01 4.677918553352355957e-01 5.573559999465942383e-01 4.200527966022491455e-01 5.777599215507507324e-01
6.542500257492065430e-01 4.448333382606506348e-01 7.124999910593032837e-02 7.197499871253967285e-01 8.837500214576721191e-01 2.157499939203262329e-01 7.208417654037475586e-01 5.367488861083984375e-01 1.981901675462722778e-01 7.099906802177429199e-01 8.472485542297363281e-01 5.733162164688110352e-01
9.132500290870666504e-01 4.381666779518127441e-01 6.447499990463256836e-01 7.597500085830688477e-01 3.872500061988830566e-01 8.302500247955322266e-01 8.517578840255737305e-01 5.087859630584716797e-01 7.124732136726379395e-01 7.614657282829284668e-01 4.076940417289733887e-01 5.011666417121887207e-01
5.317500233650207520e-01 8.328333497047424316e-01 3.042500019073486328e-01 1.492500007152557373e-01 7.757499814033508301e-01 9.942499995231628418e-01 4.868606030941009521e-01 6.148654222488403320e-01 1.570485830307006836e-01 1.323914527893066406e-01 7.568361759185791016e-01 6.041964888572692871e-01
2.025000005960464478e-02 1.815000027418136597e-01 9.125000238418579102e-02 8.842499852180480957e-01 3.512499928474426270e-01 6.392499804496765137e-01 1.545125432312488556e-02 2.365516573190689087e-01 4.183751717209815979e-02 9.182162880897521973e-01 1.330818384885787964e-01 8.463258743286132812e-01
1.777500063180923462e-01 3.745000064373016357e-01 5.750000011175870895e-03 1.425000000745058060e-02 5.612499713897705078e-01 9.997500181198120117e-01 1.086874082684516907e-01 6.279335021972656250e-01 1.199913918972015381e-01 8.672340214252471924e-02 4.937177896499633789e-01 8.538333773612976074e-01
9.425000101327896118e-02 4.558333456516265869e-01 9.647499918937683105e-01 2.642500102519989014e-01 1.932500004768371582e-01 1.487500071525573730e-01 1.077868044376373291e-01 3.620253205299377441e-01 7.732522487640380859e-01 2.409873008728027344e-01 2.206866294145584106e-01 3.646554052829742432e-01
8.524999767541885376e-02 3.818333446979522705e-01 2.417500019073486328e-01 9.937499761581420898e-01 7.662500143051147461e-01 4.287500083446502686e-01 7.965327799320220947e-02 4.899439215660095215e-01 4.377162456512451172e-01 9.546585679054260254e-01 7.018915414810180664e-01 7.138651013374328613e-01
9.727500081062316895e-01 7.548333406448364258e-01 8.412500023841857910e-01 4.462499916553497314e-01 3.367500007152557373e-01 3.727500140666961670e-01 9.302902817726135254e-01 4.972449541091918945e-01 6.740229725837707520e-01 6.046206355094909668e-01 3.761945068836212158e-01 4.916225075721740723e-01
2.277500033378601074e-01 7.608333230018615723e-01 7.107499837875366211e-01 6.587499976158142090e-01 1.767500042915344238e-01 3.842499852180480957e-01 2.256542444229125977e-01 6.446720361709594727e-01 6.160303354263305664e-01 7.458175420761108398e-01 2.358442097902297974e-01 3.858278095722198486e-01
7.207499742507934570e-01 4.625000059604644775e-01 6.332499980926513672e-01 8.207499980926513672e-01 5.007500052452087402e-01 6.102499961853027344e-01 7.097830176353454590e-01 4.228884577751159668e-01 6.432185173034667969e-01 7.350283861160278320e-01 5.013372898101806641e-01 5.328692793846130371e-01
6.717500090599060059e-01 2.128333300352096558e-01 2.577500045299530029e-01 9.062500000000000000e-01 8.887500166893005371e-01 8.167499899864196777e-01 6.783739328384399414e-01 5.042325854301452637e-01 3.054830431938171387e-01 8.317443132400512695e-01 8.102507591247558594e-01 5.888986587524414062e-01
2.662500143051147461e-01 5.181666612625122070e-01 6.682500243186950684e-01 8.177499771118164062e-01 5.222499966621398926e-01 5.637500286102294922e-01 2.952031493186950684e-01 4.539323449134826660e-01 6.731997132301330566e-01 8.737663626670837402e-01 5.444171428680419922e-01 5.859886407852172852e-01
5.402500033378601074e-01 2.281666696071624756e-01 8.372499942779541016e-01 7.752500176429748535e-01 7.382500171661376953e-01 7.967500090599060059e-01 5.037891864776611328e-01 2.947818338871002197e-01 7.952107191085815430e-01 8.970686197280883789e-01 7.406713366508483887e-01 5.341541171073913574e-01
7.137500047683715820e-01 4.058333337306976318e-01 9.047499895095825195e-01 5.977500081062316895e-01 2.067500054836273193e-01 6.487500071525573730e-01 7.530041933059692383e-01 3.501135706901550293e-01 7.355523109436035156e-01 5.399979352951049805e-01 2.019798159599304199e-01 5.249782800674438477e-01
9.607499837875366211e-01 1.688333302736282349e-01 9.202499985694885254e-01 7.357500195503234863e-01 8.472499847412109375e-01 3.482500016689300537e-01 9.414423108100891113e-01 2.718333601951599121e-01 9.026911854743957520e-01 8.230154514312744141e-01 8.124396204948425293e-01 4.101157784461975098e-01
7.162500023841857910e-01 4.611666798591613770e-01 1.362500041723251343e-01 1.567499935626983643e-01 7.732499837875366211e-01 4.724999889731407166e-02 7.412840723991394043e-01 5.576891303062438965e-01 2.547064721584320068e-01 1.711809039115905762e-01 7.501003146171569824e-01 4.925591349601745605e-01
6.407499909400939941e-01 2.935000061988830566e-01 1.627500057220458984e-01 1.797499954700469971e-01 5.287500023841857910e-01 1.857499927282333374e-01 6.393225789070129395e-01 4.759516119956970215e-01 3.891085982322692871e-01 2.214339226484298706e-01 4.845141172409057617e-01 4.765726029872894287e-01
5.522500276565551758e-01 5.465000271797180176e-01 9.727500081062316895e-01 8.337500095367431641e-01 2.152500003576278687e-01 3.602499961853027344e-01 6.083377003669738770e-01 3.483066558837890625e-01 7.485046386718750000e-01 8.122101426124572754e-01 2.590034902095794678e-01 5.378080010414123535e-01
4.387499988079071045e-01 6.035000085830688477e-01 8.857499957084655762e-01 3.777500092983245850e-01 3.224999830126762390e-02 7.747499942779541016e-01 4.583185911178588867e-01 4.599643945693969727e-01 5.644209384918212891e-01 3.560251891613006592e-01 4.899964854121208191e-02 5.232924222946166992e-01
6.697499752044677734e-01 2.458333373069763184e-01 1.750000054016709328e-03 1.677500009536743164e-01 2.412499934434890747e-01 8.547499775886535645e-01 5.996752977371215820e-01 5.008014440536499023e-01 7.324917614459991455e-02 1.368276178836822510e-01 2.068423628807067871e-01 6.772819161415100098e-01
6.887500286102294922e-01 7.221666574478149414e-01 1.247500032186508179e-01 1.975000090897083282e-02 3.847500085830688477e-01 2.362499982118606567e-01 7.807516455650329590e-01 6.275859475135803223e-01 9.454244375228881836e-02 8.326274156570434570e-02 3.887564241886138916e-01 4.884192347526550293e-01
4.257499873638153076e-01 2.048333287239074707e-01 7.474999874830245972e-02 8.522499799728393555e-01 6.332499980926513672e-01 7.432500123977661133e-01 4.376389384269714355e-01 3.654616475105285645e-01 1.881280839443206787e-01 7.599086761474609375e-01 5.651522278785705566e-01 6.376512646675109863e-01
1.852499991655349731e-01 5.105000138282775879e-01 1.037499979138374329e-01 9.142500162124633789e-01 5.182499885559082031e-01 3.582499921321868896e-01 2.421300709247589111e-01 5.198695063591003418e-01 2.605777084827423096e-01 8.783195614814758301e-01 5.072761178016662598e-01 5.363329648971557617e-01
3.002499938011169434e-01 3.984999954700469971e-01 3.375000134110450745e-02 3.452500104904174805e-01 2.682499885559082031e-01 3.772499859333038330e-01 3.891884684562683105e-01 5.743352174758911133e-01 1.756191402673721313e-01 3.693521320819854736e-01 2.449968606233596802e-01 6.460136771202087402e-01
8.617500066757202148e-01 6.268333196640014648e-01 2.722499966621398926e-01 9.057499766349792480e-01 1.072499975562095642e-01 3.749999916180968285e-03 8.972047567367553711e-01 6.647879481315612793e-01 5.806804299354553223e-01 8.252131938934326172e-01 7.680875808000564575e-02 4.953998029232025146e-01
7.952499985694885254e-01 6.998333334922790527e-01 3.032500147819519043e-01 2.422499954700469971e-01 9.827499985694885254e-01 2.137500047683715820e-01 8.136073350906372070e-01 6.411855220794677734e-01 2.624315619468688965e-01 2.677581310272216797e-01 9.502632021903991699e-01 3.948087692260742188e-01
2.174999937415122986e-02 8.088333606719970703e-01 8.622499704360961914e-01 8.442500233650207520e-01 7.637500166893005371e-01 9.522500038146972656e-01 1.451867632567882538e-02 7.273066639900207520e-01 4.259574413299560547e-01 5.304414629936218262e-01 8.798857331275939941e-01 7.238734960556030273e-01
1.757500022649765015e-01 6.495000123977661133e-01 3.167499899864196777e-01 5.142499804496765137e-01 5.762500166893005371e-01 4.847500026226043701e-01 2.039867192506790161e-01 5.975031256675720215e-01 3.625009059906005859e-01 5.325565934181213379e-01 5.681265592575073242e-01 4.945762157440185547e-01
4.947499930858612061e-01 2.468333393335342407e-01 1.752499938011169434e-01 7.187500000000000000e-01 2.297500073909759521e-01 6.517500281333923340e-01 5.289574861526489258e-01 4.321790337562561035e-01 2.933129072189331055e-01 7.187901735305786133e-01 2.161567062139511108e-01 6.268262863159179688e-01
8.052499890327453613e-01 5.931666493415832520e-01 6.174999848008155823e-02 9.624999761581420898e-02 2.807500064373016357e-01 6.317499876022338867e-01 8.015522360801696777e-01 5.347276926040649414e-01 4.342237859964370728e-02 9.407550841569900513e-02 2.983672022819519043e-01 6.008406281471252441e-01
7.852500081062316895e-01 4.225000143051147461e-01 9.825000166893005371e-02 4.524999856948852539e-02 1.752499938011169434e-01 6.087499856948852539e-01 7.176057100296020508e-01 6.963140964508056641e-01 1.184028089046478271e-01 9.700580686330795288e-02 1.357983499765396118e-01 4.552507996559143066e-01
5.497499704360961914e-01 3.835000097751617432e-01 7.862499952316284180e-01 3.492499887943267822e-01 1.975000090897083282e-02 4.987500011920928955e-01 5.471864938735961914e-01 3.515432476997375488e-01 6.668088436126708984e-01 4.214544892311096191e-01 3.964113444089889526e-02 5.182034373283386230e-01
2.227499932050704956e-01 7.191666960716247559e-01 6.057500243186950684e-01 5.927500128746032715e-01 2.387499958276748657e-01 1.187499985098838806e-01 2.390558123588562012e-01 6.828716993331909180e-01 6.719299554824829102e-01 4.767367243766784668e-01 2.549521923065185547e-01 1.653084903955459595e-01
5.722500085830688477e-01 5.471666455268859863e-01 6.797500252723693848e-01 2.877500057220458984e-01 8.927500247955322266e-01 5.750000011175870895e-03 6.451042294502258301e-01 4.815486967563629150e-01 5.949253439903259277e-01 2.489128559827804565e-01 8.284254670143127441e-01 4.039423465728759766e-01
9.892500042915344238e-01 5.221666693687438965e-01 3.062500059604644775e-01 1.272500008344650269e-01 5.777500271797180176e-01 3.902499973773956299e-01 9.249396324157714844e-01 6.046007871627807617e-01 3.848777711391448975e-01 1.891169250011444092e-01 5.509610772132873535e-01 3.216332197189331055e-01
1.172500029206275940e-01 2.865000069141387939e-01 1.577499955892562866e-01 9.887499809265136719e-01 2.457499951124191284e-01 4.192500114440917969e-01 1.571802198886871338e-01 3.664372861385345459e-01 2.571651637554168701e-01 9.371613264083862305e-01 2.059774100780487061e-01 6.061164736747741699e-01
3.227500021457672119e-01 4.831666648387908936e-01 6.222500205039978027e-01 9.532499909400939941e-01 4.967499971389770508e-01 3.382500112056732178e-01 3.292085528373718262e-01 5.631240606307983398e-01 7.084537744522094727e-01 9.493041634559631348e-01 4.997805058956146240e-01 4.766318500041961670e-01
9.917500019073486328e-01 1.704999953508377075e-01 3.627499938011169434e-01 4.262500107288360596e-01 4.727500081062316895e-01 2.197500020265579224e-01 9.685020446777343750e-01 4.733310043811798096e-01 5.929551720619201660e-01 2.189962118864059448e-01 4.181090593338012695e-01 2.460179477930068970e-01
2.862499952316284180e-01 5.728333592414855957e-01 3.317500054836273193e-01 4.977500140666961670e-01 6.992499828338623047e-01 3.022499978542327881e-01 3.199450075626373291e-01 5.017725825309753418e-01 4.473347961902618408e-01 5.311348438262939453e-01 7.049765586853027344e-01 5.337453484535217285e-01
9.777500033378601074e-01 4.618333280086517334e-01 5.762500166893005371e-01 7.882500290870666504e-01 3.527500033378601074e-01 4.787499904632568359e-01 8.983591198921203613e-01 5.268448591232299805e-01 8.290896415710449219e-01 7.931559681892395020e-01 3.588901460170745850e-01 4.266296029090881348e-01
1.207500025629997253e-01 6.781666874885559082e-01 8.837500214576721191e-01 4.597499966621398926e-01 2.337500005960464478e-01 6.137499809265136719e-01 1.057695746421813965e-01 4.899673163890838623e-01 6.709432601928710938e-01 3.934282660484313965e-01 3.112675547599792480e-01 5.660610795021057129e-01
8.207499980926513672e-01 3.451666533946990967e-01 3.482500016689300537e-01 8.142499923706054688e-01 9.872499704360961914e-01 8.472499847412109375e-01 7.504040598869323730e-01 3.870292305946350098e-01 6.418970227241516113e-01 6.076929569244384766e-01 9.663633704185485840e-01 5.154065489768981934e-01
1.672500073909759521e-01 8.234999775886535645e-01 2.602500021457672119e-01 9.692500233650207520e-01 3.887499868869781494e-01 7.917500138282775879e-01 1.175099685788154602e-01 6.975083947181701660e-01 7.964364439249038696e-02 8.479468822479248047e-01 4.260196089744567871e-01 4.415198564529418945e-01
9.247499704360961914e-01 7.278333306312561035e-01 4.092499911785125732e-01 8.062499761581420898e-01 6.832500100135803223e-01 3.787499964237213135e-01 9.740784764289855957e-01 6.488450765609741211e-01 1.870238333940505981e-01 9.015033841133117676e-01 7.103629708290100098e-01 4.875634908676147461e-01
6.792500019073486328e-01 6.531666517257690430e-01 1.232500001788139343e-01 3.222500085830688477e-01 2.824999950826168060e-02 1.667499989271163940e-01 7.196778655052185059e-01 6.474387645721435547e-01 2.095125019550323486e-01 2.828544974327087402e-01 2.992200851440429688e-02 5.277919173240661621e-01
1.302500069141387939e-01 6.871666908264160156e-01 9.267500042915344238e-01 4.924999922513961792e-02 9.232500195503234863e-01 1.262499988079071045e-01 1.756288409233093262e-01 5.075433254241943359e-01 6.001389026641845703e-01 1.709008812904357910e-01 9.675512313842773438e-01 6.666212677955627441e-01
8.212500214576721191e-01 2.014999985694885254e-01 2.682499885559082031e-01 2.337500005960464478e-01 6.682500243186950684e-01 2.307499945163726807e-01 7.469284534454345703e-01 2.768995761871337891e-01 5.869257450103759766e-01 1.878239661455154419e-01 6.389611363410949707e-01 4.685944318771362305e-01
6.612499952316284180e-01 6.251666545867919922e-01 8.077499866485595703e-01 1.377499997615814209e-01 5.957499742507934570e-01 9.037500023841857910e-01 6.734303236007690430e-01 5.961837172508239746e-01 5.054227113723754883e-01 2.470292747020721436e-01 5.743904113769531250e-01 3.352626860141754150e-01
9.392499923706054688e-01 3.638333380222320557e-01 9.022499918937683105e-01 4.647499918937683105e-01 7.072499990463256836e-01 7.712500095367431641e-01 9.286551475524902344e-01 4.811804890632629395e-01 7.505336403846740723e-01 5.382518768310546875e-01 6.599853038787841797e-01 4.325453042984008789e-01
9.702500104904174805e-01 5.665000081062316895e-01 5.272499918937683105e-01 6.492499709129333496e-01 6.527500152587890625e-01 4.012500047683715820e-01 9.258017539978027344e-01 5.172652006149291992e-01 5.968668460845947266e-01 6.986043453216552734e-01 6.354022622108459473e-01 4.842967092990875244e-01
8.612499833106994629e-01 3.215000033378601074e-01 5.157499909400939941e-01 4.072499871253967285e-01 1.637499928474426270e-01 5.452499985694885254e-01 7.719235420227050781e-01 3.461847603321075439e-01 6.918008923530578613e-01 3.922303915023803711e-01 1.414386928081512451e-01 4.981862902641296387e-01
3.352499902248382568e-01 8.044999837875366211e-01 4.497500061988830566e-01 4.837499856948852539e-01 9.112499952316284180e-01 6.274999678134918213e-02 3.490570783615112305e-01 7.148879170417785645e-01 4.536625146865844727e-01 3.691459298133850098e-01 8.837118148803710938e-01 2.459509074687957764e-01
3.842499852180480957e-01 7.928333282470703125e-01 6.317499876022338867e-01 7.692499756813049316e-01 8.192499876022338867e-01 7.407500147819519043e-01 3.789618313312530518e-01 6.431121826171875000e-01 5.481932163238525391e-01 5.997580289840698242e-01 8.255358934402465820e-01 3.988401293754577637e-01
7.457500100135803223e-01 4.091666638851165771e-01 7.612500190734863281e-01 1.217499971389770508e-01 4.825000092387199402e-02 1.875000074505805969e-02 7.753845453262329102e-01 3.413989543914794922e-01 6.838015317916870117e-01 1.899565756320953369e-01 4.722534492611885071e-02 4.093504250049591064e-01
6.825000047683715820e-02 3.681666553020477295e-01 3.407500088214874268e-01 5.267500281333923340e-01 9.672499895095825195e-01 5.497499704360961914e-01 8.539883047342300415e-02 5.233530998229980469e-01 6.759243011474609375e-01 3.422442078590393066e-01 8.944791555404663086e-01 6.385538578033447266e-01
1.157499998807907104e-01 3.418333232402801514e-01 9.507499933242797852e-01 1.417499929666519165e-01 6.342499852180480957e-01 7.857499718666076660e-01 7.849654555320739746e-02 3.098840415477752686e-01 6.274119615554809570e-01 2.752369940280914307e-01 6.250956654548645020e-01 7.795520424842834473e-01
6.312500238418579102e-01 1.851666718721389771e-01 3.242500126361846924e-01 8.372499942779541016e-01 1.187499985098838806e-01 1.537500023841857910e-01 6.381645798683166504e-01 3.225519955158233643e-01 5.656777024269104004e-01 7.580934762954711914e-01 1.022887676954269409e-01 6.170473098754882812e-01
4.724999889731407166e-02 7.534999847412109375e-01 9.532499909400939941e-01 9.012500047683715820e-01 8.422499895095825195e-01 1.052500009536743164e-01 4.716074094176292419e-02 6.784627437591552734e-01 7.571700811386108398e-01 7.455331683158874512e-01 8.956112861633300781e-01 2.506876885890960693e-01
3.662500083446502686e-01 4.171666800975799561e-01 6.772500276565551758e-01 3.577499985694885254e-01 9.052500128746032715e-01 8.812500238418579102e-01 3.305197358131408691e-01 5.058157444000244141e-01 6.157465577125549316e-01 4.523493945598602295e-01 8.912906050682067871e-01 5.004990100860595703e-01
4.502499997615814209e-01 3.651666641235351562e-01 1.962500065565109253e-01 9.617499709129333496e-01 3.312500119209289551e-01 5.074999853968620300e-02 4.941909611225128174e-01 6.512961387634277344e-01 5.358043909072875977e-01 8.335866928100585938e-01 2.892194688320159912e-01 4.867785573005676270e-01
9.947500228881835938e-01 4.358333349227905273e-01 7.782499790191650391e-01 2.212499976158142090e-01 7.252500057220458984e-01 2.912499904632568359e-01 9.566982984542846680e-01 5.502011775970458984e-01 6.472427845001220703e-01 3.834330141544342041e-01 6.895776391029357910e-01 3.625666201114654541e-01
9.172499775886535645e-01 3.468333184719085693e-01 7.807499766349792480e-01 1.962500065565109253e-01 8.287500143051147461e-01 5.032500028610229492e-01 8.356139659881591797e-01 5.018951296806335449e-01 6.300364136695861816e-01 5.091409087181091309e-01 7.989476323127746582e-01 4.598715007305145264e-01
7.802500128746032715e-01 3.154999911785125732e-01 9.732499718666076660e-01 4.652499854564666748e-01 2.827500104904174805e-01 9.432500004768371582e-01 8.087299466133117676e-01 2.838239073753356934e-01 7.534202933311462402e-01 4.959968328475952148e-01 2.900179624557495117e-01 5.007132887840270996e-01
5.492500066757202148e-01 4.138333201408386230e-01 2.777499854564666748e-01 1.182499974966049194e-01 7.242500185966491699e-01 9.082499742507934570e-01 5.221841335296630859e-01 5.834777951240539551e-01 2.183803617954254150e-01 1.431604176759719849e-01 6.960869431495666504e-01 5.408990383148193359e-01
7.432500123977661133e-01 3.411666750907897949e-01 5.337499976158142090e-01 6.142500042915344238e-01 6.477500200271606445e-01 8.992499709129333496e-01 6.954269409179687500e-01 3.798304796218872070e-01 6.150068044662475586e-01 5.160624980926513672e-01 6.573920845985412598e-01 5.189818143844604492e-01
4.677500128746032715e-01 4.788333475589752197e-01 3.187499940395355225e-01 9.257500171661376953e-01 6.657500267028808594e-01 7.222499847412109375e-01 3.970467746257781982e-01 5.825777649879455566e-01 5.726376771926879883e-01 9.463150501251220703e-01 6.334604620933532715e-01 5.472609996795654297e-01
6.757500171661376953e-01 5.224999785423278809e-01 1.482499986886978149e-01 1.617500036954879761e-01 1.497499942779541016e-01 6.277499794960021973e-01 6.265053153038024902e-01 4.666586816310882568e-01 1.570520699024200439e-01 2.158396542072296143e-01 1.426659971475601196e-01 6.345868706703186035e-01
9.525000303983688354e-02 5.774999856948852539e-01 1.882500052452087402e-01 4.282500147819519043e-01 5.407500267028808594e-01 2.332500070333480835e-01 1.468167006969451904e-01 6.508017182350158691e-01 3.880975246429443359e-01 3.972531855106353760e-01 5.342073440551757812e-01 4.246478378772735596e-01
8.492500185966491699e-01 2.994999885559082031e-01 3.227500021457672119e-01 4.822500050067901611e-01 1.525000017136335373e-02 9.732499718666076660e-01 6.989861726760864258e-01 4.169681966304779053e-01 4.699546098709106445e-01 3.657143115997314453e-01 3.439433500170707703e-02 5.458827614784240723e-01
8.712499737739562988e-01 5.864999890327453613e-01 4.207499921321868896e-01 9.327499866485595703e-01 5.207499861717224121e-01 6.907500028610229492e-01 8.969305157661437988e-01 5.648721456527709961e-01 5.411018729209899902e-01 7.615579962730407715e-01 5.074299573898315430e-01 5.248778462409973145e-01
7.717499732971191406e-01 3.485000133514404297e-01 9.297500252723693848e-01 7.112500071525573730e-01 7.787500023841857910e-01 7.124999910593032837e-02 7.601271867752075195e-01 2.828526794910430908e-01 8.675644397735595703e-01 6.795809268951416016e-01 7.653896808624267578e-01 3.842631578445434570e-01
5.347499847412109375e-01 3.081666529178619385e-01 6.502500176429748535e-01 5.077499747276306152e-01 1.327500045299530029e-01 9.724999964237213135e-02 5.635203719139099121e-01 3.790279924869537354e-01 6.795555353164672852e-01 5.405658483505249023e-01 1.139198094606399536e-01 5.189118981361389160e-01
5.692499876022338867e-01 4.715000092983245850e-01 9.852499961853027344e-01 9.732499718666076660e-01 6.482499837875366211e-01 2.425000071525573730e-02 6.952258348464965820e-01 3.383252918720245361e-01 7.789154052734375000e-01 7.789521217346191406e-01 6.589227318763732910e-01 4.796980321407318115e-01
1.342500001192092896e-01 5.368333458900451660e-01 1.277499943971633911e-01 1.062500029802322388e-01 6.572499871253967285e-01 4.187499880790710449e-01 1.828469932079315186e-01 6.437785625457763672e-01 2.208060175180435181e-01 2.374530881643295288e-01 6.200010776519775391e-01 6.155518293380737305e-01
9.750000201165676117e-03 4.821666777133941650e-01 8.152499794960021973e-01 8.017500042915344238e-01 5.967500209808349609e-01 5.352500081062316895e-01 1.253048051148653030e-02 4.451345205307006836e-01 7.796322107315063477e-01 9.295814633369445801e-01 6.525236368179321289e-01 7.138565778732299805e-01
1.547500044107437134e-01 6.928333044052124023e-01 2.112500071525573730e-01 4.607500135898590088e-01 3.272500038146972656e-01 4.527499973773956299e-01 2.088478058576583862e-01 6.112398505210876465e-01 2.658214271068572998e-01 3.739934265613555908e-01 3.988444507122039795e-01 5.649024844169616699e-01
1.647499948740005493e-01 8.081666827201843262e-01 4.082500040531158447e-01 9.750000201165676117e-03 4.827499985694885254e-01 8.312500119209289551e-01 1.493347734212875366e-01 5.846433043479919434e-01 2.933263480663299561e-01 9.120360016822814941e-02 4.922462105751037598e-01 7.063754796981811523e-01
1.817499995231628418e-01 3.088333308696746826e-01 3.972499966621398926e-01 1.442500054836273193e-01 7.797499895095825195e-01 4.592500030994415283e-01 2.030708193778991699e-01 3.786376416683197021e-01 5.711575746536254883e-01 1.702698022127151489e-01 7.444743514060974121e-01 6.359228491783142090e-01
4.132499992847442627e-01 5.091666579246520996e-01 3.137499988079071045e-01 6.452500224113464355e-01 2.052499949932098389e-01 8.162500262260437012e-01 3.989924788475036621e-01 5.268877148628234863e-01 3.277173936367034912e-01 6.801329255104064941e-01 2.063985168933868408e-01 5.812275409698486328e-01
1.442500054836273193e-01 5.458333492279052734e-01 5.422499775886535645e-01 1.082499995827674866e-01 3.067499995231628418e-01 7.247499823570251465e-01 1.211775392293930054e-01 4.992050528526306152e-01 5.320462584495544434e-01 1.812879294157028198e-01 3.072727620601654053e-01 6.097086668014526367e-01
4.047499895095825195e-01 1.698333323001861572e-01 3.322499990463256836e-01 3.737500011920928955e-01 8.275000005960464478e-02 7.997499704360961914e-01 3.539575934410095215e-01 2.974229753017425537e-01 4.233085811138153076e-01 3.852470219135284424e-01 5.852387472987174988e-02 6.066102981567382812e-01
4.212499856948852539e-01 7.748333215713500977e-01 8.662499785423278809e-01 3.767499923706054688e-01 5.382500290870666504e-01 2.632499933242797852e-01 4.117820858955383301e-01 5.037574172019958496e-01 5.210639238357543945e-01 5.319499373435974121e-01 5.840996503829956055e-01 5.032629966735839844e-01
2.352499961853027344e-01 1.808333396911621094e-01 8.567500114440917969e-01 2.907499969005584717e-01 4.162499904632568359e-01 5.462499856948852539e-01 2.275767475366592407e-01 1.951381862163543701e-01 8.283538818359375000e-01 3.700421452522277832e-01 4.149298667907714844e-01 5.405188202857971191e-01
7.707499861717224121e-01 7.218333482742309570e-01 1.657499969005584717e-01 8.937500119209289551e-01 1.772499978542327881e-01 4.712499976158142090e-01 8.257123231887817383e-01 7.624833583831787109e-01 1.124556884169578552e-01 9.317744374275207520e-01 1.732087582349777222e-01 5.636586546897888184e-01
5.332499742507934570e-01 5.448333621025085449e-01 5.202500224113464355e-01 9.462500214576721191e-01 3.472500145435333252e-01 8.532500267028808594e-01 5.220254659652709961e-01 5.463536977767944336e-01 5.131271481513977051e-01 7.862887382507324219e-01 3.380005955696105957e-01 5.367100834846496582e-01
7.627500295639038086e-01 6.908333301544189453e-01 9.307500123977661133e-01 4.697499871253967285e-01 1.822499930858612061e-01 5.367500185966491699e-01 8.321553468704223633e-01 5.069693922996520996e-01 6.967611908912658691e-01 5.053578615188598633e-01 1.881010234355926514e-01 4.891644120216369629e-01
4.577499926090240479e-01 5.831666588783264160e-01 5.217499732971191406e-01 6.807500123977661133e-01 7.712500095367431641e-01 6.312500238418579102e-01 4.326139688491821289e-01 4.551073610782623291e-01 4.159290194511413574e-01 8.461432456970214844e-01 7.607594132423400879e-01 6.102992892265319824e-01
7.597500085830688477e-01 2.185000032186508179e-01 1.297499984502792358e-01 8.874999731779098511e-02 3.912500143051147461e-01 1.082499995827674866e-01 8.153806924819946289e-01 4.383950233459472656e-01 2.572830319404602051e-01 1.201315075159072876e-01 3.530501425266265869e-01 4.434056580066680908e-01
2.102500051259994507e-01 2.631666660308837891e-01 2.797499895095825195e-01 8.002499938011169434e-01 3.362500071525573730e-01 6.787499785423278809e-01 2.320454418659210205e-01 2.720774114131927490e-01 3.490214645862579346e-01 6.767613291740417480e-01 3.696578145027160645e-01 6.719495058059692383e-01
9.427499771118164062e-01 2.924999892711639404e-01 8.907499909400939941e-01 4.622499942779541016e-01 2.724999934434890747e-02 8.122500181198120117e-01 8.968433141708374023e-01 3.984245657920837402e-01 7.647178769111633301e-01 5.916283130645751953e-01 3.641936182975769043e-02 5.863865017890930176e-01
7.532500028610229492e-01 3.675000071525573730e-01 3.537499904632568359e-01 7.925000041723251343e-02 1.912499964237213135e-01 9.274999797344207764e-02 8.272784352302551270e-01 3.511469960212707520e-01 5.128059387207031250e-01 3.966409713029861450e-02 1.605653613805770874e-01 2.380955219268798828e-01
4.647499918937683105e-01 6.888333559036254883e-01 2.187500000000000000e-01 3.942500054836273193e-01 4.472500085830688477e-01 6.562500000000000000e-01 4.093926548957824707e-01 5.703730583190917969e-01 2.252479791641235352e-01 5.673434734344482422e-01 4.593855440616607666e-01 6.084515452384948730e-01
3.912500143051147461e-01 5.698333382606506348e-01 2.467499971389770508e-01 7.617499828338623047e-01 5.897499918937683105e-01 5.557500123977661133e-01 4.585345089435577393e-01 4.987424612045288086e-01 2.234022468328475952e-01 6.800271272659301758e-01 5.933748483657836914e-01 5.914913415908813477e-01
5.225000157952308655e-02 1.768333315849304199e-01 8.842499852180480957e-01 2.107499986886978149e-01 7.017499804496765137e-01 7.197499871253967285e-01 3.030344285070896149e-02 1.625831425189971924e-01 8.986470699310302734e-01 2.414671629667282104e-01 7.084682583808898926e-01 6.733202338218688965e-01
6.925000250339508057e-02 5.238333344459533691e-01 8.927500247955322266e-01 6.092500090599060059e-01 6.112499833106994629e-01 2.117500007152557373e-01 6.825954467058181763e-02 5.149143338203430176e-01 7.844190001487731934e-01 6.553995013236999512e-01 6.370949149131774902e-01 3.472284674644470215e-01
7.087500095367431641e-01 6.898333430290222168e-01 5.702499747276306152e-01 9.925000369548797607e-02 5.092499852180480957e-01 7.277500033378601074e-01 6.681637167930603027e-01 5.716296434402465820e-01 3.853709101676940918e-01 2.579373419284820557e-01 4.896445572376251221e-01 4.286546111106872559e-01
1.517499983310699463e-01 3.821666538715362549e-01 5.292500257492065430e-01 8.962500095367431641e-01 6.632500290870666504e-01 8.912500143051147461e-01 1.095023974776268005e-01 3.201644420623779297e-01 5.613501667976379395e-01 6.593878269195556641e-01 6.354044079780578613e-01 7.821521162986755371e-01
1.012500002980232239e-01 5.231666564941406250e-01 3.997499942779541016e-01 8.192499876022338867e-01 6.802499890327453613e-01 6.212499737739562988e-01 6.546591222286224365e-02 5.589368939399719238e-01 4.344513714313507080e-01 8.868163824081420898e-01 6.469213962554931641e-01 6.120455265045166016e-01
4.632500112056732178e-01 2.795000076293945312e-01 6.657500267028808594e-01 5.047500133514404297e-01 9.812499880790710449e-01 2.875000052154064178e-02 4.674493074417114258e-01 3.508920669555664062e-01 7.998940944671630859e-01 5.556566715240478516e-01 9.327316880226135254e-01 3.648392856121063232e-01
1.937499940395355225e-01 7.021666765213012695e-01 1.727499961853027344e-01 3.797500133514404297e-01 2.792499959468841553e-01 7.362499833106994629e-01 1.692848056554794312e-01 6.383448243141174316e-01 1.164951622486114502e-01 3.733133673667907715e-01 3.339018821716308594e-01 7.126379013061523438e-01
3.957499861717224121e-01 2.851666808128356934e-01 4.972499907016754150e-01 6.037499904632568359e-01 7.942500114440917969e-01 1.222499981522560120e-01 4.226506054401397705e-01 4.233290851116180420e-01 6.209944486618041992e-01 6.962527632713317871e-01 7.621592283248901367e-01 5.292901396751403809e-01
4.574999958276748657e-02 3.115000128746032715e-01 5.627499818801879883e-01 5.677499771118164062e-01 8.997499942779541016e-01 9.472500085830688477e-01 2.457749471068382263e-02 3.667659759521484375e-01 7.295414805412292480e-01 5.051293969154357910e-01 9.135954380035400391e-01 7.946292161941528320e-01
2.497500032186508179e-01 7.651666402816772461e-01 6.637499928474426270e-01 1.662500053644180298e-01 3.437500000000000000e-01 4.642499983310699463e-01 2.385582327842712402e-01 6.517091393470764160e-01 5.216579437255859375e-01 2.539909482002258301e-01 3.508801758289337158e-01 3.133730590343475342e-01
9.507499933242797852e-01 5.331666469573974609e-01 5.247499942779541016e-01 9.912499785423278809e-01 6.867499947547912598e-01 7.552499771118164062e-01 9.016193747520446777e-01 5.151763558387756348e-01 7.675028443336486816e-01 7.813203334808349609e-01 6.330978870391845703e-01 4.512717723846435547e-01
9.497500061988830566e-01 2.958333194255828857e-01 6.012499928474426270e-01 5.302500128746032715e-01 2.062499970197677612e-01 7.412499785423278809e-01 9.140858650207519531e-01 3.714723587036132812e-01 7.406803369522094727e-01 4.494801163673400879e-01 1.730479598045349121e-01 4.659957587718963623e-01
7.657499909400939941e-01 6.545000076293945312e-01 7.587500214576721191e-01 7.607499957084655762e-01 2.025000005960464478e-02 8.997499942779541016e-01 7.778528928756713867e-01 4.261146783828735352e-01 6.594968438148498535e-01 5.813128948211669922e-01 5.063444748520851135e-02 5.875294804573059082e-01
7.167500257492065430e-01 2.021666616201400757e-01 9.172499775886535645e-01 9.217500090599060059e-01 2.977499961853027344e-01 8.842499852180480957e-01 7.441321611404418945e-01 2.671932578086853027e-01 8.314728140830993652e-01 8.271357417106628418e-01 3.154548406600952148e-01 5.427958965301513672e-01
6.774999946355819702e-02 7.308333516120910645e-01 8.437500000000000000e-01 6.422500014305114746e-01 2.712500095367431641e-01 5.862500071525573730e-01 4.729585349559783936e-02 6.123712658882141113e-01 6.669538617134094238e-01 6.301625370979309082e-01 3.624858260154724121e-01 5.316007137298583984e-01
6.837499737739562988e-01 2.195000052452087402e-01 5.542500019073486328e-01 2.317499965429306030e-01 6.517500281333923340e-01 8.402500152587890625e-01 6.578201055526733398e-01 2.987509071826934814e-01 5.472349524497985840e-01 1.966731101274490356e-01 6.360474824905395508e-01 4.969819486141204834e-01
7.792500257492065430e-01 2.921666800975799561e-01 6.377500295639038086e-01 1.402499973773956299e-01 2.527500092983245850e-01 2.975000068545341492e-02 7.871003150939941406e-01 3.414004147052764893e-01 6.540312767028808594e-01 1.944456398487091064e-01 2.435839325189590454e-01 3.660163879394531250e-01
9.312499761581420898e-01 4.934999942779541016e-01 9.412500262260437012e-01 4.722500145435333252e-01 6.637499928474426270e-01 5.537499785423278809e-01 9.418157935142517090e-01 3.941733241081237793e-01 6.786789298057556152e-01 5.719164609909057617e-01 6.416118741035461426e-01 4.530169963836669922e-01
7.857499718666076660e-01 7.401666641235351562e-01 2.347500026226043701e-01 6.522499918937683105e-01 1.447499990463256836e-01 4.257499873638153076e-01 8.277166485786437988e-01 6.642374992370605469e-01 3.262543976306915283e-01 5.754048228263854980e-01 1.402016729116439819e-01 5.276592373847961426e-01
5.482500195503234863e-01 5.941666960716247559e-01 8.217499852180480957e-01 7.502499818801879883e-01 7.257500290870666504e-01 8.377500176429748535e-01 5.102696418762207031e-01 5.413917899131774902e-01 6.548796296119689941e-01 8.067514300346374512e-01 7.104821801185607910e-01 4.794515967369079590e-01
9.897500276565551758e-01 4.141666591167449951e-01 9.052500128746032715e-01 3.424999862909317017e-02 4.792500138282775879e-01 3.032500147819519043e-01 9.082055687904357910e-01 4.604445993900299072e-01 7.129548788070678711e-01 3.376565873622894287e-01 4.534384310245513916e-01 3.217941820621490479e-01
9.517499804496765137e-01 3.204999864101409912e-01 8.872500061988830566e-01 3.212499916553497314e-01 7.372499704360961914e-01 5.674999952316284180e-02 9.724410176277160645e-01 5.767911076545715332e-01 7.309203743934631348e-01 6.104451417922973633e-01 6.817308664321899414e-01 3.775813579559326172e-01
3.142499923706054688e-01 4.255000054836273193e-01 5.452499985694885254e-01 5.422499775886535645e-01 3.257499933242797852e-01 4.924999922513961792e-02 3.706195354461669922e-01 4.209059178829193115e-01 6.977725625038146973e-01 3.206183314323425293e-01 3.477034270763397217e-01 2.710471153259277344e-01
9.577500224113464355e-01 8.305000066757202148e-01 4.007500112056732178e-01 5.627499818801879883e-01 4.592500030994415283e-01 4.717499911785125732e-01 9.487455487251281738e-01 5.745602250099182129e-01 1.914138942956924438e-01 7.994548678398132324e-01 4.878661036491394043e-01 5.437709689140319824e-01
3.972499966621398926e-01 6.175000071525573730e-01 8.177499771118164062e-01 7.632499933242797852e-01 9.722499847412109375e-01 2.067500054836273193e-01 4.044937789440155029e-01 6.106756329536437988e-01 7.219714522361755371e-01 8.453660011291503906e-01 9.666517972946166992e-01 3.352947533130645752e-01
3.162499964237213135e-01 2.011666595935821533e-01 3.267500102519989014e-01 1.607500016689300537e-01 1.775000058114528656e-02 2.497500032186508179e-01 3.534051775932312012e-01 2.480682432651519775e-01 6.742233633995056152e-01 6.805141270160675049e-02 1.907840557396411896e-02 4.472526311874389648e-01
1.482499986886978149e-01 6.338333487510681152e-01 4.842500090599060059e-01 1.577499955892562866e-01 1.657499969005584717e-01 4.992499947547912598e-01 1.388066560029983521e-01 5.916591286659240723e-01 5.767445564270019531e-01 2.821754515171051025e-01 1.924889236688613892e-01 4.306221902370452881e-01
8.437500000000000000e-01 5.071666836738586426e-01 5.767499804496765137e-01 1.249999972060322762e-03 9.277499914169311523e-01 5.727499723434448242e-01 8.672391176223754883e-01 5.359604954719543457e-01 4.179536998271942139e-01 1.569629609584808350e-01 8.842042088508605957e-01 3.743174374103546143e-01
5.217499732971191406e-01 5.991666913032531738e-01 1.274999976158142090e-02 9.802500009536743164e-01 9.202499985694885254e-01 7.772499918937683105e-01 4.749682545661926270e-01 6.661647558212280273e-01 7.275861501693725586e-02 8.618451952934265137e-01 9.032269120216369629e-01 6.158928275108337402e-01
4.717499911785125732e-01 8.084999918937683105e-01 7.622500061988830566e-01 8.102499842643737793e-01 6.077499985694885254e-01 2.722499966621398926e-01 5.237910747528076172e-01 5.648084282875061035e-01 5.622081756591796875e-01 8.936736583709716797e-01 6.201105713844299316e-01 5.345419049263000488e-01
3.157500028610229492e-01 4.115000069141387939e-01 5.967500209808349609e-01 7.582499980926513672e-01 9.422500133514404297e-01 9.242500066757202148e-01 2.797523438930511475e-01 5.002484321594238281e-01 7.137110233306884766e-01 7.896751165390014648e-01 9.152002930641174316e-01 4.628943204879760742e-01
8.474999666213989258e-02 4.178333282470703125e-01 2.502500116825103760e-01 3.462499976158142090e-01 1.792500019073486328e-01 7.874999940395355225e-02 1.167694404721260071e-01 6.550331711769104004e-01 5.937775373458862305e-01 4.208210408687591553e-01 1.099175065755844116e-01 3.035228550434112549e-01
5.422499775886535645e-01 2.775000035762786865e-01 8.087499737739562988e-01 3.807500004768371582e-01 5.542500019073486328e-01 9.007499814033508301e-01 5.283567309379577637e-01 2.596494257450103760e-01 7.030330300331115723e-01 3.849542140960693359e-01 5.333390831947326660e-01 5.020343661308288574e-01
2.762500047683715820e-01 3.708333373069763184e-01 6.357499957084655762e-01 7.602499723434448242e-01 7.592499852180480957e-01 9.324999898672103882e-02 3.894210755825042725e-01 3.107936978340148926e-01 6.954793930053710938e-01 5.217717289924621582e-01 7.604699134826660156e-01 5.545097589492797852e-01
6.532499790191650391e-01 2.211666703224182129e-01 6.224999949336051941e-02 7.997499704360961914e-01 8.847500085830688477e-01 3.262499868869781494e-01 6.595983505249023438e-01 4.431888759136199951e-01 3.872492015361785889e-01 7.638790011405944824e-01 8.378297686576843262e-01 5.614300966262817383e-01
6.017500162124633789e-01 5.861666798591613770e-01 3.702499866485595703e-01 3.567500114440917969e-01 7.792500257492065430e-01 3.332499861717224121e-01 6.343033313751220703e-01 5.590018033981323242e-01 2.913209199905395508e-01 5.566953420639038086e-01 7.766466140747070312e-01 5.531855225563049316e-01
4.802500009536743164e-01 3.791666626930236816e-01 3.575000166893005371e-02 1.575000025331974030e-02 2.157499939203262329e-01 3.662500083446502686e-01 5.399258136749267578e-01 5.070533752441406250e-01 9.548786282539367676e-02 7.308238744735717773e-02 1.875378936529159546e-01 6.373699903488159180e-01
8.267499804496765137e-01 5.435000061988830566e-01 7.347499728202819824e-01 4.967499971389770508e-01 2.892499864101409912e-01 2.952499985694885254e-01 8.958645462989807129e-01 4.661255478858947754e-01 6.580990552902221680e-01 4.302000701427459717e-01 3.193494379520416260e-01 4.333195984363555908e-01
6.682500243186950684e-01 3.541666567325592041e-01 8.387500047683715820e-01 7.572500109672546387e-01 7.902500033378601074e-01 2.687500119209289551e-01 5.830580592155456543e-01 2.998930811882019043e-01 8.463508486747741699e-01 8.694089651107788086e-01 8.094947338104248047e-01 4.332579970359802246e-01
7.172499895095825195e-01 2.581666707992553711e-01 7.977499961853027344e-01 7.592499852180480957e-01 9.227499961853027344e-01 6.037499904632568359e-01 6.179010272026062012e-01 3.566612303256988525e-01 8.300993442535400391e-01 8.984393477439880371e-01 9.165642857551574707e-01 4.397674500942230225e-01
6.687499880790710449e-01 7.948333621025085449e-01 2.292499989271163940e-01 5.982499718666076660e-01 3.882499933242797852e-01 8.827499747276306152e-01 6.428273916244506836e-01 7.039837241172790527e-01 1.057395190000534058e-01 6.454493999481201172e-01 3.662661314010620117e-01 6.388497352600097656e-01
3.052499890327453613e-01 6.568333506584167480e-01 7.074999809265136719e-02 1.427499949932098389e-01 6.107500195503234863e-01 8.662499785423278809e-01 2.827872037887573242e-01 6.737124323844909668e-01 7.345055788755416870e-02 1.563515365123748779e-01 6.335448026657104492e-01 7.647539973258972168e-01
5.274999886751174927e-02 8.258333206176757812e-01 1.732500046491622925e-01 8.402500152587890625e-01 9.825000166893005371e-02 8.937500119209289551e-01 3.604733198881149292e-02 7.608543634414672852e-01 4.338478296995162964e-02 3.128552436828613281e-01 2.218301445245742798e-01 7.764369845390319824e-01
5.387499928474426270e-01 4.864999949932098389e-01 9.937499761581420898e-01 6.607499718666076660e-01 7.057499885559082031e-01 3.547500073909759521e-01 5.768576860427856445e-01 3.076628148555755615e-01 7.004591822624206543e-01 7.034635543823242188e-01 7.267892956733703613e-01 5.453874468803405762e-01
5.512499809265136719e-01 3.601666688919067383e-01 4.825000092387199402e-02 7.042499780654907227e-01 1.622499972581863403e-01 3.707500100135803223e-01 6.044836640357971191e-01 4.568868875503540039e-01 2.003469318151473999e-01 7.659072279930114746e-01 1.507169306278228760e-01 6.422199606895446777e-01
6.062499880790710449e-01 4.608333408832550049e-01 9.107499718666076660e-01 3.367500007152557373e-01 6.172500252723693848e-01 9.127500057220458984e-01 6.248666048049926758e-01 5.137525200843811035e-01 5.663692355155944824e-01 5.544952154159545898e-01 6.220408678054809570e-01 4.901740849018096924e-01
5.042499899864196777e-01 7.114999890327453613e-01 5.942500233650207520e-01 6.192499995231628418e-01 2.287500053644180298e-01 1.767500042915344238e-01 5.228642821311950684e-01 6.694489717483520508e-01 5.916916728019714355e-01 6.407736539840698242e-01 2.371595352888107300e-01 3.697019219398498535e-01
6.274999678134918213e-02 7.798333168029785156e-01 4.357500076293945312e-01 8.042500019073486328e-01 1.292500048875808716e-01 3.442499935626983643e-01 4.451823234558105469e-02 7.172796726226806641e-01 3.945860266685485840e-01 8.802725076675415039e-01 2.134824842214584351e-01 3.385252654552459717e-01
8.607500195503234863e-01 2.304999977350234985e-01 3.157500028610229492e-01 9.547500014305114746e-01 8.312500119209289551e-01 3.577499985694885254e-01 7.306800484657287598e-01 3.517737090587615967e-01 7.036642432212829590e-01 8.475295305252075195e-01 8.253694772720336914e-01 5.580990314483642578e-01
1.812500059604644775e-01 2.901666760444641113e-01 5.632500052452087402e-01 9.902499914169311523e-01 2.092500030994415283e-01 3.277499973773956299e-01 2.111335247755050659e-01 3.367552459239959717e-01 8.088704943656921387e-01 8.176200985908508301e-01 2.083427160978317261e-01 4.389882981777191162e-01
8.750000037252902985e-03 2.931666672229766846e-01 5.527499914169311523e-01 3.702499866485595703e-01 5.162500143051147461e-01 7.512500286102294922e-01 1.018889434635639191e-02 3.371595442295074463e-01 7.819797992706298828e-01 5.006842613220214844e-01 4.806611537933349609e-01 7.827190160751342773e-01
9.432500004768371582e-01 2.364999949932098389e-01 9.922500252723693848e-01 2.037499994039535522e-01 3.842499852180480957e-01 7.442499995231628418e-01 8.551549911499023438e-01 3.190615773200988770e-01 8.389509320259094238e-01 4.705890715122222900e-01 3.936493694782257080e-01 3.588745892047882080e-01
5.037500262260437012e-01 2.511666715145111084e-01 8.977500200271606445e-01 1.712500005960464478e-01 2.677499949932098389e-01 3.527500033378601074e-01 5.279703736305236816e-01 2.827101945877075195e-01 7.849724888801574707e-01 2.161854058504104614e-01 2.637071609497070312e-01 3.252097368240356445e-01
9.977499842643737793e-01 7.891666889190673828e-01 3.327499926090240479e-01 5.532500147819519043e-01 7.467499971389770508e-01 2.767499983310699463e-01 9.556895494461059570e-01 5.881142020225524902e-01 4.006755053997039795e-01 5.106180906295776367e-01 7.466503977775573730e-01 4.129246175289154053e-01
8.972499966621398926e-01 7.568333148956298828e-01 9.250000119209289551e-03 4.625000059604644775e-02 5.124999955296516418e-02 8.325000107288360596e-02 9.584534764289855957e-01 7.618711590766906738e-01 1.581148803234100342e-02 7.410467416048049927e-02 4.445304721593856812e-02 4.573473334312438965e-01
8.702499866485595703e-01 2.868333458900451660e-01 3.152500092983245850e-01 9.727500081062316895e-01 7.782499790191650391e-01 3.197500109672546387e-01 8.044407963752746582e-01 4.897024035453796387e-01 6.574364900588989258e-01 8.692601323127746582e-01 7.516917586326599121e-01 5.259687304496765137e-01
3.717499971389770508e-01 5.888333320617675781e-01 1.757500022649765015e-01 6.572499871253967285e-01 9.952499866485595703e-01 2.052499949932098389e-01 3.950882852077484131e-01 6.337994337081909180e-01 3.853134810924530029e-01 5.772566199302673340e-01 9.654564857482910156e-01 4.585940539836883545e-01
6.122499704360961914e-01 6.661666631698608398e-01 8.887500166893005371e-01 9.612500071525573730e-01 4.625000059604644775e-02 7.762500047683715820e-01 6.788159608840942383e-01 5.245668888092041016e-01 6.447709202766418457e-01 9.071561694145202637e-01 6.027983874082565308e-02 5.736228823661804199e-01
5.782499909400939941e-01 1.881666630506515503e-01 2.932499945163726807e-01 3.337500095367431641e-01 6.857500076293945312e-01 8.617500066757202148e-01 4.790760278701782227e-01 4.762414395809173584e-01 4.338993728160858154e-01 3.292812108993530273e-01 6.388301849365234375e-01 5.121485590934753418e-01
8.907499909400939941e-01 6.961666941642761230e-01 9.977499842643737793e-01 5.277500152587890625e-01 4.782499969005584717e-01 7.902500033378601074e-01 9.321376681327819824e-01 4.882380366325378418e-01 7.011454105377197266e-01 6.363682150840759277e-01 4.930936694145202637e-01 4.901996850967407227e-01
9.925000369548797607e-02 6.884999871253967285e-01 1.887499988079071045e-01 3.672499954700469971e-01 8.047500252723693848e-01 6.252499818801879883e-01 4.791417717933654785e-02 7.013345956802368164e-01 3.339806497097015381e-01 4.230064153671264648e-01 8.525472283363342285e-01 6.774373650550842285e-01
1.067499965429306030e-01 6.351666450500488281e-01 6.142500042915344238e-01 6.252499818801879883e-01 7.687500119209289551e-01 4.387499988079071045e-01 1.422066390514373779e-01 5.270248651504516602e-01 6.326320171356201172e-01 3.431250452995300293e-01 7.720793485641479492e-01 5.299828052520751953e-01
8.874999731779098511e-02 5.541666746139526367e-01 6.437500119209289551e-01 8.057500123977661133e-01 3.427500128746032715e-01 7.642499804496765137e-01 6.396441906690597534e-02 4.702202677726745605e-01 6.870733499526977539e-01 7.584037184715270996e-01 4.371012151241302490e-01 6.534009575843811035e-01
6.232500076293945312e-01 5.881666541099548340e-01 4.522500038146972656e-01 3.607499897480010986e-01 7.607499957084655762e-01 5.192499756813049316e-01 6.719028949737548828e-01 5.780768990516662598e-01 3.568300008773803711e-01 2.639595866203308105e-01 7.370188832283020020e-01 4.864377379417419434e-01
1.622499972581863403e-01 3.401666581630706787e-01 9.437500238418579102e-01 3.282499909400939941e-01 3.022499978542327881e-01 2.477499991655349731e-01 1.798000037670135498e-01 2.302940934896469116e-01 8.481946587562561035e-01 2.406053692102432251e-01 3.380206823348999023e-01 3.682778477668762207e-01
6.472499966621398926e-01 2.201666682958602905e-01 9.372500181198120117e-01 5.517500042915344238e-01 7.987499833106994629e-01 9.022499918937683105e-01 5.767664909362792969e-01 3.535819649696350098e-01 7.725824117660522461e-01 7.643636465072631836e-01 7.949002981185913086e-01 4.548361301422119141e-01
5.112500190734863281e-01 7.078333497047424316e-01 2.062499970197677612e-01 5.767499804496765137e-01 1.807499974966049194e-01 8.677499890327453613e-01 4.803578853607177734e-01 6.900618076324462891e-01 2.215849757194519043e-01 6.345998644828796387e-01 1.904854476451873779e-01 5.344191193580627441e-01
3.772499859333038330e-01 3.101666569709777832e-01 4.992499947547912598e-01 4.692499935626983643e-01 5.782499909400939941e-01 4.782499969005584717e-01 3.776361346244812012e-01 3.153223991394042969e-01 6.846567988395690918e-01 4.298011660575866699e-01 5.643531084060668945e-01 4.974624514579772949e-01
4.952499866485595703e-01 4.835000038146972656e-01 8.377500176429748535e-01 2.302500009536743164e-01 7.275000214576721191e-02 8.822500109672546387e-01 4.888416528701782227e-01 3.567528724670410156e-01 6.438887119293212891e-01 1.906363368034362793e-01 6.889003515243530273e-02 4.838074743747711182e-01
7.407500147819519043e-01 4.101666808128356934e-01 6.497499942779541016e-01 8.597499728202819824e-01 4.392499923706054688e-01 4.857499897480010986e-01 8.201711773872375488e-01 4.350390434265136719e-01 7.550972104072570801e-01 7.255781888961791992e-01 4.515609443187713623e-01 4.785846173763275146e-01
5.697500109672546387e-01 2.444999963045120239e-01 4.275000095367431641e-02 4.874999821186065674e-02 3.097499907016754150e-01 3.087500035762786865e-01 6.874873638153076172e-01 4.832704663276672363e-01 7.166698575019836426e-02 8.339525759220123291e-02 2.811879813671112061e-01 6.118147969245910645e-01
3.372499942779541016e-01 3.488333225250244141e-01 1.712500005960464478e-01 5.522500276565551758e-01 3.632499873638153076e-01 1.012500002980232239e-01 4.493037164211273193e-01 5.679906010627746582e-01 3.924298584461212158e-01 3.934517502784729004e-01 3.060249984264373779e-01 4.946338236331939697e-01
1.202500015497207642e-01 8.321666717529296875e-01 1.652500033378601074e-01 6.387500166893005371e-01 8.262500166893005371e-01 9.527500271797180176e-01 1.134842727333307266e-02 7.589418888092041016e-01 1.497442573308944702e-01 2.446441203355789185e-01 9.484837055206298828e-01 8.923784494400024414e-01
8.574999868869781494e-02 6.131666898727416992e-01 9.782500267028808594e-01 5.172500014305114746e-01 3.752500116825103760e-01 8.592500090599060059e-01 4.744718223810195923e-02 4.258936643600463867e-01 7.167965173721313477e-01 4.235630929470062256e-01 4.715768098831176758e-01 6.813720464706420898e-01
2.074999921023845673e-02 3.961666524410247803e-01 6.937500238418579102e-01 3.472500145435333252e-01 2.972500026226043701e-01 8.872500061988830566e-01 7.987574674189090729e-03 3.305959105491638184e-01 7.785937786102294922e-01 5.614813566207885742e-01 3.808423280715942383e-01 8.324019312858581543e-01
9.942499995231628418e-01 2.911666631698608398e-01 8.725000172853469849e-02 9.897500276565551758e-01 3.057500123977661133e-01 6.042500138282775879e-01 9.238035082817077637e-01 4.611688554286956787e-01 2.864744961261749268e-01 8.782280087471008301e-01 3.348118066787719727e-01 5.878766775131225586e-01
1.142499968409538269e-01 3.224999904632568359e-01 4.987500011920928955e-01 4.372499883174896240e-01 3.492499887943267822e-01 4.067499935626983643e-01 1.381750553846359253e-01 3.875445425510406494e-01 6.942254304885864258e-01 3.181613385677337646e-01 3.072558939456939697e-01 5.260202288627624512e-01
5.817499756813049316e-01 2.205000072717666626e-01 1.512500047683715820e-01 5.917500257492065430e-01 9.272500276565551758e-01 8.052499890327453613e-01 4.719572663307189941e-01 2.424948811531066895e-01 4.388455450534820557e-01 3.247279226779937744e-01 8.976849317550659180e-01 7.136795520782470703e-01
6.627500057220458984e-01 3.121666610240936279e-01 3.712500035762786865e-01 4.587500095367431641e-01 8.922500014305114746e-01 1.022500023245811462e-01 7.006944417953491211e-01 3.953476548194885254e-01 6.207818984985351562e-01 2.660051286220550537e-01 8.526928424835205078e-01 4.392610192298889160e-01
3.627499938011169434e-01 5.935000181198120117e-01 5.862500071525573730e-01 1.075000036507844925e-02 5.074999853968620300e-02 5.107499957084655762e-01 3.668762445449829102e-01 4.903762042522430420e-01 4.986086487770080566e-01 9.973562508821487427e-02 6.001509353518486023e-02 4.905432164669036865e-01
8.067499995231628418e-01 7.524999976158142090e-01 9.367499947547912598e-01 5.612499713897705078e-01 4.272499978542327881e-01 8.757500052452087402e-01 8.069425821304321289e-01 5.500749349594116211e-01 6.279275417327880859e-01 6.333419084548950195e-01 4.438561499118804932e-01 4.717555940151214600e-01
8.087499737739562988e-01 2.848333418369293213e-01 3.525000065565109253e-02 1.347499936819076538e-01 3.467499911785125732e-01 4.675000160932540894e-02 8.701936006546020508e-01 5.061123371124267578e-01 2.560421526432037354e-01 9.704437851905822754e-02 3.113477826118469238e-01 3.526906669139862061e-01
4.307500123977661133e-01 7.498333454132080078e-01 1.527500003576278687e-01 2.249999903142452240e-03 7.387499809265136719e-01 2.342499941587448120e-01 4.731000959873199463e-01 7.001204490661621094e-01 1.682220846414566040e-01 1.706030815839767456e-01 7.058721184730529785e-01 4.677777588367462158e-01
5.507500171661376953e-01 3.238333463668823242e-01 8.967499732971191406e-01 2.862499952316284180e-01 4.297499954700469971e-01 5.047500133514404297e-01 5.507465600967407227e-01 3.126928508281707764e-01 7.396938800811767578e-01 3.527943193912506104e-01 4.483179450035095215e-01 3.755518496036529541e-01
6.197500228881835938e-01 7.808333039283752441e-01 3.837499916553497314e-01 8.482499718666076660e-01 5.097500085830688477e-01 1.575000025331974030e-02 6.331858038902282715e-01 7.264999747276306152e-01 2.861302495002746582e-01 8.533640503883361816e-01 4.499364495277404785e-01 4.354296624660491943e-01
1.032499969005584717e-01 3.305000066757202148e-01 9.127500057220458984e-01 9.022499918937683105e-01 7.975000143051147461e-02 3.024999983608722687e-02 1.983284354209899902e-01 2.631557285785675049e-01 7.601038813591003418e-01 5.435392856597900391e-01 5.823357403278350830e-02 5.345608592033386230e-01
5.922499895095825195e-01 3.555000126361846924e-01 8.552500009536743164e-01 7.402499914169311523e-01 2.752499878406524658e-01 4.337500035762786865e-01 6.417963504791259766e-01 3.276305198669433594e-01 7.027432918548583984e-01 7.555802464485168457e-01 3.068489134311676025e-01 5.647896528244018555e-01
4.217500090599060059e-01 4.498333334922790527e-01 4.287500083446502686e-01 7.327499985694885254e-01 8.427500128746032715e-01 7.262499928474426270e-01 3.837585747241973877e-01 4.948171377182006836e-01 5.213712453842163086e-01 7.625582814216613770e-01 8.328219056129455566e-01 5.599903464317321777e-01
9.177500009536743164e-01 3.014999926090240479e-01 3.832499980926513672e-01 1.097500026226043701e-01 3.242500126361846924e-01 5.292500257492065430e-01 8.397726416587829590e-01 3.772939741611480713e-01 5.462125539779663086e-01 1.232254356145858765e-01 3.267754018306732178e-01 3.139800131320953369e-01
5.517500042915344238e-01 6.575000286102294922e-01 1.012500002980232239e-01 8.642500042915344238e-01 5.892500281333923340e-01 6.257500052452087402e-01 5.082821249961853027e-01 5.794890522956848145e-01 5.935043841600418091e-02 9.475882053375244141e-01 6.247826218605041504e-01 6.561110615730285645e-01
3.749999916180968285e-03 2.635000050067901611e-01 3.732500076293945312e-01 7.437499761581420898e-01 4.724999889731407166e-02 2.672500014305114746e-01 1.901434920728206635e-02 3.911409676074981689e-01 6.366036534309387207e-01 6.359515190124511719e-01 4.853240214288234711e-03 5.270175337791442871e-01
4.527499973773956299e-01 6.551666855812072754e-01 9.042500257492065430e-01 1.924999989569187164e-02 6.624999642372131348e-02 5.777500271797180176e-01 4.595002532005310059e-01 4.404538869857788086e-01 5.042421817779541016e-01 1.195068210363388062e-01 7.744129002094268799e-02 4.969702363014221191e-01
7.937499880790710449e-01 2.655000090599060059e-01 7.892500162124633789e-01 2.922500073909759521e-01 7.307500243186950684e-01 5.627499818801879883e-01 7.436423897743225098e-01 5.363244414329528809e-01 6.724100112915039062e-01 5.857149362564086914e-01 7.251488566398620605e-01 4.434729218482971191e-01
3.962500095367431641e-01 2.495000064373016357e-01 3.642500042915344238e-01 1.642500013113021851e-01 3.787499964237213135e-01 9.657499790191650391e-01 3.455460965633392334e-01 4.463718533515930176e-01 3.914838433265686035e-01 1.478343456983566284e-01 3.221020400524139404e-01 5.354892015457153320e-01
7.622500061988830566e-01 5.848333239555358887e-01 7.042499780654907227e-01 1.892500072717666626e-01 1.462499946355819702e-01 2.922500073909759521e-01 7.794055342674255371e-01 4.863461852073669434e-01 5.973902344703674316e-01 2.154229581356048584e-01 1.357569396495819092e-01 3.740446567535400391e-01
7.502499818801879883e-01 4.231666624546051025e-01 2.474999986588954926e-02 8.917499780654907227e-01 4.757499992847442627e-01 5.842499732971191406e-01 7.181926369667053223e-01 5.328780412673950195e-01 1.035273149609565735e-01 8.963444232940673828e-01 4.871978163719177246e-01 6.508182287216186523e-01
7.387499809265136719e-01 5.938333272933959961e-01 7.322499752044677734e-01 8.992499709129333496e-01 1.127500012516975403e-01 3.757500052452087402e-01 8.209268450736999512e-01 5.110090374946594238e-01 6.818130016326904297e-01 8.328974246978759766e-01 9.917680174112319946e-02 5.737024545669555664e-01
3.462499976158142090e-01 3.178333342075347900e-01 6.512500047683715820e-01 2.382500022649765015e-01 3.075000084936618805e-02 3.537499904632568359e-01 3.449523150920867920e-01 2.878170013427734375e-01 7.896884083747863770e-01 2.364944666624069214e-01 3.496476262807846069e-02 4.101930260658264160e-01
3.402499854564666748e-01 7.441666722297668457e-01 1.987500041723251343e-01 1.917500048875808716e-01 2.012500017881393433e-01 2.897500097751617432e-01 3.791351318359375000e-01 6.966928839683532715e-01 2.270411849021911621e-01 2.100625187158584595e-01 2.171583473682403564e-01 4.384107291698455811e-01
5.877500176429748535e-01 6.141666769981384277e-01 1.272500008344650269e-01 8.592500090599060059e-01 9.677500128746032715e-01 7.467499971389770508e-01 5.559309720993041992e-01 5.773257613182067871e-01 1.278687566518783569e-01 7.672374844551086426e-01 9.570469856262207031e-01 6.623440980911254883e-01
8.322499990463256836e-01 3.721666634082794189e-01 6.525000184774398804e-02 8.907499909400939941e-01 4.652499854564666748e-01 3.387500047683715820e-01 7.768455147743225098e-01 4.806893467903137207e-01 3.918259441852569580e-01 7.463570237159729004e-01 4.542976915836334229e-01 5.757501125335693359e-01
4.167500138282775879e-01 2.064999938011169434e-01 1.502500027418136597e-01 6.367499828338623047e-01 7.027500271797180176e-01 8.307499885559082031e-01 4.112778007984161377e-01 3.609837293624877930e-01 2.354505509138107300e-01 5.929792523384094238e-01 6.487299799919128418e-01 6.587646603584289551e-01
6.202499866485595703e-01 6.754999756813049316e-01 3.052499890327453613e-01 7.287499904632568359e-01 2.812500000000000000e-01 8.947499990463256836e-01 5.494709610939025879e-01 7.101595997810363770e-01 3.291060030460357666e-01 7.062279582023620605e-01 2.753944098949432373e-01 4.722023010253906250e-01
1.022500023245811462e-01 8.068333268165588379e-01 9.697499871253967285e-01 3.092499971389770508e-01 4.842500090599060059e-01 7.692499756813049316e-01 6.159168481826782227e-02 5.081534385681152344e-01 6.416942477226257324e-01 2.961420118808746338e-01 5.815218091011047363e-01 7.043097615242004395e-01
1.042499989271163940e-01 4.828333258628845215e-01 3.692499995231628418e-01 1.562500000000000000e-01 4.877499938011169434e-01 1.162500008940696716e-01 1.585867106914520264e-01 6.169214844703674316e-01 6.211573481559753418e-01 2.020923197269439697e-01 3.901260495185852051e-01 2.788255512714385986e-01
2.325000055134296417e-02 3.358333408832550049e-01 1.824999973177909851e-02 9.832500219345092773e-01 5.852500200271606445e-01 7.227500081062316895e-01 4.131137207150459290e-02 7.390766739845275879e-01 2.667549550533294678e-01 6.414037346839904785e-01 3.856832087039947510e-01 3.946468234062194824e-01
2.575000002980232239e-02 6.621666550636291504e-01 6.347500085830688477e-01 6.987500190734863281e-01 1.597499996423721313e-01 1.462499946355819702e-01 2.774050459265708923e-02 6.818481087684631348e-01 7.550257444381713867e-01 5.657615065574645996e-01 1.882199496030807495e-01 1.634701043367385864e-01
4.182499945163726807e-01 2.074999958276748657e-01 1.475000008940696716e-02 8.727499842643737793e-01 6.717500090599060059e-01 3.342500030994415283e-01 4.811092913150787354e-01 3.873983621597290039e-01 2.233414351940155029e-01 8.500463962554931641e-01 6.128881573677062988e-01 6.287011504173278809e-01
6.272500157356262207e-01 5.601666569709777832e-01 4.182499945163726807e-01 4.272499978542327881e-01 5.847499966621398926e-01 3.952499926090240479e-01 6.344158053398132324e-01 5.081378817558288574e-01 3.493334949016571045e-01 5.059643387794494629e-01 5.728882551193237305e-01 5.586142539978027344e-01
6.192499995231628418e-01 7.648333311080932617e-01 7.157499790191650391e-01 5.012500286102294922e-01 5.757499933242797852e-01 4.762499928474426270e-01 6.721659302711486816e-01 5.131053328514099121e-01 3.712994754314422607e-01 6.013491749763488770e-01 5.893204808235168457e-01 5.538293123245239258e-01
2.477499991655349731e-01 5.851666927337646484e-01 1.412499994039535522e-01 5.102499723434448242e-01 6.862499713897705078e-01 4.162499904632568359e-01 2.656680643558502197e-01 6.485941410064697266e-01 2.500967383384704590e-01 5.634080171585083008e-01 6.450487971305847168e-01 4.789642691612243652e-01
2.362499982118606567e-01 1.718333363533020020e-01 5.067499876022338867e-01 6.247500181198120117e-01 1.207500025629997253e-01 4.292500019073486328e-01 2.440879046916961670e-01 2.502166330814361572e-01 6.657962799072265625e-01 6.272264719009399414e-01 9.276100993156433105e-02 6.168854236602783203e-01
7.607499957084655762e-01 4.981666803359985352e-01 5.257499814033508301e-01 4.642499983310699463e-01 1.237500011920928955e-01 4.372499883174896240e-01 7.576600909233093262e-01 4.661157727241516113e-01 6.058146953582763672e-01 3.908433318138122559e-01 1.158453747630119324e-01 5.093075633049011230e-01
6.962500214576721191e-01 4.054999947547912598e-01 3.512499928474426270e-01 5.207499861717224121e-01 7.192500233650207520e-01 2.122499942779541016e-01 8.068675994873046875e-01 4.320302903652191162e-01 5.703147053718566895e-01 2.291692942380905151e-01 7.241591811180114746e-01 4.258536398410797119e-01
1.227499991655349731e-01 5.108333230018615723e-01 4.807499945163726807e-01 4.792500138282775879e-01 5.672500133514404297e-01 2.402500063180923462e-01 1.247020661830902100e-01 5.604891777038574219e-01 6.901038289070129395e-01 5.008679032325744629e-01 5.402842760086059570e-01 4.364166855812072754e-01
3.872500061988830566e-01 4.365000128746032715e-01 9.387500286102294922e-01 8.342499732971191406e-01 6.622499823570251465e-01 1.447499990463256836e-01 4.095380902290344238e-01 3.168971240520477295e-01 8.265805244445800781e-01 6.846350431442260742e-01 6.839506030082702637e-01 3.012892901897430420e-01
7.537500262260437012e-01 7.048333287239074707e-01 1.892500072717666626e-01 9.274999797344207764e-02 6.372500061988830566e-01 8.222500085830688477e-01 6.345242261886596680e-01 7.328730225563049316e-01 9.035076946020126343e-02 3.657169938087463379e-01 6.128428578376770020e-01 5.593416690826416016e-01
4.957500100135803223e-01 3.778333365917205811e-01 3.212499916553497314e-01 2.297500073909759521e-01 4.797500073909759521e-01 3.082500100135803223e-01 4.509075284004211426e-01 5.127120614051818848e-01 4.676867425441741943e-01 3.684536516666412354e-01 4.407137334346771240e-01 4.693731665611267090e-01
7.275000214576721191e-02 5.571666955947875977e-01 9.947500228881835938e-01 1.572500020265579224e-01 4.072499871253967285e-01 1.722500026226043701e-01 7.564820349216461182e-02 4.873662292957305908e-01 7.874339818954467773e-01 2.392472326755523682e-01 4.380240738391876221e-01 2.545617222785949707e-01
9.412500262260437012e-01 4.798333346843719482e-01 9.274999797344207764e-02 5.087500214576721191e-01 8.532500267028808594e-01 5.122500061988830566e-01 7.744792699813842773e-01 3.565954864025115967e-01 4.051521122455596924e-01 3.034321963787078857e-01 8.438429236412048340e-01 4.948087632656097412e-01
1.717499941587448120e-01 6.708333492279052734e-01 1.377499997615814209e-01 4.507499933242797852e-01 2.247499972581863403e-01 8.174999803304672241e-02 2.156057655811309814e-01 7.157817482948303223e-01 2.620407640933990479e-01 4.129908680915832520e-01 2.113717794418334961e-01 3.505249917507171631e-01
8.022500276565551758e-01 5.061666369438171387e-01 2.832500040531158447e-01 1.547500044107437134e-01 8.712499737739562988e-01 4.282500147819519043e-01 8.283260464668273926e-01 5.047427415847778320e-01 1.827305257320404053e-01 1.997854113578796387e-01 8.298107385635375977e-01 5.153346061706542969e-01
4.224999994039535522e-02 6.511666774749755859e-01 8.477500081062316895e-01 4.382500052452087402e-01 3.102500140666961670e-01 6.147500276565551758e-01 2.906687557697296143e-02 5.288227200508117676e-01 7.305182218551635742e-01 3.137080669403076172e-01 3.723937273025512695e-01 6.271686553955078125e-01
2.597500085830688477e-01 3.341666758060455322e-01 1.162500008940696716e-01 6.932500004768371582e-01 5.992500185966491699e-01 4.332500100135803223e-01 3.191348016262054443e-01 4.185494482517242432e-01 2.408321052789688110e-01 6.860240101814270020e-01 5.334530472755432129e-01 6.232399940490722656e-01
1.707500070333480835e-01 4.645000100135803223e-01 7.672500014305114746e-01 9.502500295639038086e-01 9.182500243186950684e-01 1.522500067949295044e-01 2.225769460201263428e-01 5.197473168373107910e-01 8.074309229850769043e-01 7.704253196716308594e-01 8.681883811950683594e-01 2.288219481706619263e-01
3.367500007152557373e-01 6.825000047683715820e-01 3.542500138282775879e-01 8.167499899864196777e-01 7.225000113248825073e-02 7.824999839067459106e-02 4.373455941677093506e-01 6.813338398933410645e-01 3.510648310184478760e-01 7.422017455101013184e-01 7.704668492078781128e-02 5.093845725059509277e-01
3.747499883174896240e-01 6.225000023841857910e-01 4.852499961853027344e-01 4.617500007152557373e-01 2.202499955892562866e-01 6.750000175088644028e-03 4.628238379955291748e-01 5.374206304550170898e-01 4.821331799030303955e-01 3.017855584621429443e-01 2.178231477737426758e-01 4.581684470176696777e-01
7.777500152587890625e-01 5.548333525657653809e-01 2.002499997615814209e-01 6.624999642372131348e-02 9.717500209808349609e-01 1.587499976158142090e-01 6.642937064170837402e-01 6.399869918823242188e-01 4.414930045604705811e-01 1.681663990020751953e-01 9.052287340164184570e-01 3.291094601154327393e-01
7.824999839067459106e-02 5.611666440963745117e-01 7.692499756813049316e-01 2.937499880790710449e-01 6.274999678134918213e-02 3.922500014305114746e-01 6.674060225486755371e-02 5.173404216766357422e-01 6.410948038101196289e-01 4.322015345096588135e-01 4.324014112353324890e-02 4.947075247764587402e-01
6.042500138282775879e-01 5.521666407585144043e-01 8.497499823570251465e-01 2.792499959468841553e-01 8.382499814033508301e-01 3.027499914169311523e-01 5.336196422576904297e-01 5.060523152351379395e-01 7.223587632179260254e-01 3.674744963645935059e-01 7.950402498245239258e-01 2.800005376338958740e-01
6.952499747276306152e-01 4.688333272933959961e-01 4.882499873638153076e-01 3.752500116825103760e-01 3.412500023841857910e-01 8.007500171661376953e-01 6.979141235351562500e-01 3.066301643848419189e-01 3.835934400558471680e-01 2.647106051445007324e-01 3.534820079803466797e-01 5.592078566551208496e-01
1.832499951124191284e-01 1.901666671037673950e-01 9.902499914169311523e-01 3.447499871253967285e-01 4.292500019073486328e-01 1.432500034570693970e-01 2.590891122817993164e-01 2.398299276828765869e-01 8.022953867912292480e-01 2.003719359636306763e-01 3.937748670578002930e-01 3.764980137348175049e-01
4.562500119209289551e-01 4.988333284854888916e-01 6.257500052452087402e-01 5.377500057220458984e-01 6.152499914169311523e-01 2.152500003576278687e-01 4.635196328163146973e-01 5.665748715400695801e-01 6.359941959381103516e-01 6.117296218872070312e-01 6.098805069923400879e-01 4.145158231258392334e-01
3.982500135898590088e-01 7.011666893959045410e-01 5.842499732971191406e-01 3.557499945163726807e-01 5.917500257492065430e-01 4.437499940395355225e-01 3.847965300083160400e-01 6.470367312431335449e-01 4.002995491027832031e-01 5.041005015373229980e-01 5.816361904144287109e-01 4.632365405559539795e-01
5.907499790191650391e-01 6.101666688919067383e-01 2.742500007152557373e-01 9.487500190734863281e-01 5.157499909400939941e-01 2.217500060796737671e-01 5.872627496719360352e-01 7.060069441795349121e-01 3.326382935047149658e-01 8.847885131835937500e-01 4.535063207149505615e-01 4.469165802001953125e-01
8.927500247955322266e-01 3.781666755676269531e-01 8.702499866485595703e-01 6.672499775886535645e-01 2.907499969005584717e-01 7.542499899864196777e-01 8.925302624702453613e-01 3.352305591106414795e-01 7.987397909164428711e-01 6.833685636520385742e-01 3.109635114669799805e-01 5.176678299903869629e-01
6.212499737739562988e-01 2.591666579246520996e-01 8.532500267028808594e-01 2.397499978542327881e-01 1.297499984502792358e-01 4.222500026226043701e-01 6.292623281478881836e-01 2.672345042228698730e-01 7.918739914894104004e-01 2.751623392105102539e-01 9.953597187995910645e-02 4.020441472530364990e-01
9.082499742507934570e-01 2.388333380222320557e-01 1.132500022649765015e-01 3.612500131130218506e-01 3.582499921321868896e-01 5.775000154972076416e-02 9.339163899421691895e-01 5.061548948287963867e-01 4.179880917072296143e-01 1.613216549158096313e-01 3.458769619464874268e-01 2.952576875686645508e-01
4.292500019073486328e-01 4.768333435058593750e-01 5.712500214576721191e-01 3.749999916180968285e-03 3.024999983608722687e-02 3.012500107288360596e-01 4.223853349685668945e-01 4.763147532939910889e-01 5.649669170379638672e-01 6.204994022846221924e-02 3.031494095921516418e-02 4.051185250282287598e-01
6.277499794960021973e-01 3.824999928474426270e-01 4.467499852180480957e-01 5.862500071525573730e-01 7.322499752044677734e-01 7.402499914169311523e-01 5.669463872909545898e-01 4.036076068878173828e-01 4.966056346893310547e-01 5.998252034187316895e-01 6.968615651130676270e-01 5.356643795967102051e-01
2.972500026226043701e-01 3.198333382606506348e-01 5.207499861717224121e-01 2.427500039339065552e-01 7.317500114440917969e-01 8.452500104904174805e-01 2.876334786415100098e-01 3.230277299880981445e-01 5.120775699615478516e-01 3.249575793743133545e-01 7.161206007003784180e-01 6.658671498298645020e-01
1.627500057220458984e-01 2.178333401679992676e-01 1.427499949932098389e-01 1.412499994039535522e-01 2.602500021457672119e-01 5.642499923706054688e-01 1.713943332433700562e-01 2.867710888385772705e-01 1.812089085578918457e-01 1.936646550893783569e-01 2.623007297515869141e-01 8.133642673492431641e-01
2.232500016689300537e-01 4.375000000000000000e-01 2.812500000000000000e-01 7.712500095367431641e-01 3.477500081062316895e-01 5.567499995231628418e-01 2.924058735370635986e-01 3.821566402912139893e-01 2.866772711277008057e-01 6.602779626846313477e-01 3.700877726078033447e-01 6.033276915550231934e-01
1.322499960660934448e-01 3.851666748523712158e-01 7.032499909400939941e-01 9.197499752044677734e-01 3.627499938011169434e-01 7.225000113248825073e-02 1.617747992277145386e-01 4.798820018768310547e-01 8.001985549926757812e-01 6.848807930946350098e-01 3.551964461803436279e-01 2.313934266567230225e-01
9.627500176429748535e-01 7.111666798591613770e-01 7.112500071525573730e-01 4.717499911785125732e-01 3.107500076293945312e-01 2.657499909400939941e-01 9.728709459304809570e-01 6.919044256210327148e-01 5.608307719230651855e-01 6.331717967987060547e-01 3.032689094543457031e-01 3.863663971424102783e-01
5.632500052452087402e-01 7.298333048820495605e-01 6.587499976158142090e-01 6.862499713897705078e-01 5.427500009536743164e-01 9.827499985694885254e-01 5.493907928466796875e-01 6.501678824424743652e-01 5.576508641242980957e-01 5.545341372489929199e-01 5.455077290534973145e-01 3.941252827644348145e-01
4.807499945163726807e-01 3.634999990463256836e-01 4.924999922513961792e-02 1.782499998807907104e-01 3.142499923706054688e-01 7.367500066757202148e-01 5.066137909889221191e-01 3.819976747035980225e-01 1.195197701454162598e-01 1.081615537405014038e-01 3.236511945724487305e-01 6.754617094993591309e-01
7.227500081062316895e-01 3.111666738986968994e-01 9.175000339746475220e-02 7.652500271797180176e-01 2.107499986886978149e-01 1.147499978542327881e-01 7.446582317352294922e-01 5.306210517883300781e-01 4.653334021568298340e-01 6.089630722999572754e-01 1.886999160051345825e-01 5.532044172286987305e-01
3.107500076293945312e-01 2.854999899864196777e-01 7.712500095367431641e-01 8.037499785423278809e-01 7.374999672174453735e-02 2.827500104904174805e-01 4.150130450725555420e-01 2.142399102449417114e-01 7.382389307022094727e-01 6.828859448432922363e-01 7.542023062705993652e-02 5.806842446327209473e-01
6.477500200271606445e-01 3.914999961853027344e-01 7.162500023841857910e-01 9.175000339746475220e-02 7.617499828338623047e-01 2.272499948740005493e-01 6.033865809440612793e-01 4.307209849357604980e-01 6.402021646499633789e-01 2.860640585422515869e-01 7.609827518463134766e-01 3.890656828880310059e-01
2.977499961853027344e-01 6.358333230018615723e-01 1.922499984502792358e-01 4.487499892711639404e-01 7.742499709129333496e-01 1.647499948740005493e-01 3.197993338108062744e-01 6.373656988143920898e-01 2.502559721469879150e-01 6.685357093811035156e-01 7.505166530609130859e-01 4.913022220134735107e-01
9.262499809265136719e-01 7.231666445732116699e-01 3.087500035762786865e-01 5.492500066757202148e-01 7.474999874830245972e-02 8.002499938011169434e-01 9.393834471702575684e-01 7.164552807807922363e-01 2.011481523513793945e-01 5.311200022697448730e-01 6.493226438760757446e-02 4.965837299823760986e-01
5.750000011175870895e-03 8.155000209808349609e-01 1.249999972060322762e-03 5.157499909400939941e-01 8.187500238418579102e-01 2.257499992847442627e-01 6.623467197641730309e-04 8.254017233848571777e-01 2.767196856439113617e-02 6.838494539260864258e-02 9.351906776428222656e-01 9.874666333198547363e-01
7.975000143051147461e-02 7.894999980926513672e-01 7.552499771118164062e-01 2.732500135898590088e-01 8.117499947547912598e-01 3.472500145435333252e-01 1.297912001609802246e-01 6.576445698738098145e-01 5.005340576171875000e-01 2.018368542194366455e-01 9.834801554679870605e-01 6.618327498435974121e-01
7.507500052452087402e-01 7.124999761581420898e-01 6.712499856948852539e-01 7.547500133514404297e-01 1.647499948740005493e-01 3.532499969005584717e-01 8.223846554756164551e-01 4.710518419742584229e-01 4.434680044651031494e-01 8.347012400627136230e-01 1.869857609272003174e-01 6.203012466430664062e-01
7.732499837875366211e-01 5.418333411216735840e-01 3.372499942779541016e-01 1.475000008940696716e-02 7.117499709129333496e-01 1.297499984502792358e-01 7.889810800552368164e-01 4.818534553050994873e-01 3.464025855064392090e-01 1.199821382761001587e-01 6.832351684570312500e-01 4.434974491596221924e-01
5.932499766349792480e-01 5.301666855812072754e-01 7.812500000000000000e-01 3.622500002384185791e-01 8.682500123977661133e-01 2.602500021457672119e-01 6.468189358711242676e-01 4.001823365688323975e-01 6.027293801307678223e-01 4.566233158111572266e-01 8.685586452484130859e-01 5.029854178428649902e-01
9.407500028610229492e-01 5.751666426658630371e-01 5.577499866485595703e-01 8.852499723434448242e-01 1.724999956786632538e-02 5.097500085830688477e-01 9.469994306564331055e-01 4.998421072959899902e-01 4.562513828277587891e-01 9.518505930900573730e-01 4.468283429741859436e-02 6.151716113090515137e-01
9.567499756813049316e-01 3.041666746139526367e-01 6.977499723434448242e-01 3.822500109672546387e-01 8.007500171661376953e-01 2.757500112056732178e-01 9.213782548904418945e-01 4.390655755996704102e-01 5.947390794754028320e-01 6.354815363883972168e-01 7.666664123535156250e-01 4.508987963199615479e-01
3.807500004768371582e-01 5.478333234786987305e-01 2.837499976158142090e-01 9.177500009536743164e-01 1.782499998807907104e-01 7.024999707937240601e-02 4.855218827724456787e-01 5.823156833648681641e-01 5.460483431816101074e-01 6.626454591751098633e-01 1.823158115148544312e-01 5.111147761344909668e-01
4.324999824166297913e-02 3.465000092983245850e-01 9.724999964237213135e-02 9.907500147819519043e-01 2.837499976158142090e-01 4.697499871253967285e-01 3.593502938747406006e-02 4.087575376033782959e-01 5.341737344861030579e-02 9.657161235809326172e-01 2.124617844820022583e-01 6.244878768920898438e-01
7.352499961853027344e-01 4.741666615009307861e-01 9.717500209808349609e-01 2.832500040531158447e-01 9.152500033378601074e-01 3.587499856948852539e-01 7.808624505996704102e-01 3.454611003398895264e-01 6.744766831398010254e-01 4.134363234043121338e-01 9.152284860610961914e-01 4.469789564609527588e-01
3.892500102519989014e-01 6.951666474342346191e-01 6.362500190734863281e-01 7.777500152587890625e-01 4.132499992847442627e-01 2.977499961853027344e-01 4.135642349720001221e-01 6.582905054092407227e-01 6.078090071678161621e-01 6.598015427589416504e-01 4.202625155448913574e-01 3.421925306320190430e-01
6.597499847412109375e-01 2.834999859333038330e-01 8.867499828338623047e-01 8.802499771118164062e-01 9.377499818801879883e-01 3.167499899864196777e-01 6.994920372962951660e-01 3.144164979457855225e-01 8.261583447456359863e-01 8.919337391853332520e-01 9.399142861366271973e-01 5.008718371391296387e-01
4.382500052452087402e-01 7.001666426658630371e-01 6.707500219345092773e-01 5.632500052452087402e-01 5.432500243186950684e-01 8.422499895095825195e-01 3.990710079669952393e-01 5.455850958824157715e-01 5.505866408348083496e-01 4.058795571327209473e-01 5.718282461166381836e-01 4.440243244171142578e-01
2.097499966621398926e-01 8.144999742507934570e-01 7.225000113248825073e-02 9.247499704360961914e-01 3.432500064373016357e-01 7.500000065192580223e-04 2.043176144361495972e-01 8.142185807228088379e-01 4.787288978695869446e-02 8.122662305831909180e-01 2.797562181949615479e-01 2.757917642593383789e-01
7.500000065192580223e-04 6.618333458900451660e-01 7.352499961853027344e-01 4.007500112056732178e-01 2.627499997615814209e-01 8.542500138282775879e-01 1.529423426836729050e-02 5.760147571563720703e-01 6.870298385620117188e-01 3.118378818035125732e-01 3.251633048057556152e-01 7.033139467239379883e-01
1.862500011920928955e-01 1.905000060796737671e-01 7.749999873340129852e-03 2.875000052154064178e-02 8.242499828338623047e-01 2.042499929666519165e-01 2.303688526153564453e-01 3.905008435249328613e-01 2.964250445365905762e-01 1.782104372978210449e-01 7.617756128311157227e-01 7.527828812599182129e-01
3.287500143051147461e-01 4.991666674613952637e-01 1.802500039339065552e-01 4.947499930858612061e-01 1.137500032782554626e-01 9.967499971389770508e-01 3.088456392288208008e-01 4.298114776611328125e-01 1.242224499583244324e-01 3.810627758502960205e-01 1.061005815863609314e-01 7.095443010330200195e-01
2.062499970197677612e-01 6.751666665077209473e-01 1.182499974966049194e-01 3.112500011920928955e-01 4.232499897480010986e-01 2.762500047683715820e-01 1.967774033546447754e-01 7.674139738082885742e-01 1.568673402070999146e-01 5.172553658485412598e-01 3.665785789489746094e-01 3.026839494705200195e-01
5.372499823570251465e-01 1.835000067949295044e-01 3.125000000000000000e-02 7.107499837875366211e-01 8.877500295639038086e-01 9.312499761581420898e-01 5.406464934349060059e-01 3.606700599193572998e-01 2.380565404891967773e-01 2.568776607513427734e-01 8.362144231796264648e-01 6.253466010093688965e-01
2.677499949932098389e-01 4.731666743755340576e-01 6.112499833106994629e-01 5.932499766349792480e-01 3.824999928474426270e-02 3.097499907016754150e-01 3.251343071460723877e-01 4.307674169540405273e-01 6.923648715019226074e-01 5.930566787719726562e-01 4.570872336626052856e-02 4.767287075519561768e-01
2.822499871253967285e-01 6.981666684150695801e-01 7.202500104904174805e-01 3.937500119209289551e-01 7.217500209808349609e-01 4.347499907016754150e-01 3.613724410533905029e-01 4.048080146312713623e-01 3.625428974628448486e-01 4.196757376194000244e-01 7.816017270088195801e-01 6.349611878395080566e-01
6.174999848008155823e-02 4.881666600704193115e-01 2.500000118743628263e-04 6.162499785423278809e-01 3.247500061988830566e-01 1.962500065565109253e-01 1.217007413506507874e-01 6.510783433914184570e-01 1.663090437650680542e-01 6.220958828926086426e-01 2.287808358669281006e-01 4.719286262989044189e-01
2.272499948740005493e-01 5.855000019073486328e-01 8.747500181198120117e-01 2.622500061988830566e-01 7.287499904632568359e-01 3.192499876022338867e-01 2.458301037549972534e-01 4.262795150279998779e-01 6.506332755088806152e-01 4.154219031333923340e-01 7.755386233329772949e-01 5.540292263031005859e-01
4.922499954700469971e-01 8.281666636466979980e-01 9.347500205039978027e-01 6.167500019073486328e-01 3.624999895691871643e-02 1.882500052452087402e-01 5.663319230079650879e-01 5.371479392051696777e-01 5.379463434219360352e-01 6.224209666252136230e-01 6.410725414752960205e-02 5.347145199775695801e-01
5.775000154972076416e-02 1.831666678190231323e-01 9.775000065565109253e-02 4.357500076293945312e-01 5.387499928474426270e-01 3.862499892711639404e-01 8.744122087955474854e-02 4.333418905735015869e-01 3.883465230464935303e-01 4.200917780399322510e-01 3.981761932373046875e-01 7.015860676765441895e-01
3.337500095367431641e-01 7.398333549499511719e-01 5.424999818205833435e-02 8.612499833106994629e-01 4.137499928474426270e-01 8.917499780654907227e-01 2.969289124011993408e-01 6.939948201179504395e-01 4.160938039422035217e-02 6.930086612701416016e-01 4.125137925148010254e-01 6.913650035858154297e-01
7.762500047683715820e-01 1.918333321809768677e-01 7.332500219345092773e-01 2.727499902248382568e-01 1.917500048875808716e-01 4.122500121593475342e-01 7.932323217391967773e-01 3.331756293773651123e-01 7.646159529685974121e-01 2.524539530277252197e-01 1.424549818038940430e-01 3.558356463909149170e-01
2.775000035762786865e-02 8.128333091735839844e-01 1.807499974966049194e-01 5.912500023841857910e-01 3.672499954700469971e-01 5.822499990463256836e-01 1.642610505223274231e-02 8.150911331176757812e-01 7.209202647209167480e-02 7.702627182006835938e-01 3.625960946083068848e-01 4.924872517585754395e-01
2.537499964237213135e-01 2.531666755676269531e-01 1.912499964237213135e-01 5.575000122189521790e-02 4.932500123977661133e-01 3.947499990463256836e-01 2.798796594142913818e-01 3.131165206432342529e-01 3.801081478595733643e-01 1.328544467687606812e-01 4.568196237087249756e-01 6.468138694763183594e-01
3.832499980926513672e-01 7.408333420753479004e-01 3.532499969005584717e-01 6.407499909400939941e-01 9.552500247955322266e-01 3.717499971389770508e-01 3.971616327762603760e-01 6.791837215423583984e-01 2.259313613176345825e-01 7.011471986770629883e-01 9.570831656455993652e-01 4.801296293735504150e-01
4.732500016689300537e-01 5.868333578109741211e-01 1.742500066757202148e-01 2.762500047683715820e-01 6.542500257492065430e-01 5.124999955296516418e-02 5.925125479698181152e-01 6.140641570091247559e-01 2.961408495903015137e-01 1.727878898382186890e-01 6.300773620605468750e-01 4.317906796932220459e-01
7.977499961853027344e-01 6.784999966621398926e-01 1.027500033378601074e-01 7.074999809265136719e-02 1.287499964237213135e-01 1.502500027418136597e-01 8.591940402984619141e-01 7.097643613815307617e-01 1.492538154125213623e-01 7.845638692378997803e-02 9.230816364288330078e-02 3.163634240627288818e-01
4.592500030994415283e-01 2.904999852180480957e-01 1.675000041723251343e-02 2.992500066757202148e-01 3.572500050067901611e-01 3.052499890327453613e-01 5.639203786849975586e-01 3.142622411251068115e-01 1.368748992681503296e-01 2.023041844367980957e-01 3.577624261379241943e-01 6.530075669288635254e-01
6.852499842643737793e-01 7.174999713897705078e-01 7.249999791383743286e-03 9.587500095367431641e-01 1.827500015497207642e-01 7.727500200271606445e-01 6.535664796829223633e-01 7.857046723365783691e-01 1.915025711059570312e-02 8.882783651351928711e-01 1.740631014108657837e-01 6.629249453544616699e-01
4.007500112056732178e-01 6.165000200271606445e-01 3.037500083446502686e-01 9.475000202655792236e-02 2.222499996423721313e-01 2.817499935626983643e-01 4.170367419719696045e-01 5.662939548492431641e-01 4.011148512363433838e-01 1.249695345759391785e-01 2.569044232368469238e-01 3.746995329856872559e-01
9.912499785423278809e-01 3.208333253860473633e-01 8.357499837875366211e-01 8.249999955296516418e-03 6.212499737739562988e-01 8.474999666213989258e-02 9.290264248847961426e-01 3.558330535888671875e-01 7.292720079421997070e-01 2.959937751293182373e-01 5.694873332977294922e-01 3.179391622543334961e-01
8.375000208616256714e-02 2.698333263397216797e-01 4.057500064373016357e-01 5.512499809265136719e-01 4.075000062584877014e-02 2.702499926090240479e-01 9.553716331720352173e-02 3.486031591892242432e-01 6.896018385887145996e-01 4.028048813343048096e-01 1.458564121276140213e-02 5.098216533660888672e-01
5.777500271797180176e-01 4.678333401679992676e-01 7.997499704360961914e-01 2.325000055134296417e-02 7.377499938011169434e-01 1.427499949932098389e-01 6.079630255699157715e-01 3.760032355785369873e-01 6.182215809822082520e-01 1.394478678703308105e-01 7.382605075836181641e-01 3.630514144897460938e-01
2.827500104904174805e-01 5.398333072662353516e-01 9.867500066757202148e-01 2.837499976158142090e-01 7.037500143051147461e-01 6.082500219345092773e-01 2.830951511859893799e-01 3.665170073509216309e-01 7.333576083183288574e-01 3.865994513034820557e-01 7.584916353225708008e-01 4.762470424175262451e-01
6.132500171661376953e-01 4.048333466053009033e-01 4.632500112056732178e-01 7.622500061988830566e-01 1.612499952316284180e-01 7.892500162124633789e-01 6.002045869827270508e-01 5.643371939659118652e-01 5.521550774574279785e-01 6.829217672348022461e-01 1.352415829896926880e-01 5.285527706146240234e-01
9.982500076293945312e-01 3.438333272933959961e-01 5.212500095367431641e-01 3.122499883174896240e-01 3.732500076293945312e-01 3.824999928474426270e-02 9.600431919097900391e-01 3.667042553424835205e-01 6.812646985054016113e-01 2.269876897335052490e-01 3.482768237590789795e-01 2.622777521610260010e-01
5.447499752044677734e-01 4.684999883174896240e-01 2.174999937415122986e-02 5.472499728202819824e-01 2.242500036954879761e-01 1.407500058412551880e-01 6.422559618949890137e-01 6.566632390022277832e-01 2.498486936092376709e-01 3.869561851024627686e-01 2.088788002729415894e-01 4.972826838493347168e-01
9.622499942779541016e-01 7.018333077430725098e-01 5.872499942779541016e-01 4.817500114440917969e-01 2.632499933242797852e-01 7.202500104904174805e-01 9.257575869560241699e-01 6.662594676017761230e-01 5.773671865463256836e-01 5.321543812751770020e-01 2.608447968959808350e-01 3.911088109016418457e-01
9.457499980926513672e-01 5.638333559036254883e-01 8.107500076293945312e-01 5.247499942779541016e-01 6.724999845027923584e-02 9.442499876022338867e-01 9.122376441955566406e-01 5.590827465057373047e-01 7.121585011482238770e-01 5.853192210197448730e-01 5.325508862733840942e-02 5.130332112312316895e-01
7.774999737739562988e-02 8.211666941642761230e-01 9.312499761581420898e-01 3.357500135898590088e-01 4.250000230967998505e-03 8.242499828338623047e-01 4.368224367499351501e-02 5.909054875373840332e-01 6.518451571464538574e-01 2.966064512729644775e-01 1.558792591094970703e-01 5.373281240463256836e-01
1.392499953508377075e-01 3.194999992847442627e-01 2.337500005960464478e-01 5.082499980926513672e-01 4.262500107288360596e-01 3.317500054836273193e-01 1.864957511425018311e-01 3.676159977912902832e-01 4.450315535068511963e-01 4.403002858161926270e-01 4.081018567085266113e-01 6.335223913192749023e-01
2.592499852180480957e-01 4.598333239555358887e-01 6.952499747276306152e-01 3.742499947547912598e-01 7.137500047683715820e-01 4.612500071525573730e-01 2.955619394779205322e-01 4.070770740509033203e-01 5.737369656562805176e-01 4.447750747203826904e-01 7.036762833595275879e-01 5.760156512260437012e-01
8.037499785423278809e-01 5.945000052452087402e-01 6.852499842643737793e-01 4.332500100135803223e-01 3.162499964237213135e-01 5.067499876022338867e-01 7.888892292976379395e-01 4.273715913295745850e-01 5.348487496376037598e-01 5.492871403694152832e-01 3.606779873371124268e-01 5.574385523796081543e-01
6.227499842643737793e-01 5.504999756813049316e-01 9.182500243186950684e-01 2.882499992847442627e-01 4.312500059604644775e-01 7.077500224113464355e-01 6.423079967498779297e-01 3.107448518276214600e-01 6.936061978340148926e-01 1.963087320327758789e-01 4.529930651187896729e-01 3.740355372428894043e-01
9.877499938011169434e-01 5.138333439826965332e-01 7.707499861717224121e-01 5.397499799728393555e-01 1.542499959468841553e-01 3.962500095367431641e-01 8.411973118782043457e-01 3.631270527839660645e-01 7.907338142395019531e-01 7.037835121154785156e-01 1.435000598430633545e-01 5.618661642074584961e-01
2.287500053644180298e-01 3.975000083446502686e-01 7.402499914169311523e-01 5.662500262260437012e-01 1.712500005960464478e-01 9.887499809265136719e-01 2.081467360258102417e-01 3.723489046096801758e-01 6.426209211349487305e-01 6.474285721778869629e-01 1.921503394842147827e-01 6.075595021247863770e-01
9.282500147819519043e-01 6.098333597183227539e-01 8.692499995231628418e-01 6.052500009536743164e-01 9.822499752044677734e-01 9.012500047683715820e-01 9.174072146415710449e-01 5.447073578834533691e-01 7.305549979209899902e-01 6.346535682678222656e-01 9.640644192695617676e-01 3.993459343910217285e-01
5.977500081062316895e-01 5.451666712760925293e-01 3.302499949932098389e-01 4.212499856948852539e-01 5.822499990463256836e-01 6.792500019073486328e-01 6.713221669197082520e-01 4.601025581359863281e-01 2.081993818283081055e-01 4.439575374126434326e-01 5.691803693771362305e-01 6.008547544479370117e-01
6.882500052452087402e-01 3.931666612625122070e-01 7.657499909400939941e-01 6.467499732971191406e-01 1.547500044107437134e-01 6.862499713897705078e-01 6.765102148056030273e-01 3.555281460285186768e-01 6.663480401039123535e-01 6.812682747840881348e-01 1.512888520956039429e-01 5.832502841949462891e-01
8.174999803304672241e-02 6.808333396911621094e-01 1.552499979734420776e-01 9.417499899864196777e-01 2.762500047683715820e-01 1.637499928474426270e-01 7.663674652576446533e-02 6.303480267524719238e-01 1.514419317245483398e-01 8.445376157760620117e-01 2.972680926322937012e-01 4.006616175174713135e-01
6.537500023841857910e-01 5.618333220481872559e-01 5.407500267028808594e-01 7.217500209808349609e-01 9.252499938011169434e-01 5.502499938011169434e-01 5.677354931831359863e-01 5.997879505157470703e-01 6.303592324256896973e-01 9.132351279258728027e-01 9.454261064529418945e-01 5.139039754867553711e-01
4.250000230967998505e-03 4.264999926090240479e-01 8.822500109672546387e-01 8.022500276565551758e-01 5.532500147819519043e-01 5.477499961853027344e-01 8.308511227369308472e-03 4.471551775932312012e-01 8.549159765243530273e-01 9.260265827178955078e-01 5.927435159683227539e-01 4.533181190490722656e-01
5.137500166893005371e-01 6.348333358764648438e-01 5.807499885559082031e-01 9.202499985694885254e-01 1.557500064373016357e-01 5.582500100135803223e-01 5.363014936447143555e-01 4.333377778530120850e-01 4.907560050487518311e-01 8.340834975242614746e-01 1.860363632440567017e-01 6.009712815284729004e-01
3.192499876022338867e-01 2.524999976158142090e-01 2.562499940395355225e-01 4.987500011920928955e-01 6.177499890327453613e-01 9.712499976158142090e-01 2.920609414577484131e-01 3.479269742965698242e-01 3.028787374496459961e-01 4.075822234153747559e-01 5.469180345535278320e-01 6.926208734512329102e-01
1.025000028312206268e-02 8.238333463668823242e-01 4.447500109672546387e-01 7.097499966621398926e-01 8.612499833106994629e-01 1.092500016093254089e-01 1.899209618568420410e-02 7.776979207992553711e-01 4.006772637367248535e-01 7.872501015663146973e-01 9.109129905700683594e-01 4.485308229923248291e-01
9.562500119209289551e-01 1.871666610240936279e-01 1.497499942779541016e-01 2.167499959468841553e-01 4.377500116825103760e-01 9.742500185966491699e-01 8.939386010169982910e-01 2.560247480869293213e-01 1.691779196262359619e-01 9.423328936100006104e-02 4.123752713203430176e-01 4.545742571353912354e-01
7.222499847412109375e-01 1.968333274126052856e-01 7.652500271797180176e-01 6.532499790191650391e-01 3.502500057220458984e-01 9.597499966621398926e-01 7.695071101188659668e-01 3.280722498893737793e-01 7.088771462440490723e-01 5.282495021820068359e-01 3.614241480827331543e-01 5.206314921379089355e-01
4.927499890327453613e-01 7.571666836738586426e-01 7.942500114440917969e-01 5.692499876022338867e-01 6.492499709129333496e-01 5.575000122189521790e-02 5.035112500190734863e-01 6.740151643753051758e-01 6.243094205856323242e-01 6.396170258522033691e-01 6.396149396896362305e-01 3.428975939750671387e-01
3.907499909400939941e-01 3.544999957084655762e-01 4.227499961853027344e-01 7.492499947547912598e-01 1.747500002384185791e-01 2.877500057220458984e-01 4.034085571765899658e-01 4.338026642799377441e-01 7.214373350143432617e-01 6.210806965827941895e-01 1.683526188135147095e-01 4.149293601512908936e-01
5.887500047683715820e-01 5.115000009536743164e-01 6.612499952316284180e-01 6.774999946355819702e-02 7.822499871253967285e-01 5.432500243186950684e-01 4.827308058738708496e-01 4.121729433536529541e-01 5.772505402565002441e-01 1.965632438659667969e-01 7.923601269721984863e-01 4.551278650760650635e-01
2.924999967217445374e-02 3.045000135898590088e-01 8.347499966621398926e-01 4.787499904632568359e-01 9.982500076293945312e-01 3.974999859929084778e-02 2.879663743078708649e-02 2.879503965377807617e-01 9.174299836158752441e-01 5.553269386291503906e-01 9.083020091056823730e-01 2.989623248577117920e-01
5.717499852180480957e-01 3.795000016689300537e-01 1.777500063180923462e-01 8.112499713897705078e-01 5.267500281333923340e-01 4.447500109672546387e-01 5.882409811019897461e-01 3.917437195777893066e-01 2.624169588088989258e-01 7.579982876777648926e-01 4.933505356311798096e-01 6.004782915115356445e-01
9.422500133514404297e-01 5.985000133514404297e-01 2.437500059604644775e-01 3.787499964237213135e-01 7.767500281333923340e-01 7.297499775886535645e-01 8.654209971427917480e-01 6.184009313583374023e-01 1.758211553096771240e-01 5.411279201507568359e-01 7.604964971542358398e-01 5.423802733421325684e-01
2.952499985694885254e-01 7.488333582878112793e-01 8.957499861717224121e-01 6.482499837875366211e-01 2.325000055134296417e-02 9.607499837875366211e-01 3.169830143451690674e-01 6.043630838394165039e-01 5.888044834136962891e-01 7.270606756210327148e-01 5.105306953191757202e-02 4.988413453102111816e-01
8.249999955296516418e-03 5.441666841506958008e-01 9.375000000000000000e-02 8.227499723434448242e-01 1.882500052452087402e-01 7.972499728202819824e-01 3.630847111344337463e-02 7.230224609375000000e-01 5.925619229674339294e-02 4.577531814575195312e-01 1.608646512031555176e-01 6.995538473129272461e-01
1.737499982118606567e-01 3.011666536331176758e-01 3.352499902248382568e-01 5.407500267028808594e-01 2.902500033378601074e-01 9.197499752044677734e-01 1.417037546634674072e-01 2.155163139104843140e-01 2.308893650770187378e-01 4.149675965309143066e-01 3.552643954753875732e-01 8.391268253326416016e-01
4.977500140666961670e-01 7.538333535194396973e-01 5.152500271797180176e-01 1.647499948740005493e-01 7.007499933242797852e-01 9.302499890327453613e-01 4.515946805477142334e-01 6.285945177078247070e-01 2.596530616283416748e-01 3.032849133014678955e-01 7.289669513702392578e-01 5.017707347869873047e-01
4.602499902248382568e-01 4.278333187103271484e-01 4.937500059604644775e-01 3.582499921321868896e-01 8.867499828338623047e-01 8.974999934434890747e-02 3.697474896907806396e-01 6.192163825035095215e-01 6.757118701934814453e-01 6.390224695205688477e-01 8.333264589309692383e-01 3.283110857009887695e-01
5.725000053644180298e-02 7.574999928474426270e-01 6.572499871253967285e-01 6.837499737739562988e-01 8.977500200271606445e-01 2.007499933242797852e-01 5.322938039898872375e-02 6.874686479568481445e-01 6.494797468185424805e-01 6.735549569129943848e-01 9.678557515144348145e-01 4.415549635887145996e-01
9.657499790191650391e-01 6.861666440963745117e-01 3.325000032782554626e-02 9.157500267028808594e-01 5.082499980926513672e-01 9.982500076293945312e-01 9.104671478271484375e-01 6.212453842163085938e-01 1.159571558237075806e-01 6.826091408729553223e-01 4.987898170948028564e-01 6.097838282585144043e-01
8.072500228881835938e-01 2.134999930858612061e-01 3.842499852180480957e-01 3.587499856948852539e-01 5.122500061988830566e-01 6.722499728202819824e-01 8.558780550956726074e-01 4.231164753437042236e-01 4.503276944160461426e-01 2.319907099008560181e-01 4.757869839668273926e-01 4.615078866481781006e-01
2.132499963045120239e-01 3.371666669845581055e-01 4.222500026226043701e-01 9.324999898672103882e-02 7.832499742507934570e-01 5.647500157356262207e-01 1.699135452508926392e-01 3.679320514202117920e-01 5.568372011184692383e-01 1.535694152116775513e-01 7.445129156112670898e-01 6.797001957893371582e-01
1.912499964237213135e-01 2.818333208560943604e-01 2.477499991655349731e-01 2.682499885559082031e-01 9.972500205039978027e-01 6.417499780654907227e-01 2.215446233749389648e-01 4.305672049522399902e-01 4.729852974414825439e-01 2.046212702989578247e-01 9.598260521888732910e-01 7.260961532592773438e-01
1.374999992549419403e-02 7.468333244323730469e-01 4.457499980926513672e-01 6.087499856948852539e-01 4.952499866485595703e-01 2.782500088214874268e-01 2.413503266870975494e-02 7.070400714874267578e-01 4.171608090400695801e-01 6.743808388710021973e-01 5.674498081207275391e-01 4.489189982414245605e-01
3.222500085830688477e-01 3.995000123977661133e-01 1.822499930858612061e-01 1.632499992847442627e-01 6.807500123977661133e-01 1.402499973773956299e-01 4.156492352485656738e-01 5.988644361495971680e-01 2.636154294013977051e-01 2.507309019565582275e-01 6.486208438873291016e-01 5.344619750976562500e-01
5.597500205039978027e-01 8.215000033378601074e-01 7.227500081062316895e-01 5.437499880790710449e-01 6.002500057220458984e-01 5.607500076293945312e-01 5.485604405403137207e-01 6.291973590850830078e-01 5.174624323844909668e-01 7.212444543838500977e-01 6.143528223037719727e-01 4.720104932785034180e-01
8.342499732971191406e-01 6.001666784286499023e-01 5.322499871253967285e-01 2.562499940395355225e-01 1.737499982118606567e-01 9.017500281333923340e-01 7.895663380622863770e-01 5.401518940925598145e-01 4.917242825031280518e-01 1.747514009475708008e-01 1.733847409486770630e-01 3.536487221717834473e-01
1.487500071525573730e-01 6.768333315849304199e-01 1.492500007152557373e-01 1.067499965429306030e-01 1.092500016093254089e-01 4.512499868869781494e-01 1.808643788099288940e-01 6.081556081771850586e-01 1.097993031144142151e-01 2.347990125417709351e-01 1.784725040197372437e-01 7.738546133041381836e-01
7.262499928474426270e-01 3.008333444595336914e-01 2.924999967217445374e-02 6.517500281333923340e-01 3.974999859929084778e-02 5.482500195503234863e-01 7.323557138442993164e-01 3.862409591674804688e-01 1.342331618070602417e-01 6.125494837760925293e-01 3.598638996481895447e-02 6.275346279144287109e-01
2.542499899864196777e-01 5.245000123977661133e-01 5.952500104904174805e-01 8.477500081062316895e-01 5.725000053644180298e-02 4.232499897480010986e-01 2.976001501083374023e-01 5.134478211402893066e-01 6.835225820541381836e-01 8.263930082321166992e-01 5.815197899937629700e-02 4.934938549995422363e-01
7.902500033378601074e-01 4.738333225250244141e-01 6.287500262260437012e-01 6.392499804496765137e-01 5.402500033378601074e-01 7.774999737739562988e-02 7.757493853569030762e-01 3.689218163490295410e-01 7.567877769470214844e-01 5.626643300056457520e-01 5.446946620941162109e-01 4.421842396259307861e-01
5.107499957084655762e-01 8.324999809265136719e-01 6.722499728202819824e-01 7.252500057220458984e-01 2.122499942779541016e-01 5.372499823570251465e-01 5.425971150398254395e-01 6.475839614868164062e-01 5.298553705215454102e-01 6.517821550369262695e-01 2.536037862300872803e-01 4.466783702373504639e-01
4.252499938011169434e-01 4.098333418369293213e-01 6.082500219345092773e-01 9.622499942779541016e-01 4.717499911785125732e-01 5.027499794960021973e-01 4.587566852569580078e-01 4.437372982501983643e-01 6.554393768310546875e-01 8.630985021591186523e-01 4.993385374546051025e-01 5.350934267044067383e-01
2.737500071525573730e-01 2.071666717529296875e-01 5.062500238418579102e-01 9.967499971389770508e-01 2.992500066757202148e-01 9.092500209808349609e-01 2.496428191661834717e-01 2.845192253589630127e-01 6.798077821731567383e-01 8.285663723945617676e-01 3.064993321895599365e-01 6.591315269470214844e-01
2.747499942779541016e-01 7.225000262260437012e-01 6.967499852180480957e-01 7.452499866485595703e-01 1.927500069141387939e-01 2.512499988079071045e-01 2.783844172954559326e-01 6.648999452590942383e-01 6.129271388053894043e-01 7.249636650085449219e-01 2.125967741012573242e-01 3.459637165069580078e-01
6.247500181198120117e-01 1.864999979734420776e-01 7.437499761581420898e-01 6.662499904632568359e-01 7.077500224113464355e-01 5.837500095367431641e-01 5.958418250083923340e-01 3.553064763545989990e-01 6.861523985862731934e-01 8.029913306236267090e-01 6.740442514419555664e-01 5.455098748207092285e-01
8.792499899864196777e-01 7.108333110809326172e-01 4.617500007152557373e-01 9.807500243186950684e-01 9.452499747276306152e-01 8.512499928474426270e-01 6.870826482772827148e-01 6.354492306709289551e-01 5.957397818565368652e-01 9.405159950256347656e-01 9.673417806625366211e-01 5.285544991493225098e-01
6.077499985694885254e-01 5.124999880790710449e-01 7.952499985694885254e-01 6.907500028610229492e-01 1.152499988675117493e-01 5.002499818801879883e-01 6.379468441009521484e-01 5.552377700805664062e-01 6.647046208381652832e-01 7.416267395019531250e-01 9.938987344503402710e-02 5.099278092384338379e-01
7.122499942779541016e-01 3.788333237171173096e-01 2.482499927282333374e-01 9.724999964237213135e-02 4.367499947547912598e-01 2.542499899864196777e-01 6.944531202316284180e-01 5.486680865287780762e-01 3.719498813152313232e-01 1.725377738475799561e-01 4.069750010967254639e-01 3.922966420650482178e-01
1.902499943971633911e-01 3.611666560173034668e-01 9.622499942779541016e-01 6.077499985694885254e-01 8.437500000000000000e-01 1.937499940395355225e-01 2.448107004165649414e-01 3.586592376232147217e-01 7.924515008926391602e-01 6.542242169380187988e-01 8.420687317848205566e-01 4.429619014263153076e-01
4.242500066757202148e-01 5.268333554267883301e-01 7.502499818801879883e-01 3.657500147819519043e-01 5.152500271797180176e-01 5.422499775886535645e-01 4.269417226314544678e-01 4.763668775558471680e-01 5.723735094070434570e-01 5.358896851539611816e-01 5.276227593421936035e-01 4.935355484485626221e-01
3.347499966621398926e-01 7.988333106040954590e-01 2.372500002384185791e-01 4.475000128149986267e-02 1.607500016689300537e-01 3.807500004768371582e-01 3.450657129287719727e-01 7.011843919754028320e-01 1.959377080202102661e-01 1.567252427339553833e-01 1.977766305208206177e-01 4.565951824188232422e-01
6.667500138282775879e-01 6.481666564941406250e-01 2.822499871253967285e-01 3.442499935626983643e-01 1.007499992847442627e-01 7.027500271797180176e-01 6.799116134643554688e-01 5.433685779571533203e-01 2.009045630693435669e-01 2.842810750007629395e-01 1.051777005195617676e-01 5.932492017745971680e-01
4.487499892711639404e-01 1.708333343267440796e-01 9.517499804496765137e-01 7.047500014305114746e-01 3.187499940395355225e-01 7.492499947547912598e-01 5.061485171318054199e-01 2.116673290729522705e-01 7.739474773406982422e-01 6.462680101394653320e-01 3.587760031223297119e-01 5.537984371185302734e-01
2.172500044107437134e-01 6.765000224113464355e-01 9.674999862909317017e-02 9.392499923706054688e-01 9.047499895095825195e-01 6.832500100135803223e-01 1.602211892604827881e-01 7.880582809448242188e-01 1.360259354114532471e-01 9.060570001602172852e-01 9.709798097610473633e-01 3.825941681861877441e-01
8.417500257492065430e-01 5.878333449363708496e-01 7.537500262260437012e-01 3.817499876022338867e-01 7.347499728202819824e-01 4.002499878406524658e-01 7.688407897949218750e-01 5.202822685241699219e-01 6.599797606468200684e-01 5.728414058685302734e-01 7.508047223091125488e-01 4.657684862613677979e-01
2.647500038146972656e-01 3.378333449363708496e-01 5.677499771118164062e-01 9.752500057220458984e-01 7.997499704360961914e-01 2.002499997615814209e-01 3.108040988445281982e-01 4.870889484882354736e-01 7.583767771720886230e-01 8.631046414375305176e-01 7.637298107147216797e-01 3.703667223453521729e-01
9.817500114440917969e-01 4.844999909400939941e-01 8.824999630451202393e-02 4.802500009536743164e-01 8.732500076293945312e-01 1.702499985694885254e-01 8.971674442291259766e-01 5.386201143264770508e-01 3.612874150276184082e-01 3.930347263813018799e-01 8.364933729171752930e-01 4.333295226097106934e-01
8.162500262260437012e-01 6.061666607856750488e-01 4.707500040531158447e-01 2.437500059604644775e-01 1.947499960660934448e-01 3.232499957084655762e-01 8.141805529594421387e-01 5.898060202598571777e-01 4.849442243576049805e-01 2.093650847673416138e-01 1.754651665687561035e-01 3.338556587696075439e-01
1.257500052452087402e-01 2.554999887943267822e-01 4.024999961256980896e-02 9.737499952316284180e-01 4.177500009536743164e-01 2.177499979734420776e-01 2.462163269519805908e-01 4.554193615913391113e-01 2.940488457679748535e-01 8.665434122085571289e-01 3.835090398788452148e-01 5.426352024078369141e-01
3.182500004768371582e-01 1.988333314657211304e-01 7.272499799728393555e-01 1.267500072717666626e-01 9.882500171661376953e-01 7.675000280141830444e-02 3.440829813480377197e-01 3.027712404727935791e-01 8.071829676628112793e-01 2.324544489383697510e-01 9.117610454559326172e-01 4.045886397361755371e-01
2.617500126361846924e-01 2.338333278894424438e-01 2.947500050067901611e-01 5.807499885559082031e-01 8.174999803304672241e-02 2.237499952316284180e-01 3.434228897094726562e-01 4.124005436897277832e-01 6.275590658187866211e-01 4.724032580852508545e-01 4.745082557201385498e-02 5.178161859512329102e-01
7.582499980926513672e-01 5.031666755676269531e-01 6.882500052452087402e-01 6.222500205039978027e-01 4.567500054836273193e-01 1.117499992251396179e-01 8.337712883949279785e-01 4.446049034595489502e-01 7.521764039993286133e-01 5.174514055252075195e-01 4.623815715312957764e-01 4.079983234405517578e-01
4.517500102519989014e-01 2.538333237171173096e-01 1.792500019073486328e-01 6.297500133514404297e-01 4.212499856948852539e-01 7.962499856948852539e-01 5.033642053604125977e-01 2.878348529338836670e-01 1.561908423900604248e-01 5.467733144760131836e-01 4.406920671463012695e-01 6.653006076812744141e-01
3.087500035762786865e-01 3.574999868869781494e-01 1.224999967962503433e-02 6.972500085830688477e-01 9.782500267028808594e-01 3.327499926090240479e-01 3.718243241310119629e-01 6.192110180854797363e-01 2.256174832582473755e-01 6.887708902359008789e-01 9.326056838035583496e-01 5.520861744880676270e-01
7.967500090599060059e-01 4.074999988079071045e-01 3.962500095367431641e-01 7.812500000000000000e-01 3.327499926090240479e-01 1.497499942779541016e-01 8.354887962341308594e-01 4.847041964530944824e-01 6.527206897735595703e-01 6.198041439056396484e-01 3.562391698360443115e-01 5.243797302246093750e-01
2.552500069141387939e-01 3.898333311080932617e-01 9.397500157356262207e-01 7.702500224113464355e-01 6.767500042915344238e-01 6.007500290870666504e-01 2.823085784912109375e-01 3.175942301750183105e-01 7.802494168281555176e-01 7.920476198196411133e-01 6.674422621726989746e-01 5.353815555572509766e-01
4.874999821186065674e-02 6.991666555404663086e-01 5.107499957084655762e-01 9.342499971389770508e-01 8.127499818801879883e-01 4.125000163912773132e-02 4.567445442080497742e-02 7.008370161056518555e-01 6.255866885185241699e-01 8.277463316917419434e-01 9.141930341720581055e-01 2.727899253368377686e-01
3.424999862909317017e-02 4.754999876022338867e-01 7.697499990463256836e-01 2.577500045299530029e-01 8.107500076293945312e-01 5.792499780654907227e-01 3.702241554856300354e-02 5.593683123588562012e-01 8.003282546997070312e-01 4.255599975585937500e-01 6.949591040611267090e-01 4.048321843147277832e-01
3.167499899864196777e-01 7.714999914169311523e-01 3.377499878406524658e-01 3.597500026226043701e-01 8.707500100135803223e-01 7.347499728202819824e-01 3.507792353630065918e-01 6.327704787254333496e-01 2.018205821514129639e-01 2.039651721715927124e-01 8.805650472640991211e-01 6.180132031440734863e-01
5.197499990463256836e-01 6.844999790191650391e-01 3.127500116825103760e-01 7.757499814033508301e-01 2.647500038146972656e-01 6.237499713897705078e-01 5.449342131614685059e-01 6.230675578117370605e-01 3.040019273757934570e-01 7.854308485984802246e-01 2.818911075592041016e-01 5.682341456413269043e-01
2.975000068545341492e-02 5.345000028610229492e-01 4.374999925494194031e-02 6.382499933242797852e-01 9.527500271797180176e-01 8.637499809265136719e-01 1.831027702792198397e-06 8.744328022003173828e-01 1.666582422330975533e-03 1.703203452052548528e-06 9.982482194900512695e-01 9.999947547912597656e-01
9.962499737739562988e-01 8.288333415985107422e-01 4.797500073909759521e-01 9.662500023841857910e-01 5.872499942779541016e-01 7.387499809265136719e-01 9.297487735748291016e-01 5.879482626914978027e-01 3.008954823017120361e-01 9.420409202575683594e-01 6.244572401046752930e-01 5.506452918052673340e-01
1.602499932050704956e-01 6.694999933242797852e-01 5.552499890327453613e-01 4.152500033378601074e-01 7.267500162124633789e-01 2.500000118743628263e-04 1.806698590517044067e-01 6.533765196800231934e-01 6.410550475120544434e-01 4.740258455276489258e-01 6.696408987045288086e-01 3.185806274414062500e-01
9.875000268220901489e-02 5.511666536331176758e-01 1.057500019669532776e-01 8.367499709129333496e-01 7.417500019073486328e-01 4.182499945163726807e-01 9.715690463781356812e-02 6.398358345031738281e-01 2.997808158397674561e-01 8.362813591957092285e-01 6.873371601104736328e-01 4.740579426288604736e-01
4.967499971389770508e-01 2.688333392143249512e-01 1.852499991655349731e-01 3.647499978542327881e-01 4.667499959468841553e-01 3.287500143051147461e-01 5.376337766647338867e-01 4.919172525405883789e-01 4.155409336090087891e-01 2.417483627796173096e-01 4.060790240764617920e-01 4.547240436077117920e-01
9.677500128746032715e-01 7.954999804496765137e-01 2.487500011920928955e-01 9.452499747276306152e-01 4.622499942779541016e-01 2.232500016689300537e-01 9.808388948440551758e-01 7.060192823410034180e-01 3.411739170551300049e-01 8.810522556304931641e-01 4.637036025524139404e-01 4.441852867603302002e-01
9.674999862909317017e-02 1.825000047683715820e-01 1.047499999403953552e-01 6.917499899864196777e-01 1.442500054836273193e-01 5.967500209808349609e-01 7.784383744001388550e-02 2.266353964805603027e-01 8.894035965204238892e-02 7.254861593246459961e-01 3.921841084957122803e-02 7.474602460861206055e-01
1.467500030994415283e-01 6.094999909400939941e-01 3.757500052452087402e-01 9.517499804496765137e-01 3.122499883174896240e-01 3.627499938011169434e-01 1.692548990249633789e-01 7.073427438735961914e-01 5.890691280364990234e-01 9.062424898147583008e-01 2.948303222656250000e-01 3.840995430946350098e-01
9.574999660253524780e-02 2.348333299160003662e-01 1.357499957084655762e-01 2.707499861717224121e-01 1.537500023841857910e-01 1.807499974966049194e-01 1.561958789825439453e-01 5.053043961524963379e-01 5.064224004745483398e-01 1.486557871103286743e-01 3.893607109785079956e-02 5.245880484580993652e-01
6.777499914169311523e-01 2.668333351612091064e-01 9.882500171661376953e-01 7.249999791383743286e-03 3.227500021457672119e-01 2.317499965429306030e-01 6.589449048042297363e-01 3.626312017440795898e-01 7.105763554573059082e-01 2.953775227069854736e-01 3.310424685478210449e-01 3.745387792587280273e-01
9.522500038146972656e-01 6.868333220481872559e-01 8.982499837875366211e-01 2.597500085830688477e-01 2.407499998807907104e-01 5.937500000000000000e-01 9.111387133598327637e-01 5.806897282600402832e-01 6.446678638458251953e-01 4.926772713661193848e-01 2.287619709968566895e-01 4.164283573627471924e-01
8.277500271797180176e-01 4.964999854564666748e-01 5.074999853968620300e-02 9.322500228881835938e-01 4.675000160932540894e-02 2.882499992847442627e-01 8.954943418502807617e-01 6.703259348869323730e-01 2.273270934820175171e-01 8.541251420974731445e-01 4.329105466604232788e-02 5.620796084403991699e-01
6.222500205039978027e-01 7.185000181198120117e-01 3.667500019073486328e-01 5.682500004768371582e-01 1.374999992549419403e-02 9.802500009536743164e-01 5.417833924293518066e-01 5.829162001609802246e-01 2.610373795032501221e-01 5.338971614837646484e-01 3.871622681617736816e-02 5.496013164520263672e-01
4.712499976158142090e-01 6.688333153724670410e-01 1.422500014305114746e-01 7.512500286102294922e-01 3.507499992847442627e-01 7.137500047683715820e-01 4.683924317359924316e-01 6.983369588851928711e-01 8.106634020805358887e-02 8.013280630111694336e-01 3.468205332756042480e-01 5.807576179504394531e-01
6.575000286102294922e-02 3.571666777133941650e-01 3.947499990463256836e-01 3.837499916553497314e-01 2.274999953806400299e-02 3.272500038146972656e-01 7.260406017303466797e-02 4.126526117324829102e-01 5.325525403022766113e-01 3.919375538825988770e-01 1.122397091239690781e-02 5.308881402015686035e-01
8.287500143051147461e-01 3.801666796207427979e-01 5.832499861717224121e-01 2.932499945163726807e-01 9.352499842643737793e-01 3.112500011920928955e-01 6.931225657463073730e-01 5.680045485496520996e-01 6.932888627052307129e-01 5.489408373832702637e-01 8.945708274841308594e-01 3.833240270614624023e-01
6.872500181198120117e-01 1.895000040531158447e-01 7.222499847412109375e-01 8.382499814033508301e-01 9.427499771118164062e-01 2.312500029802322388e-01 7.854611277580261230e-01 3.307761549949645996e-01 8.025964498519897461e-01 5.885231494903564453e-01 8.868296146392822266e-01 4.380128383636474609e-01
9.027500152587890625e-01 3.981666564941406250e-01 6.827499866485595703e-01 4.222500026226043701e-01 4.117499887943267822e-01 6.382499933242797852e-01 8.740682005882263184e-01 4.334537684917449951e-01 7.052444815635681152e-01 4.885121881961822510e-01 4.243521094322204590e-01 4.505379796028137207e-01
3.067499995231628418e-01 4.508333206176757812e-01 7.497500181198120117e-01 5.717499852180480957e-01 9.917500019073486328e-01 4.607500135898590088e-01 2.735736370086669922e-01 4.143155813217163086e-01 7.744925618171691895e-01 7.255510091781616211e-01 9.784659743309020996e-01 4.555858671665191650e-01
6.182500123977661133e-01 3.758333325386047363e-01 4.675000160932540894e-02 1.125000044703483582e-02 5.502499938011169434e-01 6.407499909400939941e-01 5.703267455101013184e-01 3.397092223167419434e-01 1.391967833042144775e-01 1.239797100424766541e-01 5.352350473403930664e-01 6.452018618583679199e-01
7.752500176429748535e-01 6.088333129882812500e-01 4.242500066757202148e-01 5.557500123977661133e-01 9.087499976158142090e-01 6.812499761581420898e-01 7.743794322013854980e-01 6.384363770484924316e-01 1.449042111635208130e-01 8.076714277267456055e-01 9.087997674942016602e-01 5.737348198890686035e-01
8.652499914169311523e-01 3.381666541099548340e-01 2.267500013113021851e-01 5.037500262260437012e-01 4.462499916553497314e-01 5.532500147819519043e-01 7.419186234474182129e-01 4.045302569866180420e-01 5.039536356925964355e-01 4.203089177608489990e-01 4.414423108100891113e-01 5.324828624725341797e-01
7.175000011920928955e-02 6.571666598320007324e-01 4.782499969005584717e-01 1.222499981522560120e-01 7.837499976158142090e-01 6.297500133514404297e-01 7.607793807983398438e-02 6.478207707405090332e-01 4.216806888580322266e-01 3.046414554119110107e-01 9.239656925201416016e-01 6.605077385902404785e-01
4.667499959468841553e-01 6.288333535194396973e-01 2.407499998807907104e-01 2.657499909400939941e-01 4.642499983310699463e-01 5.212500095367431641e-01 4.668586552143096924e-01 6.168612241744995117e-01 2.296285480260848999e-01 3.070529401302337646e-01 4.470387101173400879e-01 5.603624582290649414e-01
8.642500042915344238e-01 4.951666593551635742e-01 3.652499914169311523e-01 7.087500095367431641e-01 1.432500034570693970e-01 6.097499728202819824e-01 7.833318710327148438e-01 5.696088075637817383e-01 5.734848380088806152e-01 6.830213069915771484e-01 1.225723400712013245e-01 5.235746502876281738e-01
2.067500054836273193e-01 2.125000059604644775e-01 3.932499885559082031e-01 9.962499737739562988e-01 3.337500095367431641e-01 9.927499890327453613e-01 1.561329960823059082e-01 2.718982696533203125e-01 5.039711594581604004e-01 8.590356111526489258e-01 3.754248321056365967e-01 7.250458598136901855e-01
3.242500126361846924e-01 4.478333294391632080e-01 5.707499980926513672e-01 1.307500004768371582e-01 1.082499995827674866e-01 5.767499804496765137e-01 3.204648494720458984e-01 4.481292665004730225e-01 5.726597309112548828e-01 2.326236963272094727e-01 9.212440997362136841e-02 5.134623050689697266e-01
6.282500028610229492e-01 4.001666605472564697e-01 9.672499895095825195e-01 4.727500081062316895e-01 4.832499921321868896e-01 1.657499969005584717e-01 7.438610196113586426e-01 3.428804278373718262e-01 7.255052924156188965e-01 4.489093720912933350e-01 4.886407852172851562e-01 4.460725188255310059e-01
4.482499957084655762e-01 7.735000252723693848e-01 6.047499775886535645e-01 9.627500176429748535e-01 7.897499799728393555e-01 7.982500195503234863e-01 4.260313212871551514e-01 6.037288904190063477e-01 5.343557000160217285e-01 9.553170204162597656e-01 8.522496223449707031e-01 5.609116554260253906e-01
7.867500185966491699e-01 6.558333039283752441e-01 9.912499785423278809e-01 5.122500061988830566e-01 1.197500005364418030e-01 8.252500295639038086e-01 7.901982069015502930e-01 5.453899502754211426e-01 5.825585722923278809e-01 7.610685825347900391e-01 1.152104064822196960e-01 5.445256233215332031e-01
7.942500114440917969e-01 4.401666522026062012e-01 2.962499856948852539e-01 8.777499794960021973e-01 2.667500078678131104e-01 3.202500045299530029e-01 8.200706839561462402e-01 4.718897342681884766e-01 4.765398800373077393e-01 7.912367582321166992e-01 2.903583645820617676e-01 6.016218066215515137e-01
3.447499871253967285e-01 6.561666727066040039e-01 5.925000086426734924e-02 1.982499957084655762e-01 7.477499842643737793e-01 3.682500123977661133e-01 3.837110698223114014e-01 7.011563181877136230e-01 1.182837784290313721e-01 2.689179480075836182e-01 7.177522778511047363e-01 5.496888160705566406e-01
3.375000134110450745e-02 5.151666402816772461e-01 1.647499948740005493e-01 3.902499973773956299e-01 9.582499861717224121e-01 6.482499837875366211e-01 1.053090859204530716e-02 7.387592196464538574e-01 4.013819694519042969e-01 4.559932053089141846e-01 9.428287148475646973e-01 8.138567805290222168e-01
2.342499941587448120e-01 8.184999823570251465e-01 7.312499880790710449e-01 4.749999847263097763e-03 4.749999847263097763e-03 4.132499992847442627e-01 2.296150326728820801e-01 6.242288947105407715e-01 5.243118405342102051e-01 1.095848605036735535e-01 4.166394099593162537e-02 3.843142986297607422e-01
1.747500002384185791e-01 3.911666572093963623e-01 5.662500262260437012e-01 5.987499952316284180e-01 1.472499966621398926e-01 5.437499880790710449e-01 1.754412204027175903e-01 4.329879581928253174e-01 6.102150678634643555e-01 5.851336121559143066e-01 1.332995295524597168e-01 5.871695280075073242e-01
5.582500100135803223e-01 3.838333189487457275e-01 3.772499859333038330e-01 4.975000023841857910e-02 5.062500238418579102e-01 7.472500205039978027e-01 5.876575112342834473e-01 3.939438164234161377e-01 2.666262686252593994e-01 8.860213309526443481e-02 4.727679789066314697e-01 5.426059961318969727e-01
6.942499876022338867e-01 1.821666657924652100e-01 3.012500107288360596e-01 7.062500119209289551e-01 1.052500009536743164e-01 4.297499954700469971e-01 6.362156867980957031e-01 3.326191306114196777e-01 5.553619265556335449e-01 6.440276503562927246e-01 8.302694559097290039e-02 5.964239239692687988e-01
5.577499866485595703e-01 2.401666641235351562e-01 8.542500138282775879e-01 8.632500171661376953e-01 5.137500166893005371e-01 8.372499942779541016e-01 5.050224661827087402e-01 3.078427910804748535e-01 8.179505467414855957e-01 8.579307198524475098e-01 5.589165687561035156e-01 4.540382921695709229e-01
9.957500100135803223e-01 8.291666507720947266e-01 1.817499995231628418e-01 7.852500081062316895e-01 2.575000002980232239e-02 6.732500195503234863e-01 9.661236405372619629e-01 8.402688503265380859e-01 3.922853991389274597e-02 9.254953265190124512e-01 3.985358029603958130e-02 5.345848202705383301e-01
5.532500147819519043e-01 5.411666631698608398e-01 5.982499718666076660e-01 9.192500114440917969e-01 6.567500233650207520e-01 9.397500157356262207e-01 5.142396688461303711e-01 5.733180642127990723e-01 6.246056556701660156e-01 8.276680707931518555e-01 6.208213567733764648e-01 4.893469810485839844e-01
7.552499771118164062e-01 8.301666378974914551e-01 2.422499954700469971e-01 5.624999850988388062e-02 4.752500057220458984e-01 4.487499892711639404e-01 7.038339376449584961e-01 4.850232005119323730e-01 1.855932772159576416e-01 1.071757674217224121e-01 4.568976461887359619e-01 5.259032845497131348e-01
7.847499847412109375e-01 2.115000039339065552e-01 5.097500085830688477e-01 6.777499914169311523e-01 8.602499961853027344e-01 3.847500085830688477e-01 6.673664450645446777e-01 4.418294727802276611e-01 8.160518407821655273e-01 7.125505208969116211e-01 8.072952628135681152e-01 3.232204020023345947e-01
1.724999956786632538e-02 2.105000019073486328e-01 3.075000084936618805e-02 3.967500030994415283e-01 8.824999630451202393e-02 2.392500042915344238e-01 7.279000431299209595e-02 3.541949093341827393e-01 1.171095520257949829e-01 4.070790410041809082e-01 4.290714859962463379e-03 5.866022706031799316e-01
4.772500097751617432e-01 4.038333296775817871e-01 9.097499847412109375e-01 7.242500185966491699e-01 8.002499938011169434e-01 6.117500066757202148e-01 4.457867443561553955e-01 3.202818036079406738e-01 7.537852525711059570e-01 9.483920335769653320e-01 8.433724045753479004e-01 6.278855204582214355e-01
7.662500143051147461e-01 6.395000219345092773e-01 8.292499780654907227e-01 2.567499876022338867e-01 5.127500295639038086e-01 1.724999956786632538e-02 7.255862355232238770e-01 4.765950143337249756e-01 6.574297547340393066e-01 4.660789370536804199e-01 5.273588299751281738e-01 4.114449918270111084e-01
5.337499976158142090e-01 5.171666741371154785e-01 9.737499952316284180e-01 2.207500040531158447e-01 7.575000077486038208e-02 5.732499957084655762e-01 5.504328608512878418e-01 3.243004977703094482e-01 6.299110054969787598e-01 2.626315951347351074e-01 8.781009167432785034e-02 5.030494332313537598e-01
6.724999845027923584e-02 4.481666684150695801e-01 2.317499965429306030e-01 6.707500219345092773e-01 6.917499899864196777e-01 7.042499780654907227e-01 9.596443176269531250e-02 5.785513520240783691e-01 3.886365890502929688e-01 3.626142442226409912e-01 6.048699617385864258e-01 6.192554831504821777e-01
1.624999940395355225e-02 2.131666690111160278e-01 9.632499814033508301e-01 5.722500085830688477e-01 1.924999989569187164e-02 7.977499961853027344e-01 2.533609233796596527e-02 1.662672758102416992e-01 8.270763754844665527e-01 5.158572196960449219e-01 1.128036528825759888e-02 7.446779012680053711e-01
1.112499982118606567e-01 3.075000047683715820e-01 4.682500064373016357e-01 9.367499947547912598e-01 7.967500090599060059e-01 3.257499933242797852e-01 1.484912782907485962e-01 5.240468382835388184e-01 7.648028731346130371e-01 8.492335081100463867e-01 7.177959680557250977e-01 3.507116436958312988e-01
2.312500029802322388e-01 6.488333344459533691e-01 9.750000201165676117e-03 8.622499704360961914e-01 1.087500005960464478e-01 5.747500061988830566e-01 2.074379920959472656e-01 6.250791549682617188e-01 1.527495030313730240e-02 9.130942821502685547e-01 1.394049227237701416e-01 6.332089900970458984e-01
8.447499871253967285e-01 2.988333404064178467e-01 8.102499842643737793e-01 6.952499747276306152e-01 8.407499790191650391e-01 5.542500019073486328e-01 8.900450468063354492e-01 5.039596557617187500e-01 6.914335489273071289e-01 8.105254769325256348e-01 8.093088269233703613e-01 5.048673152923583984e-01
7.524999976158142090e-02 1.745000034570693970e-01 7.847499847412109375e-01 6.647499799728393555e-01 1.812500059604644775e-01 1.224999967962503433e-02 4.012606739997863770e-01 3.258489966392517090e-01 6.368400454521179199e-01 2.823562026023864746e-01 7.141348719596862793e-02 5.177968144416809082e-01
9.852499961853027344e-01 4.778333306312561035e-01 4.462499916553497314e-01 5.832499861717224121e-01 7.392500042915344238e-01 2.742500007152557373e-01 9.579801559448242188e-01 4.963781535625457764e-01 6.363954544067382812e-01 4.663922786712646484e-01 7.293307185173034668e-01 4.227570295333862305e-01
7.357500195503234863e-01 6.741666793823242188e-01 3.927499949932098389e-01 8.432499766349792480e-01 2.797499895095825195e-01 8.092499971389770508e-01 7.382134199142456055e-01 6.826292276382446289e-01 3.971124291419982910e-01 8.172533512115478516e-01 2.847571074962615967e-01 5.284075736999511719e-01
6.737499833106994629e-01 8.041666746139526367e-01 3.877499997615814209e-01 1.392499953508377075e-01 1.527500003576278687e-01 7.132499814033508301e-01 7.476553916931152344e-01 5.764256119728088379e-01 9.208302199840545654e-02 1.073881238698959351e-01 1.729841977357864380e-01 5.569200515747070312e-01
7.147499918937683105e-01 7.201666831970214844e-01 1.642500013113021851e-01 6.727499961853027344e-01 9.250000119209289551e-03 7.082499861717224121e-01 7.125354409217834473e-01 6.031088232994079590e-01 2.047492265701293945e-01 4.795545637607574463e-01 3.140139952301979065e-02 5.660591721534729004e-01
8.097500205039978027e-01 7.068333625793457031e-01 1.967500001192092896e-01 1.327500045299530029e-01 8.987500071525573730e-01 4.362500011920928955e-01 7.185362577438354492e-01 5.082082748413085938e-01 2.706651985645294189e-01 2.415582835674285889e-01 9.051288962364196777e-01 5.280487537384033203e-01
1.432500034570693970e-01 7.994999885559082031e-01 5.032500028610229492e-01 6.792500019073486328e-01 8.767499923706054688e-01 2.824999950826168060e-02 1.647596806287765503e-01 7.455722689628601074e-01 5.862250328063964844e-01 6.689291596412658691e-01 9.049543142318725586e-01 1.799703240394592285e-01
3.302499949932098389e-01 6.865000128746032715e-01 6.925000250339508057e-02 7.647500038146972656e-01 1.427499949932098389e-01 9.762499928474426270e-01 3.246869742870330811e-01 6.655151247978210449e-01 4.673496261239051819e-02 5.298644304275512695e-01 1.730373203754425049e-01 7.532101869583129883e-01
3.877499997615814209e-01 1.818333268165588379e-01 4.752500057220458984e-01 6.547499895095825195e-01 9.807500243186950684e-01 7.357500195503234863e-01 4.393897354602813721e-01 3.538258969783782959e-01 5.631835460662841797e-01 5.119945406913757324e-01 9.088937044143676758e-01 6.001405715942382812e-01
2.007499933242797852e-01 5.525000095367431641e-01 4.947499930858612061e-01 7.127500176429748535e-01 1.937499940395355225e-01 3.252499997615814209e-01 2.346930205821990967e-01 6.217980980873107910e-01 6.324717998504638672e-01 7.485946416854858398e-01 1.985720545053482056e-01 4.022141098976135254e-01
9.822499752044677734e-01 4.785000085830688477e-01 8.075000345706939697e-02 8.072500228881835938e-01 8.807500004768371582e-01 2.567499876022338867e-01 9.534164667129516602e-01 5.337483286857604980e-01 2.846099138259887695e-01 7.645905613899230957e-01 8.667256236076354980e-01 4.563792347908020020e-01
2.037499994039535522e-01 4.244999885559082031e-01 8.167499899864196777e-01 8.447499871253967285e-01 3.832499980926513672e-01 5.167499780654907227e-01 2.174333930015563965e-01 3.995988368988037109e-01 7.473642230033874512e-01 8.624434471130371094e-01 4.183006584644317627e-01 5.318013429641723633e-01
4.302499890327453613e-01 2.411666661500930786e-01 9.187499880790710449e-01 9.437500238418579102e-01 6.627500057220458984e-01 5.324999988079071045e-02 5.040222406387329102e-01 2.615960240364074707e-01 8.688430190086364746e-01 8.740180134773254395e-01 6.848312616348266602e-01 4.142747223377227783e-01
5.992500185966491699e-01 7.551666498184204102e-01 8.052499890327453613e-01 4.177500009536743164e-01 7.957500219345092773e-01 1.612499952316284180e-01 6.275257468223571777e-01 5.956203341484069824e-01 4.835482239723205566e-01 6.182417869567871094e-01 7.868358492851257324e-01 4.767373800277709961e-01
3.757500052452087402e-01 7.854999899864196777e-01 2.572500109672546387e-01 2.977499961853027344e-01 1.750000054016709328e-03 8.932499885559082031e-01 4.032423198223114014e-01 6.092039346694946289e-01 7.625252008438110352e-02 4.206009209156036377e-01 3.689983114600181580e-02 6.750862598419189453e-01
9.707499742507934570e-01 7.254999876022338867e-01 8.275000005960464478e-02 2.362499982118606567e-01 5.607500076293945312e-01 4.625000059604644775e-02 9.380693435668945312e-01 6.406424641609191895e-01 1.925376355648040771e-01 1.849834471940994263e-01 5.419679284095764160e-01 3.700257539749145508e-01
3.592500090599060059e-01 4.068333208560943604e-01 4.922499954700469971e-01 3.974999859929084778e-02 9.597499966621398926e-01 7.117499709129333496e-01 3.832690119743347168e-01 4.699926972389221191e-01 4.921341538429260254e-01 1.281275451183319092e-01 9.156783223152160645e-01 5.548268556594848633e-01
2.192499935626983643e-01 4.658333361148834229e-01 3.647499978542327881e-01 4.057500064373016357e-01 2.082500010728836060e-01 2.074999921023845673e-02 2.731106579303741455e-01 5.934540629386901855e-01 6.248815059661865234e-01 2.226873636245727539e-01 1.664006710052490234e-01 2.550109624862670898e-01
8.472499847412109375e-01 3.548333346843719482e-01 3.342500030994415283e-01 3.667500019073486328e-01 8.787500262260437012e-01 5.687500238418579102e-01 7.815343141555786133e-01 4.865848422050476074e-01 5.177037715911865234e-01 3.099060952663421631e-01 8.372661471366882324e-01 4.585410058498382568e-01
3.122499883174896240e-01 2.651666700839996338e-01 5.387499928474426270e-01 6.875000149011611938e-02 8.587499856948852539e-01 9.777500033378601074e-01 2.610959410667419434e-01 3.651592731475830078e-01 5.923190116882324219e-01 1.240410730242729187e-01 7.951547503471374512e-01 6.038081645965576172e-01
9.242500066757202148e-01 5.005000233650207520e-01 6.162499785423278809e-01 5.257499814033508301e-01 7.982500195503234863e-01 2.792499959468841553e-01 9.446291327476501465e-01 3.801323771476745605e-01 7.201337814331054688e-01 3.524772226810455322e-01 7.878217101097106934e-01 3.680647909641265869e-01
8.372499942779541016e-01 8.065000176429748535e-01 1.127500012516975403e-01 1.837500035762786865e-01 4.017499983310699463e-01 6.922500133514404297e-01 8.233466148376464844e-01 8.183670043945312500e-01 2.920919843018054962e-02 3.261942267417907715e-01 4.127373695373535156e-01 5.231080055236816406e-01
1.992499977350234985e-01 3.591666519641876221e-01 9.657499790191650391e-01 3.250000067055225372e-03 8.375000208616256714e-02 1.747500002384185791e-01 1.891860812902450562e-01 3.100577592849731445e-01 7.688685655593872070e-01 7.531046867370605469e-02 5.363732948899269104e-02 3.841237127780914307e-01
1.582500040531158447e-01 3.071666657924652100e-01 4.392499923706054688e-01 3.362500071525573730e-01 4.302499890327453613e-01 2.249999903142452240e-03 2.272632420063018799e-01 4.166327118873596191e-01 7.525280714035034180e-01 1.777579784393310547e-01 3.734294176101684570e-01 1.800958663225173950e-01
6.497499942779541016e-01 2.881666719913482666e-01 4.732500016689300537e-01 2.507500052452087402e-01 8.207499980926513672e-01 6.647499799728393555e-01 6.904372572898864746e-01 3.660820722579956055e-01 4.318276941776275635e-01 2.288073450326919556e-01 7.980136871337890625e-01 5.088520050048828125e-01
4.277499914169311523e-01 2.741666734218597412e-01 5.297499895095825195e-01 4.774999991059303284e-02 5.587499737739562988e-01 4.142499864101409912e-01 4.620170593261718750e-01 3.752747774124145508e-01 4.799834191799163818e-01 1.647494286298751831e-01 5.185547471046447754e-01 4.863260984420776367e-01
8.622499704360961914e-01 2.055000066757202148e-01 1.557500064373016357e-01 8.137500286102294922e-01 8.182500004768371582e-01 6.242499947547912598e-01 8.527078628540039062e-01 5.296188592910766602e-01 2.968158125877380371e-01 8.105953931808471680e-01 7.731171846389770508e-01 5.168085694313049316e-01
7.672500014305114746e-01 4.728333353996276855e-01 3.762499988079071045e-01 6.212499737739562988e-01 7.697499990463256836e-01 5.672500133514404297e-01 7.568745017051696777e-01 4.654715955257415771e-01 3.178241550922393799e-01 7.216268777847290039e-01 7.421685457229614258e-01 5.386824607849121094e-01
9.682499766349792480e-01 3.831666707992553711e-01 5.927500128746032715e-01 7.587500214576721191e-01 1.567499935626983643e-01 6.412500143051147461e-01 9.441924691200256348e-01 5.767707228660583496e-01 7.346743941307067871e-01 7.512500882148742676e-01 1.057539284229278564e-01 5.109131336212158203e-01
2.702499926090240479e-01 6.298333406448364258e-01 7.147499918937683105e-01 3.117499947547912598e-01 7.427499890327453613e-01 7.427499890327453613e-01 2.652706205844879150e-01 6.176289319992065430e-01 5.203301310539245605e-01 4.917838573455810547e-01 7.317944169044494629e-01 4.433581829071044922e-01
8.822500109672546387e-01 4.925000071525573730e-01 1.775000058114528656e-02 7.342500090599060059e-01 6.082500219345092773e-01 1.077499985694885254e-01 9.020500183105468750e-01 5.916837453842163086e-01 3.647178411483764648e-01 6.412097811698913574e-01 5.943878889083862305e-01 5.232483744621276855e-01
3.547500073909759521e-01 6.801666617393493652e-01 9.682499766349792480e-01 7.524999976158142090e-02 8.122500181198120117e-01 7.524999976158142090e-02 3.626101016998291016e-01 5.415924787521362305e-01 5.576471090316772461e-01 3.428201973438262939e-01 8.212017416954040527e-01 4.470432698726654053e-01
2.082500010728836060e-01 2.094999998807907104e-01 8.375000208616256714e-02 6.742500066757202148e-01 9.992499947547912598e-01 4.737499952316284180e-01 2.115916162729263306e-01 4.862858653068542480e-01 3.290430009365081787e-01 8.522562980651855469e-01 9.734687209129333496e-01 7.688319683074951172e-01
5.752500295639038086e-01 3.714999854564666748e-01 7.797499895095825195e-01 8.682500123977661133e-01 3.082500100135803223e-01 9.862499833106994629e-01 6.522727608680725098e-01 3.643150627613067627e-01 6.442000269889831543e-01 6.765049099922180176e-01 3.319083750247955322e-01 5.524262785911560059e-01
8.697500228881835938e-01 5.304999947547912598e-01 9.707499742507934570e-01 6.927499771118164062e-01 5.352500081062316895e-01 5.874999985098838806e-02 9.608572125434875488e-01 4.425521194934844971e-01 8.120473027229309082e-01 6.967193484306335449e-01 5.200266838073730469e-01 4.342417716979980469e-01
4.507499933242797852e-01 7.864999771118164062e-01 1.324999984353780746e-02 5.217499732971191406e-01 4.524999856948852539e-02 6.107500195503234863e-01 4.654517471790313721e-01 8.230965137481689453e-01 1.208851765841245651e-02 6.585496664047241211e-01 3.823566809296607971e-02 6.511595249176025391e-01
1.372500061988830566e-01 8.048333525657653809e-01 1.462499946355819702e-01 9.817500114440917969e-01 6.750000175088644028e-03 4.874999821186065674e-02 1.341823488473892212e-01 7.962054610252380371e-01 2.877633646130561829e-02 8.878881335258483887e-01 3.892403841018676758e-02 2.997830212116241455e-01
7.017499804496765137e-01 2.485000044107437134e-01 3.357500135898590088e-01 6.797500252723693848e-01 5.047500133514404297e-01 3.177500069141387939e-01 7.125590443611145020e-01 5.423337221145629883e-01 5.621452331542968750e-01 6.283369660377502441e-01 4.668560624122619629e-01 5.036731362342834473e-01
3.667500019073486328e-01 4.791666567325592041e-01 4.774999991059303284e-02 7.612500190734863281e-01 5.017499923706054688e-01 8.857499957084655762e-01 3.126869201660156250e-01 5.313399434089660645e-01 1.154660657048225403e-01 7.484223842620849609e-01 5.046128630638122559e-01 6.693454980850219727e-01
7.832499742507934570e-01 5.428333282470703125e-01 2.274999953806400299e-02 2.052499949932098389e-01 9.482499957084655762e-01 9.577500224113464355e-01 6.516146659851074219e-01 6.414303183555603027e-01 2.141299098730087280e-01 1.317206770181655884e-01 8.891313076019287109e-01 4.965187013149261475e-01
2.442499995231628418e-01 7.541666626930236816e-01 1.702499985694885254e-01 4.425000026822090149e-02 8.027499914169311523e-01 6.592500209808349609e-01 2.475773841142654419e-01 7.138951420783996582e-01 1.189367100596427917e-01 1.411097794771194458e-01 8.414416909217834473e-01 7.128065228462219238e-01
3.147499859333038330e-01 6.735000014305114746e-01 2.077499926090240479e-01 8.667500019073486328e-01 4.027499854564666748e-01 4.302499890327453613e-01 3.110659718513488770e-01 6.414079666137695312e-01 1.462485045194625854e-01 8.966633081436157227e-01 4.124001264572143555e-01 4.725430607795715332e-01
3.392499983310699463e-01 6.681666374206542969e-01 5.567499995231628418e-01 6.827499866485595703e-01 6.324999779462814331e-02 8.557500243186950684e-01 3.738825321197509766e-01 5.693020820617675781e-01 4.950170218944549561e-01 6.879990696907043457e-01 7.423842698335647583e-02 5.388125777244567871e-01
4.912500083446502686e-01 2.008333355188369751e-01 6.877499818801879883e-01 8.882499933242797852e-01 2.462500035762786865e-01 7.602499723434448242e-01 5.407016873359680176e-01 2.206780463457107544e-01 7.185097932815551758e-01 7.176274061203002930e-01 2.635955810546875000e-01 5.938560366630554199e-01
7.452499866485595703e-01 3.504999876022338867e-01 6.212499737739562988e-01 6.312500238418579102e-01 1.002499982714653015e-01 2.712500095367431641e-01 7.979168295860290527e-01 4.758292436599731445e-01 6.991126537322998047e-01 5.601832270622253418e-01 8.121492713689804077e-02 5.419399738311767578e-01
3.937500119209289551e-01 3.841666579246520996e-01 4.822500050067901611e-01 9.042500257492065430e-01 4.277499914169311523e-01 7.822499871253967285e-01 4.451836645603179932e-01 3.555326759815216064e-01 3.907357156276702881e-01 7.484266161918640137e-01 4.216848015785217285e-01 6.018857955932617188e-01
6.257500052452087402e-01 3.025000095367431641e-01 5.827500224113464355e-01 8.212500214576721191e-01 9.487500190734863281e-01 2.482499927282333374e-01 6.282057166099548340e-01 3.307128250598907471e-01 8.095703125000000000e-01 6.068584322929382324e-01 9.103016257286071777e-01 3.731825053691864014e-01
9.937499761581420898e-01 3.628333210945129395e-01 9.767500162124633789e-01 6.317499876022338867e-01 6.887500286102294922e-01 9.482499957084655762e-01 9.686775207519531250e-01 3.784729540348052979e-01 7.934966683387756348e-01 6.536323428153991699e-01 6.405128836631774902e-01 4.329237639904022217e-01
9.587500095367431641e-01 7.764999866485595703e-01 7.917500138282775879e-01 2.432499974966049194e-01 6.402500271797180176e-01 6.262500286102294922e-01 9.326114654541015625e-01 5.456796884536743164e-01 5.386512279510498047e-01 3.110326230525970459e-01 6.524747610092163086e-01 3.947074413299560547e-01
8.837500214576721191e-01 6.771666407585144043e-01 2.937499880790710449e-01 8.152499794960021973e-01 2.382500022649765015e-01 3.637500107288360596e-01 8.588041067123413086e-01 5.910424590110778809e-01 5.678490400314331055e-01 6.547122001647949219e-01 2.380047291517257690e-01 5.012266635894775391e-01
3.722499907016754150e-01 7.465000152587890625e-01 4.812499880790710449e-01 7.824999839067459106e-02 4.874999821186065674e-02 4.722500145435333252e-01 3.792212009429931641e-01 5.523605942726135254e-01 3.279580771923065186e-01 1.889317482709884644e-01 6.039516255259513855e-02 5.557672977447509766e-01
4.997499883174896240e-01 5.901666879653930664e-01 5.752500295639038086e-01 7.147499918937683105e-01 4.425000026822090149e-02 6.975000351667404175e-02 5.817636251449584961e-01 5.219763517379760742e-01 6.067852377891540527e-01 5.883708596229553223e-01 5.179000273346900940e-02 5.178486704826354980e-01
1.525000017136335373e-02 5.394999980926513672e-01 3.177500069141387939e-01 7.532500028610229492e-01 8.725000172853469849e-02 4.127500057220458984e-01 2.282981574535369873e-02 6.702013015747070312e-01 4.707237482070922852e-01 6.779640913009643555e-01 6.384859234094619751e-02 4.092213809490203857e-01
4.582499861717224121e-01 6.401666402816772461e-01 4.174999892711639404e-02 1.742500066757202148e-01 6.174999848008155823e-02 2.992500066757202148e-01 4.803647696971893311e-01 7.064445614814758301e-01 1.090816557407379150e-01 1.638518720865249634e-01 4.053969308733940125e-02 5.746400952339172363e-01
9.812499880790710449e-01 5.708333253860473633e-01 7.732499837875366211e-01 2.982499897480010986e-01 1.337500065565109253e-01 6.247500181198120117e-01 9.101021289825439453e-01 4.667960107326507568e-01 6.751357316970825195e-01 4.831606447696685791e-01 1.139113381505012512e-01 5.264725685119628906e-01
8.012499809265136719e-01 2.465000003576278687e-01 1.237500011920928955e-01 8.877500295639038086e-01 9.302499890327453613e-01 4.457499980926513672e-01 7.204546928405761719e-01 6.133720874786376953e-01 5.120199322700500488e-01 8.485050797462463379e-01 8.757430911064147949e-01 5.072644352912902832e-01
5.047500133514404297e-01 2.148333340883255005e-01 3.607499897480010986e-01 9.872499704360961914e-01 1.487500071525573730e-01 7.587500214576721191e-01 4.886459112167358398e-01 2.653230726718902588e-01 4.829016327857971191e-01 8.376129865646362305e-01 1.339751780033111572e-01 6.704092025756835938e-01
7.892500162124633789e-01 6.334999799728393555e-01 8.675000071525573730e-02 3.427500128746032715e-01 9.402499794960021973e-01 9.837499856948852539e-01 7.727298736572265625e-01 6.873942613601684570e-01 8.763678371906280518e-02 1.497057378292083740e-01 8.948280811309814453e-01 5.359055995941162109e-01
5.927500128746032715e-01 6.478333473205566406e-01 2.462500035762786865e-01 9.087499976158142090e-01 7.032499909400939941e-01 1.987500041723251343e-01 5.575478672981262207e-01 6.396487355232238770e-01 5.073097944259643555e-01 7.673711776733398438e-01 6.713738441467285156e-01 4.588270187377929688e-01
6.632500290870666504e-01 3.964999914169311523e-01 4.532499909400939941e-01 1.022500023245811462e-01 4.872500002384185791e-01 3.572500050067901611e-01 5.806069970130920410e-01 5.499017238616943359e-01 5.250159502029418945e-01 3.002573847770690918e-01 4.496693015098571777e-01 3.607962727546691895e-01
5.227500200271606445e-01 4.628333449363708496e-01 1.347499936819076538e-01 8.077499866485595703e-01 5.467500090599060059e-01 6.062499880790710449e-01 5.331662893295288086e-01 5.359153151512145996e-01 1.869253814220428467e-01 7.972244024276733398e-01 5.103211998939514160e-01 6.030681729316711426e-01
7.092499732971191406e-01 7.781666517257690430e-01 8.924999833106994629e-02 1.637499928474426270e-01 5.797500014305114746e-01 8.392500281333923340e-01 6.007878780364990234e-01 8.237006068229675293e-01 2.707910351455211639e-02 2.365949153900146484e-01 5.368679761886596680e-01 4.903301894664764404e-01
5.882499814033508301e-01 7.901666760444641113e-01 9.967499971389770508e-01 7.422500252723693848e-01 2.624999918043613434e-02 1.942500025033950806e-01 6.875737309455871582e-01 6.152889132499694824e-01 7.030451893806457520e-01 7.063170671463012695e-01 4.442230984568595886e-02 4.715917408466339111e-01
3.097499907016754150e-01 5.391666889190673828e-01 8.897500038146972656e-01 1.025000028312206268e-02 7.647500038146972656e-01 5.742499828338623047e-01 3.498522043228149414e-01 3.495774269104003906e-01 5.245798826217651367e-01 1.421805322170257568e-01 7.874276638031005859e-01 5.697340965270996094e-01
4.122500121593475342e-01 8.251666426658630371e-01 7.827500104904174805e-01 5.882499814033508301e-01 4.007500112056732178e-01 4.307500123977661133e-01 3.986601531505584717e-01 6.460520029067993164e-01 5.379621982574462891e-01 7.340561747550964355e-01 4.229866266250610352e-01 4.425666332244873047e-01
4.857499897480010986e-01 1.798333376646041870e-01 3.867500126361846924e-01 1.147499978542327881e-01 5.197499990463256836e-01 9.882500171661376953e-01 4.179869592189788818e-01 2.876957654953002930e-01 5.029787421226501465e-01 1.180386319756507874e-01 4.670123755931854248e-01 5.581208467483520508e-01
1.425000000745058060e-02 6.414999961853027344e-01 6.247500181198120117e-01 6.412500143051147461e-01 5.767499804496765137e-01 9.057499766349792480e-01 3.141243755817413330e-02 6.053318977355957031e-01 5.963988304138183594e-01 3.591241538524627686e-01 5.525085926055908203e-01 6.580900549888610840e-01
1.987500041723251343e-01 6.028333306312561035e-01 6.677500009536743164e-01 3.217499852180480957e-01 9.317499995231628418e-01 2.502500116825103760e-01 2.543672323226928711e-01 5.707568526268005371e-01 6.029826402664184570e-01 2.984423935413360596e-01 9.279093742370605469e-01 5.102548003196716309e-01
2.637499868869781494e-01 3.971666693687438965e-01 3.412500023841857910e-01 4.942499995231628418e-01 3.325000032782554626e-02 3.057500123977661133e-01 3.580481410026550293e-01 4.444564878940582275e-01 4.218387305736541748e-01 4.270656406879425049e-01 2.550195902585983276e-02 5.306941866874694824e-01
9.652500152587890625e-01 7.178333401679992676e-01 8.767499923706054688e-01 6.887500286102294922e-01 2.962499856948852539e-01 1.582500040531158447e-01 9.880204796791076660e-01 7.020742893218994141e-01 7.655397057533264160e-01 8.162648677825927734e-01 2.881379425525665283e-01 3.611746728420257568e-01
6.732500195503234863e-01 5.038333535194396973e-01 7.975000143051147461e-02 9.882500171661376953e-01 2.332500070333480835e-01 9.117500185966491699e-01 6.312867999076843262e-01 5.652730464935302734e-01 1.270608603954315186e-01 8.311153054237365723e-01 2.457168996334075928e-01 6.596410870552062988e-01
6.467499732971191406e-01 5.098333358764648438e-01 2.787500023841857910e-01 4.882499873638153076e-01 4.157499969005584717e-01 6.752499938011169434e-01 7.254891991615295410e-01 4.946123659610748291e-01 1.994815170764923096e-01 3.207331001758575439e-01 3.886244595050811768e-01 6.029054522514343262e-01
8.242499828338623047e-01 4.595000147819519043e-01 3.162499964237213135e-01 8.352500200271606445e-01 7.824999839067459106e-02 3.657500147819519043e-01 8.235141038894653320e-01 5.601004362106323242e-01 6.285431385040283203e-01 7.009907364845275879e-01 6.025535613298416138e-02 5.216806530952453613e-01
5.092499852180480957e-01 7.438333630561828613e-01 5.517500042915344238e-01 1.675000041723251343e-02 9.475000202655792236e-02 1.622499972581863403e-01 5.816111564636230469e-01 5.894704461097717285e-01 3.373318612575531006e-01 5.789173766970634460e-02 8.767437189817428589e-02 3.737207055091857910e-01
1.277499943971633911e-01 8.021666407585144043e-01 9.892500042915344238e-01 4.937500059604644775e-01 9.627500176429748535e-01 9.692500233650207520e-01 1.127759590744972229e-01 6.805177927017211914e-01 7.119826078414916992e-01 3.673360645771026611e-01 9.902414679527282715e-01 5.660456418991088867e-01
1.952500045299530029e-01 4.961666762828826904e-01 7.897499799728393555e-01 1.552499979734420776e-01 9.907500147819519043e-01 9.072499871253967285e-01 1.962975859642028809e-01 4.146287143230438232e-01 6.203206181526184082e-01 1.018769741058349609e-01 9.628647565841674805e-01 6.922203302383422852e-01
3.752500116825103760e-01 8.201666474342346191e-01 6.077499985694885254e-01 8.474999666213989258e-02 6.207500100135803223e-01 3.882499933242797852e-01 3.838094174861907959e-01 5.554369688034057617e-01 2.418944090604782104e-01 4.457411766052246094e-01 6.755319237709045410e-01 6.073566079139709473e-01
9.907500147819519043e-01 4.905000030994415283e-01 9.402499794960021973e-01 8.987500071525573730e-01 1.257500052452087402e-01 4.732500016689300537e-01 9.653747081756591797e-01 4.332765340805053711e-01 8.479082584381103516e-01 9.290261268615722656e-01 1.264460831880569458e-01 5.963111519813537598e-01
5.762500166893005371e-01 5.811666846275329590e-01 9.324999898672103882e-02 3.342500030994415283e-01 2.697499990463256836e-01 3.407500088214874268e-01 5.740852952003479004e-01 6.738963127136230469e-01 2.453862130641937256e-01 2.560574710369110107e-01 2.608680725097656250e-01 4.216786921024322510e-01
6.692500114440917969e-01 2.681666612625122070e-01 9.277499914169311523e-01 3.757500052452087402e-01 9.462500214576721191e-01 8.942499756813049316e-01 6.211357116699218750e-01 2.416064292192459106e-01 7.996685504913330078e-01 5.265905261039733887e-01 9.354526400566101074e-01 5.207173228263854980e-01
1.077499985694885254e-01 4.151666760444641113e-01 9.557499885559082031e-01 5.712500214576721191e-01 6.432499885559082031e-01 5.092499852180480957e-01 7.173454016447067261e-02 4.165099859237670898e-01 8.140224218368530273e-01 6.797511577606201172e-01 6.598875522613525391e-01 3.503240346908569336e-01
5.027499794960021973e-01 7.475000023841857910e-01 4.342499971389770508e-01 3.792499899864196777e-01 4.742499887943267822e-01 9.142500162124633789e-01 4.842714965343475342e-01 5.746505856513977051e-01 1.960918903350830078e-01 4.591175317764282227e-01 4.781676530838012695e-01 6.145171523094177246e-01
6.462500095367431641e-01 7.354999780654907227e-01 3.847500085830688477e-01 6.202499866485595703e-01 6.302499771118164062e-01 7.507500052452087402e-01 6.462268233299255371e-01 5.725893974304199219e-01 2.535137832164764404e-01 6.401364803314208984e-01 6.214927434921264648e-01 5.750817060470581055e-01
1.617500036954879761e-01 3.955000042915344238e-01 7.982500195503234863e-01 6.612499952316284180e-01 5.727499723434448242e-01 7.487499713897705078e-01 1.486798524856567383e-01 3.707779347896575928e-01 7.033653259277343750e-01 8.252807855606079102e-01 5.769770741462707520e-01 6.787247657775878906e-01
5.647500157356262207e-01 1.955000013113021851e-01 4.047499895095825195e-01 3.182500004768371582e-01 3.402499854564666748e-01 1.712500005960464478e-01 6.349107027053833008e-01 3.503095805644989014e-01 5.672848820686340332e-01 1.555285602807998657e-01 3.254288136959075928e-01 4.088737666606903076e-01
3.727500140666961670e-01 6.685000061988830566e-01 3.082500100135803223e-01 3.802500069141387939e-01 6.007500290870666504e-01 7.757499814033508301e-01 3.375511765480041504e-01 6.524710655212402344e-01 3.134940266609191895e-01 2.683693766593933105e-01 6.081960797309875488e-01 4.314037561416625977e-01
4.907500147819519043e-01 7.415000200271606445e-01 4.932500123977661133e-01 5.792499780654907227e-01 6.022499799728393555e-01 5.072500109672546387e-01 5.369402766227722168e-01 5.200643539428710938e-01 1.740224361419677734e-01 7.905748486518859863e-01 6.218258738517761230e-01 6.186426877975463867e-01
6.302499771118164062e-01 8.091666698455810547e-01 6.767500042915344238e-01 5.237500071525573730e-01 8.325000107288360596e-02 3.477500081062316895e-01 6.787391304969787598e-01 5.798687338829040527e-01 4.312533736228942871e-01 6.093784570693969727e-01 8.679623901844024658e-02 5.447244048118591309e-01
4.237500131130218506e-01 4.251666665077209473e-01 7.757499814033508301e-01 3.402499854564666748e-01 9.075000137090682983e-02 4.475000128149986267e-02 4.608723521232604980e-01 3.238981962203979492e-01 7.340579032897949219e-01 2.289679199457168579e-01 8.251317590475082397e-02 4.335471689701080322e-01
6.097499728202819824e-01 4.444999992847442627e-01 5.087500214576721191e-01 8.762500286102294922e-01 1.522500067949295044e-01 6.192499995231628418e-01 5.901521444320678711e-01 5.446592569351196289e-01 6.047261357307434082e-01 8.592918515205383301e-01 1.380366533994674683e-01 5.557006001472473145e-01
5.674999952316284180e-02 8.295000195503234863e-01 7.082499861717224121e-01 1.932500004768371582e-01 7.202500104904174805e-01 4.777500033378601074e-01 5.225367844104766846e-02 6.784921288490295410e-01 6.813871860504150391e-01 3.874657750129699707e-01 9.849537611007690430e-01 6.360324621200561523e-01
8.592500090599060059e-01 3.551666736602783203e-01 3.287500143051147461e-01 4.012500047683715820e-01 5.117499828338623047e-01 2.062499970197677612e-01 9.119592308998107910e-01 4.227644801139831543e-01 5.243908166885375977e-01 2.380803227424621582e-01 4.865188002586364746e-01 3.886364698410034180e-01
4.924999922513961792e-02 2.098333388566970825e-01 6.272500157356262207e-01 7.537500262260437012e-01 5.912500023841857910e-01 3.702499866485595703e-01 4.549152031540870667e-02 3.193858861923217773e-01 8.636700510978698730e-01 7.279634475708007812e-01 5.518186092376708984e-01 3.841573894023895264e-01
4.112499952316284180e-01 6.811666488647460938e-01 5.667499899864196777e-01 3.992500007152557373e-01 4.507499933242797852e-01 1.837500035762786865e-01 3.824910521507263184e-01 6.135345697402954102e-01 6.327791213989257812e-01 4.013814032077789307e-01 4.420798420906066895e-01 2.525260746479034424e-01
5.052499771118164062e-01 5.858333110809326172e-01 2.027499973773956299e-01 7.067499756813049316e-01 6.282500028610229492e-01 8.712499737739562988e-01 4.774001538753509521e-01 6.437891125679016113e-01 1.474260687828063965e-01 6.908629536628723145e-01 5.740922093391418457e-01 5.884152650833129883e-01
3.824999928474426270e-02 3.351666629314422607e-01 1.467500030994415283e-01 8.562499880790710449e-01 4.647499918937683105e-01 2.847500145435333252e-01 8.607514947652816772e-02 5.328480005264282227e-01 3.963058590888977051e-01 8.119891285896301270e-01 3.825061619281768799e-01 5.224705934524536133e-01
1.387500017881393433e-01 7.451666593551635742e-01 9.157500267028808594e-01 3.762499988079071045e-01 6.577500104904174805e-01 2.082500010728836060e-01 1.456081122159957886e-01 6.817294955253601074e-01 7.460446357727050781e-01 5.054958462715148926e-01 6.178537607192993164e-01 1.635282188653945923e-01
6.422500014305114746e-01 5.651666522026062012e-01 7.967500090599060059e-01 4.024999961256980896e-02 5.324999988079071045e-02 3.187499940395355225e-01 6.728304028511047363e-01 4.069785773754119873e-01 6.299842000007629395e-01 9.100469946861267090e-02 4.971043020486831665e-02 3.401671350002288818e-01
2.842499911785125732e-01 6.191666722297668457e-01 3.747499883174896240e-01 9.125000238418579102e-02 8.722500205039978027e-01 2.057500034570693970e-01 3.211398422718048096e-01 6.630110144615173340e-01 3.644994497299194336e-01 2.639318406581878662e-01 8.498392105102539062e-01 3.967121243476867676e-01
6.424999982118606567e-02 3.221666812896728516e-01 1.432500034570693970e-01 9.674999862909317017e-02 7.162500023841857910e-01 4.102500081062316895e-01 1.118200495839118958e-01 5.804650187492370605e-01 3.051573038101196289e-01 2.824517786502838135e-01 5.730106830596923828e-01 6.749129295349121094e-01
8.117499947547912598e-01 4.275000095367431641e-01 7.857499718666076660e-01 4.807499945163726807e-01 7.437499761581420898e-01 8.897500038146972656e-01 7.614221572875976562e-01 3.945714533329010010e-01 6.914396882057189941e-01 4.518141746520996094e-01 7.575504183769226074e-01 4.725297093391418457e-01
3.617500066757202148e-01 1.958333402872085571e-01 1.767500042915344238e-01 4.187499880790710449e-01 8.402500152587890625e-01 6.582499742507934570e-01 3.688636124134063721e-01 3.712629675865173340e-01 2.610493600368499756e-01 5.830915570259094238e-01 7.877094745635986328e-01 7.075988054275512695e-01
7.317500114440917969e-01 2.721666693687438965e-01 4.874999821186065674e-02 8.557500243186950684e-01 5.582500100135803223e-01 1.475000008940696716e-02 8.681510686874389648e-01 3.799155354499816895e-01 4.269160330295562744e-01 4.687168300151824951e-01 5.210455060005187988e-01 4.858658611774444580e-01
2.987500131130218506e-01 6.321666836738586426e-01 5.887500047683715820e-01 7.877500057220458984e-01 4.402500092983245850e-01 7.907500267028808594e-01 2.907705307006835938e-01 6.414604187011718750e-01 5.760000348091125488e-01 8.848914504051208496e-01 4.456095695495605469e-01 4.804323911666870117e-01
1.727499961853027344e-01 2.335000038146972656e-01 5.572500228881835938e-01 6.922500133514404297e-01 6.562500000000000000e-01 2.287500053644180298e-01 2.397407144308090210e-01 3.789044022560119629e-01 7.526001334190368652e-01 6.133124232292175293e-01 6.149436235427856445e-01 4.330491125583648682e-01
6.217499971389770508e-01 5.101666450500488281e-01 6.557499766349792480e-01 2.227499932050704956e-01 3.192499876022338867e-01 5.137500166893005371e-01 5.835209488868713379e-01 3.587040305137634277e-01 5.856770277023315430e-01 2.000815570354461670e-01 3.506572544574737549e-01 4.203562736511230469e-01
5.824999883770942688e-02 5.898333191871643066e-01 4.067499935626983643e-01 8.032500147819519043e-01 8.667500019073486328e-01 7.482500076293945312e-01 3.874529898166656494e-02 6.750654578208923340e-01 3.271470963954925537e-01 7.031396031379699707e-01 9.628779292106628418e-01 6.199619174003601074e-01
3.652499914169311523e-01 4.185000061988830566e-01 2.042499929666519165e-01 5.525000020861625671e-02 7.867500185966491699e-01 1.227499991655349731e-01 4.164555668830871582e-01 6.111564040184020996e-01 3.663790225982666016e-01 1.365690082311630249e-01 7.183259725570678711e-01 4.054443538188934326e-01
6.012499928474426270e-01 3.528333306312561035e-01 4.387499988079071045e-01 3.892500102519989014e-01 6.462500095367431641e-01 4.272499978542327881e-01 5.969077348709106445e-01 5.356802344322204590e-01 5.854881405830383301e-01 3.528903722763061523e-01 6.130161881446838379e-01 3.602510988712310791e-01
5.127500295639038086e-01 6.271666884422302246e-01 2.957499921321868896e-01 6.857500076293945312e-01 4.002499878406524658e-01 8.292499780654907227e-01 4.688138365745544434e-01 6.234835982322692871e-01 2.326031923294067383e-01 7.475655674934387207e-01 3.876708447933197021e-01 5.528408288955688477e-01
4.192500114440917969e-01 8.331666588783264160e-01 2.402500063180923462e-01 3.272500038146972656e-01 2.727499902248382568e-01 9.457499980926513672e-01 4.208026230335235596e-01 6.331547498703002930e-01 1.713805049657821655e-01 1.719913631677627563e-01 3.032183647155761719e-01 5.656470656394958496e-01
9.067500233650207520e-01 5.278333425521850586e-01 4.312500059604644775e-01 4.732500016689300537e-01 2.074999921023845673e-02 5.997499823570251465e-01 8.394729495048522949e-01 5.643393397331237793e-01 4.066065251827239990e-01 6.197643280029296875e-01 3.183914721012115479e-02 5.430536866188049316e-01
8.737499713897705078e-01 5.705000162124633789e-01 3.552500009536743164e-01 1.407500058412551880e-01 4.887500107288360596e-01 7.607499957084655762e-01 8.189277648925781250e-01 4.776735007762908936e-01 2.439220994710922241e-01 2.125925719738006592e-01 4.570943415164947510e-01 5.188200473785400391e-01
4.077500104904174805e-01 3.491666615009307861e-01 5.802500247955322266e-01 5.162500143051147461e-01 4.467499852180480957e-01 5.927500128746032715e-01 3.947065472602844238e-01 3.986310362815856934e-01 5.944845080375671387e-01 4.572763144969940186e-01 4.573635756969451904e-01 5.062129497528076172e-01
5.792499780654907227e-01 4.948333203792572021e-01 9.457499980926513672e-01 3.317500054836273193e-01 9.617499709129333496e-01 9.272500276565551758e-01 5.654208660125732422e-01 5.583750605583190918e-01 7.519702315330505371e-01 4.388796091079711914e-01 9.294639229774475098e-01 2.502942383289337158e-01
5.874999985098838806e-02 8.158333301544189453e-01 5.012500286102294922e-01 9.347500205039978027e-01 3.250000067055225372e-03 2.292499989271163940e-01 4.407367482781410217e-02 7.345945239067077637e-01 3.363832235336303711e-01 8.195462822914123535e-01 8.850477635860443115e-02 2.929797172546386719e-01
8.725000172853469849e-02 5.738333463668823242e-01 8.117499947547912598e-01 8.967499732971191406e-01 4.697499871253967285e-01 8.602499961853027344e-01 5.588845908641815186e-02 5.194408297538757324e-01 7.425822019577026367e-01 7.130708694458007812e-01 4.696809053421020508e-01 5.334888696670532227e-01
9.277499914169311523e-01 7.558333277702331543e-01 8.882499933242797852e-01 1.362500041723251343e-01 6.822500228881835938e-01 3.372499942779541016e-01 8.423738479614257812e-01 5.007848739624023438e-01 6.043449640274047852e-01 4.110137522220611572e-01 7.072675824165344238e-01 4.596199393272399902e-01
3.027499914169311523e-01 5.741666555404663086e-01 7.177500128746032715e-01 6.537500023841857910e-01 8.237500190734863281e-01 1.662500053644180298e-01 2.717773914337158203e-01 6.146207451820373535e-01 7.714517116546630859e-01 5.684542059898376465e-01 7.751619219779968262e-01 1.619485169649124146e-01
1.492500007152557373e-01 5.341666936874389648e-01 2.392500042915344238e-01 5.562499761581420898e-01 3.927499949932098389e-01 8.967499732971191406e-01 1.601855158805847168e-01 5.919761657714843750e-01 1.505779772996902466e-01 4.344718158245086670e-01 4.198684990406036377e-01 7.310226559638977051e-01
4.782499969005584717e-01 6.578333377838134766e-01 1.747500002384185791e-01 8.247500061988830566e-01 4.397499859333038330e-01 4.772500097751617432e-01 5.004386901855468750e-01 5.750944018363952637e-01 1.367778927087783813e-01 8.901708722114562988e-01 4.633987247943878174e-01 5.871151685714721680e-01
9.237499833106994629e-01 1.691666692495346069e-01 3.422499895095825195e-01 9.362499713897705078e-01 2.582499980926513672e-01 9.252499938011169434e-01 8.883998394012451172e-01 3.276217579841613770e-01 7.024720311164855957e-01 6.009681820869445801e-01 2.431897372007369995e-01 5.512334704399108887e-01
6.637499928474426270e-01 3.021666705608367920e-01 3.027499914169311523e-01 1.052500009536743164e-01 5.225000157952308655e-02 5.817499756813049316e-01 5.762838721275329590e-01 4.990130960941314697e-01 3.387946486473083496e-01 2.050373107194900513e-01 4.052527993917465210e-02 5.445187687873840332e-01
1.212500035762786865e-01 6.355000138282775879e-01 3.337500095367431641e-01 5.324999988079071045e-02 9.777500033378601074e-01 3.872500061988830566e-01 1.054525300860404968e-01 6.736638545989990234e-01 4.615460038185119629e-01 3.123021125793457031e-01 9.504144787788391113e-01 6.034309267997741699e-01
5.462499856948852539e-01 3.104999959468841553e-01 6.507499814033508301e-01 9.782500267028808594e-01 6.487500071525573730e-01 3.237499892711639404e-01 5.489804148674011230e-01 2.839223146438598633e-01 7.643536925315856934e-01 7.938509583473205566e-01 6.461397409439086914e-01 5.362958312034606934e-01
6.662499904632568359e-01 7.758333086967468262e-01 3.577499985694885254e-01 3.962500095367431641e-01 9.757500290870666504e-01 6.724999845027923584e-02 7.738348245620727539e-01 6.543743014335632324e-01 2.933489084243774414e-01 3.835340738296508789e-01 9.637061357498168945e-01 4.237765669822692871e-01
1.827500015497207642e-01 4.878333210945129395e-01 8.937500119209289551e-01 6.567500233650207520e-01 5.175000056624412537e-02 5.347499847412109375e-01 1.733774095773696899e-01 3.378453850746154785e-01 7.602120041847229004e-01 6.543337106704711914e-01 6.880208849906921387e-02 5.344846844673156738e-01
8.042500019073486328e-01 3.201666772365570068e-01 9.007499814033508301e-01 2.692500054836273193e-01 5.424999818205833435e-02 4.552499949932098389e-01 8.901504874229431152e-01 3.754037320613861084e-01 7.024248242378234863e-01 3.253490030765533447e-01 4.454189911484718323e-02 4.886247515678405762e-01
2.782500088214874268e-01 1.921666711568832397e-01 5.122500061988830566e-01 4.302499890327453613e-01 6.057500243186950684e-01 2.127500027418136597e-01 3.289676308631896973e-01 2.849129140377044678e-01 7.148057222366333008e-01 3.173221945762634277e-01 5.547874569892883301e-01 4.871232509613037109e-01
8.027499914169311523e-01 5.838333368301391602e-01 7.022500038146972656e-01 3.412500023841857910e-01 4.862500131130218506e-01 2.532500028610229492e-01 8.822374343872070312e-01 3.602899610996246338e-01 4.310594499111175537e-01 5.201452970504760742e-01 5.019037127494812012e-01 4.843182861804962158e-01
8.275000005960464478e-02 6.305000185966491699e-01 8.682500123977661133e-01 5.137500166893005371e-01 7.852500081062316895e-01 9.047499895095825195e-01 6.353002041578292847e-02 5.951308012008666992e-01 7.295663356781005859e-01 3.992443680763244629e-01 8.107296228408813477e-01 5.392363667488098145e-01
2.692500054836273193e-01 2.004999965429306030e-01 5.372499823570251465e-01 5.817499756813049316e-01 3.682500123977661133e-01 7.292500138282775879e-01 2.698987722396850586e-01 2.803116738796234131e-01 6.904301047325134277e-01 5.384352803230285645e-01 3.609977960586547852e-01 6.002607345581054688e-01
7.637500166893005371e-01 6.968333125114440918e-01 9.627500176429748535e-01 2.127500027418136597e-01 4.087499976158142090e-01 4.827499985694885254e-01 8.410819172859191895e-01 3.975312709808349609e-01 4.925837218761444092e-01 3.732189536094665527e-01 4.364868104457855225e-01 5.167698860168457031e-01
5.382500290870666504e-01 3.108333349227905273e-01 5.522500276565551758e-01 5.757499933242797852e-01 3.417499959468841553e-01 6.997500061988830566e-01 4.679127037525177002e-01 3.470797538757324219e-01 7.131579518318176270e-01 5.706844329833984375e-01 3.864422142505645752e-01 4.513435959815979004e-01
5.602499842643737793e-01 7.291666865348815918e-01 9.772499799728393555e-01 1.792500019073486328e-01 2.372500002384185791e-01 6.877499818801879883e-01 5.426564216613769531e-01 4.581872820854187012e-01 4.783717393875122070e-01 3.221216201782226562e-01 2.691652476787567139e-01 4.936739206314086914e-01
8.987500071525573730e-01 6.611666679382324219e-01 6.197500228881835938e-01 1.842499971389770508e-01 5.887500047683715820e-01 6.542500257492065430e-01 8.860294818878173828e-01 4.389172792434692383e-01 4.972058236598968506e-01 2.402241528034210205e-01 6.245551705360412598e-01 4.373764693737030029e-01
8.812500238418579102e-01 5.338333249092102051e-01 4.627499878406524658e-01 3.882499933242797852e-01 5.902500152587890625e-01 2.377499938011169434e-01 9.472059011459350586e-01 4.586344361305236816e-01 5.351391434669494629e-01 1.875272393226623535e-01 5.476865172386169434e-01 3.044705986976623535e-01
1.072499975562095642e-01 7.771666646003723145e-01 7.907500267028808594e-01 4.857499897480010986e-01 3.392499983310699463e-01 3.325000032782554626e-02 1.196139976382255554e-01 6.518518328666687012e-01 6.818118691444396973e-01 3.674462139606475830e-01 3.723885715007781982e-01 2.443516850471496582e-01
6.167500019073486328e-01 6.664999723434448242e-01 8.032500147819519043e-01 6.847500205039978027e-01 2.432499974966049194e-01 1.777500063180923462e-01 6.445713043212890625e-01 4.937217533588409424e-01 6.121823191642761230e-01 7.112730741500854492e-01 2.739008069038391113e-01 5.247966647148132324e-01
9.324999898672103882e-02 5.198333263397216797e-01 2.852500081062316895e-01 6.117500066757202148e-01 8.752499818801879883e-01 9.907500147819519043e-01 9.098488092422485352e-02 6.506800055503845215e-01 3.722820281982421875e-01 2.149032652378082275e-01 8.357833027839660645e-01 6.897209286689758301e-01
8.122500181198120117e-01 7.531666755676269531e-01 2.249999903142452240e-03 1.722500026226043701e-01 5.527499914169311523e-01 1.425000000745058060e-02 9.014676213264465332e-01 7.172706127166748047e-01 6.861989945173263550e-02 1.303131431341171265e-01 5.649972558021545410e-01 4.409779012203216553e-01
4.972499907016754150e-01 3.431666791439056396e-01 2.357500046491622925e-01 3.897500038146972656e-01 4.122500121593475342e-01 6.492499709129333496e-01 4.568029940128326416e-01 3.669412136077880859e-01 3.330771923065185547e-01 2.599285840988159180e-01 3.771362900733947754e-01 6.067460179328918457e-01
3.787499964237213135e-01 8.111666440963745117e-01 6.274999678134918213e-02 6.722499728202819824e-01 5.882499814033508301e-01 4.037500023841857910e-01 3.683591187000274658e-01 7.193757891654968262e-01 2.873419411480426788e-02 8.395307660102844238e-01 5.845423936843872070e-01 6.220285892486572266e-01
6.267499923706054688e-01 6.658333539962768555e-01 1.207500025629997253e-01 8.267499804496765137e-01 3.772499859333038330e-01 3.377499878406524658e-01 7.031444907188415527e-01 6.199626922607421875e-01 1.288359761238098145e-01 8.044450283050537109e-01 3.795042037963867188e-01 6.556056737899780273e-01
8.297500014305114746e-01 6.261666417121887207e-01 5.057500004768371582e-01 2.724999934434890747e-02 1.697500050067901611e-01 6.024999916553497314e-02 9.360150694847106934e-01 4.001551568508148193e-01 3.322679996490478516e-01 8.218896389007568359e-02 1.602187454700469971e-01 2.816900014877319336e-01
8.047500252723693848e-01 4.308333396911621094e-01 6.127499938011169434e-01 6.982499957084655762e-01 4.712499976158142090e-01 3.132500052452087402e-01 7.970848679542541504e-01 4.303946495056152344e-01 6.612436175346374512e-01 7.180924415588378906e-01 4.803943634033203125e-01 5.424720644950866699e-01
6.817499995231628418e-01 6.181666851043701172e-01 9.082499742507934570e-01 2.287500053644180298e-01 2.767499983310699463e-01 1.627500057220458984e-01 7.148274183273315430e-01 3.430631458759307861e-01 6.723195314407348633e-01 2.569136619567871094e-01 3.034883141517639160e-01 4.073415994644165039e-01
9.952499866485595703e-01 6.638333201408386230e-01 9.117500185966491699e-01 1.942500025033950806e-01 2.500000118743628263e-04 1.842499971389770508e-01 9.151646494865417480e-01 5.945633053779602051e-01 5.873392224311828613e-01 6.030355691909790039e-01 2.450864017009735107e-02 5.022130608558654785e-01
4.137499928474426270e-01 6.748333573341369629e-01 6.282500028610229492e-01 5.052499771118164062e-01 7.272499799728393555e-01 6.477500200271606445e-01 4.004669189453125000e-01 5.158185958862304688e-01 3.723441362380981445e-01 7.065603137016296387e-01 7.351483106613159180e-01 5.433806777000427246e-01
3.607499897480010986e-01 4.228333234786987305e-01 4.907500147819519043e-01 6.575000286102294922e-02 7.237499952316284180e-01 4.167500138282775879e-01 3.465837538242340088e-01 4.372780919075012207e-01 5.696914792060852051e-01 1.848586350679397583e-01 7.343878746032714844e-01 4.708302915096282959e-01
5.324999988079071045e-02 6.031666398048400879e-01 1.107499971985816956e-01 4.542500078678131104e-01 9.467499852180480957e-01 9.567499756813049316e-01 1.494356110924854875e-04 8.289027214050292969e-01 5.352706462144851685e-02 3.553632274270057678e-02 9.720507860183715820e-01 9.946065545082092285e-01
6.492499709129333496e-01 7.601666450500488281e-01 4.250000230967998505e-03 4.437499940395355225e-01 9.767500162124633789e-01 4.572499990463256836e-01 5.723543763160705566e-01 6.995334625244140625e-01 6.947567313909530640e-02 5.655238628387451172e-01 9.608917236328125000e-01 5.819113850593566895e-01
2.457499951124191284e-01 5.168333053588867188e-01 5.824999883770942688e-02 9.122499823570251465e-01 4.167500138282775879e-01 1.572500020265579224e-01 3.257442712783813477e-01 6.308510303497314453e-01 1.564661711454391479e-01 8.298676013946533203e-01 3.944365382194519043e-01 5.024728775024414062e-01
4.822500050067901611e-01 8.015000224113464355e-01 8.587499856948852539e-01 2.452500015497207642e-01 7.702500224113464355e-01 7.282500267028808594e-01 4.988188147544860840e-01 6.205923557281494141e-01 4.943551123142242432e-01 2.398390024900436401e-01 7.644758224487304688e-01 3.440579175949096680e-01
8.477500081062316895e-01 6.428333520889282227e-01 2.902500033378601074e-01 9.562500119209289551e-01 7.402499914169311523e-01 1.697500050067901611e-01 8.772928118705749512e-01 7.042748928070068359e-01 3.520391881465911865e-01 8.951058387756347656e-01 7.089723348617553711e-01 4.854800701141357422e-01
5.427500009536743164e-01 4.235000014305114746e-01 1.582500040531158447e-01 9.027500152587890625e-01 9.832500219345092773e-01 7.947499752044677734e-01 4.939066767692565918e-01 5.983835458755493164e-01 1.612603813409805298e-01 8.989279866218566895e-01 9.592791199684143066e-01 6.394529342651367188e-01
9.212499856948852539e-01 5.285000205039978027e-01 5.617499947547912598e-01 9.492499828338623047e-01 5.022500157356262207e-01 6.872500181198120117e-01 9.210684895515441895e-01 5.160965919494628906e-01 6.363990902900695801e-01 8.331231474876403809e-01 5.086660981178283691e-01 5.460753440856933594e-01
6.047499775886535645e-01 4.794999957084655762e-01 6.422500014305114746e-01 9.677500128746032715e-01 7.325000315904617310e-02 5.652499794960021973e-01 6.412464380264282227e-01 3.957622349262237549e-01 6.979588270187377930e-01 8.381085991859436035e-01 7.929188013076782227e-02 5.966393947601318359e-01
4.262500107288360596e-01 3.751666545867919922e-01 5.652499794960021973e-01 9.332500100135803223e-01 4.082500040531158447e-01 2.707499861717224121e-01 4.430598318576812744e-01 3.434416651725769043e-01 7.331884503364562988e-01 7.821303009986877441e-01 4.562471210956573486e-01 4.916879832744598389e-01
7.422500252723693848e-01 3.138333261013031006e-01 2.622500061988830566e-01 7.897499799728393555e-01 4.324999824166297913e-02 7.582499980926513672e-01 6.545751094818115234e-01 5.365344882011413574e-01 4.137922227382659912e-01 7.955448031425476074e-01 3.733494132757186890e-02 5.559221506118774414e-01
1.047499999403953552e-01 4.471666812896728516e-01 5.227500200271606445e-01 2.752499878406524658e-01 4.052500128746032715e-01 6.077499985694885254e-01 9.119459241628646851e-02 3.488009274005889893e-01 5.951678156852722168e-01 1.595859080553054810e-01 4.727093875408172607e-01 7.163479924201965332e-01
8.957499861717224121e-01 6.081666946411132812e-01 5.547500252723693848e-01 1.862500011920928955e-01 4.902499914169311523e-01 4.622499942779541016e-01 8.115231990814208984e-01 5.430420041084289551e-01 5.196776390075683594e-01 2.955743074417114258e-01 4.711322784423828125e-01 3.817830681800842285e-01
9.787499904632568359e-01 6.421666741371154785e-01 9.802500009536743164e-01 4.602499902248382568e-01 7.282500267028808594e-01 5.427500009536743164e-01 9.523281455039978027e-01 5.772284269332885742e-01 7.297416925430297852e-01 7.449707984924316406e-01 7.127318978309631348e-01 4.315195977687835693e-01
3.712500035762786865e-01 6.311666369438171387e-01 6.277499794960021973e-01 2.749999985098838806e-03 1.587499976158142090e-01 8.742499947547912598e-01 3.040632009506225586e-01 5.486533045768737793e-01 5.061217546463012695e-01 1.375225782394409180e-01 1.572260111570358276e-01 4.133163690567016602e-01
2.817499935626983643e-01 7.914999723434448242e-01 8.787500262260437012e-01 4.632500112056732178e-01 8.622499704360961914e-01 8.442500233650207520e-01 2.602467536926269531e-01 5.477011799812316895e-01 5.503906607627868652e-01 4.544627666473388672e-01 9.335834980010986328e-01 5.605179071426391602e-01
8.562499880790710449e-01 6.641666889190673828e-01 3.982500135898590088e-01 9.097499847412109375e-01 7.167500257492065430e-01 3.852500021457672119e-01 9.373612403869628906e-01 5.344260334968566895e-01 4.295018315315246582e-01 7.595150470733642578e-01 7.225447297096252441e-01 4.565291404724121094e-01
2.627499997615814209e-01 5.964999794960021973e-01 2.052499949932098389e-01 7.737500071525573730e-01 1.062500029802322388e-01 9.957500100135803223e-01 2.318004071712493896e-01 4.993749260902404785e-01 5.964336916804313660e-02 6.232648491859436035e-01 1.278839856386184692e-01 7.470492720603942871e-01
6.072499752044677734e-01 7.074999809265136719e-01 8.487499952316284180e-01 6.997500061988830566e-01 7.567499876022338867e-01 5.357499718666076660e-01 5.460237264633178711e-01 5.869548916816711426e-01 6.452401876449584961e-01 8.690995573997497559e-01 7.368198037147521973e-01 4.882577657699584961e-01
1.702499985694885254e-01 7.588333487510681152e-01 7.137500047683715820e-01 9.262499809265136719e-01 2.897500097751617432e-01 5.612499713897705078e-01 1.669565141201019287e-01 7.030406594276428223e-01 6.828938126564025879e-01 8.878924250602722168e-01 3.303178250789642334e-01 3.088775277137756348e-01
6.475000083446502686e-02 7.858333587646484375e-01 6.872500181198120117e-01 5.007500052452087402e-01 1.249999972060322762e-03 1.457500010728836060e-01 5.169793218374252319e-02 6.593180298805236816e-01 5.763401389122009277e-01 4.428661763668060303e-01 6.741980463266372681e-02 3.042745292186737061e-01
8.062499761581420898e-01 8.171666860580444336e-01 2.687500119209289551e-01 4.412499964237213135e-01 7.937499880790710449e-01 7.782499790191650391e-01 7.486238479614257812e-01 6.754410266876220703e-01 1.798233538866043091e-01 4.041858315467834473e-01 7.544893026351928711e-01 5.223730206489562988e-01
8.917499780654907227e-01 6.838333606719970703e-01 4.122500121593475342e-01 5.697500109672546387e-01 9.647499918937683105e-01 8.487499952316284180e-01 8.121970295906066895e-01 5.925374031066894531e-01 3.403230905532836914e-01 5.238996148109436035e-01 9.360652565956115723e-01 4.531086981296539307e-01
1.897500008344650269e-01 6.381666660308837891e-01 2.525000087916851044e-02 6.357499957084655762e-01 3.017500042915344238e-01 1.817499995231628418e-01 2.328703105449676514e-01 7.193093299865722656e-01 1.299081444740295410e-01 6.630271077156066895e-01 2.708165347576141357e-01 4.166778326034545898e-01
8.722500205039978027e-01 1.741666644811630249e-01 6.517500281333923340e-01 2.842499911785125732e-01 9.682499766349792480e-01 3.427500128746032715e-01 7.204053997993469238e-01 2.648139595985412598e-01 8.406929373741149902e-01 3.206858932971954346e-01 9.187992811203002930e-01 3.424253165721893311e-01
7.737500071525573730e-01 4.474999904632568359e-01 6.207500100135803223e-01 8.602499961853027344e-01 5.787500143051147461e-01 4.107500016689300537e-01 7.932719588279724121e-01 5.901283025741577148e-01 6.403896212577819824e-01 8.816159963607788086e-01 5.418617129325866699e-01 4.854375123977661133e-01
9.837499856948852539e-01 6.091666817665100098e-01 9.525000303983688354e-02 6.852499842643737793e-01 3.712500035762786865e-01 3.182500004768371582e-01 9.277620315551757812e-01 7.089154124259948730e-01 1.677091866731643677e-01 8.716322779655456543e-01 3.762676119804382324e-01 5.599242448806762695e-01
5.772500038146972656e-01 7.371666431427001953e-01 9.467499852180480957e-01 6.802499890327453613e-01 8.852499723434448242e-01 8.447499871253967285e-01 5.333557724952697754e-01 6.291610598564147949e-01 6.157891750335693359e-01 9.362534284591674805e-01 9.247791767120361328e-01 4.936009645462036133e-01
3.075000084936618805e-02 6.711666584014892578e-01 7.217500209808349609e-01 7.124999910593032837e-02 3.977499902248382568e-01 5.932499766349792480e-01 3.905268386006355286e-02 5.798057913780212402e-01 5.421862006187438965e-01 2.277283966541290283e-01 3.813986480236053467e-01 7.067414522171020508e-01
9.147499799728393555e-01 7.741666436195373535e-01 5.877500176429748535e-01 9.797499775886535645e-01 2.557500004768371582e-01 9.447500109672546387e-01 9.495368003845214844e-01 6.177859902381896973e-01 7.050786018371582031e-01 6.714585423469543457e-01 2.556108832359313965e-01 4.350629150867462158e-01
2.672500014305114746e-01 4.451666772365570068e-01 7.472500205039978027e-01 3.237499892711639404e-01 2.317499965429306030e-01 6.817499995231628418e-01 2.490942031145095825e-01 4.730003476142883301e-01 7.037102580070495605e-01 3.931286633014678955e-01 2.411415427923202515e-01 2.664341926574707031e-01
5.267500281333923340e-01 3.125000000000000000e-01 2.512499988079071045e-01 9.072499871253967285e-01 9.187499880790710449e-01 1.467500030994415283e-01 6.258745789527893066e-01 5.170154571533203125e-01 3.966139853000640869e-01 8.311411738395690918e-01 8.571050763130187988e-01 5.639552474021911621e-01
1.247500032186508179e-01 4.701666533946990967e-01 8.337500095367431641e-01 7.562500238418579102e-01 7.082499861717224121e-01 7.952499985694885254e-01 8.324027806520462036e-02 3.525439798831939697e-01 6.768309473991394043e-01 7.242582440376281738e-01 7.204375267028808594e-01 7.630810737609863281e-01
5.177500247955322266e-01 1.668333262205123901e-01 3.527500033378601074e-01 8.082500100135803223e-01 9.497500061988830566e-01 9.697499871253967285e-01 4.244551062583923340e-01 3.693884313106536865e-01 5.990333557128906250e-01 7.694063186645507812e-01 8.855733871459960938e-01 6.075865030288696289e-01
8.327500224113464355e-01 2.641666531562805176e-01 5.882499814033508301e-01 8.242499828338623047e-01 4.807499945163726807e-01 3.250000067055225372e-03 9.337100386619567871e-01 4.004121124744415283e-01 7.929477095603942871e-01 5.565905570983886719e-01 4.676752090454101562e-01 4.084363281726837158e-01
2.017499953508377075e-01 4.605000019073486328e-01 5.772500038146972656e-01 8.725000172853469849e-02 3.657500147819519043e-01 2.597500085830688477e-01 1.930483281612396240e-01 4.593869447708129883e-01 6.830820441246032715e-01 2.772758901119232178e-01 3.582472801208496094e-01 3.518684804439544678e-01
2.282499969005584717e-01 2.784999907016754150e-01 3.897500038146972656e-01 4.972499907016754150e-01 9.702500104904174805e-01 4.767499864101409912e-01 2.994818687438964844e-01 4.912081956863403320e-01 5.616440176963806152e-01 3.539248406887054443e-01 8.874638080596923828e-01 5.429040789604187012e-01
9.967499971389770508e-01 6.974999904632568359e-01 9.302499890327453613e-01 4.762499928474426270e-01 3.952499926090240479e-01 1.597499996423721313e-01 9.689521193504333496e-01 6.489101648330688477e-01 7.706463336944580078e-01 7.797749638557434082e-01 3.865939676761627197e-01 3.840685784816741943e-01
4.075000062584877014e-02 2.238333374261856079e-01 4.697499871253967285e-01 4.397499859333038330e-01 9.817500114440917969e-01 8.287500143051147461e-01 3.183319419622421265e-02 4.081978201866149902e-01 7.381799817085266113e-01 4.792652130126953125e-01 9.036118984222412109e-01 7.347096800804138184e-01
9.192500114440917969e-01 4.514999985694885254e-01 6.262500286102294922e-01 7.275000214576721191e-02 7.157499790191650391e-01 9.662500023841857910e-01 8.931123614311218262e-01 4.943489432334899902e-01 4.575443863868713379e-01 1.956234425306320190e-01 6.764839291572570801e-01 4.110106825828552246e-01
3.917500078678131104e-01 5.425000190734863281e-01 9.497500061988830566e-01 5.382500290870666504e-01 8.112499713897705078e-01 7.622500061988830566e-01 3.998573124408721924e-01 4.295561909675598145e-01 6.487345099449157715e-01 5.645506381988525391e-01 8.186952471733093262e-01 5.144739151000976562e-01
6.452500224113464355e-01 3.188333213329315186e-01 8.757500052452087402e-01 9.542499780654907227e-01 8.457499742507934570e-01 4.267500042915344238e-01 7.254154086112976074e-01 3.992529511451721191e-01 7.698834538459777832e-01 8.410178422927856445e-01 8.263155221939086914e-01 4.789260327816009521e-01
9.062500000000000000e-01 1.828333288431167603e-01 8.282499909400939941e-01 8.677499890327453613e-01 8.037499785423278809e-01 4.962500035762786865e-01 8.987135291099548340e-01 2.862662374973297119e-01 8.574699759483337402e-01 7.698726654052734375e-01 7.758579254150390625e-01 4.498122632503509521e-01
4.332500100135803223e-01 7.778333425521850586e-01 6.892499923706054688e-01 5.547500252723693848e-01 4.475000128149986267e-02 7.232499718666076660e-01 4.557065963745117188e-01 5.995882749557495117e-01 4.398455619812011719e-01 6.477909684181213379e-01 6.640583276748657227e-02 5.379971265792846680e-01
6.457499861717224121e-01 2.521666586399078369e-01 4.252499938011169434e-01 3.852500021457672119e-01 1.877499967813491821e-01 1.397500038146972656e-01 6.592335700988769531e-01 3.827293217182159424e-01 6.321220397949218750e-01 2.828824222087860107e-01 1.668327003717422485e-01 4.616480171680450439e-01
7.632499933242797852e-01 4.511666595935821533e-01 6.887500286102294922e-01 1.387500017881393433e-01 9.632499814033508301e-01 9.125000238418579102e-02 7.541930079460144043e-01 5.125805735588073730e-01 6.465603113174438477e-01 2.455307990312576294e-01 9.179337024688720703e-01 3.288156092166900635e-01
9.757500290870666504e-01 2.078333348035812378e-01 2.557500004768371582e-01 4.342499971389770508e-01 5.512499809265136719e-01 6.182500123977661133e-01 9.184125065803527832e-01 3.899528384208679199e-01 4.911071956157684326e-01 3.495697081089019775e-01 5.123557448387145996e-01 4.368247091770172119e-01
4.697499871253967285e-01 5.164999961853027344e-01 2.125000022351741791e-02 4.207499921321868896e-01 6.217499971389770508e-01 9.867500066757202148e-01 3.591293394565582275e-01 4.031632542610168457e-01 1.530413925647735596e-01 2.311611771583557129e-01 6.637688875198364258e-01 7.411983609199523926e-01
6.392499804496765137e-01 3.271666765213012695e-01 9.932500123977661133e-01 5.467500090599060059e-01 7.407500147819519043e-01 9.902499914169311523e-01 6.356059908866882324e-01 3.631618916988372803e-01 6.675660014152526855e-01 6.434240937232971191e-01 7.250785827636718750e-01 5.203448534011840820e-01
9.175000339746475220e-02 7.555000185966491699e-01 1.102500036358833313e-01 2.007499933242797852e-01 3.232499957084655762e-01 1.917500048875808716e-01 1.246185079216957092e-01 7.320947647094726562e-01 1.123451590538024902e-01 3.448776304721832275e-01 3.519268035888671875e-01 5.048892498016357422e-01
2.697499990463256836e-01 2.051666676998138428e-01 8.249999955296516418e-03 6.712499856948852539e-01 2.917500138282775879e-01 2.732500135898590088e-01 3.932223618030548096e-01 2.592205107212066650e-01 9.867963194847106934e-02 6.724326610565185547e-01 3.341242969036102295e-01 7.170743346214294434e-01
1.347499936819076538e-01 7.425000071525573730e-01 2.352499961853027344e-01 4.052500128746032715e-01 6.137499809265136719e-01 7.147499918937683105e-01 1.365007758140563965e-01 6.960092782974243164e-01 2.022651731967926025e-01 3.662603199481964111e-01 6.553200483322143555e-01 5.103250741958618164e-01
9.802500009536743164e-01 5.631666779518127441e-01 7.392500042915344238e-01 2.292499989271163940e-01 2.577500045299530029e-01 8.552500009536743164e-01 9.275878071784973145e-01 5.183729529380798340e-01 6.403806209564208984e-01 2.532111406326293945e-01 2.409222722053527832e-01 3.135114908218383789e-01
8.657500147819519043e-01 5.544999837875366211e-01 6.467499732971191406e-01 6.207500100135803223e-01 2.437500059604644775e-01 8.397499918937683105e-01 8.712002038955688477e-01 3.842207193374633789e-01 7.242840528488159180e-01 4.091115891933441162e-01 2.523118853569030762e-01 4.369554519653320312e-01
2.562499940395355225e-01 6.324999928474426270e-01 7.047500014305114746e-01 3.497500121593475342e-01 2.192499935626983643e-01 1.677500009536743164e-01 2.593194842338562012e-01 6.633248925209045410e-01 6.785365343093872070e-01 5.274389982223510742e-01 2.169421911239624023e-01 1.871819794178009033e-01
3.387500047683715820e-01 7.861666679382324219e-01 1.367499977350234985e-01 4.337500035762786865e-01 7.749999873340129852e-03 2.622500061988830566e-01 3.519792556762695312e-01 7.864864468574523926e-01 4.331025481224060059e-02 6.469586491584777832e-01 2.437024191021919250e-02 4.598604440689086914e-01
2.522499859333038330e-01 2.831666767597198486e-01 6.997500061988830566e-01 4.477500021457672119e-01 3.902499973773956299e-01 6.952499747276306152e-01 2.164460271596908569e-01 4.091548323631286621e-01 7.347070574760437012e-01 5.399582386016845703e-01 3.718599677085876465e-01 3.638180792331695557e-01
1.562500000000000000e-01 2.598333358764648438e-01 1.867499947547912598e-01 7.337499856948852539e-01 2.272499948740005493e-01 7.625000178813934326e-02 2.432892024517059326e-01 5.855135321617126465e-01 6.064943075180053711e-01 5.443373322486877441e-01 1.394052207469940186e-01 4.191144704818725586e-01
1.317500025033950806e-01 3.211666643619537354e-01 9.142500162124633789e-01 2.262499928474426270e-01 9.742500185966491699e-01 8.707500100135803223e-01 1.073243096470832825e-01 2.586925327777862549e-01 8.811275959014892578e-01 1.204728335142135620e-01 9.342466592788696289e-01 6.389710307121276855e-01
8.675000071525573730e-02 2.471666634082794189e-01 7.547500133514404297e-01 2.772499918937683105e-01 6.777499914169311523e-01 7.237499952316284180e-01 6.059147045016288757e-02 2.383694201707839966e-01 8.282181024551391602e-01 1.686460524797439575e-01 6.520607471466064453e-01 6.587073802947998047e-01
5.352500081062316895e-01 2.551666796207427979e-01 8.397499918937683105e-01 2.217500060796737671e-01 1.412499994039535522e-01 5.712500214576721191e-01 5.099347233772277832e-01 2.471005171537399292e-01 8.076093196868896484e-01 2.257029116153717041e-01 1.130743622779846191e-01 3.777596652507781982e-01
7.307500243186950684e-01 5.084999799728393555e-01 3.497500121593475342e-01 2.717500030994415283e-01 4.037500023841857910e-01 7.332500219345092773e-01 6.816552877426147461e-01 4.374976456165313721e-01 3.233122527599334717e-01 2.456039786338806152e-01 3.826424777507781982e-01 5.503192543983459473e-01
8.662499785423278809e-01 6.778333187103271484e-01 8.442500233650207520e-01 2.147500067949295044e-01 4.817500114440917969e-01 8.982499837875366211e-01 9.233956336975097656e-01 4.330714941024780273e-01 4.367698132991790771e-01 2.506300806999206543e-01 4.781540334224700928e-01 4.156005680561065674e-01
3.612500131130218506e-01 6.331666707992553711e-01 2.607499957084655762e-01 4.287500083446502686e-01 8.647500276565551758e-01 5.757499933242797852e-01 3.492477238178253174e-01 6.153491139411926270e-01 3.886647820472717285e-01 3.595783114433288574e-01 8.541328907012939453e-01 4.431347548961639404e-01
4.572499990463256836e-01 5.644999742507934570e-01 3.817499876022338867e-01 5.762500166893005371e-01 6.067500114440917969e-01 7.322499752044677734e-01 4.767160415649414062e-01 4.083672463893890381e-01 1.970233172178268433e-01 6.928723454475402832e-01 6.040640473365783691e-01 6.193766593933105469e-01
7.187500000000000000e-01 4.314999878406524658e-01 4.137499928474426270e-01 4.517500102519989014e-01 6.502500176429748535e-01 8.642500042915344238e-01 7.084942460060119629e-01 4.831527471542358398e-01 2.361059486865997314e-01 5.729274749755859375e-01 6.056637763977050781e-01 5.845175981521606445e-01
7.292500138282775879e-01 7.101666927337646484e-01 8.302500247955322266e-01 9.467499852180480957e-01 1.452499926090240479e-01 5.397499799728393555e-01 8.225952982902526855e-01 4.184257984161376953e-01 6.350228786468505859e-01 7.968378067016601562e-01 1.636862754821777344e-01 6.128640770912170410e-01
8.157500028610229492e-01 7.085000276565551758e-01 2.724999934434890747e-02 2.042499929666519165e-01 2.047500014305114746e-01 7.325000315904617310e-02 9.342687129974365234e-01 7.911671996116638184e-01 4.632082581520080566e-02 9.733120352029800415e-02 2.115425020456314087e-01 3.267780244350433350e-01
2.492499947547912598e-01 3.064999878406524658e-01 3.477500081062316895e-01 6.872500181198120117e-01 9.282500147819519043e-01 6.377500295639038086e-01 2.839328050613403320e-01 4.288004934787750244e-01 4.313693642616271973e-01 7.118967771530151367e-01 8.737620115280151367e-01 6.796333193778991699e-01
4.117499887943267822e-01 6.384999752044677734e-01 6.522499918937683105e-01 6.374999880790710449e-02 1.097500026226043701e-01 5.867499709129333496e-01 3.928606212139129639e-01 5.900176167488098145e-01 5.808131694793701172e-01 1.577758342027664185e-01 9.658746421337127686e-02 3.523079752922058105e-01
7.862499952316284180e-01 4.428333342075347900e-01 3.572500050067901611e-01 8.775000274181365967e-02 4.917500019073486328e-01 2.382500022649765015e-01 7.781575322151184082e-01 5.335658192634582520e-01 4.275215566158294678e-01 1.698404550552368164e-01 4.627743959426879883e-01 3.581198453903198242e-01
4.749999847263097763e-03 6.775000095367431641e-01 9.077500104904174805e-01 5.152500271797180176e-01 4.174999892711639404e-02 2.072499990463256836e-01 1.048981957137584686e-02 6.346601247787475586e-01 8.036147952079772949e-01 5.586186647415161133e-01 9.837704896926879883e-02 1.705514341592788696e-01
1.197500005364418030e-01 7.655000090599060059e-01 3.937500119209289551e-01 4.627499878406524658e-01 2.425000071525573730e-02 7.352499961853027344e-01 1.111059784889221191e-01 5.614004135131835938e-01 2.050034850835800171e-01 3.314982056617736816e-01 1.249461546540260315e-01 6.766880750656127930e-01
3.342500030994415283e-01 6.604999899864196777e-01 4.487499892711639404e-01 1.817499995231628418e-01 1.457500010728836060e-01 9.792500138282775879e-01 2.791148722171783447e-01 5.539457798004150391e-01 3.321641385555267334e-01 1.635355353355407715e-01 1.594035327434539795e-01 5.652068257331848145e-01
5.147500038146972656e-01 7.461666464805603027e-01 4.427500069141387939e-01 2.087499946355819702e-01 4.997499883174896240e-01 3.462499976158142090e-01 5.432761907577514648e-01 6.779483556747436523e-01 3.215250968933105469e-01 3.313140273094177246e-01 4.867374897003173828e-01 4.252814948558807373e-01
1.249999972060322762e-03 6.455000042915344238e-01 1.525000017136335373e-02 5.074999853968620300e-02 7.652500271797180176e-01 2.172500044107437134e-01 4.149215761572122574e-03 7.497678995132446289e-01 9.227625280618667603e-02 1.660404205322265625e-01 8.520269989967346191e-01 9.323822855949401855e-01
5.587499737739562988e-01 3.978333473205566406e-01 8.332499861717224121e-01 2.442499995231628418e-01 9.987499713897705078e-01 1.847500056028366089e-01 6.861565113067626953e-01 5.067900419235229492e-01 6.550413370132446289e-01 2.460325509309768677e-01 9.359844326972961426e-01 3.359965384006500244e-01
5.142499804496765137e-01 3.165000081062316895e-01 2.582499980926513672e-01 8.097500205039978027e-01 1.047499999403953552e-01 1.512500047683715820e-01 5.349477529525756836e-01 3.428866565227508545e-01 4.854786098003387451e-01 7.001605033874511719e-01 8.834079653024673462e-02 6.102430820465087891e-01
6.442499756813049316e-01 4.681666791439056396e-01 2.262499928474426270e-01 4.662500023841857910e-01 8.167499899864196777e-01 6.157500147819519043e-01 6.151677370071411133e-01 3.425530493259429932e-01 1.858150511980056763e-01 5.921676754951477051e-01 8.272188305854797363e-01 6.863872408866882324e-01
2.112500071525573730e-01 7.245000004768371582e-01 7.777500152587890625e-01 8.287500143051147461e-01 7.367500066757202148e-01 8.924999833106994629e-02 2.433318346738815308e-01 6.225987672805786133e-01 7.082495093345642090e-01 8.214675188064575195e-01 7.722290158271789551e-01 3.170286417007446289e-01
4.102500081062316895e-01 3.731666803359985352e-01 2.327499985694885254e-01 3.457500040531158447e-01 8.857499957084655762e-01 2.142499983310699463e-01 3.685666918754577637e-01 4.859454333782196045e-01 4.843995273113250732e-01 5.655550360679626465e-01 8.506895303726196289e-01 5.432735085487365723e-01
8.757500052452087402e-01 2.251666635274887085e-01 4.717499911785125732e-01 5.392500162124633789e-01 5.217499732971191406e-01 1.382499933242797852e-01 8.254510164260864258e-01 5.120171904563903809e-01 7.168232202529907227e-01 6.829890608787536621e-01 4.963496029376983643e-01 4.618503451347351074e-01
3.272500038146972656e-01 7.024999856948852539e-01 9.702500104904174805e-01 5.937500000000000000e-01 9.247499704360961914e-01 5.802500247955322266e-01 3.846774101257324219e-01 5.092679262161254883e-01 5.516096353530883789e-01 6.081613302230834961e-01 9.536852836608886719e-01 5.485140681266784668e-01
3.517499864101409912e-01 4.021666646003723145e-01 1.592500060796737671e-01 1.037499979138374329e-01 5.974999815225601196e-02 6.125000119209289551e-02 4.521012604236602783e-01 4.413897097110748291e-01 2.259795367717742920e-01 3.988217189908027649e-02 3.577495366334915161e-02 5.454238057136535645e-01
7.872499823570251465e-01 2.535000145435333252e-01 7.532500028610229492e-01 5.787500143051147461e-01 6.132500171661376953e-01 8.387500047683715820e-01 7.340895533561706543e-01 3.515369892120361328e-01 7.666302919387817383e-01 5.937412381172180176e-01 5.849078297615051270e-01 4.411467313766479492e-01
2.407499998807907104e-01 3.478333353996276855e-01 9.492499828338623047e-01 2.592499852180480957e-01 7.412499785423278809e-01 7.502499818801879883e-01 2.414610832929611206e-01 3.132009506225585938e-01 7.804597616195678711e-01 4.720215201377868652e-01 7.927309870719909668e-01 5.179988741874694824e-01
2.882499992847442627e-01 2.331666648387908936e-01 1.032499969005584717e-01 7.442499995231628418e-01 5.707499980926513672e-01 1.392499953508377075e-01 4.392311275005340576e-01 4.678287804126739502e-01 2.294680923223495483e-01 7.151022553443908691e-01 4.872849881649017334e-01 5.921115875244140625e-01
4.987500011920928955e-01 3.711666762828826904e-01 1.147499978542327881e-01 6.577500104904174805e-01 1.067499965429306030e-01 4.812499880790710449e-01 5.306931734085083008e-01 4.955123662948608398e-01 2.337908595800399780e-01 7.265456914901733398e-01 7.663697004318237305e-02 5.994151234626770020e-01
4.962500035762786865e-01 5.658333301544189453e-01 8.657500147819519043e-01 8.772500157356262207e-01 2.282499969005584717e-01 8.112499713897705078e-01 4.853384792804718018e-01 5.625910162925720215e-01 6.978767514228820801e-01 8.707202076911926270e-01 2.405398041009902954e-01 4.776878654956817627e-01
9.017500281333923340e-01 7.671666741371154785e-01 8.652499914169311523e-01 2.417500019073486328e-01 6.267499923706054688e-01 5.662500262260437012e-01 9.285718202590942383e-01 5.636586546897888184e-01 5.153248310089111328e-01 4.614017009735107422e-01 6.484741568565368652e-01 4.371789097785949707e-01
3.967500030994415283e-01 6.564999818801879883e-01 6.627500057220458984e-01 6.752499938011169434e-01 6.647499799728393555e-01 4.652499854564666748e-01 3.641493320465087891e-01 6.474576592445373535e-01 6.100845336914062500e-01 8.139688372611999512e-01 6.353168487548828125e-01 4.073671698570251465e-01
5.437499880790710449e-01 3.334999978542327881e-01 9.862499833106994629e-01 5.375000089406967163e-02 4.767499864101409912e-01 8.022500276565551758e-01 4.754286706447601318e-01 3.458620905876159668e-01 7.450362443923950195e-01 2.564038038253784180e-01 4.694762825965881348e-01 2.662667036056518555e-01
5.192499756813049316e-01 4.218333363533020020e-01 3.367500007152557373e-01 8.624999970197677612e-02 6.475000083446502686e-02 6.174999848008155823e-02 6.102119684219360352e-01 3.792964518070220947e-01 4.119729399681091309e-01 4.275152832269668579e-02 4.537416994571685791e-02 4.005984961986541748e-01
3.732500076293945312e-01 1.858333349227905273e-01 6.802499890327453613e-01 8.867499828338623047e-01 5.687500238418579102e-01 6.822500228881835938e-01 3.419684767723083496e-01 2.285741865634918213e-01 8.329364657402038574e-01 8.245208859443664551e-01 5.573619008064270020e-01 5.643629431724548340e-01
7.052500247955322266e-01 2.658333480358123779e-01 1.942500025033950806e-01 9.757500290870666504e-01 3.687500059604644775e-01 9.557499885559082031e-01 6.163790225982666016e-01 3.456030786037445068e-01 4.362851381301879883e-01 7.064721584320068359e-01 3.688895106315612793e-01 6.155332922935485840e-01
6.525000184774398804e-02 7.684999704360961914e-01 9.662500023841857910e-01 9.402499794960021973e-01 3.547500073909759521e-01 7.797499895095825195e-01 4.140922054648399353e-02 5.281379222869873047e-01 5.955464839935302734e-01 8.720256686210632324e-01 4.713740348815917969e-01 6.964982151985168457e-01
3.522500097751617432e-01 2.885000109672546387e-01 7.817500233650207520e-01 1.324999984353780746e-02 4.882499873638153076e-01 7.057499885559082031e-01 3.944163918495178223e-01 2.997442483901977539e-01 5.374546051025390625e-01 1.418074965476989746e-01 4.623549878597259521e-01 5.250685214996337891e-01
7.727500200271606445e-01 5.588333606719970703e-01 4.749999847263097763e-03 1.472499966621398926e-01 7.462499737739562988e-01 5.307499766349792480e-01 6.444053053855895996e-01 4.518285989761352539e-01 2.058125883340835571e-01 1.822161525487899780e-01 7.291755676269531250e-01 5.625707507133483887e-01
6.802499890327453613e-01 3.331666588783264160e-01 4.897499978542327881e-01 9.237499833106994629e-01 1.017500013113021851e-01 5.772500038146972656e-01 6.487845778465270996e-01 4.267265796661376953e-01 6.775428056716918945e-01 8.256495594978332520e-01 8.456568419933319092e-02 5.894108414649963379e-01
3.292500078678131104e-01 2.565000057220458984e-01 9.417499899864196777e-01 2.897500097751617432e-01 4.192500114440917969e-01 7.842500209808349609e-01 3.024750053882598877e-01 2.343195974826812744e-01 8.409048914909362793e-01 2.895160913467407227e-01 4.262995421886444092e-01 3.381963670253753662e-01
3.692499995231628418e-01 6.958333253860473633e-01 2.757500112056732178e-01 9.302499890327453613e-01 7.707499861717224121e-01 1.757500022649765015e-01 3.732190132141113281e-01 6.518061161041259766e-01 3.711344003677368164e-01 9.771652221679687500e-01 7.984936833381652832e-01 5.336296558380126953e-01
7.124999910593032837e-02 2.548333406448364258e-01 5.787500143051147461e-01 6.942499876022338867e-01 3.274999931454658508e-02 9.917500019073486328e-01 2.295666001737117767e-02 2.137114703655242920e-01 5.777503848075866699e-01 6.660612821578979492e-01 1.632502116262912750e-02 8.051463961601257324e-01
3.132500052452087402e-01 3.231666684150695801e-01 6.542500257492065430e-01 3.682500123977661133e-01 6.667500138282775879e-01 5.249999929219484329e-03 3.832354843616485596e-01 3.073961436748504639e-01 7.277690172195434570e-01 2.788760662078857422e-01 6.744059324264526367e-01 4.086357951164245605e-01
8.682500123977661133e-01 3.581666648387908936e-01 3.217499852180480957e-01 9.707499742507934570e-01 8.277500271797180176e-01 9.647499918937683105e-01 7.201812267303466797e-01 6.212682723999023438e-01 4.174199402332305908e-01 9.061586856842041016e-01 7.714197635650634766e-01 5.169562697410583496e-01
6.362500190734863281e-01 2.045000046491622925e-01 1.812500059604644775e-01 1.174999959766864777e-02 8.675000071525573730e-02 9.132500290870666504e-01 6.135494709014892578e-01 2.812735438346862793e-01 6.354504078626632690e-02 5.509548261761665344e-02 6.368210166692733765e-02 7.093516588211059570e-01
8.947499990463256836e-01 6.491666436195373535e-01 3.912500143051147461e-01 2.125000022351741791e-02 8.757500052452087402e-01 8.972499966621398926e-01 7.715671658515930176e-01 5.274679660797119141e-01 3.311007618904113770e-01 2.490458637475967407e-01 8.531098961830139160e-01 5.232372283935546875e-01
3.322499990463256836e-01 8.011666536331176758e-01 4.372499883174896240e-01 4.017499983310699463e-01 3.307499885559082031e-01 7.272499799728393555e-01 2.955509424209594727e-01 6.810540556907653809e-01 3.611556291580200195e-01 4.264944195747375488e-01 3.469417691230773926e-01 4.225156605243682861e-01
2.724999934434890747e-02 3.988333344459533691e-01 2.037499994039535522e-01 1.187499985098838806e-01 3.457500040531158447e-01 7.457500100135803223e-01 5.034993216395378113e-02 5.805869698524475098e-01 3.411546945571899414e-01 2.211339324712753296e-01 3.957841694355010986e-01 7.579566836357116699e-01
8.367499709129333496e-01 6.834999918937683105e-01 7.424999773502349854e-02 9.932500123977661133e-01 3.347499966621398926e-01 9.497500061988830566e-01 8.018281459808349609e-01 6.559570431709289551e-01 1.158245280385017395e-01 8.400884866714477539e-01 3.466531336307525635e-01 6.528554558753967285e-01
4.202499985694885254e-01 1.791666597127914429e-01 6.577500104904174805e-01 6.462500095367431641e-01 6.187499761581420898e-01 6.882500052452087402e-01 3.939958512783050537e-01 2.725947797298431396e-01 7.446995973587036133e-01 5.888428688049316406e-01 5.639070272445678711e-01 5.093689560890197754e-01
8.102499842643737793e-01 7.925000190734863281e-01 1.692499965429306030e-01 8.512499928474426270e-01 5.302500128746032715e-01 1.782499998807907104e-01 8.379410505294799805e-01 6.674774289131164551e-01 8.833644539117813110e-02 9.074167013168334961e-01 5.089110732078552246e-01 6.392597556114196777e-01
2.367500066757202148e-01 5.378333330154418945e-01 3.197500109672546387e-01 2.102500051259994507e-01 3.602499961853027344e-01 9.782500267028808594e-01 2.055613398551940918e-01 3.550783395767211914e-01 1.612661778926849365e-01 1.346872895956039429e-01 4.538118243217468262e-01 8.254090547561645508e-01
4.427500069141387939e-01 2.391666620969772339e-01 2.987500131130218506e-01 4.812499880790710449e-01 8.502500057220458984e-01 5.832499861717224121e-01 3.927456736564636230e-01 3.818365335464477539e-01 4.171737432479858398e-01 7.182992696762084961e-01 8.293811678886413574e-01 6.313042640686035156e-01
5.377500057220458984e-01 4.281666576862335205e-01 4.217500090599060059e-01 1.672500073909759521e-01 2.227499932050704956e-01 2.624999918043613434e-02 6.182364225387573242e-01 4.254995584487915039e-01 5.362969040870666504e-01 5.105409771203994751e-02 1.942913979291915894e-01 2.782932817935943604e-01
4.737499952316284180e-01 3.844999969005584717e-01 4.962500035762786865e-01 1.852499991655349731e-01 6.262500286102294922e-01 2.347500026226043701e-01 5.593956708908081055e-01 4.304719269275665283e-01 5.268093347549438477e-01 1.872959882020950317e-01 6.098262071609497070e-01 3.945534825325012207e-01
9.127500057220458984e-01 7.264999747276306152e-01 9.642500281333923340e-01 3.382500112056732178e-01 9.387500286102294922e-01 1.252499967813491821e-01 8.941840529441833496e-01 4.861708581447601318e-01 7.184619307518005371e-01 4.262731969356536865e-01 9.510318636894226074e-01 3.820855021476745605e-01
7.062500119209289551e-01 2.415000051259994507e-01 3.274999931454658508e-02 4.137499928474426270e-01 4.512499868869781494e-01 2.277500033378601074e-01 7.336289286613464355e-01 4.819082617759704590e-01 2.393670827150344849e-01 3.230730593204498291e-01 3.876952826976776123e-01 5.775610804557800293e-01
2.772499918937683105e-01 7.674999833106994629e-01 7.752500176429748535e-01 2.782500088214874268e-01 3.542500138282775879e-01 2.987500131130218506e-01 2.518384754657745361e-01 6.406489014625549316e-01 6.486612558364868164e-01 4.160691499710083008e-01 3.970986008644104004e-01 2.408492565155029297e-01
3.207499980926513672e-01 7.958333492279052734e-01 8.452500104904174805e-01 4.392499923706054688e-01 3.717499971389770508e-01 4.062500000000000000e-01 2.888844311237335205e-01 6.352886557579040527e-01 5.898257493972778320e-01 4.579572081565856934e-01 3.768333196640014648e-01 3.224350512027740479e-01
3.032500147819519043e-01 3.761666715145111084e-01 8.687499761581420898e-01 7.427499890327453613e-01 4.502499997615814209e-01 6.442499756813049316e-01 3.225326836109161377e-01 3.842374086380004883e-01 7.448225617408752441e-01 7.483974099159240723e-01 4.774402379989624023e-01 4.009905159473419189e-01
4.197500050067901611e-01 4.668333232402801514e-01 9.067500233650207520e-01 3.957499861717224121e-01 3.647499978542327881e-01 6.957499980926513672e-01 4.324195981025695801e-01 4.007244110107421875e-01 6.372201442718505859e-01 5.331529378890991211e-01 4.155390560626983643e-01 4.707162678241729736e-01
8.542500138282775879e-01 2.998333275318145752e-01 8.722500205039978027e-01 3.332499861717224121e-01 8.897500038146972656e-01 7.497500181198120117e-01 7.481098175048828125e-01 4.164724349975585938e-01 7.651745676994323730e-01 4.620514512062072754e-01 8.317685723304748535e-01 3.746621012687683105e-01
2.887499928474426270e-01 8.198333382606506348e-01 3.002499938011169434e-01 1.497499942779541016e-01 7.587500214576721191e-01 8.502500057220458984e-01 2.600801587104797363e-01 7.261111736297607422e-01 1.037455722689628601e-01 2.505435049533843994e-01 8.256971836090087891e-01 6.570599079132080078e-01
7.237499952316284180e-01 2.771666646003723145e-01 6.647499799728393555e-01 2.997500002384185791e-01 1.962500065565109253e-01 9.922500252723693848e-01 6.930774450302124023e-01 3.820388019084930420e-01 5.445418357849121094e-01 2.843849360942840576e-01 1.932922899723052979e-01 4.946531355381011963e-01
6.922500133514404297e-01 5.174999833106994629e-01 3.247500061988830566e-01 7.527499794960021973e-01 3.147499859333038330e-01 9.674999862909317017e-02 7.955297231674194336e-01 5.244837999343872070e-01 5.053731203079223633e-01 5.387255549430847168e-01 3.385718166828155518e-01 5.159749984741210938e-01
6.862499713897705078e-01 1.848333328962326050e-01 1.072499975562095642e-01 1.247500032186508179e-01 1.492500007152557373e-01 7.677500247955322266e-01 6.270217299461364746e-01 2.958508431911468506e-01 1.648022830486297607e-01 1.264284700155258179e-01 1.166585460305213928e-01 6.136449575424194336e-01
7.547500133514404297e-01 3.318333327770233154e-01 9.512500166893005371e-01 3.477500081062316895e-01 6.307500004768371582e-01 8.152499794960021973e-01 7.550436258316040039e-01 3.272125422954559326e-01 7.558730244636535645e-01 3.675979673862457275e-01 6.033595800399780273e-01 4.020656645298004150e-01
2.707499861717224121e-01 7.751666903495788574e-01 5.307499766349792480e-01 3.674999997019767761e-02 2.377499938011169434e-01 8.837500214576721191e-01 2.863025367259979248e-01 6.038132905960083008e-01 2.028390318155288696e-01 1.551890373229980469e-01 2.777948677539825439e-01 6.407443881034851074e-01
4.825000092387199402e-02 6.065000295639038086e-01 6.107500195503234863e-01 5.922499895095825195e-01 6.407499909400939941e-01 4.687500000000000000e-01 5.351465940475463867e-02 5.496075749397277832e-01 7.095234990119934082e-01 3.952739834785461426e-01 6.415535807609558105e-01 5.535591840744018555e-01
8.302500247955322266e-01 4.908333420753479004e-01 6.747499704360961914e-01 7.137500047683715820e-01 8.452500104904174805e-01 2.872500121593475342e-01 7.956553101539611816e-01 3.907452523708343506e-01 6.863837242126464844e-01 7.654112577438354492e-01 8.523109555244445801e-01 5.202129483222961426e-01
6.657500267028808594e-01 3.048333227634429932e-01 1.624999940395355225e-02 2.272499948740005493e-01 8.212500214576721191e-01 7.177500128746032715e-01 6.465641260147094727e-01 4.807757437229156494e-01 1.143082156777381897e-01 1.776341497898101807e-01 7.850087285041809082e-01 6.295947432518005371e-01
9.012500047683715820e-01 5.628333091735839844e-01 4.567500054836273193e-01 4.032500088214874268e-01 1.372500061988830566e-01 8.107500076293945312e-01 9.121719002723693848e-01 6.665797829627990723e-01 4.121651351451873779e-01 4.212010502815246582e-01 1.140043511986732483e-01 4.354243278503417969e-01
4.437499940395355225e-01 3.395000100135803223e-01 4.425000026822090149e-02 9.442499876022338867e-01 5.167499780654907227e-01 5.287500023841857910e-01 4.867579936981201172e-01 4.756975769996643066e-01 1.686173379421234131e-01 8.165383338928222656e-01 4.927171468734741211e-01 6.073857545852661133e-01
1.437499970197677612e-01 7.168333530426025391e-01 7.675000280141830444e-02 6.027500033378601074e-01 6.975000351667404175e-02 4.602499902248382568e-01 1.685599088668823242e-01 6.867439150810241699e-01 5.657086893916130066e-02 5.660493969917297363e-01 1.119203716516494751e-01 6.224855780601501465e-01
2.374999970197677612e-02 4.088333249092102051e-01 9.062500000000000000e-01 1.224999967962503433e-02 5.337499976158142090e-01 3.042500019073486328e-01 4.820153862237930298e-02 4.279997646808624268e-01 8.055599331855773926e-01 1.616374105215072632e-01 4.619678854942321777e-01 4.102983772754669189e-01
8.924999833106994629e-02 2.571666538715362549e-01 9.002500176429748535e-01 6.032500267028808594e-01 9.892500042915344238e-01 8.124999701976776123e-02 7.343833893537521362e-02 2.336991280317306519e-01 9.242067933082580566e-01 5.725461244583129883e-01 9.167911410331726074e-01 2.951202690601348877e-01
3.262499868869781494e-01 5.321666598320007324e-01 7.027500271797180176e-01 8.462499976158142090e-01 7.777500152587890625e-01 5.025000125169754028e-02 3.576684594154357910e-01 5.128190517425537109e-01 7.091383934020996094e-01 7.874361872673034668e-01 7.851483225822448730e-01 3.974377810955047607e-01
3.217499852180480957e-01 3.901666700839996338e-01 2.992500066757202148e-01 8.887500166893005371e-01 8.942499756813049316e-01 6.607499718666076660e-01 3.096057176589965820e-01 5.509196519851684570e-01 5.749551057815551758e-01 8.183443546295166016e-01 8.376728892326354980e-01 5.358129143714904785e-01
2.187500000000000000e-01 7.838333249092102051e-01 6.067500114440917969e-01 7.847499847412109375e-01 3.152500092983245850e-01 5.562499761581420898e-01 2.444521486759185791e-01 6.448616385459899902e-01 5.319720506668090820e-01 7.565013766288757324e-01 3.583337068557739258e-01 4.513569176197052002e-01
2.402500063180923462e-01 3.448333442211151123e-01 5.437499880790710449e-01 9.582499861717224121e-01 7.762500047683715820e-01 8.667500019073486328e-01 2.516535818576812744e-01 3.255475163459777832e-01 6.613338589668273926e-01 8.013520836830139160e-01 7.750673294067382812e-01 6.909911632537841797e-01
3.507499992847442627e-01 2.791666686534881592e-01 5.857499837875366211e-01 6.282500028610229492e-01 9.752500057220458984e-01 8.157500028610229492e-01 3.397940695285797119e-01 3.060857951641082764e-01 5.627407431602478027e-01 6.633276343345642090e-01 9.301568269729614258e-01 7.149725556373596191e-01
2.777499854564666748e-01 3.585000038146972656e-01 7.175000011920928955e-02 6.442499756813049316e-01 2.132499963045120239e-01 5.782499909400939941e-01 3.570939898490905762e-01 3.532718420028686523e-01 1.116794496774673462e-01 6.257547736167907715e-01 2.027601748704910278e-01 6.961712837219238281e-01
8.352500200271606445e-01 7.658333182334899902e-01 2.387499958276748657e-01 8.947499990463256836e-01 5.347499847412109375e-01 8.127499818801879883e-01 8.158189654350280762e-01 5.261383056640625000e-01 2.199411392211914062e-01 7.744498252868652344e-01 5.187351107597351074e-01 5.908356904983520508e-01
9.032499790191650391e-01 7.028333544731140137e-01 5.447499752044677734e-01 4.747500121593475342e-01 4.537500143051147461e-01 6.537500023841857910e-01 8.492853641510009766e-01 5.971078276634216309e-01 5.364847183227539062e-01 6.311706900596618652e-01 4.586363732814788818e-01 4.949170947074890137e-01
8.892499804496765137e-01 1.675000041723251343e-01 8.642500042915344238e-01 4.102500081062316895e-01 7.222499847412109375e-01 8.562499880790710449e-01 6.802730560302734375e-01 2.412722259759902954e-01 8.348551392555236816e-01 6.326593160629272461e-01 7.076533436775207520e-01 4.726605415344238281e-01
7.922499775886535645e-01 2.451666593551635742e-01 2.677499949932098389e-01 3.075000084936618805e-02 9.747499823570251465e-01 6.012499928474426270e-01 7.308300137519836426e-01 5.909938216209411621e-01 2.946209609508514404e-01 2.234440296888351440e-01 9.131900072097778320e-01 4.490997195243835449e-01
6.117500066757202148e-01 7.428333163261413574e-01 2.227499932050704956e-01 5.017499923706054688e-01 3.222500085830688477e-01 9.322500228881835938e-01 5.930632352828979492e-01 6.796056032180786133e-01 1.911407858133316040e-01 3.647272288799285889e-01 3.206421434879302979e-01 5.395756363868713379e-01
8.847500085830688477e-01 4.291666746139526367e-01 2.867499887943267822e-01 3.467499911785125732e-01 9.357500076293945312e-01 2.487500011920928955e-01 8.114274144172668457e-01 5.172466635704040527e-01 5.016723275184631348e-01 3.053950667381286621e-01 8.891037106513977051e-01 4.100256562232971191e-01
7.037500143051147461e-01 2.081666737794876099e-01 5.124999955296516418e-02 8.377500176429748535e-01 9.057499766349792480e-01 5.697500109672546387e-01 6.388249993324279785e-01 3.300690948963165283e-01 3.943344354629516602e-01 6.885828375816345215e-01 8.523935675621032715e-01 5.929232239723205566e-01
7.152500152587890625e-01 2.968333363533020020e-01 3.749999916180968285e-03 2.847500145435333252e-01 3.277499973773956299e-01 7.597500085830688477e-01 7.176560163497924805e-01 3.414792418479919434e-01 8.221391588449478149e-02 8.978480845689773560e-02 3.390398621559143066e-01 6.221677660942077637e-01
9.847499728202819824e-01 3.361666798591613770e-01 8.174999803304672241e-02 9.207500219345092773e-01 4.787499904632568359e-01 8.587499856948852539e-01 8.918315172195434570e-01 5.579140186309814453e-01 4.297634959220886230e-01 7.056461572647094727e-01 4.599485695362091064e-01 5.507020950317382812e-01
6.967499852180480957e-01 4.518333375453948975e-01 2.007499933242797852e-01 1.582500040531158447e-01 7.097499966621398926e-01 4.937500059604644775e-01 6.340703964233398438e-01 4.728998541831970215e-01 3.047517836093902588e-01 2.432305663824081421e-01 7.119334936141967773e-01 5.324766039848327637e-01
3.827500045299530029e-01 4.748333394527435303e-01 3.677499890327453613e-01 4.502499997615814209e-01 7.277500033378601074e-01 8.077499866485595703e-01 3.296388089656829834e-01 3.657529354095458984e-01 3.794390559196472168e-01 5.012919902801513672e-01 7.332581281661987305e-01 6.480652093887329102e-01
6.622499823570251465e-01 6.675000190734863281e-01 7.002500295639038086e-01 8.972499966621398926e-01 7.212499976158142090e-01 4.324999824166297913e-02 7.494562268257141113e-01 5.424093008041381836e-01 6.726905107498168945e-01 7.533678412437438965e-01 7.206957936286926270e-01 4.706925451755523682e-01
7.487499713897705078e-01 2.488333284854888916e-01 3.782500028610229492e-01 4.582499861717224121e-01 8.832499980926513672e-01 5.987499952316284180e-01 7.836682796478271484e-01 3.421669304370880127e-01 4.834541380405426025e-01 2.407340705394744873e-01 8.409562706947326660e-01 4.650117754936218262e-01
9.162499904632568359e-01 6.341666579246520996e-01 2.542499899864196777e-01 9.987499713897705078e-01 6.382499933242797852e-01 9.167500138282775879e-01 8.689602613449096680e-01 6.291971206665039062e-01 1.529532074928283691e-01 9.221658706665039062e-01 6.325814127922058105e-01 5.951483845710754395e-01
6.752499938011169434e-01 4.424999952316284180e-01 1.897500008344650269e-01 8.087499737739562988e-01 9.502500295639038086e-01 4.667499959468841553e-01 7.044872045516967773e-01 5.750808119773864746e-01 3.146595358848571777e-01 7.015588283538818359e-01 9.171807169914245605e-01 5.340681076049804688e-01
4.887500107288360596e-01 3.925000131130218506e-01 3.802500069141387939e-01 2.917500138282775879e-01 2.352499961853027344e-01 4.597499966621398926e-01 4.300151467323303223e-01 5.206202268600463867e-01 5.443668961524963379e-01 3.667108118534088135e-01 2.324688881635665894e-01 4.314796328544616699e-01
2.897500097751617432e-01 4.211666584014892578e-01 7.182499766349792480e-01 2.742500007152557373e-01 7.292500138282775879e-01 6.687499880790710449e-01 2.984741330146789551e-01 3.630956113338470459e-01 5.414085388183593750e-01 4.738114476203918457e-01 7.355661392211914062e-01 6.389184594154357910e-01
2.057500034570693970e-01 1.888333261013031006e-01 7.947499752044677734e-01 7.902500033378601074e-01 5.557500123977661133e-01 7.374999672174453735e-02 2.599839866161346436e-01 1.862404048442840576e-01 8.893430233001708984e-01 4.846248626708984375e-01 5.113559365272521973e-01 4.192361235618591309e-01
3.082500100135803223e-01 4.648333191871643066e-01 8.247500061988830566e-01 2.924999967217445374e-02 6.037499904632568359e-01 1.802500039339065552e-01 3.063180148601531982e-01 4.215289354324340820e-01 6.900088191032409668e-01 1.849666386842727661e-01 6.153942346572875977e-01 3.054581880569458008e-01
2.507500052452087402e-01 2.378333359956741333e-01 1.112499982118606567e-01 5.124999955296516418e-02 6.842499971389770508e-01 7.527499794960021973e-01 1.850151866674423218e-01 3.046028316020965576e-01 2.409881949424743652e-01 1.958461999893188477e-01 6.849126815795898438e-01 8.412249684333801270e-01
1.062500029802322388e-01 4.724999964237213135e-01 6.117500066757202148e-01 7.057499885559082031e-01 7.172499895095825195e-01 2.262499928474426270e-01 1.398874223232269287e-01 4.917195737361907959e-01 6.826865673065185547e-01 7.333934307098388672e-01 6.792156100273132324e-01 5.733081102371215820e-01
6.327499747276306152e-01 4.781666696071624756e-01 2.277500033378601074e-01 3.102500140666961670e-01 3.157500028610229492e-01 4.647499918937683105e-01 6.159987449645996094e-01 5.159916281700134277e-01 3.503464758396148682e-01 2.800038456916809082e-01 3.087829351425170898e-01 5.114816427230834961e-01
3.057500123977661133e-01 1.891666650772094727e-01 2.642500102519989014e-01 8.974999934434890747e-02 7.677500247955322266e-01 8.517500162124633789e-01 3.121946454048156738e-01 2.620889544486999512e-01 1.562004983425140381e-01 1.506979763507843018e-01 7.672911286354064941e-01 8.484488725662231445e-01
2.262499928474426270e-01 6.921666860580444336e-01 2.032500058412551880e-01 3.327499926090240479e-01 8.482499718666076660e-01 4.957500100135803223e-01 1.798897087574005127e-01 6.683684587478637695e-01 1.256968826055526733e-01 7.071166038513183594e-01 9.565727114677429199e-01 6.040813922882080078e-01
4.024999961256980896e-02 6.418333053588867188e-01 2.507500052452087402e-01 5.352500081062316895e-01 7.517499923706054688e-01 8.212500214576721191e-01 3.859831020236015320e-03 7.542300820350646973e-01 2.013754248619079590e-01 4.053176045417785645e-01 8.084372282028198242e-01 8.800068497657775879e-01
2.982499897480010986e-01 6.458333134651184082e-01 7.452499866485595703e-01 7.157499790191650391e-01 2.657499909400939941e-01 1.174999959766864777e-02 3.573017418384552002e-01 6.446665525436401367e-01 6.554729342460632324e-01 5.841895341873168945e-01 2.720360159873962402e-01 2.508622407913208008e-01
6.552500128746032715e-01 1.875000000000000000e-01 2.717500030994415283e-01 9.957500100135803223e-01 5.002499818801879883e-01 9.842500090599060059e-01 6.335125565528869629e-01 3.948101103305816650e-01 4.231810569763183594e-01 7.653120756149291992e-01 4.608747363090515137e-01 5.880961418151855469e-01
4.475000128149986267e-02 4.028333425521850586e-01 7.617499828338623047e-01 7.792500257492065430e-01 8.497499823570251465e-01 3.642500042915344238e-01 3.111420571804046631e-02 3.076025545597076416e-01 8.665887713432312012e-01 7.542481422424316406e-01 8.967503309249877930e-01 5.399168729782104492e-01
3.527500033378601074e-01 6.984999775886535645e-01 1.997500061988830566e-01 5.474999919533729553e-02 5.857499837875366211e-01 6.302499771118164062e-01 3.292835950851440430e-01 5.408281683921813965e-01 1.792947500944137573e-01 1.363774836063385010e-01 6.060054898262023926e-01 6.719456911087036133e-01
4.392499923706054688e-01 7.818333506584167480e-01 6.822500228881835938e-01 7.642499804496765137e-01 5.087500214576721191e-01 1.137500032782554626e-01 5.076263546943664551e-01 6.579965353012084961e-01 5.821062922477722168e-01 6.501746773719787598e-01 5.109499692916870117e-01 3.809844255447387695e-01
4.082500040531158447e-01 1.898333281278610229e-01 7.102500200271606445e-01 5.572500228881835938e-01 8.557500243186950684e-01 4.452500045299530029e-01 3.765995800495147705e-01 2.968671023845672607e-01 7.913480401039123535e-01 6.758350133895874023e-01 8.199498057365417480e-01 5.152969360351562500e-01
7.127500176429748535e-01 1.994999945163726807e-01 1.322499960660934448e-01 9.552500247955322266e-01 4.227499961853027344e-01 4.047499895095825195e-01 7.348577380180358887e-01 3.577891588211059570e-01 3.245754241943359375e-01 8.161195516586303711e-01 4.109665751457214355e-01 6.026222109794616699e-01
7.322499752044677734e-01 2.425000071525573730e-01 2.247499972581863403e-01 8.327500224113464355e-01 3.042500019073486328e-01 7.867500185966491699e-01 5.927744507789611816e-01 5.348335504531860352e-01 5.374391078948974609e-01 7.260309457778930664e-01 2.905476987361907959e-01 5.317379236221313477e-01
6.332499980926513672e-01 2.354999929666519165e-01 8.407499790191650391e-01 7.432500123977661133e-01 5.262500047683715820e-01 4.152500033378601074e-01 6.457070112228393555e-01 2.694820463657379150e-01 7.247664928436279297e-01 7.334880232810974121e-01 5.453723669052124023e-01 5.645731687545776367e-01
4.312500059604644775e-01 5.024999976158142090e-01 3.922500014305114746e-01 2.162500023841857910e-01 9.107499718666076660e-01 8.824999630451202393e-02 3.691709637641906738e-01 6.900792121887207031e-01 5.422148704528808594e-01 3.538787364959716797e-01 8.233290910720825195e-01 2.449488341808319092e-01
5.912500023841857910e-01 2.778333425521850586e-01 9.797499775886535645e-01 2.267500013113021851e-01 4.572499990463256836e-01 8.567500114440917969e-01 5.142396092414855957e-01 3.149833083152770996e-01 7.443290948867797852e-01 4.702012240886688232e-01 4.705857932567596436e-01 4.066677093505859375e-01
1.872500032186508179e-01 2.478333264589309692e-01 5.332499742507934570e-01 2.872500121593475342e-01 5.142499804496765137e-01 6.757500171661376953e-01 1.791066527366638184e-01 3.170229196548461914e-01 6.675347685813903809e-01 1.924827545881271362e-01 4.982846379280090332e-01 6.060204505920410156e-01
7.212499976158142090e-01 7.161666750907897949e-01 6.750000175088644028e-03 7.407500147819519043e-01 8.474999666213989258e-02 4.042499959468841553e-01 7.123420238494873047e-01 8.197662830352783203e-01 1.900557428598403931e-02 8.476623296737670898e-01 5.308494716882705688e-02 6.085218191146850586e-01
6.832500100135803223e-01 2.718333303928375244e-01 7.877500057220458984e-01 2.492499947547912598e-01 4.762499928474426270e-01 9.477499723434448242e-01 6.802803874015808105e-01 2.832860350608825684e-01 6.716100573539733887e-01 2.392183840274810791e-01 4.587603807449340820e-01 4.414336681365966797e-01
9.272500276565551758e-01 4.571666717529296875e-01 8.367499709129333496e-01 9.372500181198120117e-01 9.887499809265136719e-01 8.607500195503234863e-01 9.268568754196166992e-01 5.002303719520568848e-01 8.314197063446044922e-01 8.578885197639465332e-01 9.593296647071838379e-01 4.390879869461059570e-01
2.167499959468841553e-01 5.895000100135803223e-01 3.567500114440917969e-01 7.392500042915344238e-01 1.727499961853027344e-01 6.567500233650207520e-01 2.350382953882217407e-01 4.570125043392181396e-01 2.363312989473342896e-01 7.747702002525329590e-01 1.931623667478561401e-01 5.580083131790161133e-01
3.632499873638153076e-01 6.058333516120910645e-01 8.517500162124633789e-01 8.497499823570251465e-01 8.782500028610229492e-01 5.282499790191650391e-01 3.479541540145874023e-01 6.063372492790222168e-01 7.038260698318481445e-01 9.395308494567871094e-01 9.041668772697448730e-01 4.354106783866882324e-01
4.457499980926513672e-01 2.845000028610229492e-01 4.642499983310699463e-01 5.597500205039978027e-01 7.442499995231628418e-01 8.772500157356262207e-01 4.713200926780700684e-01 3.345400094985961914e-01 4.141063988208770752e-01 5.229179263114929199e-01 7.039229869842529297e-01 5.850828886032104492e-01
7.817500233650207520e-01 3.391666710376739502e-01 8.974999934434890747e-02 1.897500008344650269e-01 2.447499930858612061e-01 8.817499876022338867e-01 7.649926543235778809e-01 4.515316784381866455e-01 8.911655098199844360e-02 9.399395436048507690e-02 2.389940172433853149e-01 5.563266873359680176e-01
2.712500095367431641e-01 6.244999766349792480e-01 7.037500143051147461e-01 5.317500233650207520e-01 9.447500109672546387e-01 4.977500140666961670e-01 2.642930746078491211e-01 6.220030188560485840e-01 6.671167612075805664e-01 6.094393134117126465e-01 9.578778743743896484e-01 3.922840654850006104e-01
7.527499794960021973e-01 8.105000257492065430e-01 1.327500045299530029e-01 6.397500038146972656e-01 7.175000011920928955e-02 3.647499978542327881e-01 8.725058436393737793e-01 7.787401676177978516e-01 1.051546335220336914e-01 6.162736415863037109e-01 6.511674821376800537e-02 5.134077668190002441e-01
5.662500262260437012e-01 2.628333270549774170e-01 6.917499899864196777e-01 2.067500054836273193e-01 9.652500152587890625e-01 9.947500228881835938e-01 6.978104710578918457e-01 3.640642762184143066e-01 3.393970429897308350e-01 2.284288704395294189e-01 9.257069230079650879e-01 5.317780375480651855e-01
1.107499971985816956e-01 2.915000021457672119e-01 8.197500109672546387e-01 5.852500200271606445e-01 7.062500119209289551e-01 5.424999818205833435e-02 1.441079378128051758e-01 3.259101808071136475e-01 8.394311666488647461e-01 4.216082692146301270e-01 6.943446993827819824e-01 2.805853188037872314e-01
5.712500214576721191e-01 6.881666779518127441e-01 6.972500085830688477e-01 6.174999848008155823e-02 9.392499923706054688e-01 4.912500083446502686e-01 5.453628301620483398e-01 5.892654061317443848e-01 4.157185256481170654e-01 2.988499104976654053e-01 9.385211467742919922e-01 4.344088137149810791e-01
2.202499955892562866e-01 4.284999966621398926e-01 5.847499966621398926e-01 8.997499942779541016e-01 5.642499923706054688e-01 5.657500028610229492e-01 2.478258907794952393e-01 3.979478180408477783e-01 7.234928011894226074e-01 8.505206704139709473e-01 5.627124905586242676e-01 5.795007348060607910e-01
3.312500119209289551e-01 6.848333477973937988e-01 7.024999707937240601e-02 5.202500224113464355e-01 1.367499977350234985e-01 9.872499704360961914e-01 3.199296295642852783e-01 7.091064453125000000e-01 5.748055130243301392e-02 3.640518486499786377e-01 1.684053242206573486e-01 7.421714663505554199e-01
1.837500035762786865e-01 7.911666631698608398e-01 1.667499989271163940e-01 7.862499952316284180e-01 9.274999797344207764e-02 8.207499980926513672e-01 1.152843683958053589e-01 5.514789223670959473e-01 4.818328469991683960e-02 7.639388442039489746e-01 1.934110522270202637e-01 6.907742619514465332e-01
3.172500133514404297e-01 4.248333275318145752e-01 4.562500119209289551e-01 9.482499957084655762e-01 7.872499823570251465e-01 4.897499978542327881e-01 3.408946692943572998e-01 3.704452812671661377e-01 5.250118970870971680e-01 9.305218458175659180e-01 8.097069859504699707e-01 7.006748318672180176e-01
5.312500000000000000e-01 3.384999930858612061e-01 2.877500057220458984e-01 7.977499961853027344e-01 8.342499732971191406e-01 1.192499995231628418e-01 5.961536765098571777e-01 5.121452212333679199e-01 4.033193886280059814e-01 8.395484089851379395e-01 7.854596972465515137e-01 5.579057931900024414e-01
7.157499790191650391e-01 3.294999897480010986e-01 4.212499856948852539e-01 9.522500038146972656e-01 6.042500138282775879e-01 9.177500009536743164e-01 6.754630208015441895e-01 4.010218381881713867e-01 5.931935310363769531e-01 6.651780009269714355e-01 5.759041905403137207e-01 5.487211942672729492e-01
6.875000149011611938e-02 8.241666555404663086e-01 1.972499936819076538e-01 6.782500147819519043e-01 9.942499995231628418e-01 2.012500017881393433e-01 8.617017418146133423e-02 7.776759266853332520e-01 2.132912427186965942e-01 5.029474496841430664e-01 9.980394244194030762e-01 6.609231233596801758e-01
3.417499959468841553e-01 3.018333315849304199e-01 9.762499928474426270e-01 5.107499957084655762e-01 1.102500036358833313e-01 8.362500071525573730e-01 3.359339535236358643e-01 1.978390961885452271e-01 8.058139085769653320e-01 5.653791427612304688e-01 1.184061542153358459e-01 5.201978683471679688e-01
6.997500061988830566e-01 5.131666660308837891e-01 7.874999940395355225e-02 7.874999940395355225e-02 1.232500001788139343e-01 8.247500061988830566e-01 8.016398549079895020e-01 5.437809228897094727e-01 1.819983310997486115e-02 4.698066785931587219e-02 1.353877186775207520e-01 6.785339713096618652e-01
4.847500026226043701e-01 3.325000107288360596e-01 3.872500061988830566e-01 3.722499907016754150e-01 5.252500176429748535e-01 2.557500004768371582e-01 5.748100876808166504e-01 3.582540750503540039e-01 4.896862804889678955e-01 2.886326014995574951e-01 4.992940723896026611e-01 5.211466550827026367e-01
7.492499947547912598e-01 5.924999713897705078e-01 3.674999997019767761e-02 4.497500061988830566e-01 2.872500121593475342e-01 5.252500176429748535e-01 6.823696494102478027e-01 6.085890531539916992e-01 1.362949460744857788e-01 5.805432796478271484e-01 2.830366194248199463e-01 6.792606711387634277e-01
4.617500007152557373e-01 7.294999957084655762e-01 1.575000025331974030e-02 2.677499949932098389e-01 4.332500100135803223e-01 1.824999973177909851e-02 4.746987819671630859e-01 7.467331290245056152e-01 1.667662411928176880e-01 1.621007025241851807e-01 3.869843184947967529e-01 3.286391496658325195e-01
4.157499969005584717e-01 6.221666932106018066e-01 1.587499976158142090e-01 1.137500032782554626e-01 9.927499890327453613e-01 1.047499999403953552e-01 4.655977785587310791e-01 6.734431982040405273e-01 1.811890453100204468e-01 2.819628417491912842e-01 9.554605484008789062e-01 5.572674274444580078e-01
5.287500023841857910e-01 3.754999935626983643e-01 9.475000202655792236e-02 1.512500047683715820e-01 7.122499942779541016e-01 7.652500271797180176e-01 4.477334320545196533e-01 6.102610230445861816e-01 1.494062095880508423e-01 3.029592931270599365e-01 6.966651082038879395e-01 6.255446076393127441e-01
6.877499818801879883e-01 4.735000133514404297e-01 2.727499902248382568e-01 2.482499927282333374e-01 5.925000086426734924e-02 2.047500014305114746e-01 7.184525132179260254e-01 3.534067273139953613e-01 2.364007830619812012e-01 2.735716700553894043e-01 5.470233783125877380e-02 5.907981395721435547e-01
7.247499823570251465e-01 5.281666517257690430e-01 8.522499799728393555e-01 3.747499883174896240e-01 3.387500047683715820e-01 3.122499883174896240e-01 7.595829963684082031e-01 3.438315391540527344e-01 6.321878433227539062e-01 4.659970104694366455e-01 3.762460649013519287e-01 5.277474522590637207e-01
3.175000101327896118e-02 7.214999794960021973e-01 7.262499928474426270e-01 2.817499935626983643e-01 7.432500123977661133e-01 4.707500040531158447e-01 4.699052497744560242e-02 6.253288984298706055e-01 5.736681222915649414e-01 3.094525635242462158e-01 9.463427066802978516e-01 6.924897432327270508e-01
8.637499809265136719e-01 6.121666431427001953e-01 3.432500064373016357e-01 9.382500052452087402e-01 8.447499871253967285e-01 6.624999642372131348e-02 9.574803709983825684e-01 6.110848188400268555e-01 6.344202756881713867e-01 5.857531428337097168e-01 8.046153187751770020e-01 4.162585139274597168e-01
1.572500020265579224e-01 6.111666560173034668e-01 1.572500020265579224e-01 9.837499856948852539e-01 5.652499794960021973e-01 7.212499976158142090e-01 1.089648306369781494e-01 5.485764145851135254e-01 6.803469359874725342e-02 9.924759268760681152e-01 7.125099301338195801e-01 7.002748847007751465e-01
6.437500119209289551e-01 7.375000119209289551e-01 7.302500009536743164e-01 1.157499998807907104e-01 1.652500033378601074e-01 2.607499957084655762e-01 6.493500471115112305e-01 5.405848622322082520e-01 4.783373475074768066e-01 1.630302667617797852e-01 1.790124177932739258e-01 3.882456421852111816e-01
6.857500076293945312e-01 6.554999947547912598e-01 3.347499966621398926e-01 1.352500021457672119e-01 2.547500133514404297e-01 9.202499985694885254e-01 7.253995537757873535e-01 5.966496467590332031e-01 1.002324745059013367e-01 1.006153449416160583e-01 2.627583444118499756e-01 5.320847034454345703e-01
3.642500042915344238e-01 5.208333134651184082e-01 8.912500143051147461e-01 1.422500014305114746e-01 3.862499892711639404e-01 9.217500090599060059e-01 3.396017253398895264e-01 4.474905729293823242e-01 5.922627449035644531e-01 2.229470610618591309e-01 4.153195321559906006e-01 3.694364130496978760e-01
3.997499942779541016e-01 8.031666874885559082e-01 2.312500029802322388e-01 4.952499866485595703e-01 9.897500276565551758e-01 4.022499918937683105e-01 3.570022583007812500e-01 6.586871147155761719e-01 1.159244701266288757e-01 7.576106190681457520e-01 9.872846007347106934e-01 6.157137751579284668e-01
7.742499709129333496e-01 7.505000233650207520e-01 6.847500205039978027e-01 3.377499878406524658e-01 7.927500009536743164e-01 6.057500243186950684e-01 7.714912295341491699e-01 4.569381773471832275e-01 2.608845233917236328e-01 6.999128460884094238e-01 7.959427833557128906e-01 5.534152984619140625e-01
9.825000166893005371e-02 6.294999718666076660e-01 7.457500100135803223e-01 9.297500252723693848e-01 6.792500019073486328e-01 7.937499880790710449e-01 7.824360579252243042e-02 5.963355302810668945e-01 6.850059628486633301e-01 7.474779486656188965e-01 6.917625665664672852e-01 4.815380275249481201e-01
3.474999964237213135e-02 6.241666674613952637e-01 8.782500028610229492e-01 8.862500190734863281e-01 9.437500238418579102e-01 6.232500076293945312e-01 3.819274902343750000e-02 6.451994776725769043e-01 7.834889888763427734e-01 5.626111626625061035e-01 9.648436307907104492e-01 5.128085017204284668e-01
6.947500109672546387e-01 7.384999990463256836e-01 7.925000041723251343e-02 1.587499976158142090e-01 9.862499833106994629e-01 3.967500030994415283e-01 6.823601722717285156e-01 6.482766866683959961e-01 1.226982176303863525e-01 3.204943835735321045e-01 9.659892320632934570e-01 5.532559156417846680e-01
3.852500021457672119e-01 3.858333230018615723e-01 6.327499747276306152e-01 5.897499918937683105e-01 9.727500081062316895e-01 2.802500128746032715e-01 3.348666429519653320e-01 5.361797809600830078e-01 7.470639944076538086e-01 7.224751114845275879e-01 9.326999187469482422e-01 3.076040446758270264e-01
3.525000065565109253e-02 7.745000123977661133e-01 4.817500114440917969e-01 9.992499947547912598e-01 2.292499989271163940e-01 6.827499866485595703e-01 1.398875471204519272e-02 6.650965809822082520e-01 1.797912418842315674e-01 9.470678567886352539e-01 2.996589243412017822e-01 4.765094816684722900e-01
6.237499713897705078e-01 2.438333332538604736e-01 1.397500038146972656e-01 3.922500014305114746e-01 2.322500050067901611e-01 6.867499947547912598e-01 6.289652585983276367e-01 4.577297568321228027e-01 1.941031366586685181e-01 2.908950746059417725e-01 1.959663629531860352e-01 6.318274140357971191e-01
8.707500100135803223e-01 7.315000295639038086e-01 1.417499929666519165e-01 5.337499976158142090e-01 2.757500112056732178e-01 1.632499992847442627e-01 9.452300667762756348e-01 7.609888315200805664e-01 1.581972241401672363e-01 5.689578056335449219e-01 2.898199558258056641e-01 4.238611161708831787e-01
2.122499942779541016e-01 3.738333284854888916e-01 7.422500252723693848e-01 5.752500295639038086e-01 8.892499804496765137e-01 5.602499842643737793e-01 2.537360191345214844e-01 3.289974927902221680e-01 7.022151947021484375e-01 4.511434435844421387e-01 8.812127709388732910e-01 6.382840275764465332e-01
5.342500209808349609e-01 6.521666646003723145e-01 7.602499723434448242e-01 9.317499995231628418e-01 1.902499943971633911e-01 1.452499926090240479e-01 5.915571451187133789e-01 5.538625717163085938e-01 6.515894532203674316e-01 8.420358896255493164e-01 1.968825906515121460e-01 5.207058787345886230e-01
5.272499918937683105e-01 5.141666531562805176e-01 2.597500085830688477e-01 5.497499704360961914e-01 4.372499883174896240e-01 7.922499775886535645e-01 5.247620940208435059e-01 5.227285027503967285e-01 2.360109239816665649e-01 5.964589118957519531e-01 4.347865283489227295e-01 6.093333959579467773e-01
8.767499923706054688e-01 7.128333449363708496e-01 8.187500238418579102e-01 5.587499737739562988e-01 8.267499804496765137e-01 3.452500104904174805e-01 8.259071111679077148e-01 3.449167907238006592e-01 6.994941830635070801e-01 6.175015568733215332e-01 8.510480523109436035e-01 4.853880405426025391e-01
9.974999725818634033e-02 7.878333330154418945e-01 6.897500157356262207e-01 4.902499914169311523e-01 4.202499985694885254e-01 7.637500166893005371e-01 6.027690693736076355e-02 6.154733896255493164e-01 5.094746351242065430e-01 5.100333690643310547e-01 4.449046552181243896e-01 5.578200817108154297e-01
9.632499814033508301e-01 2.975000143051147461e-01 3.507499992847442627e-01 1.257500052452087402e-01 4.427500069141387939e-01 6.657500267028808594e-01 7.909110784530639648e-01 4.089468717575073242e-01 5.765536427497863770e-01 2.155964374542236328e-01 4.350637197494506836e-01 3.872515857219696045e-01
8.382499814033508301e-01 1.934999972581863403e-01 5.402500033378601074e-01 7.477499842643737793e-01 1.057500019669532776e-01 2.102500051259994507e-01 8.093536496162414551e-01 2.999555468559265137e-01 7.837461233139038086e-01 6.790050864219665527e-01 7.869178801774978638e-02 5.878358483314514160e-01
3.282499909400939941e-01 4.121666550636291504e-01 2.662500143051147461e-01 9.067500233650207520e-01 9.657499790191650391e-01 7.807499766349792480e-01 2.781713902950286865e-01 5.584151744842529297e-01 4.258658289909362793e-01 8.660299181938171387e-01 9.535092115402221680e-01 6.306946873664855957e-01
8.362500071525573730e-01 3.848333358764648438e-01 7.307500243186950684e-01 7.347499728202819824e-01 8.507500290870666504e-01 6.772500276565551758e-01 8.594411611557006836e-01 5.176117420196533203e-01 7.024394869804382324e-01 7.036244273185729980e-01 8.141231536865234375e-01 4.701938331127166748e-01
3.497500121593475342e-01 5.798333287239074707e-01 1.722500026226043701e-01 9.037500023841857910e-01 8.067499995231628418e-01 3.002499938011169434e-01 3.659629523754119873e-01 6.261077523231506348e-01 2.807525396347045898e-01 8.825424313545227051e-01 7.783319354057312012e-01 4.948906898498535156e-01
3.017500042915344238e-01 6.025000214576721191e-01 7.592499852180480957e-01 3.627499938011169434e-01 1.274999976158142090e-02 8.672500252723693848e-01 3.053270876407623291e-01 4.927971065044403076e-01 5.666918158531188965e-01 3.109764158725738525e-01 3.413236513733863831e-02 4.915710687637329102e-01
5.957499742507934570e-01 7.051666378974914551e-01 7.462499737739562988e-01 5.824999883770942688e-02 5.927500128746032715e-01 3.147499859333038330e-01 6.684139370918273926e-01 4.949893951416015625e-01 3.250114321708679199e-01 1.914409697055816650e-01 6.053736209869384766e-01 4.992490410804748535e-01
8.824999630451202393e-02 5.034999847412109375e-01 5.457500219345092773e-01 1.502500027418136597e-01 5.422499775886535645e-01 8.224999904632568359e-02 9.935322403907775879e-02 5.358688235282897949e-01 7.271004319190979004e-01 2.282954901456832886e-01 4.552530944347381592e-01 3.743329346179962158e-01
4.512499868869781494e-01 6.365000009536743164e-01 2.202499955892562866e-01 8.132500052452087402e-01 2.472500056028366089e-01 5.872499942779541016e-01 4.519802033901214600e-01 5.366516709327697754e-01 3.195154070854187012e-01 7.563824653625488281e-01 2.796383202075958252e-01 5.790144801139831543e-01
5.082499980926513672e-01 5.314999818801879883e-01 8.807500004768371582e-01 7.317500114440917969e-01 5.412499904632568359e-01 7.832499742507934570e-01 4.986262023448944092e-01 4.884117245674133301e-01 6.234519481658935547e-01 8.569807410240173340e-01 5.477223992347717285e-01 5.266792178153991699e-01
5.282499790191650391e-01 7.271666526794433594e-01 8.607500195503234863e-01 1.682499945163726807e-01 6.522499918937683105e-01 3.312500119209289551e-01 6.373103857040405273e-01 4.265712499618530273e-01 3.863572180271148682e-01 2.046210318803787231e-01 6.913072466850280762e-01 5.144632458686828613e-01
7.472500205039978027e-01 5.874999761581420898e-01 4.117499887943267822e-01 7.872499823570251465e-01 1.742500066757202148e-01 9.297500252723693848e-01 6.493952274322509766e-01 5.204369425773620605e-01 4.205154180526733398e-01 7.890124320983886719e-01 1.814106553792953491e-01 5.876721143722534180e-01
9.475000202655792236e-02 7.618333101272583008e-01 7.662500143051147461e-01 2.797499895095825195e-01 1.887499988079071045e-01 7.802500128746032715e-01 5.381245166063308716e-02 5.905258655548095703e-01 6.147797107696533203e-01 2.795656323432922363e-01 2.425375729799270630e-01 5.522257685661315918e-01
9.932500123977661133e-01 3.588333427906036377e-01 2.892499864101409912e-01 2.892499864101409912e-01 5.842499732971191406e-01 9.317499995231628418e-01 7.846198678016662598e-01 3.453702330589294434e-01 5.948855876922607422e-01 1.967797577381134033e-01 5.671466588973999023e-01 4.290091395378112793e-01
5.552499890327453613e-01 7.871666550636291504e-01 7.837499976158142090e-01 3.517499864101409912e-01 3.637500107288360596e-01 2.697499990463256836e-01 5.143204927444458008e-01 7.066692113876342773e-01 6.130127906799316406e-01 5.706011056900024414e-01 3.424369394779205322e-01 2.517051994800567627e-01
6.702499985694885254e-01 2.061666697263717651e-01 4.297499954700469971e-01 7.172499895095825195e-01 8.924999833106994629e-02 6.682500243186950684e-01 5.992820262908935547e-01 3.248089849948883057e-01 5.604109168052673340e-01 7.678766846656799316e-01 7.501985877752304077e-02 6.131156682968139648e-01
6.057500243186950684e-01 6.308333277702331543e-01 3.297500014305114746e-01 4.142499864101409912e-01 8.947499990463256836e-01 1.442500054836273193e-01 5.872004628181457520e-01 6.672505140304565430e-01 4.135453999042510986e-01 5.135519504547119141e-01 8.913424015045166016e-01 3.912601470947265625e-01
8.292499780654907227e-01 7.761666774749755859e-01 6.907500028610229492e-01 8.407499790191650391e-01 3.172500133514404297e-01 4.822500050067901611e-01 9.144352078437805176e-01 6.059967279434204102e-01 5.580233931541442871e-01 8.517437577247619629e-01 3.631801903247833252e-01 5.268435478210449219e-01
3.472500145435333252e-01 4.454999864101409912e-01 4.607500135898590088e-01 2.662500143051147461e-01 8.632500171661376953e-01 9.212499856948852539e-01 3.581880033016204834e-01 3.975211679935455322e-01 4.864848554134368896e-01 1.141674071550369263e-01 8.381270170211791992e-01 5.619896650314331055e-01
1.942500025033950806e-01 5.235000252723693848e-01 7.557500004768371582e-01 5.292500257492065430e-01 3.217499852180480957e-01 2.982499897480010986e-01 2.083407938480377197e-01 5.569154024124145508e-01 7.738153934478759766e-01 5.464603304862976074e-01 3.431606292724609375e-01 1.393060833215713501e-01
1.692499965429306030e-01 6.134999990463256836e-01 9.597499966621398926e-01 7.625000178813934326e-02 4.747500121593475342e-01 2.297500073909759521e-01 1.870490461587905884e-01 4.388578534126281738e-01 6.356349587440490723e-01 1.581818014383316040e-01 4.695480763912200928e-01 4.446552395820617676e-01
9.442499876022338867e-01 4.591666758060455322e-01 4.012500047683715820e-01 4.422500133514404297e-01 3.922500014305114746e-01 8.675000071525573730e-02 8.830860853195190430e-01 4.748436510562896729e-01 6.538254618644714355e-01 4.034093320369720459e-01 4.081349372863769531e-01 4.013255536556243896e-01
7.372499704360961914e-01 4.978333413600921631e-01 7.012500166893005371e-01 4.457499980926513672e-01 6.677500009536743164e-01 6.937500238418579102e-01 7.570627927780151367e-01 5.217556953430175781e-01 6.319219470024108887e-01 4.170727431774139404e-01 6.824739575386047363e-01 4.156310260295867920e-01
5.672500133514404297e-01 5.681666731834411621e-01 3.602499961853027344e-01 5.707499980926513672e-01 7.727500200271606445e-01 8.907499909400939941e-01 5.200905799865722656e-01 6.127337217330932617e-01 3.195718228816986084e-01 5.792804360389709473e-01 7.355162501335144043e-01 5.192292928695678711e-01
1.875000074505805969e-02 4.341666698455810547e-01 9.872499704360961914e-01 6.757500171661376953e-01 9.962499737739562988e-01 5.974999815225601196e-02 3.022995404899120331e-02 4.037867188453674316e-01 8.838994503021240234e-01 7.673110961914062500e-01 9.796804785728454590e-01 3.285803198814392090e-01
1.772499978542327881e-01 3.668333292007446289e-01 5.197499990463256836e-01 3.227500021457672119e-01 4.587500095367431641e-01 5.267500281333923340e-01 1.585214138031005859e-01 2.743726074695587158e-01 5.336803793907165527e-01 2.311691343784332275e-01 5.114813446998596191e-01 7.261300086975097656e-01
8.717499971389770508e-01 6.628333330154418945e-01 3.662500083446502686e-01 3.824999928474426270e-02 8.974999934434890747e-02 5.362499952316284180e-01 8.315080404281616211e-01 5.014852285385131836e-01 2.410272955894470215e-01 1.361260116100311279e-01 8.337896317243576050e-02 4.457280933856964111e-01
7.474999874830245972e-02 2.418333292007446289e-01 6.087499856948852539e-01 2.722499966621398926e-01 1.307500004768371582e-01 4.402500092983245850e-01 6.577637791633605957e-02 3.201313912868499756e-01 7.337336540222167969e-01 3.268083035945892334e-01 4.593818634748458862e-02 5.909989476203918457e-01
7.687500119209289551e-01 6.021666526794433594e-01 6.812499761581420898e-01 4.842500090599060059e-01 2.087499946355819702e-01 8.657500147819519043e-01 6.858215332031250000e-01 4.180963933467864990e-01 4.245757162570953369e-01 7.339222431182861328e-01 2.422187179327011108e-01 6.106101274490356445e-01
3.702499866485595703e-01 6.744999885559082031e-01 8.947499990463256836e-01 6.197500228881835938e-01 4.482499957084655762e-01 3.092499971389770508e-01 4.171683490276336670e-01 4.442221820354461670e-01 6.403516530990600586e-01 5.824224948883056641e-01 5.113827586174011230e-01 4.677044153213500977e-01
6.382499933242797852e-01 5.518333315849304199e-01 7.492499947547912598e-01 1.752499938011169434e-01 9.612500071525573730e-01 7.162500023841857910e-01 6.994709372520446777e-01 5.121180415153503418e-01 4.498557746410369873e-01 2.770967781543731689e-01 9.330863952636718750e-01 4.635922014713287354e-01
3.572500050067901611e-01 6.804999709129333496e-01 7.232499718666076660e-01 3.977499902248382568e-01 5.537499785423278809e-01 4.174999892711639404e-02 3.358537256717681885e-01 6.185873150825500488e-01 6.207831501960754395e-01 3.937582969665527344e-01 5.748152136802673340e-01 3.035232126712799072e-01
4.622499942779541016e-01 7.605000138282775879e-01 6.032500267028808594e-01 2.157499939203262329e-01 7.627500295639038086e-01 1.547500044107437134e-01 5.124933719635009766e-01 6.232977509498596191e-01 3.889116048812866211e-01 1.944465339183807373e-01 7.488956451416015625e-01 3.877711594104766846e-01
3.792499899864196777e-01 4.588333368301391602e-01 6.242499947547912598e-01 4.407500028610229492e-01 3.382500112056732178e-01 2.367500066757202148e-01 3.920843303203582764e-01 5.197904109954833984e-01 6.809241175651550293e-01 4.365500211715698242e-01 3.377972245216369629e-01 2.494975030422210693e-01
4.547500014305114746e-01 5.561666488647460938e-01 7.337499856948852539e-01 7.932500243186950684e-01 9.432500004768371582e-01 1.212500035762786865e-01 4.603592455387115479e-01 6.396083235740661621e-01 7.892248034477233887e-01 8.498820662498474121e-01 9.279480576515197754e-01 2.320979088544845581e-01
4.372499883174896240e-01 3.298333287239074707e-01 8.297500014305114746e-01 1.907500028610229492e-01 4.527499973773956299e-01 3.917500078678131104e-01 4.264197647571563721e-01 2.610211372375488281e-01 7.519277930259704590e-01 3.287267088890075684e-01 4.600210487842559814e-01 4.118980467319488525e-01
8.974999934434890747e-02 8.271666765213012695e-01 3.397499918937683105e-01 7.207499742507934570e-01 8.567500114440917969e-01 7.697499990463256836e-01 2.509220875799655914e-02 7.840352058410644531e-01 3.691760897636413574e-01 6.171708703041076660e-01 9.669446945190429688e-01 6.391070485115051270e-01
7.082499861717224121e-01 7.518333196640014648e-01 9.757500290870666504e-01 5.802500247955322266e-01 6.272500157356262207e-01 6.632500290870666504e-01 8.263798952102661133e-01 5.512134432792663574e-01 6.110129356384277344e-01 5.205109119415283203e-01 6.722149252891540527e-01 4.707607328891754150e-01
5.575000122189521790e-02 1.738333404064178467e-01 6.662499904632568359e-01 7.267500162124633789e-01 6.247500181198120117e-01 7.575000077486038208e-02 7.968680560588836670e-02 3.787671923637390137e-01 8.459652066230773926e-01 6.324639320373535156e-01 5.275312066078186035e-01 2.744237482547760010e-01
1.917500048875808716e-01 7.711666822433471680e-01 5.624999850988388062e-02 7.947499752044677734e-01 8.292499780654907227e-01 6.557499766349792480e-01 1.650486886501312256e-01 7.601377367973327637e-01 7.333929836750030518e-02 4.584641754627227783e-01 9.287168383598327637e-01 5.681077837944030762e-01
1.217499971389770508e-01 7.481666803359985352e-01 2.212499976158142090e-01 7.162500023841857910e-01 6.317499876022338867e-01 2.997500002384185791e-01 1.055678799748420715e-01 6.681531667709350586e-01 1.363935470581054688e-01 9.163825511932373047e-01 6.681551933288574219e-01 4.602899849414825439e-01
6.937500238418579102e-01 4.761666655540466309e-01 9.442499876022338867e-01 8.425000309944152832e-02 2.112500071525573730e-01 8.782500028610229492e-01 6.959255933761596680e-01 3.776863813400268555e-01 5.468834638595581055e-01 2.484950423240661621e-01 2.249416857957839966e-01 4.718637168407440186e-01
2.422499954700469971e-01 2.981666624546051025e-01 6.024999916553497314e-02 1.232500001788139343e-01 4.217500090599060059e-01 9.667500257492065430e-01 1.508565843105316162e-01 2.499354630708694458e-01 9.063789248466491699e-02 7.431846112012863159e-02 5.429569482803344727e-01 9.264585971832275391e-01
8.762500286102294922e-01 5.401666760444641113e-01 3.722499907016754150e-01 3.537499904632568359e-01 6.362500190734863281e-01 2.427500039339065552e-01 8.525091409683227539e-01 5.995957851409912109e-01 4.942554235458374023e-01 4.053326845169067383e-01 6.325663328170776367e-01 4.406410157680511475e-01
1.677500009536743164e-01 8.224999904632568359e-01 6.324999779462814331e-02 9.477499723434448242e-01 4.452500045299530029e-01 5.062500238418579102e-01 1.167797520756721497e-01 7.030767202377319336e-01 1.741531677544116974e-02 9.834982752799987793e-01 5.490637421607971191e-01 5.253331065177917480e-01
5.022500157356262207e-01 4.898333251476287842e-01 4.777500033378601074e-01 7.277500033378601074e-01 3.967500030994415283e-01 6.707500219345092773e-01 4.936206340789794922e-01 5.331534147262573242e-01 5.129458308219909668e-01 7.224518656730651855e-01 3.758809864521026611e-01 5.261095762252807617e-01
7.002500295639038086e-01 6.411666870117187500e-01 4.237500131130218506e-01 9.637500047683715820e-01 1.192499995231628418e-01 5.737500190734863281e-01 7.509660720825195312e-01 5.545116066932678223e-01 3.390112817287445068e-01 8.896124958992004395e-01 1.157428026199340820e-01 6.039675474166870117e-01
6.512500047683715820e-01 4.261666536331176758e-01 6.392499804496765137e-01 8.397499918937683105e-01 3.587499856948852539e-01 3.102500140666961670e-01 7.023385167121887207e-01 3.964203298091888428e-01 7.054542303085327148e-01 7.338804006576538086e-01 3.820730447769165039e-01 5.149571895599365234e-01
7.024999707937240601e-02 6.171666383743286133e-01 9.382500052452087402e-01 3.575000166893005371e-02 6.117500066757202148e-01 8.017500042915344238e-01 7.198814302682876587e-02 4.598650336265563965e-01 6.606947183609008789e-01 1.473308801651000977e-01 7.195222377777099609e-01 7.081863880157470703e-01
4.297499954700469971e-01 6.431666612625122070e-01 2.497500032186508179e-01 7.002500295639038086e-01 5.367500185966491699e-01 2.387499958276748657e-01 5.000256896018981934e-01 6.064190268516540527e-01 3.029235899448394775e-01 6.337375044822692871e-01 5.070558190345764160e-01 5.541939139366149902e-01
1.122500002384185791e-01 3.128333389759063721e-01 1.192499995231628418e-01 7.092499732971191406e-01 9.802500009536743164e-01 9.467499852180480957e-01 8.791594952344894409e-02 6.013157963752746582e-01 2.979749441146850586e-01 3.419664502143859863e-01 8.623155355453491211e-01 7.227528095245361328e-01
4.027499854564666748e-01 6.591666936874389648e-01 7.517499923706054688e-01 7.627500295639038086e-01 1.875000074505805969e-02 4.617500007152557373e-01 4.283447563648223877e-01 4.698504209518432617e-01 5.353204011917114258e-01 7.663717865943908691e-01 4.916332289576530457e-02 5.623435378074645996e-01
1.472499966621398926e-01 7.668333053588867188e-01 2.537499964237213135e-01 1.332499980926513672e-01 4.972499907016754150e-01 6.032500267028808594e-01 1.607719361782073975e-01 6.929971575736999512e-01 1.777213662862777710e-01 1.802546381950378418e-01 5.343196988105773926e-01 6.211895346641540527e-01
1.792500019073486328e-01 4.201666712760925293e-01 5.687500238418579102e-01 9.017500281333923340e-01 3.397499918937683105e-01 2.837499976158142090e-01 1.985552310943603516e-01 5.423902869224548340e-01 7.667775750160217285e-01 8.300302624702453613e-01 3.421709239482879639e-01 2.686227560043334961e-01
4.374999925494194031e-02 2.384999990463256836e-01 5.607500076293945312e-01 4.797500073909759521e-01 8.552500009536743164e-01 9.417499899864196777e-01 2.028203196823596954e-02 3.257525861263275146e-01 7.081953287124633789e-01 5.306848287582397461e-01 7.461072802543640137e-01 8.411388397216796875e-01
7.442499995231628418e-01 4.095000028610229492e-01 2.702499926090240479e-01 8.347499966621398926e-01 2.007499933242797852e-01 6.972500085830688477e-01 7.701781392097473145e-01 5.088213086128234863e-01 3.881624341011047363e-01 7.212108969688415527e-01 1.979494392871856689e-01 5.909885168075561523e-01
7.612500190734863281e-01 2.311666607856750488e-01 6.432499885559082031e-01 8.025000244379043579e-02 4.447500109672546387e-01 2.942500114440917969e-01 7.788997888565063477e-01 2.654190361499786377e-01 6.585652232170104980e-01 1.343056708574295044e-01 4.189811646938323975e-01 3.548032045364379883e-01
2.117500007152557373e-01 7.448333501815795898e-01 1.187499985098838806e-01 1.047499999403953552e-01 6.347500085830688477e-01 2.077499926090240479e-01 2.227342873811721802e-01 6.792648434638977051e-01 1.291308701038360596e-01 3.118155300617218018e-01 6.723503470420837402e-01 6.387466788291931152e-01
1.475000008940696716e-02 2.091666609048843384e-01 7.912499904632568359e-01 5.462499856948852539e-01 3.032500147819519043e-01 9.722499847412109375e-01 5.797315854579210281e-03 1.478715240955352783e-01 9.262069463729858398e-01 4.430020153522491455e-01 2.838707864284515381e-01 7.319225072860717773e-01
3.742499947547912598e-01 7.148333191871643066e-01 7.542499899864196777e-01 8.162500262260437012e-01 7.912499904632568359e-01 6.112499833106994629e-01 3.970232903957366943e-01 5.716242194175720215e-01 5.722402334213256836e-01 9.355407953262329102e-01 8.248466849327087402e-01 5.664309859275817871e-01
6.112499833106994629e-01 2.398333400487899780e-01 4.472500085830688477e-01 6.762499809265136719e-01 7.932500243186950684e-01 7.852500081062316895e-01 5.872759819030761719e-01 3.657542169094085693e-01 4.546470046043395996e-01 6.642313003540039062e-01 7.476079463958740234e-01 5.500037670135498047e-01
3.072499930858612061e-01 5.311666727066040039e-01 5.917500257492065430e-01 2.232500016689300537e-01 7.102500200271606445e-01 3.127500116825103760e-01 3.500439524650573730e-01 4.577226936817169189e-01 5.151448845863342285e-01 2.504236698150634766e-01 7.291305661201477051e-01 5.001379847526550293e-01
1.377499997615814209e-01 6.878333091735839844e-01 4.587500095367431641e-01 7.007499933242797852e-01 3.722499907016754150e-01 1.922499984502792358e-01 1.618673354387283325e-01 6.107845902442932129e-01 5.576271414756774902e-01 7.554883956909179688e-01 4.274817705154418945e-01 4.972155988216400146e-01
9.737499952316284180e-01 6.915000081062316895e-01 2.875000052154064178e-02 5.997499823570251465e-01 4.772500097751617432e-01 2.412499934434890747e-01 9.660869240760803223e-01 7.596138715744018555e-01 9.828683733940124512e-02 6.652693748474121094e-01 4.577016830444335938e-01 5.025058984756469727e-01
8.587499856948852539e-01 2.448333352804183960e-01 7.327499985694885254e-01 3.024999983608722687e-02 7.127500176429748535e-01 8.192499876022338867e-01 7.905495166778564453e-01 3.334868252277374268e-01 6.579818725585937500e-01 1.813787370920181274e-01 6.907908320426940918e-01 3.982240259647369385e-01
5.872499942779541016e-01 2.288333326578140259e-01 2.127500027418136597e-01 7.942500114440917969e-01 4.924999922513961792e-02 6.424999982118606567e-02 6.110412478446960449e-01 3.215598762035369873e-01 4.600319862365722656e-01 6.107301115989685059e-01 4.832385852932929993e-02 5.963043570518493652e-01
2.162500023841857910e-01 3.804999887943267822e-01 6.147500276565551758e-01 8.252500295639038086e-01 5.132499933242797852e-01 3.392499983310699463e-01 2.687390744686126709e-01 3.968049883842468262e-01 6.908917427062988281e-01 8.058873414993286133e-01 5.004678964614868164e-01 5.846462249755859375e-01
2.267500013113021851e-01 5.184999704360961914e-01 5.327500104904174805e-01 7.302500009536743164e-01 9.532499909400939941e-01 7.447500228881835938e-01 1.746226698160171509e-01 5.089613199234008789e-01 5.845243930816650391e-01 8.036258816719055176e-01 9.711685180664062500e-01 6.121922731399536133e-01
1.847500056028366089e-01 7.681666612625122070e-01 6.072499752044677734e-01 1.462499946355819702e-01 1.817499995231628418e-01 8.767499923706054688e-01 1.627301722764968872e-01 6.235917806625366211e-01 2.628513574600219727e-01 1.644903570413589478e-01 2.300817072391510010e-01 6.679627895355224609e-01
2.247499972581863403e-01 6.791666746139526367e-01 2.827500104904174805e-01 8.222500085830688477e-01 3.297500014305114746e-01 1.249999972060322762e-03 2.839084863662719727e-01 7.358753681182861328e-01 4.511978030204772949e-01 6.682353019714355469e-01 2.957159578800201416e-01 3.109768927097320557e-01
5.097500085830688477e-01 3.141666650772094727e-01 8.962500095367431641e-01 8.317499756813049316e-01 2.787500023841857910e-01 3.357500135898590088e-01 5.058601498603820801e-01 2.733125090599060059e-01 8.219265937805175781e-01 7.852025628089904785e-01 3.300514221191406250e-01 4.677689373493194580e-01
4.992499947547912598e-01 7.918333411216735840e-01 6.452500224113464355e-01 9.572499990463256836e-01 6.927499771118164062e-01 8.375000208616256714e-02 4.980230033397674561e-01 6.807279586791992188e-01 5.573799014091491699e-01 9.446588158607482910e-01 6.289411187171936035e-01 4.484082460403442383e-01
2.832500040531158447e-01 7.358333468437194824e-01 1.507499963045120239e-01 3.474999964237213135e-02 9.492499828338623047e-01 1.927500069141387939e-01 3.016030788421630859e-01 6.822769045829772949e-01 2.805921137332916260e-01 2.680275440216064453e-01 9.741889834403991699e-01 5.688785910606384277e-01
3.867500126361846924e-01 4.328333437442779541e-01 8.362500071525573730e-01 6.062499880790710449e-01 7.087500095367431641e-01 5.302500128746032715e-01 3.880023658275604248e-01 4.388329684734344482e-01 7.135512232780456543e-01 7.484536767005920410e-01 7.171438336372375488e-01 4.527980983257293701e-01
8.897500038146972656e-01 8.025000095367431641e-01 3.312500119209289551e-01 9.607499837875366211e-01 8.982499837875366211e-01 3.077499866485595703e-01 8.991664648056030273e-01 6.196045279502868652e-01 2.695055007934570312e-01 9.112554788589477539e-01 9.409773349761962891e-01 5.375876426696777344e-01
2.947500050067901611e-01 3.771666586399078369e-01 9.407500028610229492e-01 6.232500076293945312e-01 3.532499969005584717e-01 6.127499938011169434e-01 3.139663338661193848e-01 3.117099702358245850e-01 7.880068421363830566e-01 5.877321958541870117e-01 3.944304883480072021e-01 3.409606814384460449e-01
1.057500019669532776e-01 7.814999818801879883e-01 3.687500059604644775e-01 8.782500028610229492e-01 4.417499899864196777e-01 8.172500133514404297e-01 6.627582013607025146e-02 6.992175579071044922e-01 4.014880061149597168e-01 6.783437728881835938e-01 4.669488966464996338e-01 3.798751533031463623e-01
6.002500057220458984e-01 3.768333196640014648e-01 7.325000315904617310e-02 2.374999970197677612e-02 9.572499990463256836e-01 5.447499752044677734e-01 4.343530237674713135e-01 3.602997660636901855e-01 4.660821557044982910e-01 1.220364794135093689e-01 9.264547824859619141e-01 6.112494468688964844e-01
9.637500047683715820e-01 7.171666622161865234e-01 4.872500002384185791e-01 5.567499995231628418e-01 4.774999991059303284e-02 8.249999955296516418e-03 9.666808247566223145e-01 6.014844775199890137e-01 5.841223001480102539e-01 4.760625064373016357e-01 4.192476719617843628e-02 4.603046774864196777e-01
9.347500205039978027e-01 4.975000023841857910e-01 7.957500219345092773e-01 9.577500224113464355e-01 9.537500143051147461e-01 4.927499890327453613e-01 9.564661383628845215e-01 4.822285175323486328e-01 8.121901154518127441e-01 8.846884369850158691e-01 9.535922408103942871e-01 4.700300395488739014e-01
4.675000160932540894e-02 2.561666667461395264e-01 5.602499842643737793e-01 7.232499718666076660e-01 6.237499713897705078e-01 4.747500121593475342e-01 2.837741188704967499e-02 3.969214260578155518e-01 8.070878386497497559e-01 7.437874078750610352e-01 5.601040124893188477e-01 5.097206234931945801e-01
7.512500286102294922e-01 7.985000014305114746e-01 8.502500057220458984e-01 8.297500014305114746e-01 8.217499852180480957e-01 5.525000020861625671e-02 7.654743194580078125e-01 5.101999044418334961e-01 6.856596469879150391e-01 8.722161650657653809e-01 8.662080168724060059e-01 5.130671858787536621e-01
5.667499899864196777e-01 5.081666707992553711e-01 4.337500035762786865e-01 9.337499737739562988e-01 4.962500035762786865e-01 5.222499966621398926e-01 4.989656805992126465e-01 6.037791371345520020e-01 6.836374402046203613e-01 9.369104504585266113e-01 4.910581111907958984e-01 4.833995401859283447e-01
4.187499880790710449e-01 3.095000088214874268e-01 1.287499964237213135e-01 9.102500081062316895e-01 7.327499985694885254e-01 2.857500016689300537e-01 5.506059527397155762e-01 6.013783812522888184e-01 3.018711507320404053e-01 8.149837255477905273e-01 6.374240517616271973e-01 5.455217361450195312e-01
3.077499866485595703e-01 3.118333220481872559e-01 6.732500195503234863e-01 4.297499954700469971e-01 1.227499991655349731e-01 3.725000098347663879e-02 3.940947651863098145e-01 2.442740648984909058e-01 7.543439269065856934e-01 2.063939124345779419e-01 1.040046066045761108e-01 4.539141654968261719e-01
7.362499833106994629e-01 3.038333356380462646e-01 4.452500045299530029e-01 4.075000062584877014e-02 7.332500219345092773e-01 9.382500052452087402e-01 6.639656424522399902e-01 5.170906782150268555e-01 3.386922180652618408e-01 1.761725693941116333e-01 6.748390793800354004e-01 4.771331250667572021e-01
1.657499969005584717e-01 4.641666710376739502e-01 4.592500030994415283e-01 9.822499752044677734e-01 4.127500057220458984e-01 4.217500090599060059e-01 2.080720514059066772e-01 3.971886932849884033e-01 6.123698353767395020e-01 8.952681422233581543e-01 4.863963723182678223e-01 6.505067348480224609e-01
2.125000022351741791e-02 7.388333082199096680e-01 4.952499866485595703e-01 3.525000065565109253e-02 1.022500023245811462e-01 2.652499973773956299e-01 3.199097886681556702e-02 6.876012086868286133e-01 5.739829540252685547e-01 4.195297360420227051e-01 1.704789698123931885e-01 3.890761435031890869e-01
3.042500019073486328e-01 4.875000119209289551e-01 5.937500000000000000e-01 6.657500267028808594e-01 7.922499775886535645e-01 6.207500100135803223e-01 3.210183978080749512e-01 5.336397886276245117e-01 6.139801144599914551e-01 5.936098694801330566e-01 7.891821861267089844e-01 4.795455038547515869e-01
7.575000077486038208e-02 5.325000286102294922e-01 6.192499995231628418e-01 3.077499866485595703e-01 9.867500066757202148e-01 2.112500071525573730e-01 8.242773264646530151e-02 6.082776188850402832e-01 6.111896038055419922e-01 4.884167313575744629e-01 9.652861356735229492e-01 5.907834768295288086e-01
5.682500004768371582e-01 8.168333172798156738e-01 7.142500281333923340e-01 6.342499852180480957e-01 1.852499991655349731e-01 6.887500286102294922e-01 5.301942825317382812e-01 6.448934078216552734e-01 4.258064329624176025e-01 8.180097341537475586e-01 2.118076533079147339e-01 5.348417758941650391e-01
4.537500143051147461e-01 1.998333334922790527e-01 2.847500145435333252e-01 7.297499775886535645e-01 7.447500228881835938e-01 6.367499828338623047e-01 4.356317222118377686e-01 3.970955312252044678e-01 4.739080369472503662e-01 6.417821049690246582e-01 6.738324761390686035e-01 5.550657510757446289e-01
5.322499871253967285e-01 2.804999947547912598e-01 3.727500140666961670e-01 7.675000280141830444e-02 8.337500095367431641e-01 7.682499885559082031e-01 4.918718039989471436e-01 3.661449551582336426e-01 3.063452541828155518e-01 2.244954109191894531e-01 7.998691201210021973e-01 5.819941163063049316e-01
1.092500016093254089e-01 6.178333163261413574e-01 7.722499966621398926e-01 2.387499958276748657e-01 8.862500190734863281e-01 8.407499790191650391e-01 1.161968037486076355e-01 5.910570621490478516e-01 6.714790463447570801e-01 3.001123368740081787e-01 8.718574643135070801e-01 5.700473189353942871e-01
9.807500243186950684e-01 2.291666716337203979e-01 3.102500140666961670e-01 6.692500114440917969e-01 9.342499971389770508e-01 5.042499899864196777e-01 9.101492166519165039e-01 4.899824857711791992e-01 4.196591079235076904e-01 7.674678564071655273e-01 9.025288820266723633e-01 4.821019768714904785e-01
8.967499732971191406e-01 2.321666628122329712e-01 5.242499709129333496e-01 2.202499955892562866e-01 4.437499940395355225e-01 4.922499954700469971e-01 9.040944576263427734e-01 3.123210072517395020e-01 5.733585953712463379e-01 1.564747691154479980e-01 4.053741395473480225e-01 3.234901130199432373e-01
2.482499927282333374e-01 7.261666655540466309e-01 9.722499847412109375e-01 3.262499868869781494e-01 4.457499980926513672e-01 1.347499936819076538e-01 2.500340044498443604e-01 6.181058287620544434e-01 6.778640747070312500e-01 4.494119882583618164e-01 4.627602696418762207e-01 2.481490671634674072e-01
2.212499976158142090e-01 4.198333323001861572e-01 9.537500143051147461e-01 2.074999921023845673e-02 9.292500019073486328e-01 2.527500092983245850e-01 2.509984970092773438e-01 3.764296174049377441e-01 8.099069595336914062e-01 1.740546077489852905e-01 8.737838268280029297e-01 3.195938766002655029e-01
4.207499921321868896e-01 3.928333222866058350e-01 2.457499951124191284e-01 3.887499868869781494e-01 7.632499933242797852e-01 2.437500059604644775e-01 3.658628165721893311e-01 6.355762481689453125e-01 5.326297283172607422e-01 3.697197139263153076e-01 7.080713510513305664e-01 3.771293759346008301e-01
6.847500205039978027e-01 2.678333222866058350e-01 4.557499885559082031e-01 3.624999895691871643e-02 8.582500219345092773e-01 9.222499728202819824e-01 6.100895404815673828e-01 3.750774264335632324e-01 4.492350220680236816e-01 1.484108865261077881e-01 8.166570663452148438e-01 4.972154796123504639e-01
8.732500076293945312e-01 2.725000083446502686e-01 4.512499868869781494e-01 5.282499790191650391e-01 4.322499930858612061e-01 6.017500162124633789e-01 7.221124768257141113e-01 5.609374642372131348e-01 7.234713435173034668e-01 6.727249026298522949e-01 3.947773575782775879e-01 3.795083463191986084e-01
7.467499971389770508e-01 7.624999880790710449e-01 5.102499723434448242e-01 2.852500081062316895e-01 1.242500022053718567e-01 3.997499942779541016e-01 7.593336105346679688e-01 6.237409114837646484e-01 3.336721658706665039e-01 4.623374342918395996e-01 1.254047751426696777e-01 5.202920436859130859e-01
5.867499709129333496e-01 8.078333139419555664e-01 2.922500073909759521e-01 1.027500033378601074e-01 5.472499728202819824e-01 7.422500252723693848e-01 6.518667340278625488e-01 5.800306797027587891e-01 1.262994706630706787e-01 1.342547535896301270e-01 5.712241530418395996e-01 5.701361298561096191e-01
6.932500004768371582e-01 5.788333415985107422e-01 3.522500097751617432e-01 4.267500042915344238e-01 6.672499775886535645e-01 5.692499876022338867e-01 6.912511587142944336e-01 5.438785552978515625e-01 4.784890711307525635e-01 2.520858049392700195e-01 6.677380800247192383e-01 4.111798405647277832e-01
2.487500011920928955e-01 3.291666805744171143e-01 7.607499957084655762e-01 4.117499887943267822e-01 4.032500088214874268e-01 3.217499852180480957e-01 2.935266196727752686e-01 2.995389997959136963e-01 7.135501503944396973e-01 3.268009126186370850e-01 4.069989323616027832e-01 4.553326070308685303e-01
9.072499871253967285e-01 8.131666779518127441e-01 9.025000035762786865e-02 9.002500176429748535e-01 4.662500023841857910e-01 8.277500271797180176e-01 8.865698575973510742e-01 7.034502625465393066e-01 5.303084477782249451e-02 8.820018172264099121e-01 4.790847301483154297e-01 6.713622212409973145e-01
5.277500152587890625e-01 4.578333199024200439e-01 7.275000214576721191e-02 6.292499899864196777e-01 4.912500083446502686e-01 8.482499718666076660e-01 4.840073287487030029e-01 4.852128326892852783e-01 1.568415015935897827e-01 5.716579556465148926e-01 4.756400585174560547e-01 6.444626450538635254e-01
1.802500039339065552e-01 3.061666786670684814e-01 9.812499880790710449e-01 3.322499990463256836e-01 8.327500224113464355e-01 1.947499960660934448e-01 1.807461380958557129e-01 2.675908505916595459e-01 8.435059785842895508e-01 5.059186220169067383e-01 8.436857461929321289e-01 4.861900210380554199e-01
6.377500295639038086e-01 7.938333153724670410e-01 3.097499907016754150e-01 8.457499742507934570e-01 4.147500097751617432e-01 9.157500267028808594e-01 5.453510284423828125e-01 7.328860759735107422e-01 1.713083833456039429e-01 8.165916204452514648e-01 3.707810640335083008e-01 4.600322842597961426e-01
9.102500081062316895e-01 2.714999914169311523e-01 2.972500026226043701e-01 2.082500010728836060e-01 6.252499818801879883e-01 1.750000054016709328e-03 8.907788395881652832e-01 5.633653998374938965e-01 5.151526927947998047e-01 2.024386227130889893e-01 5.608296990394592285e-01 3.064503967761993408e-01
1.957499980926513672e-01 6.941666603088378906e-01 8.002499938011169434e-01 3.062500059604644775e-01 2.172500044107437134e-01 1.525000017136335373e-02 2.080101370811462402e-01 6.182332634925842285e-01 6.869326233863830566e-01 3.101529777050018311e-01 2.391881346702575684e-01 1.749828010797500610e-01
9.997500181198120117e-01 2.838333249092102051e-01 6.687499880790710449e-01 6.812499761581420898e-01 7.772499918937683105e-01 3.487499952316284180e-01 9.358270764350891113e-01 4.640574157238006592e-01 7.844204306602478027e-01 7.717575430870056152e-01 7.489633560180664062e-01 4.690929949283599854e-01
8.602499961853027344e-01 3.648333251476287842e-01 4.802500009536743164e-01 4.162499904632568359e-01 7.132499814033508301e-01 1.772499978542327881e-01 8.015895485877990723e-01 4.791305959224700928e-01 6.842944025993347168e-01 4.428632557392120361e-01 7.121426463127136230e-01 4.299696981906890869e-01
3.202500045299530029e-01 3.968333303928375244e-01 2.632499933242797852e-01 5.057500004768371582e-01 4.442499876022338867e-01 5.022500157356262207e-01 3.364257514476776123e-01 4.744341075420379639e-01 3.382467627525329590e-01 5.706334710121154785e-01 4.310510158538818359e-01 5.564501285552978516e-01
2.447499930858612061e-01 4.018333256244659424e-01 3.717499971389770508e-01 4.312500059604644775e-01 9.507499933242797852e-01 9.097499847412109375e-01 1.693681329488754272e-01 4.811675548553466797e-01 6.517494916915893555e-01 3.360468447208404541e-01 9.450988173484802246e-01 6.162071228027343750e-01
1.397500038146972656e-01 7.238333225250244141e-01 9.242500066757202148e-01 1.162500008940696716e-01 5.677499771118164062e-01 8.887500166893005371e-01 1.219877228140830994e-01 4.561420381069183350e-01 5.760810375213623047e-01 1.072737723588943481e-01 6.427035331726074219e-01 6.564661264419555664e-01
4.042499959468841553e-01 6.948333382606506348e-01 1.402499973773956299e-01 6.512500047683715820e-01 9.082499742507934570e-01 5.587499737739562988e-01 3.924533426761627197e-01 6.462053656578063965e-01 9.802258014678955078e-02 6.898963451385498047e-01 9.386757016181945801e-01 6.112267374992370605e-01
2.557500004768371582e-01 3.218333423137664795e-01 9.807500243186950684e-01 9.847499728202819824e-01 2.017499953508377075e-01 7.722499966621398926e-01 2.524499893188476562e-01 3.061022460460662842e-01 7.601646184921264648e-01 8.991625905036926270e-01 2.383015751838684082e-01 6.227478981018066406e-01
2.642500102519989014e-01 2.874999940395355225e-01 4.677500128746032715e-01 7.367500066757202148e-01 3.875000029802322388e-02 1.557500064373016357e-01 3.045778870582580566e-01 3.295731544494628906e-01 7.417215108871459961e-01 6.026508212089538574e-01 3.732752054929733276e-02 5.137361288070678711e-01
3.902499973773956299e-01 5.161666870117187500e-01 6.187499761581420898e-01 6.102499961853027344e-01 5.732499957084655762e-01 5.375000089406967163e-02 4.287884533405303955e-01 4.585612714290618896e-01 5.381363034248352051e-01 5.594360232353210449e-01 5.660315752029418945e-01 5.188496708869934082e-01
6.572499871253967285e-01 6.905000209808349609e-01 1.547500044107437134e-01 6.682500243186950684e-01 2.057500034570693970e-01 6.432499885559082031e-01 5.846404433250427246e-01 7.201643586158752441e-01 1.774991303682327271e-01 7.901502251625061035e-01 2.104512900114059448e-01 5.402216315269470215e-01
1.417499929666519165e-01 2.491666674613952637e-01 1.797499954700469971e-01 4.492500126361846924e-01 5.567499995231628418e-01 1.492500007152557373e-01 2.339268177747726440e-01 4.259761571884155273e-01 5.868995189666748047e-01 2.300678789615631104e-01 4.572129249572753906e-01 5.199023485183715820e-01
2.432499974966049194e-01 7.321666479110717773e-01 5.017499923706054688e-01 1.172500029206275940e-01 8.075000345706939697e-02 4.862500131130218506e-01 2.357766330242156982e-01 5.692290067672729492e-01 4.357898533344268799e-01 1.718599796295166016e-01 1.069147810339927673e-01 5.218622684478759766e-01
9.077500104904174805e-01 5.318333506584167480e-01 5.642499923706054688e-01 4.442499876022338867e-01 9.937499761581420898e-01 7.749999873340129852e-03 9.773070812225341797e-01 5.859804153442382812e-01 6.307633519172668457e-01 3.380225598812103271e-01 9.558060765266418457e-01 2.631007730960845947e-01
1.637499928474426270e-01 4.468333423137664795e-01 1.425000000745058060e-02 4.767499864101409912e-01 4.107500016689300537e-01 4.427500069141387939e-01 1.892990916967391968e-01 5.608547329902648926e-01 1.122104153037071228e-01 6.785393357276916504e-01 4.031822383403778076e-01 6.949210166931152344e-01
2.917500138282775879e-01 6.598333120346069336e-01 7.824999839067459106e-02 2.667500078678131104e-01 8.082500100135803223e-01 2.227499932050704956e-01 3.563218116760253906e-01 6.876438856124877930e-01 1.949725151062011719e-01 1.983074843883514404e-01 7.394627928733825684e-01 5.085496306419372559e-01
8.227499723434448242e-01 6.541666388511657715e-01 4.422500133514404297e-01 2.502500116825103760e-01 2.097499966621398926e-01 4.887500107288360596e-01 8.342063426971435547e-01 5.767266750335693359e-01 4.004605710506439209e-01 1.972241401672363281e-01 2.242717891931533813e-01 3.575297892093658447e-01
9.372500181198120117e-01 3.725000023841857910e-01 8.712499737739562988e-01 1.522500067949295044e-01 3.375000134110450745e-02 5.407500267028808594e-01 9.326934218406677246e-01 3.703886568546295166e-01 6.839887499809265137e-01 2.837032973766326904e-01 3.576633334159851074e-02 4.607386589050292969e-01
4.402500092983245850e-01 3.894999921321868896e-01 2.122499942779541016e-01 2.637499868869781494e-01 8.617500066757202148e-01 4.952499866485595703e-01 4.783274233341217041e-01 5.316911935806274414e-01 2.796895503997802734e-01 2.395301461219787598e-01 8.121199607849121094e-01 5.479818582534790039e-01
9.724999964237213135e-02 8.098333477973937988e-01 1.827500015497207642e-01 5.092499852180480957e-01 6.662499904632568359e-01 3.492499887943267822e-01 9.702952951192855835e-02 7.239404916763305664e-01 1.187614277005195618e-01 5.068548321723937988e-01 7.897077798843383789e-01 5.387312769889831543e-01
1.272500008344650269e-01 5.954999923706054688e-01 5.587499737739562988e-01 1.207500025629997253e-01 9.262499809265136719e-01 3.067499995231628418e-01 1.145118772983551025e-01 6.177446842193603516e-01 5.024634003639221191e-01 3.508285582065582275e-01 9.643176794052124023e-01 6.272805929183959961e-01
1.457500010728836060e-01 7.138333320617675781e-01 6.342499852180480957e-01 4.452500045299530029e-01 6.607499718666076660e-01 3.792499899864196777e-01 1.573017239570617676e-01 5.865938067436218262e-01 5.334737896919250488e-01 4.408895969390869141e-01 6.422012448310852051e-01 5.219517946243286133e-01
1.125000044703483582e-02 5.074999928474426270e-01 8.474999666213989258e-02 6.182500123977661133e-01 6.472499966621398926e-01 6.172500252723693848e-01 1.957729086279869080e-02 7.319954633712768555e-01 3.003554940223693848e-01 6.475466489791870117e-01 6.891181468963623047e-01 6.343390941619873047e-01
1.787499934434890747e-01 8.274999856948852539e-01 1.372500061988830566e-01 2.587499916553497314e-01 5.624999850988388062e-02 2.852500081062316895e-01 2.597980201244354248e-01 7.413167357444763184e-01 6.783548742532730103e-02 4.236087799072265625e-01 1.109560877084732056e-01 5.982903838157653809e-01
8.747500181198120117e-01 7.275000214576721191e-01 1.707500070333480835e-01 4.047499895095825195e-01 8.967499732971191406e-01 2.662500143051147461e-01 8.358255624771118164e-01 6.621940732002258301e-01 1.038198769092559814e-01 7.027743458747863770e-01 8.877921104431152344e-01 5.938401222229003906e-01
4.442499876022338867e-01 2.761666774749755859e-01 8.527500033378601074e-01 9.974999725818634033e-02 3.907499909400939941e-01 4.057500064373016357e-01 4.393522441387176514e-01 2.530324459075927734e-01 8.195464015007019043e-01 2.321325093507766724e-01 4.019567072391510010e-01 2.829308807849884033e-01
8.032500147819519043e-01 3.578333258628845215e-01 1.062500029802322388e-01 5.687500238418579102e-01 9.322500228881835938e-01 9.377499818801879883e-01 7.157807350158691406e-01 5.925546884536743164e-01 2.918878793716430664e-01 3.794210851192474365e-01 8.857886195182800293e-01 4.928620159626007080e-01
1.552499979734420776e-01 3.531666696071624756e-01 6.602500081062316895e-01 2.117500007152557373e-01 8.307499885559082031e-01 4.097500145435333252e-01 1.779910922050476074e-01 3.795929551124572754e-01 6.944854259490966797e-01 1.819378882646560669e-01 8.025525212287902832e-01 6.016859412193298340e-01
2.392500042915344238e-01 6.184999942779541016e-01 6.477500200271606445e-01 8.122500181198120117e-01 6.692500114440917969e-01 5.552499890327453613e-01 2.566416561603546143e-01 5.983140468597412109e-01 6.589205265045166016e-01 8.946641087532043457e-01 6.819171309471130371e-01 4.656734466552734375e-01
9.202499985694885254e-01 5.308333039283752441e-01 5.692499876022338867e-01 8.532500267028808594e-01 5.937500000000000000e-01 7.037500143051147461e-01 9.673764705657958984e-01 6.190846562385559082e-01 4.973012506961822510e-01 8.416919112205505371e-01 5.686872601509094238e-01 4.763193130493164062e-01
3.987500071525573730e-01 6.078333258628845215e-01 1.924999989569187164e-02 9.657499790191650391e-01 1.872500032186508179e-01 7.317500114440917969e-01 4.150824844837188721e-01 5.348688364028930664e-01 6.151864677667617798e-02 8.050329089164733887e-01 2.174938619136810303e-01 6.885314583778381348e-01
4.272499978542327881e-01 1.911666691303253174e-01 4.547500014305114746e-01 1.542499959468841553e-01 2.422499954700469971e-01 4.807499945163726807e-01 4.214627444744110107e-01 3.263902068138122559e-01 6.255698800086975098e-01 1.822988986968994141e-01 2.381844371557235718e-01 4.664027392864227295e-01
5.025000125169754028e-02 5.998333096504211426e-01 9.982500076293945312e-01 8.427500128746032715e-01 5.647500157356262207e-01 2.724999934434890747e-02 5.415492877364158630e-02 5.860388278961181641e-01 7.732499837875366211e-01 7.274942398071289062e-01 5.409517288208007812e-01 3.055780231952667236e-01
2.857500016689300537e-01 4.111666679382324219e-01 2.652499973773956299e-01 3.987500071525573730e-01 6.497499942779541016e-01 2.452500015497207642e-01 3.104411661624908447e-01 4.523888230323791504e-01 4.526875913143157959e-01 4.851543605327606201e-01 6.202704310417175293e-01 5.504373311996459961e-01
2.937499880790710449e-01 6.168333292007446289e-01 1.602499932050704956e-01 3.847500085830688477e-01 3.707500100135803223e-01 1.992499977350234985e-01 2.780018746852874756e-01 7.619550824165344238e-01 4.118323326110839844e-01 5.108141303062438965e-01 3.191265165805816650e-01 2.444219142198562622e-01
6.647499799728393555e-01 1.885000020265579224e-01 6.582499742507934570e-01 7.322499752044677734e-01 8.992499709129333496e-01 9.337499737739562988e-01 6.209860444068908691e-01 3.381911516189575195e-01 7.577018141746520996e-01 6.385400295257568359e-01 8.606841564178466797e-01 4.741714000701904297e-01
5.797500014305114746e-01 3.698333203792572021e-01 2.927500009536743164e-01 1.507499963045120239e-01 7.675000280141830444e-02 2.677499949932098389e-01 5.348802804946899414e-01 4.888552725315093994e-01 4.587540626525878906e-01 1.833513230085372925e-01 4.913192614912986755e-02 5.167772173881530762e-01
3.487499952316284180e-01 5.598333477973937988e-01 7.522500157356262207e-01 1.732500046491622925e-01 2.637499868869781494e-01 7.152500152587890625e-01 2.663554549217224121e-01 5.598176121711730957e-01 5.953748822212219238e-01 3.801927566528320312e-01 2.663893103599548340e-01 3.553787171840667725e-01
6.402500271797180176e-01 1.861666738986968994e-01 1.167500019073486328e-01 1.747500002384185791e-01 5.462499856948852539e-01 7.862499952316284180e-01 6.125264167785644531e-01 4.080113470554351807e-01 2.469972074031829834e-01 1.165533289313316345e-01 4.831925928592681885e-01 5.545267462730407715e-01
4.067499935626983643e-01 4.025000035762786865e-01 9.247499704360961914e-01 1.727499961853027344e-01 3.897500038146972656e-01 8.987500071525573730e-01 4.817686676979064941e-01 3.277208805084228516e-01 5.607424378395080566e-01 1.888474076986312866e-01 4.024142622947692871e-01 4.536379277706146240e-01
5.307499766349792480e-01 2.318333387374877930e-01 3.974999859929084778e-02 7.917500138282775879e-01 4.024999961256980896e-02 9.287499785423278809e-01 5.148277282714843750e-01 4.358622431755065918e-01 5.677210539579391479e-02 7.419441342353820801e-01 2.884608320891857147e-02 6.609901189804077148e-01
3.137499988079071045e-01 7.521666884422302246e-01 2.637499868869781494e-01 9.250000119209289551e-03 5.362499952316284180e-01 5.417500138282775879e-01 2.690152227878570557e-01 6.905853152275085449e-01 2.223780304193496704e-01 2.072308957576751709e-01 5.323429703712463379e-01 4.799584448337554932e-01
1.642500013113021851e-01 6.128333210945129395e-01 3.457500040531158447e-01 1.657499969005584717e-01 2.882499992847442627e-01 4.692499935626983643e-01 1.913460344076156616e-01 5.478228330612182617e-01 2.815112471580505371e-01 1.922018826007843018e-01 3.215370774269104004e-01 6.581961512565612793e-01
5.972499847412109375e-01 4.751666784286499023e-01 2.022500038146972656e-01 3.917500078678131104e-01 9.224999696016311646e-02 4.967499971389770508e-01 6.468036174774169922e-01 4.930439293384552002e-01 2.193949520587921143e-01 2.739559113979339600e-01 7.419210672378540039e-02 5.955783128738403320e-01
8.727499842643737793e-01 2.191666662693023682e-01 8.624999970197677612e-02 5.197499990463256836e-01 4.707500040531158447e-01 6.627500057220458984e-01 7.380518317222595215e-01 3.541434109210968018e-01 2.757734358310699463e-01 4.903715848922729492e-01 4.275865852832794189e-01 5.951817035675048828e-01
2.872500121593475342e-01 5.358333587646484375e-01 7.887499928474426270e-01 8.307499885559082031e-01 7.507500052452087402e-01 3.367500007152557373e-01 3.566346764564514160e-01 4.104062318801879883e-01 6.989309191703796387e-01 9.064830541610717773e-01 7.849920988082885742e-01 5.820756554603576660e-01
8.887500166893005371e-01 3.881666660308837891e-01 9.907500147819519043e-01 2.697499990463256836e-01 3.377499878406524658e-01 9.775000065565109253e-02 8.824295401573181152e-01 3.272720277309417725e-01 8.346825242042541504e-01 3.937625288963317871e-01 3.199113309383392334e-01 3.338346183300018311e-01
7.312499880790710449e-01 2.675000131130218506e-01 2.225000038743019104e-02 6.447499990463256836e-01 4.242500066757202148e-01 7.372499704360961914e-01 6.698906421661376953e-01 6.407638192176818848e-01 1.314621120691299438e-01 7.023043036460876465e-01 3.534897863864898682e-01 6.636999845504760742e-01
3.247500061988830566e-01 2.258333265781402588e-01 9.842500090599060059e-01 6.552500128746032715e-01 7.052500247955322266e-01 3.892500102519989014e-01 3.408413231372833252e-01 2.004356384277343750e-01 8.826901912689208984e-01 6.094759106636047363e-01 6.951079964637756348e-01 4.174769520759582520e-01
5.252500176429748535e-01 5.295000076293945312e-01 1.532499939203262329e-01 3.142499923706054688e-01 5.397499799728393555e-01 6.522499918937683105e-01 5.331435203552246094e-01 4.398345947265625000e-01 1.640667766332626343e-01 2.981978356838226318e-01 5.344100594520568848e-01 6.170806288719177246e-01
9.417499899864196777e-01 5.515000224113464355e-01 6.947500109672546387e-01 5.367500185966491699e-01 8.432499766349792480e-01 1.122500002384185791e-01 9.426211714744567871e-01 4.563696086406707764e-01 6.274255514144897461e-01 5.557439327239990234e-01 8.386832475662231445e-01 4.110597372055053711e-01
3.875000029802322388e-02 7.188333272933959961e-01 7.992500066757202148e-01 5.452499985694885254e-01 6.377500295639038086e-01 1.324999984353780746e-02 3.705578297376632690e-02 6.665107607841491699e-01 7.093141674995422363e-01 7.494638562202453613e-01 6.390963196754455566e-01 3.023326992988586426e-01
5.249999929219484329e-03 7.941666841506958008e-01 6.547499895095825195e-01 7.142500281333923340e-01 5.962499976158142090e-01 5.492500066757202148e-01 1.353494916111230850e-02 7.760443687438964844e-01 4.949053525924682617e-01 7.473639249801635742e-01 6.207704544067382812e-01 3.882128894329071045e-01
1.982499957084655762e-01 2.948333323001861572e-01 3.332499861717224121e-01 1.847500056028366089e-01 1.277499943971633911e-01 9.992499947547912598e-01 1.419310718774795532e-01 2.531660497188568115e-01 3.142505884170532227e-01 1.735603809356689453e-01 8.908373862504959106e-02 7.283151149749755859e-01
6.624999642372131348e-02 3.068333268165588379e-01 8.647500276565551758e-01 6.417499780654907227e-01 6.452500224113464355e-01 8.202499747276306152e-01 3.117223829030990601e-02 2.654226720333099365e-01 8.493514060974121094e-01 6.002818942070007324e-01 6.496905684471130371e-01 6.487462520599365234e-01
6.417499780654907227e-01 3.918333351612091064e-01 8.537499904632568359e-01 9.557499885559082031e-01 6.367499828338623047e-01 3.875000029802322388e-02 6.654011011123657227e-01 3.602939844131469727e-01 8.508934378623962402e-01 8.930880427360534668e-01 6.153444647789001465e-01 4.132034182548522949e-01
6.822500228881835938e-01 4.698333442211151123e-01 9.162499904632568359e-01 3.027499914169311523e-01 2.732500135898590088e-01 8.732500076293945312e-01 7.734231948852539062e-01 2.476390451192855835e-01 4.762833416461944580e-01 3.035853207111358643e-01 3.014034628868103027e-01 5.144202113151550293e-01
9.862499833106994629e-01 2.978333234786987305e-01 9.952499866485595703e-01 3.912500143051147461e-01 9.522500038146972656e-01 1.672500073909759521e-01 9.287799596786499023e-01 3.284864723682403564e-01 8.571776747703552246e-01 5.507369041442871094e-01 9.113992452621459961e-01 3.591484129428863525e-01
3.382500112056732178e-01 6.625000238418579102e-01 5.462499856948852539e-01 8.392500281333923340e-01 5.572500228881835938e-01 9.237499833106994629e-01 3.410369157791137695e-01 3.953129053115844727e-01 2.998023033142089844e-01 8.036772608757019043e-01 5.942758917808532715e-01 6.202591657638549805e-01
8.317499756813049316e-01 4.205000102519989014e-01 9.217500090599060059e-01 5.212500095367431641e-01 3.522500097751617432e-01 2.807500064373016357e-01 8.894349336624145508e-01 3.424133658409118652e-01 7.987996935844421387e-01 5.456960201263427734e-01 3.715283572673797607e-01 4.387723505496978760e-01
2.437500059604644775e-01 3.301666676998138428e-01 3.224999830126762390e-02 2.747499942779541016e-01 2.617500126361846924e-01 9.772499799728393555e-01 1.885519623756408691e-01 3.109505772590637207e-01 7.663694024085998535e-02 9.200563281774520874e-02 3.235524892807006836e-01 8.920831680297851562e-01
5.232499837875366211e-01 3.644999861717224121e-01 1.937499940395355225e-01 2.627499997615814209e-01 3.482500016689300537e-01 4.997499883174896240e-01 4.740841984748840332e-01 4.849869608879089355e-01 2.950454056262969971e-01 3.042965531349182129e-01 3.073744475841522217e-01 5.758159160614013672e-01
7.197499871253967285e-01 7.484999895095825195e-01 3.067499995231628418e-01 2.174999937415122986e-02 5.375000089406967163e-02 3.932499885559082031e-01 8.189497590065002441e-01 5.186558961868286133e-01 7.356855273246765137e-02 4.307296127080917358e-02 5.477439984679222107e-02 4.876021444797515869e-01
5.892500281333923340e-01 5.498333573341369629e-01 7.962499856948852539e-01 6.457499861717224121e-01 9.237499833106994629e-01 2.492499947547912598e-01 6.782461404800415039e-01 4.088076949119567871e-01 7.732470631599426270e-01 3.277461826801300049e-01 8.938294053077697754e-01 2.824094295501708984e-01
9.487500190734863281e-01 3.458333313465118408e-01 9.257500171661376953e-01 4.257499873638153076e-01 5.072500109672546387e-01 6.402500271797180176e-01 9.024135470390319824e-01 4.075909554958343506e-01 8.270418643951416016e-01 5.155904293060302734e-01 4.727305769920349121e-01 3.583012521266937256e-01
7.787500023841857910e-01 4.901666641235351562e-01 6.752499938011169434e-01 8.277500271797180176e-01 2.502500116825103760e-01 1.617500036954879761e-01 7.746991515159606934e-01 4.543390870094299316e-01 7.719521522521972656e-01 8.198292255401611328e-01 2.801610231399536133e-01 5.025075674057006836e-01
4.524999856948852539e-02 4.848333299160003662e-01 1.782499998807907104e-01 9.092500209808349609e-01 8.717499971389770508e-01 7.067499756813049316e-01 6.181998550891876221e-02 6.291916966438293457e-01 3.865960240364074707e-01 4.540192186832427979e-01 8.718656897544860840e-01 6.385772228240966797e-01
2.257499992847442627e-01 6.054999828338623047e-01 2.522499859333038330e-01 5.772500038146972656e-01 2.167499959468841553e-01 3.992500007152557373e-01 2.755643129348754883e-01 5.584691166877746582e-01 2.973783016204833984e-01 5.704239606857299805e-01 2.264756709337234497e-01 5.509600639343261719e-01
5.642499923706054688e-01 4.078333377838134766e-01 2.772499918937683105e-01 2.077499926090240479e-01 5.442500114440917969e-01 1.422500014305114746e-01 5.922623872756958008e-01 5.655829906463623047e-01 4.285385608673095703e-01 2.371108680963516235e-01 4.934203624725341797e-01 3.903242945671081543e-01
9.042500257492065430e-01 7.071666717529296875e-01 7.277500033378601074e-01 2.137500047683715820e-01 2.687500119209289551e-01 7.567499876022338867e-01 8.921124339103698730e-01 4.807693660259246826e-01 4.743843078613281250e-01 2.256961762905120850e-01 3.061142265796661377e-01 3.586608469486236572e-01
1.127500012516975403e-01 3.941666781902313232e-01 8.792499899864196777e-01 8.812500238418579102e-01 2.722499966621398926e-01 9.962499737739562988e-01 8.001016825437545776e-02 3.668467402458190918e-01 7.469458580017089844e-01 6.580188274383544922e-01 3.076212108135223389e-01 6.556069254875183105e-01
9.252499938011169434e-01 7.921666502952575684e-01 9.292500019073486328e-01 2.957499921321868896e-01 5.702499747276306152e-01 6.224999949336051941e-02 9.603049159049987793e-01 6.385828852653503418e-01 6.340574026107788086e-01 5.193549394607543945e-01 5.309686660766601562e-01 3.524212837219238281e-01
6.127499938011169434e-01 5.501666665077209473e-01 9.612500071525573730e-01 7.837499976158142090e-01 5.824999883770942688e-02 6.387500166893005371e-01 6.546509265899658203e-01 3.489104509353637695e-01 7.104707360267639160e-01 7.315751314163208008e-01 7.785677909851074219e-02 5.821912288665771484e-01
4.762499928474426270e-01 5.431666374206542969e-01 3.672499954700469971e-01 9.602500200271606445e-01 5.622500181198120117e-01 9.257500171661376953e-01 4.319641888141632080e-01 6.528517603874206543e-01 5.296984314918518066e-01 8.391677737236022949e-01 5.081374049186706543e-01 4.606695473194122314e-01
7.962499856948852539e-01 5.661666393280029297e-01 5.132499933242797852e-01 1.877499967813491821e-01 7.142500281333923340e-01 8.717499971389770508e-01 7.536456584930419922e-01 5.725788474082946777e-01 3.143353164196014404e-01 2.318968325853347778e-01 6.947419643402099609e-01 4.774994850158691406e-01
6.807500123977661133e-01 1.778333336114883423e-01 3.822500109672546387e-01 6.067500114440917969e-01 9.442499876022338867e-01 3.877499997615814209e-01 7.054203748703002930e-01 3.037419617176055908e-01 4.801893234252929688e-01 7.292058467864990234e-01 9.218133091926574707e-01 6.190537810325622559e-01
8.982499837875366211e-01 5.688333511352539062e-01 5.777500271797180176e-01 8.957499861717224121e-01 2.717500030994415283e-01 5.717499852180480957e-01 9.611604809761047363e-01 6.815743446350097656e-01 6.661474108695983887e-01 8.633670210838317871e-01 2.758818566799163818e-01 4.582253098487854004e-01
4.462499916553497314e-01 6.248333454132080078e-01 1.407500058412551880e-01 1.487500071525573730e-01 3.737500011920928955e-01 1.887499988079071045e-01 4.721778631210327148e-01 6.911894083023071289e-01 2.602820098400115967e-01 2.565182447433471680e-01 3.598995506763458252e-01 4.231660664081573486e-01
6.252499818801879883e-01 3.594999909400939941e-01 1.142499968409538269e-01 3.637500107288360596e-01 3.617500066757202148e-01 5.112500190734863281e-01 5.682348012924194336e-01 4.417388439178466797e-01 2.721026837825775146e-01 4.036912918090820312e-01 3.191347718238830566e-01 6.130286455154418945e-01
7.074999809265136719e-02 5.011666417121887207e-01 1.724999956786632538e-02 8.332499861717224121e-01 8.347499966621398926e-01 8.524999767541885376e-02 1.123908907175064087e-01 7.036208510398864746e-01 1.321606636047363281e-01 7.868648767471313477e-01 6.969577074050903320e-01 3.855162858963012695e-01
3.952499926090240479e-01 6.208333373069763184e-01 9.577500224113464355e-01 9.825000166893005371e-02 3.727500140666961670e-01 9.052500128746032715e-01 3.260155916213989258e-01 3.836862146854400635e-01 6.123931407928466797e-01 2.823364138603210449e-01 4.184285104274749756e-01 4.491981267929077148e-01
1.712500005960464478e-01 2.144999951124191284e-01 7.362499833106994629e-01 9.427499771118164062e-01 7.907500267028808594e-01 5.992500185966491699e-01 1.250028610229492188e-01 1.821585595607757568e-01 8.876817226409912109e-01 9.370551705360412598e-01 7.812104225158691406e-01 7.440298795700073242e-01
9.274999797344207764e-02 2.041666656732559204e-01 9.337499737739562988e-01 6.732500195503234863e-01 4.847500026226043701e-01 3.072499930858612061e-01 9.352603554725646973e-02 1.696380078792572021e-01 9.298279881477355957e-01 4.464504718780517578e-01 4.587892889976501465e-01 2.829224169254302979e-01
9.217500090599060059e-01 6.858333349227905273e-01 1.307500004768371582e-01 8.067499995231628418e-01 8.147500157356262207e-01 2.397499978542327881e-01 8.536952733993530273e-01 6.241153478622436523e-01 2.148527354001998901e-01 8.668128252029418945e-01 7.853146791458129883e-01 5.440256595611572266e-01
5.862500071525573730e-01 1.678333282470703125e-01 6.757500171661376953e-01 1.812500059604644775e-01 1.397500038146972656e-01 5.132499933242797852e-01 5.977471470832824707e-01 2.335939705371856689e-01 6.013071537017822266e-01 2.168800979852676392e-01 1.139788255095481873e-01 4.997689723968505859e-01
6.024999916553497314e-02 1.694999933242797852e-01 1.662500053644180298e-01 3.552500009536743164e-01 4.777500033378601074e-01 1.982499957084655762e-01 1.194353029131889343e-01 3.618707954883575439e-01 4.210894107818603516e-01 3.459366858005523682e-01 3.908984959125518799e-01 7.063141465187072754e-01
1.532499939203262329e-01 5.558333396911621094e-01 9.652500152587890625e-01 3.352499902248382568e-01 9.012500047683715820e-01 6.342499852180480957e-01 1.418041139841079712e-01 3.700996041297912598e-01 7.018676996231079102e-01 1.912847012281417847e-01 9.690620303153991699e-01 7.110245823860168457e-01
6.674999743700027466e-02 5.758333206176757812e-01 9.917500019073486328e-01 7.912499904632568359e-01 5.177500247955322266e-01 7.287499904632568359e-01 4.249924421310424805e-02 4.546618759632110596e-01 7.483310699462890625e-01 8.240543007850646973e-01 5.456503629684448242e-01 6.496676206588745117e-01
2.962499856948852539e-01 6.678333282470703125e-01 8.097500205039978027e-01 2.537499964237213135e-01 5.274999886751174927e-02 6.282500028610229492e-01 2.999557852745056152e-01 5.553954839706420898e-01 6.342841982841491699e-01 2.426008582115173340e-01 5.632807314395904541e-02 3.820016384124755859e-01
1.082499995827674866e-01 4.675000011920928955e-01 7.507500052452087402e-01 8.574999868869781494e-02 4.172500073909759521e-01 2.017499953508377075e-01 1.152688935399055481e-01 4.947093427181243896e-01 7.301046252250671387e-01 2.599087357521057129e-01 4.059968590736389160e-01 3.613424301147460938e-01
2.237499952316284180e-01 5.978333353996276855e-01 2.074999921023845673e-02 1.122500002384185791e-01 4.927499890327453613e-01 8.132500052452087402e-01 1.864820420742034912e-01 6.854564547538757324e-01 8.459880203008651733e-02 1.674408465623855591e-01 5.303240418434143066e-01 7.742686867713928223e-01
8.387500047683715820e-01 7.281666398048400879e-01 2.237499952316284180e-01 5.067499876022338867e-01 5.874999985098838806e-02 5.522500276565551758e-01 8.493397235870361328e-01 6.828525662422180176e-01 1.662901639938354492e-01 5.589185357093811035e-01 5.700407922267913818e-02 5.623887181282043457e-01
8.272500038146972656e-01 7.708333134651184082e-01 1.257500052452087402e-01 2.372500002384185791e-01 7.802500128746032715e-01 6.132500171661376953e-01 7.725850343704223633e-01 7.662814259529113770e-01 6.020227447152137756e-02 2.413368970155715942e-01 7.234570980072021484e-01 4.802244007587432861e-01
2.002499997615814209e-01 5.841666460037231445e-01 7.257500290870666504e-01 1.112499982118606567e-01 8.562499880790710449e-01 7.872499823570251465e-01 2.093202918767929077e-01 4.374330341815948486e-01 5.020738244056701660e-01 2.735225856304168701e-01 9.474248886108398438e-01 7.184861302375793457e-01
1.972499936819076538e-01 8.284999728202819824e-01 4.192500114440917969e-01 6.227499842643737793e-01 2.147500067949295044e-01 2.537499964237213135e-01 1.887456625699996948e-01 7.788519263267517090e-01 3.212327361106872559e-01 6.609811186790466309e-01 2.180892378091812134e-01 2.256149649620056152e-01
7.972499728202819824e-01 7.788333296775817871e-01 5.902500152587890625e-01 9.812499880790710449e-01 3.947499990463256836e-01 4.007500112056732178e-01 8.762787580490112305e-01 5.914101004600524902e-01 6.061027050018310547e-01 8.447700738906860352e-01 4.244370460510253906e-01 5.201686620712280273e-01
1.997500061988830566e-01 7.825000286102294922e-01 9.167500138282775879e-01 5.307499766349792480e-01 7.207499742507934570e-01 9.192500114440917969e-01 2.015510499477386475e-01 4.831200242042541504e-01 4.612976312637329102e-01 5.307233929634094238e-01 8.458217382431030273e-01 6.812329888343811035e-01
5.367500185966491699e-01 6.115000247955322266e-01 4.712499976158142090e-01 8.387500047683715820e-01 2.482499927282333374e-01 9.402499794960021973e-01 5.521758794784545898e-01 5.144447684288024902e-01 3.446375131607055664e-01 7.738626003265380859e-01 2.837522625923156738e-01 5.967857837677001953e-01
2.727499902248382568e-01 6.911666393280029297e-01 8.202499747276306152e-01 5.782499909400939941e-01 4.992499947547912598e-01 1.327500045299530029e-01 2.779290378093719482e-01 6.655037403106689453e-01 6.411169767379760742e-01 5.145432353019714355e-01 4.694983661174774170e-01 2.628037333488464355e-01
5.062500238418579102e-01 7.064999938011169434e-01 6.125000119209289551e-02 7.552499771118164062e-01 6.374999880790710449e-02 7.187500000000000000e-01 4.458710849285125732e-01 7.536677718162536621e-01 4.303186386823654175e-02 6.985839605331420898e-01 4.925919324159622192e-02 5.660982131958007812e-01
7.782499790191650391e-01 4.418333470821380615e-01 3.777500092983245850e-01 3.072499930858612061e-01 6.947500109672546387e-01 9.937499761581420898e-01 7.397875785827636719e-01 4.151243567466735840e-01 3.518578708171844482e-01 2.050177156925201416e-01 6.678668260574340820e-01 5.258625149726867676e-01
4.497500061988830566e-01 7.638333439826965332e-01 9.147499799728393555e-01 7.937499880790710449e-01 8.362500071525573730e-01 8.777499794960021973e-01 4.714883863925933838e-01 5.412090420722961426e-01 5.067505836486816406e-01 8.154032826423645020e-01 8.622429966926574707e-01 5.369036793708801270e-01
9.122499823570251465e-01 6.398333311080932617e-01 3.502500057220458984e-01 2.822499871253967285e-01 9.062500000000000000e-01 1.932500004768371582e-01 8.527945280075073242e-01 5.838303565979003906e-01 5.242660045623779297e-01 2.532887160778045654e-01 8.815478086471557617e-01 3.485870659351348877e-01
6.652500033378601074e-01 3.734999895095825195e-01 7.932500243186950684e-01 8.697500228881835938e-01 7.092499732971191406e-01 5.117499828338623047e-01 6.032107472419738770e-01 3.013780415058135986e-01 8.415828347206115723e-01 8.175198435783386230e-01 7.205079197883605957e-01 4.183164238929748535e-01
8.992499709129333496e-01 6.918333172798156738e-01 2.242500036954879761e-01 5.402500033378601074e-01 2.182500064373016357e-01 5.622500181198120117e-01 9.106587767601013184e-01 6.183581948280334473e-01 3.164398670196533203e-01 3.937352001667022705e-01 2.344281971454620361e-01 4.342769086360931396e-01
5.557500123977661133e-01 4.505000114440917969e-01 4.267500042915344238e-01 2.027499973773956299e-01 3.252499997615814209e-01 1.367499977350234985e-01 6.030037999153137207e-01 4.273537993431091309e-01 4.798138141632080078e-01 1.348121911287307739e-01 3.422049283981323242e-01 3.950368762016296387e-01
1.742500066757202148e-01 3.404999971389770508e-01 4.997499883174896240e-01 1.292500048875808716e-01 2.197500020265579224e-01 4.547500014305114746e-01 1.849567443132400513e-01 3.694800138473510742e-01 6.401969790458679199e-01 1.759520769119262695e-01 2.001436501741409302e-01 5.054858326911926270e-01
7.702500224113464355e-01 4.568333327770233154e-01 9.712499976158142090e-01 4.562500119209289551e-01 8.057500123977661133e-01 9.475000202655792236e-02 8.280026316642761230e-01 4.417434930801391602e-01 8.111183047294616699e-01 4.556043744087219238e-01 7.602794766426086426e-01 3.093530535697937012e-01
5.292500257492065430e-01 2.798333466053009033e-01 8.325000107288360596e-02 2.182500064373016357e-01 1.575000025331974030e-02 1.202500015497207642e-01 6.805513501167297363e-01 4.088014066219329834e-01 1.228747814893722534e-01 6.069376692175865173e-02 1.993770897388458252e-02 5.615924000740051270e-01
8.782500028610229492e-01 3.441666662693023682e-01 2.707499861717224121e-01 8.047500252723693848e-01 6.512500047683715820e-01 5.274999886751174927e-02 8.184325695037841797e-01 5.171875357627868652e-01 7.254093289375305176e-01 6.215346455574035645e-01 6.133020520210266113e-01 4.294854402542114258e-01
7.712500095367431641e-01 1.928333342075347900e-01 3.192499876022338867e-01 1.252499967813491821e-01 7.992500066757202148e-01 6.122499704360961914e-01 6.894722580909729004e-01 4.266630113124847412e-01 4.118585586547851562e-01 2.126388400793075562e-01 7.600034475326538086e-01 5.109505057334899902e-01
3.822500109672546387e-01 2.908333241939544678e-01 7.297499775886535645e-01 9.917500019073486328e-01 3.702499866485595703e-01 6.437500119209289551e-01 3.985427618026733398e-01 2.840250134468078613e-01 7.359696030616760254e-01 8.190720081329345703e-01 4.067175090312957764e-01 5.630143284797668457e-01
4.425000026822090149e-02 4.325000047683715820e-01 2.752499878406524658e-01 8.537499904632568359e-01 4.182499945163726807e-01 1.232500001788139343e-01 8.426329493522644043e-02 6.524037122726440430e-01 6.405341625213623047e-01 7.320832610130310059e-01 3.433649241924285889e-01 3.616507649421691895e-01
3.492499887943267822e-01 5.201666951179504395e-01 4.702500104904174805e-01 8.792499899864196777e-01 1.797499954700469971e-01 6.912500262260437012e-01 3.833495378494262695e-01 4.444283246994018555e-01 4.980808496475219727e-01 8.023525476455688477e-01 2.081543505191802979e-01 5.892031788825988770e-01
2.452500015497207642e-01 3.314999938011169434e-01 7.192500233650207520e-01 5.424999818205833435e-02 3.372499942779541016e-01 7.702500224113464355e-01 2.280260622501373291e-01 2.959235012531280518e-01 6.226270198822021484e-01 1.912446022033691406e-01 3.503747880458831787e-01 5.843349099159240723e-01
3.774999827146530151e-02 7.088333368301391602e-01 8.697500228881835938e-01 2.572500109672546387e-01 6.024999916553497314e-02 8.747500181198120117e-01 2.398676797747612000e-02 5.738916993141174316e-01 7.110046148300170898e-01 2.766242027282714844e-01 1.980196833610534668e-01 5.958917140960693359e-01
7.747499942779541016e-01 6.828333139419555664e-01 3.807500004768371582e-01 7.132499814033508301e-01 9.327499866485595703e-01 5.127500295639038086e-01 6.685475111007690430e-01 5.971660614013671875e-01 3.249104619026184082e-01 8.138157129287719727e-01 9.487291574478149414e-01 5.355611443519592285e-01
6.762499809265136719e-01 5.655000209808349609e-01 3.612500131130218506e-01 6.502500176429748535e-01 3.767499923706054688e-01 3.274999931454658508e-02 7.260769605636596680e-01 4.775276482105255127e-01 4.253654778003692627e-01 5.937773585319519043e-01 3.845624327659606934e-01 5.769839286804199219e-01
2.012500017881393433e-01 5.528333187103271484e-01 4.574999958276748657e-02 4.577499926090240479e-01 1.532499939203262329e-01 1.642500013113021851e-01 3.135827183723449707e-01 6.451597213745117188e-01 2.101424187421798706e-01 3.738847076892852783e-01 1.184110194444656372e-01 5.699511170387268066e-01
6.357499957084655762e-01 7.014999985694885254e-01 8.812500238418579102e-01 1.802500039339065552e-01 8.537499904632568359e-01 7.627500295639038086e-01 5.475034713745117188e-01 5.817024111747741699e-01 5.058073401451110840e-01 5.068501830101013184e-01 8.292089104652404785e-01 4.689274728298187256e-01
4.682500064373016357e-01 4.311666786670684814e-01 4.277499914169311523e-01 4.557499885559082031e-01 2.397499978542327881e-01 2.432499974966049194e-01 4.509390294551849365e-01 5.623225569725036621e-01 5.943734049797058105e-01 3.698021471500396729e-01 2.349781244993209839e-01 3.499929904937744141e-01
1.807499974966049194e-01 4.894999861717224121e-01 4.302499890327453613e-01 3.617500066757202148e-01 3.692499995231628418e-01 9.542499780654907227e-01 1.520233452320098877e-01 3.549846410751342773e-01 3.772759139537811279e-01 1.536471098661422729e-01 4.129256606101989746e-01 7.198669910430908203e-01
3.575000166893005371e-02 2.158333361148834229e-01 2.887499928474426270e-01 2.225000038743019104e-02 1.832499951124191284e-01 3.857499957084655762e-01 5.215533822774887085e-02 4.153890907764434814e-01 6.162132620811462402e-01 1.588155329227447510e-01 4.971755668520927429e-02 5.988985300064086914e-01
3.947499990463256836e-01 5.594999790191650391e-01 7.374999672174453735e-02 1.875000074505805969e-02 1.042499989271163940e-01 8.852499723434448242e-01 3.739656805992126465e-01 4.987587928771972656e-01 4.140894860029220581e-02 1.260462105274200439e-01 1.179068982601165771e-01 8.385718464851379395e-01
7.562500238418579102e-01 5.018333196640014648e-01 6.427500247955322266e-01 7.417500019073486328e-01 1.467500030994415283e-01 6.202499866485595703e-01 7.706782221794128418e-01 5.233069062232971191e-01 6.058146953582763672e-01 7.840984463691711426e-01 1.383827924728393555e-01 5.642613172531127930e-01
6.067500114440917969e-01 6.731666922569274902e-01 4.437499940395355225e-01 3.947499990463256836e-01 6.957499980926513672e-01 8.032500147819519043e-01 5.539961457252502441e-01 6.520423293113708496e-01 2.704189419746398926e-01 5.699608325958251953e-01 6.631019115447998047e-01 5.152620077133178711e-01
2.722499966621398926e-01 4.968333244323730469e-01 3.617500066757202148e-01 2.652499973773956299e-01 2.562499940395355225e-01 9.277499914169311523e-01 2.465732693672180176e-01 2.726333439350128174e-01 2.399285435676574707e-01 2.154972553253173828e-01 3.414447605609893799e-01 7.412827014923095703e-01
8.687499761581420898e-01 3.241666555404663086e-01 7.832499742507934570e-01 6.187499761581420898e-01 4.477500021457672119e-01 6.942499876022338867e-01 9.210933446884155273e-01 4.276272356510162354e-01 6.922889947891235352e-01 6.222169399261474609e-01 4.429383873939514160e-01 5.017503499984741211e-01
1.542499959468841553e-01 7.975000143051147461e-01 9.837499856948852539e-01 2.557500004768371582e-01 8.517500162124633789e-01 7.882500290870666504e-01 1.448777168989181519e-01 5.234818458557128906e-01 6.103137135505676270e-01 2.472771108150482178e-01 9.770018458366394043e-01 6.924790740013122559e-01
9.472500085830688477e-01 5.918333530426025391e-01 1.242500022053718567e-01 4.327499866485595703e-01 6.612499952316284180e-01 7.547500133514404297e-01 8.793596029281616211e-01 6.546258330345153809e-01 1.432643234729766846e-01 3.717008829116821289e-01 6.593668460845947266e-01 5.381342768669128418e-01
7.822499871253967285e-01 3.535000085830688477e-01 8.224999904632568359e-02 8.527500033378601074e-01 5.837500095367431641e-01 6.332499980926513672e-01 7.311491966247558594e-01 3.000934720039367676e-01 1.699219793081283569e-01 7.430309057235717773e-01 5.461697578430175781e-01 6.169049143791198730e-01
1.512500047683715820e-01 2.301666736602783203e-01 5.792499780654907227e-01 4.107500016689300537e-01 3.972499966621398926e-01 1.797499954700469971e-01 1.824323683977127075e-01 3.155820965766906738e-01 7.883163690567016602e-01 3.422377705574035645e-01 3.681422472000122070e-01 3.645288050174713135e-01
2.292499989271163940e-01 1.978333294391632080e-01 7.842500209808349609e-01 8.847500085830688477e-01 2.947500050067901611e-01 8.067499995231628418e-01 2.292668968439102173e-01 1.837431788444519043e-01 8.288579583168029785e-01 6.664924025535583496e-01 3.204651474952697754e-01 6.220200061798095703e-01
7.424999773502349854e-02 4.551666676998138428e-01 7.737500071525573730e-01 2.412499934434890747e-01 1.762499958276748657e-01 3.417499959468841553e-01 6.336436420679092407e-02 4.474101364612579346e-01 7.096552252769470215e-01 3.382913470268249512e-01 1.582876294851303101e-01 4.643368721008300781e-01
7.412499785423278809e-01 7.181666493415832520e-01 5.612499713897705078e-01 2.902500033378601074e-01 4.522500038146972656e-01 1.682499945163726807e-01 8.847547173500061035e-01 6.215114593505859375e-01 3.685145378112792969e-01 2.493445873260498047e-01 4.381667673587799072e-01 3.471859991550445557e-01
4.127500057220458984e-01 4.601666629314422607e-01 8.727499842643737793e-01 8.857499957084655762e-01 6.652500033378601074e-01 9.502500295639038086e-01 4.028645157814025879e-01 4.499526619911193848e-01 7.199705243110656738e-01 8.646594882011413574e-01 6.623183488845825195e-01 4.860535562038421631e-01
5.902500152587890625e-01 6.901666522026062012e-01 8.422499895095825195e-01 6.147500276565551758e-01 3.837499916553497314e-01 9.562500119209289551e-01 6.890704035758972168e-01 5.204008221626281738e-01 4.034065306186676025e-01 6.384199857711791992e-01 3.919691145420074463e-01 5.729082822799682617e-01
2.252500057220458984e-01 8.134999871253967285e-01 7.577499747276306152e-01 5.242499709129333496e-01 2.262499928474426270e-01 3.437500000000000000e-01 2.528304159641265869e-01 6.316139698028564453e-01 5.475761890411376953e-01 6.393879055976867676e-01 2.818339169025421143e-01 4.425641596317291260e-01
4.247500002384185791e-01 4.494999945163726807e-01 1.022500023245811462e-01 7.857499718666076660e-01 5.457500219345092773e-01 4.497500061988830566e-01 4.509265720844268799e-01 5.305479168891906738e-01 2.164048403501510620e-01 7.777110934257507324e-01 4.994994699954986572e-01 5.817047953605651855e-01
6.262500286102294922e-01 2.188333272933959961e-01 4.887500107288360596e-01 6.274999678134918213e-02 9.042500257492065430e-01 4.367499947547912598e-01 5.080457925796508789e-01 4.469424784183502197e-01 6.754745841026306152e-01 2.112647891044616699e-01 8.271626234054565430e-01 3.198002576828002930e-01
8.247500061988830566e-01 2.691666781902313232e-01 2.147500067949295044e-01 3.532499969005584717e-01 8.907499909400939941e-01 1.862500011920928955e-01 8.178567886352539062e-01 4.542276859283447266e-01 4.741135537624359131e-01 2.026908993721008301e-01 8.228158354759216309e-01 4.441275000572204590e-01
8.962500095367431641e-01 7.158333063125610352e-01 4.537500143051147461e-01 7.374999672174453735e-02 7.962499856948852539e-01 5.517500042915344238e-01 8.569449186325073242e-01 5.469006299972534180e-01 3.094770312309265137e-01 1.840385049581527710e-01 7.867189645767211914e-01 4.366084039211273193e-01
4.597499966621398926e-01 8.061666488647460938e-01 9.547500014305114746e-01 7.382500171661376953e-01 4.247500002384185791e-01 6.577500104904174805e-01 5.178111791610717773e-01 5.144360065460205078e-01 4.333619475364685059e-01 8.157107830047607422e-01 4.619755744934082031e-01 5.618959069252014160e-01
7.874999940395355225e-02 2.644999921321868896e-01 1.932500004768371582e-01 8.742499947547912598e-01 9.512500166893005371e-01 3.267500102519989014e-01 9.959130734205245972e-02 4.533009529113769531e-01 4.217462837696075439e-01 9.294549822807312012e-01 8.351981043815612793e-01 7.780818939208984375e-01
9.362499713897705078e-01 6.758333444595336914e-01 7.287499904632568359e-01 2.525000087916851044e-02 7.537500262260437012e-01 8.697500228881835938e-01 7.722496986389160156e-01 3.475463688373565674e-01 6.552634835243225098e-01 1.734452843666076660e-01 7.589339613914489746e-01 3.924195468425750732e-01
7.982500195503234863e-01 7.621666789054870605e-01 6.250000093132257462e-03 5.737500190734863281e-01 6.697499752044677734e-01 4.917500019073486328e-01 8.073381781578063965e-01 8.276342749595642090e-01 2.470886893570423126e-02 6.295167803764343262e-01 5.917534232139587402e-01 5.054972171783447266e-01
8.932499885559082031e-01 3.661666810512542725e-01 4.957500100135803223e-01 6.817499995231628418e-01 8.272500038146972656e-01 4.202499985694885254e-01 7.904553413391113281e-01 4.272552430629730225e-01 7.469896078109741211e-01 6.180906891822814941e-01 8.010075092315673828e-01 4.552102088928222656e-01
2.217500060796737671e-01 8.314999938011169434e-01 7.407500147819519043e-01 9.162499904632568359e-01 1.907500028610229492e-01 3.774999827146530151e-02 2.215139567852020264e-01 7.300938963890075684e-01 6.633115410804748535e-01 9.369003772735595703e-01 2.409987151622772217e-01 2.716280519962310791e-01
2.027499973773956299e-01 5.724999904632568359e-01 2.567499876022338867e-01 3.157500028610229492e-01 8.224999904632568359e-02 7.792500257492065430e-01 1.935123503208160400e-01 4.243196547031402588e-01 1.550773829221725464e-01 3.229014277458190918e-01 1.002385541796684265e-01 7.276869416236877441e-01
5.747500061988830566e-01 7.695000171661376953e-01 5.575000122189521790e-02 9.857500195503234863e-01 6.192499995231628418e-01 3.474999964237213135e-02 5.519268512725830078e-01 8.082256317138671875e-01 2.214464545249938965e-02 9.684740900993347168e-01 5.224816799163818359e-01 4.871823787689208984e-01
8.262500166893005371e-01 2.764999866485595703e-01 9.677500128746032715e-01 5.892500281333923340e-01 9.642500281333923340e-01 6.307500004768371582e-01 8.518819212913513184e-01 3.665396571159362793e-01 7.985436916351318359e-01 6.810183525085449219e-01 9.185099601745605469e-01 4.520831108093261719e-01
1.147499978542327881e-01 4.031666815280914307e-01 8.777499794960021973e-01 7.292500138282775879e-01 1.162500008940696716e-01 9.897500276565551758e-01 7.396299391984939575e-02 4.120374321937561035e-01 6.976895928382873535e-01 7.161533832550048828e-01 8.546284586191177368e-02 6.388922333717346191e-01
5.617499947547912598e-01 4.378333389759063721e-01 3.977499902248382568e-01 8.672500252723693848e-01 8.827499747276306152e-01 1.897500008344650269e-01 5.777441263198852539e-01 5.578847527503967285e-01 6.368052959442138672e-01 7.860964536666870117e-01 8.459695577621459961e-01 4.914061725139617920e-01
1.407500058412551880e-01 7.631666660308837891e-01 2.527500092983245850e-01 9.212499856948852539e-01 6.322500109672546387e-01 6.852499842643737793e-01 8.974918723106384277e-02 6.841574907302856445e-01 2.181195169687271118e-01 9.731042385101318359e-01 9.070442914962768555e-01 5.466732382774353027e-01
2.912499904632568359e-01 6.018333435058593750e-01 3.237499892711639404e-01 2.257499992847442627e-01 6.157500147819519043e-01 6.027500033378601074e-01 3.288937509059906006e-01 5.880665183067321777e-01 2.971491813659667969e-01 2.134048044681549072e-01 6.323033571243286133e-01 5.395394563674926758e-01
6.772500276565551758e-01 3.501666784286499023e-01 2.975000068545341492e-02 4.862500131130218506e-01 9.574999660253524780e-02 7.157499790191650391e-01 6.405115127563476562e-01 4.713381230831146240e-01 1.086001023650169373e-01 3.924317955970764160e-01 6.150071695446968079e-02 6.877667903900146484e-01
5.412499904632568359e-01 2.261666655540466309e-01 1.097500026226043701e-01 7.887499928474426270e-01 8.677499890327453613e-01 2.167499959468841553e-01 4.923303425312042236e-01 5.435382723808288574e-01 5.798958539962768555e-01 7.307822108268737793e-01 7.944878339767456055e-01 4.935427606105804443e-01
1.242500022053718567e-01 6.815000176429748535e-01 6.632500290870666504e-01 7.424999773502349854e-02 5.187500119209289551e-01 6.767500042915344238e-01 1.204592138528823853e-01 4.955796897411346436e-01 4.788029193878173828e-01 9.788206964731216431e-02 5.064310431480407715e-01 6.707116365432739258e-01
7.012500166893005371e-01 5.871666669845581055e-01 8.067499995231628418e-01 8.417500257492065430e-01 2.852500081062316895e-01 9.357500076293945312e-01 6.594085097312927246e-01 5.160112977027893066e-01 5.044853687286376953e-01 8.605613112449645996e-01 2.982704341411590576e-01 5.722356438636779785e-01
5.637500286102294922e-01 4.528333246707916260e-01 2.667500078678131104e-01 4.467499852180480957e-01 6.287500262260437012e-01 5.207499861717224121e-01 5.644366145133972168e-01 3.454716205596923828e-01 2.927346825599670410e-01 4.047637879848480225e-01 6.268190741539001465e-01 5.694411993026733398e-01
3.362500071525573730e-01 2.615000009536743164e-01 5.077499747276306152e-01 2.987500131130218506e-01 9.977499842643737793e-01 5.667499899864196777e-01 4.083428978919982910e-01 3.372409939765930176e-01 5.305118560791015625e-01 1.611361056566238403e-01 9.485936164855957031e-01 6.290464997291564941e-01
2.932499945163726807e-01 3.311666548252105713e-01 1.082499995827674866e-01 9.267500042915344238e-01 8.247500061988830566e-01 5.702499747276306152e-01 3.082068860530853271e-01 5.614394545555114746e-01 3.645267784595489502e-01 9.187770485877990723e-01 7.464545369148254395e-01 5.846937894821166992e-01
6.037499904632568359e-01 2.325000017881393433e-01 6.674999743700027466e-02 3.387500047683715820e-01 6.987500190734863281e-01 2.562499940395355225e-01 5.293440222740173340e-01 5.429140329360961914e-01 4.444517791271209717e-01 3.601014018058776855e-01 6.506941914558410645e-01 4.822866916656494141e-01
6.867499947547912598e-01 2.111666649580001831e-01 8.632500171661376953e-01 5.072500109672546387e-01 2.137500047683715820e-01 5.102499723434448242e-01 7.557113766670227051e-01 2.841922640800476074e-01 7.450255751609802246e-01 5.105521678924560547e-01 1.927573680877685547e-01 5.274624824523925781e-01
6.297500133514404297e-01 5.195000171661376953e-01 8.617500066757202148e-01 5.342500209808349609e-01 9.837499856948852539e-01 8.275000005960464478e-02 6.372154951095581055e-01 4.132180809974670410e-01 7.393409013748168945e-01 7.204391360282897949e-01 9.734559655189514160e-01 4.782996177673339844e-01
9.057499766349792480e-01 4.384999871253967285e-01 4.722500145435333252e-01 4.932500123977661133e-01 8.742499947547912598e-01 4.407500028610229492e-01 8.465636968612670898e-01 5.916480422019958496e-01 6.302515864372253418e-01 4.545599818229675293e-01 8.223356604576110840e-01 4.007467925548553467e-01
8.187500238418579102e-01 5.291666388511657715e-01 9.587500095367431641e-01 8.357499837875366211e-01 6.674999743700027466e-02 5.172500014305114746e-01 9.008522033691406250e-01 5.054445862770080566e-01 7.629375457763671875e-01 8.375076651573181152e-01 6.809675693511962891e-02 5.877376794815063477e-01
4.852499961853027344e-01 2.621666789054870605e-01 4.622499942779541016e-01 6.177499890327453613e-01 1.602499932050704956e-01 6.667500138282775879e-01 4.808425605297088623e-01 3.556169271469116211e-01 6.320427060127258301e-01 4.941161572933197021e-01 1.546680033206939697e-01 5.404446125030517578e-01
8.202499747276306152e-01 4.954999983310699463e-01 5.477499961853027344e-01 7.657499909400939941e-01 1.222499981522560120e-01 9.492499828338623047e-01 7.378365993499755859e-01 5.706729292869567871e-01 6.864609718322753906e-01 7.049617767333984375e-01 9.242349863052368164e-02 4.965271651744842529e-01
1.922499984502792358e-01 3.145000040531158447e-01 3.487499952316284180e-01 9.457499980926513672e-01 9.192500114440917969e-01 2.667500078678131104e-01 2.925191223621368408e-01 4.656291902065277100e-01 6.338693499565124512e-01 8.739372491836547852e-01 8.652977943420410156e-01 5.917189717292785645e-01
2.812500000000000000e-01 7.898333072662353516e-01 6.387500166893005371e-01 1.867499947547912598e-01 3.125000000000000000e-02 1.312499940395355225e-01 3.425496816635131836e-01 5.714159607887268066e-01 5.180924534797668457e-01 1.106012240052223206e-01 5.018557980656623840e-02 4.359889030456542969e-01
8.467500209808349609e-01 5.578333139419555664e-01 5.072500109672546387e-01 1.262499988079071045e-01 5.027499794960021973e-01 9.974999725818634033e-02 7.783604860305786133e-01 4.032112360000610352e-01 5.976714491844177246e-01 1.837707012891769409e-01 4.941322207450866699e-01 3.664283454418182373e-01
1.382499933242797852e-01 4.745000004768371582e-01 1.332499980926513672e-01 3.152500092983245850e-01 3.677499890327453613e-01 8.792499899864196777e-01 1.066719815135002136e-01 6.456770896911621094e-01 1.121915355324745178e-01 2.815780639648437500e-01 3.570503592491149902e-01 7.920721769332885742e-01
1.422500014305114746e-01 3.748333454132080078e-01 7.167500257492065430e-01 6.832500100135803223e-01 5.525000020861625671e-02 4.412499964237213135e-01 1.505053043365478516e-01 3.485203683376312256e-01 6.877523660659790039e-01 6.387174129486083984e-01 4.993372038006782532e-02 5.983393192291259766e-01
8.107500076293945312e-01 4.564999938011169434e-01 6.177499890327453613e-01 3.842499852180480957e-01 1.892500072717666626e-01 9.427499771118164062e-01 7.572461962699890137e-01 4.701555669307708740e-01 6.453970074653625488e-01 2.605933845043182373e-01 1.710304617881774902e-01 3.744364082813262939e-01
7.667499780654907227e-01 8.148333430290222168e-01 6.042500138282775879e-01 7.952499985694885254e-01 1.675000041723251343e-02 3.957499861717224121e-01 8.315961956977844238e-01 4.820325970649719238e-01 5.430642962455749512e-01 6.850693821907043457e-01 5.173285678029060364e-02 5.951330065727233887e-01
4.492500126361846924e-01 3.078333437442779541e-01 3.207499980926513672e-01 3.172500133514404297e-01 1.402499973773956299e-01 3.175000101327896118e-02 5.041320919990539551e-01 3.498693704605102539e-01 5.605093240737915039e-01 1.896243095397949219e-01 1.048581153154373169e-01 5.169646739959716797e-01
7.957500219345092773e-01 6.934999823570251465e-01 9.282500147819519043e-01 1.342500001192092896e-01 4.532499909400939941e-01 2.682499885559082031e-01 8.725004792213439941e-01 6.830039024353027344e-01 3.849808573722839355e-01 7.157029509544372559e-01 4.584472477436065674e-01 5.042713880538940430e-01
7.192500233650207520e-01 3.355000019073486328e-01 7.567499876022338867e-01 6.347500085830688477e-01 5.667499899864196777e-01 1.377499997615814209e-01 7.430394887924194336e-01 3.093022406101226807e-01 7.933034300804138184e-01 5.734941363334655762e-01 5.627372264862060547e-01 4.416518509387969971e-01
8.547499775886535645e-01 5.444999933242797852e-01 3.232499957084655762e-01 1.152499988675117493e-01 3.932499885559082031e-01 4.072499871253967285e-01 9.082081317901611328e-01 4.034153819084167480e-01 1.259115487337112427e-01 1.559759080410003662e-01 3.756962716579437256e-01 4.700516760349273682e-01
5.947499871253967285e-01 3.871666789054870605e-01 6.367499828338623047e-01 1.482499986886978149e-01 9.607499837875366211e-01 3.517499864101409912e-01 6.217681765556335449e-01 5.364232063293457031e-01 6.647522449493408203e-01 2.996172010898590088e-01 9.218152165412902832e-01 3.172435760498046875e-01
6.607499718666076660e-01 4.458333253860473633e-01 2.907499969005584717e-01 8.675000071525573730e-02 4.432500004768371582e-01 9.825000166893005371e-02 7.298281192779541016e-01 3.197048902511596680e-01 3.599962294101715088e-01 8.855292946100234985e-02 4.342862963676452637e-01 4.589114189147949219e-01
8.312500119209289551e-01 6.154999732971191406e-01 6.652500033378601074e-01 6.007500290870666504e-01 4.982500076293945312e-01 4.567500054836273193e-01 8.654574155807495117e-01 5.321129560470581055e-01 5.301066637039184570e-01 6.849985122680664062e-01 5.038529634475708008e-01 5.367372632026672363e-01
4.052500128746032715e-01 8.298333287239074707e-01 8.047500252723693848e-01 5.652499794960021973e-01 9.017500281333923340e-01 4.417499899864196777e-01 3.711142838001251221e-01 7.036888599395751953e-01 6.160764098167419434e-01 7.032661437988281250e-01 9.213215708732604980e-01 2.495199143886566162e-01
2.942500114440917969e-01 3.998333215713500977e-01 8.417500257492065430e-01 8.750000037252902985e-03 5.202500224113464355e-01 6.187499761581420898e-01 2.636236548423767090e-01 4.184511005878448486e-01 6.838390827178955078e-01 2.277309745550155640e-01 5.191197991371154785e-01 3.512434959411621094e-01
9.867500066757202148e-01 4.431666731834411621e-01 2.942500114440917969e-01 3.857499957084655762e-01 5.592499971389770508e-01 5.972499847412109375e-01 8.693932890892028809e-01 5.358003973960876465e-01 3.025525510311126709e-01 6.922637224197387695e-01 5.121425986289978027e-01 5.548999309539794922e-01
2.092500030994415283e-01 7.348333597183227539e-01 5.472499728202819824e-01 4.182499945163726807e-01 5.932499766349792480e-01 2.517499923706054688e-01 2.081256955862045288e-01 6.540089845657348633e-01 5.791656970977783203e-01 4.169299900531768799e-01 5.831027030944824219e-01 3.682918250560760498e-01
2.532500028610229492e-01 3.028333187103271484e-01 8.317499756813049316e-01 4.022499918937683105e-01 6.557499766349792480e-01 6.397500038146972656e-01 2.340805977582931519e-01 3.412894010543823242e-01 7.789981365203857422e-01 5.999807715415954590e-01 6.655523180961608887e-01 4.207862615585327148e-01
4.417499899864196777e-01 2.518333196640014648e-01 5.492500066757202148e-01 1.297499984502792358e-01 8.872500061988830566e-01 5.942500233650207520e-01 4.011111259460449219e-01 3.911505937576293945e-01 6.072587966918945312e-01 1.851400732994079590e-01 8.373858332633972168e-01 4.897807538509368896e-01
4.707500040531158447e-01 2.271666675806045532e-01 9.792500138282775879e-01 4.752500057220458984e-01 5.697500109672546387e-01 4.442499876022338867e-01 4.828526079654693604e-01 2.020151913166046143e-01 8.380872607231140137e-01 4.978648126125335693e-01 5.556912422180175781e-01 4.556059241294860840e-01
5.122500061988830566e-01 6.508333086967468262e-01 2.575000002980232239e-02 2.777499854564666748e-01 1.252499967813491821e-01 1.357499957084655762e-01 6.658544540405273438e-01 6.777166128158569336e-01 1.156074032187461853e-01 5.930198356509208679e-02 1.057949289679527283e-01 4.733829498291015625e-01
7.617499828338623047e-01 2.605000138282775879e-01 8.992499709129333496e-01 6.172500252723693848e-01 2.072499990463256836e-01 7.397500276565551758e-01 8.450810909271240234e-01 3.603734076023101807e-01 7.652673125267028809e-01 6.344826221466064453e-01 1.905864328145980835e-01 5.354829430580139160e-01
4.012500047683715820e-01 7.005000114440917969e-01 5.002499818801879883e-01 9.277499914169311523e-01 6.424999982118606567e-02 9.875000268220901489e-02 4.719527959823608398e-01 6.186999082565307617e-01 6.157938241958618164e-01 7.663810253143310547e-01 6.917162239551544189e-02 5.031187534332275391e-01
9.452499747276306152e-01 7.131666541099548340e-01 5.672500133514404297e-01 7.907500267028808594e-01 8.962500095367431641e-01 3.927499949932098389e-01 8.018391728401184082e-01 2.618241310119628906e-01 8.195573687553405762e-01 7.757807970046997070e-01 9.319887757301330566e-01 5.035829544067382812e-01
9.332500100135803223e-01 8.178333044052124023e-01 5.047500133514404297e-01 9.712499976158142090e-01 5.717499852180480957e-01 8.957499861717224121e-01 9.470525383949279785e-01 7.459501624107360840e-01 2.061646282672882080e-01 9.446009397506713867e-01 5.703406333923339844e-01 5.182329416275024414e-01
2.297500073909759521e-01 7.288333177566528320e-01 4.577499926090240479e-01 6.127499938011169434e-01 1.942500025033950806e-01 4.557499885559082031e-01 2.211001813411712646e-01 7.242882251739501953e-01 3.984350562095642090e-01 8.128045797348022461e-01 2.152198404073715210e-01 3.581337928771972656e-01
2.757500112056732178e-01 3.935000002384185791e-01 9.742500185966491699e-01 3.302499949932098389e-01 3.207499980926513672e-01 9.532499909400939941e-01 2.657755315303802490e-01 2.843903601169586182e-01 6.878762245178222656e-01 3.512526750564575195e-01 3.397310078144073486e-01 5.324021577835083008e-01
8.647500276565551758e-01 4.208333194255828857e-01 7.792500257492065430e-01 2.962499856948852539e-01 1.847500056028366089e-01 5.577499866485595703e-01 9.135777354240417480e-01 4.965828955173492432e-01 6.158386468887329102e-01 4.302265942096710205e-01 1.703038215637207031e-01 4.885899126529693604e-01
8.797500133514404297e-01 6.368333101272583008e-01 8.022500276565551758e-01 3.522500097751617432e-01 2.777499854564666748e-01 3.242500126361846924e-01 9.030092358589172363e-01 5.186402201652526855e-01 6.524732112884521484e-01 4.416300058364868164e-01 2.977125048637390137e-01 4.329119622707366943e-01
1.877499967813491821e-01 5.508333444595336914e-01 9.472500085830688477e-01 6.022499799728393555e-01 8.672500252723693848e-01 4.392499923706054688e-01 2.017439752817153931e-01 3.345364630222320557e-01 5.139595270156860352e-01 8.183987736701965332e-01 9.409770369529724121e-01 7.926511168479919434e-01
2.587499916553497314e-01 6.194999814033508301e-01 5.042499899864196777e-01 8.982499837875366211e-01 3.575000166893005371e-02 2.627499997615814209e-01 3.332794606685638428e-01 5.376962423324584961e-01 5.874830484390258789e-01 7.640115022659301758e-01 4.930502548813819885e-02 5.258564949035644531e-01
9.732499718666076660e-01 7.491666674613952637e-01 6.975000351667404175e-02 6.017500162124633789e-01 3.937500119209289551e-01 7.112500071525573730e-01 8.214500546455383301e-01 5.580604076385498047e-01 1.792083233594894409e-01 6.810351610183715820e-01 3.857685327529907227e-01 6.349315643310546875e-01
5.472499728202819824e-01 6.068333387374877930e-01 3.252499997615814209e-01 5.747500061988830566e-01 2.277500033378601074e-01 7.927500009536743164e-01 5.681208968162536621e-01 4.098232090473175049e-01 2.628697454929351807e-01 4.125149250030517578e-01 2.530641555786132812e-01 6.347386240959167480e-01
8.952500224113464355e-01 7.698333263397216797e-01 3.952499926090240479e-01 8.502500057220458984e-01 1.707500070333480835e-01 7.577499747276306152e-01 8.766328096389770508e-01 6.397464275360107422e-01 4.037756025791168213e-01 8.159293532371520996e-01 1.814790517091751099e-01 5.411252379417419434e-01
2.357500046491622925e-01 6.008333563804626465e-01 3.657500147819519043e-01 9.375000000000000000e-02 9.172499775886535645e-01 7.172499895095825195e-01 2.343787401914596558e-01 6.253616809844970703e-01 3.195893168449401855e-01 1.844921857118606567e-01 9.217492938041687012e-01 6.472873687744140625e-01
2.337500005960464478e-01 5.381666421890258789e-01 8.987500071525573730e-01 6.324999779462814331e-02 6.617500185966491699e-01 1.902499943971633911e-01 3.279526829719543457e-01 3.200475275516510010e-01 6.226254701614379883e-01 1.069266647100448608e-01 6.834142804145812988e-01 5.137550830841064453e-01
5.982499718666076660e-01 2.408333271741867065e-01 7.057499885559082031e-01 9.717500209808349609e-01 9.337499737739562988e-01 3.674999997019767761e-02 6.296421885490417480e-01 3.616838157176971436e-01 8.474237918853759766e-01 8.742453455924987793e-01 8.997513055801391602e-01 3.824147284030914307e-01
8.857499957084655762e-01 4.461666643619537354e-01 5.432500243186950684e-01 7.212499976158142090e-01 9.025000035762786865e-02 7.557500004768371582e-01 8.259239196777343750e-01 4.551481008529663086e-01 6.579115390777587891e-01 5.655779242515563965e-01 7.910622656345367432e-02 5.764677524566650391e-01
2.472500056028366089e-01 7.285000085830688477e-01 1.017500013113021851e-01 2.767499983310699463e-01 1.702499985694885254e-01 2.932499945163726807e-01 3.412638008594512939e-01 6.811957359313964844e-01 1.522305905818939209e-01 3.245850205421447754e-01 2.236440181732177734e-01 6.063959598541259766e-01
9.482499957084655762e-01 1.794999986886978149e-01 8.427500128746032715e-01 9.742500185966491699e-01 6.387500166893005371e-01 8.902500271797180176e-01 9.811459779739379883e-01 3.611300587654113770e-01 8.576054573059082031e-01 8.768128752708435059e-01 6.014630198478698730e-01 4.686301052570343018e-01
2.525000087916851044e-02 3.921666741371154785e-01 7.427499890327453613e-01 1.372500061988830566e-01 2.207500040531158447e-01 9.087499976158142090e-01 1.497784815728664398e-02 4.136768281459808350e-01 7.787529230117797852e-01 1.889571994543075562e-01 2.070335298776626587e-01 6.238600015640258789e-01
6.987500190734863281e-01 7.848333120346069336e-01 8.112499713897705078e-01 7.817500233650207520e-01 3.557499945163726807e-01 9.227499961853027344e-01 7.346808910369873047e-01 6.405725479125976562e-01 5.937886834144592285e-01 7.815422415733337402e-01 3.676244616508483887e-01 4.734027683734893799e-01
8.442500233650207520e-01 5.711666941642761230e-01 4.482499957084655762e-01 6.322500109672546387e-01 4.722500145435333252e-01 3.652499914169311523e-01 9.166958928108215332e-01 6.933766603469848633e-01 5.059355497360229492e-01 6.990745663642883301e-01 4.470290839672088623e-01 4.384016990661621094e-01
4.317499995231628418e-01 4.345000088214874268e-01 7.417500019073486328e-01 7.325000315904617310e-02 1.577499955892562866e-01 5.377500057220458984e-01 4.430430829524993896e-01 3.807955086231231689e-01 6.139468550682067871e-01 1.561520546674728394e-01 1.580552607774734497e-01 4.538478553295135498e-01
9.227499961853027344e-01 7.081666588783264160e-01 4.052500128746032715e-01 4.657500088214874268e-01 1.247500032186508179e-01 4.117499887943267822e-01 9.363219738006591797e-01 7.142401933670043945e-01 2.843963503837585449e-01 6.326431632041931152e-01 1.023813039064407349e-01 4.951031506061553955e-01
8.082500100135803223e-01 4.371666610240936279e-01 5.717499852180480957e-01 6.772500276565551758e-01 8.387500047683715820e-01 1.197500005364418030e-01 8.455412387847900391e-01 4.309588968753814697e-01 7.420067787170410156e-01 4.546719789505004883e-01 8.105623126029968262e-01 4.224707484245300293e-01
3.267500102519989014e-01 7.241666913032531738e-01 1.302500069141387939e-01 9.942499995231628418e-01 5.827500224113464355e-01 5.547500252723693848e-01 2.946014702320098877e-01 6.759248971939086914e-01 2.750766463577747345e-02 9.796552658081054688e-01 6.111779808998107910e-01 5.730097889900207520e-01
4.627499878406524658e-01 8.125000000000000000e-01 5.532500147819519043e-01 7.717499732971191406e-01 1.862500011920928955e-01 5.037500262260437012e-01 4.924004077911376953e-01 7.272054553031921387e-01 3.565188050270080566e-01 8.292519450187683105e-01 2.082727104425430298e-01 4.696380496025085449e-01
2.500000118743628263e-04 4.858333468437194824e-01 9.527500271797180176e-01 7.037500143051147461e-01 8.152499794960021973e-01 1.057500019669532776e-01 1.469805277884006500e-02 4.932050406932830811e-01 8.828838467597961426e-01 7.983316779136657715e-01 7.799238562583923340e-01 1.559521257877349854e-01
3.325000032782554626e-02 3.625000119209289551e-01 7.092499732971191406e-01 5.877500176429748535e-01 8.797500133514404297e-01 3.362500071525573730e-01 3.583434596657752991e-02 4.207529127597808838e-01 8.464623689651489258e-01 6.714702248573303223e-01 8.539088368415832520e-01 3.249203264713287354e-01
1.592500060796737671e-01 2.815000116825103760e-01 1.632499992847442627e-01 3.827500045299530029e-01 4.612500071525573730e-01 4.672499895095825195e-01 1.945342272520065308e-01 3.303419053554534912e-01 3.116216361522674561e-01 3.880601525306701660e-01 4.711178839206695557e-01 7.355512380599975586e-01
5.302500128746032715e-01 4.584999978542327881e-01 7.117499709129333496e-01 7.767500281333923340e-01 9.162499904632568359e-01 8.347499966621398926e-01 5.583350062370300293e-01 4.383445680141448975e-01 5.843620896339416504e-01 7.724195718765258789e-01 9.139758944511413574e-01 5.528960227966308594e-01
9.075000137090682983e-02 7.628333568572998047e-01 1.374999992549419403e-02 9.597499966621398926e-01 6.337500214576721191e-01 2.867499887943267822e-01 6.970208138227462769e-02 8.683269619941711426e-01 7.467885036021471024e-03 9.618767499923706055e-01 8.443045616149902344e-01 2.835901975631713867e-01
9.902499914169311523e-01 2.218333333730697632e-01 9.017500281333923340e-01 9.282500147819519043e-01 3.087500035762786865e-01 7.572500109672546387e-01 9.408725500106811523e-01 2.449851781129837036e-01 9.251523613929748535e-01 8.833639621734619141e-01 3.611617982387542725e-01 4.671269655227661133e-01
7.277500033378601074e-01 5.761666893959045410e-01 5.467500090599060059e-01 1.092500016093254089e-01 3.597500026226043701e-01 8.262500166893005371e-01 7.803474664688110352e-01 5.344701409339904785e-01 3.002442121505737305e-01 1.663787513971328735e-01 3.563500642776489258e-01 4.223640561103820801e-01
9.097499847412109375e-01 7.118333578109741211e-01 8.307499885559082031e-01 8.052499890327453613e-01 7.227500081062316895e-01 3.157500028610229492e-01 9.244108796119689941e-01 5.421972274780273438e-01 7.391375303268432617e-01 8.787172436714172363e-01 7.150964736938476562e-01 4.779274165630340576e-01
5.952500104904174805e-01 2.734999954700469971e-01 8.042500019073486328e-01 3.057500123977661133e-01 5.342500209808349609e-01 2.252500057220458984e-01 6.883640289306640625e-01 3.090886771678924561e-01 6.408721804618835449e-01 2.939110994338989258e-01 5.118769407272338867e-01 4.687604606151580811e-01
2.717500030994415283e-01 3.521666526794433594e-01 7.937499880790710449e-01 7.542499899864196777e-01 8.072500228881835938e-01 9.602500200271606445e-01 2.803201377391815186e-01 3.473032712936401367e-01 7.220010161399841309e-01 7.493828535079956055e-01 7.766993641853332520e-01 6.006827950477600098e-01
1.892500072717666626e-01 8.165000081062316895e-01 9.252499938011169434e-01 9.672499895095825195e-01 7.527499794960021973e-01 7.687500119209289551e-01 1.659274399280548096e-01 6.581463217735290527e-01 7.311109304428100586e-01 8.396408557891845703e-01 8.244311213493347168e-01 2.403976321220397949e-01
3.250000067055225372e-03 4.805000126361846924e-01 1.487500071525573730e-01 1.922499984502792358e-01 4.637500047683715820e-01 5.682500004768371582e-01 3.603681549429893494e-02 6.535218954086303711e-01 3.760535418987274170e-01 3.716248869895935059e-01 3.673822581768035889e-01 6.283943653106689453e-01
8.802499771118164062e-01 6.315000057220458984e-01 2.282499969005584717e-01 2.392500042915344238e-01 4.737499952316284180e-01 3.352499902248382568e-01 8.448119759559631348e-01 6.038534045219421387e-01 2.673196792602539062e-01 3.647299408912658691e-01 4.415175914764404297e-01 4.843970537185668945e-01
6.897500157356262207e-01 6.255000233650207520e-01 6.537500023841857910e-01 7.102500200271606445e-01 3.292500078678131104e-01 6.337500214576721191e-01 5.604842305183410645e-01 6.326826214790344238e-01 6.264821290969848633e-01 8.862915039062500000e-01 3.379692137241363525e-01 4.802321493625640869e-01
4.625000059604644775e-02 4.408333301544189453e-01 9.602500200271606445e-01 5.637500286102294922e-01 1.422500014305114746e-01 8.057500123977661133e-01 1.923365145921707153e-02 3.379896283149719238e-01 8.045197129249572754e-01 5.172764658927917480e-01 1.462243795394897461e-01 5.943471193313598633e-01
5.442500114440917969e-01 5.778333544731140137e-01 1.562500000000000000e-01 3.712500035762786865e-01 1.837500035762786865e-01 3.412500023841857910e-01 5.628397464752197266e-01 6.211094856262207031e-01 2.547893524169921875e-01 4.162265360355377197e-01 1.817814409732818604e-01 5.604403018951416016e-01
3.252499997615814209e-01 4.561666548252105713e-01 1.977500021457672119e-01 6.562500000000000000e-01 9.332500100135803223e-01 1.317500025033950806e-01 2.986032664775848389e-01 6.435031294822692871e-01 5.408933758735656738e-01 7.520983815193176270e-01 8.988046646118164062e-01 4.165407419204711914e-01
3.092499971389770508e-01 4.415000081062316895e-01 7.762500047683715820e-01 4.092499911785125732e-01 9.382500052452087402e-01 1.412499994039535522e-01 3.600455522537231445e-01 4.177339971065521240e-01 6.623926162719726562e-01 4.443810582160949707e-01 9.151914119720458984e-01 5.461763739585876465e-01
1.052500009536743164e-01 6.445000171661376953e-01 5.972499847412109375e-01 4.172500073909759521e-01 6.092500090599060059e-01 9.367499947547912598e-01 9.137819707393646240e-02 5.429783463478088379e-01 4.967731535434722900e-01 2.205549478530883789e-01 6.200680732727050781e-01 6.716110110282897949e-01
2.802500128746032715e-01 6.471666693687438965e-01 9.222499728202819824e-01 3.392499983310699463e-01 8.750000037252902985e-03 6.982499957084655762e-01 3.032363951206207275e-01 5.015112161636352539e-01 5.939129590988159180e-01 3.122842609882354736e-01 3.304496780037879944e-02 4.756367206573486328e-01
2.274999953806400299e-02 7.821666598320007324e-01 1.075000036507844925e-02 9.875000268220901489e-02 1.312499940395355225e-01 5.442500114440917969e-01 6.911524105817079544e-04 8.203943967819213867e-01 3.667836077511310577e-03 5.461556720547378063e-04 4.467959403991699219e-01 9.980723857879638672e-01
5.547500252723693848e-01 2.345000058412551880e-01 7.677500247955322266e-01 5.249999929219484329e-03 8.377500176429748535e-01 5.392500162124633789e-01 6.815572977066040039e-01 3.350618183612823486e-01 3.521811366081237793e-01 1.780661344528198242e-01 8.060292005538940430e-01 5.168457627296447754e-01
6.782500147819519043e-01 6.274999976158142090e-01 1.927500069141387939e-01 2.002499997615814209e-01 7.424999773502349854e-02 6.217499971389770508e-01 7.404404282569885254e-01 6.748566627502441406e-01 6.803088635206222534e-02 1.209882050752639771e-01 5.936221033334732056e-02 5.889528989791870117e-01
5.087500214576721191e-01 4.168333411216735840e-01 7.575000077486038208e-02 3.052499890327453613e-01 7.197499871253967285e-01 5.087500214576721191e-01 4.234682619571685791e-01 3.910818994045257568e-01 2.669964134693145752e-01 4.052097201347351074e-01 7.167385220527648926e-01 6.562054157257080078e-01
6.547499895095825195e-01 2.781666815280914307e-01 6.787499785423278809e-01 8.787500262260437012e-01 6.977499723434448242e-01 8.874999731779098511e-02 5.978305935859680176e-01 3.364369273185729980e-01 8.329414129257202148e-01 8.562862873077392578e-01 6.800504922866821289e-01 4.182072281837463379e-01
3.817499876022338867e-01 6.894999742507934570e-01 9.992499947547912598e-01 9.047499895095825195e-01 6.297500133514404297e-01 9.612500071525573730e-01 3.812830448150634766e-01 5.573108196258544922e-01 6.904292702674865723e-01 8.535901904106140137e-01 6.219033002853393555e-01 4.497273266315460205e-01
9.107499718666076660e-01 7.728333473205566406e-01 2.177499979734420776e-01 8.932499885559082031e-01 7.577499747276306152e-01 9.637500047683715820e-01 7.251750230789184570e-01 6.154227852821350098e-01 1.022266373038291931e-01 9.440032243728637695e-01 7.542019486427307129e-01 6.169128417968750000e-01
8.557500243186950684e-01 4.214999973773956299e-01 4.324999824166297913e-02 5.182499885559082031e-01 4.732500016689300537e-01 8.332499861717224121e-01 7.763870358467102051e-01 6.483133435249328613e-01 2.122130393981933594e-01 3.445589840412139893e-01 4.221476912498474121e-01 5.070643424987792969e-01
3.697499930858612061e-01 7.471666932106018066e-01 6.777499914169311523e-01 2.377499938011169434e-01 9.397500157356262207e-01 9.075000137090682983e-02 4.195200204849243164e-01 6.006725430488586426e-01 3.891245126724243164e-01 3.939307034015655518e-01 9.499382376670837402e-01 4.857950508594512939e-01
7.027500271797180176e-01 6.535000205039978027e-01 4.612500071525573730e-01 4.352500140666961670e-01 6.125000119209289551e-02 9.042500257492065430e-01 6.513427495956420898e-01 5.257189869880676270e-01 4.499663710594177246e-01 2.855882942676544189e-01 6.218528747558593750e-02 5.184062719345092773e-01
9.887499809265136719e-01 5.438333153724670410e-01 1.787499934434890747e-01 1.724999956786632538e-02 9.974999725818634033e-02 6.162499785423278809e-01 9.261212348937988281e-01 5.407506227493286133e-01 1.643383353948593140e-01 9.717434644699096680e-02 7.951920479536056519e-02 3.590960204601287842e-01
7.117499709129333496e-01 6.258333325386047363e-01 6.702499985694885254e-01 4.427500069141387939e-01 8.627499938011169434e-01 7.417500019073486328e-01 6.848207116127014160e-01 5.025386810302734375e-01 5.648717284202575684e-01 3.774171471595764160e-01 8.348421454429626465e-01 4.611878097057342529e-01
4.877499938011169434e-01 7.041666507720947266e-01 1.617500036954879761e-01 7.807499766349792480e-01 4.617500007152557373e-01 6.697499752044677734e-01 5.122722983360290527e-01 6.344536542892456055e-01 1.331727355718612671e-01 7.833587527275085449e-01 4.661205708980560303e-01 6.015009284019470215e-01
9.222499728202819824e-01 7.145000100135803223e-01 7.062500119209289551e-01 4.252499938011169434e-01 6.827499866485595703e-01 6.572499871253967285e-01 9.060865044593811035e-01 5.675806999206542969e-01 5.504533648490905762e-01 4.768460094928741455e-01 6.899472475051879883e-01 4.542470872402191162e-01
1.577499955892562866e-01 6.434999704360961914e-01 3.092499971389770508e-01 3.772499859333038330e-01 1.075000036507844925e-02 1.762499958276748657e-01 2.091789096593856812e-01 6.538132429122924805e-01 3.625711798667907715e-01 3.159529864788055420e-01 2.599240839481353760e-02 4.339798390865325928e-01
4.687500000000000000e-01 7.724999785423278809e-01 7.682499885559082031e-01 2.500000118743628263e-04 6.837499737739562988e-01 3.047499954700469971e-01 4.429653286933898926e-01 6.430667042732238770e-01 5.170407295227050781e-01 2.455882281064987183e-01 6.656096577644348145e-01 3.091171681880950928e-01
4.542500078678131104e-01 8.141666650772094727e-01 9.572499990463256836e-01 6.674999743700027466e-02 4.067499935626983643e-01 5.897499918937683105e-01 4.119756221771240234e-01 6.604905724525451660e-01 5.361005663871765137e-01 4.401767551898956299e-01 4.141320884227752686e-01 3.212219476699829102e-01
4.327499866485595703e-01 6.451666951179504395e-01 7.802500128746032715e-01 2.032500058412551880e-01 5.282499790191650391e-01 4.562500119209289551e-01 3.510595858097076416e-01 5.253847241401672363e-01 6.108525991439819336e-01 3.108520209789276123e-01 5.686659216880798340e-01 3.494046032428741455e-01
9.142500162124633789e-01 7.248333096504211426e-01 6.962500214576721191e-01 3.507499992847442627e-01 4.382500052452087402e-01 6.357499957084655762e-01 8.928523659706115723e-01 5.556135773658752441e-01 5.621854662895202637e-01 4.361834228038787842e-01 4.361091256141662598e-01 4.146159291267395020e-01
6.250000093132257462e-03 4.118333458900451660e-01 6.227499842643737793e-01 6.272500157356262207e-01 2.537499964237213135e-01 5.982499718666076660e-01 1.284741517156362534e-02 5.072203278541564941e-01 7.732677459716796875e-01 5.410550236701965332e-01 2.440500706434249878e-01 4.520209133625030518e-01
8.537499904632568359e-01 6.715000271797180176e-01 9.692500233650207520e-01 4.402500092983245850e-01 7.452499866485595703e-01 7.342500090599060059e-01 8.616220951080322266e-01 4.979482889175415039e-01 6.012887954711914062e-01 5.875836014747619629e-01 7.693846225738525391e-01 4.849285185337066650e-01
1.192499995231628418e-01 2.751666605472564697e-01 6.267499923706054688e-01 1.107499971985816956e-01 1.182499974966049194e-01 1.877499967813491821e-01 1.299077570438385010e-01 3.575923144817352295e-01 7.394706010818481445e-01 6.656948477029800415e-02 4.498275369405746460e-02 3.734952509403228760e-01
3.482500016689300537e-01 6.448333263397216797e-01 7.922499775886535645e-01 4.567500054836273193e-01 5.025000125169754028e-02 4.482499957084655762e-01 4.086140692234039307e-01 4.795519113540649414e-01 5.817962288856506348e-01 4.522073864936828613e-01 6.397244334220886230e-02 5.134377479553222656e-01
4.037500023841857910e-01 6.118333339691162109e-01 8.775000274181365967e-02 6.287500262260437012e-01 2.877500057220458984e-01 9.122499823570251465e-01 4.293322563171386719e-01 6.610958576202392578e-01 1.440968960523605347e-01 3.594261109828948975e-01 2.971271574497222900e-01 6.331296563148498535e-01
7.427499890327453613e-01 6.831666827201843262e-01 5.182499885559082031e-01 1.967500001192092896e-01 7.807499766349792480e-01 3.212499916553497314e-01 7.677589654922485352e-01 3.448168635368347168e-01 3.425222337245941162e-01 1.721791177988052368e-01 8.042982816696166992e-01 5.041558742523193359e-01
8.224999904632568359e-02 4.191666543483734131e-01 4.982500076293945312e-01 1.717499941587448120e-01 6.825000047683715820e-02 5.857499837875366211e-01 6.836275011301040649e-02 4.718122184276580811e-01 5.866007804870605469e-01 3.204358220100402832e-01 3.733642026782035828e-02 5.406640172004699707e-01
4.867500066757202148e-01 4.188333451747894287e-01 5.897499918937683105e-01 7.282500267028808594e-01 5.292500257492065430e-01 3.887499868869781494e-01 5.379482507705688477e-01 4.208571910858154297e-01 6.133519411087036133e-01 6.614250540733337402e-01 5.254929661750793457e-01 5.185245275497436523e-01
4.902499914169311523e-01 4.124999940395355225e-01 7.132499814033508301e-01 8.492500185966491699e-01 2.952499985694885254e-01 4.374999925494194031e-02 5.119409561157226562e-01 3.349122107028961182e-01 8.009291887283325195e-01 6.597728133201599121e-01 3.472869098186492920e-01 3.825718462467193604e-01
2.847500145435333252e-01 8.174999952316284180e-01 8.832499980926513672e-01 8.582500219345092773e-01 4.374999925494194031e-02 2.749999985098838806e-03 3.543193936347961426e-01 6.145302057266235352e-01 6.750908493995666504e-01 8.801046013832092285e-01 7.196641713380813599e-02 4.779680073261260986e-01
9.624999761581420898e-02 3.258333206176757812e-01 9.822499752044677734e-01 9.767500162124633789e-01 9.472500085830688477e-01 7.382500171661376953e-01 7.106807827949523926e-02 2.742981016635894775e-01 8.997371196746826172e-01 7.834997773170471191e-01 9.049337506294250488e-01 4.040746986865997314e-01
4.062500000000000000e-01 4.824999868869781494e-01 4.657500088214874268e-01 1.762499958276748657e-01 2.417500019073486328e-01 2.207500040531158447e-01 4.905155301094055176e-01 4.556284844875335693e-01 4.565575718879699707e-01 8.337973058223724365e-02 2.597576081752777100e-01 3.780322372913360596e-01
9.302499890327453613e-01 6.821666955947875977e-01 7.527499794960021973e-01 1.477500051259994507e-01 9.525000303983688354e-02 6.547499895095825195e-01 9.365109801292419434e-01 4.151802957057952881e-01 4.693751931190490723e-01 1.671545505523681641e-01 8.752437680959701538e-02 3.527128398418426514e-01
3.224999830126762390e-02 2.745000123977661133e-01 2.117500007152557373e-01 1.822499930858612061e-01 5.657500028610229492e-01 3.282499909400939941e-01 8.115531504154205322e-02 3.861630558967590332e-01 3.884341418743133545e-01 3.234723210334777832e-01 4.963318705558776855e-01 7.672786116600036621e-01
3.925000131130218506e-02 5.371666550636291504e-01 3.752500116825103760e-01 7.377499938011169434e-01 2.672500014305114746e-01 5.467500090599060059e-01 3.269279375672340393e-02 6.636390089988708496e-01 6.121397018432617188e-01 6.680619716644287109e-01 2.390569001436233521e-01 4.482736587524414062e-01
3.882499933242797852e-01 2.234999984502792358e-01 5.362499952316284180e-01 4.482499957084655762e-01 8.392500281333923340e-01 5.175000056624412537e-02 4.164395630359649658e-01 2.323387116193771362e-01 7.895038723945617676e-01 2.725202143192291260e-01 8.289625048637390137e-01 4.962409436702728271e-01
2.317499965429306030e-01 7.768333554267883301e-01 4.107500016689300537e-01 5.827500224113464355e-01 6.812499761581420898e-01 4.227499961853027344e-01 1.979354918003082275e-01 6.549094319343566895e-01 4.311364591121673584e-01 8.332675695419311523e-01 7.003799080848693848e-01 4.272286891937255859e-01
3.672499954700469971e-01 4.144999980926513672e-01 5.112500190734863281e-01 3.927499949932098389e-01 6.224999949336051941e-02 5.752500295639038086e-01 3.846625387668609619e-01 4.615198075771331787e-01 5.486251711845397949e-01 4.022516012191772461e-01 5.577053874731063843e-02 5.262305736541748047e-01
7.272499799728393555e-01 6.995000243186950684e-01 2.017499953508377075e-01 1.707500070333480835e-01 8.317499756813049316e-01 1.282500028610229492e-01 8.266002535820007324e-01 4.963588714599609375e-01 1.340743899345397949e-01 2.510513663291931152e-01 8.365061283111572266e-01 5.513228178024291992e-01
8.422499895095825195e-01 6.071666479110717773e-01 3.292500078678131104e-01 1.557500064373016357e-01 2.374999970197677612e-02 8.367499709129333496e-01 7.405055165290832520e-01 6.058063507080078125e-01 2.870205640792846680e-01 2.436674833297729492e-01 3.703152760863304138e-02 5.160571932792663574e-01
9.592499732971191406e-01 8.205000162124633789e-01 8.574999868869781494e-02 1.692499965429306030e-01 1.382499933242797852e-01 9.877499938011169434e-01 9.028345942497253418e-01 7.155685424804687500e-01 3.329480811953544617e-02 6.531970202922821045e-02 1.435451954603195190e-01 4.526494443416595459e-01
1.102500036358833313e-01 8.094999790191650391e-01 8.707500100135803223e-01 3.877499997615814209e-01 4.257499873638153076e-01 8.025000244379043579e-02 1.115518584847450256e-01 6.929941177368164062e-01 6.698744297027587891e-01 4.805617034435272217e-01 4.527124762535095215e-01 2.371268272399902344e-01
7.417500019073486328e-01 2.161666601896286011e-01 1.352500021457672119e-01 4.217500090599060059e-01 4.977500140666961670e-01 5.707499980926513672e-01 6.711811423301696777e-01 3.194437325000762939e-01 3.354588150978088379e-01 2.957408130168914795e-01 4.550283551216125488e-01 5.714617967605590820e-01
6.592500209808349609e-01 4.911666810512542725e-01 9.462500214576721191e-01 9.167500138282775879e-01 6.142500042915344238e-01 1.977500021457672119e-01 6.990703344345092773e-01 3.675658106803894043e-01 7.848597764968872070e-01 8.542305231094360352e-01 6.162222027778625488e-01 4.771285057067871094e-01
8.252500295639038086e-01 3.235000073909759521e-01 6.552500128746032715e-01 9.842500090599060059e-01 1.157499998807907104e-01 7.107499837875366211e-01 7.955037951469421387e-01 3.501328229904174805e-01 6.970208883285522461e-01 9.235718250274658203e-01 1.148585751652717590e-01 6.553104519844055176e-01
7.297499775886535645e-01 5.764999985694885254e-01 2.647500038146972656e-01 9.075000137090682983e-02 1.592500060796737671e-01 9.787499904632568359e-01 7.246971130371093750e-01 5.278002023696899414e-01 8.761023730039596558e-02 1.028959006071090698e-01 1.445461660623550415e-01 5.805318355560302734e-01
8.672500252723693848e-01 5.191666483879089355e-01 7.562500238418579102e-01 4.242500066757202148e-01 7.492499947547912598e-01 4.742499887943267822e-01 7.989658117294311523e-01 3.964700996875762939e-01 7.237087488174438477e-01 4.365793168544769287e-01 7.575743198394775391e-01 4.412985146045684814e-01
7.477499842643737793e-01 6.378333568572998047e-01 3.907499909400939941e-01 1.987500041723251343e-01 7.107499837875366211e-01 1.274999976158142090e-02 8.431967496871948242e-01 6.025501489639282227e-01 4.195452630519866943e-01 1.582272201776504517e-01 6.580662727355957031e-01 3.201687633991241455e-01
2.382500022649765015e-01 4.651666581630706787e-01 2.802500128746032715e-01 6.957499980926513672e-01 4.342499971389770508e-01 2.587499916553497314e-01 2.257020324468612671e-01 7.547602057456970215e-01 6.553700566291809082e-01 6.917524337768554688e-01 3.447889089584350586e-01 1.603005826473236084e-01
4.412499964237213135e-01 2.171666622161865234e-01 5.474999919533729553e-02 9.497500061988830566e-01 3.037500083446502686e-01 6.374999880790710449e-02 5.096424221992492676e-01 6.303936243057250977e-01 5.241177678108215332e-01 7.914943099021911621e-01 2.418287545442581177e-01 5.075722336769104004e-01
3.707500100135803223e-01 2.618333399295806885e-01 4.307500123977661133e-01 2.407499998807907104e-01 7.827500104904174805e-01 3.687500059604644775e-01 4.753140211105346680e-01 3.188643753528594971e-01 3.531286716461181641e-01 2.878739535808563232e-01 7.412586212158203125e-01 6.108717322349548340e-01
6.827499866485595703e-01 3.415000140666961670e-01 3.022499978542327881e-01 1.447499990463256836e-01 8.062499761581420898e-01 8.217499852180480957e-01 6.644167304039001465e-01 5.559981465339660645e-01 2.962898015975952148e-01 1.958037614822387695e-01 7.612784504890441895e-01 5.035655498504638672e-01
5.074999853968620300e-02 2.661666572093963623e-01 9.362499713897705078e-01 7.957500219345092773e-01 6.847500205039978027e-01 3.782500028610229492e-01 4.229697957634925842e-02 2.284526079893112183e-01 9.181533455848693848e-01 8.347928524017333984e-01 6.609683632850646973e-01 4.562765657901763916e-01
4.727500081062316895e-01 4.808333218097686768e-01 1.442500054836273193e-01 6.427500247955322266e-01 4.542500078678131104e-01 3.617500066757202148e-01 5.509751439094543457e-01 6.016844511032104492e-01 3.131190240383148193e-01 6.302568912506103516e-01 4.151900708675384521e-01 5.632067322731018066e-01
8.392500281333923340e-01 4.238333404064178467e-01 7.747499942779541016e-01 9.922500252723693848e-01 8.524999767541885376e-02 5.262500047683715820e-01 8.967291712760925293e-01 3.063891530036926270e-01 8.111984729766845703e-01 8.117098212242126465e-01 8.276890218257904053e-02 6.163670420646667480e-01
7.722499966621398926e-01 7.615000009536743164e-01 5.377500057220458984e-01 9.772499799728393555e-01 5.447499752044677734e-01 1.037499979138374329e-01 8.573517203330993652e-01 4.541321694850921631e-01 4.484749436378479004e-01 8.323592543601989746e-01 5.584720969200134277e-01 5.566164851188659668e-01
4.397499859333038330e-01 2.528333365917205811e-01 4.442499876022338867e-01 8.197500109672546387e-01 3.262499868869781494e-01 6.977499723434448242e-01 4.192664623260498047e-01 3.522023558616638184e-01 5.756964087486267090e-01 7.501273155212402344e-01 3.516346514225006104e-01 5.987230539321899414e-01
4.342499971389770508e-01 4.488333463668823242e-01 2.142499983310699463e-01 4.992499947547912598e-01 9.307500123977661133e-01 1.332499980926513672e-01 3.588721752166748047e-01 6.426905989646911621e-01 5.841301083564758301e-01 5.586587786674499512e-01 8.657398819923400879e-01 3.584538102149963379e-01
1.327500045299530029e-01 3.278333246707916260e-01 5.282499790191650391e-01 8.797500133514404297e-01 5.617499947547912598e-01 5.197499990463256836e-01 1.278585493564605713e-01 3.157979547977447510e-01 6.342948675155639648e-01 8.215714097023010254e-01 5.764792561531066895e-01 7.630721926689147949e-01
4.757499992847442627e-01 1.774999946355819702e-01 7.500000065192580223e-04 1.882500052452087402e-01 1.417499929666519165e-01 1.812500059604644775e-01 5.522811412811279297e-01 4.754496812820434570e-01 1.835583895444869995e-01 7.205183058977127075e-02 7.115492224693298340e-02 5.559310913085937500e-01
3.502500057220458984e-01 5.274999737739562988e-01 7.207499742507934570e-01 5.412499904632568359e-01 1.174999959766864777e-02 9.147499799728393555e-01 3.755922615528106689e-01 3.974741697311401367e-01 5.449807643890380859e-01 5.172854661941528320e-01 4.040307924151420593e-02 5.530469417572021484e-01
8.142499923706054688e-01 3.261666595935821533e-01 9.192500114440917969e-01 9.432500004768371582e-01 1.132500022649765015e-01 6.825000047683715820e-02 8.884476423263549805e-01 3.062206804752349854e-01 8.691887259483337402e-01 8.698605298995971680e-01 1.134769916534423828e-01 5.918380022048950195e-01
3.452500104904174805e-01 5.485000014305114746e-01 1.877499967813491821e-01 1.237500011920928955e-01 1.897500008344650269e-01 6.917499899864196777e-01 2.866435050964355469e-01 6.057456731796264648e-01 3.970935046672821045e-01 2.335316985845565796e-01 1.957102268934249878e-01 4.709572196006774902e-01
5.162500143051147461e-01 7.061666846275329590e-01 8.222500085830688477e-01 7.727500200271606445e-01 6.774999946355819702e-02 9.162499904632568359e-01 5.402515530586242676e-01 4.553464055061340332e-01 5.015633106231689453e-01 7.657326459884643555e-01 8.798414468765258789e-02 5.794718861579895020e-01
5.687500238418579102e-01 6.238333582878112793e-01 3.957499861717224121e-01 7.152500152587890625e-01 8.249999955296516418e-03 9.342499971389770508e-01 5.288331508636474609e-01 5.069916248321533203e-01 2.130130082368850708e-01 7.775168418884277344e-01 3.235128149390220642e-02 5.723414421081542969e-01
8.532500267028808594e-01 4.194999933242797852e-01 3.622500002384185791e-01 5.842499732971191406e-01 9.792500138282775879e-01 8.692499995231628418e-01 7.425252795219421387e-01 5.630691051483154297e-01 4.885226488113403320e-01 5.514739155769348145e-01 9.506535530090332031e-01 4.375664889812469482e-01
4.837499856948852539e-01 2.545000016689300537e-01 6.252499818801879883e-01 4.227499961853027344e-01 4.307500123977661133e-01 8.752499818801879883e-01 4.559564888477325439e-01 2.648451328277587891e-01 6.405484080314636230e-01 3.499505221843719482e-01 4.311723411083221436e-01 5.375786423683166504e-01
9.377499818801879883e-01 2.944999933242797852e-01 7.282500267028808594e-01 4.232499897480010986e-01 6.757500171661376953e-01 3.925000131130218506e-02 9.278318881988525391e-01 3.843805789947509766e-01 7.711852788925170898e-01 4.854280352592468262e-01 6.348318457603454590e-01 4.150166213512420654e-01
1.977500021457672119e-01 4.841666519641876221e-01 8.124999701976776123e-02 1.102500036358833313e-01 9.842500090599060059e-01 3.142499923706054688e-01 2.489921450614929199e-01 6.819587349891662598e-01 2.848545014858245850e-01 3.325727283954620361e-01 9.530422091484069824e-01 5.280354619026184082e-01
3.587499856948852539e-01 3.321666717529296875e-01 5.512499809265136719e-01 8.767499923706054688e-01 4.317499995231628418e-01 7.474999874830245972e-02 4.235553145408630371e-01 4.100081622600555420e-01 6.936830878257751465e-01 7.401443719863891602e-01 4.681654870510101318e-01 4.593899846076965332e-01
7.882500290870666504e-01 1.971666663885116577e-01 2.882499992847442627e-01 8.747500181198120117e-01 8.662499785423278809e-01 9.817500114440917969e-01 6.068951487541198730e-01 3.033539652824401855e-01 7.012643218040466309e-01 7.029228210449218750e-01 8.394992351531982422e-01 5.440101027488708496e-01
3.437500000000000000e-01 4.524999856948852539e-01 2.322500050067901611e-01 7.697499990463256836e-01 6.877499818801879883e-01 6.875000149011611938e-02 3.879798352718353271e-01 6.403953433036804199e-01 6.311219334602355957e-01 5.022437572479248047e-01 6.653593182563781738e-01 3.345714807510375977e-01
2.902500033378601074e-01 7.904999852180480957e-01 1.087500005960464478e-01 6.867499947547912598e-01 6.357499957084655762e-01 6.992499828338623047e-01 2.495668828487396240e-01 6.847744584083557129e-01 9.932146221399307251e-02 6.524325013160705566e-01 6.311151981353759766e-01 5.709548592567443848e-01
1.132500022649765015e-01 8.051666617393493652e-01 5.142499804496765137e-01 3.175000101327896118e-02 6.097499728202819824e-01 8.012499809265136719e-01 7.999573647975921631e-02 6.378147602081298828e-01 4.529719650745391846e-01 2.954740822315216064e-01 7.813009619712829590e-01 6.255887150764465332e-01
4.452500045299530029e-01 6.278333067893981934e-01 3.902499973773956299e-01 1.274999976158142090e-02 2.932499945163726807e-01 8.574999868869781494e-02 4.428717792034149170e-01 5.607253313064575195e-01 4.374242722988128662e-01 8.313142508268356323e-02 3.029013276100158691e-01 2.961762845516204834e-01
3.802500069141387939e-01 3.508333265781402588e-01 2.982499897480010986e-01 4.907500147819519043e-01 5.212500095367431641e-01 2.267500013113021851e-01 3.845841586589813232e-01 5.510241985321044922e-01 5.285422801971435547e-01 4.105297029018402100e-01 4.626860916614532471e-01 4.191476404666900635e-01
9.927499890327453613e-01 6.725000143051147461e-01 6.782500147819519043e-01 7.742499709129333496e-01 4.022499918937683105e-01 4.892500042915344238e-01 9.873896837234497070e-01 7.062854766845703125e-01 7.647842764854431152e-01 7.519400715827941895e-01 3.803505003452301025e-01 3.279399573802947998e-01
7.724999636411666870e-02 5.095000267028808594e-01 7.774999737739562988e-02 8.652499914169311523e-01 9.207500219345092773e-01 4.352500140666961670e-01 7.516168057918548584e-02 7.328620553016662598e-01 2.369529455900192261e-01 8.705410957336425781e-01 9.839888215065002441e-01 4.687250852584838867e-01
9.797499775886535645e-01 5.534999966621398926e-01 4.662500023841857910e-01 8.837500214576721191e-01 9.947500228881835938e-01 5.412499904632568359e-01 9.345143437385559082e-01 5.856041908264160156e-01 7.069131731986999512e-01 7.625586986541748047e-01 9.678846597671508789e-01 4.204302728176116943e-01
5.987499952316284180e-01 7.135000228881835938e-01 2.952499985694885254e-01 1.627500057220458984e-01 6.397500038146972656e-01 7.267500162124633789e-01 5.508483052253723145e-01 6.801018714904785156e-01 1.823068112134933472e-01 2.129200249910354614e-01 6.365022063255310059e-01 4.748225212097167969e-01
9.292500019073486328e-01 2.298333346843719482e-01 9.212499856948852539e-01 6.977499723434448242e-01 8.512499928474426270e-01 4.749999847263097763e-03 9.194871187210083008e-01 2.442562580108642578e-01 9.198785424232482910e-01 7.375121712684631348e-01 8.141795396804809570e-01 3.675864934921264648e-01
1.324999984353780746e-02 8.231666684150695801e-01 4.737499952316284180e-01 5.972499847412109375e-01 8.252500295639038086e-01 1.042499989271163940e-01 2.323576807975769043e-02 7.738810777664184570e-01 3.655257225036621094e-01 7.175319194793701172e-01 9.304802417755126953e-01 5.162032246589660645e-01
6.797500252723693848e-01 7.458333373069763184e-01 6.987500190734863281e-01 1.767500042915344238e-01 7.112500071525573730e-01 6.047499775886535645e-01 5.995622277259826660e-01 6.071528196334838867e-01 4.920367300510406494e-01 3.439810574054718018e-01 7.221722006797790527e-01 4.056668281555175781e-01
7.392500042915344238e-01 5.454999804496765137e-01 1.542499959468841553e-01 5.887500047683715820e-01 6.882500052452087402e-01 4.327499866485595703e-01 7.056794762611389160e-01 6.256406307220458984e-01 2.478377521038055420e-01 5.812312364578247070e-01 6.544634699821472168e-01 5.465348958969116211e-01
5.767499804496765137e-01 7.828333377838134766e-01 8.582500219345092773e-01 8.897500038146972656e-01 2.525000087916851044e-02 9.032499790191650391e-01 6.109870076179504395e-01 5.244064331054687500e-01 4.237920641899108887e-01 8.688109517097473145e-01 4.830717667937278748e-02 5.705578923225402832e-01
7.932500243186950684e-01 4.811666607856750488e-01 5.324999988079071045e-02 2.942500114440917969e-01 4.142499864101409912e-01 6.072499752044677734e-01 6.949098110198974609e-01 5.047791004180908203e-01 1.970252394676208496e-01 2.639973163604736328e-01 3.735740482807159424e-01 5.928083658218383789e-01
1.824999973177909851e-02 8.311666846275329590e-01 5.525000020861625671e-02 8.692499995231628418e-01 4.422500133514404297e-01 7.072499990463256836e-01 2.243431285023689270e-02 7.407070994377136230e-01 9.953146427869796753e-02 3.818452954292297363e-01 7.391300201416015625e-01 7.614471316337585449e-01
4.722500145435333252e-01 3.564999997615814209e-01 4.167500138282775879e-01 3.875000029802322388e-02 2.312500029802322388e-01 5.007500052452087402e-01 4.266088306903839111e-01 4.479076862335205078e-01 5.588652491569519043e-01 1.091559976339340210e-01 2.322979569435119629e-01 3.526585698127746582e-01
8.922500014305114746e-01 7.008333206176757812e-01 9.087499976158142090e-01 5.222499966621398926e-01 4.692499935626983643e-01 6.774999946355819702e-02 9.509578943252563477e-01 6.213753819465637207e-01 7.213207483291625977e-01 6.854332089424133301e-01 4.526975154876708984e-01 4.011226892471313477e-01
5.474999919533729553e-02 2.025000005960464478e-01 4.757499992847442627e-01 6.242499947547912598e-01 2.512499988079071045e-01 8.647500276565551758e-01 1.691144891083240509e-02 3.013849556446075439e-01 7.322075366973876953e-01 5.750088095664978027e-01 1.397904157638549805e-01 8.165193796157836914e-01
5.812500119209289551e-01 2.084999978542327881e-01 5.932499766349792480e-01 7.247499823570251465e-01 3.317500054836273193e-01 8.807500004768371582e-01 6.085900664329528809e-01 2.653672099113464355e-01 7.043249011039733887e-01 4.025479853153228760e-01 3.527491986751556396e-01 5.020849108695983887e-01
1.732500046491622925e-01 3.348333239555358887e-01 6.862499713897705078e-01 7.462499737739562988e-01 3.642500042915344238e-01 4.147500097751617432e-01 2.126373052597045898e-01 3.663422763347625732e-01 6.800435185432434082e-01 6.124851107597351074e-01 3.473758995532989502e-01 5.729694962501525879e-01
4.362500011920928955e-01 7.868333458900451660e-01 7.212499976158142090e-01 8.757500052452087402e-01 8.637499809265136719e-01 6.962500214576721191e-01 4.346541762351989746e-01 6.009458303451538086e-01 5.261628031730651855e-01 8.435077667236328125e-01 8.931519389152526855e-01 5.219649672508239746e-01
6.892499923706054688e-01 6.851666569709777832e-01 3.222500085830688477e-01 8.902500271797180176e-01 2.347500026226043701e-01 1.552499979734420776e-01 7.853710651397705078e-01 6.052538752555847168e-01 5.822595953941345215e-01 6.135846376419067383e-01 2.483666688203811646e-01 4.695823490619659424e-01
8.167499899864196777e-01 3.174999952316284180e-01 1.177499964833259583e-01 2.197500020265579224e-01 9.197499752044677734e-01 8.832499980926513672e-01 7.240304350852966309e-01 5.156171917915344238e-01 2.598051726818084717e-01 1.600255370140075684e-01 8.356844186782836914e-01 5.096712708473205566e-01
2.527500092983245850e-01 2.891666591167449951e-01 4.352500140666961670e-01 6.892499923706054688e-01 3.197500109672546387e-01 9.737499952316284180e-01 2.265872061252593994e-01 3.414601683616638184e-01 5.453981161117553711e-01 5.617007613182067871e-01 3.140029907226562500e-01 6.245435476303100586e-01
3.022499978542327881e-01 5.795000195503234863e-01 8.942499756813049316e-01 3.082500100135803223e-01 2.487500011920928955e-01 2.092500030994415283e-01 3.326867818832397461e-01 4.563391208648681641e-01 6.407266259193420410e-01 4.511877894401550293e-01 3.045546114444732666e-01 3.834112286567687988e-01
2.824999950826168060e-02 7.055000066757202148e-01 9.152500033378601074e-01 8.124999701976776123e-02 6.772500276565551758e-01 2.752499878406524658e-01 4.790023341774940491e-02 6.079338192939758301e-01 7.178695797920227051e-01 4.224052429199218750e-01 6.399050951004028320e-01 5.366907715797424316e-01
3.927499949932098389e-01 4.581666588783264160e-01 8.742499947547912598e-01 7.992500066757202148e-01 8.202499747276306152e-01 6.497499942779541016e-01 3.716376721858978271e-01 5.055176019668579102e-01 7.481419444084167480e-01 9.276903867721557617e-01 8.261435031890869141e-01 4.414326250553131104e-01
8.147500157356262207e-01 6.284999847412109375e-01 7.052500247955322266e-01 4.772500097751617432e-01 5.172500014305114746e-01 7.612500190734863281e-01 7.619622945785522461e-01 3.789712488651275635e-01 5.506455898284912109e-01 4.719167947769165039e-01 5.232751965522766113e-01 5.405389666557312012e-01
2.752499878406524658e-01 3.098333477973937988e-01 9.332500100135803223e-01 5.775000154972076416e-02 2.887499928474426270e-01 2.187500000000000000e-01 3.403313457965850830e-01 2.218296676874160767e-01 7.704751491546630859e-01 1.011421903967857361e-01 3.202429711818695068e-01 4.272075295448303223e-01
7.692499756813049316e-01 1.985000073909759521e-01 2.207500040531158447e-01 2.487500011920928955e-01 3.302499949932098389e-01 9.972500205039978027e-01 6.109082102775573730e-01 3.058105111122131348e-01 3.508853614330291748e-01 2.388621717691421509e-01 3.236848413944244385e-01 5.822252035140991211e-01
6.522499918937683105e-01 1.681666672229766846e-01 3.824999928474426270e-02 8.687499761581420898e-01 5.907499790191650391e-01 3.117499947547912598e-01 7.142108082771301270e-01 5.212306380271911621e-01 2.391776293516159058e-01 7.751847505569458008e-01 4.961026012897491455e-01 5.994315147399902344e-01
9.752500057220458984e-01 5.801666378974914551e-01 8.227499723434448242e-01 1.687500029802322388e-01 9.412500262260437012e-01 8.382499814033508301e-01 9.013947844505310059e-01 4.411059916019439697e-01 6.807510256767272949e-01 2.392266243696212769e-01 9.117264151573181152e-01 3.470736443996429443e-01
1.752499938011169434e-01 4.838333427906036377e-01 3.472500145435333252e-01 7.032499909400939941e-01 9.257500171661376953e-01 2.577500045299530029e-01 1.841871440410614014e-01 6.414294838905334473e-01 6.322637796401977539e-01 7.992206811904907227e-01 9.269619584083557129e-01 3.639303743839263916e-01
6.027500033378601074e-01 4.398333430290222168e-01 6.957499980926513672e-01 3.047499954700469971e-01 7.752500176429748535e-01 7.942500114440917969e-01 5.940991640090942383e-01 4.270402491092681885e-01 5.938666462898254395e-01 2.516902089118957520e-01 7.773560881614685059e-01 4.306267499923706055e-01
5.407500267028808594e-01 1.731666624546051025e-01 3.417499959468841553e-01 2.582499980926513672e-01 4.187499880790710449e-01 6.612499952316284180e-01 5.554163455963134766e-01 2.269143313169479370e-01 3.838199675083160400e-01 2.076346576213836670e-01 3.909981846809387207e-01 6.025778055191040039e-01
4.942499995231628418e-01 3.948333263397216797e-01 6.442499756813049316e-01 9.112499952316284180e-01 6.722499728202819824e-01 4.242500066757202148e-01 5.026298165321350098e-01 5.102929472923278809e-01 6.970927715301513672e-01 8.945187330245971680e-01 6.249013543128967285e-01 4.889046251773834229e-01
2.372500002384185791e-01 8.004999756813049316e-01 7.172499895095825195e-01 6.432499885559082031e-01 5.392500162124633789e-01 3.832499980926513672e-01 2.436060160398483276e-01 6.660675406455993652e-01 6.001023650169372559e-01 7.649143934249877930e-01 5.670936703681945801e-01 3.765857219696044922e-01
7.682499885559082031e-01 5.951666831970214844e-01 4.075000062584877014e-02 5.502499938011169434e-01 3.182500004768371582e-01 1.542499959468841553e-01 8.612095117568969727e-01 7.274115681648254395e-01 2.104155123233795166e-01 4.144833385944366455e-01 3.136267662048339844e-01 3.915538787841796875e-01
2.787500023841857910e-01 6.841666698455810547e-01 3.017500042915344238e-01 9.397500157356262207e-01 1.262499988079071045e-01 7.092499732971191406e-01 2.760485112667083740e-01 7.135316729545593262e-01 3.075804114341735840e-01 8.611454963684082031e-01 1.354362219572067261e-01 4.231351613998413086e-01
8.677499890327453613e-01 1.914999932050704956e-01 1.342500001192092896e-01 1.602499932050704956e-01 3.092499971389770508e-01 6.892499923706054688e-01 8.181762695312500000e-01 3.235941231250762939e-01 2.105770111083984375e-01 1.400201171636581421e-01 2.970471978187561035e-01 4.933618605136871338e-01
9.672499895095825195e-01 6.485000252723693848e-01 3.637500107288360596e-01 4.277499914169311523e-01 2.749999985098838806e-03 3.432500064373016357e-01 9.544960856437683105e-01 7.133680582046508789e-01 2.973028719425201416e-01 5.098779797554016113e-01 2.100860700011253357e-02 4.765413105487823486e-01
1.767500042915344238e-01 8.018333315849304199e-01 1.477500051259994507e-01 7.192500233650207520e-01 6.127499938011169434e-01 1.032499969005584717e-01 1.897370815277099609e-01 7.638344168663024902e-01 6.185359135270118713e-02 8.089312314987182617e-01 5.570983886718750000e-01 3.401487469673156738e-01
6.587499976158142090e-01 5.554999709129333496e-01 3.077499866485595703e-01 6.424999982118606567e-02 1.437499970197677612e-01 9.852499961853027344e-01 7.492935657501220703e-01 4.400448203086853027e-01 3.308814391493797302e-02 5.812935903668403625e-02 1.607898324728012085e-01 6.717188954353332520e-01
4.817500114440917969e-01 4.638333320617675781e-01 7.152500152587890625e-01 2.787500023841857910e-01 5.032500028610229492e-01 4.574999958276748657e-02 4.703679680824279785e-01 5.601266026496887207e-01 7.019127011299133301e-01 3.952125608921051025e-01 4.649888873100280762e-01 2.139627486467361450e-01
1.632499992847442627e-01 5.745000243186950684e-01 6.307500004768371582e-01 6.507499814033508301e-01 8.367499709129333496e-01 3.322499990463256836e-01 1.695386320352554321e-01 6.039378643035888672e-01 6.644347310066223145e-01 6.865187287330627441e-01 8.451998233795166016e-01 4.009234607219696045e-01
8.517500162124633789e-01 5.044999718666076660e-01 9.262499809265136719e-01 9.152500033378601074e-01 9.362499713897705078e-01 7.975000143051147461e-02 9.394962787628173828e-01 5.685884952545166016e-01 8.286153674125671387e-01 9.043706059455871582e-01 9.453136324882507324e-01 4.085597693920135498e-01
4.557499885559082031e-01 7.361666560173034668e-01 8.172500133514404297e-01 1.367499977350234985e-01 5.147500038146972656e-01 1.242500022053718567e-01 4.857768416404724121e-01 5.689896345138549805e-01 5.567219853401184082e-01 2.706119418144226074e-01 5.059719085693359375e-01 3.104937076568603516e-01
6.412500143051147461e-01 7.338333129882812500e-01 7.927500009536743164e-01 7.637500166893005371e-01 7.657499909400939941e-01 2.372500002384185791e-01 5.601304173469543457e-01 6.975751519203186035e-01 4.756269156932830811e-01 9.576135873794555664e-01 6.995619535446166992e-01 4.405997693538665771e-01
1.567499935626983643e-01 2.861666679382324219e-01 7.597500085830688477e-01 2.687500119209289551e-01 1.347499936819076538e-01 2.032500058412551880e-01 1.547582596540451050e-01 2.588769793510437012e-01 7.966517806053161621e-01 1.806005835533142090e-01 1.006067916750907898e-01 4.599944055080413818e-01
9.267500042915344238e-01 5.605000257492065430e-01 7.387499809265136719e-01 5.847499966621398926e-01 2.142499983310699463e-01 8.977500200271606445e-01 8.821165561676025391e-01 5.875310897827148438e-01 5.994943976402282715e-01 8.079342246055603027e-01 2.005133926868438721e-01 5.259209871292114258e-01
9.717500209808349609e-01 4.051666557788848877e-01 5.222499966621398926e-01 3.925000131130218506e-02 8.522499799728393555e-01 3.812499940395355225e-01 9.237142801284790039e-01 4.637297987937927246e-01 5.600677728652954102e-01 1.802190691232681274e-01 8.042904734611511230e-01 3.596120178699493408e-01
7.542499899864196777e-01 3.474999964237213135e-01 3.587499856948852539e-01 9.447500109672546387e-01 5.562499761581420898e-01 1.267500072717666626e-01 7.643814086914062500e-01 3.777150213718414307e-01 7.047030329704284668e-01 6.479301452636718750e-01 5.525445938110351562e-01 5.107261538505554199e-01
1.027500033378601074e-01 2.708333432674407959e-01 8.597499728202819824e-01 4.527499973773956299e-01 1.377499997615814209e-01 5.487499833106994629e-01 1.091469675302505493e-01 3.521393835544586182e-01 7.259616255760192871e-01 5.375117063522338867e-01 8.354344964027404785e-02 5.685796141624450684e-01
2.222499996423721313e-01 4.771666526794433594e-01 2.792499959468841553e-01 1.087500005960464478e-01 6.925000250339508057e-02 8.072500228881835938e-01 1.999065428972244263e-01 2.806278467178344727e-01 1.905163079500198364e-01 1.283870637416839600e-01 7.615525275468826294e-02 7.707847952842712402e-01
9.582499861717224121e-01 1.938333362340927124e-01 8.025000244379043579e-02 7.732499837875366211e-01 1.267500072717666626e-01 6.717500090599060059e-01 7.991881370544433594e-01 4.244073033332824707e-01 5.096819400787353516e-01 5.092697739601135254e-01 1.040572151541709900e-01 5.822287797927856445e-01
6.957499980926513672e-01 5.568333268165588379e-01 4.162499904632568359e-01 4.847500026226043701e-01 3.607499897480010986e-01 6.847500205039978027e-01 6.345099210739135742e-01 6.386654973030090332e-01 4.608876109123229980e-01 6.347280740737915039e-01 3.470312952995300293e-01 4.813002943992614746e-01
4.587500095367431641e-01 2.568333446979522705e-01 9.592499732971191406e-01 4.637500047683715820e-01 6.875000149011611938e-02 1.912499964237213135e-01 5.241023302078247070e-01 1.997415423393249512e-01 8.094878196716308594e-01 4.156721532344818115e-01 6.554044038057327271e-02 4.751889705657958984e-01
7.225000113248825073e-02 1.951666623353958130e-01 1.992499977350234985e-01 8.827499747276306152e-01 2.042499929666519165e-01 3.525000065565109253e-02 1.752988100051879883e-01 4.903103411197662354e-01 6.056025028228759766e-01 4.705455899238586426e-01 5.966668576002120972e-02 4.885041117668151855e-01
7.252500057220458984e-01 3.481666743755340576e-01 4.492500126361846924e-01 9.687500000000000000e-01 5.232499837875366211e-01 3.397499918937683105e-01 7.259552478790283203e-01 3.460591733455657959e-01 5.092418789863586426e-01 8.219068050384521484e-01 5.343016982078552246e-01 5.817363262176513672e-01
3.602499961853027344e-01 6.794999837875366211e-01 8.562499880790710449e-01 3.162499964237213135e-01 1.302500069141387939e-01 1.832499951124191284e-01 3.858323097229003906e-01 5.381622910499572754e-01 6.706728935241699219e-01 3.362046182155609131e-01 1.286484301090240479e-01 3.233495056629180908e-01
8.232499957084655762e-01 3.281666636466979980e-01 9.452499747276306152e-01 8.452500104904174805e-01 5.227500200271606445e-01 4.075000062584877014e-02 9.172282218933105469e-01 2.442208677530288696e-01 9.107151031494140625e-01 6.937171816825866699e-01 5.459768176078796387e-01 3.695310652256011963e-01
5.727499723434448242e-01 2.328333407640457153e-01 8.092499971389770508e-01 9.422500133514404297e-01 5.987499952316284180e-01 3.937500119209289551e-01 5.433648824691772461e-01 3.905361294746398926e-01 7.949189543724060059e-01 9.561155438423156738e-01 6.043688058853149414e-01 5.095521211624145508e-01
1.007499992847442627e-01 6.228333115577697754e-01 6.022499799728393555e-01 4.002499878406524658e-01 9.957500100135803223e-01 4.082500040531158447e-01 9.966474771499633789e-02 6.346227526664733887e-01 5.984289050102233887e-01 4.476838111877441406e-01 9.720373153686523438e-01 5.809700489044189453e-01
1.762499958276748657e-01 4.575000107288360596e-01 6.597499847412109375e-01 9.252499938011169434e-01 3.027499914169311523e-01 2.522499859333038330e-01 2.019995898008346558e-01 4.653163254261016846e-01 7.818117737770080566e-01 8.777245283126831055e-01 3.660985529422760010e-01 3.430244028568267822e-01
7.377499938011169434e-01 4.045000076293945312e-01 8.127499818801879883e-01 1.827500015497207642e-01 4.677500128746032715e-01 6.637499928474426270e-01 7.052571773529052734e-01 3.390350043773651123e-01 6.752267479896545410e-01 3.025809526443481445e-01 4.663683176040649414e-01 4.189943075180053711e-01
3.725000098347663879e-02 5.254999995231628418e-01 2.232500016689300537e-01 1.432500034570693970e-01 9.137499928474426270e-01 2.962499856948852539e-01 5.951891839504241943e-02 6.994377374649047852e-01 3.030237257480621338e-01 4.305739104747772217e-01 8.554374575614929199e-01 5.989781618118286133e-01
4.657500088214874268e-01 3.991666734218597412e-01 2.107499986886978149e-01 6.637499928474426270e-01 7.362499833106994629e-01 6.617500185966491699e-01 4.515328407287597656e-01 5.297647714614868164e-01 2.933981120586395264e-01 6.734951138496398926e-01 6.615695953369140625e-01 5.558437108993530273e-01
8.222500085830688477e-01 7.455000281333923340e-01 4.272499978542327881e-01 2.237499952316284180e-01 5.832499861717224121e-01 7.667499780654907227e-01 7.872932553291320801e-01 6.598846912384033203e-01 1.909307688474655151e-01 3.297559022903442383e-01 5.738517045974731445e-01 5.043623447418212891e-01
5.257499814033508301e-01 4.395000040531158447e-01 5.252500176429748535e-01 6.337500214576721191e-01 7.857499718666076660e-01 4.867500066757202148e-01 5.302860736846923828e-01 4.946423470973968506e-01 4.914046823978424072e-01 7.422105073928833008e-01 7.657691836357116699e-01 5.225189328193664551e-01
7.107499837875366211e-01 7.034999728202819824e-01 1.622499972581863403e-01 3.932499885559082031e-01 8.592500090599060059e-01 7.437499761581420898e-01 6.646109223365783691e-01 6.769886016845703125e-01 1.693792641162872314e-01 4.081141352653503418e-01 8.151988983154296875e-01 5.206752419471740723e-01
8.152499794960021973e-01 5.684999823570251465e-01 5.137500166893005371e-01 2.647500038146972656e-01 5.474999919533729553e-02 6.662499904632568359e-01 7.311964035034179688e-01 3.753464818000793457e-01 5.442779064178466797e-01 2.477399706840515137e-01 6.099908798933029175e-02 4.993188083171844482e-01
4.352500140666961670e-01 7.478333115577697754e-01 9.607499837875366211e-01 1.527500003576278687e-01 8.702499866485595703e-01 8.702499866485595703e-01 3.803682327270507812e-01 5.989755988121032715e-01 5.256898403167724609e-01 2.432655543088912964e-01 8.519956469535827637e-01 3.866684436798095703e-01
4.072499871253967285e-01 4.851666688919067383e-01 7.867500185966491699e-01 6.262500286102294922e-01 6.147500276565551758e-01 8.087499737739562988e-01 4.007357060909271240e-01 3.626512885093688965e-01 6.085979342460632324e-01 7.011365890502929688e-01 6.110170483589172363e-01 5.657510161399841309e-01
4.975000023841857910e-02 3.664999902248382568e-01 9.502500295639038086e-01 1.697500050067901611e-01 4.602499902248382568e-01 4.077500104904174805e-01 3.437031432986259460e-02 2.796593010425567627e-01 8.844655156135559082e-01 2.594879567623138428e-01 5.010961890220642090e-01 3.437119424343109131e-01
3.332499861717224121e-01 3.658333420753479004e-01 1.697500050067901611e-01 8.832499980926513672e-01 2.002499997615814209e-01 9.547500014305114746e-01 3.214933872222900391e-01 3.923502266407012939e-01 1.831902563571929932e-01 7.937967181205749512e-01 1.811293214559555054e-01 5.986120104789733887e-01
5.207499861717224121e-01 3.765000104904174805e-01 4.152500033378601074e-01 1.977500021457672119e-01 1.824999973177909851e-02 2.592499852180480957e-01 5.776274800300598145e-01 4.224589169025421143e-01 4.903177320957183838e-01 1.014030724763870239e-01 2.447164058685302734e-02 4.686463177204132080e-01
9.987499713897705078e-01 7.208333611488342285e-01 6.867499947547912598e-01 4.892500042915344238e-01 2.117500007152557373e-01 5.787500143051147461e-01 9.140159487724304199e-01 4.046997427940368652e-01 7.378442287445068359e-01 4.606640636920928955e-01 2.218475043773651123e-01 4.571409523487091064e-01
9.762499928474426270e-01 8.278333544731140137e-01 3.112500011920928955e-01 8.892499804496765137e-01 4.957500100135803223e-01 9.822499752044677734e-01 9.438242316246032715e-01 7.229852080345153809e-01 7.667531073093414307e-02 9.165956377983093262e-01 5.063957571983337402e-01 6.002172231674194336e-01
4.774999991059303284e-02 4.958333373069763184e-01 2.412499934434890747e-01 4.702500104904174805e-01 4.222500026226043701e-01 9.807500243186950684e-01 4.445512592792510986e-02 7.055799365043640137e-01 5.293499827384948730e-01 5.415865182876586914e-01 3.679203093051910400e-01 3.936988711357116699e-01
2.667500078678131104e-01 7.311666607856750488e-01 7.667499780654907227e-01 8.824999630451202393e-02 7.012500166893005371e-01 8.267499804496765137e-01 3.159766793251037598e-01 4.950170218944549561e-01 2.794697582721710205e-01 1.788384616374969482e-01 7.310270071029663086e-01 6.457775235176086426e-01
5.732499957084655762e-01 1.781666725873947144e-01 8.057500123977661133e-01 7.517499923706054688e-01 6.052500009536743164e-01 9.925000369548797607e-02 5.553408265113830566e-01 3.148505687713623047e-01 8.001564145088195801e-01 8.029671907424926758e-01 5.902206897735595703e-01 4.588606655597686768e-01
5.212500095367431641e-01 7.791666388511657715e-01 6.137499809265136719e-01 9.574999660253524780e-02 8.462499976158142090e-01 6.507499814033508301e-01 5.154862999916076660e-01 6.378834247589111328e-01 2.920236885547637939e-01 2.596858143806457520e-01 8.377130627632141113e-01 4.513061046600341797e-01
7.652500271797180176e-01 6.721666455268859863e-01 6.037499904632568359e-01 3.197500109672546387e-01 9.775000065565109253e-02 4.587500095367431641e-01 8.241350054740905762e-01 5.413606762886047363e-01 4.739276766777038574e-01 2.941299676895141602e-01 9.043470770120620728e-02 4.702990651130676270e-01
2.107499986886978149e-01 4.338333308696746826e-01 2.397499978542327881e-01 3.512499928474426270e-01 2.249999903142452240e-03 5.382500290870666504e-01 2.317101657390594482e-01 4.441471397876739502e-01 2.402258813381195068e-01 3.790995776653289795e-01 2.007055841386318207e-02 5.507973432540893555e-01
8.077499866485595703e-01 5.491666793823242188e-01 4.475000128149986267e-02 8.362500071525573730e-01 4.632500112056732178e-01 5.297499895095825195e-01 8.454289436340332031e-01 6.112760901451110840e-01 9.661684185266494751e-02 8.545815348625183105e-01 4.668207466602325439e-01 6.646042466163635254e-01
5.942500233650207520e-01 5.958333611488342285e-01 6.492499709129333496e-01 5.622500181198120117e-01 5.737500190734863281e-01 9.137499928474426270e-01 5.823916792869567871e-01 5.598123073577880859e-01 3.797581791877746582e-01 6.932812333106994629e-01 5.593031644821166992e-01 5.469537973403930664e-01
9.922500252723693848e-01 6.644999980926513672e-01 9.942499995231628418e-01 5.032500028610229492e-01 7.682499885559082031e-01 4.577499926090240479e-01 9.761580228805541992e-01 5.772663950920104980e-01 7.587604522705078125e-01 7.004424333572387695e-01 7.400566935539245605e-01 3.844105899333953857e-01
1.527500003576278687e-01 2.441666722297668457e-01 8.162500262260437012e-01 6.327499747276306152e-01 4.337500035762786865e-01 9.812499880790710449e-01 1.244792491197586060e-01 2.752488255500793457e-01 7.302928566932678223e-01 5.954305529594421387e-01 4.561183750629425049e-01 7.125787138938903809e-01
3.397499918937683105e-01 2.241666615009307861e-01 5.417500138282775879e-01 1.532499939203262329e-01 6.732500195503234863e-01 7.787500023841857910e-01 3.721024394035339355e-01 3.471774160861968994e-01 5.505796074867248535e-01 1.171634942293167114e-01 6.371347308158874512e-01 4.997365772724151611e-01
1.252499967813491821e-01 7.141666412353515625e-01 1.222499981522560120e-01 2.327499985694885254e-01 3.852500021457672119e-01 9.437500238418579102e-01 9.177064150571823120e-02 6.868445873260498047e-01 1.551299989223480225e-01 1.477809548377990723e-01 3.780935406684875488e-01 7.511388659477233887e-01
5.477499961853027344e-01 7.661666870117187500e-01 6.027500033378601074e-01 2.867499887943267822e-01 2.442499995231628418e-01 8.137500286102294922e-01 5.925253629684448242e-01 4.060149490833282471e-01 3.052734732627868652e-01 2.042043358087539673e-01 2.860809266567230225e-01 5.699732899665832520e-01
9.782500267028808594e-01 5.001666545867919922e-01 4.197500050067901611e-01 9.702500104904174805e-01 8.332499861717224121e-01 1.172500029206275940e-01 9.499192833900451660e-01 5.260623693466186523e-01 7.518070936203002930e-01 8.032568693161010742e-01 8.219294548034667969e-01 4.706011116504669189e-01
1.607500016689300537e-01 8.054999709129333496e-01 4.432500004768371582e-01 7.797499895095825195e-01 8.952500224113464355e-01 8.762500286102294922e-01 1.217902973294258118e-01 7.068573236465454102e-01 1.954381316900253296e-01 6.115821003913879395e-01 9.835625290870666504e-01 5.743349194526672363e-01
6.917499899864196777e-01 5.488333106040954590e-01 6.017500162124633789e-01 7.982500195503234863e-01 5.982499718666076660e-01 1.182499974966049194e-01 6.772620081901550293e-01 6.508808732032775879e-01 6.907984614372253418e-01 8.250837922096252441e-01 5.540826320648193359e-01 3.896060585975646973e-01
9.087499976158142090e-01 4.654999971389770508e-01 2.862499952316284180e-01 4.687500000000000000e-01 1.025000028312206268e-02 9.422500133514404297e-01 7.422412633895874023e-01 4.606729745864868164e-01 2.939039170742034912e-01 5.560203790664672852e-01 2.917294204235076904e-02 5.644916892051696777e-01
1.507499963045120239e-01 3.618333339691162109e-01 5.177500247955322266e-01 4.472500085830688477e-01 8.912500143051147461e-01 6.272500157356262207e-01 1.214339137077331543e-01 4.236596226692199707e-01 6.422267556190490723e-01 2.792094051837921143e-01 8.360719084739685059e-01 6.677973270416259766e-01
1.274999976158142090e-02 6.728333234786987305e-01 7.197499871253967285e-01 3.997499942779541016e-01 9.022499918937683105e-01 8.477500081062316895e-01 1.517569762654602528e-04 7.722415328025817871e-01 7.449507713317871094e-02 1.472815778106451035e-02 9.672333598136901855e-01 9.966391324996948242e-01
8.912500143051147461e-01 2.248333394527435303e-01 6.912500262260437012e-01 7.262499928474426270e-01 3.757500052452087402e-01 4.524999856948852539e-02 8.910346031188964844e-01 2.434197217226028442e-01 9.108073115348815918e-01 5.942930579185485840e-01 3.887195289134979248e-01 3.475112020969390869e-01
7.749999873340129852e-03 7.351666688919067383e-01 2.025000005960464478e-02 5.227500200271606445e-01 8.917499780654907227e-01 2.747499942779541016e-01 7.136150263249874115e-03 8.335281610488891602e-01 7.443740218877792358e-02 6.834686994552612305e-01 8.774980902671813965e-01 7.634097337722778320e-01
6.022499799728393555e-01 4.354999959468841553e-01 4.072499871253967285e-01 8.924999833106994629e-02 6.072499752044677734e-01 7.987499833106994629e-01 4.860133528709411621e-01 6.265577673912048340e-01 5.002061724662780762e-01 2.672756016254425049e-01 5.536090731620788574e-01 3.259224891662597656e-01
3.552500009536743164e-01 2.738333344459533691e-01 6.372500061988830566e-01 2.812500000000000000e-01 6.182500123977661133e-01 8.322499990463256836e-01 2.915769815444946289e-01 4.435353875160217285e-01 7.228428125381469727e-01 3.040030300617218018e-01 5.989078879356384277e-01 2.842551767826080322e-01
3.012500107288360596e-01 5.791666507720947266e-01 9.987499713897705078e-01 7.772499918937683105e-01 9.097499847412109375e-01 6.457499861717224121e-01 2.953757941722869873e-01 5.348301529884338379e-01 7.161606550216674805e-01 9.478601813316345215e-01 9.441277384757995605e-01 5.046082139015197754e-01
4.642499983310699463e-01 6.504999995231628418e-01 7.724999636411666870e-02 1.382499933242797852e-01 3.424999862909317017e-02 4.792500138282775879e-01 4.963192343711853027e-01 7.064558267593383789e-01 7.157191634178161621e-02 1.940906643867492676e-01 3.226412460207939148e-02 6.654175519943237305e-01
9.052500128746032715e-01 5.145000219345092773e-01 6.942499876022338867e-01 9.052500128746032715e-01 7.917500138282775879e-01 3.722499907016754150e-01 8.840560317039489746e-01 3.742899000644683838e-01 8.463966846466064453e-01 7.859027981758117676e-01 7.630887031555175781e-01 4.244861900806427002e-01
6.347500085830688477e-01 8.151666522026062012e-01 4.397499859333038330e-01 9.425000101327896118e-02 3.167499899864196777e-01 1.732500046491622925e-01 6.411100029945373535e-01 5.297676324844360352e-01 3.010464310646057129e-01 1.695101261138916016e-01 3.306583464145660400e-01 4.606933295726776123e-01
6.487500071525573730e-01 3.084999918937683105e-01 3.547500073909759521e-01 3.147499859333038330e-01 9.857500195503234863e-01 2.787500023841857910e-01 6.879088878631591797e-01 3.766050636768341064e-01 5.808565020561218262e-01 2.453362643718719482e-01 9.270181059837341309e-01 4.800086915493011475e-01
7.587500214576721191e-01 4.331666529178619385e-01 9.425000101327896118e-02 4.825000092387199402e-02 3.267500102519989014e-01 5.812500119209289551e-01 6.892105340957641602e-01 5.299534797668457031e-01 1.572267711162567139e-01 1.128216832876205444e-01 3.134441375732421875e-01 5.266884565353393555e-01
8.407499790191650391e-01 7.831666469573974609e-01 3.862499892711639404e-01 5.992500185966491699e-01 2.162500023841857910e-01 9.627500176429748535e-01 8.293033242225646973e-01 5.983359813690185547e-01 3.238684237003326416e-01 5.477089285850524902e-01 2.597628533840179443e-01 5.458163022994995117e-01
5.152500271797180176e-01 7.164999842643737793e-01 3.492499887943267822e-01 1.302500069141387939e-01 8.257499933242797852e-01 4.752500057220458984e-01 5.034496784210205078e-01 5.852782130241394043e-01 1.628749370574951172e-01 3.330526947975158691e-01 8.409140706062316895e-01 6.124831438064575195e-01
7.202500104904174805e-01 6.158333420753479004e-01 8.752499818801879883e-01 2.617500126361846924e-01 8.577499985694885254e-01 9.327499866485595703e-01 6.245758533477783203e-01 6.053476929664611816e-01 4.228176772594451904e-01 7.287253737449645996e-01 8.055831789970397949e-01 4.933328330516815186e-01
8.282499909400939941e-01 4.258333444595336914e-01 1.137500032782554626e-01 5.457500219345092773e-01 8.397499918937683105e-01 8.867499828338623047e-01 7.058973908424377441e-01 5.321205854415893555e-01 2.531349658966064453e-01 6.295582652091979980e-01 7.954724431037902832e-01 5.658315420150756836e-01
9.037500023841857910e-01 5.021666884422302246e-01 5.557500123977661133e-01 5.442500114440917969e-01 2.875000052154064178e-02 1.624999940395355225e-02 9.078475236892700195e-01 5.931785702705383301e-01 6.113256216049194336e-01 6.393455862998962402e-01 3.035563789308071136e-02 4.994392693042755127e-01
1.137500032782554626e-01 5.531666874885559082e-01 5.192499756813049316e-01 6.107500195503234863e-01 4.497500061988830566e-01 1.307500004768371582e-01 1.590396612882614136e-01 5.863950252532958984e-01 6.627591848373413086e-01 5.237727761268615723e-01 4.597900211811065674e-01 3.510669171810150146e-01
4.177500009536743164e-01 2.985000014305114746e-01 5.225000157952308655e-02 1.597499996423721313e-01 1.342500001192092896e-01 8.802499771118164062e-01 4.001559913158416748e-01 3.753212094306945801e-01 9.294984489679336548e-02 1.142768561840057373e-01 1.121029108762741089e-01 7.586957216262817383e-01
1.187499985098838806e-01 1.931666731834411621e-01 8.492500185966491699e-01 3.547500073909759521e-01 7.542499899864196777e-01 9.062500000000000000e-01 5.002527683973312378e-02 2.409557402133941650e-01 8.566423654556274414e-01 6.858446002006530762e-01 7.348919510841369629e-01 6.868489384651184082e-01
9.722499847412109375e-01 3.248333334922790527e-01 2.592499852180480957e-01 2.402500063180923462e-01 3.212499916553497314e-01 4.472500085830688477e-01 7.791019082069396973e-01 3.830578625202178955e-01 6.209379434585571289e-01 1.867868900299072266e-01 3.289354741573333740e-01 3.468921184539794922e-01
2.182500064373016357e-01 7.971666455268859863e-01 9.012500047683715820e-01 6.072499752044677734e-01 8.025000244379043579e-02 2.967500090599060059e-01 2.489760965108871460e-01 6.818510890007019043e-01 5.923374891281127930e-01 6.814382672309875488e-01 1.027260422706604004e-01 3.537428379058837891e-01
8.667500019073486328e-01 3.905000090599060059e-01 5.757499933242797852e-01 2.332500070333480835e-01 8.822500109672546387e-01 1.675000041723251343e-02 9.560067057609558105e-01 5.353421568870544434e-01 5.028029680252075195e-01 2.717031538486480713e-01 8.155139684677124023e-01 3.321753144264221191e-01
5.832499861717224121e-01 7.581666707992553711e-01 3.057500123977661133e-01 4.574999958276748657e-02 3.452500104904174805e-01 5.272499918937683105e-01 5.974972248077392578e-01 7.009461522102355957e-01 1.407783925533294678e-01 9.917209297418594360e-02 3.509295284748077393e-01 4.200300872325897217e-01
1.292500048875808716e-01 4.621666669845581055e-01 6.482499837875366211e-01 7.567499876022338867e-01 7.047500014305114746e-01 2.357500046491622925e-01 1.288455277681350708e-01 5.357885956764221191e-01 7.653352022171020508e-01 7.101749777793884277e-01 6.812462210655212402e-01 2.926407456398010254e-01
1.975000090897083282e-02 3.288333415985107422e-01 2.749999985098838806e-03 4.957500100135803223e-01 6.202499866485595703e-01 6.527500152587890625e-01 1.693295314908027649e-02 7.775135636329650879e-01 1.229082196950912476e-01 5.769341588020324707e-01 3.763408064842224121e-01 6.359657645225524902e-01
5.737500190734863281e-01 7.641666531562805176e-01 9.137499928474426270e-01 3.697499930858612061e-01 6.392499804496765137e-01 5.187500119209289551e-01 5.810313224792480469e-01 5.110751986503601074e-01 5.879694819450378418e-01 4.402875304222106934e-01 6.731166839599609375e-01 4.420993030071258545e-01
7.402499914169311523e-01 6.218333244323730469e-01 2.012500017881393433e-01 2.672500014305114746e-01 5.972499847412109375e-01 8.507500290870666504e-01 7.428269982337951660e-01 4.431401789188385010e-01 1.307334303855895996e-01 1.936433613300323486e-01 5.822685360908508301e-01 5.877064466476440430e-01
4.087499976158142090e-01 3.868333399295806885e-01 8.482499718666076660e-01 3.972499966621398926e-01 4.197500050067901611e-01 7.022500038146972656e-01 4.190920293331146240e-01 3.130462467670440674e-01 6.329637765884399414e-01 4.999529123306274414e-01 4.372169077396392822e-01 5.427641868591308594e-01
8.627499938011169434e-01 6.955000162124633789e-01 5.442500114440917969e-01 2.282499969005584717e-01 9.697499871253967285e-01 5.677499771118164062e-01 8.548396229743957520e-01 5.832608938217163086e-01 2.231430113315582275e-01 5.326160192489624023e-01 9.598810672760009766e-01 4.583280682563781738e-01
2.302500009536743164e-01 3.368333280086517334e-01 3.277499973773956299e-01 2.857500016689300537e-01 1.967500001192092896e-01 9.677500128746032715e-01 1.808378994464874268e-01 3.053946197032928467e-01 4.650064110755920410e-01 1.548364758491516113e-01 1.756509840488433838e-01 6.658229827880859375e-01
